

================================================================
== Vivado HLS Report for 'conv_2d_cl_array_ap_ufixed_3u_array_ap_fixed_14_8_5_3_0_32u_config2_s'
================================================================
* Date:           Thu Jul 11 17:01:16 2024

* Version:        2020.1 (Build 2897737 on Wed May 27 20:21:37 MDT 2020)
* Project:        myproject_prj
* Solution:       solution1
* Product family: zynq
* Target device:  xc7z020-clg400-1


================================================================
== Performance Estimates
================================================================
+ Timing: 
    * Summary: 
    +--------+----------+----------+------------+
    |  Clock |  Target  | Estimated| Uncertainty|
    +--------+----------+----------+------------+
    |ap_clk  | 10.00 ns | 7.751 ns |   1.25 ns  |
    +--------+----------+----------+------------+

+ Latency: 
    * Summary: 
    +---------+---------+----------+----------+-------+--------+---------+
    |  Latency (cycles) |  Latency (absolute) |    Interval    | Pipeline|
    |   min   |   max   |    min   |    max   |  min  |   max  |   Type  |
    +---------+---------+----------+----------+-------+--------+---------+
    |    28672|   915456| 0.287 ms | 9.155 ms |  28672|  915456|   none  |
    +---------+---------+----------+----------+-------+--------+---------+

    + Detail: 
        * Instance: 
        N/A

        * Loop: 
        +----------------------------------+---------+---------+----------+-----------+-----------+------+----------+
        |                                  |  Latency (cycles) | Iteration|  Initiation Interval  | Trip |          |
        |             Loop Name            |   min   |   max   |  Latency |  achieved |   target  | Count| Pipelined|
        +----------------------------------+---------+---------+----------+-----------+-----------+------+----------+
        |- ReadInputHeight_ReadInputWidth  |    28671|   915455| 28 ~ 894 |          -|          -|  1024|    no    |
        | + LineBufferDataIn               |        9|        9|         3|          -|          -|     3|    no    |
        | + KernelShiftWidth               |        2|        2|         2|          1|          1|     2|    yes   |
        | + KernelPushChannel              |        3|        3|         1|          -|          -|     3|    no    |
        | + KernelPushChannel              |        3|        3|         1|          -|          -|     3|    no    |
        | + KernelPushChannel              |        3|        3|         1|          -|          -|     3|    no    |
        | + ReuseLoop                      |      865|      865|         3|          1|          1|   864|    yes   |
        +----------------------------------+---------+---------+----------+-----------+-----------+------+----------+

============================================================
+ Verbose Summary: Synthesis Manager
============================================================
InlineROM: 1
ExposeGlobal: 0
============================================================
+ Verbose Summary: CDFG Model
============================================================
IsTopModel: 0
ResetActiveHigh: 1
IsCombinational: 2
IsDatapathOnly: 0
HasWiredReturn: 1
HasMFsm: 0
HasVarLatency: 1
IsPipeline: 0
IsRtlPipelined: 0
IsInstanceOverlapped: 0
IsDontTouch: 0
HasImplIP: 0
IsGatedGlobalClock: 0

+ Individual pipeline summary: 
  * Pipeline-0: initiation interval (II) = 1, depth = 2
  * Pipeline-1: initiation interval (II) = 1, depth = 3


============================================================
+ Verbose Summary: Schedule
============================================================
* Number of FSM states : 15
* Pipeline : 2
  Pipeline-0 : II = 1, D = 2, States = { 6 7 }
  Pipeline-1 : II = 1, D = 3, States = { 12 13 14 }
* Dataflow Pipeline: 0

* FSM state transitions: 
1 --> 2 
2 --> 3 
3 --> 4 6 
4 --> 5 
5 --> 3 
6 --> 8 7 
7 --> 6 
8 --> 9 
9 --> 9 10 
10 --> 10 11 
11 --> 11 15 12 
12 --> 13 
13 --> 14 
14 --> 15 12 
15 --> 2 

* FSM state operations: 

State 1 <SV = 0> <Delay = 1.76>
ST_1 : Operation 16 [1/1] (0.00ns)   --->   "%shift_buffer_1_2_V = alloca i8"   --->   Operation 16 'alloca' 'shift_buffer_1_2_V' <Predicate = true> <Delay = 0.00>
ST_1 : Operation 17 [1/1] (0.00ns)   --->   "%shift_buffer_1_2_V_1 = alloca i8"   --->   Operation 17 'alloca' 'shift_buffer_1_2_V_1' <Predicate = true> <Delay = 0.00>
ST_1 : Operation 18 [1/1] (0.00ns)   --->   "%shift_buffer_1_2_V_2 = alloca i8"   --->   Operation 18 'alloca' 'shift_buffer_1_2_V_2' <Predicate = true> <Delay = 0.00>
ST_1 : Operation 19 [1/1] (0.00ns)   --->   "%shift_buffer_0_2_V = alloca i8"   --->   Operation 19 'alloca' 'shift_buffer_0_2_V' <Predicate = true> <Delay = 0.00>
ST_1 : Operation 20 [1/1] (0.00ns)   --->   "%shift_buffer_0_2_V_1 = alloca i8"   --->   Operation 20 'alloca' 'shift_buffer_0_2_V_1' <Predicate = true> <Delay = 0.00>
ST_1 : Operation 21 [1/1] (0.00ns)   --->   "%shift_buffer_0_2_V_2 = alloca i8"   --->   Operation 21 'alloca' 'shift_buffer_0_2_V_2' <Predicate = true> <Delay = 0.00>
ST_1 : Operation 22 [1/1] (0.00ns)   --->   "call void (...)* @_ssdm_op_SpecInterface(i14* %res_V_data_31_V, [8 x i8]* @ap_fifo_str, i32 0, i32 0, [1 x i8]* @p_str, i32 0, i32 0, [1 x i8]* @p_str, [1 x i8]* @p_str, [1 x i8]* @p_str, i32 2, i32 2, i32 16, i32 16, [1 x i8]* @p_str, [1 x i8]* @p_str)"   --->   Operation 22 'specinterface' <Predicate = true> <Delay = 0.00>
ST_1 : Operation 23 [1/1] (0.00ns)   --->   "call void (...)* @_ssdm_op_SpecInterface(i14* %res_V_data_30_V, [8 x i8]* @ap_fifo_str, i32 0, i32 0, [1 x i8]* @p_str, i32 0, i32 0, [1 x i8]* @p_str, [1 x i8]* @p_str, [1 x i8]* @p_str, i32 2, i32 2, i32 16, i32 16, [1 x i8]* @p_str, [1 x i8]* @p_str)"   --->   Operation 23 'specinterface' <Predicate = true> <Delay = 0.00>
ST_1 : Operation 24 [1/1] (0.00ns)   --->   "call void (...)* @_ssdm_op_SpecInterface(i14* %res_V_data_29_V, [8 x i8]* @ap_fifo_str, i32 0, i32 0, [1 x i8]* @p_str, i32 0, i32 0, [1 x i8]* @p_str, [1 x i8]* @p_str, [1 x i8]* @p_str, i32 2, i32 2, i32 16, i32 16, [1 x i8]* @p_str, [1 x i8]* @p_str)"   --->   Operation 24 'specinterface' <Predicate = true> <Delay = 0.00>
ST_1 : Operation 25 [1/1] (0.00ns)   --->   "call void (...)* @_ssdm_op_SpecInterface(i14* %res_V_data_28_V, [8 x i8]* @ap_fifo_str, i32 0, i32 0, [1 x i8]* @p_str, i32 0, i32 0, [1 x i8]* @p_str, [1 x i8]* @p_str, [1 x i8]* @p_str, i32 2, i32 2, i32 16, i32 16, [1 x i8]* @p_str, [1 x i8]* @p_str)"   --->   Operation 25 'specinterface' <Predicate = true> <Delay = 0.00>
ST_1 : Operation 26 [1/1] (0.00ns)   --->   "call void (...)* @_ssdm_op_SpecInterface(i14* %res_V_data_27_V, [8 x i8]* @ap_fifo_str, i32 0, i32 0, [1 x i8]* @p_str, i32 0, i32 0, [1 x i8]* @p_str, [1 x i8]* @p_str, [1 x i8]* @p_str, i32 2, i32 2, i32 16, i32 16, [1 x i8]* @p_str, [1 x i8]* @p_str)"   --->   Operation 26 'specinterface' <Predicate = true> <Delay = 0.00>
ST_1 : Operation 27 [1/1] (0.00ns)   --->   "call void (...)* @_ssdm_op_SpecInterface(i14* %res_V_data_26_V, [8 x i8]* @ap_fifo_str, i32 0, i32 0, [1 x i8]* @p_str, i32 0, i32 0, [1 x i8]* @p_str, [1 x i8]* @p_str, [1 x i8]* @p_str, i32 2, i32 2, i32 16, i32 16, [1 x i8]* @p_str, [1 x i8]* @p_str)"   --->   Operation 27 'specinterface' <Predicate = true> <Delay = 0.00>
ST_1 : Operation 28 [1/1] (0.00ns)   --->   "call void (...)* @_ssdm_op_SpecInterface(i14* %res_V_data_25_V, [8 x i8]* @ap_fifo_str, i32 0, i32 0, [1 x i8]* @p_str, i32 0, i32 0, [1 x i8]* @p_str, [1 x i8]* @p_str, [1 x i8]* @p_str, i32 2, i32 2, i32 16, i32 16, [1 x i8]* @p_str, [1 x i8]* @p_str)"   --->   Operation 28 'specinterface' <Predicate = true> <Delay = 0.00>
ST_1 : Operation 29 [1/1] (0.00ns)   --->   "call void (...)* @_ssdm_op_SpecInterface(i14* %res_V_data_24_V, [8 x i8]* @ap_fifo_str, i32 0, i32 0, [1 x i8]* @p_str, i32 0, i32 0, [1 x i8]* @p_str, [1 x i8]* @p_str, [1 x i8]* @p_str, i32 2, i32 2, i32 16, i32 16, [1 x i8]* @p_str, [1 x i8]* @p_str)"   --->   Operation 29 'specinterface' <Predicate = true> <Delay = 0.00>
ST_1 : Operation 30 [1/1] (0.00ns)   --->   "call void (...)* @_ssdm_op_SpecInterface(i14* %res_V_data_23_V, [8 x i8]* @ap_fifo_str, i32 0, i32 0, [1 x i8]* @p_str, i32 0, i32 0, [1 x i8]* @p_str, [1 x i8]* @p_str, [1 x i8]* @p_str, i32 2, i32 2, i32 16, i32 16, [1 x i8]* @p_str, [1 x i8]* @p_str)"   --->   Operation 30 'specinterface' <Predicate = true> <Delay = 0.00>
ST_1 : Operation 31 [1/1] (0.00ns)   --->   "call void (...)* @_ssdm_op_SpecInterface(i14* %res_V_data_22_V, [8 x i8]* @ap_fifo_str, i32 0, i32 0, [1 x i8]* @p_str, i32 0, i32 0, [1 x i8]* @p_str, [1 x i8]* @p_str, [1 x i8]* @p_str, i32 2, i32 2, i32 16, i32 16, [1 x i8]* @p_str, [1 x i8]* @p_str)"   --->   Operation 31 'specinterface' <Predicate = true> <Delay = 0.00>
ST_1 : Operation 32 [1/1] (0.00ns)   --->   "call void (...)* @_ssdm_op_SpecInterface(i14* %res_V_data_21_V, [8 x i8]* @ap_fifo_str, i32 0, i32 0, [1 x i8]* @p_str, i32 0, i32 0, [1 x i8]* @p_str, [1 x i8]* @p_str, [1 x i8]* @p_str, i32 2, i32 2, i32 16, i32 16, [1 x i8]* @p_str, [1 x i8]* @p_str)"   --->   Operation 32 'specinterface' <Predicate = true> <Delay = 0.00>
ST_1 : Operation 33 [1/1] (0.00ns)   --->   "call void (...)* @_ssdm_op_SpecInterface(i14* %res_V_data_20_V, [8 x i8]* @ap_fifo_str, i32 0, i32 0, [1 x i8]* @p_str, i32 0, i32 0, [1 x i8]* @p_str, [1 x i8]* @p_str, [1 x i8]* @p_str, i32 2, i32 2, i32 16, i32 16, [1 x i8]* @p_str, [1 x i8]* @p_str)"   --->   Operation 33 'specinterface' <Predicate = true> <Delay = 0.00>
ST_1 : Operation 34 [1/1] (0.00ns)   --->   "call void (...)* @_ssdm_op_SpecInterface(i14* %res_V_data_19_V, [8 x i8]* @ap_fifo_str, i32 0, i32 0, [1 x i8]* @p_str, i32 0, i32 0, [1 x i8]* @p_str, [1 x i8]* @p_str, [1 x i8]* @p_str, i32 2, i32 2, i32 16, i32 16, [1 x i8]* @p_str, [1 x i8]* @p_str)"   --->   Operation 34 'specinterface' <Predicate = true> <Delay = 0.00>
ST_1 : Operation 35 [1/1] (0.00ns)   --->   "call void (...)* @_ssdm_op_SpecInterface(i14* %res_V_data_18_V, [8 x i8]* @ap_fifo_str, i32 0, i32 0, [1 x i8]* @p_str, i32 0, i32 0, [1 x i8]* @p_str, [1 x i8]* @p_str, [1 x i8]* @p_str, i32 2, i32 2, i32 16, i32 16, [1 x i8]* @p_str, [1 x i8]* @p_str)"   --->   Operation 35 'specinterface' <Predicate = true> <Delay = 0.00>
ST_1 : Operation 36 [1/1] (0.00ns)   --->   "call void (...)* @_ssdm_op_SpecInterface(i14* %res_V_data_17_V, [8 x i8]* @ap_fifo_str, i32 0, i32 0, [1 x i8]* @p_str, i32 0, i32 0, [1 x i8]* @p_str, [1 x i8]* @p_str, [1 x i8]* @p_str, i32 2, i32 2, i32 16, i32 16, [1 x i8]* @p_str, [1 x i8]* @p_str)"   --->   Operation 36 'specinterface' <Predicate = true> <Delay = 0.00>
ST_1 : Operation 37 [1/1] (0.00ns)   --->   "call void (...)* @_ssdm_op_SpecInterface(i14* %res_V_data_16_V, [8 x i8]* @ap_fifo_str, i32 0, i32 0, [1 x i8]* @p_str, i32 0, i32 0, [1 x i8]* @p_str, [1 x i8]* @p_str, [1 x i8]* @p_str, i32 2, i32 2, i32 16, i32 16, [1 x i8]* @p_str, [1 x i8]* @p_str)"   --->   Operation 37 'specinterface' <Predicate = true> <Delay = 0.00>
ST_1 : Operation 38 [1/1] (0.00ns)   --->   "call void (...)* @_ssdm_op_SpecInterface(i14* %res_V_data_15_V, [8 x i8]* @ap_fifo_str, i32 0, i32 0, [1 x i8]* @p_str, i32 0, i32 0, [1 x i8]* @p_str, [1 x i8]* @p_str, [1 x i8]* @p_str, i32 2, i32 2, i32 16, i32 16, [1 x i8]* @p_str, [1 x i8]* @p_str)"   --->   Operation 38 'specinterface' <Predicate = true> <Delay = 0.00>
ST_1 : Operation 39 [1/1] (0.00ns)   --->   "call void (...)* @_ssdm_op_SpecInterface(i14* %res_V_data_14_V, [8 x i8]* @ap_fifo_str, i32 0, i32 0, [1 x i8]* @p_str, i32 0, i32 0, [1 x i8]* @p_str, [1 x i8]* @p_str, [1 x i8]* @p_str, i32 2, i32 2, i32 16, i32 16, [1 x i8]* @p_str, [1 x i8]* @p_str)"   --->   Operation 39 'specinterface' <Predicate = true> <Delay = 0.00>
ST_1 : Operation 40 [1/1] (0.00ns)   --->   "call void (...)* @_ssdm_op_SpecInterface(i14* %res_V_data_13_V, [8 x i8]* @ap_fifo_str, i32 0, i32 0, [1 x i8]* @p_str, i32 0, i32 0, [1 x i8]* @p_str, [1 x i8]* @p_str, [1 x i8]* @p_str, i32 2, i32 2, i32 16, i32 16, [1 x i8]* @p_str, [1 x i8]* @p_str)"   --->   Operation 40 'specinterface' <Predicate = true> <Delay = 0.00>
ST_1 : Operation 41 [1/1] (0.00ns)   --->   "call void (...)* @_ssdm_op_SpecInterface(i14* %res_V_data_12_V, [8 x i8]* @ap_fifo_str, i32 0, i32 0, [1 x i8]* @p_str, i32 0, i32 0, [1 x i8]* @p_str, [1 x i8]* @p_str, [1 x i8]* @p_str, i32 2, i32 2, i32 16, i32 16, [1 x i8]* @p_str, [1 x i8]* @p_str)"   --->   Operation 41 'specinterface' <Predicate = true> <Delay = 0.00>
ST_1 : Operation 42 [1/1] (0.00ns)   --->   "call void (...)* @_ssdm_op_SpecInterface(i14* %res_V_data_11_V, [8 x i8]* @ap_fifo_str, i32 0, i32 0, [1 x i8]* @p_str, i32 0, i32 0, [1 x i8]* @p_str, [1 x i8]* @p_str, [1 x i8]* @p_str, i32 2, i32 2, i32 16, i32 16, [1 x i8]* @p_str, [1 x i8]* @p_str)"   --->   Operation 42 'specinterface' <Predicate = true> <Delay = 0.00>
ST_1 : Operation 43 [1/1] (0.00ns)   --->   "call void (...)* @_ssdm_op_SpecInterface(i14* %res_V_data_10_V, [8 x i8]* @ap_fifo_str, i32 0, i32 0, [1 x i8]* @p_str, i32 0, i32 0, [1 x i8]* @p_str, [1 x i8]* @p_str, [1 x i8]* @p_str, i32 2, i32 2, i32 16, i32 16, [1 x i8]* @p_str, [1 x i8]* @p_str)"   --->   Operation 43 'specinterface' <Predicate = true> <Delay = 0.00>
ST_1 : Operation 44 [1/1] (0.00ns)   --->   "call void (...)* @_ssdm_op_SpecInterface(i14* %res_V_data_9_V, [8 x i8]* @ap_fifo_str, i32 0, i32 0, [1 x i8]* @p_str, i32 0, i32 0, [1 x i8]* @p_str, [1 x i8]* @p_str, [1 x i8]* @p_str, i32 2, i32 2, i32 16, i32 16, [1 x i8]* @p_str, [1 x i8]* @p_str)"   --->   Operation 44 'specinterface' <Predicate = true> <Delay = 0.00>
ST_1 : Operation 45 [1/1] (0.00ns)   --->   "call void (...)* @_ssdm_op_SpecInterface(i14* %res_V_data_8_V, [8 x i8]* @ap_fifo_str, i32 0, i32 0, [1 x i8]* @p_str, i32 0, i32 0, [1 x i8]* @p_str, [1 x i8]* @p_str, [1 x i8]* @p_str, i32 2, i32 2, i32 16, i32 16, [1 x i8]* @p_str, [1 x i8]* @p_str)"   --->   Operation 45 'specinterface' <Predicate = true> <Delay = 0.00>
ST_1 : Operation 46 [1/1] (0.00ns)   --->   "call void (...)* @_ssdm_op_SpecInterface(i14* %res_V_data_7_V, [8 x i8]* @ap_fifo_str, i32 0, i32 0, [1 x i8]* @p_str, i32 0, i32 0, [1 x i8]* @p_str, [1 x i8]* @p_str, [1 x i8]* @p_str, i32 2, i32 2, i32 16, i32 16, [1 x i8]* @p_str, [1 x i8]* @p_str)"   --->   Operation 46 'specinterface' <Predicate = true> <Delay = 0.00>
ST_1 : Operation 47 [1/1] (0.00ns)   --->   "call void (...)* @_ssdm_op_SpecInterface(i14* %res_V_data_6_V, [8 x i8]* @ap_fifo_str, i32 0, i32 0, [1 x i8]* @p_str, i32 0, i32 0, [1 x i8]* @p_str, [1 x i8]* @p_str, [1 x i8]* @p_str, i32 2, i32 2, i32 16, i32 16, [1 x i8]* @p_str, [1 x i8]* @p_str)"   --->   Operation 47 'specinterface' <Predicate = true> <Delay = 0.00>
ST_1 : Operation 48 [1/1] (0.00ns)   --->   "call void (...)* @_ssdm_op_SpecInterface(i14* %res_V_data_5_V, [8 x i8]* @ap_fifo_str, i32 0, i32 0, [1 x i8]* @p_str, i32 0, i32 0, [1 x i8]* @p_str, [1 x i8]* @p_str, [1 x i8]* @p_str, i32 2, i32 2, i32 16, i32 16, [1 x i8]* @p_str, [1 x i8]* @p_str)"   --->   Operation 48 'specinterface' <Predicate = true> <Delay = 0.00>
ST_1 : Operation 49 [1/1] (0.00ns)   --->   "call void (...)* @_ssdm_op_SpecInterface(i14* %res_V_data_4_V, [8 x i8]* @ap_fifo_str, i32 0, i32 0, [1 x i8]* @p_str, i32 0, i32 0, [1 x i8]* @p_str, [1 x i8]* @p_str, [1 x i8]* @p_str, i32 2, i32 2, i32 16, i32 16, [1 x i8]* @p_str, [1 x i8]* @p_str)"   --->   Operation 49 'specinterface' <Predicate = true> <Delay = 0.00>
ST_1 : Operation 50 [1/1] (0.00ns)   --->   "call void (...)* @_ssdm_op_SpecInterface(i14* %res_V_data_3_V, [8 x i8]* @ap_fifo_str, i32 0, i32 0, [1 x i8]* @p_str, i32 0, i32 0, [1 x i8]* @p_str, [1 x i8]* @p_str, [1 x i8]* @p_str, i32 2, i32 2, i32 16, i32 16, [1 x i8]* @p_str, [1 x i8]* @p_str)"   --->   Operation 50 'specinterface' <Predicate = true> <Delay = 0.00>
ST_1 : Operation 51 [1/1] (0.00ns)   --->   "call void (...)* @_ssdm_op_SpecInterface(i14* %res_V_data_2_V, [8 x i8]* @ap_fifo_str, i32 0, i32 0, [1 x i8]* @p_str, i32 0, i32 0, [1 x i8]* @p_str, [1 x i8]* @p_str, [1 x i8]* @p_str, i32 2, i32 2, i32 16, i32 16, [1 x i8]* @p_str, [1 x i8]* @p_str)"   --->   Operation 51 'specinterface' <Predicate = true> <Delay = 0.00>
ST_1 : Operation 52 [1/1] (0.00ns)   --->   "call void (...)* @_ssdm_op_SpecInterface(i14* %res_V_data_1_V, [8 x i8]* @ap_fifo_str, i32 0, i32 0, [1 x i8]* @p_str, i32 0, i32 0, [1 x i8]* @p_str, [1 x i8]* @p_str, [1 x i8]* @p_str, i32 2, i32 2, i32 16, i32 16, [1 x i8]* @p_str, [1 x i8]* @p_str)"   --->   Operation 52 'specinterface' <Predicate = true> <Delay = 0.00>
ST_1 : Operation 53 [1/1] (0.00ns)   --->   "call void (...)* @_ssdm_op_SpecInterface(i14* %res_V_data_0_V, [8 x i8]* @ap_fifo_str, i32 0, i32 0, [1 x i8]* @p_str, i32 0, i32 0, [1 x i8]* @p_str, [1 x i8]* @p_str, [1 x i8]* @p_str, i32 2, i32 2, i32 16, i32 16, [1 x i8]* @p_str, [1 x i8]* @p_str)"   --->   Operation 53 'specinterface' <Predicate = true> <Delay = 0.00>
ST_1 : Operation 54 [1/1] (0.00ns)   --->   "call void (...)* @_ssdm_op_SpecInterface(i8* %data_V_data_0_V, [8 x i8]* @ap_fifo_str, i32 0, i32 0, [1 x i8]* @p_str, i32 0, i32 0, [1 x i8]* @p_str, [1 x i8]* @p_str, [1 x i8]* @p_str, i32 2, i32 2, i32 16, i32 16, [1 x i8]* @p_str, [1 x i8]* @p_str)"   --->   Operation 54 'specinterface' <Predicate = true> <Delay = 0.00>
ST_1 : Operation 55 [1/1] (0.00ns)   --->   "call void (...)* @_ssdm_op_SpecInterface(i8* %data_V_data_1_V, [8 x i8]* @ap_fifo_str, i32 0, i32 0, [1 x i8]* @p_str, i32 0, i32 0, [1 x i8]* @p_str, [1 x i8]* @p_str, [1 x i8]* @p_str, i32 2, i32 2, i32 16, i32 16, [1 x i8]* @p_str, [1 x i8]* @p_str)"   --->   Operation 55 'specinterface' <Predicate = true> <Delay = 0.00>
ST_1 : Operation 56 [1/1] (0.00ns)   --->   "call void (...)* @_ssdm_op_SpecInterface(i8* %data_V_data_2_V, [8 x i8]* @ap_fifo_str, i32 0, i32 0, [1 x i8]* @p_str, i32 0, i32 0, [1 x i8]* @p_str, [1 x i8]* @p_str, [1 x i8]* @p_str, i32 2, i32 2, i32 16, i32 16, [1 x i8]* @p_str, [1 x i8]* @p_str)"   --->   Operation 56 'specinterface' <Predicate = true> <Delay = 0.00>
ST_1 : Operation 57 [1/1] (1.76ns)   --->   "br label %ReadInputWidth_begin"   --->   Operation 57 'br' <Predicate = true> <Delay = 1.76>

State 2 <SV = 1> <Delay = 3.63>
ST_2 : Operation 58 [1/1] (0.00ns)   --->   "%indvar_flatten166 = phi i10 [ 0, %codeRepl ], [ %add_ln79, %ReadInputWidth_end ]" [firmware/nnet_utils/nnet_conv2d_stream.h:79->firmware/nnet_utils/nnet_conv2d_stream.h:103]   --->   Operation 58 'phi' 'indvar_flatten166' <Predicate = true> <Delay = 0.00>
ST_2 : Operation 59 [1/1] (0.00ns)   --->   "call void (...)* @_ssdm_op_SpecLoopName([31 x i8]* @ReadInputHeight_ReadInputWidth_str)"   --->   Operation 59 'specloopname' <Predicate = true> <Delay = 0.00>
ST_2 : Operation 60 [1/1] (0.00ns)   --->   "%empty_338 = call i32 (...)* @_ssdm_op_SpecLoopTripCount(i64 1024, i64 1024, i64 1024)"   --->   Operation 60 'speclooptripcount' 'empty_338' <Predicate = true> <Delay = 0.00>
ST_2 : Operation 61 [1/1] (0.00ns)   --->   "call void (...)* @_ssdm_op_SpecLoopName([15 x i8]* @p_str40) nounwind" [firmware/nnet_utils/nnet_conv2d_stream.h:81->firmware/nnet_utils/nnet_conv2d_stream.h:103]   --->   Operation 61 'specloopname' <Predicate = true> <Delay = 0.00>
ST_2 : Operation 62 [1/1] (0.00ns)   --->   "%tmp_s = call i32 (...)* @_ssdm_op_SpecRegionBegin([15 x i8]* @p_str40)" [firmware/nnet_utils/nnet_conv2d_stream.h:81->firmware/nnet_utils/nnet_conv2d_stream.h:103]   --->   Operation 62 'specregionbegin' 'tmp_s' <Predicate = true> <Delay = 0.00>
ST_2 : Operation 63 [1/1] (3.63ns)   --->   "%empty_339 = call { i8, i8, i8 } @_ssdm_op_Read.ap_fifo.volatile.i8P.i8P.i8P(i8* %data_V_data_0_V, i8* %data_V_data_1_V, i8* %data_V_data_2_V)" [firmware/nnet_utils/nnet_conv2d_stream.h:87->firmware/nnet_utils/nnet_conv2d_stream.h:103]   --->   Operation 63 'read' 'empty_339' <Predicate = true> <Delay = 3.63> <Core = "FIFO">   --->   Core 32 'FIFO' <Latency = 0> <II = 1> <Delay = 3.63> <Storage> <Opcode : 'read' 'write' 'nbread' 'nbwrite'> <Ports = 0> <Width = 14> <Depth = 1> <FIFO>
ST_2 : Operation 64 [1/1] (0.00ns)   --->   "%tmp_data_0_V_1 = extractvalue { i8, i8, i8 } %empty_339, 0" [firmware/nnet_utils/nnet_conv2d_stream.h:87->firmware/nnet_utils/nnet_conv2d_stream.h:103]   --->   Operation 64 'extractvalue' 'tmp_data_0_V_1' <Predicate = true> <Delay = 0.00>
ST_2 : Operation 65 [1/1] (0.00ns)   --->   "%tmp_data_1_V_1 = extractvalue { i8, i8, i8 } %empty_339, 1" [firmware/nnet_utils/nnet_conv2d_stream.h:87->firmware/nnet_utils/nnet_conv2d_stream.h:103]   --->   Operation 65 'extractvalue' 'tmp_data_1_V_1' <Predicate = true> <Delay = 0.00>
ST_2 : Operation 66 [1/1] (0.00ns)   --->   "%tmp_data_2_V_1 = extractvalue { i8, i8, i8 } %empty_339, 2" [firmware/nnet_utils/nnet_conv2d_stream.h:87->firmware/nnet_utils/nnet_conv2d_stream.h:103]   --->   Operation 66 'extractvalue' 'tmp_data_2_V_1' <Predicate = true> <Delay = 0.00>
ST_2 : Operation 67 [1/1] (1.73ns)   --->   "%add_ln79 = add i10 %indvar_flatten166, 1" [firmware/nnet_utils/nnet_conv2d_stream.h:79->firmware/nnet_utils/nnet_conv2d_stream.h:103]   --->   Operation 67 'add' 'add_ln79' <Predicate = true> <Delay = 1.73> <Core = "AddSub">   --->   Core 14 'AddSub' <Latency = 0> <II = 1> <Delay = 2.55> <FuncUnit> <Opcode : 'add' 'sub'> <InPorts = 2> <OutPorts = 1>
ST_2 : Operation 68 [1/1] (1.76ns)   --->   "br label %.preheader.i.i.i" [firmware/nnet_utils/nnet_conv_stream.h:241->firmware/nnet_utils/nnet_conv_stream.h:286->firmware/nnet_utils/nnet_conv2d_stream.h:87->firmware/nnet_utils/nnet_conv2d_stream.h:103]   --->   Operation 68 'br' <Predicate = true> <Delay = 1.76>

State 3 <SV = 2> <Delay = 3.40>
ST_3 : Operation 69 [1/1] (0.00ns)   --->   "%i_ic4_0_i_i_i = phi i2 [ 0, %ReadInputWidth_begin ], [ %i_ic, %.preheader.i.i.i.backedge ]"   --->   Operation 69 'phi' 'i_ic4_0_i_i_i' <Predicate = true> <Delay = 0.00>
ST_3 : Operation 70 [1/1] (0.95ns)   --->   "%icmp_ln241 = icmp eq i2 %i_ic4_0_i_i_i, -1" [firmware/nnet_utils/nnet_conv_stream.h:241->firmware/nnet_utils/nnet_conv_stream.h:286->firmware/nnet_utils/nnet_conv2d_stream.h:87->firmware/nnet_utils/nnet_conv2d_stream.h:103]   --->   Operation 70 'icmp' 'icmp_ln241' <Predicate = true> <Delay = 0.95> <Core = "Cmp">   --->   Core 25 'Cmp' <Latency = 0> <II = 1> <Delay = 1.77> <FuncUnit> <Opcode : 'icmp'> <InPorts = 2> <OutPorts = 1>
ST_3 : Operation 71 [1/1] (0.00ns)   --->   "%empty = call i32 (...)* @_ssdm_op_SpecLoopTripCount(i64 3, i64 3, i64 3)"   --->   Operation 71 'speclooptripcount' 'empty' <Predicate = true> <Delay = 0.00>
ST_3 : Operation 72 [1/1] (1.56ns)   --->   "%i_ic = add i2 %i_ic4_0_i_i_i, 1" [firmware/nnet_utils/nnet_conv_stream.h:241->firmware/nnet_utils/nnet_conv_stream.h:286->firmware/nnet_utils/nnet_conv2d_stream.h:87->firmware/nnet_utils/nnet_conv2d_stream.h:103]   --->   Operation 72 'add' 'i_ic' <Predicate = true> <Delay = 1.56> <Core = "AddSub">   --->   Core 14 'AddSub' <Latency = 0> <II = 1> <Delay = 2.55> <FuncUnit> <Opcode : 'add' 'sub'> <InPorts = 2> <OutPorts = 1>
ST_3 : Operation 73 [1/1] (0.00ns)   --->   "br i1 %icmp_ln241, label %.preheader1.preheader, label %0" [firmware/nnet_utils/nnet_conv_stream.h:241->firmware/nnet_utils/nnet_conv_stream.h:286->firmware/nnet_utils/nnet_conv2d_stream.h:87->firmware/nnet_utils/nnet_conv2d_stream.h:103]   --->   Operation 73 'br' <Predicate = true> <Delay = 0.00>
ST_3 : Operation 74 [1/1] (0.00ns)   --->   "call void (...)* @_ssdm_op_SpecLoopName([17 x i8]* @p_str44) nounwind" [firmware/nnet_utils/nnet_conv_stream.h:241->firmware/nnet_utils/nnet_conv_stream.h:286->firmware/nnet_utils/nnet_conv2d_stream.h:87->firmware/nnet_utils/nnet_conv2d_stream.h:103]   --->   Operation 74 'specloopname' <Predicate = (!icmp_ln241)> <Delay = 0.00>
ST_3 : Operation 75 [1/1] (1.77ns)   --->   "%DataIn_V_assign = call i8 @_ssdm_op_Mux.ap_auto.3i8.i2(i8 %tmp_data_0_V_1, i8 %tmp_data_1_V_1, i8 %tmp_data_2_V_1, i2 %i_ic4_0_i_i_i)" [firmware/nnet_utils/nnet_conv_stream.h:246->firmware/nnet_utils/nnet_conv_stream.h:286->firmware/nnet_utils/nnet_conv2d_stream.h:87->firmware/nnet_utils/nnet_conv2d_stream.h:103]   --->   Operation 75 'mux' 'DataIn_V_assign' <Predicate = (!icmp_ln241)> <Delay = 1.77> <Core = "MuxnS">   --->   Core 31 'MuxnS' <Latency = 0> <II = 1> <Delay = 1.77> <FuncUnit> <Opcode : 'mux'> <InPorts = 2> <OutPorts = 1>
ST_3 : Operation 76 [1/1] (1.13ns)   --->   "switch i2 %i_ic4_0_i_i_i, label %branch601 [
    i2 0, label %branch599
    i2 1, label %branch600
  ]" [firmware/nnet_utils/nnet_conv_stream.h:246->firmware/nnet_utils/nnet_conv_stream.h:286->firmware/nnet_utils/nnet_conv2d_stream.h:87->firmware/nnet_utils/nnet_conv2d_stream.h:103]   --->   Operation 76 'switch' <Predicate = (!icmp_ln241)> <Delay = 1.13>
ST_3 : Operation 77 [1/1] (1.62ns)   --->   "%DataOut_V_2 = call i8 @"_ssdm_op_MemShiftRead.[32 x i8]P"(i8* getelementptr inbounds ([32 x i8]* @line_buffer_Array_V_2_0_1, i64 0, i64 31), i8 %DataIn_V_assign, i1 true)" [firmware/nnet_utils/nnet_conv_stream.h:246->firmware/nnet_utils/nnet_conv_stream.h:286->firmware/nnet_utils/nnet_conv2d_stream.h:87->firmware/nnet_utils/nnet_conv2d_stream.h:103]   --->   Operation 77 'memshiftread' 'DataOut_V_2' <Predicate = (!icmp_ln241 & i_ic4_0_i_i_i == 1)> <Delay = 1.62> <Core = "ShiftReg">   --->   Core 33 'ShiftReg' <Latency = 0> <II = 1> <Delay = 1.62> <Storage> <Opcode : 'memshiftread' 'load'> <Ports = 1> <Width = 8> <Depth = 32> <ShiftMem>
ST_3 : Operation 78 [1/1] (1.81ns)   --->   "br label %1" [firmware/nnet_utils/nnet_conv_stream.h:246->firmware/nnet_utils/nnet_conv_stream.h:286->firmware/nnet_utils/nnet_conv2d_stream.h:87->firmware/nnet_utils/nnet_conv2d_stream.h:103]   --->   Operation 78 'br' <Predicate = (!icmp_ln241 & i_ic4_0_i_i_i == 1)> <Delay = 1.81>
ST_3 : Operation 79 [1/1] (1.62ns)   --->   "%DataOut_V_1 = call i8 @"_ssdm_op_MemShiftRead.[32 x i8]P"(i8* getelementptr inbounds ([32 x i8]* @line_buffer_Array_V_2_0_0, i64 0, i64 31), i8 %DataIn_V_assign, i1 true)" [firmware/nnet_utils/nnet_conv_stream.h:246->firmware/nnet_utils/nnet_conv_stream.h:286->firmware/nnet_utils/nnet_conv2d_stream.h:87->firmware/nnet_utils/nnet_conv2d_stream.h:103]   --->   Operation 79 'memshiftread' 'DataOut_V_1' <Predicate = (!icmp_ln241 & i_ic4_0_i_i_i == 0)> <Delay = 1.62> <Core = "ShiftReg">   --->   Core 33 'ShiftReg' <Latency = 0> <II = 1> <Delay = 1.62> <Storage> <Opcode : 'memshiftread' 'load'> <Ports = 1> <Width = 8> <Depth = 32> <ShiftMem>
ST_3 : Operation 80 [1/1] (1.81ns)   --->   "br label %1" [firmware/nnet_utils/nnet_conv_stream.h:246->firmware/nnet_utils/nnet_conv_stream.h:286->firmware/nnet_utils/nnet_conv2d_stream.h:87->firmware/nnet_utils/nnet_conv2d_stream.h:103]   --->   Operation 80 'br' <Predicate = (!icmp_ln241 & i_ic4_0_i_i_i == 0)> <Delay = 1.81>
ST_3 : Operation 81 [1/1] (1.62ns)   --->   "%DataOut_V = call i8 @"_ssdm_op_MemShiftRead.[32 x i8]P"(i8* getelementptr inbounds ([32 x i8]* @line_buffer_Array_V_2_0_2, i64 0, i64 31), i8 %DataIn_V_assign, i1 true)" [firmware/nnet_utils/nnet_conv_stream.h:246->firmware/nnet_utils/nnet_conv_stream.h:286->firmware/nnet_utils/nnet_conv2d_stream.h:87->firmware/nnet_utils/nnet_conv2d_stream.h:103]   --->   Operation 81 'memshiftread' 'DataOut_V' <Predicate = (!icmp_ln241 & i_ic4_0_i_i_i != 0 & i_ic4_0_i_i_i != 1)> <Delay = 1.62> <Core = "ShiftReg">   --->   Core 33 'ShiftReg' <Latency = 0> <II = 1> <Delay = 1.62> <Storage> <Opcode : 'memshiftread' 'load'> <Ports = 1> <Width = 8> <Depth = 32> <ShiftMem>
ST_3 : Operation 82 [1/1] (1.81ns)   --->   "br label %1" [firmware/nnet_utils/nnet_conv_stream.h:246->firmware/nnet_utils/nnet_conv_stream.h:286->firmware/nnet_utils/nnet_conv2d_stream.h:87->firmware/nnet_utils/nnet_conv2d_stream.h:103]   --->   Operation 82 'br' <Predicate = (!icmp_ln241 & i_ic4_0_i_i_i != 0 & i_ic4_0_i_i_i != 1)> <Delay = 1.81>
ST_3 : Operation 83 [1/1] (0.00ns)   --->   "%kernel_data_V_2_7_load = load i8* @kernel_data_V_2_7, align 1" [firmware/nnet_utils/nnet_conv_stream.h:201->firmware/nnet_utils/nnet_conv_stream.h:252->firmware/nnet_utils/nnet_conv_stream.h:286->firmware/nnet_utils/nnet_conv2d_stream.h:87->firmware/nnet_utils/nnet_conv2d_stream.h:103]   --->   Operation 83 'load' 'kernel_data_V_2_7_load' <Predicate = (icmp_ln241)> <Delay = 0.00>
ST_3 : Operation 84 [1/1] (0.00ns)   --->   "%kernel_data_V_2_8_load = load i8* @kernel_data_V_2_8, align 1" [firmware/nnet_utils/nnet_conv_stream.h:201->firmware/nnet_utils/nnet_conv_stream.h:252->firmware/nnet_utils/nnet_conv_stream.h:286->firmware/nnet_utils/nnet_conv2d_stream.h:87->firmware/nnet_utils/nnet_conv2d_stream.h:103]   --->   Operation 84 'load' 'kernel_data_V_2_8_load' <Predicate = (icmp_ln241)> <Delay = 0.00>
ST_3 : Operation 85 [1/1] (0.00ns)   --->   "%kernel_data_V_2_16_load = load i8* @kernel_data_V_2_16, align 1" [firmware/nnet_utils/nnet_conv_stream.h:201->firmware/nnet_utils/nnet_conv_stream.h:252->firmware/nnet_utils/nnet_conv_stream.h:286->firmware/nnet_utils/nnet_conv2d_stream.h:87->firmware/nnet_utils/nnet_conv2d_stream.h:103]   --->   Operation 85 'load' 'kernel_data_V_2_16_load' <Predicate = (icmp_ln241)> <Delay = 0.00>
ST_3 : Operation 86 [1/1] (0.00ns)   --->   "%kernel_data_V_2_17_load = load i8* @kernel_data_V_2_17, align 1" [firmware/nnet_utils/nnet_conv_stream.h:201->firmware/nnet_utils/nnet_conv_stream.h:252->firmware/nnet_utils/nnet_conv_stream.h:286->firmware/nnet_utils/nnet_conv2d_stream.h:87->firmware/nnet_utils/nnet_conv2d_stream.h:103]   --->   Operation 86 'load' 'kernel_data_V_2_17_load' <Predicate = (icmp_ln241)> <Delay = 0.00>
ST_3 : Operation 87 [1/1] (0.00ns)   --->   "%kernel_data_V_2_25_load = load i8* @kernel_data_V_2_25, align 1" [firmware/nnet_utils/nnet_conv_stream.h:201->firmware/nnet_utils/nnet_conv_stream.h:252->firmware/nnet_utils/nnet_conv_stream.h:286->firmware/nnet_utils/nnet_conv2d_stream.h:87->firmware/nnet_utils/nnet_conv2d_stream.h:103]   --->   Operation 87 'load' 'kernel_data_V_2_25_load' <Predicate = (icmp_ln241)> <Delay = 0.00>
ST_3 : Operation 88 [1/1] (0.00ns)   --->   "%kernel_data_V_2_26_load = load i8* @kernel_data_V_2_26, align 1" [firmware/nnet_utils/nnet_conv_stream.h:201->firmware/nnet_utils/nnet_conv_stream.h:252->firmware/nnet_utils/nnet_conv_stream.h:286->firmware/nnet_utils/nnet_conv2d_stream.h:87->firmware/nnet_utils/nnet_conv2d_stream.h:103]   --->   Operation 88 'load' 'kernel_data_V_2_26_load' <Predicate = (icmp_ln241)> <Delay = 0.00>
ST_3 : Operation 89 [1/1] (0.00ns)   --->   "%kernel_data_V_2_15_load = load i8* @kernel_data_V_2_15, align 1" [firmware/nnet_utils/nnet_conv_stream.h:201->firmware/nnet_utils/nnet_conv_stream.h:252->firmware/nnet_utils/nnet_conv_stream.h:286->firmware/nnet_utils/nnet_conv2d_stream.h:87->firmware/nnet_utils/nnet_conv2d_stream.h:103]   --->   Operation 89 'load' 'kernel_data_V_2_15_load' <Predicate = (icmp_ln241)> <Delay = 0.00>
ST_3 : Operation 90 [1/1] (1.76ns)   --->   "br label %.preheader1" [firmware/nnet_utils/nnet_conv_stream.h:194->firmware/nnet_utils/nnet_conv_stream.h:252->firmware/nnet_utils/nnet_conv_stream.h:286->firmware/nnet_utils/nnet_conv2d_stream.h:87->firmware/nnet_utils/nnet_conv2d_stream.h:103]   --->   Operation 90 'br' <Predicate = (icmp_ln241)> <Delay = 1.76>

State 4 <SV = 3> <Delay = 1.81>
ST_4 : Operation 91 [1/1] (0.00ns)   --->   "%shift_buffer_1_0_V = phi i8 [ %DataOut_V, %branch601 ], [ %DataOut_V_2, %branch600 ], [ %DataOut_V_1, %branch599 ]"   --->   Operation 91 'phi' 'shift_buffer_1_0_V' <Predicate = true> <Delay = 0.00>
ST_4 : Operation 92 [1/1] (1.13ns)   --->   "switch i2 %i_ic4_0_i_i_i, label %branch610 [
    i2 0, label %.branch608_crit_edge
    i2 1, label %branch609
  ]" [firmware/nnet_utils/nnet_conv_stream.h:248->firmware/nnet_utils/nnet_conv_stream.h:286->firmware/nnet_utils/nnet_conv2d_stream.h:87->firmware/nnet_utils/nnet_conv2d_stream.h:103]   --->   Operation 92 'switch' <Predicate = true> <Delay = 1.13>
ST_4 : Operation 93 [1/1] (0.00ns)   --->   "store i8 %shift_buffer_1_0_V, i8* %shift_buffer_1_2_V_1" [firmware/nnet_utils/nnet_conv_stream.h:248->firmware/nnet_utils/nnet_conv_stream.h:286->firmware/nnet_utils/nnet_conv2d_stream.h:87->firmware/nnet_utils/nnet_conv2d_stream.h:103]   --->   Operation 93 'store' <Predicate = (i_ic4_0_i_i_i == 1)> <Delay = 0.00>
ST_4 : Operation 94 [1/1] (0.00ns)   --->   "br label %branch608" [firmware/nnet_utils/nnet_conv_stream.h:248->firmware/nnet_utils/nnet_conv_stream.h:286->firmware/nnet_utils/nnet_conv2d_stream.h:87->firmware/nnet_utils/nnet_conv2d_stream.h:103]   --->   Operation 94 'br' <Predicate = (i_ic4_0_i_i_i == 1)> <Delay = 0.00>
ST_4 : Operation 95 [1/1] (0.00ns)   --->   "store i8 %shift_buffer_1_0_V, i8* %shift_buffer_1_2_V_2" [firmware/nnet_utils/nnet_conv_stream.h:248->firmware/nnet_utils/nnet_conv_stream.h:286->firmware/nnet_utils/nnet_conv2d_stream.h:87->firmware/nnet_utils/nnet_conv2d_stream.h:103]   --->   Operation 95 'store' <Predicate = (i_ic4_0_i_i_i == 0)> <Delay = 0.00>
ST_4 : Operation 96 [1/1] (0.00ns)   --->   "br label %branch608" [firmware/nnet_utils/nnet_conv_stream.h:248->firmware/nnet_utils/nnet_conv_stream.h:286->firmware/nnet_utils/nnet_conv2d_stream.h:87->firmware/nnet_utils/nnet_conv2d_stream.h:103]   --->   Operation 96 'br' <Predicate = (i_ic4_0_i_i_i == 0)> <Delay = 0.00>
ST_4 : Operation 97 [1/1] (0.00ns)   --->   "store i8 %shift_buffer_1_0_V, i8* %shift_buffer_1_2_V" [firmware/nnet_utils/nnet_conv_stream.h:248->firmware/nnet_utils/nnet_conv_stream.h:286->firmware/nnet_utils/nnet_conv2d_stream.h:87->firmware/nnet_utils/nnet_conv2d_stream.h:103]   --->   Operation 97 'store' <Predicate = (i_ic4_0_i_i_i != 0 & i_ic4_0_i_i_i != 1)> <Delay = 0.00>
ST_4 : Operation 98 [1/1] (0.00ns)   --->   "br label %branch608" [firmware/nnet_utils/nnet_conv_stream.h:248->firmware/nnet_utils/nnet_conv_stream.h:286->firmware/nnet_utils/nnet_conv2d_stream.h:87->firmware/nnet_utils/nnet_conv2d_stream.h:103]   --->   Operation 98 'br' <Predicate = (i_ic4_0_i_i_i != 0 & i_ic4_0_i_i_i != 1)> <Delay = 0.00>
ST_4 : Operation 99 [1/1] (1.13ns)   --->   "switch i2 %i_ic4_0_i_i_i, label %branch604 [
    i2 0, label %branch602
    i2 1, label %branch603
  ]" [firmware/nnet_utils/nnet_conv_stream.h:246->firmware/nnet_utils/nnet_conv_stream.h:286->firmware/nnet_utils/nnet_conv2d_stream.h:87->firmware/nnet_utils/nnet_conv2d_stream.h:103]   --->   Operation 99 'switch' <Predicate = true> <Delay = 1.13>
ST_4 : Operation 100 [1/1] (1.62ns)   --->   "%DataOut_V_5 = call i8 @"_ssdm_op_MemShiftRead.[32 x i8]P"(i8* getelementptr inbounds ([32 x i8]* @line_buffer_Array_V_2_1_1, i64 0, i64 31), i8 %shift_buffer_1_0_V, i1 true)" [firmware/nnet_utils/nnet_conv_stream.h:246->firmware/nnet_utils/nnet_conv_stream.h:286->firmware/nnet_utils/nnet_conv2d_stream.h:87->firmware/nnet_utils/nnet_conv2d_stream.h:103]   --->   Operation 100 'memshiftread' 'DataOut_V_5' <Predicate = (i_ic4_0_i_i_i == 1)> <Delay = 1.62> <Core = "ShiftReg">   --->   Core 33 'ShiftReg' <Latency = 0> <II = 1> <Delay = 1.62> <Storage> <Opcode : 'memshiftread' 'load'> <Ports = 1> <Width = 8> <Depth = 32> <ShiftMem>
ST_4 : Operation 101 [1/1] (1.81ns)   --->   "br label %2" [firmware/nnet_utils/nnet_conv_stream.h:246->firmware/nnet_utils/nnet_conv_stream.h:286->firmware/nnet_utils/nnet_conv2d_stream.h:87->firmware/nnet_utils/nnet_conv2d_stream.h:103]   --->   Operation 101 'br' <Predicate = (i_ic4_0_i_i_i == 1)> <Delay = 1.81>
ST_4 : Operation 102 [1/1] (1.62ns)   --->   "%DataOut_V_4 = call i8 @"_ssdm_op_MemShiftRead.[32 x i8]P"(i8* getelementptr inbounds ([32 x i8]* @line_buffer_Array_V_2_1_0, i64 0, i64 31), i8 %shift_buffer_1_0_V, i1 true)" [firmware/nnet_utils/nnet_conv_stream.h:246->firmware/nnet_utils/nnet_conv_stream.h:286->firmware/nnet_utils/nnet_conv2d_stream.h:87->firmware/nnet_utils/nnet_conv2d_stream.h:103]   --->   Operation 102 'memshiftread' 'DataOut_V_4' <Predicate = (i_ic4_0_i_i_i == 0)> <Delay = 1.62> <Core = "ShiftReg">   --->   Core 33 'ShiftReg' <Latency = 0> <II = 1> <Delay = 1.62> <Storage> <Opcode : 'memshiftread' 'load'> <Ports = 1> <Width = 8> <Depth = 32> <ShiftMem>
ST_4 : Operation 103 [1/1] (1.81ns)   --->   "br label %2" [firmware/nnet_utils/nnet_conv_stream.h:246->firmware/nnet_utils/nnet_conv_stream.h:286->firmware/nnet_utils/nnet_conv2d_stream.h:87->firmware/nnet_utils/nnet_conv2d_stream.h:103]   --->   Operation 103 'br' <Predicate = (i_ic4_0_i_i_i == 0)> <Delay = 1.81>
ST_4 : Operation 104 [1/1] (1.62ns)   --->   "%DataOut_V_3 = call i8 @"_ssdm_op_MemShiftRead.[32 x i8]P"(i8* getelementptr inbounds ([32 x i8]* @line_buffer_Array_V_2_1_2, i64 0, i64 31), i8 %shift_buffer_1_0_V, i1 true)" [firmware/nnet_utils/nnet_conv_stream.h:246->firmware/nnet_utils/nnet_conv_stream.h:286->firmware/nnet_utils/nnet_conv2d_stream.h:87->firmware/nnet_utils/nnet_conv2d_stream.h:103]   --->   Operation 104 'memshiftread' 'DataOut_V_3' <Predicate = (i_ic4_0_i_i_i != 0 & i_ic4_0_i_i_i != 1)> <Delay = 1.62> <Core = "ShiftReg">   --->   Core 33 'ShiftReg' <Latency = 0> <II = 1> <Delay = 1.62> <Storage> <Opcode : 'memshiftread' 'load'> <Ports = 1> <Width = 8> <Depth = 32> <ShiftMem>
ST_4 : Operation 105 [1/1] (1.81ns)   --->   "br label %2" [firmware/nnet_utils/nnet_conv_stream.h:246->firmware/nnet_utils/nnet_conv_stream.h:286->firmware/nnet_utils/nnet_conv2d_stream.h:87->firmware/nnet_utils/nnet_conv2d_stream.h:103]   --->   Operation 105 'br' <Predicate = (i_ic4_0_i_i_i != 0 & i_ic4_0_i_i_i != 1)> <Delay = 1.81>

State 5 <SV = 4> <Delay = 1.13>
ST_5 : Operation 106 [1/1] (0.00ns)   --->   "%shift_buffer_0_0_V = phi i8 [ %DataOut_V_3, %branch604 ], [ %DataOut_V_5, %branch603 ], [ %DataOut_V_4, %branch602 ]"   --->   Operation 106 'phi' 'shift_buffer_0_0_V' <Predicate = true> <Delay = 0.00>
ST_5 : Operation 107 [1/1] (1.13ns)   --->   "switch i2 %i_ic4_0_i_i_i, label %branch607 [
    i2 0, label %..preheader.i.i.i.backedge_crit_edge
    i2 1, label %branch606
  ]" [firmware/nnet_utils/nnet_conv_stream.h:248->firmware/nnet_utils/nnet_conv_stream.h:286->firmware/nnet_utils/nnet_conv2d_stream.h:87->firmware/nnet_utils/nnet_conv2d_stream.h:103]   --->   Operation 107 'switch' <Predicate = true> <Delay = 1.13>
ST_5 : Operation 108 [1/1] (0.00ns)   --->   "store i8 %shift_buffer_0_0_V, i8* %shift_buffer_0_2_V_1" [firmware/nnet_utils/nnet_conv_stream.h:248->firmware/nnet_utils/nnet_conv_stream.h:286->firmware/nnet_utils/nnet_conv2d_stream.h:87->firmware/nnet_utils/nnet_conv2d_stream.h:103]   --->   Operation 108 'store' <Predicate = (i_ic4_0_i_i_i == 1)> <Delay = 0.00>
ST_5 : Operation 109 [1/1] (0.00ns)   --->   "br label %.preheader.i.i.i.backedge" [firmware/nnet_utils/nnet_conv_stream.h:248->firmware/nnet_utils/nnet_conv_stream.h:286->firmware/nnet_utils/nnet_conv2d_stream.h:87->firmware/nnet_utils/nnet_conv2d_stream.h:103]   --->   Operation 109 'br' <Predicate = (i_ic4_0_i_i_i == 1)> <Delay = 0.00>
ST_5 : Operation 110 [1/1] (0.00ns)   --->   "store i8 %shift_buffer_0_0_V, i8* %shift_buffer_0_2_V_2" [firmware/nnet_utils/nnet_conv_stream.h:248->firmware/nnet_utils/nnet_conv_stream.h:286->firmware/nnet_utils/nnet_conv2d_stream.h:87->firmware/nnet_utils/nnet_conv2d_stream.h:103]   --->   Operation 110 'store' <Predicate = (i_ic4_0_i_i_i == 0)> <Delay = 0.00>
ST_5 : Operation 111 [1/1] (0.00ns)   --->   "br label %.preheader.i.i.i.backedge" [firmware/nnet_utils/nnet_conv_stream.h:248->firmware/nnet_utils/nnet_conv_stream.h:286->firmware/nnet_utils/nnet_conv2d_stream.h:87->firmware/nnet_utils/nnet_conv2d_stream.h:103]   --->   Operation 111 'br' <Predicate = (i_ic4_0_i_i_i == 0)> <Delay = 0.00>
ST_5 : Operation 112 [1/1] (0.00ns)   --->   "store i8 %shift_buffer_0_0_V, i8* %shift_buffer_0_2_V" [firmware/nnet_utils/nnet_conv_stream.h:248->firmware/nnet_utils/nnet_conv_stream.h:286->firmware/nnet_utils/nnet_conv2d_stream.h:87->firmware/nnet_utils/nnet_conv2d_stream.h:103]   --->   Operation 112 'store' <Predicate = (i_ic4_0_i_i_i != 0 & i_ic4_0_i_i_i != 1)> <Delay = 0.00>
ST_5 : Operation 113 [1/1] (0.00ns)   --->   "br label %.preheader.i.i.i.backedge" [firmware/nnet_utils/nnet_conv_stream.h:248->firmware/nnet_utils/nnet_conv_stream.h:286->firmware/nnet_utils/nnet_conv2d_stream.h:87->firmware/nnet_utils/nnet_conv2d_stream.h:103]   --->   Operation 113 'br' <Predicate = (i_ic4_0_i_i_i != 0 & i_ic4_0_i_i_i != 1)> <Delay = 0.00>
ST_5 : Operation 114 [1/1] (0.00ns)   --->   "br label %.preheader.i.i.i"   --->   Operation 114 'br' <Predicate = true> <Delay = 0.00>

State 6 <SV = 3> <Delay = 4.14>
ST_6 : Operation 115 [1/1] (0.00ns)   --->   "%i_iw_0_i_i_i_i = phi i2 [ %i_iw, %KernelShiftWidth_end ], [ 0, %.preheader1.preheader ]"   --->   Operation 115 'phi' 'i_iw_0_i_i_i_i' <Predicate = true> <Delay = 0.00>
ST_6 : Operation 116 [1/1] (0.95ns)   --->   "%icmp_ln194 = icmp eq i2 %i_iw_0_i_i_i_i, -2" [firmware/nnet_utils/nnet_conv_stream.h:194->firmware/nnet_utils/nnet_conv_stream.h:252->firmware/nnet_utils/nnet_conv_stream.h:286->firmware/nnet_utils/nnet_conv2d_stream.h:87->firmware/nnet_utils/nnet_conv2d_stream.h:103]   --->   Operation 116 'icmp' 'icmp_ln194' <Predicate = true> <Delay = 0.95> <Core = "Cmp">   --->   Core 25 'Cmp' <Latency = 0> <II = 1> <Delay = 1.77> <FuncUnit> <Opcode : 'icmp'> <InPorts = 2> <OutPorts = 1>
ST_6 : Operation 117 [1/1] (0.00ns)   --->   "%empty_326 = call i32 (...)* @_ssdm_op_SpecLoopTripCount(i64 2, i64 2, i64 2)"   --->   Operation 117 'speclooptripcount' 'empty_326' <Predicate = true> <Delay = 0.00>
ST_6 : Operation 118 [1/1] (1.56ns)   --->   "%i_iw = add i2 %i_iw_0_i_i_i_i, 1" [firmware/nnet_utils/nnet_conv_stream.h:194->firmware/nnet_utils/nnet_conv_stream.h:252->firmware/nnet_utils/nnet_conv_stream.h:286->firmware/nnet_utils/nnet_conv2d_stream.h:87->firmware/nnet_utils/nnet_conv2d_stream.h:103]   --->   Operation 118 'add' 'i_iw' <Predicate = true> <Delay = 1.56> <Core = "AddSub">   --->   Core 14 'AddSub' <Latency = 0> <II = 1> <Delay = 2.55> <FuncUnit> <Opcode : 'add' 'sub'> <InPorts = 2> <OutPorts = 1>
ST_6 : Operation 119 [1/1] (0.00ns)   --->   "br i1 %icmp_ln194, label %KernelPushHeight_begin, label %KernelShiftWidth_begin" [firmware/nnet_utils/nnet_conv_stream.h:194->firmware/nnet_utils/nnet_conv_stream.h:252->firmware/nnet_utils/nnet_conv_stream.h:286->firmware/nnet_utils/nnet_conv2d_stream.h:87->firmware/nnet_utils/nnet_conv2d_stream.h:103]   --->   Operation 119 'br' <Predicate = true> <Delay = 0.00>
ST_6 : Operation 120 [1/1] (0.00ns)   --->   "%zext_ln194 = zext i2 %i_iw_0_i_i_i_i to i4" [firmware/nnet_utils/nnet_conv_stream.h:194->firmware/nnet_utils/nnet_conv_stream.h:252->firmware/nnet_utils/nnet_conv_stream.h:286->firmware/nnet_utils/nnet_conv2d_stream.h:87->firmware/nnet_utils/nnet_conv2d_stream.h:103]   --->   Operation 120 'zext' 'zext_ln194' <Predicate = (!icmp_ln194)> <Delay = 0.00>
ST_6 : Operation 121 [1/1] (0.00ns)   --->   "%zext_ln194_1 = zext i2 %i_iw_0_i_i_i_i to i3" [firmware/nnet_utils/nnet_conv_stream.h:194->firmware/nnet_utils/nnet_conv_stream.h:252->firmware/nnet_utils/nnet_conv_stream.h:286->firmware/nnet_utils/nnet_conv2d_stream.h:87->firmware/nnet_utils/nnet_conv2d_stream.h:103]   --->   Operation 121 'zext' 'zext_ln194_1' <Predicate = (!icmp_ln194)> <Delay = 0.00>
ST_6 : Operation 122 [1/1] (0.00ns)   --->   "call void (...)* @_ssdm_op_SpecLoopName([17 x i8]* @p_str46) nounwind" [firmware/nnet_utils/nnet_conv_stream.h:194->firmware/nnet_utils/nnet_conv_stream.h:252->firmware/nnet_utils/nnet_conv_stream.h:286->firmware/nnet_utils/nnet_conv2d_stream.h:87->firmware/nnet_utils/nnet_conv2d_stream.h:103]   --->   Operation 122 'specloopname' <Predicate = (!icmp_ln194)> <Delay = 0.00>
ST_6 : Operation 123 [1/1] (0.00ns)   --->   "%tmp_2 = call i32 (...)* @_ssdm_op_SpecRegionBegin([17 x i8]* @p_str46)" [firmware/nnet_utils/nnet_conv_stream.h:194->firmware/nnet_utils/nnet_conv_stream.h:252->firmware/nnet_utils/nnet_conv_stream.h:286->firmware/nnet_utils/nnet_conv2d_stream.h:87->firmware/nnet_utils/nnet_conv2d_stream.h:103]   --->   Operation 123 'specregionbegin' 'tmp_2' <Predicate = (!icmp_ln194)> <Delay = 0.00>
ST_6 : Operation 124 [1/1] (0.00ns)   --->   "call void (...)* @_ssdm_op_SpecPipeline(i32 1, i32 1, i32 1, i32 0, [1 x i8]* @p_str13) nounwind" [firmware/nnet_utils/nnet_conv_stream.h:195->firmware/nnet_utils/nnet_conv_stream.h:252->firmware/nnet_utils/nnet_conv_stream.h:286->firmware/nnet_utils/nnet_conv2d_stream.h:87->firmware/nnet_utils/nnet_conv2d_stream.h:103]   --->   Operation 124 'specpipeline' <Predicate = (!icmp_ln194)> <Delay = 0.00>
ST_6 : Operation 125 [1/1] (0.00ns)   --->   "%trunc_ln201 = trunc i2 %i_iw_0_i_i_i_i to i1" [firmware/nnet_utils/nnet_conv_stream.h:201->firmware/nnet_utils/nnet_conv_stream.h:252->firmware/nnet_utils/nnet_conv_stream.h:286->firmware/nnet_utils/nnet_conv2d_stream.h:87->firmware/nnet_utils/nnet_conv2d_stream.h:103]   --->   Operation 125 'trunc' 'trunc_ln201' <Predicate = (!icmp_ln194)> <Delay = 0.00>
ST_6 : Operation 126 [1/1] (0.00ns)   --->   "%shl_ln = call i3 @_ssdm_op_BitConcatenate.i3.i1.i2(i1 %trunc_ln201, i2 0)" [firmware/nnet_utils/nnet_conv_stream.h:201->firmware/nnet_utils/nnet_conv_stream.h:252->firmware/nnet_utils/nnet_conv_stream.h:286->firmware/nnet_utils/nnet_conv2d_stream.h:87->firmware/nnet_utils/nnet_conv2d_stream.h:103]   --->   Operation 126 'bitconcatenate' 'shl_ln' <Predicate = (!icmp_ln194)> <Delay = 0.00>
ST_6 : Operation 127 [1/1] (0.00ns)   --->   "%zext_ln201 = zext i3 %shl_ln to i4" [firmware/nnet_utils/nnet_conv_stream.h:201->firmware/nnet_utils/nnet_conv_stream.h:252->firmware/nnet_utils/nnet_conv_stream.h:286->firmware/nnet_utils/nnet_conv2d_stream.h:87->firmware/nnet_utils/nnet_conv2d_stream.h:103]   --->   Operation 127 'zext' 'zext_ln201' <Predicate = (!icmp_ln194)> <Delay = 0.00>
ST_6 : Operation 128 [1/1] (1.65ns)   --->   "%sub_ln201 = sub i4 %zext_ln201, %zext_ln194" [firmware/nnet_utils/nnet_conv_stream.h:201->firmware/nnet_utils/nnet_conv_stream.h:252->firmware/nnet_utils/nnet_conv_stream.h:286->firmware/nnet_utils/nnet_conv2d_stream.h:87->firmware/nnet_utils/nnet_conv2d_stream.h:103]   --->   Operation 128 'sub' 'sub_ln201' <Predicate = (!icmp_ln194)> <Delay = 1.65> <Core = "AddSub">   --->   Core 14 'AddSub' <Latency = 0> <II = 1> <Delay = 2.55> <FuncUnit> <Opcode : 'add' 'sub'> <InPorts = 2> <OutPorts = 1>
ST_6 : Operation 129 [1/1] (1.13ns)   --->   "%icmp_ln356 = icmp eq i3 %shl_ln, %zext_ln194_1" [firmware/nnet_utils/nnet_conv_stream.h:201->firmware/nnet_utils/nnet_conv_stream.h:252->firmware/nnet_utils/nnet_conv_stream.h:286->firmware/nnet_utils/nnet_conv2d_stream.h:87->firmware/nnet_utils/nnet_conv2d_stream.h:103]   --->   Operation 129 'icmp' 'icmp_ln356' <Predicate = (!icmp_ln194)> <Delay = 1.13> <Core = "Cmp">   --->   Core 25 'Cmp' <Latency = 0> <II = 1> <Delay = 1.77> <FuncUnit> <Opcode : 'icmp'> <InPorts = 2> <OutPorts = 1>
ST_6 : Operation 130 [1/1] (0.00ns)   --->   "%kernel_data_V_2_3_load = load i8* @kernel_data_V_2_3, align 1" [firmware/nnet_utils/nnet_conv_stream.h:201->firmware/nnet_utils/nnet_conv_stream.h:252->firmware/nnet_utils/nnet_conv_stream.h:286->firmware/nnet_utils/nnet_conv2d_stream.h:87->firmware/nnet_utils/nnet_conv2d_stream.h:103]   --->   Operation 130 'load' 'kernel_data_V_2_3_load' <Predicate = (!icmp_ln194)> <Delay = 0.00>
ST_6 : Operation 131 [1/1] (0.00ns)   --->   "%kernel_data_V_2_6_load = load i8* @kernel_data_V_2_6, align 1" [firmware/nnet_utils/nnet_conv_stream.h:201->firmware/nnet_utils/nnet_conv_stream.h:252->firmware/nnet_utils/nnet_conv_stream.h:286->firmware/nnet_utils/nnet_conv2d_stream.h:87->firmware/nnet_utils/nnet_conv2d_stream.h:103]   --->   Operation 131 'load' 'kernel_data_V_2_6_load' <Predicate = (!icmp_ln194)> <Delay = 0.00>
ST_6 : Operation 132 [1/1] (1.24ns)   --->   "%select_ln356 = select i1 %icmp_ln356, i8 %kernel_data_V_2_3_load, i8 %kernel_data_V_2_6_load" [firmware/nnet_utils/nnet_conv_stream.h:201->firmware/nnet_utils/nnet_conv_stream.h:252->firmware/nnet_utils/nnet_conv_stream.h:286->firmware/nnet_utils/nnet_conv2d_stream.h:87->firmware/nnet_utils/nnet_conv2d_stream.h:103]   --->   Operation 132 'select' 'select_ln356' <Predicate = (!icmp_ln194)> <Delay = 1.24> <Core = "Sel">   --->   Core 26 'Sel' <Latency = 0> <II = 1> <Delay = 0.69> <FuncUnit> <Opcode : 'select'> <InPorts = 3> <OutPorts = 1>
ST_6 : Operation 133 [1/1] (1.30ns)   --->   "switch i4 %sub_ln201, label %branch537 [
    i4 0, label %branch513
    i4 3, label %branch516
    i4 6, label %branch519
  ]" [firmware/nnet_utils/nnet_conv_stream.h:201->firmware/nnet_utils/nnet_conv_stream.h:252->firmware/nnet_utils/nnet_conv_stream.h:286->firmware/nnet_utils/nnet_conv2d_stream.h:87->firmware/nnet_utils/nnet_conv2d_stream.h:103]   --->   Operation 133 'switch' <Predicate = (!icmp_ln194)> <Delay = 1.30>
ST_6 : Operation 134 [1/1] (1.76ns)   --->   "store i8 %select_ln356, i8* @kernel_data_V_2_6, align 1" [firmware/nnet_utils/nnet_conv_stream.h:201->firmware/nnet_utils/nnet_conv_stream.h:252->firmware/nnet_utils/nnet_conv_stream.h:286->firmware/nnet_utils/nnet_conv2d_stream.h:87->firmware/nnet_utils/nnet_conv2d_stream.h:103]   --->   Operation 134 'store' <Predicate = (!icmp_ln194 & sub_ln201 == 6)> <Delay = 1.76>
ST_6 : Operation 135 [1/1] (0.00ns)   --->   "br label %3" [firmware/nnet_utils/nnet_conv_stream.h:201->firmware/nnet_utils/nnet_conv_stream.h:252->firmware/nnet_utils/nnet_conv_stream.h:286->firmware/nnet_utils/nnet_conv2d_stream.h:87->firmware/nnet_utils/nnet_conv2d_stream.h:103]   --->   Operation 135 'br' <Predicate = (!icmp_ln194 & sub_ln201 == 6)> <Delay = 0.00>
ST_6 : Operation 136 [1/1] (0.00ns)   --->   "store i8 %select_ln356, i8* @kernel_data_V_2_3, align 1" [firmware/nnet_utils/nnet_conv_stream.h:201->firmware/nnet_utils/nnet_conv_stream.h:252->firmware/nnet_utils/nnet_conv_stream.h:286->firmware/nnet_utils/nnet_conv2d_stream.h:87->firmware/nnet_utils/nnet_conv2d_stream.h:103]   --->   Operation 136 'store' <Predicate = (!icmp_ln194 & sub_ln201 == 3)> <Delay = 0.00>
ST_6 : Operation 137 [1/1] (0.00ns)   --->   "br label %3" [firmware/nnet_utils/nnet_conv_stream.h:201->firmware/nnet_utils/nnet_conv_stream.h:252->firmware/nnet_utils/nnet_conv_stream.h:286->firmware/nnet_utils/nnet_conv2d_stream.h:87->firmware/nnet_utils/nnet_conv2d_stream.h:103]   --->   Operation 137 'br' <Predicate = (!icmp_ln194 & sub_ln201 == 3)> <Delay = 0.00>
ST_6 : Operation 138 [1/1] (0.00ns)   --->   "store i8 %select_ln356, i8* @kernel_data_V_2_0, align 1" [firmware/nnet_utils/nnet_conv_stream.h:201->firmware/nnet_utils/nnet_conv_stream.h:252->firmware/nnet_utils/nnet_conv_stream.h:286->firmware/nnet_utils/nnet_conv2d_stream.h:87->firmware/nnet_utils/nnet_conv2d_stream.h:103]   --->   Operation 138 'store' <Predicate = (!icmp_ln194 & sub_ln201 == 0)> <Delay = 0.00>
ST_6 : Operation 139 [1/1] (0.00ns)   --->   "br label %3" [firmware/nnet_utils/nnet_conv_stream.h:201->firmware/nnet_utils/nnet_conv_stream.h:252->firmware/nnet_utils/nnet_conv_stream.h:286->firmware/nnet_utils/nnet_conv2d_stream.h:87->firmware/nnet_utils/nnet_conv2d_stream.h:103]   --->   Operation 139 'br' <Predicate = (!icmp_ln194 & sub_ln201 == 0)> <Delay = 0.00>
ST_6 : Operation 140 [1/1] (1.76ns)   --->   "store i8 %select_ln356, i8* @kernel_data_V_2_24, align 1" [firmware/nnet_utils/nnet_conv_stream.h:201->firmware/nnet_utils/nnet_conv_stream.h:252->firmware/nnet_utils/nnet_conv_stream.h:286->firmware/nnet_utils/nnet_conv2d_stream.h:87->firmware/nnet_utils/nnet_conv2d_stream.h:103]   --->   Operation 140 'store' <Predicate = (!icmp_ln194 & sub_ln201 != 0 & sub_ln201 != 3 & sub_ln201 != 6)> <Delay = 1.76>
ST_6 : Operation 141 [1/1] (0.00ns)   --->   "br label %3" [firmware/nnet_utils/nnet_conv_stream.h:201->firmware/nnet_utils/nnet_conv_stream.h:252->firmware/nnet_utils/nnet_conv_stream.h:286->firmware/nnet_utils/nnet_conv2d_stream.h:87->firmware/nnet_utils/nnet_conv2d_stream.h:103]   --->   Operation 141 'br' <Predicate = (!icmp_ln194 & sub_ln201 != 0 & sub_ln201 != 3 & sub_ln201 != 6)> <Delay = 0.00>
ST_6 : Operation 142 [1/1] (0.00ns)   --->   "%kernel_data_V_2_4_load = load i8* @kernel_data_V_2_4, align 1" [firmware/nnet_utils/nnet_conv_stream.h:201->firmware/nnet_utils/nnet_conv_stream.h:252->firmware/nnet_utils/nnet_conv_stream.h:286->firmware/nnet_utils/nnet_conv2d_stream.h:87->firmware/nnet_utils/nnet_conv2d_stream.h:103]   --->   Operation 142 'load' 'kernel_data_V_2_4_load' <Predicate = (!icmp_ln194)> <Delay = 0.00>
ST_6 : Operation 143 [1/1] (1.24ns)   --->   "%select_ln356_1 = select i1 %icmp_ln356, i8 %kernel_data_V_2_4_load, i8 %kernel_data_V_2_7_load" [firmware/nnet_utils/nnet_conv_stream.h:201->firmware/nnet_utils/nnet_conv_stream.h:252->firmware/nnet_utils/nnet_conv_stream.h:286->firmware/nnet_utils/nnet_conv2d_stream.h:87->firmware/nnet_utils/nnet_conv2d_stream.h:103]   --->   Operation 143 'select' 'select_ln356_1' <Predicate = (!icmp_ln194)> <Delay = 1.24> <Core = "Sel">   --->   Core 26 'Sel' <Latency = 0> <II = 1> <Delay = 0.69> <FuncUnit> <Opcode : 'select'> <InPorts = 3> <OutPorts = 1>
ST_6 : Operation 144 [1/1] (0.00ns)   --->   "br i1 %icmp_ln356, label %branch460, label %branch463" [firmware/nnet_utils/nnet_conv_stream.h:201->firmware/nnet_utils/nnet_conv_stream.h:252->firmware/nnet_utils/nnet_conv_stream.h:286->firmware/nnet_utils/nnet_conv2d_stream.h:87->firmware/nnet_utils/nnet_conv2d_stream.h:103]   --->   Operation 144 'br' <Predicate = (!icmp_ln194)> <Delay = 0.00>
ST_6 : Operation 145 [1/1] (0.00ns)   --->   "store i8 %select_ln356_1, i8* @kernel_data_V_2_4, align 1" [firmware/nnet_utils/nnet_conv_stream.h:201->firmware/nnet_utils/nnet_conv_stream.h:252->firmware/nnet_utils/nnet_conv_stream.h:286->firmware/nnet_utils/nnet_conv2d_stream.h:87->firmware/nnet_utils/nnet_conv2d_stream.h:103]   --->   Operation 145 'store' <Predicate = (!icmp_ln194 & !icmp_ln356)> <Delay = 0.00>
ST_6 : Operation 146 [1/1] (0.00ns)   --->   "br label %4" [firmware/nnet_utils/nnet_conv_stream.h:201->firmware/nnet_utils/nnet_conv_stream.h:252->firmware/nnet_utils/nnet_conv_stream.h:286->firmware/nnet_utils/nnet_conv2d_stream.h:87->firmware/nnet_utils/nnet_conv2d_stream.h:103]   --->   Operation 146 'br' <Predicate = (!icmp_ln194 & !icmp_ln356)> <Delay = 0.00>
ST_6 : Operation 147 [1/1] (0.00ns)   --->   "store i8 %select_ln356_1, i8* @kernel_data_V_2_1, align 1" [firmware/nnet_utils/nnet_conv_stream.h:201->firmware/nnet_utils/nnet_conv_stream.h:252->firmware/nnet_utils/nnet_conv_stream.h:286->firmware/nnet_utils/nnet_conv2d_stream.h:87->firmware/nnet_utils/nnet_conv2d_stream.h:103]   --->   Operation 147 'store' <Predicate = (!icmp_ln194 & icmp_ln356)> <Delay = 0.00>
ST_6 : Operation 148 [1/1] (0.00ns)   --->   "br label %4" [firmware/nnet_utils/nnet_conv_stream.h:201->firmware/nnet_utils/nnet_conv_stream.h:252->firmware/nnet_utils/nnet_conv_stream.h:286->firmware/nnet_utils/nnet_conv2d_stream.h:87->firmware/nnet_utils/nnet_conv2d_stream.h:103]   --->   Operation 148 'br' <Predicate = (!icmp_ln194 & icmp_ln356)> <Delay = 0.00>
ST_6 : Operation 149 [1/1] (0.00ns)   --->   "%kernel_data_V_2_5_load = load i8* @kernel_data_V_2_5, align 1" [firmware/nnet_utils/nnet_conv_stream.h:201->firmware/nnet_utils/nnet_conv_stream.h:252->firmware/nnet_utils/nnet_conv_stream.h:286->firmware/nnet_utils/nnet_conv2d_stream.h:87->firmware/nnet_utils/nnet_conv2d_stream.h:103]   --->   Operation 149 'load' 'kernel_data_V_2_5_load' <Predicate = (!icmp_ln194)> <Delay = 0.00>
ST_6 : Operation 150 [1/1] (1.24ns)   --->   "%select_ln356_2 = select i1 %icmp_ln356, i8 %kernel_data_V_2_5_load, i8 %kernel_data_V_2_8_load" [firmware/nnet_utils/nnet_conv_stream.h:201->firmware/nnet_utils/nnet_conv_stream.h:252->firmware/nnet_utils/nnet_conv_stream.h:286->firmware/nnet_utils/nnet_conv2d_stream.h:87->firmware/nnet_utils/nnet_conv2d_stream.h:103]   --->   Operation 150 'select' 'select_ln356_2' <Predicate = (!icmp_ln194)> <Delay = 1.24> <Core = "Sel">   --->   Core 26 'Sel' <Latency = 0> <II = 1> <Delay = 0.69> <FuncUnit> <Opcode : 'select'> <InPorts = 3> <OutPorts = 1>
ST_6 : Operation 151 [1/1] (0.00ns)   --->   "br i1 %icmp_ln356, label %branch407, label %branch410" [firmware/nnet_utils/nnet_conv_stream.h:201->firmware/nnet_utils/nnet_conv_stream.h:252->firmware/nnet_utils/nnet_conv_stream.h:286->firmware/nnet_utils/nnet_conv2d_stream.h:87->firmware/nnet_utils/nnet_conv2d_stream.h:103]   --->   Operation 151 'br' <Predicate = (!icmp_ln194)> <Delay = 0.00>
ST_6 : Operation 152 [1/1] (0.00ns)   --->   "store i8 %select_ln356_2, i8* @kernel_data_V_2_5, align 1" [firmware/nnet_utils/nnet_conv_stream.h:201->firmware/nnet_utils/nnet_conv_stream.h:252->firmware/nnet_utils/nnet_conv_stream.h:286->firmware/nnet_utils/nnet_conv2d_stream.h:87->firmware/nnet_utils/nnet_conv2d_stream.h:103]   --->   Operation 152 'store' <Predicate = (!icmp_ln194 & !icmp_ln356)> <Delay = 0.00>
ST_6 : Operation 153 [1/1] (0.00ns)   --->   "br label %5" [firmware/nnet_utils/nnet_conv_stream.h:201->firmware/nnet_utils/nnet_conv_stream.h:252->firmware/nnet_utils/nnet_conv_stream.h:286->firmware/nnet_utils/nnet_conv2d_stream.h:87->firmware/nnet_utils/nnet_conv2d_stream.h:103]   --->   Operation 153 'br' <Predicate = (!icmp_ln194 & !icmp_ln356)> <Delay = 0.00>
ST_6 : Operation 154 [1/1] (0.00ns)   --->   "store i8 %select_ln356_2, i8* @kernel_data_V_2_2, align 1" [firmware/nnet_utils/nnet_conv_stream.h:201->firmware/nnet_utils/nnet_conv_stream.h:252->firmware/nnet_utils/nnet_conv_stream.h:286->firmware/nnet_utils/nnet_conv2d_stream.h:87->firmware/nnet_utils/nnet_conv2d_stream.h:103]   --->   Operation 154 'store' <Predicate = (!icmp_ln194 & icmp_ln356)> <Delay = 0.00>
ST_6 : Operation 155 [1/1] (0.00ns)   --->   "br label %5" [firmware/nnet_utils/nnet_conv_stream.h:201->firmware/nnet_utils/nnet_conv_stream.h:252->firmware/nnet_utils/nnet_conv_stream.h:286->firmware/nnet_utils/nnet_conv2d_stream.h:87->firmware/nnet_utils/nnet_conv2d_stream.h:103]   --->   Operation 155 'br' <Predicate = (!icmp_ln194 & icmp_ln356)> <Delay = 0.00>
ST_6 : Operation 156 [1/1] (0.00ns)   --->   "%kernel_data_V_2_12_load = load i8* @kernel_data_V_2_12, align 1" [firmware/nnet_utils/nnet_conv_stream.h:201->firmware/nnet_utils/nnet_conv_stream.h:252->firmware/nnet_utils/nnet_conv_stream.h:286->firmware/nnet_utils/nnet_conv2d_stream.h:87->firmware/nnet_utils/nnet_conv2d_stream.h:103]   --->   Operation 156 'load' 'kernel_data_V_2_12_load' <Predicate = (!icmp_ln194)> <Delay = 0.00>
ST_6 : Operation 157 [1/1] (1.24ns)   --->   "%select_ln356_3 = select i1 %icmp_ln356, i8 %kernel_data_V_2_12_load, i8 %kernel_data_V_2_15_load" [firmware/nnet_utils/nnet_conv_stream.h:201->firmware/nnet_utils/nnet_conv_stream.h:252->firmware/nnet_utils/nnet_conv_stream.h:286->firmware/nnet_utils/nnet_conv2d_stream.h:87->firmware/nnet_utils/nnet_conv2d_stream.h:103]   --->   Operation 157 'select' 'select_ln356_3' <Predicate = (!icmp_ln194)> <Delay = 1.24> <Core = "Sel">   --->   Core 26 'Sel' <Latency = 0> <II = 1> <Delay = 0.69> <FuncUnit> <Opcode : 'select'> <InPorts = 3> <OutPorts = 1>
ST_6 : Operation 158 [1/1] (0.00ns)   --->   "br i1 %icmp_ln356, label %branch360, label %branch363" [firmware/nnet_utils/nnet_conv_stream.h:201->firmware/nnet_utils/nnet_conv_stream.h:252->firmware/nnet_utils/nnet_conv_stream.h:286->firmware/nnet_utils/nnet_conv2d_stream.h:87->firmware/nnet_utils/nnet_conv2d_stream.h:103]   --->   Operation 158 'br' <Predicate = (!icmp_ln194)> <Delay = 0.00>
ST_6 : Operation 159 [1/1] (0.00ns)   --->   "store i8 %select_ln356_3, i8* @kernel_data_V_2_12, align 1" [firmware/nnet_utils/nnet_conv_stream.h:201->firmware/nnet_utils/nnet_conv_stream.h:252->firmware/nnet_utils/nnet_conv_stream.h:286->firmware/nnet_utils/nnet_conv2d_stream.h:87->firmware/nnet_utils/nnet_conv2d_stream.h:103]   --->   Operation 159 'store' <Predicate = (!icmp_ln194 & !icmp_ln356)> <Delay = 0.00>
ST_6 : Operation 160 [1/1] (0.00ns)   --->   "br label %6" [firmware/nnet_utils/nnet_conv_stream.h:201->firmware/nnet_utils/nnet_conv_stream.h:252->firmware/nnet_utils/nnet_conv_stream.h:286->firmware/nnet_utils/nnet_conv2d_stream.h:87->firmware/nnet_utils/nnet_conv2d_stream.h:103]   --->   Operation 160 'br' <Predicate = (!icmp_ln194 & !icmp_ln356)> <Delay = 0.00>
ST_6 : Operation 161 [1/1] (0.00ns)   --->   "store i8 %select_ln356_3, i8* @kernel_data_V_2_9, align 1" [firmware/nnet_utils/nnet_conv_stream.h:201->firmware/nnet_utils/nnet_conv_stream.h:252->firmware/nnet_utils/nnet_conv_stream.h:286->firmware/nnet_utils/nnet_conv2d_stream.h:87->firmware/nnet_utils/nnet_conv2d_stream.h:103]   --->   Operation 161 'store' <Predicate = (!icmp_ln194 & icmp_ln356)> <Delay = 0.00>
ST_6 : Operation 162 [1/1] (0.00ns)   --->   "br label %6" [firmware/nnet_utils/nnet_conv_stream.h:201->firmware/nnet_utils/nnet_conv_stream.h:252->firmware/nnet_utils/nnet_conv_stream.h:286->firmware/nnet_utils/nnet_conv2d_stream.h:87->firmware/nnet_utils/nnet_conv2d_stream.h:103]   --->   Operation 162 'br' <Predicate = (!icmp_ln194 & icmp_ln356)> <Delay = 0.00>
ST_6 : Operation 163 [1/1] (0.00ns)   --->   "%kernel_data_V_2_13_load = load i8* @kernel_data_V_2_13, align 1" [firmware/nnet_utils/nnet_conv_stream.h:201->firmware/nnet_utils/nnet_conv_stream.h:252->firmware/nnet_utils/nnet_conv_stream.h:286->firmware/nnet_utils/nnet_conv2d_stream.h:87->firmware/nnet_utils/nnet_conv2d_stream.h:103]   --->   Operation 163 'load' 'kernel_data_V_2_13_load' <Predicate = (!icmp_ln194)> <Delay = 0.00>
ST_6 : Operation 164 [1/1] (1.24ns)   --->   "%select_ln356_4 = select i1 %icmp_ln356, i8 %kernel_data_V_2_13_load, i8 %kernel_data_V_2_16_load" [firmware/nnet_utils/nnet_conv_stream.h:201->firmware/nnet_utils/nnet_conv_stream.h:252->firmware/nnet_utils/nnet_conv_stream.h:286->firmware/nnet_utils/nnet_conv2d_stream.h:87->firmware/nnet_utils/nnet_conv2d_stream.h:103]   --->   Operation 164 'select' 'select_ln356_4' <Predicate = (!icmp_ln194)> <Delay = 1.24> <Core = "Sel">   --->   Core 26 'Sel' <Latency = 0> <II = 1> <Delay = 0.69> <FuncUnit> <Opcode : 'select'> <InPorts = 3> <OutPorts = 1>
ST_6 : Operation 165 [1/1] (0.00ns)   --->   "br i1 %icmp_ln356, label %branch307, label %branch310" [firmware/nnet_utils/nnet_conv_stream.h:201->firmware/nnet_utils/nnet_conv_stream.h:252->firmware/nnet_utils/nnet_conv_stream.h:286->firmware/nnet_utils/nnet_conv2d_stream.h:87->firmware/nnet_utils/nnet_conv2d_stream.h:103]   --->   Operation 165 'br' <Predicate = (!icmp_ln194)> <Delay = 0.00>
ST_6 : Operation 166 [1/1] (0.00ns)   --->   "store i8 %select_ln356_4, i8* @kernel_data_V_2_13, align 1" [firmware/nnet_utils/nnet_conv_stream.h:201->firmware/nnet_utils/nnet_conv_stream.h:252->firmware/nnet_utils/nnet_conv_stream.h:286->firmware/nnet_utils/nnet_conv2d_stream.h:87->firmware/nnet_utils/nnet_conv2d_stream.h:103]   --->   Operation 166 'store' <Predicate = (!icmp_ln194 & !icmp_ln356)> <Delay = 0.00>
ST_6 : Operation 167 [1/1] (0.00ns)   --->   "br label %7" [firmware/nnet_utils/nnet_conv_stream.h:201->firmware/nnet_utils/nnet_conv_stream.h:252->firmware/nnet_utils/nnet_conv_stream.h:286->firmware/nnet_utils/nnet_conv2d_stream.h:87->firmware/nnet_utils/nnet_conv2d_stream.h:103]   --->   Operation 167 'br' <Predicate = (!icmp_ln194 & !icmp_ln356)> <Delay = 0.00>
ST_6 : Operation 168 [1/1] (0.00ns)   --->   "store i8 %select_ln356_4, i8* @kernel_data_V_2_10, align 1" [firmware/nnet_utils/nnet_conv_stream.h:201->firmware/nnet_utils/nnet_conv_stream.h:252->firmware/nnet_utils/nnet_conv_stream.h:286->firmware/nnet_utils/nnet_conv2d_stream.h:87->firmware/nnet_utils/nnet_conv2d_stream.h:103]   --->   Operation 168 'store' <Predicate = (!icmp_ln194 & icmp_ln356)> <Delay = 0.00>
ST_6 : Operation 169 [1/1] (0.00ns)   --->   "br label %7" [firmware/nnet_utils/nnet_conv_stream.h:201->firmware/nnet_utils/nnet_conv_stream.h:252->firmware/nnet_utils/nnet_conv_stream.h:286->firmware/nnet_utils/nnet_conv2d_stream.h:87->firmware/nnet_utils/nnet_conv2d_stream.h:103]   --->   Operation 169 'br' <Predicate = (!icmp_ln194 & icmp_ln356)> <Delay = 0.00>
ST_6 : Operation 170 [1/1] (0.00ns)   --->   "%kernel_data_V_2_14_load = load i8* @kernel_data_V_2_14, align 1" [firmware/nnet_utils/nnet_conv_stream.h:201->firmware/nnet_utils/nnet_conv_stream.h:252->firmware/nnet_utils/nnet_conv_stream.h:286->firmware/nnet_utils/nnet_conv2d_stream.h:87->firmware/nnet_utils/nnet_conv2d_stream.h:103]   --->   Operation 170 'load' 'kernel_data_V_2_14_load' <Predicate = (!icmp_ln194)> <Delay = 0.00>
ST_6 : Operation 171 [1/1] (1.24ns)   --->   "%select_ln356_5 = select i1 %icmp_ln356, i8 %kernel_data_V_2_14_load, i8 %kernel_data_V_2_17_load" [firmware/nnet_utils/nnet_conv_stream.h:201->firmware/nnet_utils/nnet_conv_stream.h:252->firmware/nnet_utils/nnet_conv_stream.h:286->firmware/nnet_utils/nnet_conv2d_stream.h:87->firmware/nnet_utils/nnet_conv2d_stream.h:103]   --->   Operation 171 'select' 'select_ln356_5' <Predicate = (!icmp_ln194)> <Delay = 1.24> <Core = "Sel">   --->   Core 26 'Sel' <Latency = 0> <II = 1> <Delay = 0.69> <FuncUnit> <Opcode : 'select'> <InPorts = 3> <OutPorts = 1>
ST_6 : Operation 172 [1/1] (0.00ns)   --->   "br i1 %icmp_ln356, label %branch254, label %branch257" [firmware/nnet_utils/nnet_conv_stream.h:201->firmware/nnet_utils/nnet_conv_stream.h:252->firmware/nnet_utils/nnet_conv_stream.h:286->firmware/nnet_utils/nnet_conv2d_stream.h:87->firmware/nnet_utils/nnet_conv2d_stream.h:103]   --->   Operation 172 'br' <Predicate = (!icmp_ln194)> <Delay = 0.00>
ST_6 : Operation 173 [1/1] (0.00ns)   --->   "store i8 %select_ln356_5, i8* @kernel_data_V_2_14, align 1" [firmware/nnet_utils/nnet_conv_stream.h:201->firmware/nnet_utils/nnet_conv_stream.h:252->firmware/nnet_utils/nnet_conv_stream.h:286->firmware/nnet_utils/nnet_conv2d_stream.h:87->firmware/nnet_utils/nnet_conv2d_stream.h:103]   --->   Operation 173 'store' <Predicate = (!icmp_ln194 & !icmp_ln356)> <Delay = 0.00>
ST_6 : Operation 174 [1/1] (0.00ns)   --->   "br label %8" [firmware/nnet_utils/nnet_conv_stream.h:201->firmware/nnet_utils/nnet_conv_stream.h:252->firmware/nnet_utils/nnet_conv_stream.h:286->firmware/nnet_utils/nnet_conv2d_stream.h:87->firmware/nnet_utils/nnet_conv2d_stream.h:103]   --->   Operation 174 'br' <Predicate = (!icmp_ln194 & !icmp_ln356)> <Delay = 0.00>
ST_6 : Operation 175 [1/1] (0.00ns)   --->   "store i8 %select_ln356_5, i8* @kernel_data_V_2_11, align 1" [firmware/nnet_utils/nnet_conv_stream.h:201->firmware/nnet_utils/nnet_conv_stream.h:252->firmware/nnet_utils/nnet_conv_stream.h:286->firmware/nnet_utils/nnet_conv2d_stream.h:87->firmware/nnet_utils/nnet_conv2d_stream.h:103]   --->   Operation 175 'store' <Predicate = (!icmp_ln194 & icmp_ln356)> <Delay = 0.00>
ST_6 : Operation 176 [1/1] (0.00ns)   --->   "br label %8" [firmware/nnet_utils/nnet_conv_stream.h:201->firmware/nnet_utils/nnet_conv_stream.h:252->firmware/nnet_utils/nnet_conv_stream.h:286->firmware/nnet_utils/nnet_conv2d_stream.h:87->firmware/nnet_utils/nnet_conv2d_stream.h:103]   --->   Operation 176 'br' <Predicate = (!icmp_ln194 & icmp_ln356)> <Delay = 0.00>
ST_6 : Operation 177 [1/1] (0.00ns)   --->   "%kernel_data_V_2_22_load = load i8* @kernel_data_V_2_22, align 1" [firmware/nnet_utils/nnet_conv_stream.h:201->firmware/nnet_utils/nnet_conv_stream.h:252->firmware/nnet_utils/nnet_conv_stream.h:286->firmware/nnet_utils/nnet_conv2d_stream.h:87->firmware/nnet_utils/nnet_conv2d_stream.h:103]   --->   Operation 177 'load' 'kernel_data_V_2_22_load' <Predicate = (!icmp_ln194)> <Delay = 0.00>
ST_6 : Operation 178 [1/1] (1.24ns)   --->   "%select_ln356_7 = select i1 %icmp_ln356, i8 %kernel_data_V_2_22_load, i8 %kernel_data_V_2_25_load" [firmware/nnet_utils/nnet_conv_stream.h:201->firmware/nnet_utils/nnet_conv_stream.h:252->firmware/nnet_utils/nnet_conv_stream.h:286->firmware/nnet_utils/nnet_conv2d_stream.h:87->firmware/nnet_utils/nnet_conv2d_stream.h:103]   --->   Operation 178 'select' 'select_ln356_7' <Predicate = (!icmp_ln194)> <Delay = 1.24> <Core = "Sel">   --->   Core 26 'Sel' <Latency = 0> <II = 1> <Delay = 0.69> <FuncUnit> <Opcode : 'select'> <InPorts = 3> <OutPorts = 1>
ST_6 : Operation 179 [1/1] (0.00ns)   --->   "br i1 %icmp_ln356, label %branch154, label %branch157" [firmware/nnet_utils/nnet_conv_stream.h:201->firmware/nnet_utils/nnet_conv_stream.h:252->firmware/nnet_utils/nnet_conv_stream.h:286->firmware/nnet_utils/nnet_conv2d_stream.h:87->firmware/nnet_utils/nnet_conv2d_stream.h:103]   --->   Operation 179 'br' <Predicate = (!icmp_ln194)> <Delay = 0.00>
ST_6 : Operation 180 [1/1] (0.00ns)   --->   "store i8 %select_ln356_7, i8* @kernel_data_V_2_22, align 1" [firmware/nnet_utils/nnet_conv_stream.h:201->firmware/nnet_utils/nnet_conv_stream.h:252->firmware/nnet_utils/nnet_conv_stream.h:286->firmware/nnet_utils/nnet_conv2d_stream.h:87->firmware/nnet_utils/nnet_conv2d_stream.h:103]   --->   Operation 180 'store' <Predicate = (!icmp_ln194 & !icmp_ln356)> <Delay = 0.00>
ST_6 : Operation 181 [1/1] (0.00ns)   --->   "br label %10" [firmware/nnet_utils/nnet_conv_stream.h:201->firmware/nnet_utils/nnet_conv_stream.h:252->firmware/nnet_utils/nnet_conv_stream.h:286->firmware/nnet_utils/nnet_conv2d_stream.h:87->firmware/nnet_utils/nnet_conv2d_stream.h:103]   --->   Operation 181 'br' <Predicate = (!icmp_ln194 & !icmp_ln356)> <Delay = 0.00>
ST_6 : Operation 182 [1/1] (0.00ns)   --->   "store i8 %select_ln356_7, i8* @kernel_data_V_2_19, align 1" [firmware/nnet_utils/nnet_conv_stream.h:201->firmware/nnet_utils/nnet_conv_stream.h:252->firmware/nnet_utils/nnet_conv_stream.h:286->firmware/nnet_utils/nnet_conv2d_stream.h:87->firmware/nnet_utils/nnet_conv2d_stream.h:103]   --->   Operation 182 'store' <Predicate = (!icmp_ln194 & icmp_ln356)> <Delay = 0.00>
ST_6 : Operation 183 [1/1] (0.00ns)   --->   "br label %10" [firmware/nnet_utils/nnet_conv_stream.h:201->firmware/nnet_utils/nnet_conv_stream.h:252->firmware/nnet_utils/nnet_conv_stream.h:286->firmware/nnet_utils/nnet_conv2d_stream.h:87->firmware/nnet_utils/nnet_conv2d_stream.h:103]   --->   Operation 183 'br' <Predicate = (!icmp_ln194 & icmp_ln356)> <Delay = 0.00>
ST_6 : Operation 184 [1/1] (0.00ns)   --->   "%kernel_data_V_2_23_load = load i8* @kernel_data_V_2_23, align 1" [firmware/nnet_utils/nnet_conv_stream.h:201->firmware/nnet_utils/nnet_conv_stream.h:252->firmware/nnet_utils/nnet_conv_stream.h:286->firmware/nnet_utils/nnet_conv2d_stream.h:87->firmware/nnet_utils/nnet_conv2d_stream.h:103]   --->   Operation 184 'load' 'kernel_data_V_2_23_load' <Predicate = (!icmp_ln194)> <Delay = 0.00>
ST_6 : Operation 185 [1/1] (1.24ns)   --->   "%select_ln356_8 = select i1 %icmp_ln356, i8 %kernel_data_V_2_23_load, i8 %kernel_data_V_2_26_load" [firmware/nnet_utils/nnet_conv_stream.h:201->firmware/nnet_utils/nnet_conv_stream.h:252->firmware/nnet_utils/nnet_conv_stream.h:286->firmware/nnet_utils/nnet_conv2d_stream.h:87->firmware/nnet_utils/nnet_conv2d_stream.h:103]   --->   Operation 185 'select' 'select_ln356_8' <Predicate = (!icmp_ln194)> <Delay = 1.24> <Core = "Sel">   --->   Core 26 'Sel' <Latency = 0> <II = 1> <Delay = 0.69> <FuncUnit> <Opcode : 'select'> <InPorts = 3> <OutPorts = 1>
ST_6 : Operation 186 [1/1] (0.00ns)   --->   "br i1 %icmp_ln356, label %branch101, label %branch104" [firmware/nnet_utils/nnet_conv_stream.h:201->firmware/nnet_utils/nnet_conv_stream.h:252->firmware/nnet_utils/nnet_conv_stream.h:286->firmware/nnet_utils/nnet_conv2d_stream.h:87->firmware/nnet_utils/nnet_conv2d_stream.h:103]   --->   Operation 186 'br' <Predicate = (!icmp_ln194)> <Delay = 0.00>
ST_6 : Operation 187 [1/1] (0.00ns)   --->   "store i8 %select_ln356_8, i8* @kernel_data_V_2_23, align 1" [firmware/nnet_utils/nnet_conv_stream.h:201->firmware/nnet_utils/nnet_conv_stream.h:252->firmware/nnet_utils/nnet_conv_stream.h:286->firmware/nnet_utils/nnet_conv2d_stream.h:87->firmware/nnet_utils/nnet_conv2d_stream.h:103]   --->   Operation 187 'store' <Predicate = (!icmp_ln194 & !icmp_ln356)> <Delay = 0.00>
ST_6 : Operation 188 [1/1] (0.00ns)   --->   "br label %KernelShiftWidth_end" [firmware/nnet_utils/nnet_conv_stream.h:201->firmware/nnet_utils/nnet_conv_stream.h:252->firmware/nnet_utils/nnet_conv_stream.h:286->firmware/nnet_utils/nnet_conv2d_stream.h:87->firmware/nnet_utils/nnet_conv2d_stream.h:103]   --->   Operation 188 'br' <Predicate = (!icmp_ln194 & !icmp_ln356)> <Delay = 0.00>
ST_6 : Operation 189 [1/1] (0.00ns)   --->   "store i8 %select_ln356_8, i8* @kernel_data_V_2_20, align 1" [firmware/nnet_utils/nnet_conv_stream.h:201->firmware/nnet_utils/nnet_conv_stream.h:252->firmware/nnet_utils/nnet_conv_stream.h:286->firmware/nnet_utils/nnet_conv2d_stream.h:87->firmware/nnet_utils/nnet_conv2d_stream.h:103]   --->   Operation 189 'store' <Predicate = (!icmp_ln194 & icmp_ln356)> <Delay = 0.00>
ST_6 : Operation 190 [1/1] (0.00ns)   --->   "br label %KernelShiftWidth_end" [firmware/nnet_utils/nnet_conv_stream.h:201->firmware/nnet_utils/nnet_conv_stream.h:252->firmware/nnet_utils/nnet_conv_stream.h:286->firmware/nnet_utils/nnet_conv2d_stream.h:87->firmware/nnet_utils/nnet_conv2d_stream.h:103]   --->   Operation 190 'br' <Predicate = (!icmp_ln194 & icmp_ln356)> <Delay = 0.00>
ST_6 : Operation 191 [1/1] (0.00ns)   --->   "%empty_327 = call i32 (...)* @_ssdm_op_SpecRegionEnd([17 x i8]* @p_str46, i32 %tmp_2)" [firmware/nnet_utils/nnet_conv_stream.h:205->firmware/nnet_utils/nnet_conv_stream.h:252->firmware/nnet_utils/nnet_conv_stream.h:286->firmware/nnet_utils/nnet_conv2d_stream.h:87->firmware/nnet_utils/nnet_conv2d_stream.h:103]   --->   Operation 191 'specregionend' 'empty_327' <Predicate = (!icmp_ln194)> <Delay = 0.00>
ST_6 : Operation 192 [1/1] (0.00ns)   --->   "br label %.preheader1" [firmware/nnet_utils/nnet_conv_stream.h:194->firmware/nnet_utils/nnet_conv_stream.h:252->firmware/nnet_utils/nnet_conv_stream.h:286->firmware/nnet_utils/nnet_conv2d_stream.h:87->firmware/nnet_utils/nnet_conv2d_stream.h:103]   --->   Operation 192 'br' <Predicate = (!icmp_ln194)> <Delay = 0.00>

State 7 <SV = 4> <Delay = 1.24>
ST_7 : Operation 193 [1/1] (0.00ns)   --->   "%kernel_data_V_2_21_load = load i8* @kernel_data_V_2_21, align 1" [firmware/nnet_utils/nnet_conv_stream.h:201->firmware/nnet_utils/nnet_conv_stream.h:252->firmware/nnet_utils/nnet_conv_stream.h:286->firmware/nnet_utils/nnet_conv2d_stream.h:87->firmware/nnet_utils/nnet_conv2d_stream.h:103]   --->   Operation 193 'load' 'kernel_data_V_2_21_load' <Predicate = (icmp_ln356)> <Delay = 0.00>
ST_7 : Operation 194 [1/1] (0.00ns)   --->   "%kernel_data_V_2_24_load = load i8* @kernel_data_V_2_24, align 1" [firmware/nnet_utils/nnet_conv_stream.h:201->firmware/nnet_utils/nnet_conv_stream.h:252->firmware/nnet_utils/nnet_conv_stream.h:286->firmware/nnet_utils/nnet_conv2d_stream.h:87->firmware/nnet_utils/nnet_conv2d_stream.h:103]   --->   Operation 194 'load' 'kernel_data_V_2_24_load' <Predicate = (!icmp_ln356)> <Delay = 0.00>
ST_7 : Operation 195 [1/1] (1.24ns)   --->   "%select_ln356_6 = select i1 %icmp_ln356, i8 %kernel_data_V_2_21_load, i8 %kernel_data_V_2_24_load" [firmware/nnet_utils/nnet_conv_stream.h:201->firmware/nnet_utils/nnet_conv_stream.h:252->firmware/nnet_utils/nnet_conv_stream.h:286->firmware/nnet_utils/nnet_conv2d_stream.h:87->firmware/nnet_utils/nnet_conv2d_stream.h:103]   --->   Operation 195 'select' 'select_ln356_6' <Predicate = true> <Delay = 1.24> <Core = "Sel">   --->   Core 26 'Sel' <Latency = 0> <II = 1> <Delay = 0.69> <FuncUnit> <Opcode : 'select'> <InPorts = 3> <OutPorts = 1>
ST_7 : Operation 196 [1/1] (0.00ns)   --->   "br i1 %icmp_ln356, label %branch207, label %branch210" [firmware/nnet_utils/nnet_conv_stream.h:201->firmware/nnet_utils/nnet_conv_stream.h:252->firmware/nnet_utils/nnet_conv_stream.h:286->firmware/nnet_utils/nnet_conv2d_stream.h:87->firmware/nnet_utils/nnet_conv2d_stream.h:103]   --->   Operation 196 'br' <Predicate = true> <Delay = 0.00>
ST_7 : Operation 197 [1/1] (0.00ns)   --->   "store i8 %select_ln356_6, i8* @kernel_data_V_2_21, align 1" [firmware/nnet_utils/nnet_conv_stream.h:201->firmware/nnet_utils/nnet_conv_stream.h:252->firmware/nnet_utils/nnet_conv_stream.h:286->firmware/nnet_utils/nnet_conv2d_stream.h:87->firmware/nnet_utils/nnet_conv2d_stream.h:103]   --->   Operation 197 'store' <Predicate = (!icmp_ln356)> <Delay = 0.00>
ST_7 : Operation 198 [1/1] (0.00ns)   --->   "br label %9" [firmware/nnet_utils/nnet_conv_stream.h:201->firmware/nnet_utils/nnet_conv_stream.h:252->firmware/nnet_utils/nnet_conv_stream.h:286->firmware/nnet_utils/nnet_conv2d_stream.h:87->firmware/nnet_utils/nnet_conv2d_stream.h:103]   --->   Operation 198 'br' <Predicate = (!icmp_ln356)> <Delay = 0.00>
ST_7 : Operation 199 [1/1] (0.00ns)   --->   "store i8 %select_ln356_6, i8* @kernel_data_V_2_18, align 1" [firmware/nnet_utils/nnet_conv_stream.h:201->firmware/nnet_utils/nnet_conv_stream.h:252->firmware/nnet_utils/nnet_conv_stream.h:286->firmware/nnet_utils/nnet_conv2d_stream.h:87->firmware/nnet_utils/nnet_conv2d_stream.h:103]   --->   Operation 199 'store' <Predicate = (icmp_ln356)> <Delay = 0.00>
ST_7 : Operation 200 [1/1] (0.00ns)   --->   "br label %9" [firmware/nnet_utils/nnet_conv_stream.h:201->firmware/nnet_utils/nnet_conv_stream.h:252->firmware/nnet_utils/nnet_conv_stream.h:286->firmware/nnet_utils/nnet_conv2d_stream.h:87->firmware/nnet_utils/nnet_conv2d_stream.h:103]   --->   Operation 200 'br' <Predicate = (icmp_ln356)> <Delay = 0.00>

State 8 <SV = 4> <Delay = 1.76>
ST_8 : Operation 201 [1/1] (0.00ns)   --->   "%tmp_1 = call i32 (...)* @_ssdm_op_SpecRegionBegin([17 x i8]* @p_str49)" [firmware/nnet_utils/nnet_conv_stream.h:210->firmware/nnet_utils/nnet_conv_stream.h:252->firmware/nnet_utils/nnet_conv_stream.h:286->firmware/nnet_utils/nnet_conv2d_stream.h:87->firmware/nnet_utils/nnet_conv2d_stream.h:103]   --->   Operation 201 'specregionbegin' 'tmp_1' <Predicate = true> <Delay = 0.00>
ST_8 : Operation 202 [1/1] (1.76ns)   --->   "br label %11" [firmware/nnet_utils/nnet_conv_stream.h:213->firmware/nnet_utils/nnet_conv_stream.h:252->firmware/nnet_utils/nnet_conv_stream.h:286->firmware/nnet_utils/nnet_conv2d_stream.h:87->firmware/nnet_utils/nnet_conv2d_stream.h:103]   --->   Operation 202 'br' <Predicate = true> <Delay = 1.76>

State 9 <SV = 5> <Delay = 3.54>
ST_9 : Operation 203 [1/1] (0.00ns)   --->   "%i_ic2_0_i_i_i_i_0 = phi i2 [ 0, %KernelPushHeight_begin ], [ %add_ln213, %13 ]" [firmware/nnet_utils/nnet_conv_stream.h:213->firmware/nnet_utils/nnet_conv_stream.h:252->firmware/nnet_utils/nnet_conv_stream.h:286->firmware/nnet_utils/nnet_conv2d_stream.h:87->firmware/nnet_utils/nnet_conv2d_stream.h:103]   --->   Operation 203 'phi' 'i_ic2_0_i_i_i_i_0' <Predicate = true> <Delay = 0.00>
ST_9 : Operation 204 [1/1] (0.95ns)   --->   "%icmp_ln213 = icmp eq i2 %i_ic2_0_i_i_i_i_0, -1" [firmware/nnet_utils/nnet_conv_stream.h:213->firmware/nnet_utils/nnet_conv_stream.h:252->firmware/nnet_utils/nnet_conv_stream.h:286->firmware/nnet_utils/nnet_conv2d_stream.h:87->firmware/nnet_utils/nnet_conv2d_stream.h:103]   --->   Operation 204 'icmp' 'icmp_ln213' <Predicate = true> <Delay = 0.95> <Core = "Cmp">   --->   Core 25 'Cmp' <Latency = 0> <II = 1> <Delay = 1.77> <FuncUnit> <Opcode : 'icmp'> <InPorts = 2> <OutPorts = 1>
ST_9 : Operation 205 [1/1] (0.00ns)   --->   "%empty_329 = call i32 (...)* @_ssdm_op_SpecLoopTripCount(i64 3, i64 3, i64 3)"   --->   Operation 205 'speclooptripcount' 'empty_329' <Predicate = true> <Delay = 0.00>
ST_9 : Operation 206 [1/1] (1.56ns)   --->   "%add_ln213 = add i2 %i_ic2_0_i_i_i_i_0, 1" [firmware/nnet_utils/nnet_conv_stream.h:213->firmware/nnet_utils/nnet_conv_stream.h:252->firmware/nnet_utils/nnet_conv_stream.h:286->firmware/nnet_utils/nnet_conv2d_stream.h:87->firmware/nnet_utils/nnet_conv2d_stream.h:103]   --->   Operation 206 'add' 'add_ln213' <Predicate = true> <Delay = 1.56> <Core = "AddSub">   --->   Core 14 'AddSub' <Latency = 0> <II = 1> <Delay = 2.55> <FuncUnit> <Opcode : 'add' 'sub'> <InPorts = 2> <OutPorts = 1>
ST_9 : Operation 207 [1/1] (0.00ns)   --->   "br i1 %icmp_ln213, label %KernelPushHeight, label %12" [firmware/nnet_utils/nnet_conv_stream.h:213->firmware/nnet_utils/nnet_conv_stream.h:252->firmware/nnet_utils/nnet_conv_stream.h:286->firmware/nnet_utils/nnet_conv2d_stream.h:87->firmware/nnet_utils/nnet_conv2d_stream.h:103]   --->   Operation 207 'br' <Predicate = true> <Delay = 0.00>
ST_9 : Operation 208 [1/1] (0.00ns)   --->   "%shift_buffer_0_2_V_load = load i8* %shift_buffer_0_2_V" [firmware/nnet_utils/nnet_conv_stream.h:214->firmware/nnet_utils/nnet_conv_stream.h:252->firmware/nnet_utils/nnet_conv_stream.h:286->firmware/nnet_utils/nnet_conv2d_stream.h:87->firmware/nnet_utils/nnet_conv2d_stream.h:103]   --->   Operation 208 'load' 'shift_buffer_0_2_V_load' <Predicate = (!icmp_ln213)> <Delay = 0.00>
ST_9 : Operation 209 [1/1] (0.00ns)   --->   "%shift_buffer_0_2_V_1_load = load i8* %shift_buffer_0_2_V_1" [firmware/nnet_utils/nnet_conv_stream.h:214->firmware/nnet_utils/nnet_conv_stream.h:252->firmware/nnet_utils/nnet_conv_stream.h:286->firmware/nnet_utils/nnet_conv2d_stream.h:87->firmware/nnet_utils/nnet_conv2d_stream.h:103]   --->   Operation 209 'load' 'shift_buffer_0_2_V_1_load' <Predicate = (!icmp_ln213)> <Delay = 0.00>
ST_9 : Operation 210 [1/1] (0.00ns)   --->   "%shift_buffer_0_2_V_2_load = load i8* %shift_buffer_0_2_V_2" [firmware/nnet_utils/nnet_conv_stream.h:214->firmware/nnet_utils/nnet_conv_stream.h:252->firmware/nnet_utils/nnet_conv_stream.h:286->firmware/nnet_utils/nnet_conv2d_stream.h:87->firmware/nnet_utils/nnet_conv2d_stream.h:103]   --->   Operation 210 'load' 'shift_buffer_0_2_V_2_load' <Predicate = (!icmp_ln213)> <Delay = 0.00>
ST_9 : Operation 211 [1/1] (0.00ns)   --->   "call void (...)* @_ssdm_op_SpecLoopName([18 x i8]* @p_str50) nounwind" [firmware/nnet_utils/nnet_conv_stream.h:213->firmware/nnet_utils/nnet_conv_stream.h:252->firmware/nnet_utils/nnet_conv_stream.h:286->firmware/nnet_utils/nnet_conv2d_stream.h:87->firmware/nnet_utils/nnet_conv2d_stream.h:103]   --->   Operation 211 'specloopname' <Predicate = (!icmp_ln213)> <Delay = 0.00>
ST_9 : Operation 212 [1/1] (1.77ns)   --->   "%tmp_4 = call i8 @_ssdm_op_Mux.ap_auto.3i8.i2(i8 %shift_buffer_0_2_V_2_load, i8 %shift_buffer_0_2_V_1_load, i8 %shift_buffer_0_2_V_load, i2 %i_ic2_0_i_i_i_i_0)" [firmware/nnet_utils/nnet_conv_stream.h:214->firmware/nnet_utils/nnet_conv_stream.h:252->firmware/nnet_utils/nnet_conv_stream.h:286->firmware/nnet_utils/nnet_conv2d_stream.h:87->firmware/nnet_utils/nnet_conv2d_stream.h:103]   --->   Operation 212 'mux' 'tmp_4' <Predicate = (!icmp_ln213)> <Delay = 1.77> <Core = "MuxnS">   --->   Core 31 'MuxnS' <Latency = 0> <II = 1> <Delay = 1.77> <FuncUnit> <Opcode : 'mux'> <InPorts = 2> <OutPorts = 1>
ST_9 : Operation 213 [1/1] (1.13ns)   --->   "switch i2 %i_ic2_0_i_i_i_i_0, label %branch62 [
    i2 0, label %branch60
    i2 1, label %branch61
  ]" [firmware/nnet_utils/nnet_conv_stream.h:214->firmware/nnet_utils/nnet_conv_stream.h:252->firmware/nnet_utils/nnet_conv_stream.h:286->firmware/nnet_utils/nnet_conv2d_stream.h:87->firmware/nnet_utils/nnet_conv2d_stream.h:103]   --->   Operation 213 'switch' <Predicate = (!icmp_ln213)> <Delay = 1.13>
ST_9 : Operation 214 [1/1] (0.00ns)   --->   "store i8 %tmp_4, i8* @kernel_data_V_2_7, align 1" [firmware/nnet_utils/nnet_conv_stream.h:214->firmware/nnet_utils/nnet_conv_stream.h:252->firmware/nnet_utils/nnet_conv_stream.h:286->firmware/nnet_utils/nnet_conv2d_stream.h:87->firmware/nnet_utils/nnet_conv2d_stream.h:103]   --->   Operation 214 'store' <Predicate = (!icmp_ln213 & i_ic2_0_i_i_i_i_0 == 1)> <Delay = 0.00>
ST_9 : Operation 215 [1/1] (0.00ns)   --->   "br label %13" [firmware/nnet_utils/nnet_conv_stream.h:214->firmware/nnet_utils/nnet_conv_stream.h:252->firmware/nnet_utils/nnet_conv_stream.h:286->firmware/nnet_utils/nnet_conv2d_stream.h:87->firmware/nnet_utils/nnet_conv2d_stream.h:103]   --->   Operation 215 'br' <Predicate = (!icmp_ln213 & i_ic2_0_i_i_i_i_0 == 1)> <Delay = 0.00>
ST_9 : Operation 216 [1/1] (1.76ns)   --->   "store i8 %tmp_4, i8* @kernel_data_V_2_6, align 1" [firmware/nnet_utils/nnet_conv_stream.h:214->firmware/nnet_utils/nnet_conv_stream.h:252->firmware/nnet_utils/nnet_conv_stream.h:286->firmware/nnet_utils/nnet_conv2d_stream.h:87->firmware/nnet_utils/nnet_conv2d_stream.h:103]   --->   Operation 216 'store' <Predicate = (!icmp_ln213 & i_ic2_0_i_i_i_i_0 == 0)> <Delay = 1.76>
ST_9 : Operation 217 [1/1] (0.00ns)   --->   "br label %13" [firmware/nnet_utils/nnet_conv_stream.h:214->firmware/nnet_utils/nnet_conv_stream.h:252->firmware/nnet_utils/nnet_conv_stream.h:286->firmware/nnet_utils/nnet_conv2d_stream.h:87->firmware/nnet_utils/nnet_conv2d_stream.h:103]   --->   Operation 217 'br' <Predicate = (!icmp_ln213 & i_ic2_0_i_i_i_i_0 == 0)> <Delay = 0.00>
ST_9 : Operation 218 [1/1] (0.00ns)   --->   "store i8 %tmp_4, i8* @kernel_data_V_2_8, align 1" [firmware/nnet_utils/nnet_conv_stream.h:214->firmware/nnet_utils/nnet_conv_stream.h:252->firmware/nnet_utils/nnet_conv_stream.h:286->firmware/nnet_utils/nnet_conv2d_stream.h:87->firmware/nnet_utils/nnet_conv2d_stream.h:103]   --->   Operation 218 'store' <Predicate = (!icmp_ln213 & i_ic2_0_i_i_i_i_0 != 0 & i_ic2_0_i_i_i_i_0 != 1)> <Delay = 0.00>
ST_9 : Operation 219 [1/1] (0.00ns)   --->   "br label %13" [firmware/nnet_utils/nnet_conv_stream.h:214->firmware/nnet_utils/nnet_conv_stream.h:252->firmware/nnet_utils/nnet_conv_stream.h:286->firmware/nnet_utils/nnet_conv2d_stream.h:87->firmware/nnet_utils/nnet_conv2d_stream.h:103]   --->   Operation 219 'br' <Predicate = (!icmp_ln213 & i_ic2_0_i_i_i_i_0 != 0 & i_ic2_0_i_i_i_i_0 != 1)> <Delay = 0.00>
ST_9 : Operation 220 [1/1] (0.00ns)   --->   "br label %11" [firmware/nnet_utils/nnet_conv_stream.h:213->firmware/nnet_utils/nnet_conv_stream.h:252->firmware/nnet_utils/nnet_conv_stream.h:286->firmware/nnet_utils/nnet_conv2d_stream.h:87->firmware/nnet_utils/nnet_conv2d_stream.h:103]   --->   Operation 220 'br' <Predicate = (!icmp_ln213)> <Delay = 0.00>
ST_9 : Operation 221 [1/1] (0.00ns)   --->   "%empty_328 = call i32 (...)* @_ssdm_op_SpecRegionEnd([17 x i8]* @p_str49, i32 %tmp_1)" [firmware/nnet_utils/nnet_conv_stream.h:216->firmware/nnet_utils/nnet_conv_stream.h:252->firmware/nnet_utils/nnet_conv_stream.h:286->firmware/nnet_utils/nnet_conv2d_stream.h:87->firmware/nnet_utils/nnet_conv2d_stream.h:103]   --->   Operation 221 'specregionend' 'empty_328' <Predicate = (icmp_ln213)> <Delay = 0.00>
ST_9 : Operation 222 [1/1] (0.00ns)   --->   "%tmp_3 = call i32 (...)* @_ssdm_op_SpecRegionBegin([17 x i8]* @p_str49)" [firmware/nnet_utils/nnet_conv_stream.h:210->firmware/nnet_utils/nnet_conv_stream.h:252->firmware/nnet_utils/nnet_conv_stream.h:286->firmware/nnet_utils/nnet_conv2d_stream.h:87->firmware/nnet_utils/nnet_conv2d_stream.h:103]   --->   Operation 222 'specregionbegin' 'tmp_3' <Predicate = (icmp_ln213)> <Delay = 0.00>
ST_9 : Operation 223 [1/1] (1.76ns)   --->   "br label %14" [firmware/nnet_utils/nnet_conv_stream.h:213->firmware/nnet_utils/nnet_conv_stream.h:252->firmware/nnet_utils/nnet_conv_stream.h:286->firmware/nnet_utils/nnet_conv2d_stream.h:87->firmware/nnet_utils/nnet_conv2d_stream.h:103]   --->   Operation 223 'br' <Predicate = (icmp_ln213)> <Delay = 1.76>

State 10 <SV = 6> <Delay = 1.93>
ST_10 : Operation 224 [1/1] (0.00ns)   --->   "%i_ic2_0_i_i_i_i_1 = phi i2 [ 0, %KernelPushHeight ], [ %add_ln213_1, %16 ]" [firmware/nnet_utils/nnet_conv_stream.h:213->firmware/nnet_utils/nnet_conv_stream.h:252->firmware/nnet_utils/nnet_conv_stream.h:286->firmware/nnet_utils/nnet_conv2d_stream.h:87->firmware/nnet_utils/nnet_conv2d_stream.h:103]   --->   Operation 224 'phi' 'i_ic2_0_i_i_i_i_1' <Predicate = true> <Delay = 0.00>
ST_10 : Operation 225 [1/1] (0.95ns)   --->   "%icmp_ln213_1 = icmp eq i2 %i_ic2_0_i_i_i_i_1, -1" [firmware/nnet_utils/nnet_conv_stream.h:213->firmware/nnet_utils/nnet_conv_stream.h:252->firmware/nnet_utils/nnet_conv_stream.h:286->firmware/nnet_utils/nnet_conv2d_stream.h:87->firmware/nnet_utils/nnet_conv2d_stream.h:103]   --->   Operation 225 'icmp' 'icmp_ln213_1' <Predicate = true> <Delay = 0.95> <Core = "Cmp">   --->   Core 25 'Cmp' <Latency = 0> <II = 1> <Delay = 1.77> <FuncUnit> <Opcode : 'icmp'> <InPorts = 2> <OutPorts = 1>
ST_10 : Operation 226 [1/1] (0.00ns)   --->   "%empty_331 = call i32 (...)* @_ssdm_op_SpecLoopTripCount(i64 3, i64 3, i64 3)"   --->   Operation 226 'speclooptripcount' 'empty_331' <Predicate = true> <Delay = 0.00>
ST_10 : Operation 227 [1/1] (1.56ns)   --->   "%add_ln213_1 = add i2 %i_ic2_0_i_i_i_i_1, 1" [firmware/nnet_utils/nnet_conv_stream.h:213->firmware/nnet_utils/nnet_conv_stream.h:252->firmware/nnet_utils/nnet_conv_stream.h:286->firmware/nnet_utils/nnet_conv2d_stream.h:87->firmware/nnet_utils/nnet_conv2d_stream.h:103]   --->   Operation 227 'add' 'add_ln213_1' <Predicate = true> <Delay = 1.56> <Core = "AddSub">   --->   Core 14 'AddSub' <Latency = 0> <II = 1> <Delay = 2.55> <FuncUnit> <Opcode : 'add' 'sub'> <InPorts = 2> <OutPorts = 1>
ST_10 : Operation 228 [1/1] (0.00ns)   --->   "br i1 %icmp_ln213_1, label %KernelPushHeight1, label %15" [firmware/nnet_utils/nnet_conv_stream.h:213->firmware/nnet_utils/nnet_conv_stream.h:252->firmware/nnet_utils/nnet_conv_stream.h:286->firmware/nnet_utils/nnet_conv2d_stream.h:87->firmware/nnet_utils/nnet_conv2d_stream.h:103]   --->   Operation 228 'br' <Predicate = true> <Delay = 0.00>
ST_10 : Operation 229 [1/1] (0.00ns)   --->   "%shift_buffer_1_2_V_load = load i8* %shift_buffer_1_2_V" [firmware/nnet_utils/nnet_conv_stream.h:214->firmware/nnet_utils/nnet_conv_stream.h:252->firmware/nnet_utils/nnet_conv_stream.h:286->firmware/nnet_utils/nnet_conv2d_stream.h:87->firmware/nnet_utils/nnet_conv2d_stream.h:103]   --->   Operation 229 'load' 'shift_buffer_1_2_V_load' <Predicate = (!icmp_ln213_1)> <Delay = 0.00>
ST_10 : Operation 230 [1/1] (0.00ns)   --->   "%shift_buffer_1_2_V_1_load = load i8* %shift_buffer_1_2_V_1" [firmware/nnet_utils/nnet_conv_stream.h:214->firmware/nnet_utils/nnet_conv_stream.h:252->firmware/nnet_utils/nnet_conv_stream.h:286->firmware/nnet_utils/nnet_conv2d_stream.h:87->firmware/nnet_utils/nnet_conv2d_stream.h:103]   --->   Operation 230 'load' 'shift_buffer_1_2_V_1_load' <Predicate = (!icmp_ln213_1)> <Delay = 0.00>
ST_10 : Operation 231 [1/1] (0.00ns)   --->   "%shift_buffer_1_2_V_2_load = load i8* %shift_buffer_1_2_V_2" [firmware/nnet_utils/nnet_conv_stream.h:214->firmware/nnet_utils/nnet_conv_stream.h:252->firmware/nnet_utils/nnet_conv_stream.h:286->firmware/nnet_utils/nnet_conv2d_stream.h:87->firmware/nnet_utils/nnet_conv2d_stream.h:103]   --->   Operation 231 'load' 'shift_buffer_1_2_V_2_load' <Predicate = (!icmp_ln213_1)> <Delay = 0.00>
ST_10 : Operation 232 [1/1] (0.00ns)   --->   "call void (...)* @_ssdm_op_SpecLoopName([18 x i8]* @p_str50) nounwind" [firmware/nnet_utils/nnet_conv_stream.h:213->firmware/nnet_utils/nnet_conv_stream.h:252->firmware/nnet_utils/nnet_conv_stream.h:286->firmware/nnet_utils/nnet_conv2d_stream.h:87->firmware/nnet_utils/nnet_conv2d_stream.h:103]   --->   Operation 232 'specloopname' <Predicate = (!icmp_ln213_1)> <Delay = 0.00>
ST_10 : Operation 233 [1/1] (1.77ns)   --->   "%tmp_6 = call i8 @_ssdm_op_Mux.ap_auto.3i8.i2(i8 %shift_buffer_1_2_V_2_load, i8 %shift_buffer_1_2_V_1_load, i8 %shift_buffer_1_2_V_load, i2 %i_ic2_0_i_i_i_i_1)" [firmware/nnet_utils/nnet_conv_stream.h:214->firmware/nnet_utils/nnet_conv_stream.h:252->firmware/nnet_utils/nnet_conv_stream.h:286->firmware/nnet_utils/nnet_conv2d_stream.h:87->firmware/nnet_utils/nnet_conv2d_stream.h:103]   --->   Operation 233 'mux' 'tmp_6' <Predicate = (!icmp_ln213_1)> <Delay = 1.77> <Core = "MuxnS">   --->   Core 31 'MuxnS' <Latency = 0> <II = 1> <Delay = 1.77> <FuncUnit> <Opcode : 'mux'> <InPorts = 2> <OutPorts = 1>
ST_10 : Operation 234 [1/1] (1.13ns)   --->   "switch i2 %i_ic2_0_i_i_i_i_1, label %branch44 [
    i2 0, label %branch42
    i2 1, label %branch43
  ]" [firmware/nnet_utils/nnet_conv_stream.h:214->firmware/nnet_utils/nnet_conv_stream.h:252->firmware/nnet_utils/nnet_conv_stream.h:286->firmware/nnet_utils/nnet_conv2d_stream.h:87->firmware/nnet_utils/nnet_conv2d_stream.h:103]   --->   Operation 234 'switch' <Predicate = (!icmp_ln213_1)> <Delay = 1.13>
ST_10 : Operation 235 [1/1] (0.00ns)   --->   "store i8 %tmp_6, i8* @kernel_data_V_2_16, align 1" [firmware/nnet_utils/nnet_conv_stream.h:214->firmware/nnet_utils/nnet_conv_stream.h:252->firmware/nnet_utils/nnet_conv_stream.h:286->firmware/nnet_utils/nnet_conv2d_stream.h:87->firmware/nnet_utils/nnet_conv2d_stream.h:103]   --->   Operation 235 'store' <Predicate = (!icmp_ln213_1 & i_ic2_0_i_i_i_i_1 == 1)> <Delay = 0.00>
ST_10 : Operation 236 [1/1] (0.00ns)   --->   "br label %16" [firmware/nnet_utils/nnet_conv_stream.h:214->firmware/nnet_utils/nnet_conv_stream.h:252->firmware/nnet_utils/nnet_conv_stream.h:286->firmware/nnet_utils/nnet_conv2d_stream.h:87->firmware/nnet_utils/nnet_conv2d_stream.h:103]   --->   Operation 236 'br' <Predicate = (!icmp_ln213_1 & i_ic2_0_i_i_i_i_1 == 1)> <Delay = 0.00>
ST_10 : Operation 237 [1/1] (0.00ns)   --->   "store i8 %tmp_6, i8* @kernel_data_V_2_15, align 1" [firmware/nnet_utils/nnet_conv_stream.h:214->firmware/nnet_utils/nnet_conv_stream.h:252->firmware/nnet_utils/nnet_conv_stream.h:286->firmware/nnet_utils/nnet_conv2d_stream.h:87->firmware/nnet_utils/nnet_conv2d_stream.h:103]   --->   Operation 237 'store' <Predicate = (!icmp_ln213_1 & i_ic2_0_i_i_i_i_1 == 0)> <Delay = 0.00>
ST_10 : Operation 238 [1/1] (0.00ns)   --->   "br label %16" [firmware/nnet_utils/nnet_conv_stream.h:214->firmware/nnet_utils/nnet_conv_stream.h:252->firmware/nnet_utils/nnet_conv_stream.h:286->firmware/nnet_utils/nnet_conv2d_stream.h:87->firmware/nnet_utils/nnet_conv2d_stream.h:103]   --->   Operation 238 'br' <Predicate = (!icmp_ln213_1 & i_ic2_0_i_i_i_i_1 == 0)> <Delay = 0.00>
ST_10 : Operation 239 [1/1] (0.00ns)   --->   "store i8 %tmp_6, i8* @kernel_data_V_2_17, align 1" [firmware/nnet_utils/nnet_conv_stream.h:214->firmware/nnet_utils/nnet_conv_stream.h:252->firmware/nnet_utils/nnet_conv_stream.h:286->firmware/nnet_utils/nnet_conv2d_stream.h:87->firmware/nnet_utils/nnet_conv2d_stream.h:103]   --->   Operation 239 'store' <Predicate = (!icmp_ln213_1 & i_ic2_0_i_i_i_i_1 != 0 & i_ic2_0_i_i_i_i_1 != 1)> <Delay = 0.00>
ST_10 : Operation 240 [1/1] (0.00ns)   --->   "br label %16" [firmware/nnet_utils/nnet_conv_stream.h:214->firmware/nnet_utils/nnet_conv_stream.h:252->firmware/nnet_utils/nnet_conv_stream.h:286->firmware/nnet_utils/nnet_conv2d_stream.h:87->firmware/nnet_utils/nnet_conv2d_stream.h:103]   --->   Operation 240 'br' <Predicate = (!icmp_ln213_1 & i_ic2_0_i_i_i_i_1 != 0 & i_ic2_0_i_i_i_i_1 != 1)> <Delay = 0.00>
ST_10 : Operation 241 [1/1] (0.00ns)   --->   "br label %14" [firmware/nnet_utils/nnet_conv_stream.h:213->firmware/nnet_utils/nnet_conv_stream.h:252->firmware/nnet_utils/nnet_conv_stream.h:286->firmware/nnet_utils/nnet_conv2d_stream.h:87->firmware/nnet_utils/nnet_conv2d_stream.h:103]   --->   Operation 241 'br' <Predicate = (!icmp_ln213_1)> <Delay = 0.00>
ST_10 : Operation 242 [1/1] (0.00ns)   --->   "%empty_330 = call i32 (...)* @_ssdm_op_SpecRegionEnd([17 x i8]* @p_str49, i32 %tmp_3)" [firmware/nnet_utils/nnet_conv_stream.h:216->firmware/nnet_utils/nnet_conv_stream.h:252->firmware/nnet_utils/nnet_conv_stream.h:286->firmware/nnet_utils/nnet_conv2d_stream.h:87->firmware/nnet_utils/nnet_conv2d_stream.h:103]   --->   Operation 242 'specregionend' 'empty_330' <Predicate = (icmp_ln213_1)> <Delay = 0.00>
ST_10 : Operation 243 [1/1] (0.00ns)   --->   "%tmp_5 = call i32 (...)* @_ssdm_op_SpecRegionBegin([17 x i8]* @p_str49)" [firmware/nnet_utils/nnet_conv_stream.h:210->firmware/nnet_utils/nnet_conv_stream.h:252->firmware/nnet_utils/nnet_conv_stream.h:286->firmware/nnet_utils/nnet_conv2d_stream.h:87->firmware/nnet_utils/nnet_conv2d_stream.h:103]   --->   Operation 243 'specregionbegin' 'tmp_5' <Predicate = (icmp_ln213_1)> <Delay = 0.00>
ST_10 : Operation 244 [1/1] (1.76ns)   --->   "br label %17" [firmware/nnet_utils/nnet_conv_stream.h:213->firmware/nnet_utils/nnet_conv_stream.h:252->firmware/nnet_utils/nnet_conv_stream.h:286->firmware/nnet_utils/nnet_conv2d_stream.h:87->firmware/nnet_utils/nnet_conv2d_stream.h:103]   --->   Operation 244 'br' <Predicate = (icmp_ln213_1)> <Delay = 1.76>

State 11 <SV = 7> <Delay = 5.40>
ST_11 : Operation 245 [1/1] (0.00ns)   --->   "%i_ic2_0_i_i_i_i_2 = phi i2 [ 0, %KernelPushHeight1 ], [ %add_ln213_2, %19 ]" [firmware/nnet_utils/nnet_conv_stream.h:213->firmware/nnet_utils/nnet_conv_stream.h:252->firmware/nnet_utils/nnet_conv_stream.h:286->firmware/nnet_utils/nnet_conv2d_stream.h:87->firmware/nnet_utils/nnet_conv2d_stream.h:103]   --->   Operation 245 'phi' 'i_ic2_0_i_i_i_i_2' <Predicate = true> <Delay = 0.00>
ST_11 : Operation 246 [1/1] (0.95ns)   --->   "%icmp_ln213_2 = icmp eq i2 %i_ic2_0_i_i_i_i_2, -1" [firmware/nnet_utils/nnet_conv_stream.h:213->firmware/nnet_utils/nnet_conv_stream.h:252->firmware/nnet_utils/nnet_conv_stream.h:286->firmware/nnet_utils/nnet_conv2d_stream.h:87->firmware/nnet_utils/nnet_conv2d_stream.h:103]   --->   Operation 246 'icmp' 'icmp_ln213_2' <Predicate = true> <Delay = 0.95> <Core = "Cmp">   --->   Core 25 'Cmp' <Latency = 0> <II = 1> <Delay = 1.77> <FuncUnit> <Opcode : 'icmp'> <InPorts = 2> <OutPorts = 1>
ST_11 : Operation 247 [1/1] (0.00ns)   --->   "%empty_333 = call i32 (...)* @_ssdm_op_SpecLoopTripCount(i64 3, i64 3, i64 3)"   --->   Operation 247 'speclooptripcount' 'empty_333' <Predicate = true> <Delay = 0.00>
ST_11 : Operation 248 [1/1] (1.56ns)   --->   "%add_ln213_2 = add i2 %i_ic2_0_i_i_i_i_2, 1" [firmware/nnet_utils/nnet_conv_stream.h:213->firmware/nnet_utils/nnet_conv_stream.h:252->firmware/nnet_utils/nnet_conv_stream.h:286->firmware/nnet_utils/nnet_conv2d_stream.h:87->firmware/nnet_utils/nnet_conv2d_stream.h:103]   --->   Operation 248 'add' 'add_ln213_2' <Predicate = true> <Delay = 1.56> <Core = "AddSub">   --->   Core 14 'AddSub' <Latency = 0> <II = 1> <Delay = 2.55> <FuncUnit> <Opcode : 'add' 'sub'> <InPorts = 2> <OutPorts = 1>
ST_11 : Operation 249 [1/1] (0.00ns)   --->   "br i1 %icmp_ln213_2, label %KernelPushHeight_end, label %18" [firmware/nnet_utils/nnet_conv_stream.h:213->firmware/nnet_utils/nnet_conv_stream.h:252->firmware/nnet_utils/nnet_conv_stream.h:286->firmware/nnet_utils/nnet_conv2d_stream.h:87->firmware/nnet_utils/nnet_conv2d_stream.h:103]   --->   Operation 249 'br' <Predicate = true> <Delay = 0.00>
ST_11 : Operation 250 [1/1] (0.00ns)   --->   "call void (...)* @_ssdm_op_SpecLoopName([18 x i8]* @p_str50) nounwind" [firmware/nnet_utils/nnet_conv_stream.h:213->firmware/nnet_utils/nnet_conv_stream.h:252->firmware/nnet_utils/nnet_conv_stream.h:286->firmware/nnet_utils/nnet_conv2d_stream.h:87->firmware/nnet_utils/nnet_conv2d_stream.h:103]   --->   Operation 250 'specloopname' <Predicate = (!icmp_ln213_2)> <Delay = 0.00>
ST_11 : Operation 251 [1/1] (1.77ns)   --->   "%tmp_7 = call i8 @_ssdm_op_Mux.ap_auto.3i8.i2(i8 %tmp_data_0_V_1, i8 %tmp_data_1_V_1, i8 %tmp_data_2_V_1, i2 %i_ic2_0_i_i_i_i_2)" [firmware/nnet_utils/nnet_conv_stream.h:214->firmware/nnet_utils/nnet_conv_stream.h:252->firmware/nnet_utils/nnet_conv_stream.h:286->firmware/nnet_utils/nnet_conv2d_stream.h:87->firmware/nnet_utils/nnet_conv2d_stream.h:103]   --->   Operation 251 'mux' 'tmp_7' <Predicate = (!icmp_ln213_2)> <Delay = 1.77> <Core = "MuxnS">   --->   Core 31 'MuxnS' <Latency = 0> <II = 1> <Delay = 1.77> <FuncUnit> <Opcode : 'mux'> <InPorts = 2> <OutPorts = 1>
ST_11 : Operation 252 [1/1] (1.13ns)   --->   "switch i2 %i_ic2_0_i_i_i_i_2, label %branch26 [
    i2 0, label %branch24
    i2 1, label %branch25
  ]" [firmware/nnet_utils/nnet_conv_stream.h:214->firmware/nnet_utils/nnet_conv_stream.h:252->firmware/nnet_utils/nnet_conv_stream.h:286->firmware/nnet_utils/nnet_conv2d_stream.h:87->firmware/nnet_utils/nnet_conv2d_stream.h:103]   --->   Operation 252 'switch' <Predicate = (!icmp_ln213_2)> <Delay = 1.13>
ST_11 : Operation 253 [1/1] (0.00ns)   --->   "store i8 %tmp_7, i8* @kernel_data_V_2_25, align 1" [firmware/nnet_utils/nnet_conv_stream.h:214->firmware/nnet_utils/nnet_conv_stream.h:252->firmware/nnet_utils/nnet_conv_stream.h:286->firmware/nnet_utils/nnet_conv2d_stream.h:87->firmware/nnet_utils/nnet_conv2d_stream.h:103]   --->   Operation 253 'store' <Predicate = (!icmp_ln213_2 & i_ic2_0_i_i_i_i_2 == 1)> <Delay = 0.00>
ST_11 : Operation 254 [1/1] (0.00ns)   --->   "br label %19" [firmware/nnet_utils/nnet_conv_stream.h:214->firmware/nnet_utils/nnet_conv_stream.h:252->firmware/nnet_utils/nnet_conv_stream.h:286->firmware/nnet_utils/nnet_conv2d_stream.h:87->firmware/nnet_utils/nnet_conv2d_stream.h:103]   --->   Operation 254 'br' <Predicate = (!icmp_ln213_2 & i_ic2_0_i_i_i_i_2 == 1)> <Delay = 0.00>
ST_11 : Operation 255 [1/1] (1.76ns)   --->   "store i8 %tmp_7, i8* @kernel_data_V_2_24, align 1" [firmware/nnet_utils/nnet_conv_stream.h:214->firmware/nnet_utils/nnet_conv_stream.h:252->firmware/nnet_utils/nnet_conv_stream.h:286->firmware/nnet_utils/nnet_conv2d_stream.h:87->firmware/nnet_utils/nnet_conv2d_stream.h:103]   --->   Operation 255 'store' <Predicate = (!icmp_ln213_2 & i_ic2_0_i_i_i_i_2 == 0)> <Delay = 1.76>
ST_11 : Operation 256 [1/1] (0.00ns)   --->   "br label %19" [firmware/nnet_utils/nnet_conv_stream.h:214->firmware/nnet_utils/nnet_conv_stream.h:252->firmware/nnet_utils/nnet_conv_stream.h:286->firmware/nnet_utils/nnet_conv2d_stream.h:87->firmware/nnet_utils/nnet_conv2d_stream.h:103]   --->   Operation 256 'br' <Predicate = (!icmp_ln213_2 & i_ic2_0_i_i_i_i_2 == 0)> <Delay = 0.00>
ST_11 : Operation 257 [1/1] (0.00ns)   --->   "store i8 %tmp_7, i8* @kernel_data_V_2_26, align 1" [firmware/nnet_utils/nnet_conv_stream.h:214->firmware/nnet_utils/nnet_conv_stream.h:252->firmware/nnet_utils/nnet_conv_stream.h:286->firmware/nnet_utils/nnet_conv2d_stream.h:87->firmware/nnet_utils/nnet_conv2d_stream.h:103]   --->   Operation 257 'store' <Predicate = (!icmp_ln213_2 & i_ic2_0_i_i_i_i_2 != 0 & i_ic2_0_i_i_i_i_2 != 1)> <Delay = 0.00>
ST_11 : Operation 258 [1/1] (0.00ns)   --->   "br label %19" [firmware/nnet_utils/nnet_conv_stream.h:214->firmware/nnet_utils/nnet_conv_stream.h:252->firmware/nnet_utils/nnet_conv_stream.h:286->firmware/nnet_utils/nnet_conv2d_stream.h:87->firmware/nnet_utils/nnet_conv2d_stream.h:103]   --->   Operation 258 'br' <Predicate = (!icmp_ln213_2 & i_ic2_0_i_i_i_i_2 != 0 & i_ic2_0_i_i_i_i_2 != 1)> <Delay = 0.00>
ST_11 : Operation 259 [1/1] (0.00ns)   --->   "br label %17" [firmware/nnet_utils/nnet_conv_stream.h:213->firmware/nnet_utils/nnet_conv_stream.h:252->firmware/nnet_utils/nnet_conv_stream.h:286->firmware/nnet_utils/nnet_conv2d_stream.h:87->firmware/nnet_utils/nnet_conv2d_stream.h:103]   --->   Operation 259 'br' <Predicate = (!icmp_ln213_2)> <Delay = 0.00>
ST_11 : Operation 260 [1/1] (0.00ns)   --->   "%empty_332 = call i32 (...)* @_ssdm_op_SpecRegionEnd([17 x i8]* @p_str49, i32 %tmp_5)" [firmware/nnet_utils/nnet_conv_stream.h:216->firmware/nnet_utils/nnet_conv_stream.h:252->firmware/nnet_utils/nnet_conv_stream.h:286->firmware/nnet_utils/nnet_conv2d_stream.h:87->firmware/nnet_utils/nnet_conv2d_stream.h:103]   --->   Operation 260 'specregionend' 'empty_332' <Predicate = (icmp_ln213_2)> <Delay = 0.00>
ST_11 : Operation 261 [1/1] (0.00ns)   --->   "%sX_load = load i32* @sX, align 4" [firmware/nnet_utils/nnet_conv_stream.h:289->firmware/nnet_utils/nnet_conv2d_stream.h:87->firmware/nnet_utils/nnet_conv2d_stream.h:103]   --->   Operation 261 'load' 'sX_load' <Predicate = (icmp_ln213_2)> <Delay = 0.00>
ST_11 : Operation 262 [1/1] (2.47ns)   --->   "%icmp_ln289 = icmp eq i32 %sX_load, 2" [firmware/nnet_utils/nnet_conv_stream.h:289->firmware/nnet_utils/nnet_conv2d_stream.h:87->firmware/nnet_utils/nnet_conv2d_stream.h:103]   --->   Operation 262 'icmp' 'icmp_ln289' <Predicate = (icmp_ln213_2)> <Delay = 2.47> <Core = "Cmp">   --->   Core 25 'Cmp' <Latency = 0> <II = 1> <Delay = 1.77> <FuncUnit> <Opcode : 'icmp'> <InPorts = 2> <OutPorts = 1>
ST_11 : Operation 263 [1/1] (0.00ns)   --->   "%sY_load = load i32* @sY, align 4" [firmware/nnet_utils/nnet_conv_stream.h:289->firmware/nnet_utils/nnet_conv2d_stream.h:87->firmware/nnet_utils/nnet_conv2d_stream.h:103]   --->   Operation 263 'load' 'sY_load' <Predicate = (icmp_ln213_2)> <Delay = 0.00>
ST_11 : Operation 264 [1/1] (2.47ns)   --->   "%icmp_ln289_1 = icmp eq i32 %sY_load, 2" [firmware/nnet_utils/nnet_conv_stream.h:289->firmware/nnet_utils/nnet_conv2d_stream.h:87->firmware/nnet_utils/nnet_conv2d_stream.h:103]   --->   Operation 264 'icmp' 'icmp_ln289_1' <Predicate = (icmp_ln213_2)> <Delay = 2.47> <Core = "Cmp">   --->   Core 25 'Cmp' <Latency = 0> <II = 1> <Delay = 1.77> <FuncUnit> <Opcode : 'icmp'> <InPorts = 2> <OutPorts = 1>
ST_11 : Operation 265 [1/1] (0.00ns)   --->   "%pY_load = load i32* @pY, align 4" [firmware/nnet_utils/nnet_conv_stream.h:289->firmware/nnet_utils/nnet_conv2d_stream.h:87->firmware/nnet_utils/nnet_conv2d_stream.h:103]   --->   Operation 265 'load' 'pY_load' <Predicate = (icmp_ln213_2)> <Delay = 0.00>
ST_11 : Operation 266 [1/1] (0.00ns)   --->   "%tmp = call i31 @_ssdm_op_PartSelect.i31.i32.i32.i32(i32 %pY_load, i32 1, i32 31)" [firmware/nnet_utils/nnet_conv_stream.h:289->firmware/nnet_utils/nnet_conv2d_stream.h:87->firmware/nnet_utils/nnet_conv2d_stream.h:103]   --->   Operation 266 'partselect' 'tmp' <Predicate = (icmp_ln213_2)> <Delay = 0.00>
ST_11 : Operation 267 [1/1] (2.47ns)   --->   "%icmp_ln289_2 = icmp sgt i31 %tmp, 0" [firmware/nnet_utils/nnet_conv_stream.h:289->firmware/nnet_utils/nnet_conv2d_stream.h:87->firmware/nnet_utils/nnet_conv2d_stream.h:103]   --->   Operation 267 'icmp' 'icmp_ln289_2' <Predicate = (icmp_ln213_2)> <Delay = 2.47> <Core = "Cmp">   --->   Core 25 'Cmp' <Latency = 0> <II = 1> <Delay = 1.77> <FuncUnit> <Opcode : 'icmp'> <InPorts = 2> <OutPorts = 1>
ST_11 : Operation 268 [1/1] (0.00ns)   --->   "%pX_load = load i32* @pX, align 4" [firmware/nnet_utils/nnet_conv_stream.h:289->firmware/nnet_utils/nnet_conv2d_stream.h:87->firmware/nnet_utils/nnet_conv2d_stream.h:103]   --->   Operation 268 'load' 'pX_load' <Predicate = (icmp_ln213_2)> <Delay = 0.00>
ST_11 : Operation 269 [1/1] (0.00ns)   --->   "%tmp_386 = call i31 @_ssdm_op_PartSelect.i31.i32.i32.i32(i32 %pX_load, i32 1, i32 31)" [firmware/nnet_utils/nnet_conv_stream.h:289->firmware/nnet_utils/nnet_conv2d_stream.h:87->firmware/nnet_utils/nnet_conv2d_stream.h:103]   --->   Operation 269 'partselect' 'tmp_386' <Predicate = (icmp_ln213_2)> <Delay = 0.00>
ST_11 : Operation 270 [1/1] (2.47ns)   --->   "%icmp_ln289_3 = icmp sgt i31 %tmp_386, 0" [firmware/nnet_utils/nnet_conv_stream.h:289->firmware/nnet_utils/nnet_conv2d_stream.h:87->firmware/nnet_utils/nnet_conv2d_stream.h:103]   --->   Operation 270 'icmp' 'icmp_ln289_3' <Predicate = (icmp_ln213_2)> <Delay = 2.47> <Core = "Cmp">   --->   Core 25 'Cmp' <Latency = 0> <II = 1> <Delay = 1.77> <FuncUnit> <Opcode : 'icmp'> <InPorts = 2> <OutPorts = 1>
ST_11 : Operation 271 [1/1] (0.00ns) (grouped into LUT with out node and_ln289_2)   --->   "%and_ln289 = and i1 %icmp_ln289, %icmp_ln289_1" [firmware/nnet_utils/nnet_conv_stream.h:289->firmware/nnet_utils/nnet_conv2d_stream.h:87->firmware/nnet_utils/nnet_conv2d_stream.h:103]   --->   Operation 271 'and' 'and_ln289' <Predicate = (icmp_ln213_2)> <Delay = 0.00> <Core = "LogicGate">   --->   Core 27 'LogicGate' <Latency = 0> <II = 1> <Delay = 0.97> <FuncUnit> <Opcode : 'and' 'or' 'xor'> <InPorts = 2> <OutPorts = 1>
ST_11 : Operation 272 [1/1] (0.00ns) (grouped into LUT with out node and_ln289_2)   --->   "%and_ln289_1 = and i1 %icmp_ln289_2, %icmp_ln289_3" [firmware/nnet_utils/nnet_conv_stream.h:289->firmware/nnet_utils/nnet_conv2d_stream.h:87->firmware/nnet_utils/nnet_conv2d_stream.h:103]   --->   Operation 272 'and' 'and_ln289_1' <Predicate = (icmp_ln213_2)> <Delay = 0.00> <Core = "LogicGate">   --->   Core 27 'LogicGate' <Latency = 0> <II = 1> <Delay = 0.97> <FuncUnit> <Opcode : 'and' 'or' 'xor'> <InPorts = 2> <OutPorts = 1>
ST_11 : Operation 273 [1/1] (0.97ns) (out node of the LUT)   --->   "%and_ln289_2 = and i1 %and_ln289_1, %and_ln289" [firmware/nnet_utils/nnet_conv_stream.h:289->firmware/nnet_utils/nnet_conv2d_stream.h:87->firmware/nnet_utils/nnet_conv2d_stream.h:103]   --->   Operation 273 'and' 'and_ln289_2' <Predicate = (icmp_ln213_2)> <Delay = 0.97> <Core = "LogicGate">   --->   Core 27 'LogicGate' <Latency = 0> <II = 1> <Delay = 0.97> <FuncUnit> <Opcode : 'and' 'or' 'xor'> <InPorts = 2> <OutPorts = 1>
ST_11 : Operation 274 [1/1] (0.00ns)   --->   "br i1 %and_ln289_2, label %hls_label_1_begin, label %._crit_edge22.i.i" [firmware/nnet_utils/nnet_conv_stream.h:289->firmware/nnet_utils/nnet_conv2d_stream.h:87->firmware/nnet_utils/nnet_conv2d_stream.h:103]   --->   Operation 274 'br' <Predicate = (icmp_ln213_2)> <Delay = 0.00>
ST_11 : Operation 275 [1/1] (0.00ns)   --->   "%tmp_8 = call i32 (...)* @_ssdm_op_SpecRegionBegin([12 x i8]* @p_str64)" [firmware/nnet_utils/nnet_conv_stream.h:289->firmware/nnet_utils/nnet_conv2d_stream.h:87->firmware/nnet_utils/nnet_conv2d_stream.h:103]   --->   Operation 275 'specregionbegin' 'tmp_8' <Predicate = (icmp_ln213_2 & and_ln289_2)> <Delay = 0.00>
ST_11 : Operation 276 [1/1] (1.76ns)   --->   "br label %ReuseLoop_begin" [firmware/nnet_utils/nnet_dense_resource.h:129->firmware/nnet_utils/nnet_dense_resource.h:255->firmware/nnet_utils/nnet_conv_stream.h:297->firmware/nnet_utils/nnet_conv2d_stream.h:87->firmware/nnet_utils/nnet_conv2d_stream.h:103]   --->   Operation 276 'br' <Predicate = (icmp_ln213_2 & and_ln289_2)> <Delay = 1.76>

State 12 <SV = 8> <Delay = 3.25>
ST_12 : Operation 277 [1/1] (0.00ns)   --->   "%w_index165 = phi i10 [ 0, %hls_label_1_begin ], [ %w_index, %ReuseLoop_end ]"   --->   Operation 277 'phi' 'w_index165' <Predicate = true> <Delay = 0.00>
ST_12 : Operation 278 [1/1] (0.00ns)   --->   "%zext_ln133 = zext i10 %w_index165 to i64" [firmware/nnet_utils/nnet_dense_resource.h:133->firmware/nnet_utils/nnet_dense_resource.h:255->firmware/nnet_utils/nnet_conv_stream.h:297->firmware/nnet_utils/nnet_conv2d_stream.h:87->firmware/nnet_utils/nnet_conv2d_stream.h:103]   --->   Operation 278 'zext' 'zext_ln133' <Predicate = true> <Delay = 0.00>
ST_12 : Operation 279 [1/1] (0.00ns)   --->   "%outidx4_addr = getelementptr [864 x i5]* @outidx4, i64 0, i64 %zext_ln133" [firmware/nnet_utils/nnet_dense_resource.h:133->firmware/nnet_utils/nnet_dense_resource.h:255->firmware/nnet_utils/nnet_conv_stream.h:297->firmware/nnet_utils/nnet_conv2d_stream.h:87->firmware/nnet_utils/nnet_conv2d_stream.h:103]   --->   Operation 279 'getelementptr' 'outidx4_addr' <Predicate = true> <Delay = 0.00>
ST_12 : Operation 280 [2/2] (3.25ns)   --->   "%out_index = load i5* %outidx4_addr, align 1" [firmware/nnet_utils/nnet_dense_resource.h:133->firmware/nnet_utils/nnet_dense_resource.h:255->firmware/nnet_utils/nnet_conv_stream.h:297->firmware/nnet_utils/nnet_conv2d_stream.h:87->firmware/nnet_utils/nnet_conv2d_stream.h:103]   --->   Operation 280 'load' 'out_index' <Predicate = true> <Delay = 3.25> <Core = "ROM_nP">   --->   Core 52 'ROM_nP' <Latency = 1> <II = 1> <Delay = 3.25> <Storage> <Opcode : 'load'> <Ports = 0> <Width = 8> <Depth = 864> <ROM>
ST_12 : Operation 281 [1/1] (1.73ns)   --->   "%w_index = add i10 1, %w_index165" [firmware/nnet_utils/nnet_dense_resource.h:129->firmware/nnet_utils/nnet_dense_resource.h:255->firmware/nnet_utils/nnet_conv_stream.h:297->firmware/nnet_utils/nnet_conv2d_stream.h:87->firmware/nnet_utils/nnet_conv2d_stream.h:103]   --->   Operation 281 'add' 'w_index' <Predicate = true> <Delay = 1.73> <Core = "AddSub">   --->   Core 14 'AddSub' <Latency = 0> <II = 1> <Delay = 2.55> <FuncUnit> <Opcode : 'add' 'sub'> <InPorts = 2> <OutPorts = 1>
ST_12 : Operation 282 [1/1] (0.00ns)   --->   "%w2_V_addr = getelementptr [864 x i8]* @w2_V, i64 0, i64 %zext_ln133" [firmware/nnet_utils/nnet_dense_resource.h:139->firmware/nnet_utils/nnet_dense_resource.h:255->firmware/nnet_utils/nnet_conv_stream.h:297->firmware/nnet_utils/nnet_conv2d_stream.h:87->firmware/nnet_utils/nnet_conv2d_stream.h:103]   --->   Operation 282 'getelementptr' 'w2_V_addr' <Predicate = true> <Delay = 0.00>
ST_12 : Operation 283 [2/2] (3.25ns)   --->   "%w2_V_load = load i8* %w2_V_addr, align 1" [firmware/nnet_utils/nnet_dense_resource.h:139->firmware/nnet_utils/nnet_dense_resource.h:255->firmware/nnet_utils/nnet_conv_stream.h:297->firmware/nnet_utils/nnet_conv2d_stream.h:87->firmware/nnet_utils/nnet_conv2d_stream.h:103]   --->   Operation 283 'load' 'w2_V_load' <Predicate = true> <Delay = 3.25> <Core = "ROM_nP">   --->   Core 52 'ROM_nP' <Latency = 1> <II = 1> <Delay = 3.25> <Storage> <Opcode : 'load'> <Ports = 0> <Width = 8> <Depth = 864> <ROM>
ST_12 : Operation 284 [1/1] (1.77ns)   --->   "%icmp_ln129 = icmp eq i10 %w_index165, -161" [firmware/nnet_utils/nnet_dense_resource.h:129->firmware/nnet_utils/nnet_dense_resource.h:255->firmware/nnet_utils/nnet_conv_stream.h:297->firmware/nnet_utils/nnet_conv2d_stream.h:87->firmware/nnet_utils/nnet_conv2d_stream.h:103]   --->   Operation 284 'icmp' 'icmp_ln129' <Predicate = true> <Delay = 1.77> <Core = "Cmp">   --->   Core 25 'Cmp' <Latency = 0> <II = 1> <Delay = 1.77> <FuncUnit> <Opcode : 'icmp'> <InPorts = 2> <OutPorts = 1>
ST_12 : Operation 285 [1/1] (0.00ns)   --->   "br i1 %icmp_ln129, label %hls_label_1_end, label %ReuseLoop_begin" [firmware/nnet_utils/nnet_dense_resource.h:129->firmware/nnet_utils/nnet_dense_resource.h:255->firmware/nnet_utils/nnet_conv_stream.h:297->firmware/nnet_utils/nnet_conv2d_stream.h:87->firmware/nnet_utils/nnet_conv2d_stream.h:103]   --->   Operation 285 'br' <Predicate = true> <Delay = 0.00>

State 13 <SV = 9> <Delay = 5.72>
ST_13 : Operation 286 [1/1] (0.00ns)   --->   "%in_index_0_i_i_i_i164 = phi i32 [ 0, %hls_label_1_begin ], [ %select_ln148, %ReuseLoop_end ]" [firmware/nnet_utils/nnet_dense_resource.h:148->firmware/nnet_utils/nnet_dense_resource.h:255->firmware/nnet_utils/nnet_conv_stream.h:297->firmware/nnet_utils/nnet_conv2d_stream.h:87->firmware/nnet_utils/nnet_conv2d_stream.h:103]   --->   Operation 286 'phi' 'in_index_0_i_i_i_i164' <Predicate = true> <Delay = 0.00>
ST_13 : Operation 287 [1/2] (3.25ns)   --->   "%out_index = load i5* %outidx4_addr, align 1" [firmware/nnet_utils/nnet_dense_resource.h:133->firmware/nnet_utils/nnet_dense_resource.h:255->firmware/nnet_utils/nnet_conv_stream.h:297->firmware/nnet_utils/nnet_conv2d_stream.h:87->firmware/nnet_utils/nnet_conv2d_stream.h:103]   --->   Operation 287 'load' 'out_index' <Predicate = true> <Delay = 3.25> <Core = "ROM_nP">   --->   Core 52 'ROM_nP' <Latency = 1> <II = 1> <Delay = 3.25> <Storage> <Opcode : 'load'> <Ports = 0> <Width = 8> <Depth = 864> <ROM>
ST_13 : Operation 288 [1/1] (0.00ns)   --->   "%trunc_ln139 = trunc i32 %in_index_0_i_i_i_i164 to i5" [firmware/nnet_utils/nnet_dense_resource.h:139->firmware/nnet_utils/nnet_dense_resource.h:255->firmware/nnet_utils/nnet_conv_stream.h:297->firmware/nnet_utils/nnet_conv2d_stream.h:87->firmware/nnet_utils/nnet_conv2d_stream.h:103]   --->   Operation 288 'trunc' 'trunc_ln139' <Predicate = true> <Delay = 0.00>
ST_13 : Operation 289 [1/1] (1.42ns)   --->   "switch i5 %trunc_ln139, label %case26.i.i [
    i5 0, label %case0.i.i
    i5 1, label %case1.i.i
    i5 2, label %case2.i.i
    i5 3, label %case3.i.i
    i5 4, label %case4.i.i
    i5 5, label %case5.i.i
    i5 6, label %case6.i.i
    i5 7, label %case7.i.i
    i5 8, label %case8.i.i
    i5 9, label %case9.i.i
    i5 10, label %case10.i.i
    i5 11, label %case11.i.i
    i5 12, label %case12.i.i
    i5 13, label %case13.i.i
    i5 14, label %case14.i.i
    i5 15, label %case15.i.i
    i5 -16, label %case16.i.i
    i5 -15, label %case17.i.i
    i5 -14, label %case18.i.i
    i5 -13, label %case19.i.i
    i5 -12, label %case20.i.i
    i5 -11, label %case21.i.i
    i5 -10, label %case22.i.i
    i5 -9, label %case23.i.i
    i5 -8, label %case24.i.i
    i5 -7, label %case25.i.i
  ]" [aesl_mux_load.27i8P.i5:55->firmware/nnet_utils/nnet_dense_resource.h:139->firmware/nnet_utils/nnet_dense_resource.h:255->firmware/nnet_utils/nnet_conv_stream.h:297->firmware/nnet_utils/nnet_conv2d_stream.h:87->firmware/nnet_utils/nnet_conv2d_stream.h:103]   --->   Operation 289 'switch' <Predicate = true> <Delay = 1.42>
ST_13 : Operation 290 [1/1] (0.00ns)   --->   "%kernel_data_V_2_25_load_1 = load i8* @kernel_data_V_2_25, align 1" [aesl_mux_load.27i8P.i5:51->firmware/nnet_utils/nnet_dense_resource.h:139->firmware/nnet_utils/nnet_dense_resource.h:255->firmware/nnet_utils/nnet_conv_stream.h:297->firmware/nnet_utils/nnet_conv2d_stream.h:87->firmware/nnet_utils/nnet_conv2d_stream.h:103]   --->   Operation 290 'load' 'kernel_data_V_2_25_load_1' <Predicate = (trunc_ln139 == 25)> <Delay = 0.00>
ST_13 : Operation 291 [1/1] (2.56ns)   --->   "br label %aesl_mux_load.27i8P.i5.exit" [aesl_mux_load.27i8P.i5:54->firmware/nnet_utils/nnet_dense_resource.h:139->firmware/nnet_utils/nnet_dense_resource.h:255->firmware/nnet_utils/nnet_conv_stream.h:297->firmware/nnet_utils/nnet_conv2d_stream.h:87->firmware/nnet_utils/nnet_conv2d_stream.h:103]   --->   Operation 291 'br' <Predicate = (trunc_ln139 == 25)> <Delay = 2.56>
ST_13 : Operation 292 [1/1] (0.00ns)   --->   "%kernel_data_V_2_24_load_1 = load i8* @kernel_data_V_2_24, align 1" [aesl_mux_load.27i8P.i5:49->firmware/nnet_utils/nnet_dense_resource.h:139->firmware/nnet_utils/nnet_dense_resource.h:255->firmware/nnet_utils/nnet_conv_stream.h:297->firmware/nnet_utils/nnet_conv2d_stream.h:87->firmware/nnet_utils/nnet_conv2d_stream.h:103]   --->   Operation 292 'load' 'kernel_data_V_2_24_load_1' <Predicate = (trunc_ln139 == 24)> <Delay = 0.00>
ST_13 : Operation 293 [1/1] (2.56ns)   --->   "br label %aesl_mux_load.27i8P.i5.exit" [aesl_mux_load.27i8P.i5:54->firmware/nnet_utils/nnet_dense_resource.h:139->firmware/nnet_utils/nnet_dense_resource.h:255->firmware/nnet_utils/nnet_conv_stream.h:297->firmware/nnet_utils/nnet_conv2d_stream.h:87->firmware/nnet_utils/nnet_conv2d_stream.h:103]   --->   Operation 293 'br' <Predicate = (trunc_ln139 == 24)> <Delay = 2.56>
ST_13 : Operation 294 [1/1] (0.00ns)   --->   "%kernel_data_V_2_23_load_1 = load i8* @kernel_data_V_2_23, align 1" [aesl_mux_load.27i8P.i5:47->firmware/nnet_utils/nnet_dense_resource.h:139->firmware/nnet_utils/nnet_dense_resource.h:255->firmware/nnet_utils/nnet_conv_stream.h:297->firmware/nnet_utils/nnet_conv2d_stream.h:87->firmware/nnet_utils/nnet_conv2d_stream.h:103]   --->   Operation 294 'load' 'kernel_data_V_2_23_load_1' <Predicate = (trunc_ln139 == 23)> <Delay = 0.00>
ST_13 : Operation 295 [1/1] (2.56ns)   --->   "br label %aesl_mux_load.27i8P.i5.exit" [aesl_mux_load.27i8P.i5:54->firmware/nnet_utils/nnet_dense_resource.h:139->firmware/nnet_utils/nnet_dense_resource.h:255->firmware/nnet_utils/nnet_conv_stream.h:297->firmware/nnet_utils/nnet_conv2d_stream.h:87->firmware/nnet_utils/nnet_conv2d_stream.h:103]   --->   Operation 295 'br' <Predicate = (trunc_ln139 == 23)> <Delay = 2.56>
ST_13 : Operation 296 [1/1] (0.00ns)   --->   "%kernel_data_V_2_22_load_1 = load i8* @kernel_data_V_2_22, align 1" [aesl_mux_load.27i8P.i5:45->firmware/nnet_utils/nnet_dense_resource.h:139->firmware/nnet_utils/nnet_dense_resource.h:255->firmware/nnet_utils/nnet_conv_stream.h:297->firmware/nnet_utils/nnet_conv2d_stream.h:87->firmware/nnet_utils/nnet_conv2d_stream.h:103]   --->   Operation 296 'load' 'kernel_data_V_2_22_load_1' <Predicate = (trunc_ln139 == 22)> <Delay = 0.00>
ST_13 : Operation 297 [1/1] (2.56ns)   --->   "br label %aesl_mux_load.27i8P.i5.exit" [aesl_mux_load.27i8P.i5:54->firmware/nnet_utils/nnet_dense_resource.h:139->firmware/nnet_utils/nnet_dense_resource.h:255->firmware/nnet_utils/nnet_conv_stream.h:297->firmware/nnet_utils/nnet_conv2d_stream.h:87->firmware/nnet_utils/nnet_conv2d_stream.h:103]   --->   Operation 297 'br' <Predicate = (trunc_ln139 == 22)> <Delay = 2.56>
ST_13 : Operation 298 [1/1] (0.00ns)   --->   "%kernel_data_V_2_21_load_1 = load i8* @kernel_data_V_2_21, align 1" [aesl_mux_load.27i8P.i5:43->firmware/nnet_utils/nnet_dense_resource.h:139->firmware/nnet_utils/nnet_dense_resource.h:255->firmware/nnet_utils/nnet_conv_stream.h:297->firmware/nnet_utils/nnet_conv2d_stream.h:87->firmware/nnet_utils/nnet_conv2d_stream.h:103]   --->   Operation 298 'load' 'kernel_data_V_2_21_load_1' <Predicate = (trunc_ln139 == 21)> <Delay = 0.00>
ST_13 : Operation 299 [1/1] (2.56ns)   --->   "br label %aesl_mux_load.27i8P.i5.exit" [aesl_mux_load.27i8P.i5:54->firmware/nnet_utils/nnet_dense_resource.h:139->firmware/nnet_utils/nnet_dense_resource.h:255->firmware/nnet_utils/nnet_conv_stream.h:297->firmware/nnet_utils/nnet_conv2d_stream.h:87->firmware/nnet_utils/nnet_conv2d_stream.h:103]   --->   Operation 299 'br' <Predicate = (trunc_ln139 == 21)> <Delay = 2.56>
ST_13 : Operation 300 [1/1] (0.00ns)   --->   "%kernel_data_V_2_20_load = load i8* @kernel_data_V_2_20, align 1" [aesl_mux_load.27i8P.i5:41->firmware/nnet_utils/nnet_dense_resource.h:139->firmware/nnet_utils/nnet_dense_resource.h:255->firmware/nnet_utils/nnet_conv_stream.h:297->firmware/nnet_utils/nnet_conv2d_stream.h:87->firmware/nnet_utils/nnet_conv2d_stream.h:103]   --->   Operation 300 'load' 'kernel_data_V_2_20_load' <Predicate = (trunc_ln139 == 20)> <Delay = 0.00>
ST_13 : Operation 301 [1/1] (2.56ns)   --->   "br label %aesl_mux_load.27i8P.i5.exit" [aesl_mux_load.27i8P.i5:54->firmware/nnet_utils/nnet_dense_resource.h:139->firmware/nnet_utils/nnet_dense_resource.h:255->firmware/nnet_utils/nnet_conv_stream.h:297->firmware/nnet_utils/nnet_conv2d_stream.h:87->firmware/nnet_utils/nnet_conv2d_stream.h:103]   --->   Operation 301 'br' <Predicate = (trunc_ln139 == 20)> <Delay = 2.56>
ST_13 : Operation 302 [1/1] (0.00ns)   --->   "%kernel_data_V_2_19_load = load i8* @kernel_data_V_2_19, align 1" [aesl_mux_load.27i8P.i5:39->firmware/nnet_utils/nnet_dense_resource.h:139->firmware/nnet_utils/nnet_dense_resource.h:255->firmware/nnet_utils/nnet_conv_stream.h:297->firmware/nnet_utils/nnet_conv2d_stream.h:87->firmware/nnet_utils/nnet_conv2d_stream.h:103]   --->   Operation 302 'load' 'kernel_data_V_2_19_load' <Predicate = (trunc_ln139 == 19)> <Delay = 0.00>
ST_13 : Operation 303 [1/1] (2.56ns)   --->   "br label %aesl_mux_load.27i8P.i5.exit" [aesl_mux_load.27i8P.i5:54->firmware/nnet_utils/nnet_dense_resource.h:139->firmware/nnet_utils/nnet_dense_resource.h:255->firmware/nnet_utils/nnet_conv_stream.h:297->firmware/nnet_utils/nnet_conv2d_stream.h:87->firmware/nnet_utils/nnet_conv2d_stream.h:103]   --->   Operation 303 'br' <Predicate = (trunc_ln139 == 19)> <Delay = 2.56>
ST_13 : Operation 304 [1/1] (0.00ns)   --->   "%kernel_data_V_2_18_load = load i8* @kernel_data_V_2_18, align 1" [aesl_mux_load.27i8P.i5:37->firmware/nnet_utils/nnet_dense_resource.h:139->firmware/nnet_utils/nnet_dense_resource.h:255->firmware/nnet_utils/nnet_conv_stream.h:297->firmware/nnet_utils/nnet_conv2d_stream.h:87->firmware/nnet_utils/nnet_conv2d_stream.h:103]   --->   Operation 304 'load' 'kernel_data_V_2_18_load' <Predicate = (trunc_ln139 == 18)> <Delay = 0.00>
ST_13 : Operation 305 [1/1] (2.56ns)   --->   "br label %aesl_mux_load.27i8P.i5.exit" [aesl_mux_load.27i8P.i5:54->firmware/nnet_utils/nnet_dense_resource.h:139->firmware/nnet_utils/nnet_dense_resource.h:255->firmware/nnet_utils/nnet_conv_stream.h:297->firmware/nnet_utils/nnet_conv2d_stream.h:87->firmware/nnet_utils/nnet_conv2d_stream.h:103]   --->   Operation 305 'br' <Predicate = (trunc_ln139 == 18)> <Delay = 2.56>
ST_13 : Operation 306 [1/1] (0.00ns)   --->   "%kernel_data_V_2_17_load_1 = load i8* @kernel_data_V_2_17, align 1" [aesl_mux_load.27i8P.i5:35->firmware/nnet_utils/nnet_dense_resource.h:139->firmware/nnet_utils/nnet_dense_resource.h:255->firmware/nnet_utils/nnet_conv_stream.h:297->firmware/nnet_utils/nnet_conv2d_stream.h:87->firmware/nnet_utils/nnet_conv2d_stream.h:103]   --->   Operation 306 'load' 'kernel_data_V_2_17_load_1' <Predicate = (trunc_ln139 == 17)> <Delay = 0.00>
ST_13 : Operation 307 [1/1] (2.56ns)   --->   "br label %aesl_mux_load.27i8P.i5.exit" [aesl_mux_load.27i8P.i5:54->firmware/nnet_utils/nnet_dense_resource.h:139->firmware/nnet_utils/nnet_dense_resource.h:255->firmware/nnet_utils/nnet_conv_stream.h:297->firmware/nnet_utils/nnet_conv2d_stream.h:87->firmware/nnet_utils/nnet_conv2d_stream.h:103]   --->   Operation 307 'br' <Predicate = (trunc_ln139 == 17)> <Delay = 2.56>
ST_13 : Operation 308 [1/1] (0.00ns)   --->   "%kernel_data_V_2_16_load_1 = load i8* @kernel_data_V_2_16, align 1" [aesl_mux_load.27i8P.i5:33->firmware/nnet_utils/nnet_dense_resource.h:139->firmware/nnet_utils/nnet_dense_resource.h:255->firmware/nnet_utils/nnet_conv_stream.h:297->firmware/nnet_utils/nnet_conv2d_stream.h:87->firmware/nnet_utils/nnet_conv2d_stream.h:103]   --->   Operation 308 'load' 'kernel_data_V_2_16_load_1' <Predicate = (trunc_ln139 == 16)> <Delay = 0.00>
ST_13 : Operation 309 [1/1] (2.56ns)   --->   "br label %aesl_mux_load.27i8P.i5.exit" [aesl_mux_load.27i8P.i5:54->firmware/nnet_utils/nnet_dense_resource.h:139->firmware/nnet_utils/nnet_dense_resource.h:255->firmware/nnet_utils/nnet_conv_stream.h:297->firmware/nnet_utils/nnet_conv2d_stream.h:87->firmware/nnet_utils/nnet_conv2d_stream.h:103]   --->   Operation 309 'br' <Predicate = (trunc_ln139 == 16)> <Delay = 2.56>
ST_13 : Operation 310 [1/1] (0.00ns)   --->   "%kernel_data_V_2_15_load_1 = load i8* @kernel_data_V_2_15, align 1" [aesl_mux_load.27i8P.i5:31->firmware/nnet_utils/nnet_dense_resource.h:139->firmware/nnet_utils/nnet_dense_resource.h:255->firmware/nnet_utils/nnet_conv_stream.h:297->firmware/nnet_utils/nnet_conv2d_stream.h:87->firmware/nnet_utils/nnet_conv2d_stream.h:103]   --->   Operation 310 'load' 'kernel_data_V_2_15_load_1' <Predicate = (trunc_ln139 == 15)> <Delay = 0.00>
ST_13 : Operation 311 [1/1] (2.56ns)   --->   "br label %aesl_mux_load.27i8P.i5.exit" [aesl_mux_load.27i8P.i5:54->firmware/nnet_utils/nnet_dense_resource.h:139->firmware/nnet_utils/nnet_dense_resource.h:255->firmware/nnet_utils/nnet_conv_stream.h:297->firmware/nnet_utils/nnet_conv2d_stream.h:87->firmware/nnet_utils/nnet_conv2d_stream.h:103]   --->   Operation 311 'br' <Predicate = (trunc_ln139 == 15)> <Delay = 2.56>
ST_13 : Operation 312 [1/1] (0.00ns)   --->   "%kernel_data_V_2_14_load_1 = load i8* @kernel_data_V_2_14, align 1" [aesl_mux_load.27i8P.i5:29->firmware/nnet_utils/nnet_dense_resource.h:139->firmware/nnet_utils/nnet_dense_resource.h:255->firmware/nnet_utils/nnet_conv_stream.h:297->firmware/nnet_utils/nnet_conv2d_stream.h:87->firmware/nnet_utils/nnet_conv2d_stream.h:103]   --->   Operation 312 'load' 'kernel_data_V_2_14_load_1' <Predicate = (trunc_ln139 == 14)> <Delay = 0.00>
ST_13 : Operation 313 [1/1] (2.56ns)   --->   "br label %aesl_mux_load.27i8P.i5.exit" [aesl_mux_load.27i8P.i5:54->firmware/nnet_utils/nnet_dense_resource.h:139->firmware/nnet_utils/nnet_dense_resource.h:255->firmware/nnet_utils/nnet_conv_stream.h:297->firmware/nnet_utils/nnet_conv2d_stream.h:87->firmware/nnet_utils/nnet_conv2d_stream.h:103]   --->   Operation 313 'br' <Predicate = (trunc_ln139 == 14)> <Delay = 2.56>
ST_13 : Operation 314 [1/1] (0.00ns)   --->   "%kernel_data_V_2_13_load_1 = load i8* @kernel_data_V_2_13, align 1" [aesl_mux_load.27i8P.i5:27->firmware/nnet_utils/nnet_dense_resource.h:139->firmware/nnet_utils/nnet_dense_resource.h:255->firmware/nnet_utils/nnet_conv_stream.h:297->firmware/nnet_utils/nnet_conv2d_stream.h:87->firmware/nnet_utils/nnet_conv2d_stream.h:103]   --->   Operation 314 'load' 'kernel_data_V_2_13_load_1' <Predicate = (trunc_ln139 == 13)> <Delay = 0.00>
ST_13 : Operation 315 [1/1] (2.56ns)   --->   "br label %aesl_mux_load.27i8P.i5.exit" [aesl_mux_load.27i8P.i5:54->firmware/nnet_utils/nnet_dense_resource.h:139->firmware/nnet_utils/nnet_dense_resource.h:255->firmware/nnet_utils/nnet_conv_stream.h:297->firmware/nnet_utils/nnet_conv2d_stream.h:87->firmware/nnet_utils/nnet_conv2d_stream.h:103]   --->   Operation 315 'br' <Predicate = (trunc_ln139 == 13)> <Delay = 2.56>
ST_13 : Operation 316 [1/1] (0.00ns)   --->   "%kernel_data_V_2_12_load_1 = load i8* @kernel_data_V_2_12, align 1" [aesl_mux_load.27i8P.i5:25->firmware/nnet_utils/nnet_dense_resource.h:139->firmware/nnet_utils/nnet_dense_resource.h:255->firmware/nnet_utils/nnet_conv_stream.h:297->firmware/nnet_utils/nnet_conv2d_stream.h:87->firmware/nnet_utils/nnet_conv2d_stream.h:103]   --->   Operation 316 'load' 'kernel_data_V_2_12_load_1' <Predicate = (trunc_ln139 == 12)> <Delay = 0.00>
ST_13 : Operation 317 [1/1] (2.56ns)   --->   "br label %aesl_mux_load.27i8P.i5.exit" [aesl_mux_load.27i8P.i5:54->firmware/nnet_utils/nnet_dense_resource.h:139->firmware/nnet_utils/nnet_dense_resource.h:255->firmware/nnet_utils/nnet_conv_stream.h:297->firmware/nnet_utils/nnet_conv2d_stream.h:87->firmware/nnet_utils/nnet_conv2d_stream.h:103]   --->   Operation 317 'br' <Predicate = (trunc_ln139 == 12)> <Delay = 2.56>
ST_13 : Operation 318 [1/1] (0.00ns)   --->   "%kernel_data_V_2_11_load = load i8* @kernel_data_V_2_11, align 1" [aesl_mux_load.27i8P.i5:23->firmware/nnet_utils/nnet_dense_resource.h:139->firmware/nnet_utils/nnet_dense_resource.h:255->firmware/nnet_utils/nnet_conv_stream.h:297->firmware/nnet_utils/nnet_conv2d_stream.h:87->firmware/nnet_utils/nnet_conv2d_stream.h:103]   --->   Operation 318 'load' 'kernel_data_V_2_11_load' <Predicate = (trunc_ln139 == 11)> <Delay = 0.00>
ST_13 : Operation 319 [1/1] (2.56ns)   --->   "br label %aesl_mux_load.27i8P.i5.exit" [aesl_mux_load.27i8P.i5:54->firmware/nnet_utils/nnet_dense_resource.h:139->firmware/nnet_utils/nnet_dense_resource.h:255->firmware/nnet_utils/nnet_conv_stream.h:297->firmware/nnet_utils/nnet_conv2d_stream.h:87->firmware/nnet_utils/nnet_conv2d_stream.h:103]   --->   Operation 319 'br' <Predicate = (trunc_ln139 == 11)> <Delay = 2.56>
ST_13 : Operation 320 [1/1] (0.00ns)   --->   "%kernel_data_V_2_10_load = load i8* @kernel_data_V_2_10, align 1" [aesl_mux_load.27i8P.i5:21->firmware/nnet_utils/nnet_dense_resource.h:139->firmware/nnet_utils/nnet_dense_resource.h:255->firmware/nnet_utils/nnet_conv_stream.h:297->firmware/nnet_utils/nnet_conv2d_stream.h:87->firmware/nnet_utils/nnet_conv2d_stream.h:103]   --->   Operation 320 'load' 'kernel_data_V_2_10_load' <Predicate = (trunc_ln139 == 10)> <Delay = 0.00>
ST_13 : Operation 321 [1/1] (2.56ns)   --->   "br label %aesl_mux_load.27i8P.i5.exit" [aesl_mux_load.27i8P.i5:54->firmware/nnet_utils/nnet_dense_resource.h:139->firmware/nnet_utils/nnet_dense_resource.h:255->firmware/nnet_utils/nnet_conv_stream.h:297->firmware/nnet_utils/nnet_conv2d_stream.h:87->firmware/nnet_utils/nnet_conv2d_stream.h:103]   --->   Operation 321 'br' <Predicate = (trunc_ln139 == 10)> <Delay = 2.56>
ST_13 : Operation 322 [1/1] (0.00ns)   --->   "%kernel_data_V_2_9_load = load i8* @kernel_data_V_2_9, align 1" [aesl_mux_load.27i8P.i5:19->firmware/nnet_utils/nnet_dense_resource.h:139->firmware/nnet_utils/nnet_dense_resource.h:255->firmware/nnet_utils/nnet_conv_stream.h:297->firmware/nnet_utils/nnet_conv2d_stream.h:87->firmware/nnet_utils/nnet_conv2d_stream.h:103]   --->   Operation 322 'load' 'kernel_data_V_2_9_load' <Predicate = (trunc_ln139 == 9)> <Delay = 0.00>
ST_13 : Operation 323 [1/1] (2.56ns)   --->   "br label %aesl_mux_load.27i8P.i5.exit" [aesl_mux_load.27i8P.i5:54->firmware/nnet_utils/nnet_dense_resource.h:139->firmware/nnet_utils/nnet_dense_resource.h:255->firmware/nnet_utils/nnet_conv_stream.h:297->firmware/nnet_utils/nnet_conv2d_stream.h:87->firmware/nnet_utils/nnet_conv2d_stream.h:103]   --->   Operation 323 'br' <Predicate = (trunc_ln139 == 9)> <Delay = 2.56>
ST_13 : Operation 324 [1/1] (0.00ns)   --->   "%kernel_data_V_2_8_load_1 = load i8* @kernel_data_V_2_8, align 1" [aesl_mux_load.27i8P.i5:17->firmware/nnet_utils/nnet_dense_resource.h:139->firmware/nnet_utils/nnet_dense_resource.h:255->firmware/nnet_utils/nnet_conv_stream.h:297->firmware/nnet_utils/nnet_conv2d_stream.h:87->firmware/nnet_utils/nnet_conv2d_stream.h:103]   --->   Operation 324 'load' 'kernel_data_V_2_8_load_1' <Predicate = (trunc_ln139 == 8)> <Delay = 0.00>
ST_13 : Operation 325 [1/1] (2.56ns)   --->   "br label %aesl_mux_load.27i8P.i5.exit" [aesl_mux_load.27i8P.i5:54->firmware/nnet_utils/nnet_dense_resource.h:139->firmware/nnet_utils/nnet_dense_resource.h:255->firmware/nnet_utils/nnet_conv_stream.h:297->firmware/nnet_utils/nnet_conv2d_stream.h:87->firmware/nnet_utils/nnet_conv2d_stream.h:103]   --->   Operation 325 'br' <Predicate = (trunc_ln139 == 8)> <Delay = 2.56>
ST_13 : Operation 326 [1/1] (0.00ns)   --->   "%kernel_data_V_2_7_load_1 = load i8* @kernel_data_V_2_7, align 1" [aesl_mux_load.27i8P.i5:15->firmware/nnet_utils/nnet_dense_resource.h:139->firmware/nnet_utils/nnet_dense_resource.h:255->firmware/nnet_utils/nnet_conv_stream.h:297->firmware/nnet_utils/nnet_conv2d_stream.h:87->firmware/nnet_utils/nnet_conv2d_stream.h:103]   --->   Operation 326 'load' 'kernel_data_V_2_7_load_1' <Predicate = (trunc_ln139 == 7)> <Delay = 0.00>
ST_13 : Operation 327 [1/1] (2.56ns)   --->   "br label %aesl_mux_load.27i8P.i5.exit" [aesl_mux_load.27i8P.i5:54->firmware/nnet_utils/nnet_dense_resource.h:139->firmware/nnet_utils/nnet_dense_resource.h:255->firmware/nnet_utils/nnet_conv_stream.h:297->firmware/nnet_utils/nnet_conv2d_stream.h:87->firmware/nnet_utils/nnet_conv2d_stream.h:103]   --->   Operation 327 'br' <Predicate = (trunc_ln139 == 7)> <Delay = 2.56>
ST_13 : Operation 328 [1/1] (0.00ns)   --->   "%kernel_data_V_2_6_load_1 = load i8* @kernel_data_V_2_6, align 1" [aesl_mux_load.27i8P.i5:13->firmware/nnet_utils/nnet_dense_resource.h:139->firmware/nnet_utils/nnet_dense_resource.h:255->firmware/nnet_utils/nnet_conv_stream.h:297->firmware/nnet_utils/nnet_conv2d_stream.h:87->firmware/nnet_utils/nnet_conv2d_stream.h:103]   --->   Operation 328 'load' 'kernel_data_V_2_6_load_1' <Predicate = (trunc_ln139 == 6)> <Delay = 0.00>
ST_13 : Operation 329 [1/1] (2.56ns)   --->   "br label %aesl_mux_load.27i8P.i5.exit" [aesl_mux_load.27i8P.i5:54->firmware/nnet_utils/nnet_dense_resource.h:139->firmware/nnet_utils/nnet_dense_resource.h:255->firmware/nnet_utils/nnet_conv_stream.h:297->firmware/nnet_utils/nnet_conv2d_stream.h:87->firmware/nnet_utils/nnet_conv2d_stream.h:103]   --->   Operation 329 'br' <Predicate = (trunc_ln139 == 6)> <Delay = 2.56>
ST_13 : Operation 330 [1/1] (0.00ns)   --->   "%kernel_data_V_2_5_load_1 = load i8* @kernel_data_V_2_5, align 1" [aesl_mux_load.27i8P.i5:11->firmware/nnet_utils/nnet_dense_resource.h:139->firmware/nnet_utils/nnet_dense_resource.h:255->firmware/nnet_utils/nnet_conv_stream.h:297->firmware/nnet_utils/nnet_conv2d_stream.h:87->firmware/nnet_utils/nnet_conv2d_stream.h:103]   --->   Operation 330 'load' 'kernel_data_V_2_5_load_1' <Predicate = (trunc_ln139 == 5)> <Delay = 0.00>
ST_13 : Operation 331 [1/1] (2.56ns)   --->   "br label %aesl_mux_load.27i8P.i5.exit" [aesl_mux_load.27i8P.i5:54->firmware/nnet_utils/nnet_dense_resource.h:139->firmware/nnet_utils/nnet_dense_resource.h:255->firmware/nnet_utils/nnet_conv_stream.h:297->firmware/nnet_utils/nnet_conv2d_stream.h:87->firmware/nnet_utils/nnet_conv2d_stream.h:103]   --->   Operation 331 'br' <Predicate = (trunc_ln139 == 5)> <Delay = 2.56>
ST_13 : Operation 332 [1/1] (0.00ns)   --->   "%kernel_data_V_2_4_load_1 = load i8* @kernel_data_V_2_4, align 1" [aesl_mux_load.27i8P.i5:9->firmware/nnet_utils/nnet_dense_resource.h:139->firmware/nnet_utils/nnet_dense_resource.h:255->firmware/nnet_utils/nnet_conv_stream.h:297->firmware/nnet_utils/nnet_conv2d_stream.h:87->firmware/nnet_utils/nnet_conv2d_stream.h:103]   --->   Operation 332 'load' 'kernel_data_V_2_4_load_1' <Predicate = (trunc_ln139 == 4)> <Delay = 0.00>
ST_13 : Operation 333 [1/1] (2.56ns)   --->   "br label %aesl_mux_load.27i8P.i5.exit" [aesl_mux_load.27i8P.i5:54->firmware/nnet_utils/nnet_dense_resource.h:139->firmware/nnet_utils/nnet_dense_resource.h:255->firmware/nnet_utils/nnet_conv_stream.h:297->firmware/nnet_utils/nnet_conv2d_stream.h:87->firmware/nnet_utils/nnet_conv2d_stream.h:103]   --->   Operation 333 'br' <Predicate = (trunc_ln139 == 4)> <Delay = 2.56>
ST_13 : Operation 334 [1/1] (0.00ns)   --->   "%kernel_data_V_2_3_load_1 = load i8* @kernel_data_V_2_3, align 1" [aesl_mux_load.27i8P.i5:7->firmware/nnet_utils/nnet_dense_resource.h:139->firmware/nnet_utils/nnet_dense_resource.h:255->firmware/nnet_utils/nnet_conv_stream.h:297->firmware/nnet_utils/nnet_conv2d_stream.h:87->firmware/nnet_utils/nnet_conv2d_stream.h:103]   --->   Operation 334 'load' 'kernel_data_V_2_3_load_1' <Predicate = (trunc_ln139 == 3)> <Delay = 0.00>
ST_13 : Operation 335 [1/1] (2.56ns)   --->   "br label %aesl_mux_load.27i8P.i5.exit" [aesl_mux_load.27i8P.i5:54->firmware/nnet_utils/nnet_dense_resource.h:139->firmware/nnet_utils/nnet_dense_resource.h:255->firmware/nnet_utils/nnet_conv_stream.h:297->firmware/nnet_utils/nnet_conv2d_stream.h:87->firmware/nnet_utils/nnet_conv2d_stream.h:103]   --->   Operation 335 'br' <Predicate = (trunc_ln139 == 3)> <Delay = 2.56>
ST_13 : Operation 336 [1/1] (0.00ns)   --->   "%kernel_data_V_2_2_load = load i8* @kernel_data_V_2_2, align 1" [aesl_mux_load.27i8P.i5:5->firmware/nnet_utils/nnet_dense_resource.h:139->firmware/nnet_utils/nnet_dense_resource.h:255->firmware/nnet_utils/nnet_conv_stream.h:297->firmware/nnet_utils/nnet_conv2d_stream.h:87->firmware/nnet_utils/nnet_conv2d_stream.h:103]   --->   Operation 336 'load' 'kernel_data_V_2_2_load' <Predicate = (trunc_ln139 == 2)> <Delay = 0.00>
ST_13 : Operation 337 [1/1] (2.56ns)   --->   "br label %aesl_mux_load.27i8P.i5.exit" [aesl_mux_load.27i8P.i5:54->firmware/nnet_utils/nnet_dense_resource.h:139->firmware/nnet_utils/nnet_dense_resource.h:255->firmware/nnet_utils/nnet_conv_stream.h:297->firmware/nnet_utils/nnet_conv2d_stream.h:87->firmware/nnet_utils/nnet_conv2d_stream.h:103]   --->   Operation 337 'br' <Predicate = (trunc_ln139 == 2)> <Delay = 2.56>
ST_13 : Operation 338 [1/1] (0.00ns)   --->   "%kernel_data_V_2_1_load = load i8* @kernel_data_V_2_1, align 1" [aesl_mux_load.27i8P.i5:3->firmware/nnet_utils/nnet_dense_resource.h:139->firmware/nnet_utils/nnet_dense_resource.h:255->firmware/nnet_utils/nnet_conv_stream.h:297->firmware/nnet_utils/nnet_conv2d_stream.h:87->firmware/nnet_utils/nnet_conv2d_stream.h:103]   --->   Operation 338 'load' 'kernel_data_V_2_1_load' <Predicate = (trunc_ln139 == 1)> <Delay = 0.00>
ST_13 : Operation 339 [1/1] (2.56ns)   --->   "br label %aesl_mux_load.27i8P.i5.exit" [aesl_mux_load.27i8P.i5:54->firmware/nnet_utils/nnet_dense_resource.h:139->firmware/nnet_utils/nnet_dense_resource.h:255->firmware/nnet_utils/nnet_conv_stream.h:297->firmware/nnet_utils/nnet_conv2d_stream.h:87->firmware/nnet_utils/nnet_conv2d_stream.h:103]   --->   Operation 339 'br' <Predicate = (trunc_ln139 == 1)> <Delay = 2.56>
ST_13 : Operation 340 [1/1] (0.00ns)   --->   "%kernel_data_V_2_0_load = load i8* @kernel_data_V_2_0, align 1" [aesl_mux_load.27i8P.i5:1->firmware/nnet_utils/nnet_dense_resource.h:139->firmware/nnet_utils/nnet_dense_resource.h:255->firmware/nnet_utils/nnet_conv_stream.h:297->firmware/nnet_utils/nnet_conv2d_stream.h:87->firmware/nnet_utils/nnet_conv2d_stream.h:103]   --->   Operation 340 'load' 'kernel_data_V_2_0_load' <Predicate = (trunc_ln139 == 0)> <Delay = 0.00>
ST_13 : Operation 341 [1/1] (2.56ns)   --->   "br label %aesl_mux_load.27i8P.i5.exit" [aesl_mux_load.27i8P.i5:54->firmware/nnet_utils/nnet_dense_resource.h:139->firmware/nnet_utils/nnet_dense_resource.h:255->firmware/nnet_utils/nnet_conv_stream.h:297->firmware/nnet_utils/nnet_conv2d_stream.h:87->firmware/nnet_utils/nnet_conv2d_stream.h:103]   --->   Operation 341 'br' <Predicate = (trunc_ln139 == 0)> <Delay = 2.56>
ST_13 : Operation 342 [1/1] (0.00ns)   --->   "%kernel_data_V_2_26_load_1 = load i8* @kernel_data_V_2_26, align 1" [aesl_mux_load.27i8P.i5:53->firmware/nnet_utils/nnet_dense_resource.h:139->firmware/nnet_utils/nnet_dense_resource.h:255->firmware/nnet_utils/nnet_conv_stream.h:297->firmware/nnet_utils/nnet_conv2d_stream.h:87->firmware/nnet_utils/nnet_conv2d_stream.h:103]   --->   Operation 342 'load' 'kernel_data_V_2_26_load_1' <Predicate = (trunc_ln139 == 31) | (trunc_ln139 == 30) | (trunc_ln139 == 29) | (trunc_ln139 == 28) | (trunc_ln139 == 27) | (trunc_ln139 == 26)> <Delay = 0.00>
ST_13 : Operation 343 [1/1] (2.56ns)   --->   "br label %aesl_mux_load.27i8P.i5.exit" [aesl_mux_load.27i8P.i5:54->firmware/nnet_utils/nnet_dense_resource.h:139->firmware/nnet_utils/nnet_dense_resource.h:255->firmware/nnet_utils/nnet_conv_stream.h:297->firmware/nnet_utils/nnet_conv2d_stream.h:87->firmware/nnet_utils/nnet_conv2d_stream.h:103]   --->   Operation 343 'br' <Predicate = (trunc_ln139 == 31) | (trunc_ln139 == 30) | (trunc_ln139 == 29) | (trunc_ln139 == 28) | (trunc_ln139 == 27) | (trunc_ln139 == 26)> <Delay = 2.56>
ST_13 : Operation 344 [1/2] (3.25ns)   --->   "%w2_V_load = load i8* %w2_V_addr, align 1" [firmware/nnet_utils/nnet_dense_resource.h:139->firmware/nnet_utils/nnet_dense_resource.h:255->firmware/nnet_utils/nnet_conv_stream.h:297->firmware/nnet_utils/nnet_conv2d_stream.h:87->firmware/nnet_utils/nnet_conv2d_stream.h:103]   --->   Operation 344 'load' 'w2_V_load' <Predicate = true> <Delay = 3.25> <Core = "ROM_nP">   --->   Core 52 'ROM_nP' <Latency = 1> <II = 1> <Delay = 3.25> <Storage> <Opcode : 'load'> <Ports = 0> <Width = 8> <Depth = 864> <ROM>
ST_13 : Operation 345 [1/1] (2.55ns)   --->   "%in_index = add nsw i32 %in_index_0_i_i_i_i164, 1" [firmware/nnet_utils/nnet_dense_resource.h:147->firmware/nnet_utils/nnet_dense_resource.h:255->firmware/nnet_utils/nnet_conv_stream.h:297->firmware/nnet_utils/nnet_conv2d_stream.h:87->firmware/nnet_utils/nnet_conv2d_stream.h:103]   --->   Operation 345 'add' 'in_index' <Predicate = true> <Delay = 2.55> <Core = "AddSub">   --->   Core 14 'AddSub' <Latency = 0> <II = 1> <Delay = 2.55> <FuncUnit> <Opcode : 'add' 'sub'> <InPorts = 2> <OutPorts = 1>
ST_13 : Operation 346 [1/1] (2.47ns)   --->   "%icmp_ln148 = icmp sgt i32 %in_index, 26" [firmware/nnet_utils/nnet_dense_resource.h:148->firmware/nnet_utils/nnet_dense_resource.h:255->firmware/nnet_utils/nnet_conv_stream.h:297->firmware/nnet_utils/nnet_conv2d_stream.h:87->firmware/nnet_utils/nnet_conv2d_stream.h:103]   --->   Operation 346 'icmp' 'icmp_ln148' <Predicate = true> <Delay = 2.47> <Core = "Cmp">   --->   Core 25 'Cmp' <Latency = 0> <II = 1> <Delay = 1.77> <FuncUnit> <Opcode : 'icmp'> <InPorts = 2> <OutPorts = 1>
ST_13 : Operation 347 [1/1] (0.69ns)   --->   "%select_ln148 = select i1 %icmp_ln148, i32 0, i32 %in_index" [firmware/nnet_utils/nnet_dense_resource.h:148->firmware/nnet_utils/nnet_dense_resource.h:255->firmware/nnet_utils/nnet_conv_stream.h:297->firmware/nnet_utils/nnet_conv2d_stream.h:87->firmware/nnet_utils/nnet_conv2d_stream.h:103]   --->   Operation 347 'select' 'select_ln148' <Predicate = true> <Delay = 0.69> <Core = "Sel">   --->   Core 26 'Sel' <Latency = 0> <II = 1> <Delay = 0.69> <FuncUnit> <Opcode : 'select'> <InPorts = 3> <OutPorts = 1>

State 14 <SV = 10> <Delay = 7.75>
ST_14 : Operation 348 [1/1] (0.00ns)   --->   "%tmp_data_0_V_15163 = phi i14 [ -10, %hls_label_1_begin ], [ %tmp_data_0_V, %ReuseLoop_end ]"   --->   Operation 348 'phi' 'tmp_data_0_V_15163' <Predicate = true> <Delay = 0.00>
ST_14 : Operation 349 [1/1] (0.00ns)   --->   "%tmp_data_1_V_15161 = phi i14 [ 176, %hls_label_1_begin ], [ %tmp_data_1_V, %ReuseLoop_end ]"   --->   Operation 349 'phi' 'tmp_data_1_V_15161' <Predicate = true> <Delay = 0.00>
ST_14 : Operation 350 [1/1] (0.00ns)   --->   "%tmp_data_2_V_15159 = phi i14 [ 254, %hls_label_1_begin ], [ %tmp_data_2_V, %ReuseLoop_end ]"   --->   Operation 350 'phi' 'tmp_data_2_V_15159' <Predicate = true> <Delay = 0.00>
ST_14 : Operation 351 [1/1] (0.00ns)   --->   "%tmp_data_3_V_15157 = phi i14 [ 74, %hls_label_1_begin ], [ %tmp_data_3_V, %ReuseLoop_end ]"   --->   Operation 351 'phi' 'tmp_data_3_V_15157' <Predicate = true> <Delay = 0.00>
ST_14 : Operation 352 [1/1] (0.00ns)   --->   "%tmp_data_4_V_15155 = phi i14 [ 54, %hls_label_1_begin ], [ %tmp_data_4_V, %ReuseLoop_end ]"   --->   Operation 352 'phi' 'tmp_data_4_V_15155' <Predicate = true> <Delay = 0.00>
ST_14 : Operation 353 [1/1] (0.00ns)   --->   "%tmp_data_5_V_15153 = phi i14 [ 112, %hls_label_1_begin ], [ %tmp_data_5_V, %ReuseLoop_end ]"   --->   Operation 353 'phi' 'tmp_data_5_V_15153' <Predicate = true> <Delay = 0.00>
ST_14 : Operation 354 [1/1] (0.00ns)   --->   "%tmp_data_6_V_15151 = phi i14 [ -70, %hls_label_1_begin ], [ %tmp_data_6_V, %ReuseLoop_end ]"   --->   Operation 354 'phi' 'tmp_data_6_V_15151' <Predicate = true> <Delay = 0.00>
ST_14 : Operation 355 [1/1] (0.00ns)   --->   "%tmp_data_7_V_15149 = phi i14 [ 68, %hls_label_1_begin ], [ %tmp_data_7_V, %ReuseLoop_end ]"   --->   Operation 355 'phi' 'tmp_data_7_V_15149' <Predicate = true> <Delay = 0.00>
ST_14 : Operation 356 [1/1] (0.00ns)   --->   "%tmp_data_8_V_15147 = phi i14 [ 88, %hls_label_1_begin ], [ %tmp_data_8_V, %ReuseLoop_end ]"   --->   Operation 356 'phi' 'tmp_data_8_V_15147' <Predicate = true> <Delay = 0.00>
ST_14 : Operation 357 [1/1] (0.00ns)   --->   "%tmp_data_9_V_15145 = phi i14 [ -100, %hls_label_1_begin ], [ %tmp_data_9_V, %ReuseLoop_end ]"   --->   Operation 357 'phi' 'tmp_data_9_V_15145' <Predicate = true> <Delay = 0.00>
ST_14 : Operation 358 [1/1] (0.00ns)   --->   "%tmp_data_10_V_13143 = phi i14 [ -50, %hls_label_1_begin ], [ %tmp_data_10_V, %ReuseLoop_end ]"   --->   Operation 358 'phi' 'tmp_data_10_V_13143' <Predicate = true> <Delay = 0.00>
ST_14 : Operation 359 [1/1] (0.00ns)   --->   "%tmp_data_11_V_13141 = phi i14 [ -256, %hls_label_1_begin ], [ %tmp_data_11_V, %ReuseLoop_end ]"   --->   Operation 359 'phi' 'tmp_data_11_V_13141' <Predicate = true> <Delay = 0.00>
ST_14 : Operation 360 [1/1] (0.00ns)   --->   "%tmp_data_12_V_13139 = phi i14 [ -100, %hls_label_1_begin ], [ %tmp_data_12_V, %ReuseLoop_end ]"   --->   Operation 360 'phi' 'tmp_data_12_V_13139' <Predicate = true> <Delay = 0.00>
ST_14 : Operation 361 [1/1] (0.00ns)   --->   "%tmp_data_13_V_13137 = phi i14 [ -38, %hls_label_1_begin ], [ %tmp_data_13_V, %ReuseLoop_end ]"   --->   Operation 361 'phi' 'tmp_data_13_V_13137' <Predicate = true> <Delay = 0.00>
ST_14 : Operation 362 [1/1] (0.00ns)   --->   "%tmp_data_14_V_13135 = phi i14 [ -52, %hls_label_1_begin ], [ %tmp_data_14_V, %ReuseLoop_end ]"   --->   Operation 362 'phi' 'tmp_data_14_V_13135' <Predicate = true> <Delay = 0.00>
ST_14 : Operation 363 [1/1] (0.00ns)   --->   "%tmp_data_15_V_13133 = phi i14 [ 4, %hls_label_1_begin ], [ %tmp_data_15_V, %ReuseLoop_end ]"   --->   Operation 363 'phi' 'tmp_data_15_V_13133' <Predicate = true> <Delay = 0.00>
ST_14 : Operation 364 [1/1] (0.00ns)   --->   "%tmp_data_16_V_13131 = phi i14 [ 24, %hls_label_1_begin ], [ %tmp_data_16_V, %ReuseLoop_end ]"   --->   Operation 364 'phi' 'tmp_data_16_V_13131' <Predicate = true> <Delay = 0.00>
ST_14 : Operation 365 [1/1] (0.00ns)   --->   "%tmp_data_17_V_13129 = phi i14 [ -94, %hls_label_1_begin ], [ %tmp_data_17_V, %ReuseLoop_end ]"   --->   Operation 365 'phi' 'tmp_data_17_V_13129' <Predicate = true> <Delay = 0.00>
ST_14 : Operation 366 [1/1] (0.00ns)   --->   "%tmp_data_18_V_13127 = phi i14 [ -4, %hls_label_1_begin ], [ %tmp_data_18_V, %ReuseLoop_end ]"   --->   Operation 366 'phi' 'tmp_data_18_V_13127' <Predicate = true> <Delay = 0.00>
ST_14 : Operation 367 [1/1] (0.00ns)   --->   "%tmp_data_19_V_13125 = phi i14 [ 104, %hls_label_1_begin ], [ %tmp_data_19_V, %ReuseLoop_end ]"   --->   Operation 367 'phi' 'tmp_data_19_V_13125' <Predicate = true> <Delay = 0.00>
ST_14 : Operation 368 [1/1] (0.00ns)   --->   "%tmp_data_20_V_13123 = phi i14 [ -8, %hls_label_1_begin ], [ %tmp_data_20_V, %ReuseLoop_end ]"   --->   Operation 368 'phi' 'tmp_data_20_V_13123' <Predicate = true> <Delay = 0.00>
ST_14 : Operation 369 [1/1] (0.00ns)   --->   "%tmp_data_21_V_13121 = phi i14 [ -256, %hls_label_1_begin ], [ %tmp_data_21_V, %ReuseLoop_end ]"   --->   Operation 369 'phi' 'tmp_data_21_V_13121' <Predicate = true> <Delay = 0.00>
ST_14 : Operation 370 [1/1] (0.00ns)   --->   "%tmp_data_22_V_13119 = phi i14 [ -64, %hls_label_1_begin ], [ %tmp_data_22_V, %ReuseLoop_end ]"   --->   Operation 370 'phi' 'tmp_data_22_V_13119' <Predicate = true> <Delay = 0.00>
ST_14 : Operation 371 [1/1] (0.00ns)   --->   "%tmp_data_23_V_13117 = phi i14 [ -36, %hls_label_1_begin ], [ %tmp_data_23_V, %ReuseLoop_end ]"   --->   Operation 371 'phi' 'tmp_data_23_V_13117' <Predicate = true> <Delay = 0.00>
ST_14 : Operation 372 [1/1] (0.00ns)   --->   "%tmp_data_24_V_13115 = phi i14 [ -80, %hls_label_1_begin ], [ %tmp_data_24_V, %ReuseLoop_end ]"   --->   Operation 372 'phi' 'tmp_data_24_V_13115' <Predicate = true> <Delay = 0.00>
ST_14 : Operation 373 [1/1] (0.00ns)   --->   "%tmp_data_25_V_13113 = phi i14 [ -46, %hls_label_1_begin ], [ %tmp_data_25_V, %ReuseLoop_end ]"   --->   Operation 373 'phi' 'tmp_data_25_V_13113' <Predicate = true> <Delay = 0.00>
ST_14 : Operation 374 [1/1] (0.00ns)   --->   "%tmp_data_26_V_13111 = phi i14 [ 18, %hls_label_1_begin ], [ %tmp_data_26_V, %ReuseLoop_end ]"   --->   Operation 374 'phi' 'tmp_data_26_V_13111' <Predicate = true> <Delay = 0.00>
ST_14 : Operation 375 [1/1] (0.00ns)   --->   "%tmp_data_27_V_13109 = phi i14 [ 92, %hls_label_1_begin ], [ %tmp_data_27_V, %ReuseLoop_end ]"   --->   Operation 375 'phi' 'tmp_data_27_V_13109' <Predicate = true> <Delay = 0.00>
ST_14 : Operation 376 [1/1] (0.00ns)   --->   "%tmp_data_28_V_13107 = phi i14 [ -174, %hls_label_1_begin ], [ %tmp_data_28_V, %ReuseLoop_end ]"   --->   Operation 376 'phi' 'tmp_data_28_V_13107' <Predicate = true> <Delay = 0.00>
ST_14 : Operation 377 [1/1] (0.00ns)   --->   "%tmp_data_29_V_13105 = phi i14 [ -20, %hls_label_1_begin ], [ %tmp_data_29_V, %ReuseLoop_end ]"   --->   Operation 377 'phi' 'tmp_data_29_V_13105' <Predicate = true> <Delay = 0.00>
ST_14 : Operation 378 [1/1] (0.00ns)   --->   "%tmp_data_30_V_13103 = phi i14 [ 160, %hls_label_1_begin ], [ %tmp_data_30_V, %ReuseLoop_end ]"   --->   Operation 378 'phi' 'tmp_data_30_V_13103' <Predicate = true> <Delay = 0.00>
ST_14 : Operation 379 [1/1] (0.00ns)   --->   "%tmp_data_31_V_13101 = phi i14 [ 20, %hls_label_1_begin ], [ %tmp_data_31_V, %ReuseLoop_end ]"   --->   Operation 379 'phi' 'tmp_data_31_V_13101' <Predicate = true> <Delay = 0.00>
ST_14 : Operation 380 [1/1] (0.00ns)   --->   "call void (...)* @_ssdm_op_SpecLoopName([10 x i8]* @p_str34) nounwind" [firmware/nnet_utils/nnet_dense_resource.h:129->firmware/nnet_utils/nnet_dense_resource.h:255->firmware/nnet_utils/nnet_conv_stream.h:297->firmware/nnet_utils/nnet_conv2d_stream.h:87->firmware/nnet_utils/nnet_conv2d_stream.h:103]   --->   Operation 380 'specloopname' <Predicate = true> <Delay = 0.00>
ST_14 : Operation 381 [1/1] (0.00ns)   --->   "%tmp_9 = call i32 (...)* @_ssdm_op_SpecRegionBegin([10 x i8]* @p_str34)" [firmware/nnet_utils/nnet_dense_resource.h:129->firmware/nnet_utils/nnet_dense_resource.h:255->firmware/nnet_utils/nnet_conv_stream.h:297->firmware/nnet_utils/nnet_conv2d_stream.h:87->firmware/nnet_utils/nnet_conv2d_stream.h:103]   --->   Operation 381 'specregionbegin' 'tmp_9' <Predicate = true> <Delay = 0.00>
ST_14 : Operation 382 [1/1] (0.00ns)   --->   "call void (...)* @_ssdm_op_SpecPipeline(i32 1, i32 1, i32 1, i32 0, [1 x i8]* @p_str13) nounwind" [firmware/nnet_utils/nnet_dense_resource.h:130->firmware/nnet_utils/nnet_dense_resource.h:255->firmware/nnet_utils/nnet_conv_stream.h:297->firmware/nnet_utils/nnet_conv2d_stream.h:87->firmware/nnet_utils/nnet_conv2d_stream.h:103]   --->   Operation 382 'specpipeline' <Predicate = true> <Delay = 0.00>
ST_14 : Operation 383 [1/1] (0.00ns)   --->   "%UnifiedRetVal_i_i = phi i8 [ %kernel_data_V_2_0_load, %case0.i.i ], [ %kernel_data_V_2_1_load, %case1.i.i ], [ %kernel_data_V_2_2_load, %case2.i.i ], [ %kernel_data_V_2_3_load_1, %case3.i.i ], [ %kernel_data_V_2_4_load_1, %case4.i.i ], [ %kernel_data_V_2_5_load_1, %case5.i.i ], [ %kernel_data_V_2_6_load_1, %case6.i.i ], [ %kernel_data_V_2_7_load_1, %case7.i.i ], [ %kernel_data_V_2_8_load_1, %case8.i.i ], [ %kernel_data_V_2_9_load, %case9.i.i ], [ %kernel_data_V_2_10_load, %case10.i.i ], [ %kernel_data_V_2_11_load, %case11.i.i ], [ %kernel_data_V_2_12_load_1, %case12.i.i ], [ %kernel_data_V_2_13_load_1, %case13.i.i ], [ %kernel_data_V_2_14_load_1, %case14.i.i ], [ %kernel_data_V_2_15_load_1, %case15.i.i ], [ %kernel_data_V_2_16_load_1, %case16.i.i ], [ %kernel_data_V_2_17_load_1, %case17.i.i ], [ %kernel_data_V_2_18_load, %case18.i.i ], [ %kernel_data_V_2_19_load, %case19.i.i ], [ %kernel_data_V_2_20_load, %case20.i.i ], [ %kernel_data_V_2_21_load_1, %case21.i.i ], [ %kernel_data_V_2_22_load_1, %case22.i.i ], [ %kernel_data_V_2_23_load_1, %case23.i.i ], [ %kernel_data_V_2_24_load_1, %case24.i.i ], [ %kernel_data_V_2_25_load_1, %case25.i.i ], [ %kernel_data_V_2_26_load_1, %case26.i.i ]" [aesl_mux_load.27i8P.i5:1->firmware/nnet_utils/nnet_dense_resource.h:139->firmware/nnet_utils/nnet_dense_resource.h:255->firmware/nnet_utils/nnet_conv_stream.h:297->firmware/nnet_utils/nnet_conv2d_stream.h:87->firmware/nnet_utils/nnet_conv2d_stream.h:103]   --->   Operation 383 'phi' 'UnifiedRetVal_i_i' <Predicate = true> <Delay = 0.00>
ST_14 : Operation 384 [1/1] (0.00ns)   --->   "%r_V = zext i8 %UnifiedRetVal_i_i to i16" [firmware/nnet_utils/nnet_mult.h:73->firmware/nnet_utils/nnet_dense_resource.h:139->firmware/nnet_utils/nnet_dense_resource.h:255->firmware/nnet_utils/nnet_conv_stream.h:297->firmware/nnet_utils/nnet_conv2d_stream.h:87->firmware/nnet_utils/nnet_conv2d_stream.h:103]   --->   Operation 384 'zext' 'r_V' <Predicate = true> <Delay = 0.00>
ST_14 : Operation 385 [1/1] (0.00ns)   --->   "%sext_ln1118 = sext i8 %w2_V_load to i16" [firmware/nnet_utils/nnet_mult.h:73->firmware/nnet_utils/nnet_dense_resource.h:139->firmware/nnet_utils/nnet_dense_resource.h:255->firmware/nnet_utils/nnet_conv_stream.h:297->firmware/nnet_utils/nnet_conv2d_stream.h:87->firmware/nnet_utils/nnet_conv2d_stream.h:103]   --->   Operation 385 'sext' 'sext_ln1118' <Predicate = true> <Delay = 0.00>
ST_14 : Operation 386 [1/1] (4.17ns)   --->   "%r_V_1 = mul i16 %r_V, %sext_ln1118" [firmware/nnet_utils/nnet_mult.h:73->firmware/nnet_utils/nnet_dense_resource.h:139->firmware/nnet_utils/nnet_dense_resource.h:255->firmware/nnet_utils/nnet_conv_stream.h:297->firmware/nnet_utils/nnet_conv2d_stream.h:87->firmware/nnet_utils/nnet_conv2d_stream.h:103]   --->   Operation 386 'mul' 'r_V_1' <Predicate = true> <Delay = 4.17> <Core = "Mul">   --->   Core 16 'Mul' <Latency = 0> <II = 1> <Delay = 4.17> <FuncUnit> <Opcode : 'mul'> <InPorts = 2> <OutPorts = 1>
ST_14 : Operation 387 [1/1] (0.00ns)   --->   "%trunc_ln7 = call i9 @_ssdm_op_PartSelect.i9.i16.i32.i32(i16 %r_V_1, i32 7, i32 15)" [firmware/nnet_utils/nnet_dense_resource.h:139->firmware/nnet_utils/nnet_dense_resource.h:255->firmware/nnet_utils/nnet_conv_stream.h:297->firmware/nnet_utils/nnet_conv2d_stream.h:87->firmware/nnet_utils/nnet_conv2d_stream.h:103]   --->   Operation 387 'partselect' 'trunc_ln7' <Predicate = true> <Delay = 0.00>
ST_14 : Operation 388 [1/1] (0.00ns)   --->   "%sext_ln708 = sext i9 %trunc_ln7 to i14" [firmware/nnet_utils/nnet_dense_resource.h:139->firmware/nnet_utils/nnet_dense_resource.h:255->firmware/nnet_utils/nnet_conv_stream.h:297->firmware/nnet_utils/nnet_conv2d_stream.h:87->firmware/nnet_utils/nnet_conv2d_stream.h:103]   --->   Operation 388 'sext' 'sext_ln708' <Predicate = true> <Delay = 0.00>
ST_14 : Operation 389 [1/1] (3.20ns)   --->   "%tmp_10 = call i14 @_ssdm_op_Mux.ap_auto.32i14.i5(i14 %tmp_data_0_V_15163, i14 %tmp_data_1_V_15161, i14 %tmp_data_2_V_15159, i14 %tmp_data_3_V_15157, i14 %tmp_data_4_V_15155, i14 %tmp_data_5_V_15153, i14 %tmp_data_6_V_15151, i14 %tmp_data_7_V_15149, i14 %tmp_data_8_V_15147, i14 %tmp_data_9_V_15145, i14 %tmp_data_10_V_13143, i14 %tmp_data_11_V_13141, i14 %tmp_data_12_V_13139, i14 %tmp_data_13_V_13137, i14 %tmp_data_14_V_13135, i14 %tmp_data_15_V_13133, i14 %tmp_data_16_V_13131, i14 %tmp_data_17_V_13129, i14 %tmp_data_18_V_13127, i14 %tmp_data_19_V_13125, i14 %tmp_data_20_V_13123, i14 %tmp_data_21_V_13121, i14 %tmp_data_22_V_13119, i14 %tmp_data_23_V_13117, i14 %tmp_data_24_V_13115, i14 %tmp_data_25_V_13113, i14 %tmp_data_26_V_13111, i14 %tmp_data_27_V_13109, i14 %tmp_data_28_V_13107, i14 %tmp_data_29_V_13105, i14 %tmp_data_30_V_13103, i14 %tmp_data_31_V_13101, i5 %out_index)" [firmware/nnet_utils/nnet_dense_resource.h:139->firmware/nnet_utils/nnet_dense_resource.h:255->firmware/nnet_utils/nnet_conv_stream.h:297->firmware/nnet_utils/nnet_conv2d_stream.h:87->firmware/nnet_utils/nnet_conv2d_stream.h:103]   --->   Operation 389 'mux' 'tmp_10' <Predicate = true> <Delay = 3.20> <Core = "MuxnS">   --->   Core 31 'MuxnS' <Latency = 0> <II = 1> <Delay = 1.77> <FuncUnit> <Opcode : 'mux'> <InPorts = 2> <OutPorts = 1>
ST_14 : Operation 390 [1/1] (1.81ns)   --->   "%acc_0_V = add i14 %tmp_10, %sext_ln708" [firmware/nnet_utils/nnet_dense_resource.h:139->firmware/nnet_utils/nnet_dense_resource.h:255->firmware/nnet_utils/nnet_conv_stream.h:297->firmware/nnet_utils/nnet_conv2d_stream.h:87->firmware/nnet_utils/nnet_conv2d_stream.h:103]   --->   Operation 390 'add' 'acc_0_V' <Predicate = true> <Delay = 1.81> <Core = "AddSub">   --->   Core 14 'AddSub' <Latency = 0> <II = 1> <Delay = 2.55> <FuncUnit> <Opcode : 'add' 'sub'> <InPorts = 2> <OutPorts = 1>
ST_14 : Operation 391 [1/1] (1.76ns)   --->   "switch i5 %out_index, label %branch598 [
    i5 0, label %ReuseLoop_end
    i5 1, label %branch568
    i5 2, label %branch569
    i5 3, label %branch570
    i5 4, label %branch571
    i5 5, label %branch572
    i5 6, label %branch573
    i5 7, label %branch574
    i5 8, label %branch575
    i5 9, label %branch576
    i5 10, label %branch577
    i5 11, label %branch578
    i5 12, label %branch579
    i5 13, label %branch580
    i5 14, label %branch581
    i5 15, label %branch582
    i5 -16, label %branch583
    i5 -15, label %branch584
    i5 -14, label %branch585
    i5 -13, label %branch586
    i5 -12, label %branch587
    i5 -11, label %branch588
    i5 -10, label %branch589
    i5 -9, label %branch590
    i5 -8, label %branch591
    i5 -7, label %branch592
    i5 -6, label %branch593
    i5 -5, label %branch594
    i5 -4, label %branch595
    i5 -3, label %branch596
    i5 -2, label %branch597
  ]" [firmware/nnet_utils/nnet_dense_resource.h:139->firmware/nnet_utils/nnet_dense_resource.h:255->firmware/nnet_utils/nnet_conv_stream.h:297->firmware/nnet_utils/nnet_conv2d_stream.h:87->firmware/nnet_utils/nnet_conv2d_stream.h:103]   --->   Operation 391 'switch' <Predicate = true> <Delay = 1.76>
ST_14 : Operation 392 [1/1] (1.76ns)   --->   "br label %ReuseLoop_end" [firmware/nnet_utils/nnet_dense_resource.h:139->firmware/nnet_utils/nnet_dense_resource.h:255->firmware/nnet_utils/nnet_conv_stream.h:297->firmware/nnet_utils/nnet_conv2d_stream.h:87->firmware/nnet_utils/nnet_conv2d_stream.h:103]   --->   Operation 392 'br' <Predicate = (out_index == 30)> <Delay = 1.76>
ST_14 : Operation 393 [1/1] (1.76ns)   --->   "br label %ReuseLoop_end" [firmware/nnet_utils/nnet_dense_resource.h:139->firmware/nnet_utils/nnet_dense_resource.h:255->firmware/nnet_utils/nnet_conv_stream.h:297->firmware/nnet_utils/nnet_conv2d_stream.h:87->firmware/nnet_utils/nnet_conv2d_stream.h:103]   --->   Operation 393 'br' <Predicate = (out_index == 29)> <Delay = 1.76>
ST_14 : Operation 394 [1/1] (1.76ns)   --->   "br label %ReuseLoop_end" [firmware/nnet_utils/nnet_dense_resource.h:139->firmware/nnet_utils/nnet_dense_resource.h:255->firmware/nnet_utils/nnet_conv_stream.h:297->firmware/nnet_utils/nnet_conv2d_stream.h:87->firmware/nnet_utils/nnet_conv2d_stream.h:103]   --->   Operation 394 'br' <Predicate = (out_index == 28)> <Delay = 1.76>
ST_14 : Operation 395 [1/1] (1.76ns)   --->   "br label %ReuseLoop_end" [firmware/nnet_utils/nnet_dense_resource.h:139->firmware/nnet_utils/nnet_dense_resource.h:255->firmware/nnet_utils/nnet_conv_stream.h:297->firmware/nnet_utils/nnet_conv2d_stream.h:87->firmware/nnet_utils/nnet_conv2d_stream.h:103]   --->   Operation 395 'br' <Predicate = (out_index == 27)> <Delay = 1.76>
ST_14 : Operation 396 [1/1] (1.76ns)   --->   "br label %ReuseLoop_end" [firmware/nnet_utils/nnet_dense_resource.h:139->firmware/nnet_utils/nnet_dense_resource.h:255->firmware/nnet_utils/nnet_conv_stream.h:297->firmware/nnet_utils/nnet_conv2d_stream.h:87->firmware/nnet_utils/nnet_conv2d_stream.h:103]   --->   Operation 396 'br' <Predicate = (out_index == 26)> <Delay = 1.76>
ST_14 : Operation 397 [1/1] (1.76ns)   --->   "br label %ReuseLoop_end" [firmware/nnet_utils/nnet_dense_resource.h:139->firmware/nnet_utils/nnet_dense_resource.h:255->firmware/nnet_utils/nnet_conv_stream.h:297->firmware/nnet_utils/nnet_conv2d_stream.h:87->firmware/nnet_utils/nnet_conv2d_stream.h:103]   --->   Operation 397 'br' <Predicate = (out_index == 25)> <Delay = 1.76>
ST_14 : Operation 398 [1/1] (1.76ns)   --->   "br label %ReuseLoop_end" [firmware/nnet_utils/nnet_dense_resource.h:139->firmware/nnet_utils/nnet_dense_resource.h:255->firmware/nnet_utils/nnet_conv_stream.h:297->firmware/nnet_utils/nnet_conv2d_stream.h:87->firmware/nnet_utils/nnet_conv2d_stream.h:103]   --->   Operation 398 'br' <Predicate = (out_index == 24)> <Delay = 1.76>
ST_14 : Operation 399 [1/1] (1.76ns)   --->   "br label %ReuseLoop_end" [firmware/nnet_utils/nnet_dense_resource.h:139->firmware/nnet_utils/nnet_dense_resource.h:255->firmware/nnet_utils/nnet_conv_stream.h:297->firmware/nnet_utils/nnet_conv2d_stream.h:87->firmware/nnet_utils/nnet_conv2d_stream.h:103]   --->   Operation 399 'br' <Predicate = (out_index == 23)> <Delay = 1.76>
ST_14 : Operation 400 [1/1] (1.76ns)   --->   "br label %ReuseLoop_end" [firmware/nnet_utils/nnet_dense_resource.h:139->firmware/nnet_utils/nnet_dense_resource.h:255->firmware/nnet_utils/nnet_conv_stream.h:297->firmware/nnet_utils/nnet_conv2d_stream.h:87->firmware/nnet_utils/nnet_conv2d_stream.h:103]   --->   Operation 400 'br' <Predicate = (out_index == 22)> <Delay = 1.76>
ST_14 : Operation 401 [1/1] (1.76ns)   --->   "br label %ReuseLoop_end" [firmware/nnet_utils/nnet_dense_resource.h:139->firmware/nnet_utils/nnet_dense_resource.h:255->firmware/nnet_utils/nnet_conv_stream.h:297->firmware/nnet_utils/nnet_conv2d_stream.h:87->firmware/nnet_utils/nnet_conv2d_stream.h:103]   --->   Operation 401 'br' <Predicate = (out_index == 21)> <Delay = 1.76>
ST_14 : Operation 402 [1/1] (1.76ns)   --->   "br label %ReuseLoop_end" [firmware/nnet_utils/nnet_dense_resource.h:139->firmware/nnet_utils/nnet_dense_resource.h:255->firmware/nnet_utils/nnet_conv_stream.h:297->firmware/nnet_utils/nnet_conv2d_stream.h:87->firmware/nnet_utils/nnet_conv2d_stream.h:103]   --->   Operation 402 'br' <Predicate = (out_index == 20)> <Delay = 1.76>
ST_14 : Operation 403 [1/1] (1.76ns)   --->   "br label %ReuseLoop_end" [firmware/nnet_utils/nnet_dense_resource.h:139->firmware/nnet_utils/nnet_dense_resource.h:255->firmware/nnet_utils/nnet_conv_stream.h:297->firmware/nnet_utils/nnet_conv2d_stream.h:87->firmware/nnet_utils/nnet_conv2d_stream.h:103]   --->   Operation 403 'br' <Predicate = (out_index == 19)> <Delay = 1.76>
ST_14 : Operation 404 [1/1] (1.76ns)   --->   "br label %ReuseLoop_end" [firmware/nnet_utils/nnet_dense_resource.h:139->firmware/nnet_utils/nnet_dense_resource.h:255->firmware/nnet_utils/nnet_conv_stream.h:297->firmware/nnet_utils/nnet_conv2d_stream.h:87->firmware/nnet_utils/nnet_conv2d_stream.h:103]   --->   Operation 404 'br' <Predicate = (out_index == 18)> <Delay = 1.76>
ST_14 : Operation 405 [1/1] (1.76ns)   --->   "br label %ReuseLoop_end" [firmware/nnet_utils/nnet_dense_resource.h:139->firmware/nnet_utils/nnet_dense_resource.h:255->firmware/nnet_utils/nnet_conv_stream.h:297->firmware/nnet_utils/nnet_conv2d_stream.h:87->firmware/nnet_utils/nnet_conv2d_stream.h:103]   --->   Operation 405 'br' <Predicate = (out_index == 17)> <Delay = 1.76>
ST_14 : Operation 406 [1/1] (1.76ns)   --->   "br label %ReuseLoop_end" [firmware/nnet_utils/nnet_dense_resource.h:139->firmware/nnet_utils/nnet_dense_resource.h:255->firmware/nnet_utils/nnet_conv_stream.h:297->firmware/nnet_utils/nnet_conv2d_stream.h:87->firmware/nnet_utils/nnet_conv2d_stream.h:103]   --->   Operation 406 'br' <Predicate = (out_index == 16)> <Delay = 1.76>
ST_14 : Operation 407 [1/1] (1.76ns)   --->   "br label %ReuseLoop_end" [firmware/nnet_utils/nnet_dense_resource.h:139->firmware/nnet_utils/nnet_dense_resource.h:255->firmware/nnet_utils/nnet_conv_stream.h:297->firmware/nnet_utils/nnet_conv2d_stream.h:87->firmware/nnet_utils/nnet_conv2d_stream.h:103]   --->   Operation 407 'br' <Predicate = (out_index == 15)> <Delay = 1.76>
ST_14 : Operation 408 [1/1] (1.76ns)   --->   "br label %ReuseLoop_end" [firmware/nnet_utils/nnet_dense_resource.h:139->firmware/nnet_utils/nnet_dense_resource.h:255->firmware/nnet_utils/nnet_conv_stream.h:297->firmware/nnet_utils/nnet_conv2d_stream.h:87->firmware/nnet_utils/nnet_conv2d_stream.h:103]   --->   Operation 408 'br' <Predicate = (out_index == 14)> <Delay = 1.76>
ST_14 : Operation 409 [1/1] (1.76ns)   --->   "br label %ReuseLoop_end" [firmware/nnet_utils/nnet_dense_resource.h:139->firmware/nnet_utils/nnet_dense_resource.h:255->firmware/nnet_utils/nnet_conv_stream.h:297->firmware/nnet_utils/nnet_conv2d_stream.h:87->firmware/nnet_utils/nnet_conv2d_stream.h:103]   --->   Operation 409 'br' <Predicate = (out_index == 13)> <Delay = 1.76>
ST_14 : Operation 410 [1/1] (1.76ns)   --->   "br label %ReuseLoop_end" [firmware/nnet_utils/nnet_dense_resource.h:139->firmware/nnet_utils/nnet_dense_resource.h:255->firmware/nnet_utils/nnet_conv_stream.h:297->firmware/nnet_utils/nnet_conv2d_stream.h:87->firmware/nnet_utils/nnet_conv2d_stream.h:103]   --->   Operation 410 'br' <Predicate = (out_index == 12)> <Delay = 1.76>
ST_14 : Operation 411 [1/1] (1.76ns)   --->   "br label %ReuseLoop_end" [firmware/nnet_utils/nnet_dense_resource.h:139->firmware/nnet_utils/nnet_dense_resource.h:255->firmware/nnet_utils/nnet_conv_stream.h:297->firmware/nnet_utils/nnet_conv2d_stream.h:87->firmware/nnet_utils/nnet_conv2d_stream.h:103]   --->   Operation 411 'br' <Predicate = (out_index == 11)> <Delay = 1.76>
ST_14 : Operation 412 [1/1] (1.76ns)   --->   "br label %ReuseLoop_end" [firmware/nnet_utils/nnet_dense_resource.h:139->firmware/nnet_utils/nnet_dense_resource.h:255->firmware/nnet_utils/nnet_conv_stream.h:297->firmware/nnet_utils/nnet_conv2d_stream.h:87->firmware/nnet_utils/nnet_conv2d_stream.h:103]   --->   Operation 412 'br' <Predicate = (out_index == 10)> <Delay = 1.76>
ST_14 : Operation 413 [1/1] (1.76ns)   --->   "br label %ReuseLoop_end" [firmware/nnet_utils/nnet_dense_resource.h:139->firmware/nnet_utils/nnet_dense_resource.h:255->firmware/nnet_utils/nnet_conv_stream.h:297->firmware/nnet_utils/nnet_conv2d_stream.h:87->firmware/nnet_utils/nnet_conv2d_stream.h:103]   --->   Operation 413 'br' <Predicate = (out_index == 9)> <Delay = 1.76>
ST_14 : Operation 414 [1/1] (1.76ns)   --->   "br label %ReuseLoop_end" [firmware/nnet_utils/nnet_dense_resource.h:139->firmware/nnet_utils/nnet_dense_resource.h:255->firmware/nnet_utils/nnet_conv_stream.h:297->firmware/nnet_utils/nnet_conv2d_stream.h:87->firmware/nnet_utils/nnet_conv2d_stream.h:103]   --->   Operation 414 'br' <Predicate = (out_index == 8)> <Delay = 1.76>
ST_14 : Operation 415 [1/1] (1.76ns)   --->   "br label %ReuseLoop_end" [firmware/nnet_utils/nnet_dense_resource.h:139->firmware/nnet_utils/nnet_dense_resource.h:255->firmware/nnet_utils/nnet_conv_stream.h:297->firmware/nnet_utils/nnet_conv2d_stream.h:87->firmware/nnet_utils/nnet_conv2d_stream.h:103]   --->   Operation 415 'br' <Predicate = (out_index == 7)> <Delay = 1.76>
ST_14 : Operation 416 [1/1] (1.76ns)   --->   "br label %ReuseLoop_end" [firmware/nnet_utils/nnet_dense_resource.h:139->firmware/nnet_utils/nnet_dense_resource.h:255->firmware/nnet_utils/nnet_conv_stream.h:297->firmware/nnet_utils/nnet_conv2d_stream.h:87->firmware/nnet_utils/nnet_conv2d_stream.h:103]   --->   Operation 416 'br' <Predicate = (out_index == 6)> <Delay = 1.76>
ST_14 : Operation 417 [1/1] (1.76ns)   --->   "br label %ReuseLoop_end" [firmware/nnet_utils/nnet_dense_resource.h:139->firmware/nnet_utils/nnet_dense_resource.h:255->firmware/nnet_utils/nnet_conv_stream.h:297->firmware/nnet_utils/nnet_conv2d_stream.h:87->firmware/nnet_utils/nnet_conv2d_stream.h:103]   --->   Operation 417 'br' <Predicate = (out_index == 5)> <Delay = 1.76>
ST_14 : Operation 418 [1/1] (1.76ns)   --->   "br label %ReuseLoop_end" [firmware/nnet_utils/nnet_dense_resource.h:139->firmware/nnet_utils/nnet_dense_resource.h:255->firmware/nnet_utils/nnet_conv_stream.h:297->firmware/nnet_utils/nnet_conv2d_stream.h:87->firmware/nnet_utils/nnet_conv2d_stream.h:103]   --->   Operation 418 'br' <Predicate = (out_index == 4)> <Delay = 1.76>
ST_14 : Operation 419 [1/1] (1.76ns)   --->   "br label %ReuseLoop_end" [firmware/nnet_utils/nnet_dense_resource.h:139->firmware/nnet_utils/nnet_dense_resource.h:255->firmware/nnet_utils/nnet_conv_stream.h:297->firmware/nnet_utils/nnet_conv2d_stream.h:87->firmware/nnet_utils/nnet_conv2d_stream.h:103]   --->   Operation 419 'br' <Predicate = (out_index == 3)> <Delay = 1.76>
ST_14 : Operation 420 [1/1] (1.76ns)   --->   "br label %ReuseLoop_end" [firmware/nnet_utils/nnet_dense_resource.h:139->firmware/nnet_utils/nnet_dense_resource.h:255->firmware/nnet_utils/nnet_conv_stream.h:297->firmware/nnet_utils/nnet_conv2d_stream.h:87->firmware/nnet_utils/nnet_conv2d_stream.h:103]   --->   Operation 420 'br' <Predicate = (out_index == 2)> <Delay = 1.76>
ST_14 : Operation 421 [1/1] (1.76ns)   --->   "br label %ReuseLoop_end" [firmware/nnet_utils/nnet_dense_resource.h:139->firmware/nnet_utils/nnet_dense_resource.h:255->firmware/nnet_utils/nnet_conv_stream.h:297->firmware/nnet_utils/nnet_conv2d_stream.h:87->firmware/nnet_utils/nnet_conv2d_stream.h:103]   --->   Operation 421 'br' <Predicate = (out_index == 1)> <Delay = 1.76>
ST_14 : Operation 422 [1/1] (1.76ns)   --->   "br label %ReuseLoop_end" [firmware/nnet_utils/nnet_dense_resource.h:139->firmware/nnet_utils/nnet_dense_resource.h:255->firmware/nnet_utils/nnet_conv_stream.h:297->firmware/nnet_utils/nnet_conv2d_stream.h:87->firmware/nnet_utils/nnet_conv2d_stream.h:103]   --->   Operation 422 'br' <Predicate = (out_index == 31)> <Delay = 1.76>
ST_14 : Operation 423 [1/1] (0.00ns)   --->   "%tmp_data_31_V = phi i14 [ %acc_0_V, %branch598 ], [ %tmp_data_31_V_13101, %branch597 ], [ %tmp_data_31_V_13101, %branch596 ], [ %tmp_data_31_V_13101, %branch595 ], [ %tmp_data_31_V_13101, %branch594 ], [ %tmp_data_31_V_13101, %branch593 ], [ %tmp_data_31_V_13101, %branch592 ], [ %tmp_data_31_V_13101, %branch591 ], [ %tmp_data_31_V_13101, %branch590 ], [ %tmp_data_31_V_13101, %branch589 ], [ %tmp_data_31_V_13101, %branch588 ], [ %tmp_data_31_V_13101, %branch587 ], [ %tmp_data_31_V_13101, %branch586 ], [ %tmp_data_31_V_13101, %branch585 ], [ %tmp_data_31_V_13101, %branch584 ], [ %tmp_data_31_V_13101, %branch583 ], [ %tmp_data_31_V_13101, %branch582 ], [ %tmp_data_31_V_13101, %branch581 ], [ %tmp_data_31_V_13101, %branch580 ], [ %tmp_data_31_V_13101, %branch579 ], [ %tmp_data_31_V_13101, %branch578 ], [ %tmp_data_31_V_13101, %branch577 ], [ %tmp_data_31_V_13101, %branch576 ], [ %tmp_data_31_V_13101, %branch575 ], [ %tmp_data_31_V_13101, %branch574 ], [ %tmp_data_31_V_13101, %branch573 ], [ %tmp_data_31_V_13101, %branch572 ], [ %tmp_data_31_V_13101, %branch571 ], [ %tmp_data_31_V_13101, %branch570 ], [ %tmp_data_31_V_13101, %branch569 ], [ %tmp_data_31_V_13101, %branch568 ], [ %tmp_data_31_V_13101, %aesl_mux_load.27i8P.i5.exit ]"   --->   Operation 423 'phi' 'tmp_data_31_V' <Predicate = true> <Delay = 0.00>
ST_14 : Operation 424 [1/1] (0.00ns)   --->   "%tmp_data_30_V = phi i14 [ %tmp_data_30_V_13103, %branch598 ], [ %acc_0_V, %branch597 ], [ %tmp_data_30_V_13103, %branch596 ], [ %tmp_data_30_V_13103, %branch595 ], [ %tmp_data_30_V_13103, %branch594 ], [ %tmp_data_30_V_13103, %branch593 ], [ %tmp_data_30_V_13103, %branch592 ], [ %tmp_data_30_V_13103, %branch591 ], [ %tmp_data_30_V_13103, %branch590 ], [ %tmp_data_30_V_13103, %branch589 ], [ %tmp_data_30_V_13103, %branch588 ], [ %tmp_data_30_V_13103, %branch587 ], [ %tmp_data_30_V_13103, %branch586 ], [ %tmp_data_30_V_13103, %branch585 ], [ %tmp_data_30_V_13103, %branch584 ], [ %tmp_data_30_V_13103, %branch583 ], [ %tmp_data_30_V_13103, %branch582 ], [ %tmp_data_30_V_13103, %branch581 ], [ %tmp_data_30_V_13103, %branch580 ], [ %tmp_data_30_V_13103, %branch579 ], [ %tmp_data_30_V_13103, %branch578 ], [ %tmp_data_30_V_13103, %branch577 ], [ %tmp_data_30_V_13103, %branch576 ], [ %tmp_data_30_V_13103, %branch575 ], [ %tmp_data_30_V_13103, %branch574 ], [ %tmp_data_30_V_13103, %branch573 ], [ %tmp_data_30_V_13103, %branch572 ], [ %tmp_data_30_V_13103, %branch571 ], [ %tmp_data_30_V_13103, %branch570 ], [ %tmp_data_30_V_13103, %branch569 ], [ %tmp_data_30_V_13103, %branch568 ], [ %tmp_data_30_V_13103, %aesl_mux_load.27i8P.i5.exit ]"   --->   Operation 424 'phi' 'tmp_data_30_V' <Predicate = true> <Delay = 0.00>
ST_14 : Operation 425 [1/1] (0.00ns)   --->   "%tmp_data_29_V = phi i14 [ %tmp_data_29_V_13105, %branch598 ], [ %tmp_data_29_V_13105, %branch597 ], [ %acc_0_V, %branch596 ], [ %tmp_data_29_V_13105, %branch595 ], [ %tmp_data_29_V_13105, %branch594 ], [ %tmp_data_29_V_13105, %branch593 ], [ %tmp_data_29_V_13105, %branch592 ], [ %tmp_data_29_V_13105, %branch591 ], [ %tmp_data_29_V_13105, %branch590 ], [ %tmp_data_29_V_13105, %branch589 ], [ %tmp_data_29_V_13105, %branch588 ], [ %tmp_data_29_V_13105, %branch587 ], [ %tmp_data_29_V_13105, %branch586 ], [ %tmp_data_29_V_13105, %branch585 ], [ %tmp_data_29_V_13105, %branch584 ], [ %tmp_data_29_V_13105, %branch583 ], [ %tmp_data_29_V_13105, %branch582 ], [ %tmp_data_29_V_13105, %branch581 ], [ %tmp_data_29_V_13105, %branch580 ], [ %tmp_data_29_V_13105, %branch579 ], [ %tmp_data_29_V_13105, %branch578 ], [ %tmp_data_29_V_13105, %branch577 ], [ %tmp_data_29_V_13105, %branch576 ], [ %tmp_data_29_V_13105, %branch575 ], [ %tmp_data_29_V_13105, %branch574 ], [ %tmp_data_29_V_13105, %branch573 ], [ %tmp_data_29_V_13105, %branch572 ], [ %tmp_data_29_V_13105, %branch571 ], [ %tmp_data_29_V_13105, %branch570 ], [ %tmp_data_29_V_13105, %branch569 ], [ %tmp_data_29_V_13105, %branch568 ], [ %tmp_data_29_V_13105, %aesl_mux_load.27i8P.i5.exit ]"   --->   Operation 425 'phi' 'tmp_data_29_V' <Predicate = true> <Delay = 0.00>
ST_14 : Operation 426 [1/1] (0.00ns)   --->   "%tmp_data_28_V = phi i14 [ %tmp_data_28_V_13107, %branch598 ], [ %tmp_data_28_V_13107, %branch597 ], [ %tmp_data_28_V_13107, %branch596 ], [ %acc_0_V, %branch595 ], [ %tmp_data_28_V_13107, %branch594 ], [ %tmp_data_28_V_13107, %branch593 ], [ %tmp_data_28_V_13107, %branch592 ], [ %tmp_data_28_V_13107, %branch591 ], [ %tmp_data_28_V_13107, %branch590 ], [ %tmp_data_28_V_13107, %branch589 ], [ %tmp_data_28_V_13107, %branch588 ], [ %tmp_data_28_V_13107, %branch587 ], [ %tmp_data_28_V_13107, %branch586 ], [ %tmp_data_28_V_13107, %branch585 ], [ %tmp_data_28_V_13107, %branch584 ], [ %tmp_data_28_V_13107, %branch583 ], [ %tmp_data_28_V_13107, %branch582 ], [ %tmp_data_28_V_13107, %branch581 ], [ %tmp_data_28_V_13107, %branch580 ], [ %tmp_data_28_V_13107, %branch579 ], [ %tmp_data_28_V_13107, %branch578 ], [ %tmp_data_28_V_13107, %branch577 ], [ %tmp_data_28_V_13107, %branch576 ], [ %tmp_data_28_V_13107, %branch575 ], [ %tmp_data_28_V_13107, %branch574 ], [ %tmp_data_28_V_13107, %branch573 ], [ %tmp_data_28_V_13107, %branch572 ], [ %tmp_data_28_V_13107, %branch571 ], [ %tmp_data_28_V_13107, %branch570 ], [ %tmp_data_28_V_13107, %branch569 ], [ %tmp_data_28_V_13107, %branch568 ], [ %tmp_data_28_V_13107, %aesl_mux_load.27i8P.i5.exit ]"   --->   Operation 426 'phi' 'tmp_data_28_V' <Predicate = true> <Delay = 0.00>
ST_14 : Operation 427 [1/1] (0.00ns)   --->   "%tmp_data_27_V = phi i14 [ %tmp_data_27_V_13109, %branch598 ], [ %tmp_data_27_V_13109, %branch597 ], [ %tmp_data_27_V_13109, %branch596 ], [ %tmp_data_27_V_13109, %branch595 ], [ %acc_0_V, %branch594 ], [ %tmp_data_27_V_13109, %branch593 ], [ %tmp_data_27_V_13109, %branch592 ], [ %tmp_data_27_V_13109, %branch591 ], [ %tmp_data_27_V_13109, %branch590 ], [ %tmp_data_27_V_13109, %branch589 ], [ %tmp_data_27_V_13109, %branch588 ], [ %tmp_data_27_V_13109, %branch587 ], [ %tmp_data_27_V_13109, %branch586 ], [ %tmp_data_27_V_13109, %branch585 ], [ %tmp_data_27_V_13109, %branch584 ], [ %tmp_data_27_V_13109, %branch583 ], [ %tmp_data_27_V_13109, %branch582 ], [ %tmp_data_27_V_13109, %branch581 ], [ %tmp_data_27_V_13109, %branch580 ], [ %tmp_data_27_V_13109, %branch579 ], [ %tmp_data_27_V_13109, %branch578 ], [ %tmp_data_27_V_13109, %branch577 ], [ %tmp_data_27_V_13109, %branch576 ], [ %tmp_data_27_V_13109, %branch575 ], [ %tmp_data_27_V_13109, %branch574 ], [ %tmp_data_27_V_13109, %branch573 ], [ %tmp_data_27_V_13109, %branch572 ], [ %tmp_data_27_V_13109, %branch571 ], [ %tmp_data_27_V_13109, %branch570 ], [ %tmp_data_27_V_13109, %branch569 ], [ %tmp_data_27_V_13109, %branch568 ], [ %tmp_data_27_V_13109, %aesl_mux_load.27i8P.i5.exit ]"   --->   Operation 427 'phi' 'tmp_data_27_V' <Predicate = true> <Delay = 0.00>
ST_14 : Operation 428 [1/1] (0.00ns)   --->   "%tmp_data_26_V = phi i14 [ %tmp_data_26_V_13111, %branch598 ], [ %tmp_data_26_V_13111, %branch597 ], [ %tmp_data_26_V_13111, %branch596 ], [ %tmp_data_26_V_13111, %branch595 ], [ %tmp_data_26_V_13111, %branch594 ], [ %acc_0_V, %branch593 ], [ %tmp_data_26_V_13111, %branch592 ], [ %tmp_data_26_V_13111, %branch591 ], [ %tmp_data_26_V_13111, %branch590 ], [ %tmp_data_26_V_13111, %branch589 ], [ %tmp_data_26_V_13111, %branch588 ], [ %tmp_data_26_V_13111, %branch587 ], [ %tmp_data_26_V_13111, %branch586 ], [ %tmp_data_26_V_13111, %branch585 ], [ %tmp_data_26_V_13111, %branch584 ], [ %tmp_data_26_V_13111, %branch583 ], [ %tmp_data_26_V_13111, %branch582 ], [ %tmp_data_26_V_13111, %branch581 ], [ %tmp_data_26_V_13111, %branch580 ], [ %tmp_data_26_V_13111, %branch579 ], [ %tmp_data_26_V_13111, %branch578 ], [ %tmp_data_26_V_13111, %branch577 ], [ %tmp_data_26_V_13111, %branch576 ], [ %tmp_data_26_V_13111, %branch575 ], [ %tmp_data_26_V_13111, %branch574 ], [ %tmp_data_26_V_13111, %branch573 ], [ %tmp_data_26_V_13111, %branch572 ], [ %tmp_data_26_V_13111, %branch571 ], [ %tmp_data_26_V_13111, %branch570 ], [ %tmp_data_26_V_13111, %branch569 ], [ %tmp_data_26_V_13111, %branch568 ], [ %tmp_data_26_V_13111, %aesl_mux_load.27i8P.i5.exit ]"   --->   Operation 428 'phi' 'tmp_data_26_V' <Predicate = true> <Delay = 0.00>
ST_14 : Operation 429 [1/1] (0.00ns)   --->   "%tmp_data_25_V = phi i14 [ %tmp_data_25_V_13113, %branch598 ], [ %tmp_data_25_V_13113, %branch597 ], [ %tmp_data_25_V_13113, %branch596 ], [ %tmp_data_25_V_13113, %branch595 ], [ %tmp_data_25_V_13113, %branch594 ], [ %tmp_data_25_V_13113, %branch593 ], [ %acc_0_V, %branch592 ], [ %tmp_data_25_V_13113, %branch591 ], [ %tmp_data_25_V_13113, %branch590 ], [ %tmp_data_25_V_13113, %branch589 ], [ %tmp_data_25_V_13113, %branch588 ], [ %tmp_data_25_V_13113, %branch587 ], [ %tmp_data_25_V_13113, %branch586 ], [ %tmp_data_25_V_13113, %branch585 ], [ %tmp_data_25_V_13113, %branch584 ], [ %tmp_data_25_V_13113, %branch583 ], [ %tmp_data_25_V_13113, %branch582 ], [ %tmp_data_25_V_13113, %branch581 ], [ %tmp_data_25_V_13113, %branch580 ], [ %tmp_data_25_V_13113, %branch579 ], [ %tmp_data_25_V_13113, %branch578 ], [ %tmp_data_25_V_13113, %branch577 ], [ %tmp_data_25_V_13113, %branch576 ], [ %tmp_data_25_V_13113, %branch575 ], [ %tmp_data_25_V_13113, %branch574 ], [ %tmp_data_25_V_13113, %branch573 ], [ %tmp_data_25_V_13113, %branch572 ], [ %tmp_data_25_V_13113, %branch571 ], [ %tmp_data_25_V_13113, %branch570 ], [ %tmp_data_25_V_13113, %branch569 ], [ %tmp_data_25_V_13113, %branch568 ], [ %tmp_data_25_V_13113, %aesl_mux_load.27i8P.i5.exit ]"   --->   Operation 429 'phi' 'tmp_data_25_V' <Predicate = true> <Delay = 0.00>
ST_14 : Operation 430 [1/1] (0.00ns)   --->   "%tmp_data_24_V = phi i14 [ %tmp_data_24_V_13115, %branch598 ], [ %tmp_data_24_V_13115, %branch597 ], [ %tmp_data_24_V_13115, %branch596 ], [ %tmp_data_24_V_13115, %branch595 ], [ %tmp_data_24_V_13115, %branch594 ], [ %tmp_data_24_V_13115, %branch593 ], [ %tmp_data_24_V_13115, %branch592 ], [ %acc_0_V, %branch591 ], [ %tmp_data_24_V_13115, %branch590 ], [ %tmp_data_24_V_13115, %branch589 ], [ %tmp_data_24_V_13115, %branch588 ], [ %tmp_data_24_V_13115, %branch587 ], [ %tmp_data_24_V_13115, %branch586 ], [ %tmp_data_24_V_13115, %branch585 ], [ %tmp_data_24_V_13115, %branch584 ], [ %tmp_data_24_V_13115, %branch583 ], [ %tmp_data_24_V_13115, %branch582 ], [ %tmp_data_24_V_13115, %branch581 ], [ %tmp_data_24_V_13115, %branch580 ], [ %tmp_data_24_V_13115, %branch579 ], [ %tmp_data_24_V_13115, %branch578 ], [ %tmp_data_24_V_13115, %branch577 ], [ %tmp_data_24_V_13115, %branch576 ], [ %tmp_data_24_V_13115, %branch575 ], [ %tmp_data_24_V_13115, %branch574 ], [ %tmp_data_24_V_13115, %branch573 ], [ %tmp_data_24_V_13115, %branch572 ], [ %tmp_data_24_V_13115, %branch571 ], [ %tmp_data_24_V_13115, %branch570 ], [ %tmp_data_24_V_13115, %branch569 ], [ %tmp_data_24_V_13115, %branch568 ], [ %tmp_data_24_V_13115, %aesl_mux_load.27i8P.i5.exit ]"   --->   Operation 430 'phi' 'tmp_data_24_V' <Predicate = true> <Delay = 0.00>
ST_14 : Operation 431 [1/1] (0.00ns)   --->   "%tmp_data_23_V = phi i14 [ %tmp_data_23_V_13117, %branch598 ], [ %tmp_data_23_V_13117, %branch597 ], [ %tmp_data_23_V_13117, %branch596 ], [ %tmp_data_23_V_13117, %branch595 ], [ %tmp_data_23_V_13117, %branch594 ], [ %tmp_data_23_V_13117, %branch593 ], [ %tmp_data_23_V_13117, %branch592 ], [ %tmp_data_23_V_13117, %branch591 ], [ %acc_0_V, %branch590 ], [ %tmp_data_23_V_13117, %branch589 ], [ %tmp_data_23_V_13117, %branch588 ], [ %tmp_data_23_V_13117, %branch587 ], [ %tmp_data_23_V_13117, %branch586 ], [ %tmp_data_23_V_13117, %branch585 ], [ %tmp_data_23_V_13117, %branch584 ], [ %tmp_data_23_V_13117, %branch583 ], [ %tmp_data_23_V_13117, %branch582 ], [ %tmp_data_23_V_13117, %branch581 ], [ %tmp_data_23_V_13117, %branch580 ], [ %tmp_data_23_V_13117, %branch579 ], [ %tmp_data_23_V_13117, %branch578 ], [ %tmp_data_23_V_13117, %branch577 ], [ %tmp_data_23_V_13117, %branch576 ], [ %tmp_data_23_V_13117, %branch575 ], [ %tmp_data_23_V_13117, %branch574 ], [ %tmp_data_23_V_13117, %branch573 ], [ %tmp_data_23_V_13117, %branch572 ], [ %tmp_data_23_V_13117, %branch571 ], [ %tmp_data_23_V_13117, %branch570 ], [ %tmp_data_23_V_13117, %branch569 ], [ %tmp_data_23_V_13117, %branch568 ], [ %tmp_data_23_V_13117, %aesl_mux_load.27i8P.i5.exit ]"   --->   Operation 431 'phi' 'tmp_data_23_V' <Predicate = true> <Delay = 0.00>
ST_14 : Operation 432 [1/1] (0.00ns)   --->   "%tmp_data_22_V = phi i14 [ %tmp_data_22_V_13119, %branch598 ], [ %tmp_data_22_V_13119, %branch597 ], [ %tmp_data_22_V_13119, %branch596 ], [ %tmp_data_22_V_13119, %branch595 ], [ %tmp_data_22_V_13119, %branch594 ], [ %tmp_data_22_V_13119, %branch593 ], [ %tmp_data_22_V_13119, %branch592 ], [ %tmp_data_22_V_13119, %branch591 ], [ %tmp_data_22_V_13119, %branch590 ], [ %acc_0_V, %branch589 ], [ %tmp_data_22_V_13119, %branch588 ], [ %tmp_data_22_V_13119, %branch587 ], [ %tmp_data_22_V_13119, %branch586 ], [ %tmp_data_22_V_13119, %branch585 ], [ %tmp_data_22_V_13119, %branch584 ], [ %tmp_data_22_V_13119, %branch583 ], [ %tmp_data_22_V_13119, %branch582 ], [ %tmp_data_22_V_13119, %branch581 ], [ %tmp_data_22_V_13119, %branch580 ], [ %tmp_data_22_V_13119, %branch579 ], [ %tmp_data_22_V_13119, %branch578 ], [ %tmp_data_22_V_13119, %branch577 ], [ %tmp_data_22_V_13119, %branch576 ], [ %tmp_data_22_V_13119, %branch575 ], [ %tmp_data_22_V_13119, %branch574 ], [ %tmp_data_22_V_13119, %branch573 ], [ %tmp_data_22_V_13119, %branch572 ], [ %tmp_data_22_V_13119, %branch571 ], [ %tmp_data_22_V_13119, %branch570 ], [ %tmp_data_22_V_13119, %branch569 ], [ %tmp_data_22_V_13119, %branch568 ], [ %tmp_data_22_V_13119, %aesl_mux_load.27i8P.i5.exit ]"   --->   Operation 432 'phi' 'tmp_data_22_V' <Predicate = true> <Delay = 0.00>
ST_14 : Operation 433 [1/1] (0.00ns)   --->   "%tmp_data_21_V = phi i14 [ %tmp_data_21_V_13121, %branch598 ], [ %tmp_data_21_V_13121, %branch597 ], [ %tmp_data_21_V_13121, %branch596 ], [ %tmp_data_21_V_13121, %branch595 ], [ %tmp_data_21_V_13121, %branch594 ], [ %tmp_data_21_V_13121, %branch593 ], [ %tmp_data_21_V_13121, %branch592 ], [ %tmp_data_21_V_13121, %branch591 ], [ %tmp_data_21_V_13121, %branch590 ], [ %tmp_data_21_V_13121, %branch589 ], [ %acc_0_V, %branch588 ], [ %tmp_data_21_V_13121, %branch587 ], [ %tmp_data_21_V_13121, %branch586 ], [ %tmp_data_21_V_13121, %branch585 ], [ %tmp_data_21_V_13121, %branch584 ], [ %tmp_data_21_V_13121, %branch583 ], [ %tmp_data_21_V_13121, %branch582 ], [ %tmp_data_21_V_13121, %branch581 ], [ %tmp_data_21_V_13121, %branch580 ], [ %tmp_data_21_V_13121, %branch579 ], [ %tmp_data_21_V_13121, %branch578 ], [ %tmp_data_21_V_13121, %branch577 ], [ %tmp_data_21_V_13121, %branch576 ], [ %tmp_data_21_V_13121, %branch575 ], [ %tmp_data_21_V_13121, %branch574 ], [ %tmp_data_21_V_13121, %branch573 ], [ %tmp_data_21_V_13121, %branch572 ], [ %tmp_data_21_V_13121, %branch571 ], [ %tmp_data_21_V_13121, %branch570 ], [ %tmp_data_21_V_13121, %branch569 ], [ %tmp_data_21_V_13121, %branch568 ], [ %tmp_data_21_V_13121, %aesl_mux_load.27i8P.i5.exit ]"   --->   Operation 433 'phi' 'tmp_data_21_V' <Predicate = true> <Delay = 0.00>
ST_14 : Operation 434 [1/1] (0.00ns)   --->   "%tmp_data_20_V = phi i14 [ %tmp_data_20_V_13123, %branch598 ], [ %tmp_data_20_V_13123, %branch597 ], [ %tmp_data_20_V_13123, %branch596 ], [ %tmp_data_20_V_13123, %branch595 ], [ %tmp_data_20_V_13123, %branch594 ], [ %tmp_data_20_V_13123, %branch593 ], [ %tmp_data_20_V_13123, %branch592 ], [ %tmp_data_20_V_13123, %branch591 ], [ %tmp_data_20_V_13123, %branch590 ], [ %tmp_data_20_V_13123, %branch589 ], [ %tmp_data_20_V_13123, %branch588 ], [ %acc_0_V, %branch587 ], [ %tmp_data_20_V_13123, %branch586 ], [ %tmp_data_20_V_13123, %branch585 ], [ %tmp_data_20_V_13123, %branch584 ], [ %tmp_data_20_V_13123, %branch583 ], [ %tmp_data_20_V_13123, %branch582 ], [ %tmp_data_20_V_13123, %branch581 ], [ %tmp_data_20_V_13123, %branch580 ], [ %tmp_data_20_V_13123, %branch579 ], [ %tmp_data_20_V_13123, %branch578 ], [ %tmp_data_20_V_13123, %branch577 ], [ %tmp_data_20_V_13123, %branch576 ], [ %tmp_data_20_V_13123, %branch575 ], [ %tmp_data_20_V_13123, %branch574 ], [ %tmp_data_20_V_13123, %branch573 ], [ %tmp_data_20_V_13123, %branch572 ], [ %tmp_data_20_V_13123, %branch571 ], [ %tmp_data_20_V_13123, %branch570 ], [ %tmp_data_20_V_13123, %branch569 ], [ %tmp_data_20_V_13123, %branch568 ], [ %tmp_data_20_V_13123, %aesl_mux_load.27i8P.i5.exit ]"   --->   Operation 434 'phi' 'tmp_data_20_V' <Predicate = true> <Delay = 0.00>
ST_14 : Operation 435 [1/1] (0.00ns)   --->   "%tmp_data_19_V = phi i14 [ %tmp_data_19_V_13125, %branch598 ], [ %tmp_data_19_V_13125, %branch597 ], [ %tmp_data_19_V_13125, %branch596 ], [ %tmp_data_19_V_13125, %branch595 ], [ %tmp_data_19_V_13125, %branch594 ], [ %tmp_data_19_V_13125, %branch593 ], [ %tmp_data_19_V_13125, %branch592 ], [ %tmp_data_19_V_13125, %branch591 ], [ %tmp_data_19_V_13125, %branch590 ], [ %tmp_data_19_V_13125, %branch589 ], [ %tmp_data_19_V_13125, %branch588 ], [ %tmp_data_19_V_13125, %branch587 ], [ %acc_0_V, %branch586 ], [ %tmp_data_19_V_13125, %branch585 ], [ %tmp_data_19_V_13125, %branch584 ], [ %tmp_data_19_V_13125, %branch583 ], [ %tmp_data_19_V_13125, %branch582 ], [ %tmp_data_19_V_13125, %branch581 ], [ %tmp_data_19_V_13125, %branch580 ], [ %tmp_data_19_V_13125, %branch579 ], [ %tmp_data_19_V_13125, %branch578 ], [ %tmp_data_19_V_13125, %branch577 ], [ %tmp_data_19_V_13125, %branch576 ], [ %tmp_data_19_V_13125, %branch575 ], [ %tmp_data_19_V_13125, %branch574 ], [ %tmp_data_19_V_13125, %branch573 ], [ %tmp_data_19_V_13125, %branch572 ], [ %tmp_data_19_V_13125, %branch571 ], [ %tmp_data_19_V_13125, %branch570 ], [ %tmp_data_19_V_13125, %branch569 ], [ %tmp_data_19_V_13125, %branch568 ], [ %tmp_data_19_V_13125, %aesl_mux_load.27i8P.i5.exit ]"   --->   Operation 435 'phi' 'tmp_data_19_V' <Predicate = true> <Delay = 0.00>
ST_14 : Operation 436 [1/1] (0.00ns)   --->   "%tmp_data_18_V = phi i14 [ %tmp_data_18_V_13127, %branch598 ], [ %tmp_data_18_V_13127, %branch597 ], [ %tmp_data_18_V_13127, %branch596 ], [ %tmp_data_18_V_13127, %branch595 ], [ %tmp_data_18_V_13127, %branch594 ], [ %tmp_data_18_V_13127, %branch593 ], [ %tmp_data_18_V_13127, %branch592 ], [ %tmp_data_18_V_13127, %branch591 ], [ %tmp_data_18_V_13127, %branch590 ], [ %tmp_data_18_V_13127, %branch589 ], [ %tmp_data_18_V_13127, %branch588 ], [ %tmp_data_18_V_13127, %branch587 ], [ %tmp_data_18_V_13127, %branch586 ], [ %acc_0_V, %branch585 ], [ %tmp_data_18_V_13127, %branch584 ], [ %tmp_data_18_V_13127, %branch583 ], [ %tmp_data_18_V_13127, %branch582 ], [ %tmp_data_18_V_13127, %branch581 ], [ %tmp_data_18_V_13127, %branch580 ], [ %tmp_data_18_V_13127, %branch579 ], [ %tmp_data_18_V_13127, %branch578 ], [ %tmp_data_18_V_13127, %branch577 ], [ %tmp_data_18_V_13127, %branch576 ], [ %tmp_data_18_V_13127, %branch575 ], [ %tmp_data_18_V_13127, %branch574 ], [ %tmp_data_18_V_13127, %branch573 ], [ %tmp_data_18_V_13127, %branch572 ], [ %tmp_data_18_V_13127, %branch571 ], [ %tmp_data_18_V_13127, %branch570 ], [ %tmp_data_18_V_13127, %branch569 ], [ %tmp_data_18_V_13127, %branch568 ], [ %tmp_data_18_V_13127, %aesl_mux_load.27i8P.i5.exit ]"   --->   Operation 436 'phi' 'tmp_data_18_V' <Predicate = true> <Delay = 0.00>
ST_14 : Operation 437 [1/1] (0.00ns)   --->   "%tmp_data_17_V = phi i14 [ %tmp_data_17_V_13129, %branch598 ], [ %tmp_data_17_V_13129, %branch597 ], [ %tmp_data_17_V_13129, %branch596 ], [ %tmp_data_17_V_13129, %branch595 ], [ %tmp_data_17_V_13129, %branch594 ], [ %tmp_data_17_V_13129, %branch593 ], [ %tmp_data_17_V_13129, %branch592 ], [ %tmp_data_17_V_13129, %branch591 ], [ %tmp_data_17_V_13129, %branch590 ], [ %tmp_data_17_V_13129, %branch589 ], [ %tmp_data_17_V_13129, %branch588 ], [ %tmp_data_17_V_13129, %branch587 ], [ %tmp_data_17_V_13129, %branch586 ], [ %tmp_data_17_V_13129, %branch585 ], [ %acc_0_V, %branch584 ], [ %tmp_data_17_V_13129, %branch583 ], [ %tmp_data_17_V_13129, %branch582 ], [ %tmp_data_17_V_13129, %branch581 ], [ %tmp_data_17_V_13129, %branch580 ], [ %tmp_data_17_V_13129, %branch579 ], [ %tmp_data_17_V_13129, %branch578 ], [ %tmp_data_17_V_13129, %branch577 ], [ %tmp_data_17_V_13129, %branch576 ], [ %tmp_data_17_V_13129, %branch575 ], [ %tmp_data_17_V_13129, %branch574 ], [ %tmp_data_17_V_13129, %branch573 ], [ %tmp_data_17_V_13129, %branch572 ], [ %tmp_data_17_V_13129, %branch571 ], [ %tmp_data_17_V_13129, %branch570 ], [ %tmp_data_17_V_13129, %branch569 ], [ %tmp_data_17_V_13129, %branch568 ], [ %tmp_data_17_V_13129, %aesl_mux_load.27i8P.i5.exit ]"   --->   Operation 437 'phi' 'tmp_data_17_V' <Predicate = true> <Delay = 0.00>
ST_14 : Operation 438 [1/1] (0.00ns)   --->   "%tmp_data_16_V = phi i14 [ %tmp_data_16_V_13131, %branch598 ], [ %tmp_data_16_V_13131, %branch597 ], [ %tmp_data_16_V_13131, %branch596 ], [ %tmp_data_16_V_13131, %branch595 ], [ %tmp_data_16_V_13131, %branch594 ], [ %tmp_data_16_V_13131, %branch593 ], [ %tmp_data_16_V_13131, %branch592 ], [ %tmp_data_16_V_13131, %branch591 ], [ %tmp_data_16_V_13131, %branch590 ], [ %tmp_data_16_V_13131, %branch589 ], [ %tmp_data_16_V_13131, %branch588 ], [ %tmp_data_16_V_13131, %branch587 ], [ %tmp_data_16_V_13131, %branch586 ], [ %tmp_data_16_V_13131, %branch585 ], [ %tmp_data_16_V_13131, %branch584 ], [ %acc_0_V, %branch583 ], [ %tmp_data_16_V_13131, %branch582 ], [ %tmp_data_16_V_13131, %branch581 ], [ %tmp_data_16_V_13131, %branch580 ], [ %tmp_data_16_V_13131, %branch579 ], [ %tmp_data_16_V_13131, %branch578 ], [ %tmp_data_16_V_13131, %branch577 ], [ %tmp_data_16_V_13131, %branch576 ], [ %tmp_data_16_V_13131, %branch575 ], [ %tmp_data_16_V_13131, %branch574 ], [ %tmp_data_16_V_13131, %branch573 ], [ %tmp_data_16_V_13131, %branch572 ], [ %tmp_data_16_V_13131, %branch571 ], [ %tmp_data_16_V_13131, %branch570 ], [ %tmp_data_16_V_13131, %branch569 ], [ %tmp_data_16_V_13131, %branch568 ], [ %tmp_data_16_V_13131, %aesl_mux_load.27i8P.i5.exit ]"   --->   Operation 438 'phi' 'tmp_data_16_V' <Predicate = true> <Delay = 0.00>
ST_14 : Operation 439 [1/1] (0.00ns)   --->   "%tmp_data_15_V = phi i14 [ %tmp_data_15_V_13133, %branch598 ], [ %tmp_data_15_V_13133, %branch597 ], [ %tmp_data_15_V_13133, %branch596 ], [ %tmp_data_15_V_13133, %branch595 ], [ %tmp_data_15_V_13133, %branch594 ], [ %tmp_data_15_V_13133, %branch593 ], [ %tmp_data_15_V_13133, %branch592 ], [ %tmp_data_15_V_13133, %branch591 ], [ %tmp_data_15_V_13133, %branch590 ], [ %tmp_data_15_V_13133, %branch589 ], [ %tmp_data_15_V_13133, %branch588 ], [ %tmp_data_15_V_13133, %branch587 ], [ %tmp_data_15_V_13133, %branch586 ], [ %tmp_data_15_V_13133, %branch585 ], [ %tmp_data_15_V_13133, %branch584 ], [ %tmp_data_15_V_13133, %branch583 ], [ %acc_0_V, %branch582 ], [ %tmp_data_15_V_13133, %branch581 ], [ %tmp_data_15_V_13133, %branch580 ], [ %tmp_data_15_V_13133, %branch579 ], [ %tmp_data_15_V_13133, %branch578 ], [ %tmp_data_15_V_13133, %branch577 ], [ %tmp_data_15_V_13133, %branch576 ], [ %tmp_data_15_V_13133, %branch575 ], [ %tmp_data_15_V_13133, %branch574 ], [ %tmp_data_15_V_13133, %branch573 ], [ %tmp_data_15_V_13133, %branch572 ], [ %tmp_data_15_V_13133, %branch571 ], [ %tmp_data_15_V_13133, %branch570 ], [ %tmp_data_15_V_13133, %branch569 ], [ %tmp_data_15_V_13133, %branch568 ], [ %tmp_data_15_V_13133, %aesl_mux_load.27i8P.i5.exit ]"   --->   Operation 439 'phi' 'tmp_data_15_V' <Predicate = true> <Delay = 0.00>
ST_14 : Operation 440 [1/1] (0.00ns)   --->   "%tmp_data_14_V = phi i14 [ %tmp_data_14_V_13135, %branch598 ], [ %tmp_data_14_V_13135, %branch597 ], [ %tmp_data_14_V_13135, %branch596 ], [ %tmp_data_14_V_13135, %branch595 ], [ %tmp_data_14_V_13135, %branch594 ], [ %tmp_data_14_V_13135, %branch593 ], [ %tmp_data_14_V_13135, %branch592 ], [ %tmp_data_14_V_13135, %branch591 ], [ %tmp_data_14_V_13135, %branch590 ], [ %tmp_data_14_V_13135, %branch589 ], [ %tmp_data_14_V_13135, %branch588 ], [ %tmp_data_14_V_13135, %branch587 ], [ %tmp_data_14_V_13135, %branch586 ], [ %tmp_data_14_V_13135, %branch585 ], [ %tmp_data_14_V_13135, %branch584 ], [ %tmp_data_14_V_13135, %branch583 ], [ %tmp_data_14_V_13135, %branch582 ], [ %acc_0_V, %branch581 ], [ %tmp_data_14_V_13135, %branch580 ], [ %tmp_data_14_V_13135, %branch579 ], [ %tmp_data_14_V_13135, %branch578 ], [ %tmp_data_14_V_13135, %branch577 ], [ %tmp_data_14_V_13135, %branch576 ], [ %tmp_data_14_V_13135, %branch575 ], [ %tmp_data_14_V_13135, %branch574 ], [ %tmp_data_14_V_13135, %branch573 ], [ %tmp_data_14_V_13135, %branch572 ], [ %tmp_data_14_V_13135, %branch571 ], [ %tmp_data_14_V_13135, %branch570 ], [ %tmp_data_14_V_13135, %branch569 ], [ %tmp_data_14_V_13135, %branch568 ], [ %tmp_data_14_V_13135, %aesl_mux_load.27i8P.i5.exit ]"   --->   Operation 440 'phi' 'tmp_data_14_V' <Predicate = true> <Delay = 0.00>
ST_14 : Operation 441 [1/1] (0.00ns)   --->   "%tmp_data_13_V = phi i14 [ %tmp_data_13_V_13137, %branch598 ], [ %tmp_data_13_V_13137, %branch597 ], [ %tmp_data_13_V_13137, %branch596 ], [ %tmp_data_13_V_13137, %branch595 ], [ %tmp_data_13_V_13137, %branch594 ], [ %tmp_data_13_V_13137, %branch593 ], [ %tmp_data_13_V_13137, %branch592 ], [ %tmp_data_13_V_13137, %branch591 ], [ %tmp_data_13_V_13137, %branch590 ], [ %tmp_data_13_V_13137, %branch589 ], [ %tmp_data_13_V_13137, %branch588 ], [ %tmp_data_13_V_13137, %branch587 ], [ %tmp_data_13_V_13137, %branch586 ], [ %tmp_data_13_V_13137, %branch585 ], [ %tmp_data_13_V_13137, %branch584 ], [ %tmp_data_13_V_13137, %branch583 ], [ %tmp_data_13_V_13137, %branch582 ], [ %tmp_data_13_V_13137, %branch581 ], [ %acc_0_V, %branch580 ], [ %tmp_data_13_V_13137, %branch579 ], [ %tmp_data_13_V_13137, %branch578 ], [ %tmp_data_13_V_13137, %branch577 ], [ %tmp_data_13_V_13137, %branch576 ], [ %tmp_data_13_V_13137, %branch575 ], [ %tmp_data_13_V_13137, %branch574 ], [ %tmp_data_13_V_13137, %branch573 ], [ %tmp_data_13_V_13137, %branch572 ], [ %tmp_data_13_V_13137, %branch571 ], [ %tmp_data_13_V_13137, %branch570 ], [ %tmp_data_13_V_13137, %branch569 ], [ %tmp_data_13_V_13137, %branch568 ], [ %tmp_data_13_V_13137, %aesl_mux_load.27i8P.i5.exit ]"   --->   Operation 441 'phi' 'tmp_data_13_V' <Predicate = true> <Delay = 0.00>
ST_14 : Operation 442 [1/1] (0.00ns)   --->   "%tmp_data_12_V = phi i14 [ %tmp_data_12_V_13139, %branch598 ], [ %tmp_data_12_V_13139, %branch597 ], [ %tmp_data_12_V_13139, %branch596 ], [ %tmp_data_12_V_13139, %branch595 ], [ %tmp_data_12_V_13139, %branch594 ], [ %tmp_data_12_V_13139, %branch593 ], [ %tmp_data_12_V_13139, %branch592 ], [ %tmp_data_12_V_13139, %branch591 ], [ %tmp_data_12_V_13139, %branch590 ], [ %tmp_data_12_V_13139, %branch589 ], [ %tmp_data_12_V_13139, %branch588 ], [ %tmp_data_12_V_13139, %branch587 ], [ %tmp_data_12_V_13139, %branch586 ], [ %tmp_data_12_V_13139, %branch585 ], [ %tmp_data_12_V_13139, %branch584 ], [ %tmp_data_12_V_13139, %branch583 ], [ %tmp_data_12_V_13139, %branch582 ], [ %tmp_data_12_V_13139, %branch581 ], [ %tmp_data_12_V_13139, %branch580 ], [ %acc_0_V, %branch579 ], [ %tmp_data_12_V_13139, %branch578 ], [ %tmp_data_12_V_13139, %branch577 ], [ %tmp_data_12_V_13139, %branch576 ], [ %tmp_data_12_V_13139, %branch575 ], [ %tmp_data_12_V_13139, %branch574 ], [ %tmp_data_12_V_13139, %branch573 ], [ %tmp_data_12_V_13139, %branch572 ], [ %tmp_data_12_V_13139, %branch571 ], [ %tmp_data_12_V_13139, %branch570 ], [ %tmp_data_12_V_13139, %branch569 ], [ %tmp_data_12_V_13139, %branch568 ], [ %tmp_data_12_V_13139, %aesl_mux_load.27i8P.i5.exit ]"   --->   Operation 442 'phi' 'tmp_data_12_V' <Predicate = true> <Delay = 0.00>
ST_14 : Operation 443 [1/1] (0.00ns)   --->   "%tmp_data_11_V = phi i14 [ %tmp_data_11_V_13141, %branch598 ], [ %tmp_data_11_V_13141, %branch597 ], [ %tmp_data_11_V_13141, %branch596 ], [ %tmp_data_11_V_13141, %branch595 ], [ %tmp_data_11_V_13141, %branch594 ], [ %tmp_data_11_V_13141, %branch593 ], [ %tmp_data_11_V_13141, %branch592 ], [ %tmp_data_11_V_13141, %branch591 ], [ %tmp_data_11_V_13141, %branch590 ], [ %tmp_data_11_V_13141, %branch589 ], [ %tmp_data_11_V_13141, %branch588 ], [ %tmp_data_11_V_13141, %branch587 ], [ %tmp_data_11_V_13141, %branch586 ], [ %tmp_data_11_V_13141, %branch585 ], [ %tmp_data_11_V_13141, %branch584 ], [ %tmp_data_11_V_13141, %branch583 ], [ %tmp_data_11_V_13141, %branch582 ], [ %tmp_data_11_V_13141, %branch581 ], [ %tmp_data_11_V_13141, %branch580 ], [ %tmp_data_11_V_13141, %branch579 ], [ %acc_0_V, %branch578 ], [ %tmp_data_11_V_13141, %branch577 ], [ %tmp_data_11_V_13141, %branch576 ], [ %tmp_data_11_V_13141, %branch575 ], [ %tmp_data_11_V_13141, %branch574 ], [ %tmp_data_11_V_13141, %branch573 ], [ %tmp_data_11_V_13141, %branch572 ], [ %tmp_data_11_V_13141, %branch571 ], [ %tmp_data_11_V_13141, %branch570 ], [ %tmp_data_11_V_13141, %branch569 ], [ %tmp_data_11_V_13141, %branch568 ], [ %tmp_data_11_V_13141, %aesl_mux_load.27i8P.i5.exit ]"   --->   Operation 443 'phi' 'tmp_data_11_V' <Predicate = true> <Delay = 0.00>
ST_14 : Operation 444 [1/1] (0.00ns)   --->   "%tmp_data_10_V = phi i14 [ %tmp_data_10_V_13143, %branch598 ], [ %tmp_data_10_V_13143, %branch597 ], [ %tmp_data_10_V_13143, %branch596 ], [ %tmp_data_10_V_13143, %branch595 ], [ %tmp_data_10_V_13143, %branch594 ], [ %tmp_data_10_V_13143, %branch593 ], [ %tmp_data_10_V_13143, %branch592 ], [ %tmp_data_10_V_13143, %branch591 ], [ %tmp_data_10_V_13143, %branch590 ], [ %tmp_data_10_V_13143, %branch589 ], [ %tmp_data_10_V_13143, %branch588 ], [ %tmp_data_10_V_13143, %branch587 ], [ %tmp_data_10_V_13143, %branch586 ], [ %tmp_data_10_V_13143, %branch585 ], [ %tmp_data_10_V_13143, %branch584 ], [ %tmp_data_10_V_13143, %branch583 ], [ %tmp_data_10_V_13143, %branch582 ], [ %tmp_data_10_V_13143, %branch581 ], [ %tmp_data_10_V_13143, %branch580 ], [ %tmp_data_10_V_13143, %branch579 ], [ %tmp_data_10_V_13143, %branch578 ], [ %acc_0_V, %branch577 ], [ %tmp_data_10_V_13143, %branch576 ], [ %tmp_data_10_V_13143, %branch575 ], [ %tmp_data_10_V_13143, %branch574 ], [ %tmp_data_10_V_13143, %branch573 ], [ %tmp_data_10_V_13143, %branch572 ], [ %tmp_data_10_V_13143, %branch571 ], [ %tmp_data_10_V_13143, %branch570 ], [ %tmp_data_10_V_13143, %branch569 ], [ %tmp_data_10_V_13143, %branch568 ], [ %tmp_data_10_V_13143, %aesl_mux_load.27i8P.i5.exit ]"   --->   Operation 444 'phi' 'tmp_data_10_V' <Predicate = true> <Delay = 0.00>
ST_14 : Operation 445 [1/1] (0.00ns)   --->   "%tmp_data_9_V = phi i14 [ %tmp_data_9_V_15145, %branch598 ], [ %tmp_data_9_V_15145, %branch597 ], [ %tmp_data_9_V_15145, %branch596 ], [ %tmp_data_9_V_15145, %branch595 ], [ %tmp_data_9_V_15145, %branch594 ], [ %tmp_data_9_V_15145, %branch593 ], [ %tmp_data_9_V_15145, %branch592 ], [ %tmp_data_9_V_15145, %branch591 ], [ %tmp_data_9_V_15145, %branch590 ], [ %tmp_data_9_V_15145, %branch589 ], [ %tmp_data_9_V_15145, %branch588 ], [ %tmp_data_9_V_15145, %branch587 ], [ %tmp_data_9_V_15145, %branch586 ], [ %tmp_data_9_V_15145, %branch585 ], [ %tmp_data_9_V_15145, %branch584 ], [ %tmp_data_9_V_15145, %branch583 ], [ %tmp_data_9_V_15145, %branch582 ], [ %tmp_data_9_V_15145, %branch581 ], [ %tmp_data_9_V_15145, %branch580 ], [ %tmp_data_9_V_15145, %branch579 ], [ %tmp_data_9_V_15145, %branch578 ], [ %tmp_data_9_V_15145, %branch577 ], [ %acc_0_V, %branch576 ], [ %tmp_data_9_V_15145, %branch575 ], [ %tmp_data_9_V_15145, %branch574 ], [ %tmp_data_9_V_15145, %branch573 ], [ %tmp_data_9_V_15145, %branch572 ], [ %tmp_data_9_V_15145, %branch571 ], [ %tmp_data_9_V_15145, %branch570 ], [ %tmp_data_9_V_15145, %branch569 ], [ %tmp_data_9_V_15145, %branch568 ], [ %tmp_data_9_V_15145, %aesl_mux_load.27i8P.i5.exit ]"   --->   Operation 445 'phi' 'tmp_data_9_V' <Predicate = true> <Delay = 0.00>
ST_14 : Operation 446 [1/1] (0.00ns)   --->   "%tmp_data_8_V = phi i14 [ %tmp_data_8_V_15147, %branch598 ], [ %tmp_data_8_V_15147, %branch597 ], [ %tmp_data_8_V_15147, %branch596 ], [ %tmp_data_8_V_15147, %branch595 ], [ %tmp_data_8_V_15147, %branch594 ], [ %tmp_data_8_V_15147, %branch593 ], [ %tmp_data_8_V_15147, %branch592 ], [ %tmp_data_8_V_15147, %branch591 ], [ %tmp_data_8_V_15147, %branch590 ], [ %tmp_data_8_V_15147, %branch589 ], [ %tmp_data_8_V_15147, %branch588 ], [ %tmp_data_8_V_15147, %branch587 ], [ %tmp_data_8_V_15147, %branch586 ], [ %tmp_data_8_V_15147, %branch585 ], [ %tmp_data_8_V_15147, %branch584 ], [ %tmp_data_8_V_15147, %branch583 ], [ %tmp_data_8_V_15147, %branch582 ], [ %tmp_data_8_V_15147, %branch581 ], [ %tmp_data_8_V_15147, %branch580 ], [ %tmp_data_8_V_15147, %branch579 ], [ %tmp_data_8_V_15147, %branch578 ], [ %tmp_data_8_V_15147, %branch577 ], [ %tmp_data_8_V_15147, %branch576 ], [ %acc_0_V, %branch575 ], [ %tmp_data_8_V_15147, %branch574 ], [ %tmp_data_8_V_15147, %branch573 ], [ %tmp_data_8_V_15147, %branch572 ], [ %tmp_data_8_V_15147, %branch571 ], [ %tmp_data_8_V_15147, %branch570 ], [ %tmp_data_8_V_15147, %branch569 ], [ %tmp_data_8_V_15147, %branch568 ], [ %tmp_data_8_V_15147, %aesl_mux_load.27i8P.i5.exit ]"   --->   Operation 446 'phi' 'tmp_data_8_V' <Predicate = true> <Delay = 0.00>
ST_14 : Operation 447 [1/1] (0.00ns)   --->   "%tmp_data_7_V = phi i14 [ %tmp_data_7_V_15149, %branch598 ], [ %tmp_data_7_V_15149, %branch597 ], [ %tmp_data_7_V_15149, %branch596 ], [ %tmp_data_7_V_15149, %branch595 ], [ %tmp_data_7_V_15149, %branch594 ], [ %tmp_data_7_V_15149, %branch593 ], [ %tmp_data_7_V_15149, %branch592 ], [ %tmp_data_7_V_15149, %branch591 ], [ %tmp_data_7_V_15149, %branch590 ], [ %tmp_data_7_V_15149, %branch589 ], [ %tmp_data_7_V_15149, %branch588 ], [ %tmp_data_7_V_15149, %branch587 ], [ %tmp_data_7_V_15149, %branch586 ], [ %tmp_data_7_V_15149, %branch585 ], [ %tmp_data_7_V_15149, %branch584 ], [ %tmp_data_7_V_15149, %branch583 ], [ %tmp_data_7_V_15149, %branch582 ], [ %tmp_data_7_V_15149, %branch581 ], [ %tmp_data_7_V_15149, %branch580 ], [ %tmp_data_7_V_15149, %branch579 ], [ %tmp_data_7_V_15149, %branch578 ], [ %tmp_data_7_V_15149, %branch577 ], [ %tmp_data_7_V_15149, %branch576 ], [ %tmp_data_7_V_15149, %branch575 ], [ %acc_0_V, %branch574 ], [ %tmp_data_7_V_15149, %branch573 ], [ %tmp_data_7_V_15149, %branch572 ], [ %tmp_data_7_V_15149, %branch571 ], [ %tmp_data_7_V_15149, %branch570 ], [ %tmp_data_7_V_15149, %branch569 ], [ %tmp_data_7_V_15149, %branch568 ], [ %tmp_data_7_V_15149, %aesl_mux_load.27i8P.i5.exit ]"   --->   Operation 447 'phi' 'tmp_data_7_V' <Predicate = true> <Delay = 0.00>
ST_14 : Operation 448 [1/1] (0.00ns)   --->   "%tmp_data_6_V = phi i14 [ %tmp_data_6_V_15151, %branch598 ], [ %tmp_data_6_V_15151, %branch597 ], [ %tmp_data_6_V_15151, %branch596 ], [ %tmp_data_6_V_15151, %branch595 ], [ %tmp_data_6_V_15151, %branch594 ], [ %tmp_data_6_V_15151, %branch593 ], [ %tmp_data_6_V_15151, %branch592 ], [ %tmp_data_6_V_15151, %branch591 ], [ %tmp_data_6_V_15151, %branch590 ], [ %tmp_data_6_V_15151, %branch589 ], [ %tmp_data_6_V_15151, %branch588 ], [ %tmp_data_6_V_15151, %branch587 ], [ %tmp_data_6_V_15151, %branch586 ], [ %tmp_data_6_V_15151, %branch585 ], [ %tmp_data_6_V_15151, %branch584 ], [ %tmp_data_6_V_15151, %branch583 ], [ %tmp_data_6_V_15151, %branch582 ], [ %tmp_data_6_V_15151, %branch581 ], [ %tmp_data_6_V_15151, %branch580 ], [ %tmp_data_6_V_15151, %branch579 ], [ %tmp_data_6_V_15151, %branch578 ], [ %tmp_data_6_V_15151, %branch577 ], [ %tmp_data_6_V_15151, %branch576 ], [ %tmp_data_6_V_15151, %branch575 ], [ %tmp_data_6_V_15151, %branch574 ], [ %acc_0_V, %branch573 ], [ %tmp_data_6_V_15151, %branch572 ], [ %tmp_data_6_V_15151, %branch571 ], [ %tmp_data_6_V_15151, %branch570 ], [ %tmp_data_6_V_15151, %branch569 ], [ %tmp_data_6_V_15151, %branch568 ], [ %tmp_data_6_V_15151, %aesl_mux_load.27i8P.i5.exit ]"   --->   Operation 448 'phi' 'tmp_data_6_V' <Predicate = true> <Delay = 0.00>
ST_14 : Operation 449 [1/1] (0.00ns)   --->   "%tmp_data_5_V = phi i14 [ %tmp_data_5_V_15153, %branch598 ], [ %tmp_data_5_V_15153, %branch597 ], [ %tmp_data_5_V_15153, %branch596 ], [ %tmp_data_5_V_15153, %branch595 ], [ %tmp_data_5_V_15153, %branch594 ], [ %tmp_data_5_V_15153, %branch593 ], [ %tmp_data_5_V_15153, %branch592 ], [ %tmp_data_5_V_15153, %branch591 ], [ %tmp_data_5_V_15153, %branch590 ], [ %tmp_data_5_V_15153, %branch589 ], [ %tmp_data_5_V_15153, %branch588 ], [ %tmp_data_5_V_15153, %branch587 ], [ %tmp_data_5_V_15153, %branch586 ], [ %tmp_data_5_V_15153, %branch585 ], [ %tmp_data_5_V_15153, %branch584 ], [ %tmp_data_5_V_15153, %branch583 ], [ %tmp_data_5_V_15153, %branch582 ], [ %tmp_data_5_V_15153, %branch581 ], [ %tmp_data_5_V_15153, %branch580 ], [ %tmp_data_5_V_15153, %branch579 ], [ %tmp_data_5_V_15153, %branch578 ], [ %tmp_data_5_V_15153, %branch577 ], [ %tmp_data_5_V_15153, %branch576 ], [ %tmp_data_5_V_15153, %branch575 ], [ %tmp_data_5_V_15153, %branch574 ], [ %tmp_data_5_V_15153, %branch573 ], [ %acc_0_V, %branch572 ], [ %tmp_data_5_V_15153, %branch571 ], [ %tmp_data_5_V_15153, %branch570 ], [ %tmp_data_5_V_15153, %branch569 ], [ %tmp_data_5_V_15153, %branch568 ], [ %tmp_data_5_V_15153, %aesl_mux_load.27i8P.i5.exit ]"   --->   Operation 449 'phi' 'tmp_data_5_V' <Predicate = true> <Delay = 0.00>
ST_14 : Operation 450 [1/1] (0.00ns)   --->   "%tmp_data_4_V = phi i14 [ %tmp_data_4_V_15155, %branch598 ], [ %tmp_data_4_V_15155, %branch597 ], [ %tmp_data_4_V_15155, %branch596 ], [ %tmp_data_4_V_15155, %branch595 ], [ %tmp_data_4_V_15155, %branch594 ], [ %tmp_data_4_V_15155, %branch593 ], [ %tmp_data_4_V_15155, %branch592 ], [ %tmp_data_4_V_15155, %branch591 ], [ %tmp_data_4_V_15155, %branch590 ], [ %tmp_data_4_V_15155, %branch589 ], [ %tmp_data_4_V_15155, %branch588 ], [ %tmp_data_4_V_15155, %branch587 ], [ %tmp_data_4_V_15155, %branch586 ], [ %tmp_data_4_V_15155, %branch585 ], [ %tmp_data_4_V_15155, %branch584 ], [ %tmp_data_4_V_15155, %branch583 ], [ %tmp_data_4_V_15155, %branch582 ], [ %tmp_data_4_V_15155, %branch581 ], [ %tmp_data_4_V_15155, %branch580 ], [ %tmp_data_4_V_15155, %branch579 ], [ %tmp_data_4_V_15155, %branch578 ], [ %tmp_data_4_V_15155, %branch577 ], [ %tmp_data_4_V_15155, %branch576 ], [ %tmp_data_4_V_15155, %branch575 ], [ %tmp_data_4_V_15155, %branch574 ], [ %tmp_data_4_V_15155, %branch573 ], [ %tmp_data_4_V_15155, %branch572 ], [ %acc_0_V, %branch571 ], [ %tmp_data_4_V_15155, %branch570 ], [ %tmp_data_4_V_15155, %branch569 ], [ %tmp_data_4_V_15155, %branch568 ], [ %tmp_data_4_V_15155, %aesl_mux_load.27i8P.i5.exit ]"   --->   Operation 450 'phi' 'tmp_data_4_V' <Predicate = true> <Delay = 0.00>
ST_14 : Operation 451 [1/1] (0.00ns)   --->   "%tmp_data_3_V = phi i14 [ %tmp_data_3_V_15157, %branch598 ], [ %tmp_data_3_V_15157, %branch597 ], [ %tmp_data_3_V_15157, %branch596 ], [ %tmp_data_3_V_15157, %branch595 ], [ %tmp_data_3_V_15157, %branch594 ], [ %tmp_data_3_V_15157, %branch593 ], [ %tmp_data_3_V_15157, %branch592 ], [ %tmp_data_3_V_15157, %branch591 ], [ %tmp_data_3_V_15157, %branch590 ], [ %tmp_data_3_V_15157, %branch589 ], [ %tmp_data_3_V_15157, %branch588 ], [ %tmp_data_3_V_15157, %branch587 ], [ %tmp_data_3_V_15157, %branch586 ], [ %tmp_data_3_V_15157, %branch585 ], [ %tmp_data_3_V_15157, %branch584 ], [ %tmp_data_3_V_15157, %branch583 ], [ %tmp_data_3_V_15157, %branch582 ], [ %tmp_data_3_V_15157, %branch581 ], [ %tmp_data_3_V_15157, %branch580 ], [ %tmp_data_3_V_15157, %branch579 ], [ %tmp_data_3_V_15157, %branch578 ], [ %tmp_data_3_V_15157, %branch577 ], [ %tmp_data_3_V_15157, %branch576 ], [ %tmp_data_3_V_15157, %branch575 ], [ %tmp_data_3_V_15157, %branch574 ], [ %tmp_data_3_V_15157, %branch573 ], [ %tmp_data_3_V_15157, %branch572 ], [ %tmp_data_3_V_15157, %branch571 ], [ %acc_0_V, %branch570 ], [ %tmp_data_3_V_15157, %branch569 ], [ %tmp_data_3_V_15157, %branch568 ], [ %tmp_data_3_V_15157, %aesl_mux_load.27i8P.i5.exit ]"   --->   Operation 451 'phi' 'tmp_data_3_V' <Predicate = true> <Delay = 0.00>
ST_14 : Operation 452 [1/1] (0.00ns)   --->   "%tmp_data_2_V = phi i14 [ %tmp_data_2_V_15159, %branch598 ], [ %tmp_data_2_V_15159, %branch597 ], [ %tmp_data_2_V_15159, %branch596 ], [ %tmp_data_2_V_15159, %branch595 ], [ %tmp_data_2_V_15159, %branch594 ], [ %tmp_data_2_V_15159, %branch593 ], [ %tmp_data_2_V_15159, %branch592 ], [ %tmp_data_2_V_15159, %branch591 ], [ %tmp_data_2_V_15159, %branch590 ], [ %tmp_data_2_V_15159, %branch589 ], [ %tmp_data_2_V_15159, %branch588 ], [ %tmp_data_2_V_15159, %branch587 ], [ %tmp_data_2_V_15159, %branch586 ], [ %tmp_data_2_V_15159, %branch585 ], [ %tmp_data_2_V_15159, %branch584 ], [ %tmp_data_2_V_15159, %branch583 ], [ %tmp_data_2_V_15159, %branch582 ], [ %tmp_data_2_V_15159, %branch581 ], [ %tmp_data_2_V_15159, %branch580 ], [ %tmp_data_2_V_15159, %branch579 ], [ %tmp_data_2_V_15159, %branch578 ], [ %tmp_data_2_V_15159, %branch577 ], [ %tmp_data_2_V_15159, %branch576 ], [ %tmp_data_2_V_15159, %branch575 ], [ %tmp_data_2_V_15159, %branch574 ], [ %tmp_data_2_V_15159, %branch573 ], [ %tmp_data_2_V_15159, %branch572 ], [ %tmp_data_2_V_15159, %branch571 ], [ %tmp_data_2_V_15159, %branch570 ], [ %acc_0_V, %branch569 ], [ %tmp_data_2_V_15159, %branch568 ], [ %tmp_data_2_V_15159, %aesl_mux_load.27i8P.i5.exit ]"   --->   Operation 452 'phi' 'tmp_data_2_V' <Predicate = true> <Delay = 0.00>
ST_14 : Operation 453 [1/1] (0.00ns)   --->   "%tmp_data_1_V = phi i14 [ %tmp_data_1_V_15161, %branch598 ], [ %tmp_data_1_V_15161, %branch597 ], [ %tmp_data_1_V_15161, %branch596 ], [ %tmp_data_1_V_15161, %branch595 ], [ %tmp_data_1_V_15161, %branch594 ], [ %tmp_data_1_V_15161, %branch593 ], [ %tmp_data_1_V_15161, %branch592 ], [ %tmp_data_1_V_15161, %branch591 ], [ %tmp_data_1_V_15161, %branch590 ], [ %tmp_data_1_V_15161, %branch589 ], [ %tmp_data_1_V_15161, %branch588 ], [ %tmp_data_1_V_15161, %branch587 ], [ %tmp_data_1_V_15161, %branch586 ], [ %tmp_data_1_V_15161, %branch585 ], [ %tmp_data_1_V_15161, %branch584 ], [ %tmp_data_1_V_15161, %branch583 ], [ %tmp_data_1_V_15161, %branch582 ], [ %tmp_data_1_V_15161, %branch581 ], [ %tmp_data_1_V_15161, %branch580 ], [ %tmp_data_1_V_15161, %branch579 ], [ %tmp_data_1_V_15161, %branch578 ], [ %tmp_data_1_V_15161, %branch577 ], [ %tmp_data_1_V_15161, %branch576 ], [ %tmp_data_1_V_15161, %branch575 ], [ %tmp_data_1_V_15161, %branch574 ], [ %tmp_data_1_V_15161, %branch573 ], [ %tmp_data_1_V_15161, %branch572 ], [ %tmp_data_1_V_15161, %branch571 ], [ %tmp_data_1_V_15161, %branch570 ], [ %tmp_data_1_V_15161, %branch569 ], [ %acc_0_V, %branch568 ], [ %tmp_data_1_V_15161, %aesl_mux_load.27i8P.i5.exit ]"   --->   Operation 453 'phi' 'tmp_data_1_V' <Predicate = true> <Delay = 0.00>
ST_14 : Operation 454 [1/1] (0.00ns)   --->   "%tmp_data_0_V = phi i14 [ %tmp_data_0_V_15163, %branch598 ], [ %tmp_data_0_V_15163, %branch597 ], [ %tmp_data_0_V_15163, %branch596 ], [ %tmp_data_0_V_15163, %branch595 ], [ %tmp_data_0_V_15163, %branch594 ], [ %tmp_data_0_V_15163, %branch593 ], [ %tmp_data_0_V_15163, %branch592 ], [ %tmp_data_0_V_15163, %branch591 ], [ %tmp_data_0_V_15163, %branch590 ], [ %tmp_data_0_V_15163, %branch589 ], [ %tmp_data_0_V_15163, %branch588 ], [ %tmp_data_0_V_15163, %branch587 ], [ %tmp_data_0_V_15163, %branch586 ], [ %tmp_data_0_V_15163, %branch585 ], [ %tmp_data_0_V_15163, %branch584 ], [ %tmp_data_0_V_15163, %branch583 ], [ %tmp_data_0_V_15163, %branch582 ], [ %tmp_data_0_V_15163, %branch581 ], [ %tmp_data_0_V_15163, %branch580 ], [ %tmp_data_0_V_15163, %branch579 ], [ %tmp_data_0_V_15163, %branch578 ], [ %tmp_data_0_V_15163, %branch577 ], [ %tmp_data_0_V_15163, %branch576 ], [ %tmp_data_0_V_15163, %branch575 ], [ %tmp_data_0_V_15163, %branch574 ], [ %tmp_data_0_V_15163, %branch573 ], [ %tmp_data_0_V_15163, %branch572 ], [ %tmp_data_0_V_15163, %branch571 ], [ %tmp_data_0_V_15163, %branch570 ], [ %tmp_data_0_V_15163, %branch569 ], [ %tmp_data_0_V_15163, %branch568 ], [ %acc_0_V, %aesl_mux_load.27i8P.i5.exit ]"   --->   Operation 454 'phi' 'tmp_data_0_V' <Predicate = true> <Delay = 0.00>
ST_14 : Operation 455 [1/1] (0.00ns)   --->   "%empty_334 = call i32 (...)* @_ssdm_op_SpecRegionEnd([10 x i8]* @p_str34, i32 %tmp_9)" [firmware/nnet_utils/nnet_dense_resource.h:152->firmware/nnet_utils/nnet_dense_resource.h:255->firmware/nnet_utils/nnet_conv_stream.h:297->firmware/nnet_utils/nnet_conv2d_stream.h:87->firmware/nnet_utils/nnet_conv2d_stream.h:103]   --->   Operation 455 'specregionend' 'empty_334' <Predicate = true> <Delay = 0.00>
ST_14 : Operation 456 [1/1] (0.00ns)   --->   "%empty_335 = call i32 (...)* @_ssdm_op_SpecLoopTripCount(i64 864, i64 864, i64 864)"   --->   Operation 456 'speclooptripcount' 'empty_335' <Predicate = true> <Delay = 0.00>

State 15 <SV = 11> <Delay = 5.01>
ST_15 : Operation 457 [1/1] (3.63ns)   --->   "call void @_ssdm_op_Write.ap_fifo.volatile.i14P.i14P.i14P.i14P.i14P.i14P.i14P.i14P.i14P.i14P.i14P.i14P.i14P.i14P.i14P.i14P.i14P.i14P.i14P.i14P.i14P.i14P.i14P.i14P.i14P.i14P.i14P.i14P.i14P.i14P.i14P.i14P(i14* %res_V_data_0_V, i14* %res_V_data_1_V, i14* %res_V_data_2_V, i14* %res_V_data_3_V, i14* %res_V_data_4_V, i14* %res_V_data_5_V, i14* %res_V_data_6_V, i14* %res_V_data_7_V, i14* %res_V_data_8_V, i14* %res_V_data_9_V, i14* %res_V_data_10_V, i14* %res_V_data_11_V, i14* %res_V_data_12_V, i14* %res_V_data_13_V, i14* %res_V_data_14_V, i14* %res_V_data_15_V, i14* %res_V_data_16_V, i14* %res_V_data_17_V, i14* %res_V_data_18_V, i14* %res_V_data_19_V, i14* %res_V_data_20_V, i14* %res_V_data_21_V, i14* %res_V_data_22_V, i14* %res_V_data_23_V, i14* %res_V_data_24_V, i14* %res_V_data_25_V, i14* %res_V_data_26_V, i14* %res_V_data_27_V, i14* %res_V_data_28_V, i14* %res_V_data_29_V, i14* %res_V_data_30_V, i14* %res_V_data_31_V, i14 %tmp_data_0_V, i14 %tmp_data_1_V, i14 %tmp_data_2_V, i14 %tmp_data_3_V, i14 %tmp_data_4_V, i14 %tmp_data_5_V, i14 %tmp_data_6_V, i14 %tmp_data_7_V, i14 %tmp_data_8_V, i14 %tmp_data_9_V, i14 %tmp_data_10_V, i14 %tmp_data_11_V, i14 %tmp_data_12_V, i14 %tmp_data_13_V, i14 %tmp_data_14_V, i14 %tmp_data_15_V, i14 %tmp_data_16_V, i14 %tmp_data_17_V, i14 %tmp_data_18_V, i14 %tmp_data_19_V, i14 %tmp_data_20_V, i14 %tmp_data_21_V, i14 %tmp_data_22_V, i14 %tmp_data_23_V, i14 %tmp_data_24_V, i14 %tmp_data_25_V, i14 %tmp_data_26_V, i14 %tmp_data_27_V, i14 %tmp_data_28_V, i14 %tmp_data_29_V, i14 %tmp_data_30_V, i14 %tmp_data_31_V)" [firmware/nnet_utils/nnet_conv_stream.h:309->firmware/nnet_utils/nnet_conv2d_stream.h:87->firmware/nnet_utils/nnet_conv2d_stream.h:103]   --->   Operation 457 'write' <Predicate = (and_ln289_2)> <Delay = 3.63> <Core = "FIFO">   --->   Core 32 'FIFO' <Latency = 0> <II = 1> <Delay = 3.63> <Storage> <Opcode : 'read' 'write' 'nbread' 'nbwrite'> <Ports = 0> <Width = 14> <Depth = 1> <FIFO>
ST_15 : Operation 458 [1/1] (0.00ns)   --->   "%empty_336 = call i32 (...)* @_ssdm_op_SpecRegionEnd([12 x i8]* @p_str64, i32 %tmp_8)" [firmware/nnet_utils/nnet_conv_stream.h:310->firmware/nnet_utils/nnet_conv2d_stream.h:87->firmware/nnet_utils/nnet_conv2d_stream.h:103]   --->   Operation 458 'specregionend' 'empty_336' <Predicate = (and_ln289_2)> <Delay = 0.00>
ST_15 : Operation 459 [1/1] (0.00ns)   --->   "br label %._crit_edge22.i.i" [firmware/nnet_utils/nnet_conv_stream.h:310->firmware/nnet_utils/nnet_conv2d_stream.h:87->firmware/nnet_utils/nnet_conv2d_stream.h:103]   --->   Operation 459 'br' <Predicate = (and_ln289_2)> <Delay = 0.00>
ST_15 : Operation 460 [1/1] (2.47ns)   --->   "%icmp_ln313 = icmp eq i32 %pX_load, 31" [firmware/nnet_utils/nnet_conv_stream.h:313->firmware/nnet_utils/nnet_conv2d_stream.h:87->firmware/nnet_utils/nnet_conv2d_stream.h:103]   --->   Operation 460 'icmp' 'icmp_ln313' <Predicate = true> <Delay = 2.47> <Core = "Cmp">   --->   Core 25 'Cmp' <Latency = 0> <II = 1> <Delay = 1.77> <FuncUnit> <Opcode : 'icmp'> <InPorts = 2> <OutPorts = 1>
ST_15 : Operation 461 [1/1] (0.00ns)   --->   "br i1 %icmp_ln313, label %20, label %24" [firmware/nnet_utils/nnet_conv_stream.h:313->firmware/nnet_utils/nnet_conv2d_stream.h:87->firmware/nnet_utils/nnet_conv2d_stream.h:103]   --->   Operation 461 'br' <Predicate = true> <Delay = 0.00>
ST_15 : Operation 462 [1/1] (2.55ns)   --->   "%add_ln326 = add nsw i32 %pX_load, 1" [firmware/nnet_utils/nnet_conv_stream.h:326->firmware/nnet_utils/nnet_conv2d_stream.h:87->firmware/nnet_utils/nnet_conv2d_stream.h:103]   --->   Operation 462 'add' 'add_ln326' <Predicate = (!icmp_ln313)> <Delay = 2.55> <Core = "AddSub">   --->   Core 14 'AddSub' <Latency = 0> <II = 1> <Delay = 2.55> <FuncUnit> <Opcode : 'add' 'sub'> <InPorts = 2> <OutPorts = 1>
ST_15 : Operation 463 [1/1] (1.76ns)   --->   "store i32 %add_ln326, i32* @pX, align 4" [firmware/nnet_utils/nnet_conv_stream.h:326->firmware/nnet_utils/nnet_conv2d_stream.h:87->firmware/nnet_utils/nnet_conv2d_stream.h:103]   --->   Operation 463 'store' <Predicate = (!icmp_ln313)> <Delay = 1.76>
ST_15 : Operation 464 [1/1] (2.55ns)   --->   "%add_ln328 = add i32 %sX_load, 1" [firmware/nnet_utils/nnet_conv_stream.h:328->firmware/nnet_utils/nnet_conv2d_stream.h:87->firmware/nnet_utils/nnet_conv2d_stream.h:103]   --->   Operation 464 'add' 'add_ln328' <Predicate = (!icmp_ln313 & !icmp_ln289)> <Delay = 2.55> <Core = "AddSub">   --->   Core 14 'AddSub' <Latency = 0> <II = 1> <Delay = 2.55> <FuncUnit> <Opcode : 'add' 'sub'> <InPorts = 2> <OutPorts = 1>
ST_15 : Operation 465 [1/1] (0.69ns)   --->   "%select_ln328 = select i1 %icmp_ln289, i32 -1, i32 %add_ln328" [firmware/nnet_utils/nnet_conv_stream.h:328->firmware/nnet_utils/nnet_conv2d_stream.h:87->firmware/nnet_utils/nnet_conv2d_stream.h:103]   --->   Operation 465 'select' 'select_ln328' <Predicate = (!icmp_ln313)> <Delay = 0.69> <Core = "Sel">   --->   Core 26 'Sel' <Latency = 0> <II = 1> <Delay = 0.69> <FuncUnit> <Opcode : 'select'> <InPorts = 3> <OutPorts = 1>
ST_15 : Operation 466 [1/1] (1.76ns)   --->   "store i32 %select_ln328, i32* @sX, align 4" [firmware/nnet_utils/nnet_conv_stream.h:328->firmware/nnet_utils/nnet_conv2d_stream.h:87->firmware/nnet_utils/nnet_conv2d_stream.h:103]   --->   Operation 466 'store' <Predicate = (!icmp_ln313)> <Delay = 1.76>
ST_15 : Operation 467 [1/1] (0.00ns)   --->   "br label %ReadInputWidth_end"   --->   Operation 467 'br' <Predicate = (!icmp_ln313)> <Delay = 0.00>
ST_15 : Operation 468 [1/1] (1.76ns)   --->   "store i32 0, i32* @pX, align 4" [firmware/nnet_utils/nnet_conv_stream.h:315->firmware/nnet_utils/nnet_conv2d_stream.h:87->firmware/nnet_utils/nnet_conv2d_stream.h:103]   --->   Operation 468 'store' <Predicate = (icmp_ln313)> <Delay = 1.76>
ST_15 : Operation 469 [1/1] (1.76ns)   --->   "store i32 0, i32* @sX, align 4" [firmware/nnet_utils/nnet_conv_stream.h:316->firmware/nnet_utils/nnet_conv2d_stream.h:87->firmware/nnet_utils/nnet_conv2d_stream.h:103]   --->   Operation 469 'store' <Predicate = (icmp_ln313)> <Delay = 1.76>
ST_15 : Operation 470 [1/1] (2.47ns)   --->   "%icmp_ln317 = icmp eq i32 %pY_load, 31" [firmware/nnet_utils/nnet_conv_stream.h:317->firmware/nnet_utils/nnet_conv2d_stream.h:87->firmware/nnet_utils/nnet_conv2d_stream.h:103]   --->   Operation 470 'icmp' 'icmp_ln317' <Predicate = (icmp_ln313)> <Delay = 2.47> <Core = "Cmp">   --->   Core 25 'Cmp' <Latency = 0> <II = 1> <Delay = 1.77> <FuncUnit> <Opcode : 'icmp'> <InPorts = 2> <OutPorts = 1>
ST_15 : Operation 471 [1/1] (0.00ns)   --->   "br i1 %icmp_ln317, label %21, label %22" [firmware/nnet_utils/nnet_conv_stream.h:317->firmware/nnet_utils/nnet_conv2d_stream.h:87->firmware/nnet_utils/nnet_conv2d_stream.h:103]   --->   Operation 471 'br' <Predicate = (icmp_ln313)> <Delay = 0.00>
ST_15 : Operation 472 [1/1] (2.55ns)   --->   "%add_ln321 = add nsw i32 %pY_load, 1" [firmware/nnet_utils/nnet_conv_stream.h:321->firmware/nnet_utils/nnet_conv2d_stream.h:87->firmware/nnet_utils/nnet_conv2d_stream.h:103]   --->   Operation 472 'add' 'add_ln321' <Predicate = (icmp_ln313 & !icmp_ln317)> <Delay = 2.55> <Core = "AddSub">   --->   Core 14 'AddSub' <Latency = 0> <II = 1> <Delay = 2.55> <FuncUnit> <Opcode : 'add' 'sub'> <InPorts = 2> <OutPorts = 1>
ST_15 : Operation 473 [1/1] (1.76ns)   --->   "store i32 %add_ln321, i32* @pY, align 4" [firmware/nnet_utils/nnet_conv_stream.h:321->firmware/nnet_utils/nnet_conv2d_stream.h:87->firmware/nnet_utils/nnet_conv2d_stream.h:103]   --->   Operation 473 'store' <Predicate = (icmp_ln313 & !icmp_ln317)> <Delay = 1.76>
ST_15 : Operation 474 [1/1] (2.55ns)   --->   "%add_ln323 = add i32 %sY_load, 1" [firmware/nnet_utils/nnet_conv_stream.h:323->firmware/nnet_utils/nnet_conv2d_stream.h:87->firmware/nnet_utils/nnet_conv2d_stream.h:103]   --->   Operation 474 'add' 'add_ln323' <Predicate = (icmp_ln313 & !icmp_ln317 & !icmp_ln289_1)> <Delay = 2.55> <Core = "AddSub">   --->   Core 14 'AddSub' <Latency = 0> <II = 1> <Delay = 2.55> <FuncUnit> <Opcode : 'add' 'sub'> <InPorts = 2> <OutPorts = 1>
ST_15 : Operation 475 [1/1] (0.69ns)   --->   "%select_ln323 = select i1 %icmp_ln289_1, i32 -1, i32 %add_ln323" [firmware/nnet_utils/nnet_conv_stream.h:323->firmware/nnet_utils/nnet_conv2d_stream.h:87->firmware/nnet_utils/nnet_conv2d_stream.h:103]   --->   Operation 475 'select' 'select_ln323' <Predicate = (icmp_ln313 & !icmp_ln317)> <Delay = 0.69> <Core = "Sel">   --->   Core 26 'Sel' <Latency = 0> <II = 1> <Delay = 0.69> <FuncUnit> <Opcode : 'select'> <InPorts = 3> <OutPorts = 1>
ST_15 : Operation 476 [1/1] (1.76ns)   --->   "br label %23"   --->   Operation 476 'br' <Predicate = (icmp_ln313 & !icmp_ln317)> <Delay = 1.76>
ST_15 : Operation 477 [1/1] (1.76ns)   --->   "store i32 0, i32* @pY, align 4" [firmware/nnet_utils/nnet_conv_stream.h:318->firmware/nnet_utils/nnet_conv2d_stream.h:87->firmware/nnet_utils/nnet_conv2d_stream.h:103]   --->   Operation 477 'store' <Predicate = (icmp_ln313 & icmp_ln317)> <Delay = 1.76>
ST_15 : Operation 478 [1/1] (1.76ns)   --->   "br label %23" [firmware/nnet_utils/nnet_conv_stream.h:320->firmware/nnet_utils/nnet_conv2d_stream.h:87->firmware/nnet_utils/nnet_conv2d_stream.h:103]   --->   Operation 478 'br' <Predicate = (icmp_ln313 & icmp_ln317)> <Delay = 1.76>
ST_15 : Operation 479 [1/1] (0.00ns)   --->   "%storemerge_i_i = phi i32 [ %select_ln323, %22 ], [ 0, %21 ]" [firmware/nnet_utils/nnet_conv_stream.h:323->firmware/nnet_utils/nnet_conv2d_stream.h:87->firmware/nnet_utils/nnet_conv2d_stream.h:103]   --->   Operation 479 'phi' 'storemerge_i_i' <Predicate = (icmp_ln313)> <Delay = 0.00>
ST_15 : Operation 480 [1/1] (0.00ns)   --->   "store i32 %storemerge_i_i, i32* @sY, align 4" [firmware/nnet_utils/nnet_conv_stream.h:319->firmware/nnet_utils/nnet_conv2d_stream.h:87->firmware/nnet_utils/nnet_conv2d_stream.h:103]   --->   Operation 480 'store' <Predicate = (icmp_ln313)> <Delay = 0.00>
ST_15 : Operation 481 [1/1] (0.00ns)   --->   "br label %ReadInputWidth_end" [firmware/nnet_utils/nnet_conv_stream.h:325->firmware/nnet_utils/nnet_conv2d_stream.h:87->firmware/nnet_utils/nnet_conv2d_stream.h:103]   --->   Operation 481 'br' <Predicate = (icmp_ln313)> <Delay = 0.00>
ST_15 : Operation 482 [1/1] (0.00ns)   --->   "%empty_337 = call i32 (...)* @_ssdm_op_SpecRegionEnd([15 x i8]* @p_str40, i32 %tmp_s)" [firmware/nnet_utils/nnet_conv2d_stream.h:91->firmware/nnet_utils/nnet_conv2d_stream.h:103]   --->   Operation 482 'specregionend' 'empty_337' <Predicate = true> <Delay = 0.00>
ST_15 : Operation 483 [1/1] (1.77ns)   --->   "%icmp_ln79 = icmp eq i10 %indvar_flatten166, -1" [firmware/nnet_utils/nnet_conv2d_stream.h:79->firmware/nnet_utils/nnet_conv2d_stream.h:103]   --->   Operation 483 'icmp' 'icmp_ln79' <Predicate = true> <Delay = 1.77> <Core = "Cmp">   --->   Core 25 'Cmp' <Latency = 0> <II = 1> <Delay = 1.77> <FuncUnit> <Opcode : 'icmp'> <InPorts = 2> <OutPorts = 1>
ST_15 : Operation 484 [1/1] (0.00ns)   --->   "br i1 %icmp_ln79, label %"conv_2d_buffer_cl<array<ap_ufixed<8, 0, 5, 3, 0>, 3u>, array<ap_fixed<14, 8, 5, 3, 0>, 32u>, config2>.exit", label %ReadInputWidth_begin" [firmware/nnet_utils/nnet_conv2d_stream.h:79->firmware/nnet_utils/nnet_conv2d_stream.h:103]   --->   Operation 484 'br' <Predicate = true> <Delay = 0.00>
ST_15 : Operation 485 [1/1] (0.00ns)   --->   "ret void" [firmware/nnet_utils/nnet_conv2d_stream.h:109]   --->   Operation 485 'ret' <Predicate = (icmp_ln79)> <Delay = 0.00>


============================================================
+ Verbose Summary: Binding
============================================================
STG Binding: 
---------------- STG Properties BEGIN ----------------
- Is combinational: 0
- Is one-state seq: 0
- Is datapath-only: 0
- Is pipelined: 0
- Is top level: 0
Port [ Return ] is wired: 1; IO mode=ap_ctrl_hs:ce=0
Port [ data_V_data_0_V]:  wired=1; compound=1; hidden=0; nouse=0; global=0; static=0; extern=0; dir=0; type=3; pingpong=0; private_global=0; IO mode=ap_fifo:ce=0
Port [ data_V_data_1_V]:  wired=1; compound=1; hidden=0; nouse=0; global=0; static=0; extern=0; dir=0; type=3; pingpong=0; private_global=0; IO mode=ap_fifo:ce=0
Port [ data_V_data_2_V]:  wired=1; compound=1; hidden=0; nouse=0; global=0; static=0; extern=0; dir=0; type=3; pingpong=0; private_global=0; IO mode=ap_fifo:ce=0
Port [ res_V_data_0_V]:  wired=1; compound=1; hidden=0; nouse=0; global=0; static=0; extern=0; dir=1; type=3; pingpong=0; private_global=0; IO mode=ap_fifo:ce=0
Port [ res_V_data_1_V]:  wired=1; compound=1; hidden=0; nouse=0; global=0; static=0; extern=0; dir=1; type=3; pingpong=0; private_global=0; IO mode=ap_fifo:ce=0
Port [ res_V_data_2_V]:  wired=1; compound=1; hidden=0; nouse=0; global=0; static=0; extern=0; dir=1; type=3; pingpong=0; private_global=0; IO mode=ap_fifo:ce=0
Port [ res_V_data_3_V]:  wired=1; compound=1; hidden=0; nouse=0; global=0; static=0; extern=0; dir=1; type=3; pingpong=0; private_global=0; IO mode=ap_fifo:ce=0
Port [ res_V_data_4_V]:  wired=1; compound=1; hidden=0; nouse=0; global=0; static=0; extern=0; dir=1; type=3; pingpong=0; private_global=0; IO mode=ap_fifo:ce=0
Port [ res_V_data_5_V]:  wired=1; compound=1; hidden=0; nouse=0; global=0; static=0; extern=0; dir=1; type=3; pingpong=0; private_global=0; IO mode=ap_fifo:ce=0
Port [ res_V_data_6_V]:  wired=1; compound=1; hidden=0; nouse=0; global=0; static=0; extern=0; dir=1; type=3; pingpong=0; private_global=0; IO mode=ap_fifo:ce=0
Port [ res_V_data_7_V]:  wired=1; compound=1; hidden=0; nouse=0; global=0; static=0; extern=0; dir=1; type=3; pingpong=0; private_global=0; IO mode=ap_fifo:ce=0
Port [ res_V_data_8_V]:  wired=1; compound=1; hidden=0; nouse=0; global=0; static=0; extern=0; dir=1; type=3; pingpong=0; private_global=0; IO mode=ap_fifo:ce=0
Port [ res_V_data_9_V]:  wired=1; compound=1; hidden=0; nouse=0; global=0; static=0; extern=0; dir=1; type=3; pingpong=0; private_global=0; IO mode=ap_fifo:ce=0
Port [ res_V_data_10_V]:  wired=1; compound=1; hidden=0; nouse=0; global=0; static=0; extern=0; dir=1; type=3; pingpong=0; private_global=0; IO mode=ap_fifo:ce=0
Port [ res_V_data_11_V]:  wired=1; compound=1; hidden=0; nouse=0; global=0; static=0; extern=0; dir=1; type=3; pingpong=0; private_global=0; IO mode=ap_fifo:ce=0
Port [ res_V_data_12_V]:  wired=1; compound=1; hidden=0; nouse=0; global=0; static=0; extern=0; dir=1; type=3; pingpong=0; private_global=0; IO mode=ap_fifo:ce=0
Port [ res_V_data_13_V]:  wired=1; compound=1; hidden=0; nouse=0; global=0; static=0; extern=0; dir=1; type=3; pingpong=0; private_global=0; IO mode=ap_fifo:ce=0
Port [ res_V_data_14_V]:  wired=1; compound=1; hidden=0; nouse=0; global=0; static=0; extern=0; dir=1; type=3; pingpong=0; private_global=0; IO mode=ap_fifo:ce=0
Port [ res_V_data_15_V]:  wired=1; compound=1; hidden=0; nouse=0; global=0; static=0; extern=0; dir=1; type=3; pingpong=0; private_global=0; IO mode=ap_fifo:ce=0
Port [ res_V_data_16_V]:  wired=1; compound=1; hidden=0; nouse=0; global=0; static=0; extern=0; dir=1; type=3; pingpong=0; private_global=0; IO mode=ap_fifo:ce=0
Port [ res_V_data_17_V]:  wired=1; compound=1; hidden=0; nouse=0; global=0; static=0; extern=0; dir=1; type=3; pingpong=0; private_global=0; IO mode=ap_fifo:ce=0
Port [ res_V_data_18_V]:  wired=1; compound=1; hidden=0; nouse=0; global=0; static=0; extern=0; dir=1; type=3; pingpong=0; private_global=0; IO mode=ap_fifo:ce=0
Port [ res_V_data_19_V]:  wired=1; compound=1; hidden=0; nouse=0; global=0; static=0; extern=0; dir=1; type=3; pingpong=0; private_global=0; IO mode=ap_fifo:ce=0
Port [ res_V_data_20_V]:  wired=1; compound=1; hidden=0; nouse=0; global=0; static=0; extern=0; dir=1; type=3; pingpong=0; private_global=0; IO mode=ap_fifo:ce=0
Port [ res_V_data_21_V]:  wired=1; compound=1; hidden=0; nouse=0; global=0; static=0; extern=0; dir=1; type=3; pingpong=0; private_global=0; IO mode=ap_fifo:ce=0
Port [ res_V_data_22_V]:  wired=1; compound=1; hidden=0; nouse=0; global=0; static=0; extern=0; dir=1; type=3; pingpong=0; private_global=0; IO mode=ap_fifo:ce=0
Port [ res_V_data_23_V]:  wired=1; compound=1; hidden=0; nouse=0; global=0; static=0; extern=0; dir=1; type=3; pingpong=0; private_global=0; IO mode=ap_fifo:ce=0
Port [ res_V_data_24_V]:  wired=1; compound=1; hidden=0; nouse=0; global=0; static=0; extern=0; dir=1; type=3; pingpong=0; private_global=0; IO mode=ap_fifo:ce=0
Port [ res_V_data_25_V]:  wired=1; compound=1; hidden=0; nouse=0; global=0; static=0; extern=0; dir=1; type=3; pingpong=0; private_global=0; IO mode=ap_fifo:ce=0
Port [ res_V_data_26_V]:  wired=1; compound=1; hidden=0; nouse=0; global=0; static=0; extern=0; dir=1; type=3; pingpong=0; private_global=0; IO mode=ap_fifo:ce=0
Port [ res_V_data_27_V]:  wired=1; compound=1; hidden=0; nouse=0; global=0; static=0; extern=0; dir=1; type=3; pingpong=0; private_global=0; IO mode=ap_fifo:ce=0
Port [ res_V_data_28_V]:  wired=1; compound=1; hidden=0; nouse=0; global=0; static=0; extern=0; dir=1; type=3; pingpong=0; private_global=0; IO mode=ap_fifo:ce=0
Port [ res_V_data_29_V]:  wired=1; compound=1; hidden=0; nouse=0; global=0; static=0; extern=0; dir=1; type=3; pingpong=0; private_global=0; IO mode=ap_fifo:ce=0
Port [ res_V_data_30_V]:  wired=1; compound=1; hidden=0; nouse=0; global=0; static=0; extern=0; dir=1; type=3; pingpong=0; private_global=0; IO mode=ap_fifo:ce=0
Port [ res_V_data_31_V]:  wired=1; compound=1; hidden=0; nouse=0; global=0; static=0; extern=0; dir=1; type=3; pingpong=0; private_global=0; IO mode=ap_fifo:ce=0
Port [ kernel_data_V_2_7]:  wired=0; compound=0; hidden=1; nouse=0; global=1; static=1; extern=0; dir=2; type=0; pingpong=0; private_global=1; linkage=7; visibility=0; IO mode=ap_ovld:ce=0
Port [ kernel_data_V_2_8]:  wired=0; compound=0; hidden=1; nouse=0; global=1; static=1; extern=0; dir=2; type=0; pingpong=0; private_global=1; linkage=7; visibility=0; IO mode=ap_ovld:ce=0
Port [ kernel_data_V_2_16]:  wired=0; compound=0; hidden=1; nouse=0; global=1; static=1; extern=0; dir=2; type=0; pingpong=0; private_global=1; linkage=7; visibility=0; IO mode=ap_ovld:ce=0
Port [ kernel_data_V_2_17]:  wired=0; compound=0; hidden=1; nouse=0; global=1; static=1; extern=0; dir=2; type=0; pingpong=0; private_global=1; linkage=7; visibility=0; IO mode=ap_ovld:ce=0
Port [ kernel_data_V_2_25]:  wired=0; compound=0; hidden=1; nouse=0; global=1; static=1; extern=0; dir=2; type=0; pingpong=0; private_global=1; linkage=7; visibility=0; IO mode=ap_ovld:ce=0
Port [ kernel_data_V_2_26]:  wired=0; compound=0; hidden=1; nouse=0; global=1; static=1; extern=0; dir=2; type=0; pingpong=0; private_global=1; linkage=7; visibility=0; IO mode=ap_ovld:ce=0
Port [ kernel_data_V_2_15]:  wired=0; compound=0; hidden=1; nouse=0; global=1; static=1; extern=0; dir=2; type=0; pingpong=0; private_global=1; linkage=7; visibility=0; IO mode=ap_ovld:ce=0
Port [ kernel_data_V_2_3]:  wired=0; compound=0; hidden=1; nouse=0; global=1; static=1; extern=0; dir=2; type=0; pingpong=0; private_global=1; linkage=7; visibility=0; IO mode=ap_ovld:ce=0
Port [ kernel_data_V_2_6]:  wired=0; compound=0; hidden=1; nouse=0; global=1; static=1; extern=0; dir=2; type=0; pingpong=0; private_global=1; linkage=7; visibility=0; IO mode=ap_ovld:ce=0
Port [ kernel_data_V_2_4]:  wired=0; compound=0; hidden=1; nouse=0; global=1; static=1; extern=0; dir=2; type=0; pingpong=0; private_global=1; linkage=7; visibility=0; IO mode=ap_ovld:ce=0
Port [ kernel_data_V_2_5]:  wired=0; compound=0; hidden=1; nouse=0; global=1; static=1; extern=0; dir=2; type=0; pingpong=0; private_global=1; linkage=7; visibility=0; IO mode=ap_ovld:ce=0
Port [ kernel_data_V_2_12]:  wired=0; compound=0; hidden=1; nouse=0; global=1; static=1; extern=0; dir=2; type=0; pingpong=0; private_global=1; linkage=7; visibility=0; IO mode=ap_ovld:ce=0
Port [ kernel_data_V_2_13]:  wired=0; compound=0; hidden=1; nouse=0; global=1; static=1; extern=0; dir=2; type=0; pingpong=0; private_global=1; linkage=7; visibility=0; IO mode=ap_ovld:ce=0
Port [ kernel_data_V_2_14]:  wired=0; compound=0; hidden=1; nouse=0; global=1; static=1; extern=0; dir=2; type=0; pingpong=0; private_global=1; linkage=7; visibility=0; IO mode=ap_ovld:ce=0
Port [ kernel_data_V_2_21]:  wired=0; compound=0; hidden=1; nouse=0; global=1; static=1; extern=0; dir=2; type=0; pingpong=0; private_global=1; linkage=7; visibility=0; IO mode=ap_ovld:ce=0
Port [ kernel_data_V_2_24]:  wired=0; compound=0; hidden=1; nouse=0; global=1; static=1; extern=0; dir=2; type=0; pingpong=0; private_global=1; linkage=7; visibility=0; IO mode=ap_ovld:ce=0
Port [ kernel_data_V_2_22]:  wired=0; compound=0; hidden=1; nouse=0; global=1; static=1; extern=0; dir=2; type=0; pingpong=0; private_global=1; linkage=7; visibility=0; IO mode=ap_ovld:ce=0
Port [ kernel_data_V_2_23]:  wired=0; compound=0; hidden=1; nouse=0; global=1; static=1; extern=0; dir=2; type=0; pingpong=0; private_global=1; linkage=7; visibility=0; IO mode=ap_ovld:ce=0
Port [ sX]:  wired=0; compound=0; hidden=1; nouse=0; global=1; static=1; extern=0; dir=2; type=0; pingpong=0; private_global=1; linkage=7; visibility=0; IO mode=ap_ovld:ce=0
Port [ sY]:  wired=0; compound=0; hidden=1; nouse=0; global=1; static=1; extern=0; dir=2; type=0; pingpong=0; private_global=1; linkage=7; visibility=0; IO mode=ap_ovld:ce=0
Port [ pY]:  wired=0; compound=0; hidden=1; nouse=0; global=1; static=1; extern=0; dir=2; type=0; pingpong=0; private_global=1; linkage=7; visibility=0; IO mode=ap_ovld:ce=0
Port [ pX]:  wired=0; compound=0; hidden=1; nouse=0; global=1; static=1; extern=0; dir=2; type=0; pingpong=0; private_global=1; linkage=7; visibility=0; IO mode=ap_ovld:ce=0
Port [ outidx4]:  wired=0; compound=1; hidden=1; nouse=0; global=1; static=1; extern=0; dir=0; type=1; pingpong=0; private_global=1; linkage=7; visibility=0; MemPort=[1]; IO mode=ap_memory:ce=0
Port [ kernel_data_V_2_0]:  wired=0; compound=0; hidden=1; nouse=0; global=1; static=1; extern=0; dir=2; type=0; pingpong=0; private_global=1; linkage=7; visibility=0; IO mode=ap_ovld:ce=0
Port [ kernel_data_V_2_1]:  wired=0; compound=0; hidden=1; nouse=0; global=1; static=1; extern=0; dir=2; type=0; pingpong=0; private_global=1; linkage=7; visibility=0; IO mode=ap_ovld:ce=0
Port [ kernel_data_V_2_2]:  wired=0; compound=0; hidden=1; nouse=0; global=1; static=1; extern=0; dir=2; type=0; pingpong=0; private_global=1; linkage=7; visibility=0; IO mode=ap_ovld:ce=0
Port [ kernel_data_V_2_9]:  wired=0; compound=0; hidden=1; nouse=0; global=1; static=1; extern=0; dir=2; type=0; pingpong=0; private_global=1; linkage=7; visibility=0; IO mode=ap_ovld:ce=0
Port [ kernel_data_V_2_10]:  wired=0; compound=0; hidden=1; nouse=0; global=1; static=1; extern=0; dir=2; type=0; pingpong=0; private_global=1; linkage=7; visibility=0; IO mode=ap_ovld:ce=0
Port [ kernel_data_V_2_11]:  wired=0; compound=0; hidden=1; nouse=0; global=1; static=1; extern=0; dir=2; type=0; pingpong=0; private_global=1; linkage=7; visibility=0; IO mode=ap_ovld:ce=0
Port [ kernel_data_V_2_18]:  wired=0; compound=0; hidden=1; nouse=0; global=1; static=1; extern=0; dir=2; type=0; pingpong=0; private_global=1; linkage=7; visibility=0; IO mode=ap_ovld:ce=0
Port [ kernel_data_V_2_19]:  wired=0; compound=0; hidden=1; nouse=0; global=1; static=1; extern=0; dir=2; type=0; pingpong=0; private_global=1; linkage=7; visibility=0; IO mode=ap_ovld:ce=0
Port [ kernel_data_V_2_20]:  wired=0; compound=0; hidden=1; nouse=0; global=1; static=1; extern=0; dir=2; type=0; pingpong=0; private_global=1; linkage=7; visibility=0; IO mode=ap_ovld:ce=0
Port [ w2_V]:  wired=0; compound=1; hidden=1; nouse=0; global=1; static=1; extern=0; dir=0; type=1; pingpong=0; private_global=1; linkage=7; visibility=0; MemPort=[1]; IO mode=ap_memory:ce=0
Port [ line_buffer_Array_V_2_0_0]:  wired=0; compound=1; hidden=1; nouse=0; global=1; static=1; extern=0; dir=3; type=1; pingpong=0; private_global=1; linkage=7; visibility=0; MemPort=[2]; IO mode=ap_memory:ce=0
Port [ line_buffer_Array_V_2_0_1]:  wired=0; compound=1; hidden=1; nouse=0; global=1; static=1; extern=0; dir=3; type=1; pingpong=0; private_global=1; linkage=7; visibility=0; MemPort=[2]; IO mode=ap_memory:ce=0
Port [ line_buffer_Array_V_2_0_2]:  wired=0; compound=1; hidden=1; nouse=0; global=1; static=1; extern=0; dir=3; type=1; pingpong=0; private_global=1; linkage=7; visibility=0; MemPort=[2]; IO mode=ap_memory:ce=0
Port [ line_buffer_Array_V_2_1_0]:  wired=0; compound=1; hidden=1; nouse=0; global=1; static=1; extern=0; dir=3; type=1; pingpong=0; private_global=1; linkage=7; visibility=0; MemPort=[2]; IO mode=ap_memory:ce=0
Port [ line_buffer_Array_V_2_1_1]:  wired=0; compound=1; hidden=1; nouse=0; global=1; static=1; extern=0; dir=3; type=1; pingpong=0; private_global=1; linkage=7; visibility=0; MemPort=[2]; IO mode=ap_memory:ce=0
Port [ line_buffer_Array_V_2_1_2]:  wired=0; compound=1; hidden=1; nouse=0; global=1; static=1; extern=0; dir=3; type=1; pingpong=0; private_global=1; linkage=7; visibility=0; MemPort=[2]; IO mode=ap_memory:ce=0
---------------- STG Properties END ------------------

---------------- Datapath Model BEGIN ----------------

<LifeTime>
<method=bitvector/>
shift_buffer_1_2_V        (alloca           ) [ 0011111111111111]
shift_buffer_1_2_V_1      (alloca           ) [ 0011111111111111]
shift_buffer_1_2_V_2      (alloca           ) [ 0011111111111111]
shift_buffer_0_2_V        (alloca           ) [ 0011111111111111]
shift_buffer_0_2_V_1      (alloca           ) [ 0011111111111111]
shift_buffer_0_2_V_2      (alloca           ) [ 0011111111111111]
specinterface_ln0         (specinterface    ) [ 0000000000000000]
specinterface_ln0         (specinterface    ) [ 0000000000000000]
specinterface_ln0         (specinterface    ) [ 0000000000000000]
specinterface_ln0         (specinterface    ) [ 0000000000000000]
specinterface_ln0         (specinterface    ) [ 0000000000000000]
specinterface_ln0         (specinterface    ) [ 0000000000000000]
specinterface_ln0         (specinterface    ) [ 0000000000000000]
specinterface_ln0         (specinterface    ) [ 0000000000000000]
specinterface_ln0         (specinterface    ) [ 0000000000000000]
specinterface_ln0         (specinterface    ) [ 0000000000000000]
specinterface_ln0         (specinterface    ) [ 0000000000000000]
specinterface_ln0         (specinterface    ) [ 0000000000000000]
specinterface_ln0         (specinterface    ) [ 0000000000000000]
specinterface_ln0         (specinterface    ) [ 0000000000000000]
specinterface_ln0         (specinterface    ) [ 0000000000000000]
specinterface_ln0         (specinterface    ) [ 0000000000000000]
specinterface_ln0         (specinterface    ) [ 0000000000000000]
specinterface_ln0         (specinterface    ) [ 0000000000000000]
specinterface_ln0         (specinterface    ) [ 0000000000000000]
specinterface_ln0         (specinterface    ) [ 0000000000000000]
specinterface_ln0         (specinterface    ) [ 0000000000000000]
specinterface_ln0         (specinterface    ) [ 0000000000000000]
specinterface_ln0         (specinterface    ) [ 0000000000000000]
specinterface_ln0         (specinterface    ) [ 0000000000000000]
specinterface_ln0         (specinterface    ) [ 0000000000000000]
specinterface_ln0         (specinterface    ) [ 0000000000000000]
specinterface_ln0         (specinterface    ) [ 0000000000000000]
specinterface_ln0         (specinterface    ) [ 0000000000000000]
specinterface_ln0         (specinterface    ) [ 0000000000000000]
specinterface_ln0         (specinterface    ) [ 0000000000000000]
specinterface_ln0         (specinterface    ) [ 0000000000000000]
specinterface_ln0         (specinterface    ) [ 0000000000000000]
specinterface_ln0         (specinterface    ) [ 0000000000000000]
specinterface_ln0         (specinterface    ) [ 0000000000000000]
specinterface_ln0         (specinterface    ) [ 0000000000000000]
br_ln0                    (br               ) [ 0111111111111111]
indvar_flatten166         (phi              ) [ 0011111111111111]
specloopname_ln0          (specloopname     ) [ 0000000000000000]
empty_338                 (speclooptripcount) [ 0000000000000000]
specloopname_ln81         (specloopname     ) [ 0000000000000000]
tmp_s                     (specregionbegin  ) [ 0001111111111111]
empty_339                 (read             ) [ 0000000000000000]
tmp_data_0_V_1            (extractvalue     ) [ 0001111111110000]
tmp_data_1_V_1            (extractvalue     ) [ 0001111111110000]
tmp_data_2_V_1            (extractvalue     ) [ 0001111111110000]
add_ln79                  (add              ) [ 0111111111111111]
br_ln241                  (br               ) [ 0011111111111111]
i_ic4_0_i_i_i             (phi              ) [ 0001110000000000]
icmp_ln241                (icmp             ) [ 0011111111111111]
empty                     (speclooptripcount) [ 0000000000000000]
i_ic                      (add              ) [ 0011111111111111]
br_ln241                  (br               ) [ 0000000000000000]
specloopname_ln241        (specloopname     ) [ 0000000000000000]
DataIn_V_assign           (mux              ) [ 0000000000000000]
switch_ln246              (switch           ) [ 0000000000000000]
DataOut_V_2               (memshiftread     ) [ 0011111111111111]
br_ln246                  (br               ) [ 0011111111111111]
DataOut_V_1               (memshiftread     ) [ 0011111111111111]
br_ln246                  (br               ) [ 0011111111111111]
DataOut_V                 (memshiftread     ) [ 0011111111111111]
br_ln246                  (br               ) [ 0011111111111111]
kernel_data_V_2_7_load    (load             ) [ 0000001100000000]
kernel_data_V_2_8_load    (load             ) [ 0000001100000000]
kernel_data_V_2_16_load   (load             ) [ 0000001100000000]
kernel_data_V_2_17_load   (load             ) [ 0000001100000000]
kernel_data_V_2_25_load   (load             ) [ 0000001100000000]
kernel_data_V_2_26_load   (load             ) [ 0000001100000000]
kernel_data_V_2_15_load   (load             ) [ 0000001100000000]
br_ln194                  (br               ) [ 0011111111111111]
shift_buffer_1_0_V        (phi              ) [ 0000100000000000]
switch_ln248              (switch           ) [ 0000000000000000]
store_ln248               (store            ) [ 0000000000000000]
br_ln248                  (br               ) [ 0000000000000000]
store_ln248               (store            ) [ 0000000000000000]
br_ln248                  (br               ) [ 0000000000000000]
store_ln248               (store            ) [ 0000000000000000]
br_ln248                  (br               ) [ 0000000000000000]
switch_ln246              (switch           ) [ 0000000000000000]
DataOut_V_5               (memshiftread     ) [ 0011111111111111]
br_ln246                  (br               ) [ 0011111111111111]
DataOut_V_4               (memshiftread     ) [ 0011111111111111]
br_ln246                  (br               ) [ 0011111111111111]
DataOut_V_3               (memshiftread     ) [ 0011111111111111]
br_ln246                  (br               ) [ 0011111111111111]
shift_buffer_0_0_V        (phi              ) [ 0000010000000000]
switch_ln248              (switch           ) [ 0000000000000000]
store_ln248               (store            ) [ 0000000000000000]
br_ln248                  (br               ) [ 0000000000000000]
store_ln248               (store            ) [ 0000000000000000]
br_ln248                  (br               ) [ 0000000000000000]
store_ln248               (store            ) [ 0000000000000000]
br_ln248                  (br               ) [ 0000000000000000]
br_ln0                    (br               ) [ 0011111111111111]
i_iw_0_i_i_i_i            (phi              ) [ 0000001100000000]
icmp_ln194                (icmp             ) [ 0011111111111111]
empty_326                 (speclooptripcount) [ 0000000000000000]
i_iw                      (add              ) [ 0011111111111111]
br_ln194                  (br               ) [ 0000000000000000]
zext_ln194                (zext             ) [ 0000000000000000]
zext_ln194_1              (zext             ) [ 0000000000000000]
specloopname_ln194        (specloopname     ) [ 0000000000000000]
tmp_2                     (specregionbegin  ) [ 0000000000000000]
specpipeline_ln195        (specpipeline     ) [ 0000000000000000]
trunc_ln201               (trunc            ) [ 0000000000000000]
shl_ln                    (bitconcatenate   ) [ 0000000000000000]
zext_ln201                (zext             ) [ 0000000000000000]
sub_ln201                 (sub              ) [ 0011111111111111]
icmp_ln356                (icmp             ) [ 0011111111111111]
kernel_data_V_2_3_load    (load             ) [ 0000000000000000]
kernel_data_V_2_6_load    (load             ) [ 0000000000000000]
select_ln356              (select           ) [ 0000000000000000]
switch_ln201              (switch           ) [ 0000000000000000]
store_ln201               (store            ) [ 0000000000000000]
br_ln201                  (br               ) [ 0000000000000000]
store_ln201               (store            ) [ 0000000000000000]
br_ln201                  (br               ) [ 0000000000000000]
store_ln201               (store            ) [ 0000000000000000]
br_ln201                  (br               ) [ 0000000000000000]
store_ln201               (store            ) [ 0000000000000000]
br_ln201                  (br               ) [ 0000000000000000]
kernel_data_V_2_4_load    (load             ) [ 0000000000000000]
select_ln356_1            (select           ) [ 0000000000000000]
br_ln201                  (br               ) [ 0000000000000000]
store_ln201               (store            ) [ 0000000000000000]
br_ln201                  (br               ) [ 0000000000000000]
store_ln201               (store            ) [ 0000000000000000]
br_ln201                  (br               ) [ 0000000000000000]
kernel_data_V_2_5_load    (load             ) [ 0000000000000000]
select_ln356_2            (select           ) [ 0000000000000000]
br_ln201                  (br               ) [ 0000000000000000]
store_ln201               (store            ) [ 0000000000000000]
br_ln201                  (br               ) [ 0000000000000000]
store_ln201               (store            ) [ 0000000000000000]
br_ln201                  (br               ) [ 0000000000000000]
kernel_data_V_2_12_load   (load             ) [ 0000000000000000]
select_ln356_3            (select           ) [ 0000000000000000]
br_ln201                  (br               ) [ 0000000000000000]
store_ln201               (store            ) [ 0000000000000000]
br_ln201                  (br               ) [ 0000000000000000]
store_ln201               (store            ) [ 0000000000000000]
br_ln201                  (br               ) [ 0000000000000000]
kernel_data_V_2_13_load   (load             ) [ 0000000000000000]
select_ln356_4            (select           ) [ 0000000000000000]
br_ln201                  (br               ) [ 0000000000000000]
store_ln201               (store            ) [ 0000000000000000]
br_ln201                  (br               ) [ 0000000000000000]
store_ln201               (store            ) [ 0000000000000000]
br_ln201                  (br               ) [ 0000000000000000]
kernel_data_V_2_14_load   (load             ) [ 0000000000000000]
select_ln356_5            (select           ) [ 0000000000000000]
br_ln201                  (br               ) [ 0000000000000000]
store_ln201               (store            ) [ 0000000000000000]
br_ln201                  (br               ) [ 0000000000000000]
store_ln201               (store            ) [ 0000000000000000]
br_ln201                  (br               ) [ 0000000000000000]
kernel_data_V_2_22_load   (load             ) [ 0000000000000000]
select_ln356_7            (select           ) [ 0000000000000000]
br_ln201                  (br               ) [ 0000000000000000]
store_ln201               (store            ) [ 0000000000000000]
br_ln201                  (br               ) [ 0000000000000000]
store_ln201               (store            ) [ 0000000000000000]
br_ln201                  (br               ) [ 0000000000000000]
kernel_data_V_2_23_load   (load             ) [ 0000000000000000]
select_ln356_8            (select           ) [ 0000000000000000]
br_ln201                  (br               ) [ 0000000000000000]
store_ln201               (store            ) [ 0000000000000000]
br_ln201                  (br               ) [ 0000000000000000]
store_ln201               (store            ) [ 0000000000000000]
br_ln201                  (br               ) [ 0000000000000000]
empty_327                 (specregionend    ) [ 0000000000000000]
br_ln194                  (br               ) [ 0011111111111111]
kernel_data_V_2_21_load   (load             ) [ 0000000000000000]
kernel_data_V_2_24_load   (load             ) [ 0000000000000000]
select_ln356_6            (select           ) [ 0000000000000000]
br_ln201                  (br               ) [ 0000000000000000]
store_ln201               (store            ) [ 0000000000000000]
br_ln201                  (br               ) [ 0000000000000000]
store_ln201               (store            ) [ 0000000000000000]
br_ln201                  (br               ) [ 0000000000000000]
tmp_1                     (specregionbegin  ) [ 0000000001000000]
br_ln213                  (br               ) [ 0011111111111111]
i_ic2_0_i_i_i_i_0         (phi              ) [ 0011111111111111]
icmp_ln213                (icmp             ) [ 0011111111111111]
empty_329                 (speclooptripcount) [ 0000000000000000]
add_ln213                 (add              ) [ 0011111111111111]
br_ln213                  (br               ) [ 0000000000000000]
shift_buffer_0_2_V_load   (load             ) [ 0000000000000000]
shift_buffer_0_2_V_1_load (load             ) [ 0000000000000000]
shift_buffer_0_2_V_2_load (load             ) [ 0000000000000000]
specloopname_ln213        (specloopname     ) [ 0000000000000000]
tmp_4                     (mux              ) [ 0000000000000000]
switch_ln214              (switch           ) [ 0000000000000000]
store_ln214               (store            ) [ 0000000000000000]
br_ln214                  (br               ) [ 0000000000000000]
store_ln214               (store            ) [ 0000000000000000]
br_ln214                  (br               ) [ 0000000000000000]
store_ln214               (store            ) [ 0000000000000000]
br_ln214                  (br               ) [ 0000000000000000]
br_ln213                  (br               ) [ 0011111111111111]
empty_328                 (specregionend    ) [ 0000000000000000]
tmp_3                     (specregionbegin  ) [ 0000000000100000]
br_ln213                  (br               ) [ 0011111111111111]
i_ic2_0_i_i_i_i_1         (phi              ) [ 0011111111111111]
icmp_ln213_1              (icmp             ) [ 0011111111111111]
empty_331                 (speclooptripcount) [ 0000000000000000]
add_ln213_1               (add              ) [ 0011111111111111]
br_ln213                  (br               ) [ 0000000000000000]
shift_buffer_1_2_V_load   (load             ) [ 0000000000000000]
shift_buffer_1_2_V_1_load (load             ) [ 0000000000000000]
shift_buffer_1_2_V_2_load (load             ) [ 0000000000000000]
specloopname_ln213        (specloopname     ) [ 0000000000000000]
tmp_6                     (mux              ) [ 0000000000000000]
switch_ln214              (switch           ) [ 0000000000000000]
store_ln214               (store            ) [ 0000000000000000]
br_ln214                  (br               ) [ 0000000000000000]
store_ln214               (store            ) [ 0000000000000000]
br_ln214                  (br               ) [ 0000000000000000]
store_ln214               (store            ) [ 0000000000000000]
br_ln214                  (br               ) [ 0000000000000000]
br_ln213                  (br               ) [ 0011111111111111]
empty_330                 (specregionend    ) [ 0000000000000000]
tmp_5                     (specregionbegin  ) [ 0000000000010000]
br_ln213                  (br               ) [ 0011111111111111]
i_ic2_0_i_i_i_i_2         (phi              ) [ 0011111111111111]
icmp_ln213_2              (icmp             ) [ 0011111111111111]
empty_333                 (speclooptripcount) [ 0000000000000000]
add_ln213_2               (add              ) [ 0011111111111111]
br_ln213                  (br               ) [ 0000000000000000]
specloopname_ln213        (specloopname     ) [ 0000000000000000]
tmp_7                     (mux              ) [ 0000000000000000]
switch_ln214              (switch           ) [ 0000000000000000]
store_ln214               (store            ) [ 0000000000000000]
br_ln214                  (br               ) [ 0000000000000000]
store_ln214               (store            ) [ 0000000000000000]
br_ln214                  (br               ) [ 0000000000000000]
store_ln214               (store            ) [ 0000000000000000]
br_ln214                  (br               ) [ 0000000000000000]
br_ln213                  (br               ) [ 0011111111111111]
empty_332                 (specregionend    ) [ 0000000000000000]
sX_load                   (load             ) [ 0000000000001111]
icmp_ln289                (icmp             ) [ 0000000000001111]
sY_load                   (load             ) [ 0000000000001111]
icmp_ln289_1              (icmp             ) [ 0000000000001111]
pY_load                   (load             ) [ 0000000000001111]
tmp                       (partselect       ) [ 0000000000000000]
icmp_ln289_2              (icmp             ) [ 0000000000000000]
pX_load                   (load             ) [ 0000000000001111]
tmp_386                   (partselect       ) [ 0000000000000000]
icmp_ln289_3              (icmp             ) [ 0000000000000000]
and_ln289                 (and              ) [ 0000000000000000]
and_ln289_1               (and              ) [ 0000000000000000]
and_ln289_2               (and              ) [ 0011111111111111]
br_ln289                  (br               ) [ 0000000000000000]
tmp_8                     (specregionbegin  ) [ 0000000000001111]
br_ln129                  (br               ) [ 0011111111111111]
w_index165                (phi              ) [ 0000000000001110]
zext_ln133                (zext             ) [ 0000000000000000]
outidx4_addr              (getelementptr    ) [ 0000000000001100]
w_index                   (add              ) [ 0011111111111111]
w2_V_addr                 (getelementptr    ) [ 0000000000001100]
icmp_ln129                (icmp             ) [ 0011111111111111]
br_ln129                  (br               ) [ 0011111111111111]
in_index_0_i_i_i_i164     (phi              ) [ 0000000000001100]
out_index                 (load             ) [ 0000000000001010]
trunc_ln139               (trunc            ) [ 0011111111111111]
switch_ln55               (switch           ) [ 0000000000000000]
kernel_data_V_2_25_load_1 (load             ) [ 0011111111111111]
br_ln54                   (br               ) [ 0011111111111111]
kernel_data_V_2_24_load_1 (load             ) [ 0011111111111111]
br_ln54                   (br               ) [ 0011111111111111]
kernel_data_V_2_23_load_1 (load             ) [ 0011111111111111]
br_ln54                   (br               ) [ 0011111111111111]
kernel_data_V_2_22_load_1 (load             ) [ 0011111111111111]
br_ln54                   (br               ) [ 0011111111111111]
kernel_data_V_2_21_load_1 (load             ) [ 0011111111111111]
br_ln54                   (br               ) [ 0011111111111111]
kernel_data_V_2_20_load   (load             ) [ 0011111111111111]
br_ln54                   (br               ) [ 0011111111111111]
kernel_data_V_2_19_load   (load             ) [ 0011111111111111]
br_ln54                   (br               ) [ 0011111111111111]
kernel_data_V_2_18_load   (load             ) [ 0011111111111111]
br_ln54                   (br               ) [ 0011111111111111]
kernel_data_V_2_17_load_1 (load             ) [ 0011111111111111]
br_ln54                   (br               ) [ 0011111111111111]
kernel_data_V_2_16_load_1 (load             ) [ 0011111111111111]
br_ln54                   (br               ) [ 0011111111111111]
kernel_data_V_2_15_load_1 (load             ) [ 0011111111111111]
br_ln54                   (br               ) [ 0011111111111111]
kernel_data_V_2_14_load_1 (load             ) [ 0011111111111111]
br_ln54                   (br               ) [ 0011111111111111]
kernel_data_V_2_13_load_1 (load             ) [ 0011111111111111]
br_ln54                   (br               ) [ 0011111111111111]
kernel_data_V_2_12_load_1 (load             ) [ 0011111111111111]
br_ln54                   (br               ) [ 0011111111111111]
kernel_data_V_2_11_load   (load             ) [ 0011111111111111]
br_ln54                   (br               ) [ 0011111111111111]
kernel_data_V_2_10_load   (load             ) [ 0011111111111111]
br_ln54                   (br               ) [ 0011111111111111]
kernel_data_V_2_9_load    (load             ) [ 0011111111111111]
br_ln54                   (br               ) [ 0011111111111111]
kernel_data_V_2_8_load_1  (load             ) [ 0011111111111111]
br_ln54                   (br               ) [ 0011111111111111]
kernel_data_V_2_7_load_1  (load             ) [ 0011111111111111]
br_ln54                   (br               ) [ 0011111111111111]
kernel_data_V_2_6_load_1  (load             ) [ 0011111111111111]
br_ln54                   (br               ) [ 0011111111111111]
kernel_data_V_2_5_load_1  (load             ) [ 0011111111111111]
br_ln54                   (br               ) [ 0011111111111111]
kernel_data_V_2_4_load_1  (load             ) [ 0011111111111111]
br_ln54                   (br               ) [ 0011111111111111]
kernel_data_V_2_3_load_1  (load             ) [ 0011111111111111]
br_ln54                   (br               ) [ 0011111111111111]
kernel_data_V_2_2_load    (load             ) [ 0011111111111111]
br_ln54                   (br               ) [ 0011111111111111]
kernel_data_V_2_1_load    (load             ) [ 0011111111111111]
br_ln54                   (br               ) [ 0011111111111111]
kernel_data_V_2_0_load    (load             ) [ 0011111111111111]
br_ln54                   (br               ) [ 0011111111111111]
kernel_data_V_2_26_load_1 (load             ) [ 0011111111111111]
br_ln54                   (br               ) [ 0011111111111111]
w2_V_load                 (load             ) [ 0000000000001010]
in_index                  (add              ) [ 0000000000000000]
icmp_ln148                (icmp             ) [ 0000000000000000]
select_ln148              (select           ) [ 0011111111111111]
tmp_data_0_V_15163        (phi              ) [ 0000000000001110]
tmp_data_1_V_15161        (phi              ) [ 0000000000001110]
tmp_data_2_V_15159        (phi              ) [ 0000000000001110]
tmp_data_3_V_15157        (phi              ) [ 0000000000001110]
tmp_data_4_V_15155        (phi              ) [ 0000000000001110]
tmp_data_5_V_15153        (phi              ) [ 0000000000001110]
tmp_data_6_V_15151        (phi              ) [ 0000000000001110]
tmp_data_7_V_15149        (phi              ) [ 0000000000001110]
tmp_data_8_V_15147        (phi              ) [ 0000000000001110]
tmp_data_9_V_15145        (phi              ) [ 0000000000001110]
tmp_data_10_V_13143       (phi              ) [ 0000000000001110]
tmp_data_11_V_13141       (phi              ) [ 0000000000001110]
tmp_data_12_V_13139       (phi              ) [ 0000000000001110]
tmp_data_13_V_13137       (phi              ) [ 0000000000001110]
tmp_data_14_V_13135       (phi              ) [ 0000000000001110]
tmp_data_15_V_13133       (phi              ) [ 0000000000001110]
tmp_data_16_V_13131       (phi              ) [ 0000000000001110]
tmp_data_17_V_13129       (phi              ) [ 0000000000001110]
tmp_data_18_V_13127       (phi              ) [ 0000000000001110]
tmp_data_19_V_13125       (phi              ) [ 0000000000001110]
tmp_data_20_V_13123       (phi              ) [ 0000000000001110]
tmp_data_21_V_13121       (phi              ) [ 0000000000001110]
tmp_data_22_V_13119       (phi              ) [ 0000000000001110]
tmp_data_23_V_13117       (phi              ) [ 0000000000001110]
tmp_data_24_V_13115       (phi              ) [ 0000000000001110]
tmp_data_25_V_13113       (phi              ) [ 0000000000001110]
tmp_data_26_V_13111       (phi              ) [ 0000000000001110]
tmp_data_27_V_13109       (phi              ) [ 0000000000001110]
tmp_data_28_V_13107       (phi              ) [ 0000000000001110]
tmp_data_29_V_13105       (phi              ) [ 0000000000001110]
tmp_data_30_V_13103       (phi              ) [ 0000000000001110]
tmp_data_31_V_13101       (phi              ) [ 0000000000001110]
specloopname_ln129        (specloopname     ) [ 0000000000000000]
tmp_9                     (specregionbegin  ) [ 0000000000000000]
specpipeline_ln130        (specpipeline     ) [ 0000000000000000]
UnifiedRetVal_i_i         (phi              ) [ 0000000000001010]
r_V                       (zext             ) [ 0000000000000000]
sext_ln1118               (sext             ) [ 0000000000000000]
r_V_1                     (mul              ) [ 0000000000000000]
trunc_ln7                 (partselect       ) [ 0000000000000000]
sext_ln708                (sext             ) [ 0000000000000000]
tmp_10                    (mux              ) [ 0000000000000000]
acc_0_V                   (add              ) [ 0000000000000000]
switch_ln139              (switch           ) [ 0000000000000000]
br_ln139                  (br               ) [ 0000000000000000]
br_ln139                  (br               ) [ 0000000000000000]
br_ln139                  (br               ) [ 0000000000000000]
br_ln139                  (br               ) [ 0000000000000000]
br_ln139                  (br               ) [ 0000000000000000]
br_ln139                  (br               ) [ 0000000000000000]
br_ln139                  (br               ) [ 0000000000000000]
br_ln139                  (br               ) [ 0000000000000000]
br_ln139                  (br               ) [ 0000000000000000]
br_ln139                  (br               ) [ 0000000000000000]
br_ln139                  (br               ) [ 0000000000000000]
br_ln139                  (br               ) [ 0000000000000000]
br_ln139                  (br               ) [ 0000000000000000]
br_ln139                  (br               ) [ 0000000000000000]
br_ln139                  (br               ) [ 0000000000000000]
br_ln139                  (br               ) [ 0000000000000000]
br_ln139                  (br               ) [ 0000000000000000]
br_ln139                  (br               ) [ 0000000000000000]
br_ln139                  (br               ) [ 0000000000000000]
br_ln139                  (br               ) [ 0000000000000000]
br_ln139                  (br               ) [ 0000000000000000]
br_ln139                  (br               ) [ 0000000000000000]
br_ln139                  (br               ) [ 0000000000000000]
br_ln139                  (br               ) [ 0000000000000000]
br_ln139                  (br               ) [ 0000000000000000]
br_ln139                  (br               ) [ 0000000000000000]
br_ln139                  (br               ) [ 0000000000000000]
br_ln139                  (br               ) [ 0000000000000000]
br_ln139                  (br               ) [ 0000000000000000]
br_ln139                  (br               ) [ 0000000000000000]
br_ln139                  (br               ) [ 0000000000000000]
tmp_data_31_V             (phi              ) [ 0011111111111111]
tmp_data_30_V             (phi              ) [ 0011111111111111]
tmp_data_29_V             (phi              ) [ 0011111111111111]
tmp_data_28_V             (phi              ) [ 0011111111111111]
tmp_data_27_V             (phi              ) [ 0011111111111111]
tmp_data_26_V             (phi              ) [ 0011111111111111]
tmp_data_25_V             (phi              ) [ 0011111111111111]
tmp_data_24_V             (phi              ) [ 0011111111111111]
tmp_data_23_V             (phi              ) [ 0011111111111111]
tmp_data_22_V             (phi              ) [ 0011111111111111]
tmp_data_21_V             (phi              ) [ 0011111111111111]
tmp_data_20_V             (phi              ) [ 0011111111111111]
tmp_data_19_V             (phi              ) [ 0011111111111111]
tmp_data_18_V             (phi              ) [ 0011111111111111]
tmp_data_17_V             (phi              ) [ 0011111111111111]
tmp_data_16_V             (phi              ) [ 0011111111111111]
tmp_data_15_V             (phi              ) [ 0011111111111111]
tmp_data_14_V             (phi              ) [ 0011111111111111]
tmp_data_13_V             (phi              ) [ 0011111111111111]
tmp_data_12_V             (phi              ) [ 0011111111111111]
tmp_data_11_V             (phi              ) [ 0011111111111111]
tmp_data_10_V             (phi              ) [ 0011111111111111]
tmp_data_9_V              (phi              ) [ 0011111111111111]
tmp_data_8_V              (phi              ) [ 0011111111111111]
tmp_data_7_V              (phi              ) [ 0011111111111111]
tmp_data_6_V              (phi              ) [ 0011111111111111]
tmp_data_5_V              (phi              ) [ 0011111111111111]
tmp_data_4_V              (phi              ) [ 0011111111111111]
tmp_data_3_V              (phi              ) [ 0011111111111111]
tmp_data_2_V              (phi              ) [ 0011111111111111]
tmp_data_1_V              (phi              ) [ 0011111111111111]
tmp_data_0_V              (phi              ) [ 0011111111111111]
empty_334                 (specregionend    ) [ 0000000000000000]
empty_335                 (speclooptripcount) [ 0000000000000000]
write_ln309               (write            ) [ 0000000000000000]
empty_336                 (specregionend    ) [ 0000000000000000]
br_ln310                  (br               ) [ 0000000000000000]
icmp_ln313                (icmp             ) [ 0011111111111111]
br_ln313                  (br               ) [ 0000000000000000]
add_ln326                 (add              ) [ 0000000000000000]
store_ln326               (store            ) [ 0000000000000000]
add_ln328                 (add              ) [ 0000000000000000]
select_ln328              (select           ) [ 0000000000000000]
store_ln328               (store            ) [ 0000000000000000]
br_ln0                    (br               ) [ 0000000000000000]
store_ln315               (store            ) [ 0000000000000000]
store_ln316               (store            ) [ 0000000000000000]
icmp_ln317                (icmp             ) [ 0011111111111111]
br_ln317                  (br               ) [ 0000000000000000]
add_ln321                 (add              ) [ 0000000000000000]
store_ln321               (store            ) [ 0000000000000000]
add_ln323                 (add              ) [ 0000000000000000]
select_ln323              (select           ) [ 0000000000000000]
br_ln0                    (br               ) [ 0000000000000000]
store_ln318               (store            ) [ 0000000000000000]
br_ln320                  (br               ) [ 0000000000000000]
storemerge_i_i            (phi              ) [ 0000000000000000]
store_ln319               (store            ) [ 0000000000000000]
br_ln325                  (br               ) [ 0000000000000000]
empty_337                 (specregionend    ) [ 0000000000000000]
icmp_ln79                 (icmp             ) [ 0011111111111111]
br_ln79                   (br               ) [ 0111111111111111]
ret_ln109                 (ret              ) [ 0000000000000000]
</LifeTime>

<model>

<comp_list>
<comp id="0" class="1000" name="data_V_data_0_V">
<pin_list>
<pin id="1" dir="1" index="0" bw="1" slack="0"/>
</pin_list>
<bind>
<StgValue><ssdm name="data_V_data_0_V"/></StgValue>
</bind>
</comp>

<comp id="2" class="1000" name="data_V_data_1_V">
<pin_list>
<pin id="3" dir="1" index="0" bw="1" slack="0"/>
</pin_list>
<bind>
<StgValue><ssdm name="data_V_data_1_V"/></StgValue>
</bind>
</comp>

<comp id="4" class="1000" name="data_V_data_2_V">
<pin_list>
<pin id="5" dir="1" index="0" bw="1" slack="0"/>
</pin_list>
<bind>
<StgValue><ssdm name="data_V_data_2_V"/></StgValue>
</bind>
</comp>

<comp id="6" class="1000" name="res_V_data_0_V">
<pin_list>
<pin id="7" dir="1" index="0" bw="1" slack="0"/>
</pin_list>
<bind>
<StgValue><ssdm name="res_V_data_0_V"/></StgValue>
</bind>
</comp>

<comp id="8" class="1000" name="res_V_data_1_V">
<pin_list>
<pin id="9" dir="1" index="0" bw="1" slack="0"/>
</pin_list>
<bind>
<StgValue><ssdm name="res_V_data_1_V"/></StgValue>
</bind>
</comp>

<comp id="10" class="1000" name="res_V_data_2_V">
<pin_list>
<pin id="11" dir="1" index="0" bw="1" slack="0"/>
</pin_list>
<bind>
<StgValue><ssdm name="res_V_data_2_V"/></StgValue>
</bind>
</comp>

<comp id="12" class="1000" name="res_V_data_3_V">
<pin_list>
<pin id="13" dir="1" index="0" bw="1" slack="0"/>
</pin_list>
<bind>
<StgValue><ssdm name="res_V_data_3_V"/></StgValue>
</bind>
</comp>

<comp id="14" class="1000" name="res_V_data_4_V">
<pin_list>
<pin id="15" dir="1" index="0" bw="1" slack="0"/>
</pin_list>
<bind>
<StgValue><ssdm name="res_V_data_4_V"/></StgValue>
</bind>
</comp>

<comp id="16" class="1000" name="res_V_data_5_V">
<pin_list>
<pin id="17" dir="1" index="0" bw="1" slack="0"/>
</pin_list>
<bind>
<StgValue><ssdm name="res_V_data_5_V"/></StgValue>
</bind>
</comp>

<comp id="18" class="1000" name="res_V_data_6_V">
<pin_list>
<pin id="19" dir="1" index="0" bw="1" slack="0"/>
</pin_list>
<bind>
<StgValue><ssdm name="res_V_data_6_V"/></StgValue>
</bind>
</comp>

<comp id="20" class="1000" name="res_V_data_7_V">
<pin_list>
<pin id="21" dir="1" index="0" bw="1" slack="0"/>
</pin_list>
<bind>
<StgValue><ssdm name="res_V_data_7_V"/></StgValue>
</bind>
</comp>

<comp id="22" class="1000" name="res_V_data_8_V">
<pin_list>
<pin id="23" dir="1" index="0" bw="1" slack="0"/>
</pin_list>
<bind>
<StgValue><ssdm name="res_V_data_8_V"/></StgValue>
</bind>
</comp>

<comp id="24" class="1000" name="res_V_data_9_V">
<pin_list>
<pin id="25" dir="1" index="0" bw="1" slack="0"/>
</pin_list>
<bind>
<StgValue><ssdm name="res_V_data_9_V"/></StgValue>
</bind>
</comp>

<comp id="26" class="1000" name="res_V_data_10_V">
<pin_list>
<pin id="27" dir="1" index="0" bw="1" slack="0"/>
</pin_list>
<bind>
<StgValue><ssdm name="res_V_data_10_V"/></StgValue>
</bind>
</comp>

<comp id="28" class="1000" name="res_V_data_11_V">
<pin_list>
<pin id="29" dir="1" index="0" bw="1" slack="0"/>
</pin_list>
<bind>
<StgValue><ssdm name="res_V_data_11_V"/></StgValue>
</bind>
</comp>

<comp id="30" class="1000" name="res_V_data_12_V">
<pin_list>
<pin id="31" dir="1" index="0" bw="1" slack="0"/>
</pin_list>
<bind>
<StgValue><ssdm name="res_V_data_12_V"/></StgValue>
</bind>
</comp>

<comp id="32" class="1000" name="res_V_data_13_V">
<pin_list>
<pin id="33" dir="1" index="0" bw="1" slack="0"/>
</pin_list>
<bind>
<StgValue><ssdm name="res_V_data_13_V"/></StgValue>
</bind>
</comp>

<comp id="34" class="1000" name="res_V_data_14_V">
<pin_list>
<pin id="35" dir="1" index="0" bw="1" slack="0"/>
</pin_list>
<bind>
<StgValue><ssdm name="res_V_data_14_V"/></StgValue>
</bind>
</comp>

<comp id="36" class="1000" name="res_V_data_15_V">
<pin_list>
<pin id="37" dir="1" index="0" bw="1" slack="0"/>
</pin_list>
<bind>
<StgValue><ssdm name="res_V_data_15_V"/></StgValue>
</bind>
</comp>

<comp id="38" class="1000" name="res_V_data_16_V">
<pin_list>
<pin id="39" dir="1" index="0" bw="1" slack="0"/>
</pin_list>
<bind>
<StgValue><ssdm name="res_V_data_16_V"/></StgValue>
</bind>
</comp>

<comp id="40" class="1000" name="res_V_data_17_V">
<pin_list>
<pin id="41" dir="1" index="0" bw="1" slack="0"/>
</pin_list>
<bind>
<StgValue><ssdm name="res_V_data_17_V"/></StgValue>
</bind>
</comp>

<comp id="42" class="1000" name="res_V_data_18_V">
<pin_list>
<pin id="43" dir="1" index="0" bw="1" slack="0"/>
</pin_list>
<bind>
<StgValue><ssdm name="res_V_data_18_V"/></StgValue>
</bind>
</comp>

<comp id="44" class="1000" name="res_V_data_19_V">
<pin_list>
<pin id="45" dir="1" index="0" bw="1" slack="0"/>
</pin_list>
<bind>
<StgValue><ssdm name="res_V_data_19_V"/></StgValue>
</bind>
</comp>

<comp id="46" class="1000" name="res_V_data_20_V">
<pin_list>
<pin id="47" dir="1" index="0" bw="1" slack="0"/>
</pin_list>
<bind>
<StgValue><ssdm name="res_V_data_20_V"/></StgValue>
</bind>
</comp>

<comp id="48" class="1000" name="res_V_data_21_V">
<pin_list>
<pin id="49" dir="1" index="0" bw="1" slack="0"/>
</pin_list>
<bind>
<StgValue><ssdm name="res_V_data_21_V"/></StgValue>
</bind>
</comp>

<comp id="50" class="1000" name="res_V_data_22_V">
<pin_list>
<pin id="51" dir="1" index="0" bw="1" slack="0"/>
</pin_list>
<bind>
<StgValue><ssdm name="res_V_data_22_V"/></StgValue>
</bind>
</comp>

<comp id="52" class="1000" name="res_V_data_23_V">
<pin_list>
<pin id="53" dir="1" index="0" bw="1" slack="0"/>
</pin_list>
<bind>
<StgValue><ssdm name="res_V_data_23_V"/></StgValue>
</bind>
</comp>

<comp id="54" class="1000" name="res_V_data_24_V">
<pin_list>
<pin id="55" dir="1" index="0" bw="1" slack="0"/>
</pin_list>
<bind>
<StgValue><ssdm name="res_V_data_24_V"/></StgValue>
</bind>
</comp>

<comp id="56" class="1000" name="res_V_data_25_V">
<pin_list>
<pin id="57" dir="1" index="0" bw="1" slack="0"/>
</pin_list>
<bind>
<StgValue><ssdm name="res_V_data_25_V"/></StgValue>
</bind>
</comp>

<comp id="58" class="1000" name="res_V_data_26_V">
<pin_list>
<pin id="59" dir="1" index="0" bw="1" slack="0"/>
</pin_list>
<bind>
<StgValue><ssdm name="res_V_data_26_V"/></StgValue>
</bind>
</comp>

<comp id="60" class="1000" name="res_V_data_27_V">
<pin_list>
<pin id="61" dir="1" index="0" bw="1" slack="0"/>
</pin_list>
<bind>
<StgValue><ssdm name="res_V_data_27_V"/></StgValue>
</bind>
</comp>

<comp id="62" class="1000" name="res_V_data_28_V">
<pin_list>
<pin id="63" dir="1" index="0" bw="1" slack="0"/>
</pin_list>
<bind>
<StgValue><ssdm name="res_V_data_28_V"/></StgValue>
</bind>
</comp>

<comp id="64" class="1000" name="res_V_data_29_V">
<pin_list>
<pin id="65" dir="1" index="0" bw="1" slack="0"/>
</pin_list>
<bind>
<StgValue><ssdm name="res_V_data_29_V"/></StgValue>
</bind>
</comp>

<comp id="66" class="1000" name="res_V_data_30_V">
<pin_list>
<pin id="67" dir="1" index="0" bw="1" slack="0"/>
</pin_list>
<bind>
<StgValue><ssdm name="res_V_data_30_V"/></StgValue>
</bind>
</comp>

<comp id="68" class="1000" name="res_V_data_31_V">
<pin_list>
<pin id="69" dir="1" index="0" bw="1" slack="0"/>
</pin_list>
<bind>
<StgValue><ssdm name="res_V_data_31_V"/></StgValue>
</bind>
</comp>

<comp id="70" class="1000" name="kernel_data_V_2_7">
<pin_list>
<pin id="71" dir="1" index="0" bw="1" slack="0"/>
</pin_list>
<bind>
<StgValue><ssdm name="kernel_data_V_2_7"/></StgValue>
</bind>
</comp>

<comp id="72" class="1000" name="kernel_data_V_2_8">
<pin_list>
<pin id="73" dir="1" index="0" bw="1" slack="0"/>
</pin_list>
<bind>
<StgValue><ssdm name="kernel_data_V_2_8"/></StgValue>
</bind>
</comp>

<comp id="74" class="1000" name="kernel_data_V_2_16">
<pin_list>
<pin id="75" dir="1" index="0" bw="1" slack="0"/>
</pin_list>
<bind>
<StgValue><ssdm name="kernel_data_V_2_16"/></StgValue>
</bind>
</comp>

<comp id="76" class="1000" name="kernel_data_V_2_17">
<pin_list>
<pin id="77" dir="1" index="0" bw="1" slack="0"/>
</pin_list>
<bind>
<StgValue><ssdm name="kernel_data_V_2_17"/></StgValue>
</bind>
</comp>

<comp id="78" class="1000" name="kernel_data_V_2_25">
<pin_list>
<pin id="79" dir="1" index="0" bw="1" slack="0"/>
</pin_list>
<bind>
<StgValue><ssdm name="kernel_data_V_2_25"/></StgValue>
</bind>
</comp>

<comp id="80" class="1000" name="kernel_data_V_2_26">
<pin_list>
<pin id="81" dir="1" index="0" bw="1" slack="0"/>
</pin_list>
<bind>
<StgValue><ssdm name="kernel_data_V_2_26"/></StgValue>
</bind>
</comp>

<comp id="82" class="1000" name="kernel_data_V_2_15">
<pin_list>
<pin id="83" dir="1" index="0" bw="1" slack="0"/>
</pin_list>
<bind>
<StgValue><ssdm name="kernel_data_V_2_15"/></StgValue>
</bind>
</comp>

<comp id="84" class="1000" name="kernel_data_V_2_3">
<pin_list>
<pin id="85" dir="1" index="0" bw="1" slack="0"/>
</pin_list>
<bind>
<StgValue><ssdm name="kernel_data_V_2_3"/></StgValue>
</bind>
</comp>

<comp id="86" class="1000" name="kernel_data_V_2_6">
<pin_list>
<pin id="87" dir="1" index="0" bw="1" slack="0"/>
</pin_list>
<bind>
<StgValue><ssdm name="kernel_data_V_2_6"/></StgValue>
</bind>
</comp>

<comp id="88" class="1000" name="kernel_data_V_2_4">
<pin_list>
<pin id="89" dir="1" index="0" bw="1" slack="0"/>
</pin_list>
<bind>
<StgValue><ssdm name="kernel_data_V_2_4"/></StgValue>
</bind>
</comp>

<comp id="90" class="1000" name="kernel_data_V_2_5">
<pin_list>
<pin id="91" dir="1" index="0" bw="1" slack="0"/>
</pin_list>
<bind>
<StgValue><ssdm name="kernel_data_V_2_5"/></StgValue>
</bind>
</comp>

<comp id="92" class="1000" name="kernel_data_V_2_12">
<pin_list>
<pin id="93" dir="1" index="0" bw="1" slack="0"/>
</pin_list>
<bind>
<StgValue><ssdm name="kernel_data_V_2_12"/></StgValue>
</bind>
</comp>

<comp id="94" class="1000" name="kernel_data_V_2_13">
<pin_list>
<pin id="95" dir="1" index="0" bw="1" slack="0"/>
</pin_list>
<bind>
<StgValue><ssdm name="kernel_data_V_2_13"/></StgValue>
</bind>
</comp>

<comp id="96" class="1000" name="kernel_data_V_2_14">
<pin_list>
<pin id="97" dir="1" index="0" bw="1" slack="0"/>
</pin_list>
<bind>
<StgValue><ssdm name="kernel_data_V_2_14"/></StgValue>
</bind>
</comp>

<comp id="98" class="1000" name="kernel_data_V_2_21">
<pin_list>
<pin id="99" dir="1" index="0" bw="1" slack="0"/>
</pin_list>
<bind>
<StgValue><ssdm name="kernel_data_V_2_21"/></StgValue>
</bind>
</comp>

<comp id="100" class="1000" name="kernel_data_V_2_24">
<pin_list>
<pin id="101" dir="1" index="0" bw="1" slack="0"/>
</pin_list>
<bind>
<StgValue><ssdm name="kernel_data_V_2_24"/></StgValue>
</bind>
</comp>

<comp id="102" class="1000" name="kernel_data_V_2_22">
<pin_list>
<pin id="103" dir="1" index="0" bw="1" slack="0"/>
</pin_list>
<bind>
<StgValue><ssdm name="kernel_data_V_2_22"/></StgValue>
</bind>
</comp>

<comp id="104" class="1000" name="kernel_data_V_2_23">
<pin_list>
<pin id="105" dir="1" index="0" bw="1" slack="0"/>
</pin_list>
<bind>
<StgValue><ssdm name="kernel_data_V_2_23"/></StgValue>
</bind>
</comp>

<comp id="106" class="1000" name="sX">
<pin_list>
<pin id="107" dir="1" index="0" bw="1" slack="0"/>
</pin_list>
<bind>
<StgValue><ssdm name="sX"/></StgValue>
</bind>
</comp>

<comp id="108" class="1000" name="sY">
<pin_list>
<pin id="109" dir="1" index="0" bw="1" slack="0"/>
</pin_list>
<bind>
<StgValue><ssdm name="sY"/></StgValue>
</bind>
</comp>

<comp id="110" class="1000" name="pY">
<pin_list>
<pin id="111" dir="1" index="0" bw="1" slack="0"/>
</pin_list>
<bind>
<StgValue><ssdm name="pY"/></StgValue>
</bind>
</comp>

<comp id="112" class="1000" name="pX">
<pin_list>
<pin id="113" dir="1" index="0" bw="1" slack="0"/>
</pin_list>
<bind>
<StgValue><ssdm name="pX"/></StgValue>
</bind>
</comp>

<comp id="114" class="1000" name="outidx4">
<pin_list>
<pin id="115" dir="1" index="0" bw="1" slack="0"/>
</pin_list>
<bind>
<StgValue><ssdm name="outidx4"/><MemPortTyVec>1 </MemPortTyVec>
</StgValue>
</bind>
</comp>

<comp id="116" class="1000" name="kernel_data_V_2_0">
<pin_list>
<pin id="117" dir="1" index="0" bw="1" slack="0"/>
</pin_list>
<bind>
<StgValue><ssdm name="kernel_data_V_2_0"/></StgValue>
</bind>
</comp>

<comp id="118" class="1000" name="kernel_data_V_2_1">
<pin_list>
<pin id="119" dir="1" index="0" bw="1" slack="0"/>
</pin_list>
<bind>
<StgValue><ssdm name="kernel_data_V_2_1"/></StgValue>
</bind>
</comp>

<comp id="120" class="1000" name="kernel_data_V_2_2">
<pin_list>
<pin id="121" dir="1" index="0" bw="1" slack="0"/>
</pin_list>
<bind>
<StgValue><ssdm name="kernel_data_V_2_2"/></StgValue>
</bind>
</comp>

<comp id="122" class="1000" name="kernel_data_V_2_9">
<pin_list>
<pin id="123" dir="1" index="0" bw="1" slack="0"/>
</pin_list>
<bind>
<StgValue><ssdm name="kernel_data_V_2_9"/></StgValue>
</bind>
</comp>

<comp id="124" class="1000" name="kernel_data_V_2_10">
<pin_list>
<pin id="125" dir="1" index="0" bw="1" slack="0"/>
</pin_list>
<bind>
<StgValue><ssdm name="kernel_data_V_2_10"/></StgValue>
</bind>
</comp>

<comp id="126" class="1000" name="kernel_data_V_2_11">
<pin_list>
<pin id="127" dir="1" index="0" bw="1" slack="0"/>
</pin_list>
<bind>
<StgValue><ssdm name="kernel_data_V_2_11"/></StgValue>
</bind>
</comp>

<comp id="128" class="1000" name="kernel_data_V_2_18">
<pin_list>
<pin id="129" dir="1" index="0" bw="1" slack="0"/>
</pin_list>
<bind>
<StgValue><ssdm name="kernel_data_V_2_18"/></StgValue>
</bind>
</comp>

<comp id="130" class="1000" name="kernel_data_V_2_19">
<pin_list>
<pin id="131" dir="1" index="0" bw="1" slack="0"/>
</pin_list>
<bind>
<StgValue><ssdm name="kernel_data_V_2_19"/></StgValue>
</bind>
</comp>

<comp id="132" class="1000" name="kernel_data_V_2_20">
<pin_list>
<pin id="133" dir="1" index="0" bw="1" slack="0"/>
</pin_list>
<bind>
<StgValue><ssdm name="kernel_data_V_2_20"/></StgValue>
</bind>
</comp>

<comp id="134" class="1000" name="w2_V">
<pin_list>
<pin id="135" dir="1" index="0" bw="1" slack="0"/>
</pin_list>
<bind>
<StgValue><ssdm name="w2_V"/><MemPortTyVec>1 </MemPortTyVec>
</StgValue>
</bind>
</comp>

<comp id="136" class="1000" name="line_buffer_Array_V_2_0_0">
<pin_list>
<pin id="137" dir="1" index="0" bw="1" slack="2147483647"/>
</pin_list>
<bind>
<StgValue><ssdm name="line_buffer_Array_V_2_0_0"/><MemPortTyVec>2 </MemPortTyVec>
</StgValue>
</bind>
</comp>

<comp id="138" class="1000" name="line_buffer_Array_V_2_0_1">
<pin_list>
<pin id="139" dir="1" index="0" bw="1" slack="2147483647"/>
</pin_list>
<bind>
<StgValue><ssdm name="line_buffer_Array_V_2_0_1"/><MemPortTyVec>2 </MemPortTyVec>
</StgValue>
</bind>
</comp>

<comp id="140" class="1000" name="line_buffer_Array_V_2_0_2">
<pin_list>
<pin id="141" dir="1" index="0" bw="1" slack="2147483647"/>
</pin_list>
<bind>
<StgValue><ssdm name="line_buffer_Array_V_2_0_2"/><MemPortTyVec>2 </MemPortTyVec>
</StgValue>
</bind>
</comp>

<comp id="142" class="1000" name="line_buffer_Array_V_2_1_0">
<pin_list>
<pin id="143" dir="1" index="0" bw="1" slack="2147483647"/>
</pin_list>
<bind>
<StgValue><ssdm name="line_buffer_Array_V_2_1_0"/><MemPortTyVec>2 </MemPortTyVec>
</StgValue>
</bind>
</comp>

<comp id="144" class="1000" name="line_buffer_Array_V_2_1_1">
<pin_list>
<pin id="145" dir="1" index="0" bw="1" slack="2147483647"/>
</pin_list>
<bind>
<StgValue><ssdm name="line_buffer_Array_V_2_1_1"/><MemPortTyVec>2 </MemPortTyVec>
</StgValue>
</bind>
</comp>

<comp id="146" class="1000" name="line_buffer_Array_V_2_1_2">
<pin_list>
<pin id="147" dir="1" index="0" bw="1" slack="2147483647"/>
</pin_list>
<bind>
<StgValue><ssdm name="line_buffer_Array_V_2_1_2"/><MemPortTyVec>2 </MemPortTyVec>
</StgValue>
</bind>
</comp>

<comp id="148" class="1001" name="const_148">
<pin_list>
<pin id="149" dir="1" index="0" bw="1" slack="0"/>
</pin_list>
<bind>
<StgValue><ssdm name=""/></StgValue>
</bind>
</comp>

<comp id="150" class="1001" name="const_150">
<pin_list>
<pin id="151" dir="1" index="0" bw="1" slack="2147483647"/>
</pin_list>
<bind>
<StgValue><ssdm name="_ssdm_op_SpecInterface"/></StgValue>
</bind>
</comp>

<comp id="152" class="1001" name="const_152">
<pin_list>
<pin id="153" dir="1" index="0" bw="1" slack="2147483647"/>
</pin_list>
<bind>
<StgValue><ssdm name="ap_fifo_str"/></StgValue>
</bind>
</comp>

<comp id="154" class="1001" name="const_154">
<pin_list>
<pin id="155" dir="1" index="0" bw="1" slack="0"/>
</pin_list>
<bind>
<StgValue><ssdm name=""/></StgValue>
</bind>
</comp>

<comp id="156" class="1001" name="const_156">
<pin_list>
<pin id="157" dir="1" index="0" bw="1" slack="2147483647"/>
</pin_list>
<bind>
<StgValue><ssdm name="p_str"/></StgValue>
</bind>
</comp>

<comp id="158" class="1001" name="const_158">
<pin_list>
<pin id="159" dir="1" index="0" bw="1" slack="0"/>
</pin_list>
<bind>
<StgValue><ssdm name=""/></StgValue>
</bind>
</comp>

<comp id="160" class="1001" name="const_160">
<pin_list>
<pin id="161" dir="1" index="0" bw="1" slack="2147483647"/>
</pin_list>
<bind>
<StgValue><ssdm name=""/></StgValue>
</bind>
</comp>

<comp id="162" class="1001" name="const_162">
<pin_list>
<pin id="163" dir="1" index="0" bw="1" slack="1"/>
</pin_list>
<bind>
<StgValue><ssdm name=""/></StgValue>
</bind>
</comp>

<comp id="164" class="1001" name="const_164">
<pin_list>
<pin id="165" dir="1" index="0" bw="1" slack="2147483647"/>
</pin_list>
<bind>
<StgValue><ssdm name="_ssdm_op_SpecLoopName"/></StgValue>
</bind>
</comp>

<comp id="166" class="1001" name="const_166">
<pin_list>
<pin id="167" dir="1" index="0" bw="1" slack="2147483647"/>
</pin_list>
<bind>
<StgValue><ssdm name="ReadInputHeight_ReadInputWidth_str"/></StgValue>
</bind>
</comp>

<comp id="168" class="1001" name="const_168">
<pin_list>
<pin id="169" dir="1" index="0" bw="1" slack="2147483647"/>
</pin_list>
<bind>
<StgValue><ssdm name="_ssdm_op_SpecLoopTripCount"/></StgValue>
</bind>
</comp>

<comp id="170" class="1001" name="const_170">
<pin_list>
<pin id="171" dir="1" index="0" bw="1" slack="2147483647"/>
</pin_list>
<bind>
<StgValue><ssdm name=""/></StgValue>
</bind>
</comp>

<comp id="172" class="1001" name="const_172">
<pin_list>
<pin id="173" dir="1" index="0" bw="1" slack="2147483647"/>
</pin_list>
<bind>
<StgValue><ssdm name="p_str40"/></StgValue>
</bind>
</comp>

<comp id="174" class="1001" name="const_174">
<pin_list>
<pin id="175" dir="1" index="0" bw="1" slack="2147483647"/>
</pin_list>
<bind>
<StgValue><ssdm name="_ssdm_op_SpecRegionBegin"/></StgValue>
</bind>
</comp>

<comp id="176" class="1001" name="const_176">
<pin_list>
<pin id="177" dir="1" index="0" bw="1" slack="0"/>
</pin_list>
<bind>
<StgValue><ssdm name="_ssdm_op_Read.ap_fifo.volatile.i8P.i8P.i8P"/></StgValue>
</bind>
</comp>

<comp id="178" class="1001" name="const_178">
<pin_list>
<pin id="179" dir="1" index="0" bw="1" slack="0"/>
</pin_list>
<bind>
<StgValue><ssdm name=""/></StgValue>
</bind>
</comp>

<comp id="180" class="1001" name="const_180">
<pin_list>
<pin id="181" dir="1" index="0" bw="1" slack="0"/>
</pin_list>
<bind>
<StgValue><ssdm name=""/></StgValue>
</bind>
</comp>

<comp id="182" class="1001" name="const_182">
<pin_list>
<pin id="183" dir="1" index="0" bw="1" slack="0"/>
</pin_list>
<bind>
<StgValue><ssdm name=""/></StgValue>
</bind>
</comp>

<comp id="184" class="1001" name="const_184">
<pin_list>
<pin id="185" dir="1" index="0" bw="1" slack="2147483647"/>
</pin_list>
<bind>
<StgValue><ssdm name=""/></StgValue>
</bind>
</comp>

<comp id="186" class="1001" name="const_186">
<pin_list>
<pin id="187" dir="1" index="0" bw="1" slack="0"/>
</pin_list>
<bind>
<StgValue><ssdm name=""/></StgValue>
</bind>
</comp>

<comp id="188" class="1001" name="const_188">
<pin_list>
<pin id="189" dir="1" index="0" bw="1" slack="2147483647"/>
</pin_list>
<bind>
<StgValue><ssdm name="p_str44"/></StgValue>
</bind>
</comp>

<comp id="190" class="1001" name="const_190">
<pin_list>
<pin id="191" dir="1" index="0" bw="1" slack="0"/>
</pin_list>
<bind>
<StgValue><ssdm name="_ssdm_op_Mux.ap_auto.3i8.i2"/></StgValue>
</bind>
</comp>

<comp id="192" class="1001" name="const_192">
<pin_list>
<pin id="193" dir="1" index="0" bw="1" slack="0"/>
</pin_list>
<bind>
<StgValue><ssdm name="_ssdm_op_MemShiftRead.[32 x i8]P"/></StgValue>
</bind>
</comp>

<comp id="194" class="1001" name="const_194">
<pin_list>
<pin id="195" dir="1" index="0" bw="1" slack="0"/>
</pin_list>
<bind>
<StgValue><ssdm name=""/></StgValue>
</bind>
</comp>

<comp id="196" class="1001" name="const_196">
<pin_list>
<pin id="197" dir="1" index="0" bw="1" slack="0"/>
</pin_list>
<bind>
<StgValue><ssdm name=""/></StgValue>
</bind>
</comp>

<comp id="198" class="1001" name="const_198">
<pin_list>
<pin id="199" dir="1" index="0" bw="1" slack="0"/>
</pin_list>
<bind>
<StgValue><ssdm name=""/></StgValue>
</bind>
</comp>

<comp id="200" class="1001" name="const_200">
<pin_list>
<pin id="201" dir="1" index="0" bw="1" slack="0"/>
</pin_list>
<bind>
<StgValue><ssdm name=""/></StgValue>
</bind>
</comp>

<comp id="202" class="1001" name="const_202">
<pin_list>
<pin id="203" dir="1" index="0" bw="1" slack="0"/>
</pin_list>
<bind>
<StgValue><ssdm name=""/></StgValue>
</bind>
</comp>

<comp id="204" class="1001" name="const_204">
<pin_list>
<pin id="205" dir="1" index="0" bw="1" slack="0"/>
</pin_list>
<bind>
<StgValue><ssdm name=""/></StgValue>
</bind>
</comp>

<comp id="206" class="1001" name="const_206">
<pin_list>
<pin id="207" dir="1" index="0" bw="1" slack="0"/>
</pin_list>
<bind>
<StgValue><ssdm name=""/></StgValue>
</bind>
</comp>

<comp id="208" class="1001" name="const_208">
<pin_list>
<pin id="209" dir="1" index="0" bw="1" slack="0"/>
</pin_list>
<bind>
<StgValue><ssdm name=""/></StgValue>
</bind>
</comp>

<comp id="210" class="1001" name="const_210">
<pin_list>
<pin id="211" dir="1" index="0" bw="1" slack="2147483647"/>
</pin_list>
<bind>
<StgValue><ssdm name=""/></StgValue>
</bind>
</comp>

<comp id="212" class="1001" name="const_212">
<pin_list>
<pin id="213" dir="1" index="0" bw="1" slack="2147483647"/>
</pin_list>
<bind>
<StgValue><ssdm name="p_str46"/></StgValue>
</bind>
</comp>

<comp id="214" class="1001" name="const_214">
<pin_list>
<pin id="215" dir="1" index="0" bw="1" slack="2147483647"/>
</pin_list>
<bind>
<StgValue><ssdm name="_ssdm_op_SpecPipeline"/></StgValue>
</bind>
</comp>

<comp id="216" class="1001" name="const_216">
<pin_list>
<pin id="217" dir="1" index="0" bw="1" slack="2147483647"/>
</pin_list>
<bind>
<StgValue><ssdm name="p_str13"/></StgValue>
</bind>
</comp>

<comp id="218" class="1001" name="const_218">
<pin_list>
<pin id="219" dir="1" index="0" bw="1" slack="0"/>
</pin_list>
<bind>
<StgValue><ssdm name="_ssdm_op_BitConcatenate.i3.i1.i2"/></StgValue>
</bind>
</comp>

<comp id="220" class="1001" name="const_220">
<pin_list>
<pin id="221" dir="1" index="0" bw="1" slack="2147483647"/>
</pin_list>
<bind>
<StgValue><ssdm name=""/></StgValue>
</bind>
</comp>

<comp id="222" class="1001" name="const_222">
<pin_list>
<pin id="223" dir="1" index="0" bw="1" slack="2147483647"/>
</pin_list>
<bind>
<StgValue><ssdm name=""/></StgValue>
</bind>
</comp>

<comp id="224" class="1001" name="const_224">
<pin_list>
<pin id="225" dir="1" index="0" bw="1" slack="2147483647"/>
</pin_list>
<bind>
<StgValue><ssdm name=""/></StgValue>
</bind>
</comp>

<comp id="226" class="1001" name="const_226">
<pin_list>
<pin id="227" dir="1" index="0" bw="1" slack="2147483647"/>
</pin_list>
<bind>
<StgValue><ssdm name="_ssdm_op_SpecRegionEnd"/></StgValue>
</bind>
</comp>

<comp id="228" class="1001" name="const_228">
<pin_list>
<pin id="229" dir="1" index="0" bw="1" slack="2147483647"/>
</pin_list>
<bind>
<StgValue><ssdm name="p_str49"/></StgValue>
</bind>
</comp>

<comp id="230" class="1001" name="const_230">
<pin_list>
<pin id="231" dir="1" index="0" bw="1" slack="2147483647"/>
</pin_list>
<bind>
<StgValue><ssdm name="p_str50"/></StgValue>
</bind>
</comp>

<comp id="232" class="1001" name="const_232">
<pin_list>
<pin id="233" dir="1" index="0" bw="1" slack="0"/>
</pin_list>
<bind>
<StgValue><ssdm name="_ssdm_op_PartSelect.i31.i32.i32.i32"/></StgValue>
</bind>
</comp>

<comp id="234" class="1001" name="const_234">
<pin_list>
<pin id="235" dir="1" index="0" bw="1" slack="0"/>
</pin_list>
<bind>
<StgValue><ssdm name=""/></StgValue>
</bind>
</comp>

<comp id="236" class="1001" name="const_236">
<pin_list>
<pin id="237" dir="1" index="0" bw="1" slack="0"/>
</pin_list>
<bind>
<StgValue><ssdm name=""/></StgValue>
</bind>
</comp>

<comp id="238" class="1001" name="const_238">
<pin_list>
<pin id="239" dir="1" index="0" bw="1" slack="2147483647"/>
</pin_list>
<bind>
<StgValue><ssdm name="p_str64"/></StgValue>
</bind>
</comp>

<comp id="240" class="1001" name="const_240">
<pin_list>
<pin id="241" dir="1" index="0" bw="1" slack="0"/>
</pin_list>
<bind>
<StgValue><ssdm name=""/></StgValue>
</bind>
</comp>

<comp id="242" class="1001" name="const_242">
<pin_list>
<pin id="243" dir="1" index="0" bw="1" slack="0"/>
</pin_list>
<bind>
<StgValue><ssdm name=""/></StgValue>
</bind>
</comp>

<comp id="244" class="1001" name="const_244">
<pin_list>
<pin id="245" dir="1" index="0" bw="1" slack="2147483647"/>
</pin_list>
<bind>
<StgValue><ssdm name=""/></StgValue>
</bind>
</comp>

<comp id="246" class="1001" name="const_246">
<pin_list>
<pin id="247" dir="1" index="0" bw="1" slack="2147483647"/>
</pin_list>
<bind>
<StgValue><ssdm name=""/></StgValue>
</bind>
</comp>

<comp id="248" class="1001" name="const_248">
<pin_list>
<pin id="249" dir="1" index="0" bw="1" slack="2147483647"/>
</pin_list>
<bind>
<StgValue><ssdm name=""/></StgValue>
</bind>
</comp>

<comp id="250" class="1001" name="const_250">
<pin_list>
<pin id="251" dir="1" index="0" bw="1" slack="2147483647"/>
</pin_list>
<bind>
<StgValue><ssdm name=""/></StgValue>
</bind>
</comp>

<comp id="252" class="1001" name="const_252">
<pin_list>
<pin id="253" dir="1" index="0" bw="1" slack="2147483647"/>
</pin_list>
<bind>
<StgValue><ssdm name=""/></StgValue>
</bind>
</comp>

<comp id="254" class="1001" name="const_254">
<pin_list>
<pin id="255" dir="1" index="0" bw="1" slack="2147483647"/>
</pin_list>
<bind>
<StgValue><ssdm name=""/></StgValue>
</bind>
</comp>

<comp id="256" class="1001" name="const_256">
<pin_list>
<pin id="257" dir="1" index="0" bw="1" slack="2147483647"/>
</pin_list>
<bind>
<StgValue><ssdm name=""/></StgValue>
</bind>
</comp>

<comp id="258" class="1001" name="const_258">
<pin_list>
<pin id="259" dir="1" index="0" bw="1" slack="2147483647"/>
</pin_list>
<bind>
<StgValue><ssdm name=""/></StgValue>
</bind>
</comp>

<comp id="260" class="1001" name="const_260">
<pin_list>
<pin id="261" dir="1" index="0" bw="1" slack="2147483647"/>
</pin_list>
<bind>
<StgValue><ssdm name=""/></StgValue>
</bind>
</comp>

<comp id="262" class="1001" name="const_262">
<pin_list>
<pin id="263" dir="1" index="0" bw="1" slack="2147483647"/>
</pin_list>
<bind>
<StgValue><ssdm name=""/></StgValue>
</bind>
</comp>

<comp id="264" class="1001" name="const_264">
<pin_list>
<pin id="265" dir="1" index="0" bw="1" slack="2147483647"/>
</pin_list>
<bind>
<StgValue><ssdm name=""/></StgValue>
</bind>
</comp>

<comp id="266" class="1001" name="const_266">
<pin_list>
<pin id="267" dir="1" index="0" bw="1" slack="2147483647"/>
</pin_list>
<bind>
<StgValue><ssdm name=""/></StgValue>
</bind>
</comp>

<comp id="268" class="1001" name="const_268">
<pin_list>
<pin id="269" dir="1" index="0" bw="1" slack="2147483647"/>
</pin_list>
<bind>
<StgValue><ssdm name=""/></StgValue>
</bind>
</comp>

<comp id="270" class="1001" name="const_270">
<pin_list>
<pin id="271" dir="1" index="0" bw="1" slack="2147483647"/>
</pin_list>
<bind>
<StgValue><ssdm name=""/></StgValue>
</bind>
</comp>

<comp id="272" class="1001" name="const_272">
<pin_list>
<pin id="273" dir="1" index="0" bw="1" slack="2147483647"/>
</pin_list>
<bind>
<StgValue><ssdm name=""/></StgValue>
</bind>
</comp>

<comp id="274" class="1001" name="const_274">
<pin_list>
<pin id="275" dir="1" index="0" bw="1" slack="2147483647"/>
</pin_list>
<bind>
<StgValue><ssdm name=""/></StgValue>
</bind>
</comp>

<comp id="276" class="1001" name="const_276">
<pin_list>
<pin id="277" dir="1" index="0" bw="1" slack="2147483647"/>
</pin_list>
<bind>
<StgValue><ssdm name=""/></StgValue>
</bind>
</comp>

<comp id="278" class="1001" name="const_278">
<pin_list>
<pin id="279" dir="1" index="0" bw="1" slack="2147483647"/>
</pin_list>
<bind>
<StgValue><ssdm name=""/></StgValue>
</bind>
</comp>

<comp id="280" class="1001" name="const_280">
<pin_list>
<pin id="281" dir="1" index="0" bw="1" slack="2147483647"/>
</pin_list>
<bind>
<StgValue><ssdm name=""/></StgValue>
</bind>
</comp>

<comp id="282" class="1001" name="const_282">
<pin_list>
<pin id="283" dir="1" index="0" bw="1" slack="2147483647"/>
</pin_list>
<bind>
<StgValue><ssdm name=""/></StgValue>
</bind>
</comp>

<comp id="284" class="1001" name="const_284">
<pin_list>
<pin id="285" dir="1" index="0" bw="1" slack="2147483647"/>
</pin_list>
<bind>
<StgValue><ssdm name=""/></StgValue>
</bind>
</comp>

<comp id="286" class="1001" name="const_286">
<pin_list>
<pin id="287" dir="1" index="0" bw="1" slack="2147483647"/>
</pin_list>
<bind>
<StgValue><ssdm name=""/></StgValue>
</bind>
</comp>

<comp id="288" class="1001" name="const_288">
<pin_list>
<pin id="289" dir="1" index="0" bw="1" slack="2147483647"/>
</pin_list>
<bind>
<StgValue><ssdm name=""/></StgValue>
</bind>
</comp>

<comp id="290" class="1001" name="const_290">
<pin_list>
<pin id="291" dir="1" index="0" bw="1" slack="2147483647"/>
</pin_list>
<bind>
<StgValue><ssdm name=""/></StgValue>
</bind>
</comp>

<comp id="292" class="1001" name="const_292">
<pin_list>
<pin id="293" dir="1" index="0" bw="1" slack="2147483647"/>
</pin_list>
<bind>
<StgValue><ssdm name=""/></StgValue>
</bind>
</comp>

<comp id="294" class="1001" name="const_294">
<pin_list>
<pin id="295" dir="1" index="0" bw="1" slack="2147483647"/>
</pin_list>
<bind>
<StgValue><ssdm name=""/></StgValue>
</bind>
</comp>

<comp id="296" class="1001" name="const_296">
<pin_list>
<pin id="297" dir="1" index="0" bw="1" slack="0"/>
</pin_list>
<bind>
<StgValue><ssdm name=""/></StgValue>
</bind>
</comp>

<comp id="298" class="1001" name="const_298">
<pin_list>
<pin id="299" dir="1" index="0" bw="1" slack="3"/>
</pin_list>
<bind>
<StgValue><ssdm name=""/></StgValue>
</bind>
</comp>

<comp id="300" class="1001" name="const_300">
<pin_list>
<pin id="301" dir="1" index="0" bw="1" slack="3"/>
</pin_list>
<bind>
<StgValue><ssdm name=""/></StgValue>
</bind>
</comp>

<comp id="302" class="1001" name="const_302">
<pin_list>
<pin id="303" dir="1" index="0" bw="1" slack="3"/>
</pin_list>
<bind>
<StgValue><ssdm name=""/></StgValue>
</bind>
</comp>

<comp id="304" class="1001" name="const_304">
<pin_list>
<pin id="305" dir="1" index="0" bw="1" slack="3"/>
</pin_list>
<bind>
<StgValue><ssdm name=""/></StgValue>
</bind>
</comp>

<comp id="306" class="1001" name="const_306">
<pin_list>
<pin id="307" dir="1" index="0" bw="1" slack="3"/>
</pin_list>
<bind>
<StgValue><ssdm name=""/></StgValue>
</bind>
</comp>

<comp id="308" class="1001" name="const_308">
<pin_list>
<pin id="309" dir="1" index="0" bw="1" slack="3"/>
</pin_list>
<bind>
<StgValue><ssdm name=""/></StgValue>
</bind>
</comp>

<comp id="310" class="1001" name="const_310">
<pin_list>
<pin id="311" dir="1" index="0" bw="1" slack="3"/>
</pin_list>
<bind>
<StgValue><ssdm name=""/></StgValue>
</bind>
</comp>

<comp id="312" class="1001" name="const_312">
<pin_list>
<pin id="313" dir="1" index="0" bw="1" slack="3"/>
</pin_list>
<bind>
<StgValue><ssdm name=""/></StgValue>
</bind>
</comp>

<comp id="314" class="1001" name="const_314">
<pin_list>
<pin id="315" dir="1" index="0" bw="1" slack="3"/>
</pin_list>
<bind>
<StgValue><ssdm name=""/></StgValue>
</bind>
</comp>

<comp id="316" class="1001" name="const_316">
<pin_list>
<pin id="317" dir="1" index="0" bw="1" slack="3"/>
</pin_list>
<bind>
<StgValue><ssdm name=""/></StgValue>
</bind>
</comp>

<comp id="318" class="1001" name="const_318">
<pin_list>
<pin id="319" dir="1" index="0" bw="1" slack="3"/>
</pin_list>
<bind>
<StgValue><ssdm name=""/></StgValue>
</bind>
</comp>

<comp id="320" class="1001" name="const_320">
<pin_list>
<pin id="321" dir="1" index="0" bw="1" slack="3"/>
</pin_list>
<bind>
<StgValue><ssdm name=""/></StgValue>
</bind>
</comp>

<comp id="322" class="1001" name="const_322">
<pin_list>
<pin id="323" dir="1" index="0" bw="1" slack="3"/>
</pin_list>
<bind>
<StgValue><ssdm name=""/></StgValue>
</bind>
</comp>

<comp id="324" class="1001" name="const_324">
<pin_list>
<pin id="325" dir="1" index="0" bw="1" slack="3"/>
</pin_list>
<bind>
<StgValue><ssdm name=""/></StgValue>
</bind>
</comp>

<comp id="326" class="1001" name="const_326">
<pin_list>
<pin id="327" dir="1" index="0" bw="1" slack="3"/>
</pin_list>
<bind>
<StgValue><ssdm name=""/></StgValue>
</bind>
</comp>

<comp id="328" class="1001" name="const_328">
<pin_list>
<pin id="329" dir="1" index="0" bw="1" slack="3"/>
</pin_list>
<bind>
<StgValue><ssdm name=""/></StgValue>
</bind>
</comp>

<comp id="330" class="1001" name="const_330">
<pin_list>
<pin id="331" dir="1" index="0" bw="1" slack="3"/>
</pin_list>
<bind>
<StgValue><ssdm name=""/></StgValue>
</bind>
</comp>

<comp id="332" class="1001" name="const_332">
<pin_list>
<pin id="333" dir="1" index="0" bw="1" slack="3"/>
</pin_list>
<bind>
<StgValue><ssdm name=""/></StgValue>
</bind>
</comp>

<comp id="334" class="1001" name="const_334">
<pin_list>
<pin id="335" dir="1" index="0" bw="1" slack="3"/>
</pin_list>
<bind>
<StgValue><ssdm name=""/></StgValue>
</bind>
</comp>

<comp id="336" class="1001" name="const_336">
<pin_list>
<pin id="337" dir="1" index="0" bw="1" slack="3"/>
</pin_list>
<bind>
<StgValue><ssdm name=""/></StgValue>
</bind>
</comp>

<comp id="338" class="1001" name="const_338">
<pin_list>
<pin id="339" dir="1" index="0" bw="1" slack="3"/>
</pin_list>
<bind>
<StgValue><ssdm name=""/></StgValue>
</bind>
</comp>

<comp id="340" class="1001" name="const_340">
<pin_list>
<pin id="341" dir="1" index="0" bw="1" slack="3"/>
</pin_list>
<bind>
<StgValue><ssdm name=""/></StgValue>
</bind>
</comp>

<comp id="342" class="1001" name="const_342">
<pin_list>
<pin id="343" dir="1" index="0" bw="1" slack="3"/>
</pin_list>
<bind>
<StgValue><ssdm name=""/></StgValue>
</bind>
</comp>

<comp id="344" class="1001" name="const_344">
<pin_list>
<pin id="345" dir="1" index="0" bw="1" slack="3"/>
</pin_list>
<bind>
<StgValue><ssdm name=""/></StgValue>
</bind>
</comp>

<comp id="346" class="1001" name="const_346">
<pin_list>
<pin id="347" dir="1" index="0" bw="1" slack="3"/>
</pin_list>
<bind>
<StgValue><ssdm name=""/></StgValue>
</bind>
</comp>

<comp id="348" class="1001" name="const_348">
<pin_list>
<pin id="349" dir="1" index="0" bw="1" slack="3"/>
</pin_list>
<bind>
<StgValue><ssdm name=""/></StgValue>
</bind>
</comp>

<comp id="350" class="1001" name="const_350">
<pin_list>
<pin id="351" dir="1" index="0" bw="1" slack="3"/>
</pin_list>
<bind>
<StgValue><ssdm name=""/></StgValue>
</bind>
</comp>

<comp id="352" class="1001" name="const_352">
<pin_list>
<pin id="353" dir="1" index="0" bw="1" slack="3"/>
</pin_list>
<bind>
<StgValue><ssdm name=""/></StgValue>
</bind>
</comp>

<comp id="354" class="1001" name="const_354">
<pin_list>
<pin id="355" dir="1" index="0" bw="1" slack="3"/>
</pin_list>
<bind>
<StgValue><ssdm name=""/></StgValue>
</bind>
</comp>

<comp id="356" class="1001" name="const_356">
<pin_list>
<pin id="357" dir="1" index="0" bw="1" slack="3"/>
</pin_list>
<bind>
<StgValue><ssdm name=""/></StgValue>
</bind>
</comp>

<comp id="358" class="1001" name="const_358">
<pin_list>
<pin id="359" dir="1" index="0" bw="1" slack="2147483647"/>
</pin_list>
<bind>
<StgValue><ssdm name="p_str34"/></StgValue>
</bind>
</comp>

<comp id="360" class="1001" name="const_360">
<pin_list>
<pin id="361" dir="1" index="0" bw="1" slack="0"/>
</pin_list>
<bind>
<StgValue><ssdm name="_ssdm_op_PartSelect.i9.i16.i32.i32"/></StgValue>
</bind>
</comp>

<comp id="362" class="1001" name="const_362">
<pin_list>
<pin id="363" dir="1" index="0" bw="1" slack="0"/>
</pin_list>
<bind>
<StgValue><ssdm name=""/></StgValue>
</bind>
</comp>

<comp id="364" class="1001" name="const_364">
<pin_list>
<pin id="365" dir="1" index="0" bw="1" slack="0"/>
</pin_list>
<bind>
<StgValue><ssdm name=""/></StgValue>
</bind>
</comp>

<comp id="366" class="1001" name="const_366">
<pin_list>
<pin id="367" dir="1" index="0" bw="1" slack="0"/>
</pin_list>
<bind>
<StgValue><ssdm name="_ssdm_op_Mux.ap_auto.32i14.i5"/></StgValue>
</bind>
</comp>

<comp id="368" class="1001" name="const_368">
<pin_list>
<pin id="369" dir="1" index="0" bw="1" slack="2147483647"/>
</pin_list>
<bind>
<StgValue><ssdm name=""/></StgValue>
</bind>
</comp>

<comp id="370" class="1001" name="const_370">
<pin_list>
<pin id="371" dir="1" index="0" bw="1" slack="2147483647"/>
</pin_list>
<bind>
<StgValue><ssdm name=""/></StgValue>
</bind>
</comp>

<comp id="372" class="1001" name="const_372">
<pin_list>
<pin id="373" dir="1" index="0" bw="1" slack="2147483647"/>
</pin_list>
<bind>
<StgValue><ssdm name=""/></StgValue>
</bind>
</comp>

<comp id="374" class="1001" name="const_374">
<pin_list>
<pin id="375" dir="1" index="0" bw="1" slack="2147483647"/>
</pin_list>
<bind>
<StgValue><ssdm name=""/></StgValue>
</bind>
</comp>

<comp id="376" class="1001" name="const_376">
<pin_list>
<pin id="377" dir="1" index="0" bw="1" slack="2147483647"/>
</pin_list>
<bind>
<StgValue><ssdm name=""/></StgValue>
</bind>
</comp>

<comp id="378" class="1001" name="const_378">
<pin_list>
<pin id="379" dir="1" index="0" bw="1" slack="2147483647"/>
</pin_list>
<bind>
<StgValue><ssdm name=""/></StgValue>
</bind>
</comp>

<comp id="380" class="1001" name="const_380">
<pin_list>
<pin id="381" dir="1" index="0" bw="1" slack="0"/>
</pin_list>
<bind>
<StgValue><ssdm name="_ssdm_op_Write.ap_fifo.volatile.i14P.i14P.i14P.i14P.i14P.i14P.i14P.i14P.i14P.i14P.i14P.i14P.i14P.i14P.i14P.i14P.i14P.i14P.i14P.i14P.i14P.i14P.i14P.i14P.i14P.i14P.i14P.i14P.i14P.i14P.i14P.i14P"/></StgValue>
</bind>
</comp>

<comp id="382" class="1001" name="const_382">
<pin_list>
<pin id="383" dir="1" index="0" bw="1" slack="0"/>
</pin_list>
<bind>
<StgValue><ssdm name=""/></StgValue>
</bind>
</comp>

<comp id="384" class="1001" name="const_384">
<pin_list>
<pin id="385" dir="1" index="0" bw="1" slack="0"/>
</pin_list>
<bind>
<StgValue><ssdm name=""/></StgValue>
</bind>
</comp>

<comp id="386" class="1004" name="shift_buffer_1_2_V_fu_386">
<pin_list>
<pin id="387" dir="0" index="0" bw="1" slack="0"/>
<pin id="388" dir="1" index="1" bw="8" slack="3"/>
</pin_list>
<bind>
<opcode="alloca(26) " fcode="alloca"/>
<opset="shift_buffer_1_2_V/1 "/>
</bind>
</comp>

<comp id="390" class="1004" name="shift_buffer_1_2_V_1_fu_390">
<pin_list>
<pin id="391" dir="0" index="0" bw="1" slack="0"/>
<pin id="392" dir="1" index="1" bw="8" slack="3"/>
</pin_list>
<bind>
<opcode="alloca(26) " fcode="alloca"/>
<opset="shift_buffer_1_2_V_1/1 "/>
</bind>
</comp>

<comp id="394" class="1004" name="shift_buffer_1_2_V_2_fu_394">
<pin_list>
<pin id="395" dir="0" index="0" bw="1" slack="0"/>
<pin id="396" dir="1" index="1" bw="8" slack="3"/>
</pin_list>
<bind>
<opcode="alloca(26) " fcode="alloca"/>
<opset="shift_buffer_1_2_V_2/1 "/>
</bind>
</comp>

<comp id="398" class="1004" name="shift_buffer_0_2_V_fu_398">
<pin_list>
<pin id="399" dir="0" index="0" bw="1" slack="0"/>
<pin id="400" dir="1" index="1" bw="8" slack="4"/>
</pin_list>
<bind>
<opcode="alloca(26) " fcode="alloca"/>
<opset="shift_buffer_0_2_V/1 "/>
</bind>
</comp>

<comp id="402" class="1004" name="shift_buffer_0_2_V_1_fu_402">
<pin_list>
<pin id="403" dir="0" index="0" bw="1" slack="0"/>
<pin id="404" dir="1" index="1" bw="8" slack="4"/>
</pin_list>
<bind>
<opcode="alloca(26) " fcode="alloca"/>
<opset="shift_buffer_0_2_V_1/1 "/>
</bind>
</comp>

<comp id="406" class="1004" name="shift_buffer_0_2_V_2_fu_406">
<pin_list>
<pin id="407" dir="0" index="0" bw="1" slack="0"/>
<pin id="408" dir="1" index="1" bw="8" slack="4"/>
</pin_list>
<bind>
<opcode="alloca(26) " fcode="alloca"/>
<opset="shift_buffer_0_2_V_2/1 "/>
</bind>
</comp>

<comp id="410" class="1004" name="empty_339_read_fu_410">
<pin_list>
<pin id="411" dir="0" index="0" bw="24" slack="0"/>
<pin id="412" dir="0" index="1" bw="8" slack="0"/>
<pin id="413" dir="0" index="2" bw="8" slack="0"/>
<pin id="414" dir="0" index="3" bw="8" slack="0"/>
<pin id="415" dir="1" index="4" bw="24" slack="0"/>
</pin_list>
<bind>
<opcode="read(1150) " fcode="read"/>
<opset="empty_339/2 "/>
</bind>
</comp>

<comp id="420" class="1004" name="write_ln309_write_fu_420">
<pin_list>
<pin id="421" dir="0" index="0" bw="0" slack="0"/>
<pin id="422" dir="0" index="1" bw="14" slack="0"/>
<pin id="423" dir="0" index="2" bw="14" slack="0"/>
<pin id="424" dir="0" index="3" bw="14" slack="0"/>
<pin id="425" dir="0" index="4" bw="14" slack="0"/>
<pin id="426" dir="0" index="5" bw="14" slack="0"/>
<pin id="427" dir="0" index="6" bw="14" slack="0"/>
<pin id="428" dir="0" index="7" bw="14" slack="0"/>
<pin id="429" dir="0" index="8" bw="14" slack="0"/>
<pin id="430" dir="0" index="9" bw="14" slack="0"/>
<pin id="431" dir="0" index="10" bw="14" slack="0"/>
<pin id="432" dir="0" index="11" bw="14" slack="0"/>
<pin id="433" dir="0" index="12" bw="14" slack="0"/>
<pin id="434" dir="0" index="13" bw="14" slack="0"/>
<pin id="435" dir="0" index="14" bw="14" slack="0"/>
<pin id="436" dir="0" index="15" bw="14" slack="0"/>
<pin id="437" dir="0" index="16" bw="14" slack="0"/>
<pin id="438" dir="0" index="17" bw="14" slack="0"/>
<pin id="439" dir="0" index="18" bw="14" slack="0"/>
<pin id="440" dir="0" index="19" bw="14" slack="0"/>
<pin id="441" dir="0" index="20" bw="14" slack="0"/>
<pin id="442" dir="0" index="21" bw="14" slack="0"/>
<pin id="443" dir="0" index="22" bw="14" slack="0"/>
<pin id="444" dir="0" index="23" bw="14" slack="0"/>
<pin id="445" dir="0" index="24" bw="14" slack="0"/>
<pin id="446" dir="0" index="25" bw="14" slack="0"/>
<pin id="447" dir="0" index="26" bw="14" slack="0"/>
<pin id="448" dir="0" index="27" bw="14" slack="0"/>
<pin id="449" dir="0" index="28" bw="14" slack="0"/>
<pin id="450" dir="0" index="29" bw="14" slack="0"/>
<pin id="451" dir="0" index="30" bw="14" slack="0"/>
<pin id="452" dir="0" index="31" bw="14" slack="0"/>
<pin id="453" dir="0" index="32" bw="14" slack="0"/>
<pin id="454" dir="0" index="33" bw="14" slack="1"/>
<pin id="455" dir="0" index="34" bw="14" slack="1"/>
<pin id="456" dir="0" index="35" bw="14" slack="1"/>
<pin id="457" dir="0" index="36" bw="14" slack="1"/>
<pin id="458" dir="0" index="37" bw="14" slack="1"/>
<pin id="459" dir="0" index="38" bw="14" slack="1"/>
<pin id="460" dir="0" index="39" bw="14" slack="1"/>
<pin id="461" dir="0" index="40" bw="14" slack="1"/>
<pin id="462" dir="0" index="41" bw="14" slack="1"/>
<pin id="463" dir="0" index="42" bw="14" slack="1"/>
<pin id="464" dir="0" index="43" bw="14" slack="1"/>
<pin id="465" dir="0" index="44" bw="14" slack="1"/>
<pin id="466" dir="0" index="45" bw="14" slack="1"/>
<pin id="467" dir="0" index="46" bw="14" slack="1"/>
<pin id="468" dir="0" index="47" bw="14" slack="1"/>
<pin id="469" dir="0" index="48" bw="14" slack="1"/>
<pin id="470" dir="0" index="49" bw="14" slack="1"/>
<pin id="471" dir="0" index="50" bw="14" slack="1"/>
<pin id="472" dir="0" index="51" bw="14" slack="1"/>
<pin id="473" dir="0" index="52" bw="14" slack="1"/>
<pin id="474" dir="0" index="53" bw="14" slack="1"/>
<pin id="475" dir="0" index="54" bw="14" slack="1"/>
<pin id="476" dir="0" index="55" bw="14" slack="1"/>
<pin id="477" dir="0" index="56" bw="14" slack="1"/>
<pin id="478" dir="0" index="57" bw="14" slack="1"/>
<pin id="479" dir="0" index="58" bw="14" slack="1"/>
<pin id="480" dir="0" index="59" bw="14" slack="1"/>
<pin id="481" dir="0" index="60" bw="14" slack="1"/>
<pin id="482" dir="0" index="61" bw="14" slack="1"/>
<pin id="483" dir="0" index="62" bw="14" slack="1"/>
<pin id="484" dir="0" index="63" bw="14" slack="1"/>
<pin id="485" dir="0" index="64" bw="14" slack="1"/>
<pin id="486" dir="1" index="65" bw="0" slack="2147483647"/>
</pin_list>
<bind>
<opcode="write(1151) " fcode="write"/>
<opset="write_ln309/15 "/>
</bind>
</comp>

<comp id="520" class="1004" name="outidx4_addr_gep_fu_520">
<pin_list>
<pin id="521" dir="0" index="0" bw="5" slack="0"/>
<pin id="522" dir="0" index="1" bw="1" slack="0"/>
<pin id="523" dir="0" index="2" bw="10" slack="0"/>
<pin id="524" dir="1" index="3" bw="10" slack="0"/>
</pin_list>
<bind>
<opcode="getelementptr(29) " fcode="getelementptr"/>
<opset="outidx4_addr/12 "/>
</bind>
</comp>

<comp id="527" class="1004" name="grp_access_fu_527">
<pin_list>
<pin id="528" dir="0" index="0" bw="10" slack="0"/>
<pin id="529" dir="0" index="1" bw="5" slack="2147483647"/>
<pin id="530" dir="0" index="2" bw="0" slack="2147483647"/>
<pin id="531" dir="1" index="3" bw="5" slack="1"/>
</pin_list>
<bind>
<opcode="load(27) " fcode="load"/>
<opset="out_index/12 "/>
</bind>
</comp>

<comp id="533" class="1004" name="w2_V_addr_gep_fu_533">
<pin_list>
<pin id="534" dir="0" index="0" bw="8" slack="0"/>
<pin id="535" dir="0" index="1" bw="1" slack="0"/>
<pin id="536" dir="0" index="2" bw="10" slack="0"/>
<pin id="537" dir="1" index="3" bw="10" slack="0"/>
</pin_list>
<bind>
<opcode="getelementptr(29) " fcode="getelementptr"/>
<opset="w2_V_addr/12 "/>
</bind>
</comp>

<comp id="540" class="1004" name="grp_access_fu_540">
<pin_list>
<pin id="541" dir="0" index="0" bw="10" slack="0"/>
<pin id="542" dir="0" index="1" bw="8" slack="2147483647"/>
<pin id="543" dir="0" index="2" bw="0" slack="2147483647"/>
<pin id="544" dir="1" index="3" bw="8" slack="1"/>
</pin_list>
<bind>
<opcode="load(27) " fcode="load"/>
<opset="w2_V_load/12 "/>
</bind>
</comp>

<comp id="546" class="1005" name="indvar_flatten166_reg_546">
<pin_list>
<pin id="547" dir="0" index="0" bw="10" slack="1"/>
<pin id="548" dir="1" index="1" bw="10" slack="1"/>
</pin_list>
<bind>
<opset="indvar_flatten166 (phireg) "/>
</bind>
</comp>

<comp id="550" class="1004" name="indvar_flatten166_phi_fu_550">
<pin_list>
<pin id="551" dir="0" index="0" bw="1" slack="1"/>
<pin id="552" dir="0" index="1" bw="0" slack="2147483647"/>
<pin id="553" dir="0" index="2" bw="10" slack="0"/>
<pin id="554" dir="0" index="3" bw="0" slack="2147483647"/>
<pin id="555" dir="1" index="4" bw="10" slack="0"/>
</pin_list>
<bind>
<opcode="phi(47) " fcode="phi"/>
<opset="indvar_flatten166/2 "/>
</bind>
</comp>

<comp id="558" class="1005" name="i_ic4_0_i_i_i_reg_558">
<pin_list>
<pin id="559" dir="0" index="0" bw="2" slack="1"/>
<pin id="560" dir="1" index="1" bw="2" slack="1"/>
</pin_list>
<bind>
<opset="i_ic4_0_i_i_i (phireg) "/>
</bind>
</comp>

<comp id="562" class="1004" name="i_ic4_0_i_i_i_phi_fu_562">
<pin_list>
<pin id="563" dir="0" index="0" bw="1" slack="1"/>
<pin id="564" dir="0" index="1" bw="0" slack="2147483647"/>
<pin id="565" dir="0" index="2" bw="2" slack="0"/>
<pin id="566" dir="0" index="3" bw="0" slack="2147483647"/>
<pin id="567" dir="1" index="4" bw="2" slack="0"/>
</pin_list>
<bind>
<opcode="phi(47) " fcode="phi"/>
<opset="i_ic4_0_i_i_i/3 "/>
</bind>
</comp>

<comp id="570" class="1005" name="shift_buffer_1_0_V_reg_570">
<pin_list>
<pin id="571" dir="0" index="0" bw="8" slack="2147483647"/>
<pin id="572" dir="1" index="1" bw="8" slack="2147483647"/>
</pin_list>
<bind>
<opset="shift_buffer_1_0_V (phireg) "/>
</bind>
</comp>

<comp id="573" class="1004" name="shift_buffer_1_0_V_phi_fu_573">
<pin_list>
<pin id="574" dir="0" index="0" bw="8" slack="1"/>
<pin id="575" dir="0" index="1" bw="0" slack="2147483647"/>
<pin id="576" dir="0" index="2" bw="8" slack="1"/>
<pin id="577" dir="0" index="3" bw="0" slack="2147483647"/>
<pin id="578" dir="0" index="4" bw="8" slack="1"/>
<pin id="579" dir="0" index="5" bw="0" slack="2147483647"/>
<pin id="580" dir="1" index="6" bw="8" slack="0"/>
</pin_list>
<bind>
<opcode="phi(47) " fcode="phi"/>
<opset="shift_buffer_1_0_V/4 "/>
</bind>
</comp>

<comp id="581" class="1005" name="shift_buffer_0_0_V_reg_581">
<pin_list>
<pin id="582" dir="0" index="0" bw="8" slack="2147483647"/>
<pin id="583" dir="1" index="1" bw="8" slack="2147483647"/>
</pin_list>
<bind>
<opset="shift_buffer_0_0_V (phireg) "/>
</bind>
</comp>

<comp id="584" class="1004" name="shift_buffer_0_0_V_phi_fu_584">
<pin_list>
<pin id="585" dir="0" index="0" bw="8" slack="1"/>
<pin id="586" dir="0" index="1" bw="0" slack="2147483647"/>
<pin id="587" dir="0" index="2" bw="8" slack="1"/>
<pin id="588" dir="0" index="3" bw="0" slack="2147483647"/>
<pin id="589" dir="0" index="4" bw="8" slack="1"/>
<pin id="590" dir="0" index="5" bw="0" slack="2147483647"/>
<pin id="591" dir="1" index="6" bw="8" slack="0"/>
</pin_list>
<bind>
<opcode="phi(47) " fcode="phi"/>
<opset="shift_buffer_0_0_V/5 "/>
</bind>
</comp>

<comp id="592" class="1005" name="i_iw_0_i_i_i_i_reg_592">
<pin_list>
<pin id="593" dir="0" index="0" bw="2" slack="1"/>
<pin id="594" dir="1" index="1" bw="2" slack="1"/>
</pin_list>
<bind>
<opset="i_iw_0_i_i_i_i (phireg) "/>
</bind>
</comp>

<comp id="596" class="1004" name="i_iw_0_i_i_i_i_phi_fu_596">
<pin_list>
<pin id="597" dir="0" index="0" bw="2" slack="0"/>
<pin id="598" dir="0" index="1" bw="0" slack="2147483647"/>
<pin id="599" dir="0" index="2" bw="1" slack="1"/>
<pin id="600" dir="0" index="3" bw="0" slack="2147483647"/>
<pin id="601" dir="1" index="4" bw="2" slack="0"/>
</pin_list>
<bind>
<opcode="phi(47) " fcode="phi"/>
<opset="i_iw_0_i_i_i_i/6 "/>
</bind>
</comp>

<comp id="603" class="1005" name="i_ic2_0_i_i_i_i_0_reg_603">
<pin_list>
<pin id="604" dir="0" index="0" bw="2" slack="1"/>
<pin id="605" dir="1" index="1" bw="2" slack="1"/>
</pin_list>
<bind>
<opset="i_ic2_0_i_i_i_i_0 (phireg) "/>
</bind>
</comp>

<comp id="607" class="1004" name="i_ic2_0_i_i_i_i_0_phi_fu_607">
<pin_list>
<pin id="608" dir="0" index="0" bw="1" slack="1"/>
<pin id="609" dir="0" index="1" bw="0" slack="2147483647"/>
<pin id="610" dir="0" index="2" bw="2" slack="0"/>
<pin id="611" dir="0" index="3" bw="0" slack="2147483647"/>
<pin id="612" dir="1" index="4" bw="2" slack="0"/>
</pin_list>
<bind>
<opcode="phi(47) " fcode="phi"/>
<opset="i_ic2_0_i_i_i_i_0/9 "/>
</bind>
</comp>

<comp id="614" class="1005" name="i_ic2_0_i_i_i_i_1_reg_614">
<pin_list>
<pin id="615" dir="0" index="0" bw="2" slack="1"/>
<pin id="616" dir="1" index="1" bw="2" slack="1"/>
</pin_list>
<bind>
<opset="i_ic2_0_i_i_i_i_1 (phireg) "/>
</bind>
</comp>

<comp id="618" class="1004" name="i_ic2_0_i_i_i_i_1_phi_fu_618">
<pin_list>
<pin id="619" dir="0" index="0" bw="1" slack="1"/>
<pin id="620" dir="0" index="1" bw="0" slack="2147483647"/>
<pin id="621" dir="0" index="2" bw="2" slack="0"/>
<pin id="622" dir="0" index="3" bw="0" slack="2147483647"/>
<pin id="623" dir="1" index="4" bw="2" slack="0"/>
</pin_list>
<bind>
<opcode="phi(47) " fcode="phi"/>
<opset="i_ic2_0_i_i_i_i_1/10 "/>
</bind>
</comp>

<comp id="625" class="1005" name="i_ic2_0_i_i_i_i_2_reg_625">
<pin_list>
<pin id="626" dir="0" index="0" bw="2" slack="1"/>
<pin id="627" dir="1" index="1" bw="2" slack="1"/>
</pin_list>
<bind>
<opset="i_ic2_0_i_i_i_i_2 (phireg) "/>
</bind>
</comp>

<comp id="629" class="1004" name="i_ic2_0_i_i_i_i_2_phi_fu_629">
<pin_list>
<pin id="630" dir="0" index="0" bw="1" slack="1"/>
<pin id="631" dir="0" index="1" bw="0" slack="2147483647"/>
<pin id="632" dir="0" index="2" bw="2" slack="0"/>
<pin id="633" dir="0" index="3" bw="0" slack="2147483647"/>
<pin id="634" dir="1" index="4" bw="2" slack="0"/>
</pin_list>
<bind>
<opcode="phi(47) " fcode="phi"/>
<opset="i_ic2_0_i_i_i_i_2/11 "/>
</bind>
</comp>

<comp id="636" class="1005" name="w_index165_reg_636">
<pin_list>
<pin id="637" dir="0" index="0" bw="10" slack="1"/>
<pin id="638" dir="1" index="1" bw="10" slack="1"/>
</pin_list>
<bind>
<opset="w_index165 (phireg) "/>
</bind>
</comp>

<comp id="640" class="1004" name="w_index165_phi_fu_640">
<pin_list>
<pin id="641" dir="0" index="0" bw="1" slack="1"/>
<pin id="642" dir="0" index="1" bw="0" slack="2147483647"/>
<pin id="643" dir="0" index="2" bw="10" slack="0"/>
<pin id="644" dir="0" index="3" bw="0" slack="2147483647"/>
<pin id="645" dir="1" index="4" bw="10" slack="0"/>
</pin_list>
<bind>
<opcode="phi(47) " fcode="phi"/>
<opset="w_index165/12 "/>
</bind>
</comp>

<comp id="647" class="1005" name="in_index_0_i_i_i_i164_reg_647">
<pin_list>
<pin id="648" dir="0" index="0" bw="32" slack="2"/>
<pin id="649" dir="1" index="1" bw="32" slack="2"/>
</pin_list>
<bind>
<opset="in_index_0_i_i_i_i164 (phireg) "/>
</bind>
</comp>

<comp id="651" class="1004" name="in_index_0_i_i_i_i164_phi_fu_651">
<pin_list>
<pin id="652" dir="0" index="0" bw="1" slack="2"/>
<pin id="653" dir="0" index="1" bw="0" slack="2147483647"/>
<pin id="654" dir="0" index="2" bw="32" slack="0"/>
<pin id="655" dir="0" index="3" bw="0" slack="2147483647"/>
<pin id="656" dir="1" index="4" bw="32" slack="0"/>
</pin_list>
<bind>
<opcode="phi(47) " fcode="phi"/>
<opset="in_index_0_i_i_i_i164/13 "/>
</bind>
</comp>

<comp id="658" class="1005" name="tmp_data_0_V_15163_reg_658">
<pin_list>
<pin id="659" dir="0" index="0" bw="14" slack="3"/>
<pin id="660" dir="1" index="1" bw="14" slack="3"/>
</pin_list>
<bind>
<opset="tmp_data_0_V_15163 (phireg) "/>
</bind>
</comp>

<comp id="662" class="1004" name="tmp_data_0_V_15163_phi_fu_662">
<pin_list>
<pin id="663" dir="0" index="0" bw="5" slack="3"/>
<pin id="664" dir="0" index="1" bw="0" slack="2147483647"/>
<pin id="665" dir="0" index="2" bw="14" slack="0"/>
<pin id="666" dir="0" index="3" bw="0" slack="2147483647"/>
<pin id="667" dir="1" index="4" bw="14" slack="0"/>
</pin_list>
<bind>
<opcode="phi(47) " fcode="phi"/>
<opset="tmp_data_0_V_15163/14 "/>
</bind>
</comp>

<comp id="669" class="1005" name="tmp_data_1_V_15161_reg_669">
<pin_list>
<pin id="670" dir="0" index="0" bw="14" slack="3"/>
<pin id="671" dir="1" index="1" bw="14" slack="3"/>
</pin_list>
<bind>
<opset="tmp_data_1_V_15161 (phireg) "/>
</bind>
</comp>

<comp id="673" class="1004" name="tmp_data_1_V_15161_phi_fu_673">
<pin_list>
<pin id="674" dir="0" index="0" bw="9" slack="3"/>
<pin id="675" dir="0" index="1" bw="0" slack="2147483647"/>
<pin id="676" dir="0" index="2" bw="14" slack="0"/>
<pin id="677" dir="0" index="3" bw="0" slack="2147483647"/>
<pin id="678" dir="1" index="4" bw="14" slack="0"/>
</pin_list>
<bind>
<opcode="phi(47) " fcode="phi"/>
<opset="tmp_data_1_V_15161/14 "/>
</bind>
</comp>

<comp id="680" class="1005" name="tmp_data_2_V_15159_reg_680">
<pin_list>
<pin id="681" dir="0" index="0" bw="14" slack="3"/>
<pin id="682" dir="1" index="1" bw="14" slack="3"/>
</pin_list>
<bind>
<opset="tmp_data_2_V_15159 (phireg) "/>
</bind>
</comp>

<comp id="684" class="1004" name="tmp_data_2_V_15159_phi_fu_684">
<pin_list>
<pin id="685" dir="0" index="0" bw="9" slack="3"/>
<pin id="686" dir="0" index="1" bw="0" slack="2147483647"/>
<pin id="687" dir="0" index="2" bw="14" slack="0"/>
<pin id="688" dir="0" index="3" bw="0" slack="2147483647"/>
<pin id="689" dir="1" index="4" bw="14" slack="0"/>
</pin_list>
<bind>
<opcode="phi(47) " fcode="phi"/>
<opset="tmp_data_2_V_15159/14 "/>
</bind>
</comp>

<comp id="691" class="1005" name="tmp_data_3_V_15157_reg_691">
<pin_list>
<pin id="692" dir="0" index="0" bw="14" slack="3"/>
<pin id="693" dir="1" index="1" bw="14" slack="3"/>
</pin_list>
<bind>
<opset="tmp_data_3_V_15157 (phireg) "/>
</bind>
</comp>

<comp id="695" class="1004" name="tmp_data_3_V_15157_phi_fu_695">
<pin_list>
<pin id="696" dir="0" index="0" bw="8" slack="3"/>
<pin id="697" dir="0" index="1" bw="0" slack="2147483647"/>
<pin id="698" dir="0" index="2" bw="14" slack="0"/>
<pin id="699" dir="0" index="3" bw="0" slack="2147483647"/>
<pin id="700" dir="1" index="4" bw="14" slack="0"/>
</pin_list>
<bind>
<opcode="phi(47) " fcode="phi"/>
<opset="tmp_data_3_V_15157/14 "/>
</bind>
</comp>

<comp id="702" class="1005" name="tmp_data_4_V_15155_reg_702">
<pin_list>
<pin id="703" dir="0" index="0" bw="14" slack="3"/>
<pin id="704" dir="1" index="1" bw="14" slack="3"/>
</pin_list>
<bind>
<opset="tmp_data_4_V_15155 (phireg) "/>
</bind>
</comp>

<comp id="706" class="1004" name="tmp_data_4_V_15155_phi_fu_706">
<pin_list>
<pin id="707" dir="0" index="0" bw="7" slack="3"/>
<pin id="708" dir="0" index="1" bw="0" slack="2147483647"/>
<pin id="709" dir="0" index="2" bw="14" slack="0"/>
<pin id="710" dir="0" index="3" bw="0" slack="2147483647"/>
<pin id="711" dir="1" index="4" bw="14" slack="0"/>
</pin_list>
<bind>
<opcode="phi(47) " fcode="phi"/>
<opset="tmp_data_4_V_15155/14 "/>
</bind>
</comp>

<comp id="713" class="1005" name="tmp_data_5_V_15153_reg_713">
<pin_list>
<pin id="714" dir="0" index="0" bw="14" slack="3"/>
<pin id="715" dir="1" index="1" bw="14" slack="3"/>
</pin_list>
<bind>
<opset="tmp_data_5_V_15153 (phireg) "/>
</bind>
</comp>

<comp id="717" class="1004" name="tmp_data_5_V_15153_phi_fu_717">
<pin_list>
<pin id="718" dir="0" index="0" bw="8" slack="3"/>
<pin id="719" dir="0" index="1" bw="0" slack="2147483647"/>
<pin id="720" dir="0" index="2" bw="14" slack="0"/>
<pin id="721" dir="0" index="3" bw="0" slack="2147483647"/>
<pin id="722" dir="1" index="4" bw="14" slack="0"/>
</pin_list>
<bind>
<opcode="phi(47) " fcode="phi"/>
<opset="tmp_data_5_V_15153/14 "/>
</bind>
</comp>

<comp id="724" class="1005" name="tmp_data_6_V_15151_reg_724">
<pin_list>
<pin id="725" dir="0" index="0" bw="14" slack="3"/>
<pin id="726" dir="1" index="1" bw="14" slack="3"/>
</pin_list>
<bind>
<opset="tmp_data_6_V_15151 (phireg) "/>
</bind>
</comp>

<comp id="728" class="1004" name="tmp_data_6_V_15151_phi_fu_728">
<pin_list>
<pin id="729" dir="0" index="0" bw="8" slack="3"/>
<pin id="730" dir="0" index="1" bw="0" slack="2147483647"/>
<pin id="731" dir="0" index="2" bw="14" slack="0"/>
<pin id="732" dir="0" index="3" bw="0" slack="2147483647"/>
<pin id="733" dir="1" index="4" bw="14" slack="0"/>
</pin_list>
<bind>
<opcode="phi(47) " fcode="phi"/>
<opset="tmp_data_6_V_15151/14 "/>
</bind>
</comp>

<comp id="735" class="1005" name="tmp_data_7_V_15149_reg_735">
<pin_list>
<pin id="736" dir="0" index="0" bw="14" slack="3"/>
<pin id="737" dir="1" index="1" bw="14" slack="3"/>
</pin_list>
<bind>
<opset="tmp_data_7_V_15149 (phireg) "/>
</bind>
</comp>

<comp id="739" class="1004" name="tmp_data_7_V_15149_phi_fu_739">
<pin_list>
<pin id="740" dir="0" index="0" bw="8" slack="3"/>
<pin id="741" dir="0" index="1" bw="0" slack="2147483647"/>
<pin id="742" dir="0" index="2" bw="14" slack="0"/>
<pin id="743" dir="0" index="3" bw="0" slack="2147483647"/>
<pin id="744" dir="1" index="4" bw="14" slack="0"/>
</pin_list>
<bind>
<opcode="phi(47) " fcode="phi"/>
<opset="tmp_data_7_V_15149/14 "/>
</bind>
</comp>

<comp id="746" class="1005" name="tmp_data_8_V_15147_reg_746">
<pin_list>
<pin id="747" dir="0" index="0" bw="14" slack="3"/>
<pin id="748" dir="1" index="1" bw="14" slack="3"/>
</pin_list>
<bind>
<opset="tmp_data_8_V_15147 (phireg) "/>
</bind>
</comp>

<comp id="750" class="1004" name="tmp_data_8_V_15147_phi_fu_750">
<pin_list>
<pin id="751" dir="0" index="0" bw="8" slack="3"/>
<pin id="752" dir="0" index="1" bw="0" slack="2147483647"/>
<pin id="753" dir="0" index="2" bw="14" slack="0"/>
<pin id="754" dir="0" index="3" bw="0" slack="2147483647"/>
<pin id="755" dir="1" index="4" bw="14" slack="0"/>
</pin_list>
<bind>
<opcode="phi(47) " fcode="phi"/>
<opset="tmp_data_8_V_15147/14 "/>
</bind>
</comp>

<comp id="757" class="1005" name="tmp_data_9_V_15145_reg_757">
<pin_list>
<pin id="758" dir="0" index="0" bw="14" slack="3"/>
<pin id="759" dir="1" index="1" bw="14" slack="3"/>
</pin_list>
<bind>
<opset="tmp_data_9_V_15145 (phireg) "/>
</bind>
</comp>

<comp id="761" class="1004" name="tmp_data_9_V_15145_phi_fu_761">
<pin_list>
<pin id="762" dir="0" index="0" bw="8" slack="3"/>
<pin id="763" dir="0" index="1" bw="0" slack="2147483647"/>
<pin id="764" dir="0" index="2" bw="14" slack="0"/>
<pin id="765" dir="0" index="3" bw="0" slack="2147483647"/>
<pin id="766" dir="1" index="4" bw="14" slack="0"/>
</pin_list>
<bind>
<opcode="phi(47) " fcode="phi"/>
<opset="tmp_data_9_V_15145/14 "/>
</bind>
</comp>

<comp id="768" class="1005" name="tmp_data_10_V_13143_reg_768">
<pin_list>
<pin id="769" dir="0" index="0" bw="14" slack="3"/>
<pin id="770" dir="1" index="1" bw="14" slack="3"/>
</pin_list>
<bind>
<opset="tmp_data_10_V_13143 (phireg) "/>
</bind>
</comp>

<comp id="772" class="1004" name="tmp_data_10_V_13143_phi_fu_772">
<pin_list>
<pin id="773" dir="0" index="0" bw="7" slack="3"/>
<pin id="774" dir="0" index="1" bw="0" slack="2147483647"/>
<pin id="775" dir="0" index="2" bw="14" slack="0"/>
<pin id="776" dir="0" index="3" bw="0" slack="2147483647"/>
<pin id="777" dir="1" index="4" bw="14" slack="0"/>
</pin_list>
<bind>
<opcode="phi(47) " fcode="phi"/>
<opset="tmp_data_10_V_13143/14 "/>
</bind>
</comp>

<comp id="779" class="1005" name="tmp_data_11_V_13141_reg_779">
<pin_list>
<pin id="780" dir="0" index="0" bw="14" slack="3"/>
<pin id="781" dir="1" index="1" bw="14" slack="3"/>
</pin_list>
<bind>
<opset="tmp_data_11_V_13141 (phireg) "/>
</bind>
</comp>

<comp id="783" class="1004" name="tmp_data_11_V_13141_phi_fu_783">
<pin_list>
<pin id="784" dir="0" index="0" bw="9" slack="3"/>
<pin id="785" dir="0" index="1" bw="0" slack="2147483647"/>
<pin id="786" dir="0" index="2" bw="14" slack="0"/>
<pin id="787" dir="0" index="3" bw="0" slack="2147483647"/>
<pin id="788" dir="1" index="4" bw="14" slack="0"/>
</pin_list>
<bind>
<opcode="phi(47) " fcode="phi"/>
<opset="tmp_data_11_V_13141/14 "/>
</bind>
</comp>

<comp id="790" class="1005" name="tmp_data_12_V_13139_reg_790">
<pin_list>
<pin id="791" dir="0" index="0" bw="14" slack="3"/>
<pin id="792" dir="1" index="1" bw="14" slack="3"/>
</pin_list>
<bind>
<opset="tmp_data_12_V_13139 (phireg) "/>
</bind>
</comp>

<comp id="794" class="1004" name="tmp_data_12_V_13139_phi_fu_794">
<pin_list>
<pin id="795" dir="0" index="0" bw="8" slack="3"/>
<pin id="796" dir="0" index="1" bw="0" slack="2147483647"/>
<pin id="797" dir="0" index="2" bw="14" slack="0"/>
<pin id="798" dir="0" index="3" bw="0" slack="2147483647"/>
<pin id="799" dir="1" index="4" bw="14" slack="0"/>
</pin_list>
<bind>
<opcode="phi(47) " fcode="phi"/>
<opset="tmp_data_12_V_13139/14 "/>
</bind>
</comp>

<comp id="801" class="1005" name="tmp_data_13_V_13137_reg_801">
<pin_list>
<pin id="802" dir="0" index="0" bw="14" slack="3"/>
<pin id="803" dir="1" index="1" bw="14" slack="3"/>
</pin_list>
<bind>
<opset="tmp_data_13_V_13137 (phireg) "/>
</bind>
</comp>

<comp id="805" class="1004" name="tmp_data_13_V_13137_phi_fu_805">
<pin_list>
<pin id="806" dir="0" index="0" bw="7" slack="3"/>
<pin id="807" dir="0" index="1" bw="0" slack="2147483647"/>
<pin id="808" dir="0" index="2" bw="14" slack="0"/>
<pin id="809" dir="0" index="3" bw="0" slack="2147483647"/>
<pin id="810" dir="1" index="4" bw="14" slack="0"/>
</pin_list>
<bind>
<opcode="phi(47) " fcode="phi"/>
<opset="tmp_data_13_V_13137/14 "/>
</bind>
</comp>

<comp id="812" class="1005" name="tmp_data_14_V_13135_reg_812">
<pin_list>
<pin id="813" dir="0" index="0" bw="14" slack="3"/>
<pin id="814" dir="1" index="1" bw="14" slack="3"/>
</pin_list>
<bind>
<opset="tmp_data_14_V_13135 (phireg) "/>
</bind>
</comp>

<comp id="816" class="1004" name="tmp_data_14_V_13135_phi_fu_816">
<pin_list>
<pin id="817" dir="0" index="0" bw="7" slack="3"/>
<pin id="818" dir="0" index="1" bw="0" slack="2147483647"/>
<pin id="819" dir="0" index="2" bw="14" slack="0"/>
<pin id="820" dir="0" index="3" bw="0" slack="2147483647"/>
<pin id="821" dir="1" index="4" bw="14" slack="0"/>
</pin_list>
<bind>
<opcode="phi(47) " fcode="phi"/>
<opset="tmp_data_14_V_13135/14 "/>
</bind>
</comp>

<comp id="823" class="1005" name="tmp_data_15_V_13133_reg_823">
<pin_list>
<pin id="824" dir="0" index="0" bw="14" slack="3"/>
<pin id="825" dir="1" index="1" bw="14" slack="3"/>
</pin_list>
<bind>
<opset="tmp_data_15_V_13133 (phireg) "/>
</bind>
</comp>

<comp id="827" class="1004" name="tmp_data_15_V_13133_phi_fu_827">
<pin_list>
<pin id="828" dir="0" index="0" bw="4" slack="3"/>
<pin id="829" dir="0" index="1" bw="0" slack="2147483647"/>
<pin id="830" dir="0" index="2" bw="14" slack="0"/>
<pin id="831" dir="0" index="3" bw="0" slack="2147483647"/>
<pin id="832" dir="1" index="4" bw="14" slack="0"/>
</pin_list>
<bind>
<opcode="phi(47) " fcode="phi"/>
<opset="tmp_data_15_V_13133/14 "/>
</bind>
</comp>

<comp id="834" class="1005" name="tmp_data_16_V_13131_reg_834">
<pin_list>
<pin id="835" dir="0" index="0" bw="14" slack="3"/>
<pin id="836" dir="1" index="1" bw="14" slack="3"/>
</pin_list>
<bind>
<opset="tmp_data_16_V_13131 (phireg) "/>
</bind>
</comp>

<comp id="838" class="1004" name="tmp_data_16_V_13131_phi_fu_838">
<pin_list>
<pin id="839" dir="0" index="0" bw="6" slack="3"/>
<pin id="840" dir="0" index="1" bw="0" slack="2147483647"/>
<pin id="841" dir="0" index="2" bw="14" slack="0"/>
<pin id="842" dir="0" index="3" bw="0" slack="2147483647"/>
<pin id="843" dir="1" index="4" bw="14" slack="0"/>
</pin_list>
<bind>
<opcode="phi(47) " fcode="phi"/>
<opset="tmp_data_16_V_13131/14 "/>
</bind>
</comp>

<comp id="845" class="1005" name="tmp_data_17_V_13129_reg_845">
<pin_list>
<pin id="846" dir="0" index="0" bw="14" slack="3"/>
<pin id="847" dir="1" index="1" bw="14" slack="3"/>
</pin_list>
<bind>
<opset="tmp_data_17_V_13129 (phireg) "/>
</bind>
</comp>

<comp id="849" class="1004" name="tmp_data_17_V_13129_phi_fu_849">
<pin_list>
<pin id="850" dir="0" index="0" bw="8" slack="3"/>
<pin id="851" dir="0" index="1" bw="0" slack="2147483647"/>
<pin id="852" dir="0" index="2" bw="14" slack="0"/>
<pin id="853" dir="0" index="3" bw="0" slack="2147483647"/>
<pin id="854" dir="1" index="4" bw="14" slack="0"/>
</pin_list>
<bind>
<opcode="phi(47) " fcode="phi"/>
<opset="tmp_data_17_V_13129/14 "/>
</bind>
</comp>

<comp id="856" class="1005" name="tmp_data_18_V_13127_reg_856">
<pin_list>
<pin id="857" dir="0" index="0" bw="14" slack="3"/>
<pin id="858" dir="1" index="1" bw="14" slack="3"/>
</pin_list>
<bind>
<opset="tmp_data_18_V_13127 (phireg) "/>
</bind>
</comp>

<comp id="860" class="1004" name="tmp_data_18_V_13127_phi_fu_860">
<pin_list>
<pin id="861" dir="0" index="0" bw="3" slack="3"/>
<pin id="862" dir="0" index="1" bw="0" slack="2147483647"/>
<pin id="863" dir="0" index="2" bw="14" slack="0"/>
<pin id="864" dir="0" index="3" bw="0" slack="2147483647"/>
<pin id="865" dir="1" index="4" bw="14" slack="0"/>
</pin_list>
<bind>
<opcode="phi(47) " fcode="phi"/>
<opset="tmp_data_18_V_13127/14 "/>
</bind>
</comp>

<comp id="867" class="1005" name="tmp_data_19_V_13125_reg_867">
<pin_list>
<pin id="868" dir="0" index="0" bw="14" slack="3"/>
<pin id="869" dir="1" index="1" bw="14" slack="3"/>
</pin_list>
<bind>
<opset="tmp_data_19_V_13125 (phireg) "/>
</bind>
</comp>

<comp id="871" class="1004" name="tmp_data_19_V_13125_phi_fu_871">
<pin_list>
<pin id="872" dir="0" index="0" bw="8" slack="3"/>
<pin id="873" dir="0" index="1" bw="0" slack="2147483647"/>
<pin id="874" dir="0" index="2" bw="14" slack="0"/>
<pin id="875" dir="0" index="3" bw="0" slack="2147483647"/>
<pin id="876" dir="1" index="4" bw="14" slack="0"/>
</pin_list>
<bind>
<opcode="phi(47) " fcode="phi"/>
<opset="tmp_data_19_V_13125/14 "/>
</bind>
</comp>

<comp id="878" class="1005" name="tmp_data_20_V_13123_reg_878">
<pin_list>
<pin id="879" dir="0" index="0" bw="14" slack="3"/>
<pin id="880" dir="1" index="1" bw="14" slack="3"/>
</pin_list>
<bind>
<opset="tmp_data_20_V_13123 (phireg) "/>
</bind>
</comp>

<comp id="882" class="1004" name="tmp_data_20_V_13123_phi_fu_882">
<pin_list>
<pin id="883" dir="0" index="0" bw="4" slack="3"/>
<pin id="884" dir="0" index="1" bw="0" slack="2147483647"/>
<pin id="885" dir="0" index="2" bw="14" slack="0"/>
<pin id="886" dir="0" index="3" bw="0" slack="2147483647"/>
<pin id="887" dir="1" index="4" bw="14" slack="0"/>
</pin_list>
<bind>
<opcode="phi(47) " fcode="phi"/>
<opset="tmp_data_20_V_13123/14 "/>
</bind>
</comp>

<comp id="889" class="1005" name="tmp_data_21_V_13121_reg_889">
<pin_list>
<pin id="890" dir="0" index="0" bw="14" slack="3"/>
<pin id="891" dir="1" index="1" bw="14" slack="3"/>
</pin_list>
<bind>
<opset="tmp_data_21_V_13121 (phireg) "/>
</bind>
</comp>

<comp id="893" class="1004" name="tmp_data_21_V_13121_phi_fu_893">
<pin_list>
<pin id="894" dir="0" index="0" bw="9" slack="3"/>
<pin id="895" dir="0" index="1" bw="0" slack="2147483647"/>
<pin id="896" dir="0" index="2" bw="14" slack="0"/>
<pin id="897" dir="0" index="3" bw="0" slack="2147483647"/>
<pin id="898" dir="1" index="4" bw="14" slack="0"/>
</pin_list>
<bind>
<opcode="phi(47) " fcode="phi"/>
<opset="tmp_data_21_V_13121/14 "/>
</bind>
</comp>

<comp id="900" class="1005" name="tmp_data_22_V_13119_reg_900">
<pin_list>
<pin id="901" dir="0" index="0" bw="14" slack="3"/>
<pin id="902" dir="1" index="1" bw="14" slack="3"/>
</pin_list>
<bind>
<opset="tmp_data_22_V_13119 (phireg) "/>
</bind>
</comp>

<comp id="904" class="1004" name="tmp_data_22_V_13119_phi_fu_904">
<pin_list>
<pin id="905" dir="0" index="0" bw="7" slack="3"/>
<pin id="906" dir="0" index="1" bw="0" slack="2147483647"/>
<pin id="907" dir="0" index="2" bw="14" slack="0"/>
<pin id="908" dir="0" index="3" bw="0" slack="2147483647"/>
<pin id="909" dir="1" index="4" bw="14" slack="0"/>
</pin_list>
<bind>
<opcode="phi(47) " fcode="phi"/>
<opset="tmp_data_22_V_13119/14 "/>
</bind>
</comp>

<comp id="911" class="1005" name="tmp_data_23_V_13117_reg_911">
<pin_list>
<pin id="912" dir="0" index="0" bw="14" slack="3"/>
<pin id="913" dir="1" index="1" bw="14" slack="3"/>
</pin_list>
<bind>
<opset="tmp_data_23_V_13117 (phireg) "/>
</bind>
</comp>

<comp id="915" class="1004" name="tmp_data_23_V_13117_phi_fu_915">
<pin_list>
<pin id="916" dir="0" index="0" bw="7" slack="3"/>
<pin id="917" dir="0" index="1" bw="0" slack="2147483647"/>
<pin id="918" dir="0" index="2" bw="14" slack="0"/>
<pin id="919" dir="0" index="3" bw="0" slack="2147483647"/>
<pin id="920" dir="1" index="4" bw="14" slack="0"/>
</pin_list>
<bind>
<opcode="phi(47) " fcode="phi"/>
<opset="tmp_data_23_V_13117/14 "/>
</bind>
</comp>

<comp id="922" class="1005" name="tmp_data_24_V_13115_reg_922">
<pin_list>
<pin id="923" dir="0" index="0" bw="14" slack="3"/>
<pin id="924" dir="1" index="1" bw="14" slack="3"/>
</pin_list>
<bind>
<opset="tmp_data_24_V_13115 (phireg) "/>
</bind>
</comp>

<comp id="926" class="1004" name="tmp_data_24_V_13115_phi_fu_926">
<pin_list>
<pin id="927" dir="0" index="0" bw="8" slack="3"/>
<pin id="928" dir="0" index="1" bw="0" slack="2147483647"/>
<pin id="929" dir="0" index="2" bw="14" slack="0"/>
<pin id="930" dir="0" index="3" bw="0" slack="2147483647"/>
<pin id="931" dir="1" index="4" bw="14" slack="0"/>
</pin_list>
<bind>
<opcode="phi(47) " fcode="phi"/>
<opset="tmp_data_24_V_13115/14 "/>
</bind>
</comp>

<comp id="933" class="1005" name="tmp_data_25_V_13113_reg_933">
<pin_list>
<pin id="934" dir="0" index="0" bw="14" slack="3"/>
<pin id="935" dir="1" index="1" bw="14" slack="3"/>
</pin_list>
<bind>
<opset="tmp_data_25_V_13113 (phireg) "/>
</bind>
</comp>

<comp id="937" class="1004" name="tmp_data_25_V_13113_phi_fu_937">
<pin_list>
<pin id="938" dir="0" index="0" bw="7" slack="3"/>
<pin id="939" dir="0" index="1" bw="0" slack="2147483647"/>
<pin id="940" dir="0" index="2" bw="14" slack="0"/>
<pin id="941" dir="0" index="3" bw="0" slack="2147483647"/>
<pin id="942" dir="1" index="4" bw="14" slack="0"/>
</pin_list>
<bind>
<opcode="phi(47) " fcode="phi"/>
<opset="tmp_data_25_V_13113/14 "/>
</bind>
</comp>

<comp id="944" class="1005" name="tmp_data_26_V_13111_reg_944">
<pin_list>
<pin id="945" dir="0" index="0" bw="14" slack="3"/>
<pin id="946" dir="1" index="1" bw="14" slack="3"/>
</pin_list>
<bind>
<opset="tmp_data_26_V_13111 (phireg) "/>
</bind>
</comp>

<comp id="948" class="1004" name="tmp_data_26_V_13111_phi_fu_948">
<pin_list>
<pin id="949" dir="0" index="0" bw="6" slack="3"/>
<pin id="950" dir="0" index="1" bw="0" slack="2147483647"/>
<pin id="951" dir="0" index="2" bw="14" slack="0"/>
<pin id="952" dir="0" index="3" bw="0" slack="2147483647"/>
<pin id="953" dir="1" index="4" bw="14" slack="0"/>
</pin_list>
<bind>
<opcode="phi(47) " fcode="phi"/>
<opset="tmp_data_26_V_13111/14 "/>
</bind>
</comp>

<comp id="955" class="1005" name="tmp_data_27_V_13109_reg_955">
<pin_list>
<pin id="956" dir="0" index="0" bw="14" slack="3"/>
<pin id="957" dir="1" index="1" bw="14" slack="3"/>
</pin_list>
<bind>
<opset="tmp_data_27_V_13109 (phireg) "/>
</bind>
</comp>

<comp id="959" class="1004" name="tmp_data_27_V_13109_phi_fu_959">
<pin_list>
<pin id="960" dir="0" index="0" bw="8" slack="3"/>
<pin id="961" dir="0" index="1" bw="0" slack="2147483647"/>
<pin id="962" dir="0" index="2" bw="14" slack="0"/>
<pin id="963" dir="0" index="3" bw="0" slack="2147483647"/>
<pin id="964" dir="1" index="4" bw="14" slack="0"/>
</pin_list>
<bind>
<opcode="phi(47) " fcode="phi"/>
<opset="tmp_data_27_V_13109/14 "/>
</bind>
</comp>

<comp id="966" class="1005" name="tmp_data_28_V_13107_reg_966">
<pin_list>
<pin id="967" dir="0" index="0" bw="14" slack="3"/>
<pin id="968" dir="1" index="1" bw="14" slack="3"/>
</pin_list>
<bind>
<opset="tmp_data_28_V_13107 (phireg) "/>
</bind>
</comp>

<comp id="970" class="1004" name="tmp_data_28_V_13107_phi_fu_970">
<pin_list>
<pin id="971" dir="0" index="0" bw="9" slack="3"/>
<pin id="972" dir="0" index="1" bw="0" slack="2147483647"/>
<pin id="973" dir="0" index="2" bw="14" slack="0"/>
<pin id="974" dir="0" index="3" bw="0" slack="2147483647"/>
<pin id="975" dir="1" index="4" bw="14" slack="0"/>
</pin_list>
<bind>
<opcode="phi(47) " fcode="phi"/>
<opset="tmp_data_28_V_13107/14 "/>
</bind>
</comp>

<comp id="977" class="1005" name="tmp_data_29_V_13105_reg_977">
<pin_list>
<pin id="978" dir="0" index="0" bw="14" slack="3"/>
<pin id="979" dir="1" index="1" bw="14" slack="3"/>
</pin_list>
<bind>
<opset="tmp_data_29_V_13105 (phireg) "/>
</bind>
</comp>

<comp id="981" class="1004" name="tmp_data_29_V_13105_phi_fu_981">
<pin_list>
<pin id="982" dir="0" index="0" bw="6" slack="3"/>
<pin id="983" dir="0" index="1" bw="0" slack="2147483647"/>
<pin id="984" dir="0" index="2" bw="14" slack="0"/>
<pin id="985" dir="0" index="3" bw="0" slack="2147483647"/>
<pin id="986" dir="1" index="4" bw="14" slack="0"/>
</pin_list>
<bind>
<opcode="phi(47) " fcode="phi"/>
<opset="tmp_data_29_V_13105/14 "/>
</bind>
</comp>

<comp id="988" class="1005" name="tmp_data_30_V_13103_reg_988">
<pin_list>
<pin id="989" dir="0" index="0" bw="14" slack="3"/>
<pin id="990" dir="1" index="1" bw="14" slack="3"/>
</pin_list>
<bind>
<opset="tmp_data_30_V_13103 (phireg) "/>
</bind>
</comp>

<comp id="992" class="1004" name="tmp_data_30_V_13103_phi_fu_992">
<pin_list>
<pin id="993" dir="0" index="0" bw="9" slack="3"/>
<pin id="994" dir="0" index="1" bw="0" slack="2147483647"/>
<pin id="995" dir="0" index="2" bw="14" slack="0"/>
<pin id="996" dir="0" index="3" bw="0" slack="2147483647"/>
<pin id="997" dir="1" index="4" bw="14" slack="0"/>
</pin_list>
<bind>
<opcode="phi(47) " fcode="phi"/>
<opset="tmp_data_30_V_13103/14 "/>
</bind>
</comp>

<comp id="999" class="1005" name="tmp_data_31_V_13101_reg_999">
<pin_list>
<pin id="1000" dir="0" index="0" bw="14" slack="3"/>
<pin id="1001" dir="1" index="1" bw="14" slack="3"/>
</pin_list>
<bind>
<opset="tmp_data_31_V_13101 (phireg) "/>
</bind>
</comp>

<comp id="1003" class="1004" name="tmp_data_31_V_13101_phi_fu_1003">
<pin_list>
<pin id="1004" dir="0" index="0" bw="6" slack="3"/>
<pin id="1005" dir="0" index="1" bw="0" slack="2147483647"/>
<pin id="1006" dir="0" index="2" bw="14" slack="0"/>
<pin id="1007" dir="0" index="3" bw="0" slack="2147483647"/>
<pin id="1008" dir="1" index="4" bw="14" slack="0"/>
</pin_list>
<bind>
<opcode="phi(47) " fcode="phi"/>
<opset="tmp_data_31_V_13101/14 "/>
</bind>
</comp>

<comp id="1010" class="1005" name="UnifiedRetVal_i_i_reg_1010">
<pin_list>
<pin id="1011" dir="0" index="0" bw="8" slack="2147483647"/>
<pin id="1012" dir="1" index="1" bw="8" slack="2147483647"/>
</pin_list>
<bind>
<opset="UnifiedRetVal_i_i (phireg) "/>
</bind>
</comp>

<comp id="1013" class="1004" name="UnifiedRetVal_i_i_phi_fu_1013">
<pin_list>
<pin id="1014" dir="0" index="0" bw="8" slack="1"/>
<pin id="1015" dir="0" index="1" bw="0" slack="2147483647"/>
<pin id="1016" dir="0" index="2" bw="8" slack="1"/>
<pin id="1017" dir="0" index="3" bw="0" slack="2147483647"/>
<pin id="1018" dir="0" index="4" bw="8" slack="1"/>
<pin id="1019" dir="0" index="5" bw="0" slack="2147483647"/>
<pin id="1020" dir="0" index="6" bw="8" slack="1"/>
<pin id="1021" dir="0" index="7" bw="0" slack="2147483647"/>
<pin id="1022" dir="0" index="8" bw="8" slack="1"/>
<pin id="1023" dir="0" index="9" bw="0" slack="2147483647"/>
<pin id="1024" dir="0" index="10" bw="8" slack="1"/>
<pin id="1025" dir="0" index="11" bw="0" slack="2147483647"/>
<pin id="1026" dir="0" index="12" bw="8" slack="1"/>
<pin id="1027" dir="0" index="13" bw="0" slack="2147483647"/>
<pin id="1028" dir="0" index="14" bw="8" slack="1"/>
<pin id="1029" dir="0" index="15" bw="0" slack="2147483647"/>
<pin id="1030" dir="0" index="16" bw="8" slack="1"/>
<pin id="1031" dir="0" index="17" bw="0" slack="2147483647"/>
<pin id="1032" dir="0" index="18" bw="8" slack="1"/>
<pin id="1033" dir="0" index="19" bw="0" slack="2147483647"/>
<pin id="1034" dir="0" index="20" bw="8" slack="1"/>
<pin id="1035" dir="0" index="21" bw="0" slack="2147483647"/>
<pin id="1036" dir="0" index="22" bw="8" slack="1"/>
<pin id="1037" dir="0" index="23" bw="0" slack="2147483647"/>
<pin id="1038" dir="0" index="24" bw="8" slack="1"/>
<pin id="1039" dir="0" index="25" bw="0" slack="2147483647"/>
<pin id="1040" dir="0" index="26" bw="8" slack="1"/>
<pin id="1041" dir="0" index="27" bw="0" slack="2147483647"/>
<pin id="1042" dir="0" index="28" bw="8" slack="1"/>
<pin id="1043" dir="0" index="29" bw="0" slack="2147483647"/>
<pin id="1044" dir="0" index="30" bw="8" slack="1"/>
<pin id="1045" dir="0" index="31" bw="0" slack="2147483647"/>
<pin id="1046" dir="0" index="32" bw="8" slack="1"/>
<pin id="1047" dir="0" index="33" bw="0" slack="2147483647"/>
<pin id="1048" dir="0" index="34" bw="8" slack="1"/>
<pin id="1049" dir="0" index="35" bw="0" slack="2147483647"/>
<pin id="1050" dir="0" index="36" bw="8" slack="1"/>
<pin id="1051" dir="0" index="37" bw="0" slack="2147483647"/>
<pin id="1052" dir="0" index="38" bw="8" slack="1"/>
<pin id="1053" dir="0" index="39" bw="0" slack="2147483647"/>
<pin id="1054" dir="0" index="40" bw="8" slack="1"/>
<pin id="1055" dir="0" index="41" bw="0" slack="2147483647"/>
<pin id="1056" dir="0" index="42" bw="8" slack="1"/>
<pin id="1057" dir="0" index="43" bw="0" slack="2147483647"/>
<pin id="1058" dir="0" index="44" bw="8" slack="1"/>
<pin id="1059" dir="0" index="45" bw="0" slack="2147483647"/>
<pin id="1060" dir="0" index="46" bw="8" slack="1"/>
<pin id="1061" dir="0" index="47" bw="0" slack="2147483647"/>
<pin id="1062" dir="0" index="48" bw="8" slack="1"/>
<pin id="1063" dir="0" index="49" bw="0" slack="2147483647"/>
<pin id="1064" dir="0" index="50" bw="8" slack="1"/>
<pin id="1065" dir="0" index="51" bw="0" slack="2147483647"/>
<pin id="1066" dir="0" index="52" bw="8" slack="1"/>
<pin id="1067" dir="0" index="53" bw="0" slack="2147483647"/>
<pin id="1068" dir="1" index="54" bw="8" slack="0"/>
</pin_list>
<bind>
<opcode="phi(47) " fcode="phi"/>
<opset="UnifiedRetVal_i_i/14 "/>
</bind>
</comp>

<comp id="1069" class="1005" name="tmp_data_31_V_reg_1069">
<pin_list>
<pin id="1070" dir="0" index="0" bw="14" slack="0"/>
<pin id="1071" dir="1" index="1" bw="14" slack="0"/>
</pin_list>
<bind>
<opset="tmp_data_31_V (phireg) "/>
</bind>
</comp>

<comp id="1074" class="1004" name="tmp_data_31_V_phi_fu_1074">
<pin_list>
<pin id="1075" dir="0" index="0" bw="14" slack="0"/>
<pin id="1076" dir="0" index="1" bw="0" slack="2147483647"/>
<pin id="1077" dir="0" index="2" bw="14" slack="0"/>
<pin id="1078" dir="0" index="3" bw="0" slack="2147483647"/>
<pin id="1079" dir="0" index="4" bw="14" slack="0"/>
<pin id="1080" dir="0" index="5" bw="0" slack="2147483647"/>
<pin id="1081" dir="0" index="6" bw="14" slack="0"/>
<pin id="1082" dir="0" index="7" bw="0" slack="2147483647"/>
<pin id="1083" dir="0" index="8" bw="14" slack="0"/>
<pin id="1084" dir="0" index="9" bw="0" slack="2147483647"/>
<pin id="1085" dir="0" index="10" bw="14" slack="0"/>
<pin id="1086" dir="0" index="11" bw="0" slack="2147483647"/>
<pin id="1087" dir="0" index="12" bw="14" slack="0"/>
<pin id="1088" dir="0" index="13" bw="0" slack="2147483647"/>
<pin id="1089" dir="0" index="14" bw="14" slack="0"/>
<pin id="1090" dir="0" index="15" bw="0" slack="2147483647"/>
<pin id="1091" dir="0" index="16" bw="14" slack="0"/>
<pin id="1092" dir="0" index="17" bw="0" slack="2147483647"/>
<pin id="1093" dir="0" index="18" bw="14" slack="0"/>
<pin id="1094" dir="0" index="19" bw="0" slack="2147483647"/>
<pin id="1095" dir="0" index="20" bw="14" slack="0"/>
<pin id="1096" dir="0" index="21" bw="0" slack="2147483647"/>
<pin id="1097" dir="0" index="22" bw="14" slack="0"/>
<pin id="1098" dir="0" index="23" bw="0" slack="2147483647"/>
<pin id="1099" dir="0" index="24" bw="14" slack="0"/>
<pin id="1100" dir="0" index="25" bw="0" slack="2147483647"/>
<pin id="1101" dir="0" index="26" bw="14" slack="0"/>
<pin id="1102" dir="0" index="27" bw="0" slack="2147483647"/>
<pin id="1103" dir="0" index="28" bw="14" slack="0"/>
<pin id="1104" dir="0" index="29" bw="0" slack="2147483647"/>
<pin id="1105" dir="0" index="30" bw="14" slack="0"/>
<pin id="1106" dir="0" index="31" bw="0" slack="2147483647"/>
<pin id="1107" dir="0" index="32" bw="14" slack="0"/>
<pin id="1108" dir="0" index="33" bw="0" slack="2147483647"/>
<pin id="1109" dir="0" index="34" bw="14" slack="0"/>
<pin id="1110" dir="0" index="35" bw="0" slack="2147483647"/>
<pin id="1111" dir="0" index="36" bw="14" slack="0"/>
<pin id="1112" dir="0" index="37" bw="0" slack="2147483647"/>
<pin id="1113" dir="0" index="38" bw="14" slack="0"/>
<pin id="1114" dir="0" index="39" bw="0" slack="2147483647"/>
<pin id="1115" dir="0" index="40" bw="14" slack="0"/>
<pin id="1116" dir="0" index="41" bw="0" slack="2147483647"/>
<pin id="1117" dir="0" index="42" bw="14" slack="0"/>
<pin id="1118" dir="0" index="43" bw="0" slack="2147483647"/>
<pin id="1119" dir="0" index="44" bw="14" slack="0"/>
<pin id="1120" dir="0" index="45" bw="0" slack="2147483647"/>
<pin id="1121" dir="0" index="46" bw="14" slack="0"/>
<pin id="1122" dir="0" index="47" bw="0" slack="2147483647"/>
<pin id="1123" dir="0" index="48" bw="14" slack="0"/>
<pin id="1124" dir="0" index="49" bw="0" slack="2147483647"/>
<pin id="1125" dir="0" index="50" bw="14" slack="0"/>
<pin id="1126" dir="0" index="51" bw="0" slack="2147483647"/>
<pin id="1127" dir="0" index="52" bw="14" slack="0"/>
<pin id="1128" dir="0" index="53" bw="0" slack="2147483647"/>
<pin id="1129" dir="0" index="54" bw="14" slack="0"/>
<pin id="1130" dir="0" index="55" bw="0" slack="2147483647"/>
<pin id="1131" dir="0" index="56" bw="14" slack="0"/>
<pin id="1132" dir="0" index="57" bw="0" slack="2147483647"/>
<pin id="1133" dir="0" index="58" bw="14" slack="0"/>
<pin id="1134" dir="0" index="59" bw="0" slack="2147483647"/>
<pin id="1135" dir="0" index="60" bw="14" slack="0"/>
<pin id="1136" dir="0" index="61" bw="0" slack="2147483647"/>
<pin id="1137" dir="0" index="62" bw="14" slack="0"/>
<pin id="1138" dir="0" index="63" bw="0" slack="2147483647"/>
<pin id="1139" dir="1" index="64" bw="14" slack="0"/>
</pin_list>
<bind>
<opcode="phi(47) " fcode="phi"/>
<opset="tmp_data_31_V/14 "/>
</bind>
</comp>

<comp id="1172" class="1005" name="tmp_data_30_V_reg_1172">
<pin_list>
<pin id="1173" dir="0" index="0" bw="14" slack="0"/>
<pin id="1174" dir="1" index="1" bw="14" slack="0"/>
</pin_list>
<bind>
<opset="tmp_data_30_V (phireg) "/>
</bind>
</comp>

<comp id="1177" class="1004" name="tmp_data_30_V_phi_fu_1177">
<pin_list>
<pin id="1178" dir="0" index="0" bw="14" slack="0"/>
<pin id="1179" dir="0" index="1" bw="0" slack="2147483647"/>
<pin id="1180" dir="0" index="2" bw="14" slack="0"/>
<pin id="1181" dir="0" index="3" bw="0" slack="2147483647"/>
<pin id="1182" dir="0" index="4" bw="14" slack="0"/>
<pin id="1183" dir="0" index="5" bw="0" slack="2147483647"/>
<pin id="1184" dir="0" index="6" bw="14" slack="0"/>
<pin id="1185" dir="0" index="7" bw="0" slack="2147483647"/>
<pin id="1186" dir="0" index="8" bw="14" slack="0"/>
<pin id="1187" dir="0" index="9" bw="0" slack="2147483647"/>
<pin id="1188" dir="0" index="10" bw="14" slack="0"/>
<pin id="1189" dir="0" index="11" bw="0" slack="2147483647"/>
<pin id="1190" dir="0" index="12" bw="14" slack="0"/>
<pin id="1191" dir="0" index="13" bw="0" slack="2147483647"/>
<pin id="1192" dir="0" index="14" bw="14" slack="0"/>
<pin id="1193" dir="0" index="15" bw="0" slack="2147483647"/>
<pin id="1194" dir="0" index="16" bw="14" slack="0"/>
<pin id="1195" dir="0" index="17" bw="0" slack="2147483647"/>
<pin id="1196" dir="0" index="18" bw="14" slack="0"/>
<pin id="1197" dir="0" index="19" bw="0" slack="2147483647"/>
<pin id="1198" dir="0" index="20" bw="14" slack="0"/>
<pin id="1199" dir="0" index="21" bw="0" slack="2147483647"/>
<pin id="1200" dir="0" index="22" bw="14" slack="0"/>
<pin id="1201" dir="0" index="23" bw="0" slack="2147483647"/>
<pin id="1202" dir="0" index="24" bw="14" slack="0"/>
<pin id="1203" dir="0" index="25" bw="0" slack="2147483647"/>
<pin id="1204" dir="0" index="26" bw="14" slack="0"/>
<pin id="1205" dir="0" index="27" bw="0" slack="2147483647"/>
<pin id="1206" dir="0" index="28" bw="14" slack="0"/>
<pin id="1207" dir="0" index="29" bw="0" slack="2147483647"/>
<pin id="1208" dir="0" index="30" bw="14" slack="0"/>
<pin id="1209" dir="0" index="31" bw="0" slack="2147483647"/>
<pin id="1210" dir="0" index="32" bw="14" slack="0"/>
<pin id="1211" dir="0" index="33" bw="0" slack="2147483647"/>
<pin id="1212" dir="0" index="34" bw="14" slack="0"/>
<pin id="1213" dir="0" index="35" bw="0" slack="2147483647"/>
<pin id="1214" dir="0" index="36" bw="14" slack="0"/>
<pin id="1215" dir="0" index="37" bw="0" slack="2147483647"/>
<pin id="1216" dir="0" index="38" bw="14" slack="0"/>
<pin id="1217" dir="0" index="39" bw="0" slack="2147483647"/>
<pin id="1218" dir="0" index="40" bw="14" slack="0"/>
<pin id="1219" dir="0" index="41" bw="0" slack="2147483647"/>
<pin id="1220" dir="0" index="42" bw="14" slack="0"/>
<pin id="1221" dir="0" index="43" bw="0" slack="2147483647"/>
<pin id="1222" dir="0" index="44" bw="14" slack="0"/>
<pin id="1223" dir="0" index="45" bw="0" slack="2147483647"/>
<pin id="1224" dir="0" index="46" bw="14" slack="0"/>
<pin id="1225" dir="0" index="47" bw="0" slack="2147483647"/>
<pin id="1226" dir="0" index="48" bw="14" slack="0"/>
<pin id="1227" dir="0" index="49" bw="0" slack="2147483647"/>
<pin id="1228" dir="0" index="50" bw="14" slack="0"/>
<pin id="1229" dir="0" index="51" bw="0" slack="2147483647"/>
<pin id="1230" dir="0" index="52" bw="14" slack="0"/>
<pin id="1231" dir="0" index="53" bw="0" slack="2147483647"/>
<pin id="1232" dir="0" index="54" bw="14" slack="0"/>
<pin id="1233" dir="0" index="55" bw="0" slack="2147483647"/>
<pin id="1234" dir="0" index="56" bw="14" slack="0"/>
<pin id="1235" dir="0" index="57" bw="0" slack="2147483647"/>
<pin id="1236" dir="0" index="58" bw="14" slack="0"/>
<pin id="1237" dir="0" index="59" bw="0" slack="2147483647"/>
<pin id="1238" dir="0" index="60" bw="14" slack="0"/>
<pin id="1239" dir="0" index="61" bw="0" slack="2147483647"/>
<pin id="1240" dir="0" index="62" bw="14" slack="0"/>
<pin id="1241" dir="0" index="63" bw="0" slack="2147483647"/>
<pin id="1242" dir="1" index="64" bw="14" slack="0"/>
</pin_list>
<bind>
<opcode="phi(47) " fcode="phi"/>
<opset="tmp_data_30_V/14 "/>
</bind>
</comp>

<comp id="1275" class="1005" name="tmp_data_29_V_reg_1275">
<pin_list>
<pin id="1276" dir="0" index="0" bw="14" slack="0"/>
<pin id="1277" dir="1" index="1" bw="14" slack="0"/>
</pin_list>
<bind>
<opset="tmp_data_29_V (phireg) "/>
</bind>
</comp>

<comp id="1280" class="1004" name="tmp_data_29_V_phi_fu_1280">
<pin_list>
<pin id="1281" dir="0" index="0" bw="14" slack="0"/>
<pin id="1282" dir="0" index="1" bw="0" slack="2147483647"/>
<pin id="1283" dir="0" index="2" bw="14" slack="0"/>
<pin id="1284" dir="0" index="3" bw="0" slack="2147483647"/>
<pin id="1285" dir="0" index="4" bw="14" slack="0"/>
<pin id="1286" dir="0" index="5" bw="0" slack="2147483647"/>
<pin id="1287" dir="0" index="6" bw="14" slack="0"/>
<pin id="1288" dir="0" index="7" bw="0" slack="2147483647"/>
<pin id="1289" dir="0" index="8" bw="14" slack="0"/>
<pin id="1290" dir="0" index="9" bw="0" slack="2147483647"/>
<pin id="1291" dir="0" index="10" bw="14" slack="0"/>
<pin id="1292" dir="0" index="11" bw="0" slack="2147483647"/>
<pin id="1293" dir="0" index="12" bw="14" slack="0"/>
<pin id="1294" dir="0" index="13" bw="0" slack="2147483647"/>
<pin id="1295" dir="0" index="14" bw="14" slack="0"/>
<pin id="1296" dir="0" index="15" bw="0" slack="2147483647"/>
<pin id="1297" dir="0" index="16" bw="14" slack="0"/>
<pin id="1298" dir="0" index="17" bw="0" slack="2147483647"/>
<pin id="1299" dir="0" index="18" bw="14" slack="0"/>
<pin id="1300" dir="0" index="19" bw="0" slack="2147483647"/>
<pin id="1301" dir="0" index="20" bw="14" slack="0"/>
<pin id="1302" dir="0" index="21" bw="0" slack="2147483647"/>
<pin id="1303" dir="0" index="22" bw="14" slack="0"/>
<pin id="1304" dir="0" index="23" bw="0" slack="2147483647"/>
<pin id="1305" dir="0" index="24" bw="14" slack="0"/>
<pin id="1306" dir="0" index="25" bw="0" slack="2147483647"/>
<pin id="1307" dir="0" index="26" bw="14" slack="0"/>
<pin id="1308" dir="0" index="27" bw="0" slack="2147483647"/>
<pin id="1309" dir="0" index="28" bw="14" slack="0"/>
<pin id="1310" dir="0" index="29" bw="0" slack="2147483647"/>
<pin id="1311" dir="0" index="30" bw="14" slack="0"/>
<pin id="1312" dir="0" index="31" bw="0" slack="2147483647"/>
<pin id="1313" dir="0" index="32" bw="14" slack="0"/>
<pin id="1314" dir="0" index="33" bw="0" slack="2147483647"/>
<pin id="1315" dir="0" index="34" bw="14" slack="0"/>
<pin id="1316" dir="0" index="35" bw="0" slack="2147483647"/>
<pin id="1317" dir="0" index="36" bw="14" slack="0"/>
<pin id="1318" dir="0" index="37" bw="0" slack="2147483647"/>
<pin id="1319" dir="0" index="38" bw="14" slack="0"/>
<pin id="1320" dir="0" index="39" bw="0" slack="2147483647"/>
<pin id="1321" dir="0" index="40" bw="14" slack="0"/>
<pin id="1322" dir="0" index="41" bw="0" slack="2147483647"/>
<pin id="1323" dir="0" index="42" bw="14" slack="0"/>
<pin id="1324" dir="0" index="43" bw="0" slack="2147483647"/>
<pin id="1325" dir="0" index="44" bw="14" slack="0"/>
<pin id="1326" dir="0" index="45" bw="0" slack="2147483647"/>
<pin id="1327" dir="0" index="46" bw="14" slack="0"/>
<pin id="1328" dir="0" index="47" bw="0" slack="2147483647"/>
<pin id="1329" dir="0" index="48" bw="14" slack="0"/>
<pin id="1330" dir="0" index="49" bw="0" slack="2147483647"/>
<pin id="1331" dir="0" index="50" bw="14" slack="0"/>
<pin id="1332" dir="0" index="51" bw="0" slack="2147483647"/>
<pin id="1333" dir="0" index="52" bw="14" slack="0"/>
<pin id="1334" dir="0" index="53" bw="0" slack="2147483647"/>
<pin id="1335" dir="0" index="54" bw="14" slack="0"/>
<pin id="1336" dir="0" index="55" bw="0" slack="2147483647"/>
<pin id="1337" dir="0" index="56" bw="14" slack="0"/>
<pin id="1338" dir="0" index="57" bw="0" slack="2147483647"/>
<pin id="1339" dir="0" index="58" bw="14" slack="0"/>
<pin id="1340" dir="0" index="59" bw="0" slack="2147483647"/>
<pin id="1341" dir="0" index="60" bw="14" slack="0"/>
<pin id="1342" dir="0" index="61" bw="0" slack="2147483647"/>
<pin id="1343" dir="0" index="62" bw="14" slack="0"/>
<pin id="1344" dir="0" index="63" bw="0" slack="2147483647"/>
<pin id="1345" dir="1" index="64" bw="14" slack="0"/>
</pin_list>
<bind>
<opcode="phi(47) " fcode="phi"/>
<opset="tmp_data_29_V/14 "/>
</bind>
</comp>

<comp id="1378" class="1005" name="tmp_data_28_V_reg_1378">
<pin_list>
<pin id="1379" dir="0" index="0" bw="14" slack="0"/>
<pin id="1380" dir="1" index="1" bw="14" slack="0"/>
</pin_list>
<bind>
<opset="tmp_data_28_V (phireg) "/>
</bind>
</comp>

<comp id="1383" class="1004" name="tmp_data_28_V_phi_fu_1383">
<pin_list>
<pin id="1384" dir="0" index="0" bw="14" slack="0"/>
<pin id="1385" dir="0" index="1" bw="0" slack="2147483647"/>
<pin id="1386" dir="0" index="2" bw="14" slack="0"/>
<pin id="1387" dir="0" index="3" bw="0" slack="2147483647"/>
<pin id="1388" dir="0" index="4" bw="14" slack="0"/>
<pin id="1389" dir="0" index="5" bw="0" slack="2147483647"/>
<pin id="1390" dir="0" index="6" bw="14" slack="0"/>
<pin id="1391" dir="0" index="7" bw="0" slack="2147483647"/>
<pin id="1392" dir="0" index="8" bw="14" slack="0"/>
<pin id="1393" dir="0" index="9" bw="0" slack="2147483647"/>
<pin id="1394" dir="0" index="10" bw="14" slack="0"/>
<pin id="1395" dir="0" index="11" bw="0" slack="2147483647"/>
<pin id="1396" dir="0" index="12" bw="14" slack="0"/>
<pin id="1397" dir="0" index="13" bw="0" slack="2147483647"/>
<pin id="1398" dir="0" index="14" bw="14" slack="0"/>
<pin id="1399" dir="0" index="15" bw="0" slack="2147483647"/>
<pin id="1400" dir="0" index="16" bw="14" slack="0"/>
<pin id="1401" dir="0" index="17" bw="0" slack="2147483647"/>
<pin id="1402" dir="0" index="18" bw="14" slack="0"/>
<pin id="1403" dir="0" index="19" bw="0" slack="2147483647"/>
<pin id="1404" dir="0" index="20" bw="14" slack="0"/>
<pin id="1405" dir="0" index="21" bw="0" slack="2147483647"/>
<pin id="1406" dir="0" index="22" bw="14" slack="0"/>
<pin id="1407" dir="0" index="23" bw="0" slack="2147483647"/>
<pin id="1408" dir="0" index="24" bw="14" slack="0"/>
<pin id="1409" dir="0" index="25" bw="0" slack="2147483647"/>
<pin id="1410" dir="0" index="26" bw="14" slack="0"/>
<pin id="1411" dir="0" index="27" bw="0" slack="2147483647"/>
<pin id="1412" dir="0" index="28" bw="14" slack="0"/>
<pin id="1413" dir="0" index="29" bw="0" slack="2147483647"/>
<pin id="1414" dir="0" index="30" bw="14" slack="0"/>
<pin id="1415" dir="0" index="31" bw="0" slack="2147483647"/>
<pin id="1416" dir="0" index="32" bw="14" slack="0"/>
<pin id="1417" dir="0" index="33" bw="0" slack="2147483647"/>
<pin id="1418" dir="0" index="34" bw="14" slack="0"/>
<pin id="1419" dir="0" index="35" bw="0" slack="2147483647"/>
<pin id="1420" dir="0" index="36" bw="14" slack="0"/>
<pin id="1421" dir="0" index="37" bw="0" slack="2147483647"/>
<pin id="1422" dir="0" index="38" bw="14" slack="0"/>
<pin id="1423" dir="0" index="39" bw="0" slack="2147483647"/>
<pin id="1424" dir="0" index="40" bw="14" slack="0"/>
<pin id="1425" dir="0" index="41" bw="0" slack="2147483647"/>
<pin id="1426" dir="0" index="42" bw="14" slack="0"/>
<pin id="1427" dir="0" index="43" bw="0" slack="2147483647"/>
<pin id="1428" dir="0" index="44" bw="14" slack="0"/>
<pin id="1429" dir="0" index="45" bw="0" slack="2147483647"/>
<pin id="1430" dir="0" index="46" bw="14" slack="0"/>
<pin id="1431" dir="0" index="47" bw="0" slack="2147483647"/>
<pin id="1432" dir="0" index="48" bw="14" slack="0"/>
<pin id="1433" dir="0" index="49" bw="0" slack="2147483647"/>
<pin id="1434" dir="0" index="50" bw="14" slack="0"/>
<pin id="1435" dir="0" index="51" bw="0" slack="2147483647"/>
<pin id="1436" dir="0" index="52" bw="14" slack="0"/>
<pin id="1437" dir="0" index="53" bw="0" slack="2147483647"/>
<pin id="1438" dir="0" index="54" bw="14" slack="0"/>
<pin id="1439" dir="0" index="55" bw="0" slack="2147483647"/>
<pin id="1440" dir="0" index="56" bw="14" slack="0"/>
<pin id="1441" dir="0" index="57" bw="0" slack="2147483647"/>
<pin id="1442" dir="0" index="58" bw="14" slack="0"/>
<pin id="1443" dir="0" index="59" bw="0" slack="2147483647"/>
<pin id="1444" dir="0" index="60" bw="14" slack="0"/>
<pin id="1445" dir="0" index="61" bw="0" slack="2147483647"/>
<pin id="1446" dir="0" index="62" bw="14" slack="0"/>
<pin id="1447" dir="0" index="63" bw="0" slack="2147483647"/>
<pin id="1448" dir="1" index="64" bw="14" slack="0"/>
</pin_list>
<bind>
<opcode="phi(47) " fcode="phi"/>
<opset="tmp_data_28_V/14 "/>
</bind>
</comp>

<comp id="1481" class="1005" name="tmp_data_27_V_reg_1481">
<pin_list>
<pin id="1482" dir="0" index="0" bw="14" slack="0"/>
<pin id="1483" dir="1" index="1" bw="14" slack="0"/>
</pin_list>
<bind>
<opset="tmp_data_27_V (phireg) "/>
</bind>
</comp>

<comp id="1486" class="1004" name="tmp_data_27_V_phi_fu_1486">
<pin_list>
<pin id="1487" dir="0" index="0" bw="14" slack="0"/>
<pin id="1488" dir="0" index="1" bw="0" slack="2147483647"/>
<pin id="1489" dir="0" index="2" bw="14" slack="0"/>
<pin id="1490" dir="0" index="3" bw="0" slack="2147483647"/>
<pin id="1491" dir="0" index="4" bw="14" slack="0"/>
<pin id="1492" dir="0" index="5" bw="0" slack="2147483647"/>
<pin id="1493" dir="0" index="6" bw="14" slack="0"/>
<pin id="1494" dir="0" index="7" bw="0" slack="2147483647"/>
<pin id="1495" dir="0" index="8" bw="14" slack="0"/>
<pin id="1496" dir="0" index="9" bw="0" slack="2147483647"/>
<pin id="1497" dir="0" index="10" bw="14" slack="0"/>
<pin id="1498" dir="0" index="11" bw="0" slack="2147483647"/>
<pin id="1499" dir="0" index="12" bw="14" slack="0"/>
<pin id="1500" dir="0" index="13" bw="0" slack="2147483647"/>
<pin id="1501" dir="0" index="14" bw="14" slack="0"/>
<pin id="1502" dir="0" index="15" bw="0" slack="2147483647"/>
<pin id="1503" dir="0" index="16" bw="14" slack="0"/>
<pin id="1504" dir="0" index="17" bw="0" slack="2147483647"/>
<pin id="1505" dir="0" index="18" bw="14" slack="0"/>
<pin id="1506" dir="0" index="19" bw="0" slack="2147483647"/>
<pin id="1507" dir="0" index="20" bw="14" slack="0"/>
<pin id="1508" dir="0" index="21" bw="0" slack="2147483647"/>
<pin id="1509" dir="0" index="22" bw="14" slack="0"/>
<pin id="1510" dir="0" index="23" bw="0" slack="2147483647"/>
<pin id="1511" dir="0" index="24" bw="14" slack="0"/>
<pin id="1512" dir="0" index="25" bw="0" slack="2147483647"/>
<pin id="1513" dir="0" index="26" bw="14" slack="0"/>
<pin id="1514" dir="0" index="27" bw="0" slack="2147483647"/>
<pin id="1515" dir="0" index="28" bw="14" slack="0"/>
<pin id="1516" dir="0" index="29" bw="0" slack="2147483647"/>
<pin id="1517" dir="0" index="30" bw="14" slack="0"/>
<pin id="1518" dir="0" index="31" bw="0" slack="2147483647"/>
<pin id="1519" dir="0" index="32" bw="14" slack="0"/>
<pin id="1520" dir="0" index="33" bw="0" slack="2147483647"/>
<pin id="1521" dir="0" index="34" bw="14" slack="0"/>
<pin id="1522" dir="0" index="35" bw="0" slack="2147483647"/>
<pin id="1523" dir="0" index="36" bw="14" slack="0"/>
<pin id="1524" dir="0" index="37" bw="0" slack="2147483647"/>
<pin id="1525" dir="0" index="38" bw="14" slack="0"/>
<pin id="1526" dir="0" index="39" bw="0" slack="2147483647"/>
<pin id="1527" dir="0" index="40" bw="14" slack="0"/>
<pin id="1528" dir="0" index="41" bw="0" slack="2147483647"/>
<pin id="1529" dir="0" index="42" bw="14" slack="0"/>
<pin id="1530" dir="0" index="43" bw="0" slack="2147483647"/>
<pin id="1531" dir="0" index="44" bw="14" slack="0"/>
<pin id="1532" dir="0" index="45" bw="0" slack="2147483647"/>
<pin id="1533" dir="0" index="46" bw="14" slack="0"/>
<pin id="1534" dir="0" index="47" bw="0" slack="2147483647"/>
<pin id="1535" dir="0" index="48" bw="14" slack="0"/>
<pin id="1536" dir="0" index="49" bw="0" slack="2147483647"/>
<pin id="1537" dir="0" index="50" bw="14" slack="0"/>
<pin id="1538" dir="0" index="51" bw="0" slack="2147483647"/>
<pin id="1539" dir="0" index="52" bw="14" slack="0"/>
<pin id="1540" dir="0" index="53" bw="0" slack="2147483647"/>
<pin id="1541" dir="0" index="54" bw="14" slack="0"/>
<pin id="1542" dir="0" index="55" bw="0" slack="2147483647"/>
<pin id="1543" dir="0" index="56" bw="14" slack="0"/>
<pin id="1544" dir="0" index="57" bw="0" slack="2147483647"/>
<pin id="1545" dir="0" index="58" bw="14" slack="0"/>
<pin id="1546" dir="0" index="59" bw="0" slack="2147483647"/>
<pin id="1547" dir="0" index="60" bw="14" slack="0"/>
<pin id="1548" dir="0" index="61" bw="0" slack="2147483647"/>
<pin id="1549" dir="0" index="62" bw="14" slack="0"/>
<pin id="1550" dir="0" index="63" bw="0" slack="2147483647"/>
<pin id="1551" dir="1" index="64" bw="14" slack="0"/>
</pin_list>
<bind>
<opcode="phi(47) " fcode="phi"/>
<opset="tmp_data_27_V/14 "/>
</bind>
</comp>

<comp id="1584" class="1005" name="tmp_data_26_V_reg_1584">
<pin_list>
<pin id="1585" dir="0" index="0" bw="14" slack="0"/>
<pin id="1586" dir="1" index="1" bw="14" slack="0"/>
</pin_list>
<bind>
<opset="tmp_data_26_V (phireg) "/>
</bind>
</comp>

<comp id="1589" class="1004" name="tmp_data_26_V_phi_fu_1589">
<pin_list>
<pin id="1590" dir="0" index="0" bw="14" slack="0"/>
<pin id="1591" dir="0" index="1" bw="0" slack="2147483647"/>
<pin id="1592" dir="0" index="2" bw="14" slack="0"/>
<pin id="1593" dir="0" index="3" bw="0" slack="2147483647"/>
<pin id="1594" dir="0" index="4" bw="14" slack="0"/>
<pin id="1595" dir="0" index="5" bw="0" slack="2147483647"/>
<pin id="1596" dir="0" index="6" bw="14" slack="0"/>
<pin id="1597" dir="0" index="7" bw="0" slack="2147483647"/>
<pin id="1598" dir="0" index="8" bw="14" slack="0"/>
<pin id="1599" dir="0" index="9" bw="0" slack="2147483647"/>
<pin id="1600" dir="0" index="10" bw="14" slack="0"/>
<pin id="1601" dir="0" index="11" bw="0" slack="2147483647"/>
<pin id="1602" dir="0" index="12" bw="14" slack="0"/>
<pin id="1603" dir="0" index="13" bw="0" slack="2147483647"/>
<pin id="1604" dir="0" index="14" bw="14" slack="0"/>
<pin id="1605" dir="0" index="15" bw="0" slack="2147483647"/>
<pin id="1606" dir="0" index="16" bw="14" slack="0"/>
<pin id="1607" dir="0" index="17" bw="0" slack="2147483647"/>
<pin id="1608" dir="0" index="18" bw="14" slack="0"/>
<pin id="1609" dir="0" index="19" bw="0" slack="2147483647"/>
<pin id="1610" dir="0" index="20" bw="14" slack="0"/>
<pin id="1611" dir="0" index="21" bw="0" slack="2147483647"/>
<pin id="1612" dir="0" index="22" bw="14" slack="0"/>
<pin id="1613" dir="0" index="23" bw="0" slack="2147483647"/>
<pin id="1614" dir="0" index="24" bw="14" slack="0"/>
<pin id="1615" dir="0" index="25" bw="0" slack="2147483647"/>
<pin id="1616" dir="0" index="26" bw="14" slack="0"/>
<pin id="1617" dir="0" index="27" bw="0" slack="2147483647"/>
<pin id="1618" dir="0" index="28" bw="14" slack="0"/>
<pin id="1619" dir="0" index="29" bw="0" slack="2147483647"/>
<pin id="1620" dir="0" index="30" bw="14" slack="0"/>
<pin id="1621" dir="0" index="31" bw="0" slack="2147483647"/>
<pin id="1622" dir="0" index="32" bw="14" slack="0"/>
<pin id="1623" dir="0" index="33" bw="0" slack="2147483647"/>
<pin id="1624" dir="0" index="34" bw="14" slack="0"/>
<pin id="1625" dir="0" index="35" bw="0" slack="2147483647"/>
<pin id="1626" dir="0" index="36" bw="14" slack="0"/>
<pin id="1627" dir="0" index="37" bw="0" slack="2147483647"/>
<pin id="1628" dir="0" index="38" bw="14" slack="0"/>
<pin id="1629" dir="0" index="39" bw="0" slack="2147483647"/>
<pin id="1630" dir="0" index="40" bw="14" slack="0"/>
<pin id="1631" dir="0" index="41" bw="0" slack="2147483647"/>
<pin id="1632" dir="0" index="42" bw="14" slack="0"/>
<pin id="1633" dir="0" index="43" bw="0" slack="2147483647"/>
<pin id="1634" dir="0" index="44" bw="14" slack="0"/>
<pin id="1635" dir="0" index="45" bw="0" slack="2147483647"/>
<pin id="1636" dir="0" index="46" bw="14" slack="0"/>
<pin id="1637" dir="0" index="47" bw="0" slack="2147483647"/>
<pin id="1638" dir="0" index="48" bw="14" slack="0"/>
<pin id="1639" dir="0" index="49" bw="0" slack="2147483647"/>
<pin id="1640" dir="0" index="50" bw="14" slack="0"/>
<pin id="1641" dir="0" index="51" bw="0" slack="2147483647"/>
<pin id="1642" dir="0" index="52" bw="14" slack="0"/>
<pin id="1643" dir="0" index="53" bw="0" slack="2147483647"/>
<pin id="1644" dir="0" index="54" bw="14" slack="0"/>
<pin id="1645" dir="0" index="55" bw="0" slack="2147483647"/>
<pin id="1646" dir="0" index="56" bw="14" slack="0"/>
<pin id="1647" dir="0" index="57" bw="0" slack="2147483647"/>
<pin id="1648" dir="0" index="58" bw="14" slack="0"/>
<pin id="1649" dir="0" index="59" bw="0" slack="2147483647"/>
<pin id="1650" dir="0" index="60" bw="14" slack="0"/>
<pin id="1651" dir="0" index="61" bw="0" slack="2147483647"/>
<pin id="1652" dir="0" index="62" bw="14" slack="0"/>
<pin id="1653" dir="0" index="63" bw="0" slack="2147483647"/>
<pin id="1654" dir="1" index="64" bw="14" slack="0"/>
</pin_list>
<bind>
<opcode="phi(47) " fcode="phi"/>
<opset="tmp_data_26_V/14 "/>
</bind>
</comp>

<comp id="1687" class="1005" name="tmp_data_25_V_reg_1687">
<pin_list>
<pin id="1688" dir="0" index="0" bw="14" slack="0"/>
<pin id="1689" dir="1" index="1" bw="14" slack="0"/>
</pin_list>
<bind>
<opset="tmp_data_25_V (phireg) "/>
</bind>
</comp>

<comp id="1692" class="1004" name="tmp_data_25_V_phi_fu_1692">
<pin_list>
<pin id="1693" dir="0" index="0" bw="14" slack="0"/>
<pin id="1694" dir="0" index="1" bw="0" slack="2147483647"/>
<pin id="1695" dir="0" index="2" bw="14" slack="0"/>
<pin id="1696" dir="0" index="3" bw="0" slack="2147483647"/>
<pin id="1697" dir="0" index="4" bw="14" slack="0"/>
<pin id="1698" dir="0" index="5" bw="0" slack="2147483647"/>
<pin id="1699" dir="0" index="6" bw="14" slack="0"/>
<pin id="1700" dir="0" index="7" bw="0" slack="2147483647"/>
<pin id="1701" dir="0" index="8" bw="14" slack="0"/>
<pin id="1702" dir="0" index="9" bw="0" slack="2147483647"/>
<pin id="1703" dir="0" index="10" bw="14" slack="0"/>
<pin id="1704" dir="0" index="11" bw="0" slack="2147483647"/>
<pin id="1705" dir="0" index="12" bw="14" slack="0"/>
<pin id="1706" dir="0" index="13" bw="0" slack="2147483647"/>
<pin id="1707" dir="0" index="14" bw="14" slack="0"/>
<pin id="1708" dir="0" index="15" bw="0" slack="2147483647"/>
<pin id="1709" dir="0" index="16" bw="14" slack="0"/>
<pin id="1710" dir="0" index="17" bw="0" slack="2147483647"/>
<pin id="1711" dir="0" index="18" bw="14" slack="0"/>
<pin id="1712" dir="0" index="19" bw="0" slack="2147483647"/>
<pin id="1713" dir="0" index="20" bw="14" slack="0"/>
<pin id="1714" dir="0" index="21" bw="0" slack="2147483647"/>
<pin id="1715" dir="0" index="22" bw="14" slack="0"/>
<pin id="1716" dir="0" index="23" bw="0" slack="2147483647"/>
<pin id="1717" dir="0" index="24" bw="14" slack="0"/>
<pin id="1718" dir="0" index="25" bw="0" slack="2147483647"/>
<pin id="1719" dir="0" index="26" bw="14" slack="0"/>
<pin id="1720" dir="0" index="27" bw="0" slack="2147483647"/>
<pin id="1721" dir="0" index="28" bw="14" slack="0"/>
<pin id="1722" dir="0" index="29" bw="0" slack="2147483647"/>
<pin id="1723" dir="0" index="30" bw="14" slack="0"/>
<pin id="1724" dir="0" index="31" bw="0" slack="2147483647"/>
<pin id="1725" dir="0" index="32" bw="14" slack="0"/>
<pin id="1726" dir="0" index="33" bw="0" slack="2147483647"/>
<pin id="1727" dir="0" index="34" bw="14" slack="0"/>
<pin id="1728" dir="0" index="35" bw="0" slack="2147483647"/>
<pin id="1729" dir="0" index="36" bw="14" slack="0"/>
<pin id="1730" dir="0" index="37" bw="0" slack="2147483647"/>
<pin id="1731" dir="0" index="38" bw="14" slack="0"/>
<pin id="1732" dir="0" index="39" bw="0" slack="2147483647"/>
<pin id="1733" dir="0" index="40" bw="14" slack="0"/>
<pin id="1734" dir="0" index="41" bw="0" slack="2147483647"/>
<pin id="1735" dir="0" index="42" bw="14" slack="0"/>
<pin id="1736" dir="0" index="43" bw="0" slack="2147483647"/>
<pin id="1737" dir="0" index="44" bw="14" slack="0"/>
<pin id="1738" dir="0" index="45" bw="0" slack="2147483647"/>
<pin id="1739" dir="0" index="46" bw="14" slack="0"/>
<pin id="1740" dir="0" index="47" bw="0" slack="2147483647"/>
<pin id="1741" dir="0" index="48" bw="14" slack="0"/>
<pin id="1742" dir="0" index="49" bw="0" slack="2147483647"/>
<pin id="1743" dir="0" index="50" bw="14" slack="0"/>
<pin id="1744" dir="0" index="51" bw="0" slack="2147483647"/>
<pin id="1745" dir="0" index="52" bw="14" slack="0"/>
<pin id="1746" dir="0" index="53" bw="0" slack="2147483647"/>
<pin id="1747" dir="0" index="54" bw="14" slack="0"/>
<pin id="1748" dir="0" index="55" bw="0" slack="2147483647"/>
<pin id="1749" dir="0" index="56" bw="14" slack="0"/>
<pin id="1750" dir="0" index="57" bw="0" slack="2147483647"/>
<pin id="1751" dir="0" index="58" bw="14" slack="0"/>
<pin id="1752" dir="0" index="59" bw="0" slack="2147483647"/>
<pin id="1753" dir="0" index="60" bw="14" slack="0"/>
<pin id="1754" dir="0" index="61" bw="0" slack="2147483647"/>
<pin id="1755" dir="0" index="62" bw="14" slack="0"/>
<pin id="1756" dir="0" index="63" bw="0" slack="2147483647"/>
<pin id="1757" dir="1" index="64" bw="14" slack="0"/>
</pin_list>
<bind>
<opcode="phi(47) " fcode="phi"/>
<opset="tmp_data_25_V/14 "/>
</bind>
</comp>

<comp id="1790" class="1005" name="tmp_data_24_V_reg_1790">
<pin_list>
<pin id="1791" dir="0" index="0" bw="14" slack="0"/>
<pin id="1792" dir="1" index="1" bw="14" slack="0"/>
</pin_list>
<bind>
<opset="tmp_data_24_V (phireg) "/>
</bind>
</comp>

<comp id="1795" class="1004" name="tmp_data_24_V_phi_fu_1795">
<pin_list>
<pin id="1796" dir="0" index="0" bw="14" slack="0"/>
<pin id="1797" dir="0" index="1" bw="0" slack="2147483647"/>
<pin id="1798" dir="0" index="2" bw="14" slack="0"/>
<pin id="1799" dir="0" index="3" bw="0" slack="2147483647"/>
<pin id="1800" dir="0" index="4" bw="14" slack="0"/>
<pin id="1801" dir="0" index="5" bw="0" slack="2147483647"/>
<pin id="1802" dir="0" index="6" bw="14" slack="0"/>
<pin id="1803" dir="0" index="7" bw="0" slack="2147483647"/>
<pin id="1804" dir="0" index="8" bw="14" slack="0"/>
<pin id="1805" dir="0" index="9" bw="0" slack="2147483647"/>
<pin id="1806" dir="0" index="10" bw="14" slack="0"/>
<pin id="1807" dir="0" index="11" bw="0" slack="2147483647"/>
<pin id="1808" dir="0" index="12" bw="14" slack="0"/>
<pin id="1809" dir="0" index="13" bw="0" slack="2147483647"/>
<pin id="1810" dir="0" index="14" bw="14" slack="0"/>
<pin id="1811" dir="0" index="15" bw="0" slack="2147483647"/>
<pin id="1812" dir="0" index="16" bw="14" slack="0"/>
<pin id="1813" dir="0" index="17" bw="0" slack="2147483647"/>
<pin id="1814" dir="0" index="18" bw="14" slack="0"/>
<pin id="1815" dir="0" index="19" bw="0" slack="2147483647"/>
<pin id="1816" dir="0" index="20" bw="14" slack="0"/>
<pin id="1817" dir="0" index="21" bw="0" slack="2147483647"/>
<pin id="1818" dir="0" index="22" bw="14" slack="0"/>
<pin id="1819" dir="0" index="23" bw="0" slack="2147483647"/>
<pin id="1820" dir="0" index="24" bw="14" slack="0"/>
<pin id="1821" dir="0" index="25" bw="0" slack="2147483647"/>
<pin id="1822" dir="0" index="26" bw="14" slack="0"/>
<pin id="1823" dir="0" index="27" bw="0" slack="2147483647"/>
<pin id="1824" dir="0" index="28" bw="14" slack="0"/>
<pin id="1825" dir="0" index="29" bw="0" slack="2147483647"/>
<pin id="1826" dir="0" index="30" bw="14" slack="0"/>
<pin id="1827" dir="0" index="31" bw="0" slack="2147483647"/>
<pin id="1828" dir="0" index="32" bw="14" slack="0"/>
<pin id="1829" dir="0" index="33" bw="0" slack="2147483647"/>
<pin id="1830" dir="0" index="34" bw="14" slack="0"/>
<pin id="1831" dir="0" index="35" bw="0" slack="2147483647"/>
<pin id="1832" dir="0" index="36" bw="14" slack="0"/>
<pin id="1833" dir="0" index="37" bw="0" slack="2147483647"/>
<pin id="1834" dir="0" index="38" bw="14" slack="0"/>
<pin id="1835" dir="0" index="39" bw="0" slack="2147483647"/>
<pin id="1836" dir="0" index="40" bw="14" slack="0"/>
<pin id="1837" dir="0" index="41" bw="0" slack="2147483647"/>
<pin id="1838" dir="0" index="42" bw="14" slack="0"/>
<pin id="1839" dir="0" index="43" bw="0" slack="2147483647"/>
<pin id="1840" dir="0" index="44" bw="14" slack="0"/>
<pin id="1841" dir="0" index="45" bw="0" slack="2147483647"/>
<pin id="1842" dir="0" index="46" bw="14" slack="0"/>
<pin id="1843" dir="0" index="47" bw="0" slack="2147483647"/>
<pin id="1844" dir="0" index="48" bw="14" slack="0"/>
<pin id="1845" dir="0" index="49" bw="0" slack="2147483647"/>
<pin id="1846" dir="0" index="50" bw="14" slack="0"/>
<pin id="1847" dir="0" index="51" bw="0" slack="2147483647"/>
<pin id="1848" dir="0" index="52" bw="14" slack="0"/>
<pin id="1849" dir="0" index="53" bw="0" slack="2147483647"/>
<pin id="1850" dir="0" index="54" bw="14" slack="0"/>
<pin id="1851" dir="0" index="55" bw="0" slack="2147483647"/>
<pin id="1852" dir="0" index="56" bw="14" slack="0"/>
<pin id="1853" dir="0" index="57" bw="0" slack="2147483647"/>
<pin id="1854" dir="0" index="58" bw="14" slack="0"/>
<pin id="1855" dir="0" index="59" bw="0" slack="2147483647"/>
<pin id="1856" dir="0" index="60" bw="14" slack="0"/>
<pin id="1857" dir="0" index="61" bw="0" slack="2147483647"/>
<pin id="1858" dir="0" index="62" bw="14" slack="0"/>
<pin id="1859" dir="0" index="63" bw="0" slack="2147483647"/>
<pin id="1860" dir="1" index="64" bw="14" slack="0"/>
</pin_list>
<bind>
<opcode="phi(47) " fcode="phi"/>
<opset="tmp_data_24_V/14 "/>
</bind>
</comp>

<comp id="1893" class="1005" name="tmp_data_23_V_reg_1893">
<pin_list>
<pin id="1894" dir="0" index="0" bw="14" slack="0"/>
<pin id="1895" dir="1" index="1" bw="14" slack="0"/>
</pin_list>
<bind>
<opset="tmp_data_23_V (phireg) "/>
</bind>
</comp>

<comp id="1898" class="1004" name="tmp_data_23_V_phi_fu_1898">
<pin_list>
<pin id="1899" dir="0" index="0" bw="14" slack="0"/>
<pin id="1900" dir="0" index="1" bw="0" slack="2147483647"/>
<pin id="1901" dir="0" index="2" bw="14" slack="0"/>
<pin id="1902" dir="0" index="3" bw="0" slack="2147483647"/>
<pin id="1903" dir="0" index="4" bw="14" slack="0"/>
<pin id="1904" dir="0" index="5" bw="0" slack="2147483647"/>
<pin id="1905" dir="0" index="6" bw="14" slack="0"/>
<pin id="1906" dir="0" index="7" bw="0" slack="2147483647"/>
<pin id="1907" dir="0" index="8" bw="14" slack="0"/>
<pin id="1908" dir="0" index="9" bw="0" slack="2147483647"/>
<pin id="1909" dir="0" index="10" bw="14" slack="0"/>
<pin id="1910" dir="0" index="11" bw="0" slack="2147483647"/>
<pin id="1911" dir="0" index="12" bw="14" slack="0"/>
<pin id="1912" dir="0" index="13" bw="0" slack="2147483647"/>
<pin id="1913" dir="0" index="14" bw="14" slack="0"/>
<pin id="1914" dir="0" index="15" bw="0" slack="2147483647"/>
<pin id="1915" dir="0" index="16" bw="14" slack="0"/>
<pin id="1916" dir="0" index="17" bw="0" slack="2147483647"/>
<pin id="1917" dir="0" index="18" bw="14" slack="0"/>
<pin id="1918" dir="0" index="19" bw="0" slack="2147483647"/>
<pin id="1919" dir="0" index="20" bw="14" slack="0"/>
<pin id="1920" dir="0" index="21" bw="0" slack="2147483647"/>
<pin id="1921" dir="0" index="22" bw="14" slack="0"/>
<pin id="1922" dir="0" index="23" bw="0" slack="2147483647"/>
<pin id="1923" dir="0" index="24" bw="14" slack="0"/>
<pin id="1924" dir="0" index="25" bw="0" slack="2147483647"/>
<pin id="1925" dir="0" index="26" bw="14" slack="0"/>
<pin id="1926" dir="0" index="27" bw="0" slack="2147483647"/>
<pin id="1927" dir="0" index="28" bw="14" slack="0"/>
<pin id="1928" dir="0" index="29" bw="0" slack="2147483647"/>
<pin id="1929" dir="0" index="30" bw="14" slack="0"/>
<pin id="1930" dir="0" index="31" bw="0" slack="2147483647"/>
<pin id="1931" dir="0" index="32" bw="14" slack="0"/>
<pin id="1932" dir="0" index="33" bw="0" slack="2147483647"/>
<pin id="1933" dir="0" index="34" bw="14" slack="0"/>
<pin id="1934" dir="0" index="35" bw="0" slack="2147483647"/>
<pin id="1935" dir="0" index="36" bw="14" slack="0"/>
<pin id="1936" dir="0" index="37" bw="0" slack="2147483647"/>
<pin id="1937" dir="0" index="38" bw="14" slack="0"/>
<pin id="1938" dir="0" index="39" bw="0" slack="2147483647"/>
<pin id="1939" dir="0" index="40" bw="14" slack="0"/>
<pin id="1940" dir="0" index="41" bw="0" slack="2147483647"/>
<pin id="1941" dir="0" index="42" bw="14" slack="0"/>
<pin id="1942" dir="0" index="43" bw="0" slack="2147483647"/>
<pin id="1943" dir="0" index="44" bw="14" slack="0"/>
<pin id="1944" dir="0" index="45" bw="0" slack="2147483647"/>
<pin id="1945" dir="0" index="46" bw="14" slack="0"/>
<pin id="1946" dir="0" index="47" bw="0" slack="2147483647"/>
<pin id="1947" dir="0" index="48" bw="14" slack="0"/>
<pin id="1948" dir="0" index="49" bw="0" slack="2147483647"/>
<pin id="1949" dir="0" index="50" bw="14" slack="0"/>
<pin id="1950" dir="0" index="51" bw="0" slack="2147483647"/>
<pin id="1951" dir="0" index="52" bw="14" slack="0"/>
<pin id="1952" dir="0" index="53" bw="0" slack="2147483647"/>
<pin id="1953" dir="0" index="54" bw="14" slack="0"/>
<pin id="1954" dir="0" index="55" bw="0" slack="2147483647"/>
<pin id="1955" dir="0" index="56" bw="14" slack="0"/>
<pin id="1956" dir="0" index="57" bw="0" slack="2147483647"/>
<pin id="1957" dir="0" index="58" bw="14" slack="0"/>
<pin id="1958" dir="0" index="59" bw="0" slack="2147483647"/>
<pin id="1959" dir="0" index="60" bw="14" slack="0"/>
<pin id="1960" dir="0" index="61" bw="0" slack="2147483647"/>
<pin id="1961" dir="0" index="62" bw="14" slack="0"/>
<pin id="1962" dir="0" index="63" bw="0" slack="2147483647"/>
<pin id="1963" dir="1" index="64" bw="14" slack="0"/>
</pin_list>
<bind>
<opcode="phi(47) " fcode="phi"/>
<opset="tmp_data_23_V/14 "/>
</bind>
</comp>

<comp id="1996" class="1005" name="tmp_data_22_V_reg_1996">
<pin_list>
<pin id="1997" dir="0" index="0" bw="14" slack="0"/>
<pin id="1998" dir="1" index="1" bw="14" slack="0"/>
</pin_list>
<bind>
<opset="tmp_data_22_V (phireg) "/>
</bind>
</comp>

<comp id="2001" class="1004" name="tmp_data_22_V_phi_fu_2001">
<pin_list>
<pin id="2002" dir="0" index="0" bw="14" slack="0"/>
<pin id="2003" dir="0" index="1" bw="0" slack="2147483647"/>
<pin id="2004" dir="0" index="2" bw="14" slack="0"/>
<pin id="2005" dir="0" index="3" bw="0" slack="2147483647"/>
<pin id="2006" dir="0" index="4" bw="14" slack="0"/>
<pin id="2007" dir="0" index="5" bw="0" slack="2147483647"/>
<pin id="2008" dir="0" index="6" bw="14" slack="0"/>
<pin id="2009" dir="0" index="7" bw="0" slack="2147483647"/>
<pin id="2010" dir="0" index="8" bw="14" slack="0"/>
<pin id="2011" dir="0" index="9" bw="0" slack="2147483647"/>
<pin id="2012" dir="0" index="10" bw="14" slack="0"/>
<pin id="2013" dir="0" index="11" bw="0" slack="2147483647"/>
<pin id="2014" dir="0" index="12" bw="14" slack="0"/>
<pin id="2015" dir="0" index="13" bw="0" slack="2147483647"/>
<pin id="2016" dir="0" index="14" bw="14" slack="0"/>
<pin id="2017" dir="0" index="15" bw="0" slack="2147483647"/>
<pin id="2018" dir="0" index="16" bw="14" slack="0"/>
<pin id="2019" dir="0" index="17" bw="0" slack="2147483647"/>
<pin id="2020" dir="0" index="18" bw="14" slack="0"/>
<pin id="2021" dir="0" index="19" bw="0" slack="2147483647"/>
<pin id="2022" dir="0" index="20" bw="14" slack="0"/>
<pin id="2023" dir="0" index="21" bw="0" slack="2147483647"/>
<pin id="2024" dir="0" index="22" bw="14" slack="0"/>
<pin id="2025" dir="0" index="23" bw="0" slack="2147483647"/>
<pin id="2026" dir="0" index="24" bw="14" slack="0"/>
<pin id="2027" dir="0" index="25" bw="0" slack="2147483647"/>
<pin id="2028" dir="0" index="26" bw="14" slack="0"/>
<pin id="2029" dir="0" index="27" bw="0" slack="2147483647"/>
<pin id="2030" dir="0" index="28" bw="14" slack="0"/>
<pin id="2031" dir="0" index="29" bw="0" slack="2147483647"/>
<pin id="2032" dir="0" index="30" bw="14" slack="0"/>
<pin id="2033" dir="0" index="31" bw="0" slack="2147483647"/>
<pin id="2034" dir="0" index="32" bw="14" slack="0"/>
<pin id="2035" dir="0" index="33" bw="0" slack="2147483647"/>
<pin id="2036" dir="0" index="34" bw="14" slack="0"/>
<pin id="2037" dir="0" index="35" bw="0" slack="2147483647"/>
<pin id="2038" dir="0" index="36" bw="14" slack="0"/>
<pin id="2039" dir="0" index="37" bw="0" slack="2147483647"/>
<pin id="2040" dir="0" index="38" bw="14" slack="0"/>
<pin id="2041" dir="0" index="39" bw="0" slack="2147483647"/>
<pin id="2042" dir="0" index="40" bw="14" slack="0"/>
<pin id="2043" dir="0" index="41" bw="0" slack="2147483647"/>
<pin id="2044" dir="0" index="42" bw="14" slack="0"/>
<pin id="2045" dir="0" index="43" bw="0" slack="2147483647"/>
<pin id="2046" dir="0" index="44" bw="14" slack="0"/>
<pin id="2047" dir="0" index="45" bw="0" slack="2147483647"/>
<pin id="2048" dir="0" index="46" bw="14" slack="0"/>
<pin id="2049" dir="0" index="47" bw="0" slack="2147483647"/>
<pin id="2050" dir="0" index="48" bw="14" slack="0"/>
<pin id="2051" dir="0" index="49" bw="0" slack="2147483647"/>
<pin id="2052" dir="0" index="50" bw="14" slack="0"/>
<pin id="2053" dir="0" index="51" bw="0" slack="2147483647"/>
<pin id="2054" dir="0" index="52" bw="14" slack="0"/>
<pin id="2055" dir="0" index="53" bw="0" slack="2147483647"/>
<pin id="2056" dir="0" index="54" bw="14" slack="0"/>
<pin id="2057" dir="0" index="55" bw="0" slack="2147483647"/>
<pin id="2058" dir="0" index="56" bw="14" slack="0"/>
<pin id="2059" dir="0" index="57" bw="0" slack="2147483647"/>
<pin id="2060" dir="0" index="58" bw="14" slack="0"/>
<pin id="2061" dir="0" index="59" bw="0" slack="2147483647"/>
<pin id="2062" dir="0" index="60" bw="14" slack="0"/>
<pin id="2063" dir="0" index="61" bw="0" slack="2147483647"/>
<pin id="2064" dir="0" index="62" bw="14" slack="0"/>
<pin id="2065" dir="0" index="63" bw="0" slack="2147483647"/>
<pin id="2066" dir="1" index="64" bw="14" slack="0"/>
</pin_list>
<bind>
<opcode="phi(47) " fcode="phi"/>
<opset="tmp_data_22_V/14 "/>
</bind>
</comp>

<comp id="2099" class="1005" name="tmp_data_21_V_reg_2099">
<pin_list>
<pin id="2100" dir="0" index="0" bw="14" slack="0"/>
<pin id="2101" dir="1" index="1" bw="14" slack="0"/>
</pin_list>
<bind>
<opset="tmp_data_21_V (phireg) "/>
</bind>
</comp>

<comp id="2104" class="1004" name="tmp_data_21_V_phi_fu_2104">
<pin_list>
<pin id="2105" dir="0" index="0" bw="14" slack="0"/>
<pin id="2106" dir="0" index="1" bw="0" slack="2147483647"/>
<pin id="2107" dir="0" index="2" bw="14" slack="0"/>
<pin id="2108" dir="0" index="3" bw="0" slack="2147483647"/>
<pin id="2109" dir="0" index="4" bw="14" slack="0"/>
<pin id="2110" dir="0" index="5" bw="0" slack="2147483647"/>
<pin id="2111" dir="0" index="6" bw="14" slack="0"/>
<pin id="2112" dir="0" index="7" bw="0" slack="2147483647"/>
<pin id="2113" dir="0" index="8" bw="14" slack="0"/>
<pin id="2114" dir="0" index="9" bw="0" slack="2147483647"/>
<pin id="2115" dir="0" index="10" bw="14" slack="0"/>
<pin id="2116" dir="0" index="11" bw="0" slack="2147483647"/>
<pin id="2117" dir="0" index="12" bw="14" slack="0"/>
<pin id="2118" dir="0" index="13" bw="0" slack="2147483647"/>
<pin id="2119" dir="0" index="14" bw="14" slack="0"/>
<pin id="2120" dir="0" index="15" bw="0" slack="2147483647"/>
<pin id="2121" dir="0" index="16" bw="14" slack="0"/>
<pin id="2122" dir="0" index="17" bw="0" slack="2147483647"/>
<pin id="2123" dir="0" index="18" bw="14" slack="0"/>
<pin id="2124" dir="0" index="19" bw="0" slack="2147483647"/>
<pin id="2125" dir="0" index="20" bw="14" slack="0"/>
<pin id="2126" dir="0" index="21" bw="0" slack="2147483647"/>
<pin id="2127" dir="0" index="22" bw="14" slack="0"/>
<pin id="2128" dir="0" index="23" bw="0" slack="2147483647"/>
<pin id="2129" dir="0" index="24" bw="14" slack="0"/>
<pin id="2130" dir="0" index="25" bw="0" slack="2147483647"/>
<pin id="2131" dir="0" index="26" bw="14" slack="0"/>
<pin id="2132" dir="0" index="27" bw="0" slack="2147483647"/>
<pin id="2133" dir="0" index="28" bw="14" slack="0"/>
<pin id="2134" dir="0" index="29" bw="0" slack="2147483647"/>
<pin id="2135" dir="0" index="30" bw="14" slack="0"/>
<pin id="2136" dir="0" index="31" bw="0" slack="2147483647"/>
<pin id="2137" dir="0" index="32" bw="14" slack="0"/>
<pin id="2138" dir="0" index="33" bw="0" slack="2147483647"/>
<pin id="2139" dir="0" index="34" bw="14" slack="0"/>
<pin id="2140" dir="0" index="35" bw="0" slack="2147483647"/>
<pin id="2141" dir="0" index="36" bw="14" slack="0"/>
<pin id="2142" dir="0" index="37" bw="0" slack="2147483647"/>
<pin id="2143" dir="0" index="38" bw="14" slack="0"/>
<pin id="2144" dir="0" index="39" bw="0" slack="2147483647"/>
<pin id="2145" dir="0" index="40" bw="14" slack="0"/>
<pin id="2146" dir="0" index="41" bw="0" slack="2147483647"/>
<pin id="2147" dir="0" index="42" bw="14" slack="0"/>
<pin id="2148" dir="0" index="43" bw="0" slack="2147483647"/>
<pin id="2149" dir="0" index="44" bw="14" slack="0"/>
<pin id="2150" dir="0" index="45" bw="0" slack="2147483647"/>
<pin id="2151" dir="0" index="46" bw="14" slack="0"/>
<pin id="2152" dir="0" index="47" bw="0" slack="2147483647"/>
<pin id="2153" dir="0" index="48" bw="14" slack="0"/>
<pin id="2154" dir="0" index="49" bw="0" slack="2147483647"/>
<pin id="2155" dir="0" index="50" bw="14" slack="0"/>
<pin id="2156" dir="0" index="51" bw="0" slack="2147483647"/>
<pin id="2157" dir="0" index="52" bw="14" slack="0"/>
<pin id="2158" dir="0" index="53" bw="0" slack="2147483647"/>
<pin id="2159" dir="0" index="54" bw="14" slack="0"/>
<pin id="2160" dir="0" index="55" bw="0" slack="2147483647"/>
<pin id="2161" dir="0" index="56" bw="14" slack="0"/>
<pin id="2162" dir="0" index="57" bw="0" slack="2147483647"/>
<pin id="2163" dir="0" index="58" bw="14" slack="0"/>
<pin id="2164" dir="0" index="59" bw="0" slack="2147483647"/>
<pin id="2165" dir="0" index="60" bw="14" slack="0"/>
<pin id="2166" dir="0" index="61" bw="0" slack="2147483647"/>
<pin id="2167" dir="0" index="62" bw="14" slack="0"/>
<pin id="2168" dir="0" index="63" bw="0" slack="2147483647"/>
<pin id="2169" dir="1" index="64" bw="14" slack="0"/>
</pin_list>
<bind>
<opcode="phi(47) " fcode="phi"/>
<opset="tmp_data_21_V/14 "/>
</bind>
</comp>

<comp id="2202" class="1005" name="tmp_data_20_V_reg_2202">
<pin_list>
<pin id="2203" dir="0" index="0" bw="14" slack="0"/>
<pin id="2204" dir="1" index="1" bw="14" slack="0"/>
</pin_list>
<bind>
<opset="tmp_data_20_V (phireg) "/>
</bind>
</comp>

<comp id="2207" class="1004" name="tmp_data_20_V_phi_fu_2207">
<pin_list>
<pin id="2208" dir="0" index="0" bw="14" slack="0"/>
<pin id="2209" dir="0" index="1" bw="0" slack="2147483647"/>
<pin id="2210" dir="0" index="2" bw="14" slack="0"/>
<pin id="2211" dir="0" index="3" bw="0" slack="2147483647"/>
<pin id="2212" dir="0" index="4" bw="14" slack="0"/>
<pin id="2213" dir="0" index="5" bw="0" slack="2147483647"/>
<pin id="2214" dir="0" index="6" bw="14" slack="0"/>
<pin id="2215" dir="0" index="7" bw="0" slack="2147483647"/>
<pin id="2216" dir="0" index="8" bw="14" slack="0"/>
<pin id="2217" dir="0" index="9" bw="0" slack="2147483647"/>
<pin id="2218" dir="0" index="10" bw="14" slack="0"/>
<pin id="2219" dir="0" index="11" bw="0" slack="2147483647"/>
<pin id="2220" dir="0" index="12" bw="14" slack="0"/>
<pin id="2221" dir="0" index="13" bw="0" slack="2147483647"/>
<pin id="2222" dir="0" index="14" bw="14" slack="0"/>
<pin id="2223" dir="0" index="15" bw="0" slack="2147483647"/>
<pin id="2224" dir="0" index="16" bw="14" slack="0"/>
<pin id="2225" dir="0" index="17" bw="0" slack="2147483647"/>
<pin id="2226" dir="0" index="18" bw="14" slack="0"/>
<pin id="2227" dir="0" index="19" bw="0" slack="2147483647"/>
<pin id="2228" dir="0" index="20" bw="14" slack="0"/>
<pin id="2229" dir="0" index="21" bw="0" slack="2147483647"/>
<pin id="2230" dir="0" index="22" bw="14" slack="0"/>
<pin id="2231" dir="0" index="23" bw="0" slack="2147483647"/>
<pin id="2232" dir="0" index="24" bw="14" slack="0"/>
<pin id="2233" dir="0" index="25" bw="0" slack="2147483647"/>
<pin id="2234" dir="0" index="26" bw="14" slack="0"/>
<pin id="2235" dir="0" index="27" bw="0" slack="2147483647"/>
<pin id="2236" dir="0" index="28" bw="14" slack="0"/>
<pin id="2237" dir="0" index="29" bw="0" slack="2147483647"/>
<pin id="2238" dir="0" index="30" bw="14" slack="0"/>
<pin id="2239" dir="0" index="31" bw="0" slack="2147483647"/>
<pin id="2240" dir="0" index="32" bw="14" slack="0"/>
<pin id="2241" dir="0" index="33" bw="0" slack="2147483647"/>
<pin id="2242" dir="0" index="34" bw="14" slack="0"/>
<pin id="2243" dir="0" index="35" bw="0" slack="2147483647"/>
<pin id="2244" dir="0" index="36" bw="14" slack="0"/>
<pin id="2245" dir="0" index="37" bw="0" slack="2147483647"/>
<pin id="2246" dir="0" index="38" bw="14" slack="0"/>
<pin id="2247" dir="0" index="39" bw="0" slack="2147483647"/>
<pin id="2248" dir="0" index="40" bw="14" slack="0"/>
<pin id="2249" dir="0" index="41" bw="0" slack="2147483647"/>
<pin id="2250" dir="0" index="42" bw="14" slack="0"/>
<pin id="2251" dir="0" index="43" bw="0" slack="2147483647"/>
<pin id="2252" dir="0" index="44" bw="14" slack="0"/>
<pin id="2253" dir="0" index="45" bw="0" slack="2147483647"/>
<pin id="2254" dir="0" index="46" bw="14" slack="0"/>
<pin id="2255" dir="0" index="47" bw="0" slack="2147483647"/>
<pin id="2256" dir="0" index="48" bw="14" slack="0"/>
<pin id="2257" dir="0" index="49" bw="0" slack="2147483647"/>
<pin id="2258" dir="0" index="50" bw="14" slack="0"/>
<pin id="2259" dir="0" index="51" bw="0" slack="2147483647"/>
<pin id="2260" dir="0" index="52" bw="14" slack="0"/>
<pin id="2261" dir="0" index="53" bw="0" slack="2147483647"/>
<pin id="2262" dir="0" index="54" bw="14" slack="0"/>
<pin id="2263" dir="0" index="55" bw="0" slack="2147483647"/>
<pin id="2264" dir="0" index="56" bw="14" slack="0"/>
<pin id="2265" dir="0" index="57" bw="0" slack="2147483647"/>
<pin id="2266" dir="0" index="58" bw="14" slack="0"/>
<pin id="2267" dir="0" index="59" bw="0" slack="2147483647"/>
<pin id="2268" dir="0" index="60" bw="14" slack="0"/>
<pin id="2269" dir="0" index="61" bw="0" slack="2147483647"/>
<pin id="2270" dir="0" index="62" bw="14" slack="0"/>
<pin id="2271" dir="0" index="63" bw="0" slack="2147483647"/>
<pin id="2272" dir="1" index="64" bw="14" slack="0"/>
</pin_list>
<bind>
<opcode="phi(47) " fcode="phi"/>
<opset="tmp_data_20_V/14 "/>
</bind>
</comp>

<comp id="2305" class="1005" name="tmp_data_19_V_reg_2305">
<pin_list>
<pin id="2306" dir="0" index="0" bw="14" slack="0"/>
<pin id="2307" dir="1" index="1" bw="14" slack="0"/>
</pin_list>
<bind>
<opset="tmp_data_19_V (phireg) "/>
</bind>
</comp>

<comp id="2310" class="1004" name="tmp_data_19_V_phi_fu_2310">
<pin_list>
<pin id="2311" dir="0" index="0" bw="14" slack="0"/>
<pin id="2312" dir="0" index="1" bw="0" slack="2147483647"/>
<pin id="2313" dir="0" index="2" bw="14" slack="0"/>
<pin id="2314" dir="0" index="3" bw="0" slack="2147483647"/>
<pin id="2315" dir="0" index="4" bw="14" slack="0"/>
<pin id="2316" dir="0" index="5" bw="0" slack="2147483647"/>
<pin id="2317" dir="0" index="6" bw="14" slack="0"/>
<pin id="2318" dir="0" index="7" bw="0" slack="2147483647"/>
<pin id="2319" dir="0" index="8" bw="14" slack="0"/>
<pin id="2320" dir="0" index="9" bw="0" slack="2147483647"/>
<pin id="2321" dir="0" index="10" bw="14" slack="0"/>
<pin id="2322" dir="0" index="11" bw="0" slack="2147483647"/>
<pin id="2323" dir="0" index="12" bw="14" slack="0"/>
<pin id="2324" dir="0" index="13" bw="0" slack="2147483647"/>
<pin id="2325" dir="0" index="14" bw="14" slack="0"/>
<pin id="2326" dir="0" index="15" bw="0" slack="2147483647"/>
<pin id="2327" dir="0" index="16" bw="14" slack="0"/>
<pin id="2328" dir="0" index="17" bw="0" slack="2147483647"/>
<pin id="2329" dir="0" index="18" bw="14" slack="0"/>
<pin id="2330" dir="0" index="19" bw="0" slack="2147483647"/>
<pin id="2331" dir="0" index="20" bw="14" slack="0"/>
<pin id="2332" dir="0" index="21" bw="0" slack="2147483647"/>
<pin id="2333" dir="0" index="22" bw="14" slack="0"/>
<pin id="2334" dir="0" index="23" bw="0" slack="2147483647"/>
<pin id="2335" dir="0" index="24" bw="14" slack="0"/>
<pin id="2336" dir="0" index="25" bw="0" slack="2147483647"/>
<pin id="2337" dir="0" index="26" bw="14" slack="0"/>
<pin id="2338" dir="0" index="27" bw="0" slack="2147483647"/>
<pin id="2339" dir="0" index="28" bw="14" slack="0"/>
<pin id="2340" dir="0" index="29" bw="0" slack="2147483647"/>
<pin id="2341" dir="0" index="30" bw="14" slack="0"/>
<pin id="2342" dir="0" index="31" bw="0" slack="2147483647"/>
<pin id="2343" dir="0" index="32" bw="14" slack="0"/>
<pin id="2344" dir="0" index="33" bw="0" slack="2147483647"/>
<pin id="2345" dir="0" index="34" bw="14" slack="0"/>
<pin id="2346" dir="0" index="35" bw="0" slack="2147483647"/>
<pin id="2347" dir="0" index="36" bw="14" slack="0"/>
<pin id="2348" dir="0" index="37" bw="0" slack="2147483647"/>
<pin id="2349" dir="0" index="38" bw="14" slack="0"/>
<pin id="2350" dir="0" index="39" bw="0" slack="2147483647"/>
<pin id="2351" dir="0" index="40" bw="14" slack="0"/>
<pin id="2352" dir="0" index="41" bw="0" slack="2147483647"/>
<pin id="2353" dir="0" index="42" bw="14" slack="0"/>
<pin id="2354" dir="0" index="43" bw="0" slack="2147483647"/>
<pin id="2355" dir="0" index="44" bw="14" slack="0"/>
<pin id="2356" dir="0" index="45" bw="0" slack="2147483647"/>
<pin id="2357" dir="0" index="46" bw="14" slack="0"/>
<pin id="2358" dir="0" index="47" bw="0" slack="2147483647"/>
<pin id="2359" dir="0" index="48" bw="14" slack="0"/>
<pin id="2360" dir="0" index="49" bw="0" slack="2147483647"/>
<pin id="2361" dir="0" index="50" bw="14" slack="0"/>
<pin id="2362" dir="0" index="51" bw="0" slack="2147483647"/>
<pin id="2363" dir="0" index="52" bw="14" slack="0"/>
<pin id="2364" dir="0" index="53" bw="0" slack="2147483647"/>
<pin id="2365" dir="0" index="54" bw="14" slack="0"/>
<pin id="2366" dir="0" index="55" bw="0" slack="2147483647"/>
<pin id="2367" dir="0" index="56" bw="14" slack="0"/>
<pin id="2368" dir="0" index="57" bw="0" slack="2147483647"/>
<pin id="2369" dir="0" index="58" bw="14" slack="0"/>
<pin id="2370" dir="0" index="59" bw="0" slack="2147483647"/>
<pin id="2371" dir="0" index="60" bw="14" slack="0"/>
<pin id="2372" dir="0" index="61" bw="0" slack="2147483647"/>
<pin id="2373" dir="0" index="62" bw="14" slack="0"/>
<pin id="2374" dir="0" index="63" bw="0" slack="2147483647"/>
<pin id="2375" dir="1" index="64" bw="14" slack="0"/>
</pin_list>
<bind>
<opcode="phi(47) " fcode="phi"/>
<opset="tmp_data_19_V/14 "/>
</bind>
</comp>

<comp id="2408" class="1005" name="tmp_data_18_V_reg_2408">
<pin_list>
<pin id="2409" dir="0" index="0" bw="14" slack="0"/>
<pin id="2410" dir="1" index="1" bw="14" slack="0"/>
</pin_list>
<bind>
<opset="tmp_data_18_V (phireg) "/>
</bind>
</comp>

<comp id="2413" class="1004" name="tmp_data_18_V_phi_fu_2413">
<pin_list>
<pin id="2414" dir="0" index="0" bw="14" slack="0"/>
<pin id="2415" dir="0" index="1" bw="0" slack="2147483647"/>
<pin id="2416" dir="0" index="2" bw="14" slack="0"/>
<pin id="2417" dir="0" index="3" bw="0" slack="2147483647"/>
<pin id="2418" dir="0" index="4" bw="14" slack="0"/>
<pin id="2419" dir="0" index="5" bw="0" slack="2147483647"/>
<pin id="2420" dir="0" index="6" bw="14" slack="0"/>
<pin id="2421" dir="0" index="7" bw="0" slack="2147483647"/>
<pin id="2422" dir="0" index="8" bw="14" slack="0"/>
<pin id="2423" dir="0" index="9" bw="0" slack="2147483647"/>
<pin id="2424" dir="0" index="10" bw="14" slack="0"/>
<pin id="2425" dir="0" index="11" bw="0" slack="2147483647"/>
<pin id="2426" dir="0" index="12" bw="14" slack="0"/>
<pin id="2427" dir="0" index="13" bw="0" slack="2147483647"/>
<pin id="2428" dir="0" index="14" bw="14" slack="0"/>
<pin id="2429" dir="0" index="15" bw="0" slack="2147483647"/>
<pin id="2430" dir="0" index="16" bw="14" slack="0"/>
<pin id="2431" dir="0" index="17" bw="0" slack="2147483647"/>
<pin id="2432" dir="0" index="18" bw="14" slack="0"/>
<pin id="2433" dir="0" index="19" bw="0" slack="2147483647"/>
<pin id="2434" dir="0" index="20" bw="14" slack="0"/>
<pin id="2435" dir="0" index="21" bw="0" slack="2147483647"/>
<pin id="2436" dir="0" index="22" bw="14" slack="0"/>
<pin id="2437" dir="0" index="23" bw="0" slack="2147483647"/>
<pin id="2438" dir="0" index="24" bw="14" slack="0"/>
<pin id="2439" dir="0" index="25" bw="0" slack="2147483647"/>
<pin id="2440" dir="0" index="26" bw="14" slack="0"/>
<pin id="2441" dir="0" index="27" bw="0" slack="2147483647"/>
<pin id="2442" dir="0" index="28" bw="14" slack="0"/>
<pin id="2443" dir="0" index="29" bw="0" slack="2147483647"/>
<pin id="2444" dir="0" index="30" bw="14" slack="0"/>
<pin id="2445" dir="0" index="31" bw="0" slack="2147483647"/>
<pin id="2446" dir="0" index="32" bw="14" slack="0"/>
<pin id="2447" dir="0" index="33" bw="0" slack="2147483647"/>
<pin id="2448" dir="0" index="34" bw="14" slack="0"/>
<pin id="2449" dir="0" index="35" bw="0" slack="2147483647"/>
<pin id="2450" dir="0" index="36" bw="14" slack="0"/>
<pin id="2451" dir="0" index="37" bw="0" slack="2147483647"/>
<pin id="2452" dir="0" index="38" bw="14" slack="0"/>
<pin id="2453" dir="0" index="39" bw="0" slack="2147483647"/>
<pin id="2454" dir="0" index="40" bw="14" slack="0"/>
<pin id="2455" dir="0" index="41" bw="0" slack="2147483647"/>
<pin id="2456" dir="0" index="42" bw="14" slack="0"/>
<pin id="2457" dir="0" index="43" bw="0" slack="2147483647"/>
<pin id="2458" dir="0" index="44" bw="14" slack="0"/>
<pin id="2459" dir="0" index="45" bw="0" slack="2147483647"/>
<pin id="2460" dir="0" index="46" bw="14" slack="0"/>
<pin id="2461" dir="0" index="47" bw="0" slack="2147483647"/>
<pin id="2462" dir="0" index="48" bw="14" slack="0"/>
<pin id="2463" dir="0" index="49" bw="0" slack="2147483647"/>
<pin id="2464" dir="0" index="50" bw="14" slack="0"/>
<pin id="2465" dir="0" index="51" bw="0" slack="2147483647"/>
<pin id="2466" dir="0" index="52" bw="14" slack="0"/>
<pin id="2467" dir="0" index="53" bw="0" slack="2147483647"/>
<pin id="2468" dir="0" index="54" bw="14" slack="0"/>
<pin id="2469" dir="0" index="55" bw="0" slack="2147483647"/>
<pin id="2470" dir="0" index="56" bw="14" slack="0"/>
<pin id="2471" dir="0" index="57" bw="0" slack="2147483647"/>
<pin id="2472" dir="0" index="58" bw="14" slack="0"/>
<pin id="2473" dir="0" index="59" bw="0" slack="2147483647"/>
<pin id="2474" dir="0" index="60" bw="14" slack="0"/>
<pin id="2475" dir="0" index="61" bw="0" slack="2147483647"/>
<pin id="2476" dir="0" index="62" bw="14" slack="0"/>
<pin id="2477" dir="0" index="63" bw="0" slack="2147483647"/>
<pin id="2478" dir="1" index="64" bw="14" slack="0"/>
</pin_list>
<bind>
<opcode="phi(47) " fcode="phi"/>
<opset="tmp_data_18_V/14 "/>
</bind>
</comp>

<comp id="2511" class="1005" name="tmp_data_17_V_reg_2511">
<pin_list>
<pin id="2512" dir="0" index="0" bw="14" slack="0"/>
<pin id="2513" dir="1" index="1" bw="14" slack="0"/>
</pin_list>
<bind>
<opset="tmp_data_17_V (phireg) "/>
</bind>
</comp>

<comp id="2516" class="1004" name="tmp_data_17_V_phi_fu_2516">
<pin_list>
<pin id="2517" dir="0" index="0" bw="14" slack="0"/>
<pin id="2518" dir="0" index="1" bw="0" slack="2147483647"/>
<pin id="2519" dir="0" index="2" bw="14" slack="0"/>
<pin id="2520" dir="0" index="3" bw="0" slack="2147483647"/>
<pin id="2521" dir="0" index="4" bw="14" slack="0"/>
<pin id="2522" dir="0" index="5" bw="0" slack="2147483647"/>
<pin id="2523" dir="0" index="6" bw="14" slack="0"/>
<pin id="2524" dir="0" index="7" bw="0" slack="2147483647"/>
<pin id="2525" dir="0" index="8" bw="14" slack="0"/>
<pin id="2526" dir="0" index="9" bw="0" slack="2147483647"/>
<pin id="2527" dir="0" index="10" bw="14" slack="0"/>
<pin id="2528" dir="0" index="11" bw="0" slack="2147483647"/>
<pin id="2529" dir="0" index="12" bw="14" slack="0"/>
<pin id="2530" dir="0" index="13" bw="0" slack="2147483647"/>
<pin id="2531" dir="0" index="14" bw="14" slack="0"/>
<pin id="2532" dir="0" index="15" bw="0" slack="2147483647"/>
<pin id="2533" dir="0" index="16" bw="14" slack="0"/>
<pin id="2534" dir="0" index="17" bw="0" slack="2147483647"/>
<pin id="2535" dir="0" index="18" bw="14" slack="0"/>
<pin id="2536" dir="0" index="19" bw="0" slack="2147483647"/>
<pin id="2537" dir="0" index="20" bw="14" slack="0"/>
<pin id="2538" dir="0" index="21" bw="0" slack="2147483647"/>
<pin id="2539" dir="0" index="22" bw="14" slack="0"/>
<pin id="2540" dir="0" index="23" bw="0" slack="2147483647"/>
<pin id="2541" dir="0" index="24" bw="14" slack="0"/>
<pin id="2542" dir="0" index="25" bw="0" slack="2147483647"/>
<pin id="2543" dir="0" index="26" bw="14" slack="0"/>
<pin id="2544" dir="0" index="27" bw="0" slack="2147483647"/>
<pin id="2545" dir="0" index="28" bw="14" slack="0"/>
<pin id="2546" dir="0" index="29" bw="0" slack="2147483647"/>
<pin id="2547" dir="0" index="30" bw="14" slack="0"/>
<pin id="2548" dir="0" index="31" bw="0" slack="2147483647"/>
<pin id="2549" dir="0" index="32" bw="14" slack="0"/>
<pin id="2550" dir="0" index="33" bw="0" slack="2147483647"/>
<pin id="2551" dir="0" index="34" bw="14" slack="0"/>
<pin id="2552" dir="0" index="35" bw="0" slack="2147483647"/>
<pin id="2553" dir="0" index="36" bw="14" slack="0"/>
<pin id="2554" dir="0" index="37" bw="0" slack="2147483647"/>
<pin id="2555" dir="0" index="38" bw="14" slack="0"/>
<pin id="2556" dir="0" index="39" bw="0" slack="2147483647"/>
<pin id="2557" dir="0" index="40" bw="14" slack="0"/>
<pin id="2558" dir="0" index="41" bw="0" slack="2147483647"/>
<pin id="2559" dir="0" index="42" bw="14" slack="0"/>
<pin id="2560" dir="0" index="43" bw="0" slack="2147483647"/>
<pin id="2561" dir="0" index="44" bw="14" slack="0"/>
<pin id="2562" dir="0" index="45" bw="0" slack="2147483647"/>
<pin id="2563" dir="0" index="46" bw="14" slack="0"/>
<pin id="2564" dir="0" index="47" bw="0" slack="2147483647"/>
<pin id="2565" dir="0" index="48" bw="14" slack="0"/>
<pin id="2566" dir="0" index="49" bw="0" slack="2147483647"/>
<pin id="2567" dir="0" index="50" bw="14" slack="0"/>
<pin id="2568" dir="0" index="51" bw="0" slack="2147483647"/>
<pin id="2569" dir="0" index="52" bw="14" slack="0"/>
<pin id="2570" dir="0" index="53" bw="0" slack="2147483647"/>
<pin id="2571" dir="0" index="54" bw="14" slack="0"/>
<pin id="2572" dir="0" index="55" bw="0" slack="2147483647"/>
<pin id="2573" dir="0" index="56" bw="14" slack="0"/>
<pin id="2574" dir="0" index="57" bw="0" slack="2147483647"/>
<pin id="2575" dir="0" index="58" bw="14" slack="0"/>
<pin id="2576" dir="0" index="59" bw="0" slack="2147483647"/>
<pin id="2577" dir="0" index="60" bw="14" slack="0"/>
<pin id="2578" dir="0" index="61" bw="0" slack="2147483647"/>
<pin id="2579" dir="0" index="62" bw="14" slack="0"/>
<pin id="2580" dir="0" index="63" bw="0" slack="2147483647"/>
<pin id="2581" dir="1" index="64" bw="14" slack="0"/>
</pin_list>
<bind>
<opcode="phi(47) " fcode="phi"/>
<opset="tmp_data_17_V/14 "/>
</bind>
</comp>

<comp id="2614" class="1005" name="tmp_data_16_V_reg_2614">
<pin_list>
<pin id="2615" dir="0" index="0" bw="14" slack="0"/>
<pin id="2616" dir="1" index="1" bw="14" slack="0"/>
</pin_list>
<bind>
<opset="tmp_data_16_V (phireg) "/>
</bind>
</comp>

<comp id="2619" class="1004" name="tmp_data_16_V_phi_fu_2619">
<pin_list>
<pin id="2620" dir="0" index="0" bw="14" slack="0"/>
<pin id="2621" dir="0" index="1" bw="0" slack="2147483647"/>
<pin id="2622" dir="0" index="2" bw="14" slack="0"/>
<pin id="2623" dir="0" index="3" bw="0" slack="2147483647"/>
<pin id="2624" dir="0" index="4" bw="14" slack="0"/>
<pin id="2625" dir="0" index="5" bw="0" slack="2147483647"/>
<pin id="2626" dir="0" index="6" bw="14" slack="0"/>
<pin id="2627" dir="0" index="7" bw="0" slack="2147483647"/>
<pin id="2628" dir="0" index="8" bw="14" slack="0"/>
<pin id="2629" dir="0" index="9" bw="0" slack="2147483647"/>
<pin id="2630" dir="0" index="10" bw="14" slack="0"/>
<pin id="2631" dir="0" index="11" bw="0" slack="2147483647"/>
<pin id="2632" dir="0" index="12" bw="14" slack="0"/>
<pin id="2633" dir="0" index="13" bw="0" slack="2147483647"/>
<pin id="2634" dir="0" index="14" bw="14" slack="0"/>
<pin id="2635" dir="0" index="15" bw="0" slack="2147483647"/>
<pin id="2636" dir="0" index="16" bw="14" slack="0"/>
<pin id="2637" dir="0" index="17" bw="0" slack="2147483647"/>
<pin id="2638" dir="0" index="18" bw="14" slack="0"/>
<pin id="2639" dir="0" index="19" bw="0" slack="2147483647"/>
<pin id="2640" dir="0" index="20" bw="14" slack="0"/>
<pin id="2641" dir="0" index="21" bw="0" slack="2147483647"/>
<pin id="2642" dir="0" index="22" bw="14" slack="0"/>
<pin id="2643" dir="0" index="23" bw="0" slack="2147483647"/>
<pin id="2644" dir="0" index="24" bw="14" slack="0"/>
<pin id="2645" dir="0" index="25" bw="0" slack="2147483647"/>
<pin id="2646" dir="0" index="26" bw="14" slack="0"/>
<pin id="2647" dir="0" index="27" bw="0" slack="2147483647"/>
<pin id="2648" dir="0" index="28" bw="14" slack="0"/>
<pin id="2649" dir="0" index="29" bw="0" slack="2147483647"/>
<pin id="2650" dir="0" index="30" bw="14" slack="0"/>
<pin id="2651" dir="0" index="31" bw="0" slack="2147483647"/>
<pin id="2652" dir="0" index="32" bw="14" slack="0"/>
<pin id="2653" dir="0" index="33" bw="0" slack="2147483647"/>
<pin id="2654" dir="0" index="34" bw="14" slack="0"/>
<pin id="2655" dir="0" index="35" bw="0" slack="2147483647"/>
<pin id="2656" dir="0" index="36" bw="14" slack="0"/>
<pin id="2657" dir="0" index="37" bw="0" slack="2147483647"/>
<pin id="2658" dir="0" index="38" bw="14" slack="0"/>
<pin id="2659" dir="0" index="39" bw="0" slack="2147483647"/>
<pin id="2660" dir="0" index="40" bw="14" slack="0"/>
<pin id="2661" dir="0" index="41" bw="0" slack="2147483647"/>
<pin id="2662" dir="0" index="42" bw="14" slack="0"/>
<pin id="2663" dir="0" index="43" bw="0" slack="2147483647"/>
<pin id="2664" dir="0" index="44" bw="14" slack="0"/>
<pin id="2665" dir="0" index="45" bw="0" slack="2147483647"/>
<pin id="2666" dir="0" index="46" bw="14" slack="0"/>
<pin id="2667" dir="0" index="47" bw="0" slack="2147483647"/>
<pin id="2668" dir="0" index="48" bw="14" slack="0"/>
<pin id="2669" dir="0" index="49" bw="0" slack="2147483647"/>
<pin id="2670" dir="0" index="50" bw="14" slack="0"/>
<pin id="2671" dir="0" index="51" bw="0" slack="2147483647"/>
<pin id="2672" dir="0" index="52" bw="14" slack="0"/>
<pin id="2673" dir="0" index="53" bw="0" slack="2147483647"/>
<pin id="2674" dir="0" index="54" bw="14" slack="0"/>
<pin id="2675" dir="0" index="55" bw="0" slack="2147483647"/>
<pin id="2676" dir="0" index="56" bw="14" slack="0"/>
<pin id="2677" dir="0" index="57" bw="0" slack="2147483647"/>
<pin id="2678" dir="0" index="58" bw="14" slack="0"/>
<pin id="2679" dir="0" index="59" bw="0" slack="2147483647"/>
<pin id="2680" dir="0" index="60" bw="14" slack="0"/>
<pin id="2681" dir="0" index="61" bw="0" slack="2147483647"/>
<pin id="2682" dir="0" index="62" bw="14" slack="0"/>
<pin id="2683" dir="0" index="63" bw="0" slack="2147483647"/>
<pin id="2684" dir="1" index="64" bw="14" slack="0"/>
</pin_list>
<bind>
<opcode="phi(47) " fcode="phi"/>
<opset="tmp_data_16_V/14 "/>
</bind>
</comp>

<comp id="2717" class="1005" name="tmp_data_15_V_reg_2717">
<pin_list>
<pin id="2718" dir="0" index="0" bw="14" slack="0"/>
<pin id="2719" dir="1" index="1" bw="14" slack="0"/>
</pin_list>
<bind>
<opset="tmp_data_15_V (phireg) "/>
</bind>
</comp>

<comp id="2722" class="1004" name="tmp_data_15_V_phi_fu_2722">
<pin_list>
<pin id="2723" dir="0" index="0" bw="14" slack="0"/>
<pin id="2724" dir="0" index="1" bw="0" slack="2147483647"/>
<pin id="2725" dir="0" index="2" bw="14" slack="0"/>
<pin id="2726" dir="0" index="3" bw="0" slack="2147483647"/>
<pin id="2727" dir="0" index="4" bw="14" slack="0"/>
<pin id="2728" dir="0" index="5" bw="0" slack="2147483647"/>
<pin id="2729" dir="0" index="6" bw="14" slack="0"/>
<pin id="2730" dir="0" index="7" bw="0" slack="2147483647"/>
<pin id="2731" dir="0" index="8" bw="14" slack="0"/>
<pin id="2732" dir="0" index="9" bw="0" slack="2147483647"/>
<pin id="2733" dir="0" index="10" bw="14" slack="0"/>
<pin id="2734" dir="0" index="11" bw="0" slack="2147483647"/>
<pin id="2735" dir="0" index="12" bw="14" slack="0"/>
<pin id="2736" dir="0" index="13" bw="0" slack="2147483647"/>
<pin id="2737" dir="0" index="14" bw="14" slack="0"/>
<pin id="2738" dir="0" index="15" bw="0" slack="2147483647"/>
<pin id="2739" dir="0" index="16" bw="14" slack="0"/>
<pin id="2740" dir="0" index="17" bw="0" slack="2147483647"/>
<pin id="2741" dir="0" index="18" bw="14" slack="0"/>
<pin id="2742" dir="0" index="19" bw="0" slack="2147483647"/>
<pin id="2743" dir="0" index="20" bw="14" slack="0"/>
<pin id="2744" dir="0" index="21" bw="0" slack="2147483647"/>
<pin id="2745" dir="0" index="22" bw="14" slack="0"/>
<pin id="2746" dir="0" index="23" bw="0" slack="2147483647"/>
<pin id="2747" dir="0" index="24" bw="14" slack="0"/>
<pin id="2748" dir="0" index="25" bw="0" slack="2147483647"/>
<pin id="2749" dir="0" index="26" bw="14" slack="0"/>
<pin id="2750" dir="0" index="27" bw="0" slack="2147483647"/>
<pin id="2751" dir="0" index="28" bw="14" slack="0"/>
<pin id="2752" dir="0" index="29" bw="0" slack="2147483647"/>
<pin id="2753" dir="0" index="30" bw="14" slack="0"/>
<pin id="2754" dir="0" index="31" bw="0" slack="2147483647"/>
<pin id="2755" dir="0" index="32" bw="14" slack="0"/>
<pin id="2756" dir="0" index="33" bw="0" slack="2147483647"/>
<pin id="2757" dir="0" index="34" bw="14" slack="0"/>
<pin id="2758" dir="0" index="35" bw="0" slack="2147483647"/>
<pin id="2759" dir="0" index="36" bw="14" slack="0"/>
<pin id="2760" dir="0" index="37" bw="0" slack="2147483647"/>
<pin id="2761" dir="0" index="38" bw="14" slack="0"/>
<pin id="2762" dir="0" index="39" bw="0" slack="2147483647"/>
<pin id="2763" dir="0" index="40" bw="14" slack="0"/>
<pin id="2764" dir="0" index="41" bw="0" slack="2147483647"/>
<pin id="2765" dir="0" index="42" bw="14" slack="0"/>
<pin id="2766" dir="0" index="43" bw="0" slack="2147483647"/>
<pin id="2767" dir="0" index="44" bw="14" slack="0"/>
<pin id="2768" dir="0" index="45" bw="0" slack="2147483647"/>
<pin id="2769" dir="0" index="46" bw="14" slack="0"/>
<pin id="2770" dir="0" index="47" bw="0" slack="2147483647"/>
<pin id="2771" dir="0" index="48" bw="14" slack="0"/>
<pin id="2772" dir="0" index="49" bw="0" slack="2147483647"/>
<pin id="2773" dir="0" index="50" bw="14" slack="0"/>
<pin id="2774" dir="0" index="51" bw="0" slack="2147483647"/>
<pin id="2775" dir="0" index="52" bw="14" slack="0"/>
<pin id="2776" dir="0" index="53" bw="0" slack="2147483647"/>
<pin id="2777" dir="0" index="54" bw="14" slack="0"/>
<pin id="2778" dir="0" index="55" bw="0" slack="2147483647"/>
<pin id="2779" dir="0" index="56" bw="14" slack="0"/>
<pin id="2780" dir="0" index="57" bw="0" slack="2147483647"/>
<pin id="2781" dir="0" index="58" bw="14" slack="0"/>
<pin id="2782" dir="0" index="59" bw="0" slack="2147483647"/>
<pin id="2783" dir="0" index="60" bw="14" slack="0"/>
<pin id="2784" dir="0" index="61" bw="0" slack="2147483647"/>
<pin id="2785" dir="0" index="62" bw="14" slack="0"/>
<pin id="2786" dir="0" index="63" bw="0" slack="2147483647"/>
<pin id="2787" dir="1" index="64" bw="14" slack="0"/>
</pin_list>
<bind>
<opcode="phi(47) " fcode="phi"/>
<opset="tmp_data_15_V/14 "/>
</bind>
</comp>

<comp id="2820" class="1005" name="tmp_data_14_V_reg_2820">
<pin_list>
<pin id="2821" dir="0" index="0" bw="14" slack="0"/>
<pin id="2822" dir="1" index="1" bw="14" slack="0"/>
</pin_list>
<bind>
<opset="tmp_data_14_V (phireg) "/>
</bind>
</comp>

<comp id="2825" class="1004" name="tmp_data_14_V_phi_fu_2825">
<pin_list>
<pin id="2826" dir="0" index="0" bw="14" slack="0"/>
<pin id="2827" dir="0" index="1" bw="0" slack="2147483647"/>
<pin id="2828" dir="0" index="2" bw="14" slack="0"/>
<pin id="2829" dir="0" index="3" bw="0" slack="2147483647"/>
<pin id="2830" dir="0" index="4" bw="14" slack="0"/>
<pin id="2831" dir="0" index="5" bw="0" slack="2147483647"/>
<pin id="2832" dir="0" index="6" bw="14" slack="0"/>
<pin id="2833" dir="0" index="7" bw="0" slack="2147483647"/>
<pin id="2834" dir="0" index="8" bw="14" slack="0"/>
<pin id="2835" dir="0" index="9" bw="0" slack="2147483647"/>
<pin id="2836" dir="0" index="10" bw="14" slack="0"/>
<pin id="2837" dir="0" index="11" bw="0" slack="2147483647"/>
<pin id="2838" dir="0" index="12" bw="14" slack="0"/>
<pin id="2839" dir="0" index="13" bw="0" slack="2147483647"/>
<pin id="2840" dir="0" index="14" bw="14" slack="0"/>
<pin id="2841" dir="0" index="15" bw="0" slack="2147483647"/>
<pin id="2842" dir="0" index="16" bw="14" slack="0"/>
<pin id="2843" dir="0" index="17" bw="0" slack="2147483647"/>
<pin id="2844" dir="0" index="18" bw="14" slack="0"/>
<pin id="2845" dir="0" index="19" bw="0" slack="2147483647"/>
<pin id="2846" dir="0" index="20" bw="14" slack="0"/>
<pin id="2847" dir="0" index="21" bw="0" slack="2147483647"/>
<pin id="2848" dir="0" index="22" bw="14" slack="0"/>
<pin id="2849" dir="0" index="23" bw="0" slack="2147483647"/>
<pin id="2850" dir="0" index="24" bw="14" slack="0"/>
<pin id="2851" dir="0" index="25" bw="0" slack="2147483647"/>
<pin id="2852" dir="0" index="26" bw="14" slack="0"/>
<pin id="2853" dir="0" index="27" bw="0" slack="2147483647"/>
<pin id="2854" dir="0" index="28" bw="14" slack="0"/>
<pin id="2855" dir="0" index="29" bw="0" slack="2147483647"/>
<pin id="2856" dir="0" index="30" bw="14" slack="0"/>
<pin id="2857" dir="0" index="31" bw="0" slack="2147483647"/>
<pin id="2858" dir="0" index="32" bw="14" slack="0"/>
<pin id="2859" dir="0" index="33" bw="0" slack="2147483647"/>
<pin id="2860" dir="0" index="34" bw="14" slack="0"/>
<pin id="2861" dir="0" index="35" bw="0" slack="2147483647"/>
<pin id="2862" dir="0" index="36" bw="14" slack="0"/>
<pin id="2863" dir="0" index="37" bw="0" slack="2147483647"/>
<pin id="2864" dir="0" index="38" bw="14" slack="0"/>
<pin id="2865" dir="0" index="39" bw="0" slack="2147483647"/>
<pin id="2866" dir="0" index="40" bw="14" slack="0"/>
<pin id="2867" dir="0" index="41" bw="0" slack="2147483647"/>
<pin id="2868" dir="0" index="42" bw="14" slack="0"/>
<pin id="2869" dir="0" index="43" bw="0" slack="2147483647"/>
<pin id="2870" dir="0" index="44" bw="14" slack="0"/>
<pin id="2871" dir="0" index="45" bw="0" slack="2147483647"/>
<pin id="2872" dir="0" index="46" bw="14" slack="0"/>
<pin id="2873" dir="0" index="47" bw="0" slack="2147483647"/>
<pin id="2874" dir="0" index="48" bw="14" slack="0"/>
<pin id="2875" dir="0" index="49" bw="0" slack="2147483647"/>
<pin id="2876" dir="0" index="50" bw="14" slack="0"/>
<pin id="2877" dir="0" index="51" bw="0" slack="2147483647"/>
<pin id="2878" dir="0" index="52" bw="14" slack="0"/>
<pin id="2879" dir="0" index="53" bw="0" slack="2147483647"/>
<pin id="2880" dir="0" index="54" bw="14" slack="0"/>
<pin id="2881" dir="0" index="55" bw="0" slack="2147483647"/>
<pin id="2882" dir="0" index="56" bw="14" slack="0"/>
<pin id="2883" dir="0" index="57" bw="0" slack="2147483647"/>
<pin id="2884" dir="0" index="58" bw="14" slack="0"/>
<pin id="2885" dir="0" index="59" bw="0" slack="2147483647"/>
<pin id="2886" dir="0" index="60" bw="14" slack="0"/>
<pin id="2887" dir="0" index="61" bw="0" slack="2147483647"/>
<pin id="2888" dir="0" index="62" bw="14" slack="0"/>
<pin id="2889" dir="0" index="63" bw="0" slack="2147483647"/>
<pin id="2890" dir="1" index="64" bw="14" slack="0"/>
</pin_list>
<bind>
<opcode="phi(47) " fcode="phi"/>
<opset="tmp_data_14_V/14 "/>
</bind>
</comp>

<comp id="2923" class="1005" name="tmp_data_13_V_reg_2923">
<pin_list>
<pin id="2924" dir="0" index="0" bw="14" slack="0"/>
<pin id="2925" dir="1" index="1" bw="14" slack="0"/>
</pin_list>
<bind>
<opset="tmp_data_13_V (phireg) "/>
</bind>
</comp>

<comp id="2928" class="1004" name="tmp_data_13_V_phi_fu_2928">
<pin_list>
<pin id="2929" dir="0" index="0" bw="14" slack="0"/>
<pin id="2930" dir="0" index="1" bw="0" slack="2147483647"/>
<pin id="2931" dir="0" index="2" bw="14" slack="0"/>
<pin id="2932" dir="0" index="3" bw="0" slack="2147483647"/>
<pin id="2933" dir="0" index="4" bw="14" slack="0"/>
<pin id="2934" dir="0" index="5" bw="0" slack="2147483647"/>
<pin id="2935" dir="0" index="6" bw="14" slack="0"/>
<pin id="2936" dir="0" index="7" bw="0" slack="2147483647"/>
<pin id="2937" dir="0" index="8" bw="14" slack="0"/>
<pin id="2938" dir="0" index="9" bw="0" slack="2147483647"/>
<pin id="2939" dir="0" index="10" bw="14" slack="0"/>
<pin id="2940" dir="0" index="11" bw="0" slack="2147483647"/>
<pin id="2941" dir="0" index="12" bw="14" slack="0"/>
<pin id="2942" dir="0" index="13" bw="0" slack="2147483647"/>
<pin id="2943" dir="0" index="14" bw="14" slack="0"/>
<pin id="2944" dir="0" index="15" bw="0" slack="2147483647"/>
<pin id="2945" dir="0" index="16" bw="14" slack="0"/>
<pin id="2946" dir="0" index="17" bw="0" slack="2147483647"/>
<pin id="2947" dir="0" index="18" bw="14" slack="0"/>
<pin id="2948" dir="0" index="19" bw="0" slack="2147483647"/>
<pin id="2949" dir="0" index="20" bw="14" slack="0"/>
<pin id="2950" dir="0" index="21" bw="0" slack="2147483647"/>
<pin id="2951" dir="0" index="22" bw="14" slack="0"/>
<pin id="2952" dir="0" index="23" bw="0" slack="2147483647"/>
<pin id="2953" dir="0" index="24" bw="14" slack="0"/>
<pin id="2954" dir="0" index="25" bw="0" slack="2147483647"/>
<pin id="2955" dir="0" index="26" bw="14" slack="0"/>
<pin id="2956" dir="0" index="27" bw="0" slack="2147483647"/>
<pin id="2957" dir="0" index="28" bw="14" slack="0"/>
<pin id="2958" dir="0" index="29" bw="0" slack="2147483647"/>
<pin id="2959" dir="0" index="30" bw="14" slack="0"/>
<pin id="2960" dir="0" index="31" bw="0" slack="2147483647"/>
<pin id="2961" dir="0" index="32" bw="14" slack="0"/>
<pin id="2962" dir="0" index="33" bw="0" slack="2147483647"/>
<pin id="2963" dir="0" index="34" bw="14" slack="0"/>
<pin id="2964" dir="0" index="35" bw="0" slack="2147483647"/>
<pin id="2965" dir="0" index="36" bw="14" slack="0"/>
<pin id="2966" dir="0" index="37" bw="0" slack="2147483647"/>
<pin id="2967" dir="0" index="38" bw="14" slack="0"/>
<pin id="2968" dir="0" index="39" bw="0" slack="2147483647"/>
<pin id="2969" dir="0" index="40" bw="14" slack="0"/>
<pin id="2970" dir="0" index="41" bw="0" slack="2147483647"/>
<pin id="2971" dir="0" index="42" bw="14" slack="0"/>
<pin id="2972" dir="0" index="43" bw="0" slack="2147483647"/>
<pin id="2973" dir="0" index="44" bw="14" slack="0"/>
<pin id="2974" dir="0" index="45" bw="0" slack="2147483647"/>
<pin id="2975" dir="0" index="46" bw="14" slack="0"/>
<pin id="2976" dir="0" index="47" bw="0" slack="2147483647"/>
<pin id="2977" dir="0" index="48" bw="14" slack="0"/>
<pin id="2978" dir="0" index="49" bw="0" slack="2147483647"/>
<pin id="2979" dir="0" index="50" bw="14" slack="0"/>
<pin id="2980" dir="0" index="51" bw="0" slack="2147483647"/>
<pin id="2981" dir="0" index="52" bw="14" slack="0"/>
<pin id="2982" dir="0" index="53" bw="0" slack="2147483647"/>
<pin id="2983" dir="0" index="54" bw="14" slack="0"/>
<pin id="2984" dir="0" index="55" bw="0" slack="2147483647"/>
<pin id="2985" dir="0" index="56" bw="14" slack="0"/>
<pin id="2986" dir="0" index="57" bw="0" slack="2147483647"/>
<pin id="2987" dir="0" index="58" bw="14" slack="0"/>
<pin id="2988" dir="0" index="59" bw="0" slack="2147483647"/>
<pin id="2989" dir="0" index="60" bw="14" slack="0"/>
<pin id="2990" dir="0" index="61" bw="0" slack="2147483647"/>
<pin id="2991" dir="0" index="62" bw="14" slack="0"/>
<pin id="2992" dir="0" index="63" bw="0" slack="2147483647"/>
<pin id="2993" dir="1" index="64" bw="14" slack="0"/>
</pin_list>
<bind>
<opcode="phi(47) " fcode="phi"/>
<opset="tmp_data_13_V/14 "/>
</bind>
</comp>

<comp id="3026" class="1005" name="tmp_data_12_V_reg_3026">
<pin_list>
<pin id="3027" dir="0" index="0" bw="14" slack="0"/>
<pin id="3028" dir="1" index="1" bw="14" slack="0"/>
</pin_list>
<bind>
<opset="tmp_data_12_V (phireg) "/>
</bind>
</comp>

<comp id="3031" class="1004" name="tmp_data_12_V_phi_fu_3031">
<pin_list>
<pin id="3032" dir="0" index="0" bw="14" slack="0"/>
<pin id="3033" dir="0" index="1" bw="0" slack="2147483647"/>
<pin id="3034" dir="0" index="2" bw="14" slack="0"/>
<pin id="3035" dir="0" index="3" bw="0" slack="2147483647"/>
<pin id="3036" dir="0" index="4" bw="14" slack="0"/>
<pin id="3037" dir="0" index="5" bw="0" slack="2147483647"/>
<pin id="3038" dir="0" index="6" bw="14" slack="0"/>
<pin id="3039" dir="0" index="7" bw="0" slack="2147483647"/>
<pin id="3040" dir="0" index="8" bw="14" slack="0"/>
<pin id="3041" dir="0" index="9" bw="0" slack="2147483647"/>
<pin id="3042" dir="0" index="10" bw="14" slack="0"/>
<pin id="3043" dir="0" index="11" bw="0" slack="2147483647"/>
<pin id="3044" dir="0" index="12" bw="14" slack="0"/>
<pin id="3045" dir="0" index="13" bw="0" slack="2147483647"/>
<pin id="3046" dir="0" index="14" bw="14" slack="0"/>
<pin id="3047" dir="0" index="15" bw="0" slack="2147483647"/>
<pin id="3048" dir="0" index="16" bw="14" slack="0"/>
<pin id="3049" dir="0" index="17" bw="0" slack="2147483647"/>
<pin id="3050" dir="0" index="18" bw="14" slack="0"/>
<pin id="3051" dir="0" index="19" bw="0" slack="2147483647"/>
<pin id="3052" dir="0" index="20" bw="14" slack="0"/>
<pin id="3053" dir="0" index="21" bw="0" slack="2147483647"/>
<pin id="3054" dir="0" index="22" bw="14" slack="0"/>
<pin id="3055" dir="0" index="23" bw="0" slack="2147483647"/>
<pin id="3056" dir="0" index="24" bw="14" slack="0"/>
<pin id="3057" dir="0" index="25" bw="0" slack="2147483647"/>
<pin id="3058" dir="0" index="26" bw="14" slack="0"/>
<pin id="3059" dir="0" index="27" bw="0" slack="2147483647"/>
<pin id="3060" dir="0" index="28" bw="14" slack="0"/>
<pin id="3061" dir="0" index="29" bw="0" slack="2147483647"/>
<pin id="3062" dir="0" index="30" bw="14" slack="0"/>
<pin id="3063" dir="0" index="31" bw="0" slack="2147483647"/>
<pin id="3064" dir="0" index="32" bw="14" slack="0"/>
<pin id="3065" dir="0" index="33" bw="0" slack="2147483647"/>
<pin id="3066" dir="0" index="34" bw="14" slack="0"/>
<pin id="3067" dir="0" index="35" bw="0" slack="2147483647"/>
<pin id="3068" dir="0" index="36" bw="14" slack="0"/>
<pin id="3069" dir="0" index="37" bw="0" slack="2147483647"/>
<pin id="3070" dir="0" index="38" bw="14" slack="0"/>
<pin id="3071" dir="0" index="39" bw="0" slack="2147483647"/>
<pin id="3072" dir="0" index="40" bw="14" slack="0"/>
<pin id="3073" dir="0" index="41" bw="0" slack="2147483647"/>
<pin id="3074" dir="0" index="42" bw="14" slack="0"/>
<pin id="3075" dir="0" index="43" bw="0" slack="2147483647"/>
<pin id="3076" dir="0" index="44" bw="14" slack="0"/>
<pin id="3077" dir="0" index="45" bw="0" slack="2147483647"/>
<pin id="3078" dir="0" index="46" bw="14" slack="0"/>
<pin id="3079" dir="0" index="47" bw="0" slack="2147483647"/>
<pin id="3080" dir="0" index="48" bw="14" slack="0"/>
<pin id="3081" dir="0" index="49" bw="0" slack="2147483647"/>
<pin id="3082" dir="0" index="50" bw="14" slack="0"/>
<pin id="3083" dir="0" index="51" bw="0" slack="2147483647"/>
<pin id="3084" dir="0" index="52" bw="14" slack="0"/>
<pin id="3085" dir="0" index="53" bw="0" slack="2147483647"/>
<pin id="3086" dir="0" index="54" bw="14" slack="0"/>
<pin id="3087" dir="0" index="55" bw="0" slack="2147483647"/>
<pin id="3088" dir="0" index="56" bw="14" slack="0"/>
<pin id="3089" dir="0" index="57" bw="0" slack="2147483647"/>
<pin id="3090" dir="0" index="58" bw="14" slack="0"/>
<pin id="3091" dir="0" index="59" bw="0" slack="2147483647"/>
<pin id="3092" dir="0" index="60" bw="14" slack="0"/>
<pin id="3093" dir="0" index="61" bw="0" slack="2147483647"/>
<pin id="3094" dir="0" index="62" bw="14" slack="0"/>
<pin id="3095" dir="0" index="63" bw="0" slack="2147483647"/>
<pin id="3096" dir="1" index="64" bw="14" slack="0"/>
</pin_list>
<bind>
<opcode="phi(47) " fcode="phi"/>
<opset="tmp_data_12_V/14 "/>
</bind>
</comp>

<comp id="3129" class="1005" name="tmp_data_11_V_reg_3129">
<pin_list>
<pin id="3130" dir="0" index="0" bw="14" slack="0"/>
<pin id="3131" dir="1" index="1" bw="14" slack="0"/>
</pin_list>
<bind>
<opset="tmp_data_11_V (phireg) "/>
</bind>
</comp>

<comp id="3134" class="1004" name="tmp_data_11_V_phi_fu_3134">
<pin_list>
<pin id="3135" dir="0" index="0" bw="14" slack="0"/>
<pin id="3136" dir="0" index="1" bw="0" slack="2147483647"/>
<pin id="3137" dir="0" index="2" bw="14" slack="0"/>
<pin id="3138" dir="0" index="3" bw="0" slack="2147483647"/>
<pin id="3139" dir="0" index="4" bw="14" slack="0"/>
<pin id="3140" dir="0" index="5" bw="0" slack="2147483647"/>
<pin id="3141" dir="0" index="6" bw="14" slack="0"/>
<pin id="3142" dir="0" index="7" bw="0" slack="2147483647"/>
<pin id="3143" dir="0" index="8" bw="14" slack="0"/>
<pin id="3144" dir="0" index="9" bw="0" slack="2147483647"/>
<pin id="3145" dir="0" index="10" bw="14" slack="0"/>
<pin id="3146" dir="0" index="11" bw="0" slack="2147483647"/>
<pin id="3147" dir="0" index="12" bw="14" slack="0"/>
<pin id="3148" dir="0" index="13" bw="0" slack="2147483647"/>
<pin id="3149" dir="0" index="14" bw="14" slack="0"/>
<pin id="3150" dir="0" index="15" bw="0" slack="2147483647"/>
<pin id="3151" dir="0" index="16" bw="14" slack="0"/>
<pin id="3152" dir="0" index="17" bw="0" slack="2147483647"/>
<pin id="3153" dir="0" index="18" bw="14" slack="0"/>
<pin id="3154" dir="0" index="19" bw="0" slack="2147483647"/>
<pin id="3155" dir="0" index="20" bw="14" slack="0"/>
<pin id="3156" dir="0" index="21" bw="0" slack="2147483647"/>
<pin id="3157" dir="0" index="22" bw="14" slack="0"/>
<pin id="3158" dir="0" index="23" bw="0" slack="2147483647"/>
<pin id="3159" dir="0" index="24" bw="14" slack="0"/>
<pin id="3160" dir="0" index="25" bw="0" slack="2147483647"/>
<pin id="3161" dir="0" index="26" bw="14" slack="0"/>
<pin id="3162" dir="0" index="27" bw="0" slack="2147483647"/>
<pin id="3163" dir="0" index="28" bw="14" slack="0"/>
<pin id="3164" dir="0" index="29" bw="0" slack="2147483647"/>
<pin id="3165" dir="0" index="30" bw="14" slack="0"/>
<pin id="3166" dir="0" index="31" bw="0" slack="2147483647"/>
<pin id="3167" dir="0" index="32" bw="14" slack="0"/>
<pin id="3168" dir="0" index="33" bw="0" slack="2147483647"/>
<pin id="3169" dir="0" index="34" bw="14" slack="0"/>
<pin id="3170" dir="0" index="35" bw="0" slack="2147483647"/>
<pin id="3171" dir="0" index="36" bw="14" slack="0"/>
<pin id="3172" dir="0" index="37" bw="0" slack="2147483647"/>
<pin id="3173" dir="0" index="38" bw="14" slack="0"/>
<pin id="3174" dir="0" index="39" bw="0" slack="2147483647"/>
<pin id="3175" dir="0" index="40" bw="14" slack="0"/>
<pin id="3176" dir="0" index="41" bw="0" slack="2147483647"/>
<pin id="3177" dir="0" index="42" bw="14" slack="0"/>
<pin id="3178" dir="0" index="43" bw="0" slack="2147483647"/>
<pin id="3179" dir="0" index="44" bw="14" slack="0"/>
<pin id="3180" dir="0" index="45" bw="0" slack="2147483647"/>
<pin id="3181" dir="0" index="46" bw="14" slack="0"/>
<pin id="3182" dir="0" index="47" bw="0" slack="2147483647"/>
<pin id="3183" dir="0" index="48" bw="14" slack="0"/>
<pin id="3184" dir="0" index="49" bw="0" slack="2147483647"/>
<pin id="3185" dir="0" index="50" bw="14" slack="0"/>
<pin id="3186" dir="0" index="51" bw="0" slack="2147483647"/>
<pin id="3187" dir="0" index="52" bw="14" slack="0"/>
<pin id="3188" dir="0" index="53" bw="0" slack="2147483647"/>
<pin id="3189" dir="0" index="54" bw="14" slack="0"/>
<pin id="3190" dir="0" index="55" bw="0" slack="2147483647"/>
<pin id="3191" dir="0" index="56" bw="14" slack="0"/>
<pin id="3192" dir="0" index="57" bw="0" slack="2147483647"/>
<pin id="3193" dir="0" index="58" bw="14" slack="0"/>
<pin id="3194" dir="0" index="59" bw="0" slack="2147483647"/>
<pin id="3195" dir="0" index="60" bw="14" slack="0"/>
<pin id="3196" dir="0" index="61" bw="0" slack="2147483647"/>
<pin id="3197" dir="0" index="62" bw="14" slack="0"/>
<pin id="3198" dir="0" index="63" bw="0" slack="2147483647"/>
<pin id="3199" dir="1" index="64" bw="14" slack="0"/>
</pin_list>
<bind>
<opcode="phi(47) " fcode="phi"/>
<opset="tmp_data_11_V/14 "/>
</bind>
</comp>

<comp id="3232" class="1005" name="tmp_data_10_V_reg_3232">
<pin_list>
<pin id="3233" dir="0" index="0" bw="14" slack="0"/>
<pin id="3234" dir="1" index="1" bw="14" slack="0"/>
</pin_list>
<bind>
<opset="tmp_data_10_V (phireg) "/>
</bind>
</comp>

<comp id="3237" class="1004" name="tmp_data_10_V_phi_fu_3237">
<pin_list>
<pin id="3238" dir="0" index="0" bw="14" slack="0"/>
<pin id="3239" dir="0" index="1" bw="0" slack="2147483647"/>
<pin id="3240" dir="0" index="2" bw="14" slack="0"/>
<pin id="3241" dir="0" index="3" bw="0" slack="2147483647"/>
<pin id="3242" dir="0" index="4" bw="14" slack="0"/>
<pin id="3243" dir="0" index="5" bw="0" slack="2147483647"/>
<pin id="3244" dir="0" index="6" bw="14" slack="0"/>
<pin id="3245" dir="0" index="7" bw="0" slack="2147483647"/>
<pin id="3246" dir="0" index="8" bw="14" slack="0"/>
<pin id="3247" dir="0" index="9" bw="0" slack="2147483647"/>
<pin id="3248" dir="0" index="10" bw="14" slack="0"/>
<pin id="3249" dir="0" index="11" bw="0" slack="2147483647"/>
<pin id="3250" dir="0" index="12" bw="14" slack="0"/>
<pin id="3251" dir="0" index="13" bw="0" slack="2147483647"/>
<pin id="3252" dir="0" index="14" bw="14" slack="0"/>
<pin id="3253" dir="0" index="15" bw="0" slack="2147483647"/>
<pin id="3254" dir="0" index="16" bw="14" slack="0"/>
<pin id="3255" dir="0" index="17" bw="0" slack="2147483647"/>
<pin id="3256" dir="0" index="18" bw="14" slack="0"/>
<pin id="3257" dir="0" index="19" bw="0" slack="2147483647"/>
<pin id="3258" dir="0" index="20" bw="14" slack="0"/>
<pin id="3259" dir="0" index="21" bw="0" slack="2147483647"/>
<pin id="3260" dir="0" index="22" bw="14" slack="0"/>
<pin id="3261" dir="0" index="23" bw="0" slack="2147483647"/>
<pin id="3262" dir="0" index="24" bw="14" slack="0"/>
<pin id="3263" dir="0" index="25" bw="0" slack="2147483647"/>
<pin id="3264" dir="0" index="26" bw="14" slack="0"/>
<pin id="3265" dir="0" index="27" bw="0" slack="2147483647"/>
<pin id="3266" dir="0" index="28" bw="14" slack="0"/>
<pin id="3267" dir="0" index="29" bw="0" slack="2147483647"/>
<pin id="3268" dir="0" index="30" bw="14" slack="0"/>
<pin id="3269" dir="0" index="31" bw="0" slack="2147483647"/>
<pin id="3270" dir="0" index="32" bw="14" slack="0"/>
<pin id="3271" dir="0" index="33" bw="0" slack="2147483647"/>
<pin id="3272" dir="0" index="34" bw="14" slack="0"/>
<pin id="3273" dir="0" index="35" bw="0" slack="2147483647"/>
<pin id="3274" dir="0" index="36" bw="14" slack="0"/>
<pin id="3275" dir="0" index="37" bw="0" slack="2147483647"/>
<pin id="3276" dir="0" index="38" bw="14" slack="0"/>
<pin id="3277" dir="0" index="39" bw="0" slack="2147483647"/>
<pin id="3278" dir="0" index="40" bw="14" slack="0"/>
<pin id="3279" dir="0" index="41" bw="0" slack="2147483647"/>
<pin id="3280" dir="0" index="42" bw="14" slack="0"/>
<pin id="3281" dir="0" index="43" bw="0" slack="2147483647"/>
<pin id="3282" dir="0" index="44" bw="14" slack="0"/>
<pin id="3283" dir="0" index="45" bw="0" slack="2147483647"/>
<pin id="3284" dir="0" index="46" bw="14" slack="0"/>
<pin id="3285" dir="0" index="47" bw="0" slack="2147483647"/>
<pin id="3286" dir="0" index="48" bw="14" slack="0"/>
<pin id="3287" dir="0" index="49" bw="0" slack="2147483647"/>
<pin id="3288" dir="0" index="50" bw="14" slack="0"/>
<pin id="3289" dir="0" index="51" bw="0" slack="2147483647"/>
<pin id="3290" dir="0" index="52" bw="14" slack="0"/>
<pin id="3291" dir="0" index="53" bw="0" slack="2147483647"/>
<pin id="3292" dir="0" index="54" bw="14" slack="0"/>
<pin id="3293" dir="0" index="55" bw="0" slack="2147483647"/>
<pin id="3294" dir="0" index="56" bw="14" slack="0"/>
<pin id="3295" dir="0" index="57" bw="0" slack="2147483647"/>
<pin id="3296" dir="0" index="58" bw="14" slack="0"/>
<pin id="3297" dir="0" index="59" bw="0" slack="2147483647"/>
<pin id="3298" dir="0" index="60" bw="14" slack="0"/>
<pin id="3299" dir="0" index="61" bw="0" slack="2147483647"/>
<pin id="3300" dir="0" index="62" bw="14" slack="0"/>
<pin id="3301" dir="0" index="63" bw="0" slack="2147483647"/>
<pin id="3302" dir="1" index="64" bw="14" slack="0"/>
</pin_list>
<bind>
<opcode="phi(47) " fcode="phi"/>
<opset="tmp_data_10_V/14 "/>
</bind>
</comp>

<comp id="3335" class="1005" name="tmp_data_9_V_reg_3335">
<pin_list>
<pin id="3336" dir="0" index="0" bw="14" slack="0"/>
<pin id="3337" dir="1" index="1" bw="14" slack="0"/>
</pin_list>
<bind>
<opset="tmp_data_9_V (phireg) "/>
</bind>
</comp>

<comp id="3340" class="1004" name="tmp_data_9_V_phi_fu_3340">
<pin_list>
<pin id="3341" dir="0" index="0" bw="14" slack="0"/>
<pin id="3342" dir="0" index="1" bw="0" slack="2147483647"/>
<pin id="3343" dir="0" index="2" bw="14" slack="0"/>
<pin id="3344" dir="0" index="3" bw="0" slack="2147483647"/>
<pin id="3345" dir="0" index="4" bw="14" slack="0"/>
<pin id="3346" dir="0" index="5" bw="0" slack="2147483647"/>
<pin id="3347" dir="0" index="6" bw="14" slack="0"/>
<pin id="3348" dir="0" index="7" bw="0" slack="2147483647"/>
<pin id="3349" dir="0" index="8" bw="14" slack="0"/>
<pin id="3350" dir="0" index="9" bw="0" slack="2147483647"/>
<pin id="3351" dir="0" index="10" bw="14" slack="0"/>
<pin id="3352" dir="0" index="11" bw="0" slack="2147483647"/>
<pin id="3353" dir="0" index="12" bw="14" slack="0"/>
<pin id="3354" dir="0" index="13" bw="0" slack="2147483647"/>
<pin id="3355" dir="0" index="14" bw="14" slack="0"/>
<pin id="3356" dir="0" index="15" bw="0" slack="2147483647"/>
<pin id="3357" dir="0" index="16" bw="14" slack="0"/>
<pin id="3358" dir="0" index="17" bw="0" slack="2147483647"/>
<pin id="3359" dir="0" index="18" bw="14" slack="0"/>
<pin id="3360" dir="0" index="19" bw="0" slack="2147483647"/>
<pin id="3361" dir="0" index="20" bw="14" slack="0"/>
<pin id="3362" dir="0" index="21" bw="0" slack="2147483647"/>
<pin id="3363" dir="0" index="22" bw="14" slack="0"/>
<pin id="3364" dir="0" index="23" bw="0" slack="2147483647"/>
<pin id="3365" dir="0" index="24" bw="14" slack="0"/>
<pin id="3366" dir="0" index="25" bw="0" slack="2147483647"/>
<pin id="3367" dir="0" index="26" bw="14" slack="0"/>
<pin id="3368" dir="0" index="27" bw="0" slack="2147483647"/>
<pin id="3369" dir="0" index="28" bw="14" slack="0"/>
<pin id="3370" dir="0" index="29" bw="0" slack="2147483647"/>
<pin id="3371" dir="0" index="30" bw="14" slack="0"/>
<pin id="3372" dir="0" index="31" bw="0" slack="2147483647"/>
<pin id="3373" dir="0" index="32" bw="14" slack="0"/>
<pin id="3374" dir="0" index="33" bw="0" slack="2147483647"/>
<pin id="3375" dir="0" index="34" bw="14" slack="0"/>
<pin id="3376" dir="0" index="35" bw="0" slack="2147483647"/>
<pin id="3377" dir="0" index="36" bw="14" slack="0"/>
<pin id="3378" dir="0" index="37" bw="0" slack="2147483647"/>
<pin id="3379" dir="0" index="38" bw="14" slack="0"/>
<pin id="3380" dir="0" index="39" bw="0" slack="2147483647"/>
<pin id="3381" dir="0" index="40" bw="14" slack="0"/>
<pin id="3382" dir="0" index="41" bw="0" slack="2147483647"/>
<pin id="3383" dir="0" index="42" bw="14" slack="0"/>
<pin id="3384" dir="0" index="43" bw="0" slack="2147483647"/>
<pin id="3385" dir="0" index="44" bw="14" slack="0"/>
<pin id="3386" dir="0" index="45" bw="0" slack="2147483647"/>
<pin id="3387" dir="0" index="46" bw="14" slack="0"/>
<pin id="3388" dir="0" index="47" bw="0" slack="2147483647"/>
<pin id="3389" dir="0" index="48" bw="14" slack="0"/>
<pin id="3390" dir="0" index="49" bw="0" slack="2147483647"/>
<pin id="3391" dir="0" index="50" bw="14" slack="0"/>
<pin id="3392" dir="0" index="51" bw="0" slack="2147483647"/>
<pin id="3393" dir="0" index="52" bw="14" slack="0"/>
<pin id="3394" dir="0" index="53" bw="0" slack="2147483647"/>
<pin id="3395" dir="0" index="54" bw="14" slack="0"/>
<pin id="3396" dir="0" index="55" bw="0" slack="2147483647"/>
<pin id="3397" dir="0" index="56" bw="14" slack="0"/>
<pin id="3398" dir="0" index="57" bw="0" slack="2147483647"/>
<pin id="3399" dir="0" index="58" bw="14" slack="0"/>
<pin id="3400" dir="0" index="59" bw="0" slack="2147483647"/>
<pin id="3401" dir="0" index="60" bw="14" slack="0"/>
<pin id="3402" dir="0" index="61" bw="0" slack="2147483647"/>
<pin id="3403" dir="0" index="62" bw="14" slack="0"/>
<pin id="3404" dir="0" index="63" bw="0" slack="2147483647"/>
<pin id="3405" dir="1" index="64" bw="14" slack="0"/>
</pin_list>
<bind>
<opcode="phi(47) " fcode="phi"/>
<opset="tmp_data_9_V/14 "/>
</bind>
</comp>

<comp id="3438" class="1005" name="tmp_data_8_V_reg_3438">
<pin_list>
<pin id="3439" dir="0" index="0" bw="14" slack="0"/>
<pin id="3440" dir="1" index="1" bw="14" slack="0"/>
</pin_list>
<bind>
<opset="tmp_data_8_V (phireg) "/>
</bind>
</comp>

<comp id="3443" class="1004" name="tmp_data_8_V_phi_fu_3443">
<pin_list>
<pin id="3444" dir="0" index="0" bw="14" slack="0"/>
<pin id="3445" dir="0" index="1" bw="0" slack="2147483647"/>
<pin id="3446" dir="0" index="2" bw="14" slack="0"/>
<pin id="3447" dir="0" index="3" bw="0" slack="2147483647"/>
<pin id="3448" dir="0" index="4" bw="14" slack="0"/>
<pin id="3449" dir="0" index="5" bw="0" slack="2147483647"/>
<pin id="3450" dir="0" index="6" bw="14" slack="0"/>
<pin id="3451" dir="0" index="7" bw="0" slack="2147483647"/>
<pin id="3452" dir="0" index="8" bw="14" slack="0"/>
<pin id="3453" dir="0" index="9" bw="0" slack="2147483647"/>
<pin id="3454" dir="0" index="10" bw="14" slack="0"/>
<pin id="3455" dir="0" index="11" bw="0" slack="2147483647"/>
<pin id="3456" dir="0" index="12" bw="14" slack="0"/>
<pin id="3457" dir="0" index="13" bw="0" slack="2147483647"/>
<pin id="3458" dir="0" index="14" bw="14" slack="0"/>
<pin id="3459" dir="0" index="15" bw="0" slack="2147483647"/>
<pin id="3460" dir="0" index="16" bw="14" slack="0"/>
<pin id="3461" dir="0" index="17" bw="0" slack="2147483647"/>
<pin id="3462" dir="0" index="18" bw="14" slack="0"/>
<pin id="3463" dir="0" index="19" bw="0" slack="2147483647"/>
<pin id="3464" dir="0" index="20" bw="14" slack="0"/>
<pin id="3465" dir="0" index="21" bw="0" slack="2147483647"/>
<pin id="3466" dir="0" index="22" bw="14" slack="0"/>
<pin id="3467" dir="0" index="23" bw="0" slack="2147483647"/>
<pin id="3468" dir="0" index="24" bw="14" slack="0"/>
<pin id="3469" dir="0" index="25" bw="0" slack="2147483647"/>
<pin id="3470" dir="0" index="26" bw="14" slack="0"/>
<pin id="3471" dir="0" index="27" bw="0" slack="2147483647"/>
<pin id="3472" dir="0" index="28" bw="14" slack="0"/>
<pin id="3473" dir="0" index="29" bw="0" slack="2147483647"/>
<pin id="3474" dir="0" index="30" bw="14" slack="0"/>
<pin id="3475" dir="0" index="31" bw="0" slack="2147483647"/>
<pin id="3476" dir="0" index="32" bw="14" slack="0"/>
<pin id="3477" dir="0" index="33" bw="0" slack="2147483647"/>
<pin id="3478" dir="0" index="34" bw="14" slack="0"/>
<pin id="3479" dir="0" index="35" bw="0" slack="2147483647"/>
<pin id="3480" dir="0" index="36" bw="14" slack="0"/>
<pin id="3481" dir="0" index="37" bw="0" slack="2147483647"/>
<pin id="3482" dir="0" index="38" bw="14" slack="0"/>
<pin id="3483" dir="0" index="39" bw="0" slack="2147483647"/>
<pin id="3484" dir="0" index="40" bw="14" slack="0"/>
<pin id="3485" dir="0" index="41" bw="0" slack="2147483647"/>
<pin id="3486" dir="0" index="42" bw="14" slack="0"/>
<pin id="3487" dir="0" index="43" bw="0" slack="2147483647"/>
<pin id="3488" dir="0" index="44" bw="14" slack="0"/>
<pin id="3489" dir="0" index="45" bw="0" slack="2147483647"/>
<pin id="3490" dir="0" index="46" bw="14" slack="0"/>
<pin id="3491" dir="0" index="47" bw="0" slack="2147483647"/>
<pin id="3492" dir="0" index="48" bw="14" slack="0"/>
<pin id="3493" dir="0" index="49" bw="0" slack="2147483647"/>
<pin id="3494" dir="0" index="50" bw="14" slack="0"/>
<pin id="3495" dir="0" index="51" bw="0" slack="2147483647"/>
<pin id="3496" dir="0" index="52" bw="14" slack="0"/>
<pin id="3497" dir="0" index="53" bw="0" slack="2147483647"/>
<pin id="3498" dir="0" index="54" bw="14" slack="0"/>
<pin id="3499" dir="0" index="55" bw="0" slack="2147483647"/>
<pin id="3500" dir="0" index="56" bw="14" slack="0"/>
<pin id="3501" dir="0" index="57" bw="0" slack="2147483647"/>
<pin id="3502" dir="0" index="58" bw="14" slack="0"/>
<pin id="3503" dir="0" index="59" bw="0" slack="2147483647"/>
<pin id="3504" dir="0" index="60" bw="14" slack="0"/>
<pin id="3505" dir="0" index="61" bw="0" slack="2147483647"/>
<pin id="3506" dir="0" index="62" bw="14" slack="0"/>
<pin id="3507" dir="0" index="63" bw="0" slack="2147483647"/>
<pin id="3508" dir="1" index="64" bw="14" slack="0"/>
</pin_list>
<bind>
<opcode="phi(47) " fcode="phi"/>
<opset="tmp_data_8_V/14 "/>
</bind>
</comp>

<comp id="3541" class="1005" name="tmp_data_7_V_reg_3541">
<pin_list>
<pin id="3542" dir="0" index="0" bw="14" slack="0"/>
<pin id="3543" dir="1" index="1" bw="14" slack="0"/>
</pin_list>
<bind>
<opset="tmp_data_7_V (phireg) "/>
</bind>
</comp>

<comp id="3546" class="1004" name="tmp_data_7_V_phi_fu_3546">
<pin_list>
<pin id="3547" dir="0" index="0" bw="14" slack="0"/>
<pin id="3548" dir="0" index="1" bw="0" slack="2147483647"/>
<pin id="3549" dir="0" index="2" bw="14" slack="0"/>
<pin id="3550" dir="0" index="3" bw="0" slack="2147483647"/>
<pin id="3551" dir="0" index="4" bw="14" slack="0"/>
<pin id="3552" dir="0" index="5" bw="0" slack="2147483647"/>
<pin id="3553" dir="0" index="6" bw="14" slack="0"/>
<pin id="3554" dir="0" index="7" bw="0" slack="2147483647"/>
<pin id="3555" dir="0" index="8" bw="14" slack="0"/>
<pin id="3556" dir="0" index="9" bw="0" slack="2147483647"/>
<pin id="3557" dir="0" index="10" bw="14" slack="0"/>
<pin id="3558" dir="0" index="11" bw="0" slack="2147483647"/>
<pin id="3559" dir="0" index="12" bw="14" slack="0"/>
<pin id="3560" dir="0" index="13" bw="0" slack="2147483647"/>
<pin id="3561" dir="0" index="14" bw="14" slack="0"/>
<pin id="3562" dir="0" index="15" bw="0" slack="2147483647"/>
<pin id="3563" dir="0" index="16" bw="14" slack="0"/>
<pin id="3564" dir="0" index="17" bw="0" slack="2147483647"/>
<pin id="3565" dir="0" index="18" bw="14" slack="0"/>
<pin id="3566" dir="0" index="19" bw="0" slack="2147483647"/>
<pin id="3567" dir="0" index="20" bw="14" slack="0"/>
<pin id="3568" dir="0" index="21" bw="0" slack="2147483647"/>
<pin id="3569" dir="0" index="22" bw="14" slack="0"/>
<pin id="3570" dir="0" index="23" bw="0" slack="2147483647"/>
<pin id="3571" dir="0" index="24" bw="14" slack="0"/>
<pin id="3572" dir="0" index="25" bw="0" slack="2147483647"/>
<pin id="3573" dir="0" index="26" bw="14" slack="0"/>
<pin id="3574" dir="0" index="27" bw="0" slack="2147483647"/>
<pin id="3575" dir="0" index="28" bw="14" slack="0"/>
<pin id="3576" dir="0" index="29" bw="0" slack="2147483647"/>
<pin id="3577" dir="0" index="30" bw="14" slack="0"/>
<pin id="3578" dir="0" index="31" bw="0" slack="2147483647"/>
<pin id="3579" dir="0" index="32" bw="14" slack="0"/>
<pin id="3580" dir="0" index="33" bw="0" slack="2147483647"/>
<pin id="3581" dir="0" index="34" bw="14" slack="0"/>
<pin id="3582" dir="0" index="35" bw="0" slack="2147483647"/>
<pin id="3583" dir="0" index="36" bw="14" slack="0"/>
<pin id="3584" dir="0" index="37" bw="0" slack="2147483647"/>
<pin id="3585" dir="0" index="38" bw="14" slack="0"/>
<pin id="3586" dir="0" index="39" bw="0" slack="2147483647"/>
<pin id="3587" dir="0" index="40" bw="14" slack="0"/>
<pin id="3588" dir="0" index="41" bw="0" slack="2147483647"/>
<pin id="3589" dir="0" index="42" bw="14" slack="0"/>
<pin id="3590" dir="0" index="43" bw="0" slack="2147483647"/>
<pin id="3591" dir="0" index="44" bw="14" slack="0"/>
<pin id="3592" dir="0" index="45" bw="0" slack="2147483647"/>
<pin id="3593" dir="0" index="46" bw="14" slack="0"/>
<pin id="3594" dir="0" index="47" bw="0" slack="2147483647"/>
<pin id="3595" dir="0" index="48" bw="14" slack="0"/>
<pin id="3596" dir="0" index="49" bw="0" slack="2147483647"/>
<pin id="3597" dir="0" index="50" bw="14" slack="0"/>
<pin id="3598" dir="0" index="51" bw="0" slack="2147483647"/>
<pin id="3599" dir="0" index="52" bw="14" slack="0"/>
<pin id="3600" dir="0" index="53" bw="0" slack="2147483647"/>
<pin id="3601" dir="0" index="54" bw="14" slack="0"/>
<pin id="3602" dir="0" index="55" bw="0" slack="2147483647"/>
<pin id="3603" dir="0" index="56" bw="14" slack="0"/>
<pin id="3604" dir="0" index="57" bw="0" slack="2147483647"/>
<pin id="3605" dir="0" index="58" bw="14" slack="0"/>
<pin id="3606" dir="0" index="59" bw="0" slack="2147483647"/>
<pin id="3607" dir="0" index="60" bw="14" slack="0"/>
<pin id="3608" dir="0" index="61" bw="0" slack="2147483647"/>
<pin id="3609" dir="0" index="62" bw="14" slack="0"/>
<pin id="3610" dir="0" index="63" bw="0" slack="2147483647"/>
<pin id="3611" dir="1" index="64" bw="14" slack="0"/>
</pin_list>
<bind>
<opcode="phi(47) " fcode="phi"/>
<opset="tmp_data_7_V/14 "/>
</bind>
</comp>

<comp id="3644" class="1005" name="tmp_data_6_V_reg_3644">
<pin_list>
<pin id="3645" dir="0" index="0" bw="14" slack="0"/>
<pin id="3646" dir="1" index="1" bw="14" slack="0"/>
</pin_list>
<bind>
<opset="tmp_data_6_V (phireg) "/>
</bind>
</comp>

<comp id="3649" class="1004" name="tmp_data_6_V_phi_fu_3649">
<pin_list>
<pin id="3650" dir="0" index="0" bw="14" slack="0"/>
<pin id="3651" dir="0" index="1" bw="0" slack="2147483647"/>
<pin id="3652" dir="0" index="2" bw="14" slack="0"/>
<pin id="3653" dir="0" index="3" bw="0" slack="2147483647"/>
<pin id="3654" dir="0" index="4" bw="14" slack="0"/>
<pin id="3655" dir="0" index="5" bw="0" slack="2147483647"/>
<pin id="3656" dir="0" index="6" bw="14" slack="0"/>
<pin id="3657" dir="0" index="7" bw="0" slack="2147483647"/>
<pin id="3658" dir="0" index="8" bw="14" slack="0"/>
<pin id="3659" dir="0" index="9" bw="0" slack="2147483647"/>
<pin id="3660" dir="0" index="10" bw="14" slack="0"/>
<pin id="3661" dir="0" index="11" bw="0" slack="2147483647"/>
<pin id="3662" dir="0" index="12" bw="14" slack="0"/>
<pin id="3663" dir="0" index="13" bw="0" slack="2147483647"/>
<pin id="3664" dir="0" index="14" bw="14" slack="0"/>
<pin id="3665" dir="0" index="15" bw="0" slack="2147483647"/>
<pin id="3666" dir="0" index="16" bw="14" slack="0"/>
<pin id="3667" dir="0" index="17" bw="0" slack="2147483647"/>
<pin id="3668" dir="0" index="18" bw="14" slack="0"/>
<pin id="3669" dir="0" index="19" bw="0" slack="2147483647"/>
<pin id="3670" dir="0" index="20" bw="14" slack="0"/>
<pin id="3671" dir="0" index="21" bw="0" slack="2147483647"/>
<pin id="3672" dir="0" index="22" bw="14" slack="0"/>
<pin id="3673" dir="0" index="23" bw="0" slack="2147483647"/>
<pin id="3674" dir="0" index="24" bw="14" slack="0"/>
<pin id="3675" dir="0" index="25" bw="0" slack="2147483647"/>
<pin id="3676" dir="0" index="26" bw="14" slack="0"/>
<pin id="3677" dir="0" index="27" bw="0" slack="2147483647"/>
<pin id="3678" dir="0" index="28" bw="14" slack="0"/>
<pin id="3679" dir="0" index="29" bw="0" slack="2147483647"/>
<pin id="3680" dir="0" index="30" bw="14" slack="0"/>
<pin id="3681" dir="0" index="31" bw="0" slack="2147483647"/>
<pin id="3682" dir="0" index="32" bw="14" slack="0"/>
<pin id="3683" dir="0" index="33" bw="0" slack="2147483647"/>
<pin id="3684" dir="0" index="34" bw="14" slack="0"/>
<pin id="3685" dir="0" index="35" bw="0" slack="2147483647"/>
<pin id="3686" dir="0" index="36" bw="14" slack="0"/>
<pin id="3687" dir="0" index="37" bw="0" slack="2147483647"/>
<pin id="3688" dir="0" index="38" bw="14" slack="0"/>
<pin id="3689" dir="0" index="39" bw="0" slack="2147483647"/>
<pin id="3690" dir="0" index="40" bw="14" slack="0"/>
<pin id="3691" dir="0" index="41" bw="0" slack="2147483647"/>
<pin id="3692" dir="0" index="42" bw="14" slack="0"/>
<pin id="3693" dir="0" index="43" bw="0" slack="2147483647"/>
<pin id="3694" dir="0" index="44" bw="14" slack="0"/>
<pin id="3695" dir="0" index="45" bw="0" slack="2147483647"/>
<pin id="3696" dir="0" index="46" bw="14" slack="0"/>
<pin id="3697" dir="0" index="47" bw="0" slack="2147483647"/>
<pin id="3698" dir="0" index="48" bw="14" slack="0"/>
<pin id="3699" dir="0" index="49" bw="0" slack="2147483647"/>
<pin id="3700" dir="0" index="50" bw="14" slack="0"/>
<pin id="3701" dir="0" index="51" bw="0" slack="2147483647"/>
<pin id="3702" dir="0" index="52" bw="14" slack="0"/>
<pin id="3703" dir="0" index="53" bw="0" slack="2147483647"/>
<pin id="3704" dir="0" index="54" bw="14" slack="0"/>
<pin id="3705" dir="0" index="55" bw="0" slack="2147483647"/>
<pin id="3706" dir="0" index="56" bw="14" slack="0"/>
<pin id="3707" dir="0" index="57" bw="0" slack="2147483647"/>
<pin id="3708" dir="0" index="58" bw="14" slack="0"/>
<pin id="3709" dir="0" index="59" bw="0" slack="2147483647"/>
<pin id="3710" dir="0" index="60" bw="14" slack="0"/>
<pin id="3711" dir="0" index="61" bw="0" slack="2147483647"/>
<pin id="3712" dir="0" index="62" bw="14" slack="0"/>
<pin id="3713" dir="0" index="63" bw="0" slack="2147483647"/>
<pin id="3714" dir="1" index="64" bw="14" slack="0"/>
</pin_list>
<bind>
<opcode="phi(47) " fcode="phi"/>
<opset="tmp_data_6_V/14 "/>
</bind>
</comp>

<comp id="3747" class="1005" name="tmp_data_5_V_reg_3747">
<pin_list>
<pin id="3748" dir="0" index="0" bw="14" slack="0"/>
<pin id="3749" dir="1" index="1" bw="14" slack="0"/>
</pin_list>
<bind>
<opset="tmp_data_5_V (phireg) "/>
</bind>
</comp>

<comp id="3752" class="1004" name="tmp_data_5_V_phi_fu_3752">
<pin_list>
<pin id="3753" dir="0" index="0" bw="14" slack="0"/>
<pin id="3754" dir="0" index="1" bw="0" slack="2147483647"/>
<pin id="3755" dir="0" index="2" bw="14" slack="0"/>
<pin id="3756" dir="0" index="3" bw="0" slack="2147483647"/>
<pin id="3757" dir="0" index="4" bw="14" slack="0"/>
<pin id="3758" dir="0" index="5" bw="0" slack="2147483647"/>
<pin id="3759" dir="0" index="6" bw="14" slack="0"/>
<pin id="3760" dir="0" index="7" bw="0" slack="2147483647"/>
<pin id="3761" dir="0" index="8" bw="14" slack="0"/>
<pin id="3762" dir="0" index="9" bw="0" slack="2147483647"/>
<pin id="3763" dir="0" index="10" bw="14" slack="0"/>
<pin id="3764" dir="0" index="11" bw="0" slack="2147483647"/>
<pin id="3765" dir="0" index="12" bw="14" slack="0"/>
<pin id="3766" dir="0" index="13" bw="0" slack="2147483647"/>
<pin id="3767" dir="0" index="14" bw="14" slack="0"/>
<pin id="3768" dir="0" index="15" bw="0" slack="2147483647"/>
<pin id="3769" dir="0" index="16" bw="14" slack="0"/>
<pin id="3770" dir="0" index="17" bw="0" slack="2147483647"/>
<pin id="3771" dir="0" index="18" bw="14" slack="0"/>
<pin id="3772" dir="0" index="19" bw="0" slack="2147483647"/>
<pin id="3773" dir="0" index="20" bw="14" slack="0"/>
<pin id="3774" dir="0" index="21" bw="0" slack="2147483647"/>
<pin id="3775" dir="0" index="22" bw="14" slack="0"/>
<pin id="3776" dir="0" index="23" bw="0" slack="2147483647"/>
<pin id="3777" dir="0" index="24" bw="14" slack="0"/>
<pin id="3778" dir="0" index="25" bw="0" slack="2147483647"/>
<pin id="3779" dir="0" index="26" bw="14" slack="0"/>
<pin id="3780" dir="0" index="27" bw="0" slack="2147483647"/>
<pin id="3781" dir="0" index="28" bw="14" slack="0"/>
<pin id="3782" dir="0" index="29" bw="0" slack="2147483647"/>
<pin id="3783" dir="0" index="30" bw="14" slack="0"/>
<pin id="3784" dir="0" index="31" bw="0" slack="2147483647"/>
<pin id="3785" dir="0" index="32" bw="14" slack="0"/>
<pin id="3786" dir="0" index="33" bw="0" slack="2147483647"/>
<pin id="3787" dir="0" index="34" bw="14" slack="0"/>
<pin id="3788" dir="0" index="35" bw="0" slack="2147483647"/>
<pin id="3789" dir="0" index="36" bw="14" slack="0"/>
<pin id="3790" dir="0" index="37" bw="0" slack="2147483647"/>
<pin id="3791" dir="0" index="38" bw="14" slack="0"/>
<pin id="3792" dir="0" index="39" bw="0" slack="2147483647"/>
<pin id="3793" dir="0" index="40" bw="14" slack="0"/>
<pin id="3794" dir="0" index="41" bw="0" slack="2147483647"/>
<pin id="3795" dir="0" index="42" bw="14" slack="0"/>
<pin id="3796" dir="0" index="43" bw="0" slack="2147483647"/>
<pin id="3797" dir="0" index="44" bw="14" slack="0"/>
<pin id="3798" dir="0" index="45" bw="0" slack="2147483647"/>
<pin id="3799" dir="0" index="46" bw="14" slack="0"/>
<pin id="3800" dir="0" index="47" bw="0" slack="2147483647"/>
<pin id="3801" dir="0" index="48" bw="14" slack="0"/>
<pin id="3802" dir="0" index="49" bw="0" slack="2147483647"/>
<pin id="3803" dir="0" index="50" bw="14" slack="0"/>
<pin id="3804" dir="0" index="51" bw="0" slack="2147483647"/>
<pin id="3805" dir="0" index="52" bw="14" slack="0"/>
<pin id="3806" dir="0" index="53" bw="0" slack="2147483647"/>
<pin id="3807" dir="0" index="54" bw="14" slack="0"/>
<pin id="3808" dir="0" index="55" bw="0" slack="2147483647"/>
<pin id="3809" dir="0" index="56" bw="14" slack="0"/>
<pin id="3810" dir="0" index="57" bw="0" slack="2147483647"/>
<pin id="3811" dir="0" index="58" bw="14" slack="0"/>
<pin id="3812" dir="0" index="59" bw="0" slack="2147483647"/>
<pin id="3813" dir="0" index="60" bw="14" slack="0"/>
<pin id="3814" dir="0" index="61" bw="0" slack="2147483647"/>
<pin id="3815" dir="0" index="62" bw="14" slack="0"/>
<pin id="3816" dir="0" index="63" bw="0" slack="2147483647"/>
<pin id="3817" dir="1" index="64" bw="14" slack="0"/>
</pin_list>
<bind>
<opcode="phi(47) " fcode="phi"/>
<opset="tmp_data_5_V/14 "/>
</bind>
</comp>

<comp id="3850" class="1005" name="tmp_data_4_V_reg_3850">
<pin_list>
<pin id="3851" dir="0" index="0" bw="14" slack="0"/>
<pin id="3852" dir="1" index="1" bw="14" slack="0"/>
</pin_list>
<bind>
<opset="tmp_data_4_V (phireg) "/>
</bind>
</comp>

<comp id="3855" class="1004" name="tmp_data_4_V_phi_fu_3855">
<pin_list>
<pin id="3856" dir="0" index="0" bw="14" slack="0"/>
<pin id="3857" dir="0" index="1" bw="0" slack="2147483647"/>
<pin id="3858" dir="0" index="2" bw="14" slack="0"/>
<pin id="3859" dir="0" index="3" bw="0" slack="2147483647"/>
<pin id="3860" dir="0" index="4" bw="14" slack="0"/>
<pin id="3861" dir="0" index="5" bw="0" slack="2147483647"/>
<pin id="3862" dir="0" index="6" bw="14" slack="0"/>
<pin id="3863" dir="0" index="7" bw="0" slack="2147483647"/>
<pin id="3864" dir="0" index="8" bw="14" slack="0"/>
<pin id="3865" dir="0" index="9" bw="0" slack="2147483647"/>
<pin id="3866" dir="0" index="10" bw="14" slack="0"/>
<pin id="3867" dir="0" index="11" bw="0" slack="2147483647"/>
<pin id="3868" dir="0" index="12" bw="14" slack="0"/>
<pin id="3869" dir="0" index="13" bw="0" slack="2147483647"/>
<pin id="3870" dir="0" index="14" bw="14" slack="0"/>
<pin id="3871" dir="0" index="15" bw="0" slack="2147483647"/>
<pin id="3872" dir="0" index="16" bw="14" slack="0"/>
<pin id="3873" dir="0" index="17" bw="0" slack="2147483647"/>
<pin id="3874" dir="0" index="18" bw="14" slack="0"/>
<pin id="3875" dir="0" index="19" bw="0" slack="2147483647"/>
<pin id="3876" dir="0" index="20" bw="14" slack="0"/>
<pin id="3877" dir="0" index="21" bw="0" slack="2147483647"/>
<pin id="3878" dir="0" index="22" bw="14" slack="0"/>
<pin id="3879" dir="0" index="23" bw="0" slack="2147483647"/>
<pin id="3880" dir="0" index="24" bw="14" slack="0"/>
<pin id="3881" dir="0" index="25" bw="0" slack="2147483647"/>
<pin id="3882" dir="0" index="26" bw="14" slack="0"/>
<pin id="3883" dir="0" index="27" bw="0" slack="2147483647"/>
<pin id="3884" dir="0" index="28" bw="14" slack="0"/>
<pin id="3885" dir="0" index="29" bw="0" slack="2147483647"/>
<pin id="3886" dir="0" index="30" bw="14" slack="0"/>
<pin id="3887" dir="0" index="31" bw="0" slack="2147483647"/>
<pin id="3888" dir="0" index="32" bw="14" slack="0"/>
<pin id="3889" dir="0" index="33" bw="0" slack="2147483647"/>
<pin id="3890" dir="0" index="34" bw="14" slack="0"/>
<pin id="3891" dir="0" index="35" bw="0" slack="2147483647"/>
<pin id="3892" dir="0" index="36" bw="14" slack="0"/>
<pin id="3893" dir="0" index="37" bw="0" slack="2147483647"/>
<pin id="3894" dir="0" index="38" bw="14" slack="0"/>
<pin id="3895" dir="0" index="39" bw="0" slack="2147483647"/>
<pin id="3896" dir="0" index="40" bw="14" slack="0"/>
<pin id="3897" dir="0" index="41" bw="0" slack="2147483647"/>
<pin id="3898" dir="0" index="42" bw="14" slack="0"/>
<pin id="3899" dir="0" index="43" bw="0" slack="2147483647"/>
<pin id="3900" dir="0" index="44" bw="14" slack="0"/>
<pin id="3901" dir="0" index="45" bw="0" slack="2147483647"/>
<pin id="3902" dir="0" index="46" bw="14" slack="0"/>
<pin id="3903" dir="0" index="47" bw="0" slack="2147483647"/>
<pin id="3904" dir="0" index="48" bw="14" slack="0"/>
<pin id="3905" dir="0" index="49" bw="0" slack="2147483647"/>
<pin id="3906" dir="0" index="50" bw="14" slack="0"/>
<pin id="3907" dir="0" index="51" bw="0" slack="2147483647"/>
<pin id="3908" dir="0" index="52" bw="14" slack="0"/>
<pin id="3909" dir="0" index="53" bw="0" slack="2147483647"/>
<pin id="3910" dir="0" index="54" bw="14" slack="0"/>
<pin id="3911" dir="0" index="55" bw="0" slack="2147483647"/>
<pin id="3912" dir="0" index="56" bw="14" slack="0"/>
<pin id="3913" dir="0" index="57" bw="0" slack="2147483647"/>
<pin id="3914" dir="0" index="58" bw="14" slack="0"/>
<pin id="3915" dir="0" index="59" bw="0" slack="2147483647"/>
<pin id="3916" dir="0" index="60" bw="14" slack="0"/>
<pin id="3917" dir="0" index="61" bw="0" slack="2147483647"/>
<pin id="3918" dir="0" index="62" bw="14" slack="0"/>
<pin id="3919" dir="0" index="63" bw="0" slack="2147483647"/>
<pin id="3920" dir="1" index="64" bw="14" slack="0"/>
</pin_list>
<bind>
<opcode="phi(47) " fcode="phi"/>
<opset="tmp_data_4_V/14 "/>
</bind>
</comp>

<comp id="3953" class="1005" name="tmp_data_3_V_reg_3953">
<pin_list>
<pin id="3954" dir="0" index="0" bw="14" slack="0"/>
<pin id="3955" dir="1" index="1" bw="14" slack="0"/>
</pin_list>
<bind>
<opset="tmp_data_3_V (phireg) "/>
</bind>
</comp>

<comp id="3958" class="1004" name="tmp_data_3_V_phi_fu_3958">
<pin_list>
<pin id="3959" dir="0" index="0" bw="14" slack="0"/>
<pin id="3960" dir="0" index="1" bw="0" slack="2147483647"/>
<pin id="3961" dir="0" index="2" bw="14" slack="0"/>
<pin id="3962" dir="0" index="3" bw="0" slack="2147483647"/>
<pin id="3963" dir="0" index="4" bw="14" slack="0"/>
<pin id="3964" dir="0" index="5" bw="0" slack="2147483647"/>
<pin id="3965" dir="0" index="6" bw="14" slack="0"/>
<pin id="3966" dir="0" index="7" bw="0" slack="2147483647"/>
<pin id="3967" dir="0" index="8" bw="14" slack="0"/>
<pin id="3968" dir="0" index="9" bw="0" slack="2147483647"/>
<pin id="3969" dir="0" index="10" bw="14" slack="0"/>
<pin id="3970" dir="0" index="11" bw="0" slack="2147483647"/>
<pin id="3971" dir="0" index="12" bw="14" slack="0"/>
<pin id="3972" dir="0" index="13" bw="0" slack="2147483647"/>
<pin id="3973" dir="0" index="14" bw="14" slack="0"/>
<pin id="3974" dir="0" index="15" bw="0" slack="2147483647"/>
<pin id="3975" dir="0" index="16" bw="14" slack="0"/>
<pin id="3976" dir="0" index="17" bw="0" slack="2147483647"/>
<pin id="3977" dir="0" index="18" bw="14" slack="0"/>
<pin id="3978" dir="0" index="19" bw="0" slack="2147483647"/>
<pin id="3979" dir="0" index="20" bw="14" slack="0"/>
<pin id="3980" dir="0" index="21" bw="0" slack="2147483647"/>
<pin id="3981" dir="0" index="22" bw="14" slack="0"/>
<pin id="3982" dir="0" index="23" bw="0" slack="2147483647"/>
<pin id="3983" dir="0" index="24" bw="14" slack="0"/>
<pin id="3984" dir="0" index="25" bw="0" slack="2147483647"/>
<pin id="3985" dir="0" index="26" bw="14" slack="0"/>
<pin id="3986" dir="0" index="27" bw="0" slack="2147483647"/>
<pin id="3987" dir="0" index="28" bw="14" slack="0"/>
<pin id="3988" dir="0" index="29" bw="0" slack="2147483647"/>
<pin id="3989" dir="0" index="30" bw="14" slack="0"/>
<pin id="3990" dir="0" index="31" bw="0" slack="2147483647"/>
<pin id="3991" dir="0" index="32" bw="14" slack="0"/>
<pin id="3992" dir="0" index="33" bw="0" slack="2147483647"/>
<pin id="3993" dir="0" index="34" bw="14" slack="0"/>
<pin id="3994" dir="0" index="35" bw="0" slack="2147483647"/>
<pin id="3995" dir="0" index="36" bw="14" slack="0"/>
<pin id="3996" dir="0" index="37" bw="0" slack="2147483647"/>
<pin id="3997" dir="0" index="38" bw="14" slack="0"/>
<pin id="3998" dir="0" index="39" bw="0" slack="2147483647"/>
<pin id="3999" dir="0" index="40" bw="14" slack="0"/>
<pin id="4000" dir="0" index="41" bw="0" slack="2147483647"/>
<pin id="4001" dir="0" index="42" bw="14" slack="0"/>
<pin id="4002" dir="0" index="43" bw="0" slack="2147483647"/>
<pin id="4003" dir="0" index="44" bw="14" slack="0"/>
<pin id="4004" dir="0" index="45" bw="0" slack="2147483647"/>
<pin id="4005" dir="0" index="46" bw="14" slack="0"/>
<pin id="4006" dir="0" index="47" bw="0" slack="2147483647"/>
<pin id="4007" dir="0" index="48" bw="14" slack="0"/>
<pin id="4008" dir="0" index="49" bw="0" slack="2147483647"/>
<pin id="4009" dir="0" index="50" bw="14" slack="0"/>
<pin id="4010" dir="0" index="51" bw="0" slack="2147483647"/>
<pin id="4011" dir="0" index="52" bw="14" slack="0"/>
<pin id="4012" dir="0" index="53" bw="0" slack="2147483647"/>
<pin id="4013" dir="0" index="54" bw="14" slack="0"/>
<pin id="4014" dir="0" index="55" bw="0" slack="2147483647"/>
<pin id="4015" dir="0" index="56" bw="14" slack="0"/>
<pin id="4016" dir="0" index="57" bw="0" slack="2147483647"/>
<pin id="4017" dir="0" index="58" bw="14" slack="0"/>
<pin id="4018" dir="0" index="59" bw="0" slack="2147483647"/>
<pin id="4019" dir="0" index="60" bw="14" slack="0"/>
<pin id="4020" dir="0" index="61" bw="0" slack="2147483647"/>
<pin id="4021" dir="0" index="62" bw="14" slack="0"/>
<pin id="4022" dir="0" index="63" bw="0" slack="2147483647"/>
<pin id="4023" dir="1" index="64" bw="14" slack="0"/>
</pin_list>
<bind>
<opcode="phi(47) " fcode="phi"/>
<opset="tmp_data_3_V/14 "/>
</bind>
</comp>

<comp id="4056" class="1005" name="tmp_data_2_V_reg_4056">
<pin_list>
<pin id="4057" dir="0" index="0" bw="14" slack="0"/>
<pin id="4058" dir="1" index="1" bw="14" slack="0"/>
</pin_list>
<bind>
<opset="tmp_data_2_V (phireg) "/>
</bind>
</comp>

<comp id="4061" class="1004" name="tmp_data_2_V_phi_fu_4061">
<pin_list>
<pin id="4062" dir="0" index="0" bw="14" slack="0"/>
<pin id="4063" dir="0" index="1" bw="0" slack="2147483647"/>
<pin id="4064" dir="0" index="2" bw="14" slack="0"/>
<pin id="4065" dir="0" index="3" bw="0" slack="2147483647"/>
<pin id="4066" dir="0" index="4" bw="14" slack="0"/>
<pin id="4067" dir="0" index="5" bw="0" slack="2147483647"/>
<pin id="4068" dir="0" index="6" bw="14" slack="0"/>
<pin id="4069" dir="0" index="7" bw="0" slack="2147483647"/>
<pin id="4070" dir="0" index="8" bw="14" slack="0"/>
<pin id="4071" dir="0" index="9" bw="0" slack="2147483647"/>
<pin id="4072" dir="0" index="10" bw="14" slack="0"/>
<pin id="4073" dir="0" index="11" bw="0" slack="2147483647"/>
<pin id="4074" dir="0" index="12" bw="14" slack="0"/>
<pin id="4075" dir="0" index="13" bw="0" slack="2147483647"/>
<pin id="4076" dir="0" index="14" bw="14" slack="0"/>
<pin id="4077" dir="0" index="15" bw="0" slack="2147483647"/>
<pin id="4078" dir="0" index="16" bw="14" slack="0"/>
<pin id="4079" dir="0" index="17" bw="0" slack="2147483647"/>
<pin id="4080" dir="0" index="18" bw="14" slack="0"/>
<pin id="4081" dir="0" index="19" bw="0" slack="2147483647"/>
<pin id="4082" dir="0" index="20" bw="14" slack="0"/>
<pin id="4083" dir="0" index="21" bw="0" slack="2147483647"/>
<pin id="4084" dir="0" index="22" bw="14" slack="0"/>
<pin id="4085" dir="0" index="23" bw="0" slack="2147483647"/>
<pin id="4086" dir="0" index="24" bw="14" slack="0"/>
<pin id="4087" dir="0" index="25" bw="0" slack="2147483647"/>
<pin id="4088" dir="0" index="26" bw="14" slack="0"/>
<pin id="4089" dir="0" index="27" bw="0" slack="2147483647"/>
<pin id="4090" dir="0" index="28" bw="14" slack="0"/>
<pin id="4091" dir="0" index="29" bw="0" slack="2147483647"/>
<pin id="4092" dir="0" index="30" bw="14" slack="0"/>
<pin id="4093" dir="0" index="31" bw="0" slack="2147483647"/>
<pin id="4094" dir="0" index="32" bw="14" slack="0"/>
<pin id="4095" dir="0" index="33" bw="0" slack="2147483647"/>
<pin id="4096" dir="0" index="34" bw="14" slack="0"/>
<pin id="4097" dir="0" index="35" bw="0" slack="2147483647"/>
<pin id="4098" dir="0" index="36" bw="14" slack="0"/>
<pin id="4099" dir="0" index="37" bw="0" slack="2147483647"/>
<pin id="4100" dir="0" index="38" bw="14" slack="0"/>
<pin id="4101" dir="0" index="39" bw="0" slack="2147483647"/>
<pin id="4102" dir="0" index="40" bw="14" slack="0"/>
<pin id="4103" dir="0" index="41" bw="0" slack="2147483647"/>
<pin id="4104" dir="0" index="42" bw="14" slack="0"/>
<pin id="4105" dir="0" index="43" bw="0" slack="2147483647"/>
<pin id="4106" dir="0" index="44" bw="14" slack="0"/>
<pin id="4107" dir="0" index="45" bw="0" slack="2147483647"/>
<pin id="4108" dir="0" index="46" bw="14" slack="0"/>
<pin id="4109" dir="0" index="47" bw="0" slack="2147483647"/>
<pin id="4110" dir="0" index="48" bw="14" slack="0"/>
<pin id="4111" dir="0" index="49" bw="0" slack="2147483647"/>
<pin id="4112" dir="0" index="50" bw="14" slack="0"/>
<pin id="4113" dir="0" index="51" bw="0" slack="2147483647"/>
<pin id="4114" dir="0" index="52" bw="14" slack="0"/>
<pin id="4115" dir="0" index="53" bw="0" slack="2147483647"/>
<pin id="4116" dir="0" index="54" bw="14" slack="0"/>
<pin id="4117" dir="0" index="55" bw="0" slack="2147483647"/>
<pin id="4118" dir="0" index="56" bw="14" slack="0"/>
<pin id="4119" dir="0" index="57" bw="0" slack="2147483647"/>
<pin id="4120" dir="0" index="58" bw="14" slack="0"/>
<pin id="4121" dir="0" index="59" bw="0" slack="2147483647"/>
<pin id="4122" dir="0" index="60" bw="14" slack="0"/>
<pin id="4123" dir="0" index="61" bw="0" slack="2147483647"/>
<pin id="4124" dir="0" index="62" bw="14" slack="0"/>
<pin id="4125" dir="0" index="63" bw="0" slack="2147483647"/>
<pin id="4126" dir="1" index="64" bw="14" slack="0"/>
</pin_list>
<bind>
<opcode="phi(47) " fcode="phi"/>
<opset="tmp_data_2_V/14 "/>
</bind>
</comp>

<comp id="4159" class="1005" name="tmp_data_1_V_reg_4159">
<pin_list>
<pin id="4160" dir="0" index="0" bw="14" slack="0"/>
<pin id="4161" dir="1" index="1" bw="14" slack="0"/>
</pin_list>
<bind>
<opset="tmp_data_1_V (phireg) "/>
</bind>
</comp>

<comp id="4164" class="1004" name="tmp_data_1_V_phi_fu_4164">
<pin_list>
<pin id="4165" dir="0" index="0" bw="14" slack="0"/>
<pin id="4166" dir="0" index="1" bw="0" slack="2147483647"/>
<pin id="4167" dir="0" index="2" bw="14" slack="0"/>
<pin id="4168" dir="0" index="3" bw="0" slack="2147483647"/>
<pin id="4169" dir="0" index="4" bw="14" slack="0"/>
<pin id="4170" dir="0" index="5" bw="0" slack="2147483647"/>
<pin id="4171" dir="0" index="6" bw="14" slack="0"/>
<pin id="4172" dir="0" index="7" bw="0" slack="2147483647"/>
<pin id="4173" dir="0" index="8" bw="14" slack="0"/>
<pin id="4174" dir="0" index="9" bw="0" slack="2147483647"/>
<pin id="4175" dir="0" index="10" bw="14" slack="0"/>
<pin id="4176" dir="0" index="11" bw="0" slack="2147483647"/>
<pin id="4177" dir="0" index="12" bw="14" slack="0"/>
<pin id="4178" dir="0" index="13" bw="0" slack="2147483647"/>
<pin id="4179" dir="0" index="14" bw="14" slack="0"/>
<pin id="4180" dir="0" index="15" bw="0" slack="2147483647"/>
<pin id="4181" dir="0" index="16" bw="14" slack="0"/>
<pin id="4182" dir="0" index="17" bw="0" slack="2147483647"/>
<pin id="4183" dir="0" index="18" bw="14" slack="0"/>
<pin id="4184" dir="0" index="19" bw="0" slack="2147483647"/>
<pin id="4185" dir="0" index="20" bw="14" slack="0"/>
<pin id="4186" dir="0" index="21" bw="0" slack="2147483647"/>
<pin id="4187" dir="0" index="22" bw="14" slack="0"/>
<pin id="4188" dir="0" index="23" bw="0" slack="2147483647"/>
<pin id="4189" dir="0" index="24" bw="14" slack="0"/>
<pin id="4190" dir="0" index="25" bw="0" slack="2147483647"/>
<pin id="4191" dir="0" index="26" bw="14" slack="0"/>
<pin id="4192" dir="0" index="27" bw="0" slack="2147483647"/>
<pin id="4193" dir="0" index="28" bw="14" slack="0"/>
<pin id="4194" dir="0" index="29" bw="0" slack="2147483647"/>
<pin id="4195" dir="0" index="30" bw="14" slack="0"/>
<pin id="4196" dir="0" index="31" bw="0" slack="2147483647"/>
<pin id="4197" dir="0" index="32" bw="14" slack="0"/>
<pin id="4198" dir="0" index="33" bw="0" slack="2147483647"/>
<pin id="4199" dir="0" index="34" bw="14" slack="0"/>
<pin id="4200" dir="0" index="35" bw="0" slack="2147483647"/>
<pin id="4201" dir="0" index="36" bw="14" slack="0"/>
<pin id="4202" dir="0" index="37" bw="0" slack="2147483647"/>
<pin id="4203" dir="0" index="38" bw="14" slack="0"/>
<pin id="4204" dir="0" index="39" bw="0" slack="2147483647"/>
<pin id="4205" dir="0" index="40" bw="14" slack="0"/>
<pin id="4206" dir="0" index="41" bw="0" slack="2147483647"/>
<pin id="4207" dir="0" index="42" bw="14" slack="0"/>
<pin id="4208" dir="0" index="43" bw="0" slack="2147483647"/>
<pin id="4209" dir="0" index="44" bw="14" slack="0"/>
<pin id="4210" dir="0" index="45" bw="0" slack="2147483647"/>
<pin id="4211" dir="0" index="46" bw="14" slack="0"/>
<pin id="4212" dir="0" index="47" bw="0" slack="2147483647"/>
<pin id="4213" dir="0" index="48" bw="14" slack="0"/>
<pin id="4214" dir="0" index="49" bw="0" slack="2147483647"/>
<pin id="4215" dir="0" index="50" bw="14" slack="0"/>
<pin id="4216" dir="0" index="51" bw="0" slack="2147483647"/>
<pin id="4217" dir="0" index="52" bw="14" slack="0"/>
<pin id="4218" dir="0" index="53" bw="0" slack="2147483647"/>
<pin id="4219" dir="0" index="54" bw="14" slack="0"/>
<pin id="4220" dir="0" index="55" bw="0" slack="2147483647"/>
<pin id="4221" dir="0" index="56" bw="14" slack="0"/>
<pin id="4222" dir="0" index="57" bw="0" slack="2147483647"/>
<pin id="4223" dir="0" index="58" bw="14" slack="0"/>
<pin id="4224" dir="0" index="59" bw="0" slack="2147483647"/>
<pin id="4225" dir="0" index="60" bw="14" slack="0"/>
<pin id="4226" dir="0" index="61" bw="0" slack="2147483647"/>
<pin id="4227" dir="0" index="62" bw="14" slack="0"/>
<pin id="4228" dir="0" index="63" bw="0" slack="2147483647"/>
<pin id="4229" dir="1" index="64" bw="14" slack="0"/>
</pin_list>
<bind>
<opcode="phi(47) " fcode="phi"/>
<opset="tmp_data_1_V/14 "/>
</bind>
</comp>

<comp id="4262" class="1005" name="tmp_data_0_V_reg_4262">
<pin_list>
<pin id="4263" dir="0" index="0" bw="14" slack="0"/>
<pin id="4264" dir="1" index="1" bw="14" slack="0"/>
</pin_list>
<bind>
<opset="tmp_data_0_V (phireg) "/>
</bind>
</comp>

<comp id="4267" class="1004" name="tmp_data_0_V_phi_fu_4267">
<pin_list>
<pin id="4268" dir="0" index="0" bw="14" slack="0"/>
<pin id="4269" dir="0" index="1" bw="0" slack="2147483647"/>
<pin id="4270" dir="0" index="2" bw="14" slack="0"/>
<pin id="4271" dir="0" index="3" bw="0" slack="2147483647"/>
<pin id="4272" dir="0" index="4" bw="14" slack="0"/>
<pin id="4273" dir="0" index="5" bw="0" slack="2147483647"/>
<pin id="4274" dir="0" index="6" bw="14" slack="0"/>
<pin id="4275" dir="0" index="7" bw="0" slack="2147483647"/>
<pin id="4276" dir="0" index="8" bw="14" slack="0"/>
<pin id="4277" dir="0" index="9" bw="0" slack="2147483647"/>
<pin id="4278" dir="0" index="10" bw="14" slack="0"/>
<pin id="4279" dir="0" index="11" bw="0" slack="2147483647"/>
<pin id="4280" dir="0" index="12" bw="14" slack="0"/>
<pin id="4281" dir="0" index="13" bw="0" slack="2147483647"/>
<pin id="4282" dir="0" index="14" bw="14" slack="0"/>
<pin id="4283" dir="0" index="15" bw="0" slack="2147483647"/>
<pin id="4284" dir="0" index="16" bw="14" slack="0"/>
<pin id="4285" dir="0" index="17" bw="0" slack="2147483647"/>
<pin id="4286" dir="0" index="18" bw="14" slack="0"/>
<pin id="4287" dir="0" index="19" bw="0" slack="2147483647"/>
<pin id="4288" dir="0" index="20" bw="14" slack="0"/>
<pin id="4289" dir="0" index="21" bw="0" slack="2147483647"/>
<pin id="4290" dir="0" index="22" bw="14" slack="0"/>
<pin id="4291" dir="0" index="23" bw="0" slack="2147483647"/>
<pin id="4292" dir="0" index="24" bw="14" slack="0"/>
<pin id="4293" dir="0" index="25" bw="0" slack="2147483647"/>
<pin id="4294" dir="0" index="26" bw="14" slack="0"/>
<pin id="4295" dir="0" index="27" bw="0" slack="2147483647"/>
<pin id="4296" dir="0" index="28" bw="14" slack="0"/>
<pin id="4297" dir="0" index="29" bw="0" slack="2147483647"/>
<pin id="4298" dir="0" index="30" bw="14" slack="0"/>
<pin id="4299" dir="0" index="31" bw="0" slack="2147483647"/>
<pin id="4300" dir="0" index="32" bw="14" slack="0"/>
<pin id="4301" dir="0" index="33" bw="0" slack="2147483647"/>
<pin id="4302" dir="0" index="34" bw="14" slack="0"/>
<pin id="4303" dir="0" index="35" bw="0" slack="2147483647"/>
<pin id="4304" dir="0" index="36" bw="14" slack="0"/>
<pin id="4305" dir="0" index="37" bw="0" slack="2147483647"/>
<pin id="4306" dir="0" index="38" bw="14" slack="0"/>
<pin id="4307" dir="0" index="39" bw="0" slack="2147483647"/>
<pin id="4308" dir="0" index="40" bw="14" slack="0"/>
<pin id="4309" dir="0" index="41" bw="0" slack="2147483647"/>
<pin id="4310" dir="0" index="42" bw="14" slack="0"/>
<pin id="4311" dir="0" index="43" bw="0" slack="2147483647"/>
<pin id="4312" dir="0" index="44" bw="14" slack="0"/>
<pin id="4313" dir="0" index="45" bw="0" slack="2147483647"/>
<pin id="4314" dir="0" index="46" bw="14" slack="0"/>
<pin id="4315" dir="0" index="47" bw="0" slack="2147483647"/>
<pin id="4316" dir="0" index="48" bw="14" slack="0"/>
<pin id="4317" dir="0" index="49" bw="0" slack="2147483647"/>
<pin id="4318" dir="0" index="50" bw="14" slack="0"/>
<pin id="4319" dir="0" index="51" bw="0" slack="2147483647"/>
<pin id="4320" dir="0" index="52" bw="14" slack="0"/>
<pin id="4321" dir="0" index="53" bw="0" slack="2147483647"/>
<pin id="4322" dir="0" index="54" bw="14" slack="0"/>
<pin id="4323" dir="0" index="55" bw="0" slack="2147483647"/>
<pin id="4324" dir="0" index="56" bw="14" slack="0"/>
<pin id="4325" dir="0" index="57" bw="0" slack="2147483647"/>
<pin id="4326" dir="0" index="58" bw="14" slack="0"/>
<pin id="4327" dir="0" index="59" bw="0" slack="2147483647"/>
<pin id="4328" dir="0" index="60" bw="14" slack="0"/>
<pin id="4329" dir="0" index="61" bw="0" slack="2147483647"/>
<pin id="4330" dir="0" index="62" bw="14" slack="0"/>
<pin id="4331" dir="0" index="63" bw="0" slack="2147483647"/>
<pin id="4332" dir="1" index="64" bw="14" slack="0"/>
</pin_list>
<bind>
<opcode="phi(47) " fcode="phi"/>
<opset="tmp_data_0_V/14 "/>
</bind>
</comp>

<comp id="4365" class="1005" name="storemerge_i_i_reg_4365">
<pin_list>
<pin id="4366" dir="0" index="0" bw="32" slack="2147483647"/>
<pin id="4367" dir="1" index="1" bw="32" slack="2147483647"/>
</pin_list>
<bind>
<opset="storemerge_i_i (phireg) "/>
</bind>
</comp>

<comp id="4368" class="1004" name="storemerge_i_i_phi_fu_4368">
<pin_list>
<pin id="4369" dir="0" index="0" bw="32" slack="0"/>
<pin id="4370" dir="0" index="1" bw="0" slack="2147483647"/>
<pin id="4371" dir="0" index="2" bw="1" slack="0"/>
<pin id="4372" dir="0" index="3" bw="0" slack="2147483647"/>
<pin id="4373" dir="1" index="4" bw="32" slack="0"/>
</pin_list>
<bind>
<opcode="phi(47) " fcode="phi"/>
<opset="storemerge_i_i/15 "/>
</bind>
</comp>

<comp id="4375" class="1004" name="grp_load_fu_4375">
<pin_list>
<pin id="4376" dir="0" index="0" bw="8" slack="0"/>
<pin id="4377" dir="1" index="1" bw="8" slack="1"/>
</pin_list>
<bind>
<opcode="load(27) " fcode="load"/>
<opset="kernel_data_V_2_7_load/3 kernel_data_V_2_7_load_1/13 "/>
</bind>
</comp>

<comp id="4379" class="1004" name="grp_load_fu_4379">
<pin_list>
<pin id="4380" dir="0" index="0" bw="8" slack="0"/>
<pin id="4381" dir="1" index="1" bw="8" slack="1"/>
</pin_list>
<bind>
<opcode="load(27) " fcode="load"/>
<opset="kernel_data_V_2_8_load/3 kernel_data_V_2_8_load_1/13 "/>
</bind>
</comp>

<comp id="4383" class="1004" name="grp_load_fu_4383">
<pin_list>
<pin id="4384" dir="0" index="0" bw="8" slack="0"/>
<pin id="4385" dir="1" index="1" bw="8" slack="1"/>
</pin_list>
<bind>
<opcode="load(27) " fcode="load"/>
<opset="kernel_data_V_2_16_load/3 kernel_data_V_2_16_load_1/13 "/>
</bind>
</comp>

<comp id="4387" class="1004" name="grp_load_fu_4387">
<pin_list>
<pin id="4388" dir="0" index="0" bw="8" slack="0"/>
<pin id="4389" dir="1" index="1" bw="8" slack="1"/>
</pin_list>
<bind>
<opcode="load(27) " fcode="load"/>
<opset="kernel_data_V_2_17_load/3 kernel_data_V_2_17_load_1/13 "/>
</bind>
</comp>

<comp id="4391" class="1004" name="grp_load_fu_4391">
<pin_list>
<pin id="4392" dir="0" index="0" bw="8" slack="0"/>
<pin id="4393" dir="1" index="1" bw="8" slack="1"/>
</pin_list>
<bind>
<opcode="load(27) " fcode="load"/>
<opset="kernel_data_V_2_25_load/3 kernel_data_V_2_25_load_1/13 "/>
</bind>
</comp>

<comp id="4395" class="1004" name="grp_load_fu_4395">
<pin_list>
<pin id="4396" dir="0" index="0" bw="8" slack="0"/>
<pin id="4397" dir="1" index="1" bw="8" slack="1"/>
</pin_list>
<bind>
<opcode="load(27) " fcode="load"/>
<opset="kernel_data_V_2_26_load/3 kernel_data_V_2_26_load_1/13 "/>
</bind>
</comp>

<comp id="4399" class="1004" name="grp_load_fu_4399">
<pin_list>
<pin id="4400" dir="0" index="0" bw="8" slack="0"/>
<pin id="4401" dir="1" index="1" bw="8" slack="1"/>
</pin_list>
<bind>
<opcode="load(27) " fcode="load"/>
<opset="kernel_data_V_2_15_load/3 kernel_data_V_2_15_load_1/13 "/>
</bind>
</comp>

<comp id="4403" class="1004" name="grp_load_fu_4403">
<pin_list>
<pin id="4404" dir="0" index="0" bw="8" slack="0"/>
<pin id="4405" dir="1" index="1" bw="8" slack="0"/>
</pin_list>
<bind>
<opcode="load(27) " fcode="load"/>
<opset="kernel_data_V_2_3_load/6 kernel_data_V_2_3_load_1/13 "/>
</bind>
</comp>

<comp id="4407" class="1004" name="grp_load_fu_4407">
<pin_list>
<pin id="4408" dir="0" index="0" bw="8" slack="0"/>
<pin id="4409" dir="1" index="1" bw="8" slack="0"/>
</pin_list>
<bind>
<opcode="load(27) " fcode="load"/>
<opset="kernel_data_V_2_6_load/6 kernel_data_V_2_6_load_1/13 "/>
</bind>
</comp>

<comp id="4411" class="1004" name="grp_load_fu_4411">
<pin_list>
<pin id="4412" dir="0" index="0" bw="8" slack="0"/>
<pin id="4413" dir="1" index="1" bw="8" slack="0"/>
</pin_list>
<bind>
<opcode="load(27) " fcode="load"/>
<opset="kernel_data_V_2_4_load/6 kernel_data_V_2_4_load_1/13 "/>
</bind>
</comp>

<comp id="4415" class="1004" name="grp_load_fu_4415">
<pin_list>
<pin id="4416" dir="0" index="0" bw="8" slack="0"/>
<pin id="4417" dir="1" index="1" bw="8" slack="0"/>
</pin_list>
<bind>
<opcode="load(27) " fcode="load"/>
<opset="kernel_data_V_2_5_load/6 kernel_data_V_2_5_load_1/13 "/>
</bind>
</comp>

<comp id="4419" class="1004" name="grp_load_fu_4419">
<pin_list>
<pin id="4420" dir="0" index="0" bw="8" slack="0"/>
<pin id="4421" dir="1" index="1" bw="8" slack="0"/>
</pin_list>
<bind>
<opcode="load(27) " fcode="load"/>
<opset="kernel_data_V_2_12_load/6 kernel_data_V_2_12_load_1/13 "/>
</bind>
</comp>

<comp id="4423" class="1004" name="grp_load_fu_4423">
<pin_list>
<pin id="4424" dir="0" index="0" bw="8" slack="0"/>
<pin id="4425" dir="1" index="1" bw="8" slack="0"/>
</pin_list>
<bind>
<opcode="load(27) " fcode="load"/>
<opset="kernel_data_V_2_13_load/6 kernel_data_V_2_13_load_1/13 "/>
</bind>
</comp>

<comp id="4427" class="1004" name="grp_load_fu_4427">
<pin_list>
<pin id="4428" dir="0" index="0" bw="8" slack="0"/>
<pin id="4429" dir="1" index="1" bw="8" slack="0"/>
</pin_list>
<bind>
<opcode="load(27) " fcode="load"/>
<opset="kernel_data_V_2_14_load/6 kernel_data_V_2_14_load_1/13 "/>
</bind>
</comp>

<comp id="4431" class="1004" name="grp_load_fu_4431">
<pin_list>
<pin id="4432" dir="0" index="0" bw="8" slack="0"/>
<pin id="4433" dir="1" index="1" bw="8" slack="0"/>
</pin_list>
<bind>
<opcode="load(27) " fcode="load"/>
<opset="kernel_data_V_2_22_load/6 kernel_data_V_2_22_load_1/13 "/>
</bind>
</comp>

<comp id="4435" class="1004" name="grp_load_fu_4435">
<pin_list>
<pin id="4436" dir="0" index="0" bw="8" slack="0"/>
<pin id="4437" dir="1" index="1" bw="8" slack="0"/>
</pin_list>
<bind>
<opcode="load(27) " fcode="load"/>
<opset="kernel_data_V_2_23_load/6 kernel_data_V_2_23_load_1/13 "/>
</bind>
</comp>

<comp id="4439" class="1004" name="grp_load_fu_4439">
<pin_list>
<pin id="4440" dir="0" index="0" bw="8" slack="0"/>
<pin id="4441" dir="1" index="1" bw="8" slack="0"/>
</pin_list>
<bind>
<opcode="load(27) " fcode="load"/>
<opset="kernel_data_V_2_21_load/7 kernel_data_V_2_21_load_1/13 "/>
</bind>
</comp>

<comp id="4443" class="1004" name="grp_load_fu_4443">
<pin_list>
<pin id="4444" dir="0" index="0" bw="8" slack="0"/>
<pin id="4445" dir="1" index="1" bw="8" slack="0"/>
</pin_list>
<bind>
<opcode="load(27) " fcode="load"/>
<opset="kernel_data_V_2_24_load/7 kernel_data_V_2_24_load_1/13 "/>
</bind>
</comp>

<comp id="4447" class="1004" name="tmp_data_0_V_1_fu_4447">
<pin_list>
<pin id="4448" dir="0" index="0" bw="24" slack="0"/>
<pin id="4449" dir="1" index="1" bw="8" slack="1"/>
</pin_list>
<bind>
<opcode="extractvalue(56) " fcode="extractvalue"/>
<opset="tmp_data_0_V_1/2 "/>
</bind>
</comp>

<comp id="4451" class="1004" name="tmp_data_1_V_1_fu_4451">
<pin_list>
<pin id="4452" dir="0" index="0" bw="24" slack="0"/>
<pin id="4453" dir="1" index="1" bw="8" slack="1"/>
</pin_list>
<bind>
<opcode="extractvalue(56) " fcode="extractvalue"/>
<opset="tmp_data_1_V_1/2 "/>
</bind>
</comp>

<comp id="4455" class="1004" name="tmp_data_2_V_1_fu_4455">
<pin_list>
<pin id="4456" dir="0" index="0" bw="24" slack="0"/>
<pin id="4457" dir="1" index="1" bw="8" slack="1"/>
</pin_list>
<bind>
<opcode="extractvalue(56) " fcode="extractvalue"/>
<opset="tmp_data_2_V_1/2 "/>
</bind>
</comp>

<comp id="4459" class="1004" name="add_ln79_fu_4459">
<pin_list>
<pin id="4460" dir="0" index="0" bw="10" slack="0"/>
<pin id="4461" dir="0" index="1" bw="1" slack="0"/>
<pin id="4462" dir="1" index="2" bw="10" slack="0"/>
</pin_list>
<bind>
<opcode="add(8) " fcode="add"/>
<opset="add_ln79/2 "/>
</bind>
</comp>

<comp id="4465" class="1004" name="icmp_ln241_fu_4465">
<pin_list>
<pin id="4466" dir="0" index="0" bw="2" slack="0"/>
<pin id="4467" dir="0" index="1" bw="1" slack="0"/>
<pin id="4468" dir="1" index="2" bw="1" slack="1"/>
</pin_list>
<bind>
<opcode="icmp(45) " fcode="icmp"/>
<opset="icmp_ln241/3 "/>
</bind>
</comp>

<comp id="4471" class="1004" name="i_ic_fu_4471">
<pin_list>
<pin id="4472" dir="0" index="0" bw="2" slack="0"/>
<pin id="4473" dir="0" index="1" bw="1" slack="0"/>
<pin id="4474" dir="1" index="2" bw="2" slack="0"/>
</pin_list>
<bind>
<opcode="add(8) " fcode="add"/>
<opset="i_ic/3 "/>
</bind>
</comp>

<comp id="4477" class="1004" name="DataIn_V_assign_fu_4477">
<pin_list>
<pin id="4478" dir="0" index="0" bw="8" slack="0"/>
<pin id="4479" dir="0" index="1" bw="8" slack="1"/>
<pin id="4480" dir="0" index="2" bw="8" slack="1"/>
<pin id="4481" dir="0" index="3" bw="8" slack="1"/>
<pin id="4482" dir="0" index="4" bw="2" slack="0"/>
<pin id="4483" dir="1" index="5" bw="8" slack="0"/>
</pin_list>
<bind>
<opcode="mux(1196) " fcode="mux"/>
<opset="DataIn_V_assign/3 "/>
</bind>
</comp>

<comp id="4486" class="1004" name="DataOut_V_2_fu_4486">
<pin_list>
<pin id="4487" dir="0" index="0" bw="8" slack="0"/>
<pin id="4488" dir="0" index="1" bw="8" slack="0"/>
<pin id="4489" dir="0" index="2" bw="8" slack="0"/>
<pin id="4490" dir="0" index="3" bw="1" slack="0"/>
<pin id="4491" dir="1" index="4" bw="8" slack="1"/>
</pin_list>
<bind>
<opcode="memshiftread(1195) " fcode="memshiftread"/>
<opset="DataOut_V_2/3 "/>
</bind>
</comp>

<comp id="4496" class="1004" name="DataOut_V_1_fu_4496">
<pin_list>
<pin id="4497" dir="0" index="0" bw="8" slack="0"/>
<pin id="4498" dir="0" index="1" bw="8" slack="0"/>
<pin id="4499" dir="0" index="2" bw="8" slack="0"/>
<pin id="4500" dir="0" index="3" bw="1" slack="0"/>
<pin id="4501" dir="1" index="4" bw="8" slack="1"/>
</pin_list>
<bind>
<opcode="memshiftread(1195) " fcode="memshiftread"/>
<opset="DataOut_V_1/3 "/>
</bind>
</comp>

<comp id="4506" class="1004" name="DataOut_V_fu_4506">
<pin_list>
<pin id="4507" dir="0" index="0" bw="8" slack="0"/>
<pin id="4508" dir="0" index="1" bw="8" slack="0"/>
<pin id="4509" dir="0" index="2" bw="8" slack="0"/>
<pin id="4510" dir="0" index="3" bw="1" slack="0"/>
<pin id="4511" dir="1" index="4" bw="8" slack="1"/>
</pin_list>
<bind>
<opcode="memshiftread(1195) " fcode="memshiftread"/>
<opset="DataOut_V/3 "/>
</bind>
</comp>

<comp id="4516" class="1004" name="store_ln248_store_fu_4516">
<pin_list>
<pin id="4517" dir="0" index="0" bw="8" slack="0"/>
<pin id="4518" dir="0" index="1" bw="8" slack="3"/>
<pin id="4519" dir="1" index="2" bw="0" slack="2147483647"/>
</pin_list>
<bind>
<opcode="store(28) " fcode="store"/>
<opset="store_ln248/4 "/>
</bind>
</comp>

<comp id="4521" class="1004" name="store_ln248_store_fu_4521">
<pin_list>
<pin id="4522" dir="0" index="0" bw="8" slack="0"/>
<pin id="4523" dir="0" index="1" bw="8" slack="3"/>
<pin id="4524" dir="1" index="2" bw="0" slack="2147483647"/>
</pin_list>
<bind>
<opcode="store(28) " fcode="store"/>
<opset="store_ln248/4 "/>
</bind>
</comp>

<comp id="4526" class="1004" name="store_ln248_store_fu_4526">
<pin_list>
<pin id="4527" dir="0" index="0" bw="8" slack="0"/>
<pin id="4528" dir="0" index="1" bw="8" slack="3"/>
<pin id="4529" dir="1" index="2" bw="0" slack="2147483647"/>
</pin_list>
<bind>
<opcode="store(28) " fcode="store"/>
<opset="store_ln248/4 "/>
</bind>
</comp>

<comp id="4531" class="1004" name="DataOut_V_5_fu_4531">
<pin_list>
<pin id="4532" dir="0" index="0" bw="8" slack="0"/>
<pin id="4533" dir="0" index="1" bw="8" slack="0"/>
<pin id="4534" dir="0" index="2" bw="8" slack="0"/>
<pin id="4535" dir="0" index="3" bw="1" slack="0"/>
<pin id="4536" dir="1" index="4" bw="8" slack="1"/>
</pin_list>
<bind>
<opcode="memshiftread(1195) " fcode="memshiftread"/>
<opset="DataOut_V_5/4 "/>
</bind>
</comp>

<comp id="4541" class="1004" name="DataOut_V_4_fu_4541">
<pin_list>
<pin id="4542" dir="0" index="0" bw="8" slack="0"/>
<pin id="4543" dir="0" index="1" bw="8" slack="0"/>
<pin id="4544" dir="0" index="2" bw="8" slack="0"/>
<pin id="4545" dir="0" index="3" bw="1" slack="0"/>
<pin id="4546" dir="1" index="4" bw="8" slack="1"/>
</pin_list>
<bind>
<opcode="memshiftread(1195) " fcode="memshiftread"/>
<opset="DataOut_V_4/4 "/>
</bind>
</comp>

<comp id="4551" class="1004" name="DataOut_V_3_fu_4551">
<pin_list>
<pin id="4552" dir="0" index="0" bw="8" slack="0"/>
<pin id="4553" dir="0" index="1" bw="8" slack="0"/>
<pin id="4554" dir="0" index="2" bw="8" slack="0"/>
<pin id="4555" dir="0" index="3" bw="1" slack="0"/>
<pin id="4556" dir="1" index="4" bw="8" slack="1"/>
</pin_list>
<bind>
<opcode="memshiftread(1195) " fcode="memshiftread"/>
<opset="DataOut_V_3/4 "/>
</bind>
</comp>

<comp id="4561" class="1004" name="store_ln248_store_fu_4561">
<pin_list>
<pin id="4562" dir="0" index="0" bw="8" slack="0"/>
<pin id="4563" dir="0" index="1" bw="8" slack="4"/>
<pin id="4564" dir="1" index="2" bw="0" slack="2147483647"/>
</pin_list>
<bind>
<opcode="store(28) " fcode="store"/>
<opset="store_ln248/5 "/>
</bind>
</comp>

<comp id="4566" class="1004" name="store_ln248_store_fu_4566">
<pin_list>
<pin id="4567" dir="0" index="0" bw="8" slack="0"/>
<pin id="4568" dir="0" index="1" bw="8" slack="4"/>
<pin id="4569" dir="1" index="2" bw="0" slack="2147483647"/>
</pin_list>
<bind>
<opcode="store(28) " fcode="store"/>
<opset="store_ln248/5 "/>
</bind>
</comp>

<comp id="4571" class="1004" name="store_ln248_store_fu_4571">
<pin_list>
<pin id="4572" dir="0" index="0" bw="8" slack="0"/>
<pin id="4573" dir="0" index="1" bw="8" slack="4"/>
<pin id="4574" dir="1" index="2" bw="0" slack="2147483647"/>
</pin_list>
<bind>
<opcode="store(28) " fcode="store"/>
<opset="store_ln248/5 "/>
</bind>
</comp>

<comp id="4576" class="1004" name="icmp_ln194_fu_4576">
<pin_list>
<pin id="4577" dir="0" index="0" bw="2" slack="0"/>
<pin id="4578" dir="0" index="1" bw="2" slack="0"/>
<pin id="4579" dir="1" index="2" bw="1" slack="1"/>
</pin_list>
<bind>
<opcode="icmp(45) " fcode="icmp"/>
<opset="icmp_ln194/6 "/>
</bind>
</comp>

<comp id="4582" class="1004" name="i_iw_fu_4582">
<pin_list>
<pin id="4583" dir="0" index="0" bw="2" slack="0"/>
<pin id="4584" dir="0" index="1" bw="1" slack="0"/>
<pin id="4585" dir="1" index="2" bw="2" slack="0"/>
</pin_list>
<bind>
<opcode="add(8) " fcode="add"/>
<opset="i_iw/6 "/>
</bind>
</comp>

<comp id="4588" class="1004" name="zext_ln194_fu_4588">
<pin_list>
<pin id="4589" dir="0" index="0" bw="2" slack="0"/>
<pin id="4590" dir="1" index="1" bw="4" slack="0"/>
</pin_list>
<bind>
<opcode="zext(34) " fcode="zext"/>
<opset="zext_ln194/6 "/>
</bind>
</comp>

<comp id="4592" class="1004" name="zext_ln194_1_fu_4592">
<pin_list>
<pin id="4593" dir="0" index="0" bw="2" slack="0"/>
<pin id="4594" dir="1" index="1" bw="3" slack="0"/>
</pin_list>
<bind>
<opcode="zext(34) " fcode="zext"/>
<opset="zext_ln194_1/6 "/>
</bind>
</comp>

<comp id="4596" class="1004" name="trunc_ln201_fu_4596">
<pin_list>
<pin id="4597" dir="0" index="0" bw="2" slack="0"/>
<pin id="4598" dir="1" index="1" bw="1" slack="0"/>
</pin_list>
<bind>
<opcode="trunc(33) " fcode="trunc"/>
<opset="trunc_ln201/6 "/>
</bind>
</comp>

<comp id="4600" class="1004" name="shl_ln_fu_4600">
<pin_list>
<pin id="4601" dir="0" index="0" bw="3" slack="0"/>
<pin id="4602" dir="0" index="1" bw="1" slack="0"/>
<pin id="4603" dir="0" index="2" bw="1" slack="0"/>
<pin id="4604" dir="1" index="3" bw="3" slack="0"/>
</pin_list>
<bind>
<opcode="bitconcatenate(1004) " fcode="bitconcatenate"/>
<opset="shl_ln/6 "/>
</bind>
</comp>

<comp id="4608" class="1004" name="zext_ln201_fu_4608">
<pin_list>
<pin id="4609" dir="0" index="0" bw="3" slack="0"/>
<pin id="4610" dir="1" index="1" bw="4" slack="0"/>
</pin_list>
<bind>
<opcode="zext(34) " fcode="zext"/>
<opset="zext_ln201/6 "/>
</bind>
</comp>

<comp id="4612" class="1004" name="sub_ln201_fu_4612">
<pin_list>
<pin id="4613" dir="0" index="0" bw="3" slack="0"/>
<pin id="4614" dir="0" index="1" bw="2" slack="0"/>
<pin id="4615" dir="1" index="2" bw="4" slack="2147483647"/>
</pin_list>
<bind>
<opcode="sub(10) " fcode="sub"/>
<opset="sub_ln201/6 "/>
</bind>
</comp>

<comp id="4618" class="1004" name="icmp_ln356_fu_4618">
<pin_list>
<pin id="4619" dir="0" index="0" bw="3" slack="0"/>
<pin id="4620" dir="0" index="1" bw="2" slack="0"/>
<pin id="4621" dir="1" index="2" bw="1" slack="0"/>
</pin_list>
<bind>
<opcode="icmp(45) " fcode="icmp"/>
<opset="icmp_ln356/6 "/>
</bind>
</comp>

<comp id="4624" class="1004" name="select_ln356_fu_4624">
<pin_list>
<pin id="4625" dir="0" index="0" bw="1" slack="0"/>
<pin id="4626" dir="0" index="1" bw="8" slack="0"/>
<pin id="4627" dir="0" index="2" bw="8" slack="0"/>
<pin id="4628" dir="1" index="3" bw="8" slack="0"/>
</pin_list>
<bind>
<opcode="select(49) " fcode="select"/>
<opset="select_ln356/6 "/>
</bind>
</comp>

<comp id="4632" class="1004" name="store_ln201_store_fu_4632">
<pin_list>
<pin id="4633" dir="0" index="0" bw="8" slack="0"/>
<pin id="4634" dir="0" index="1" bw="8" slack="0"/>
<pin id="4635" dir="1" index="2" bw="0" slack="2147483647"/>
</pin_list>
<bind>
<opcode="store(28) " fcode="store"/>
<opset="store_ln201/6 "/>
</bind>
</comp>

<comp id="4638" class="1004" name="store_ln201_store_fu_4638">
<pin_list>
<pin id="4639" dir="0" index="0" bw="8" slack="0"/>
<pin id="4640" dir="0" index="1" bw="8" slack="0"/>
<pin id="4641" dir="1" index="2" bw="0" slack="2147483647"/>
</pin_list>
<bind>
<opcode="store(28) " fcode="store"/>
<opset="store_ln201/6 "/>
</bind>
</comp>

<comp id="4644" class="1004" name="store_ln201_store_fu_4644">
<pin_list>
<pin id="4645" dir="0" index="0" bw="8" slack="0"/>
<pin id="4646" dir="0" index="1" bw="8" slack="0"/>
<pin id="4647" dir="1" index="2" bw="0" slack="2147483647"/>
</pin_list>
<bind>
<opcode="store(28) " fcode="store"/>
<opset="store_ln201/6 "/>
</bind>
</comp>

<comp id="4650" class="1004" name="store_ln201_store_fu_4650">
<pin_list>
<pin id="4651" dir="0" index="0" bw="8" slack="0"/>
<pin id="4652" dir="0" index="1" bw="8" slack="0"/>
<pin id="4653" dir="1" index="2" bw="0" slack="2147483647"/>
</pin_list>
<bind>
<opcode="store(28) " fcode="store"/>
<opset="store_ln201/6 "/>
</bind>
</comp>

<comp id="4656" class="1004" name="select_ln356_1_fu_4656">
<pin_list>
<pin id="4657" dir="0" index="0" bw="1" slack="0"/>
<pin id="4658" dir="0" index="1" bw="8" slack="0"/>
<pin id="4659" dir="0" index="2" bw="8" slack="1"/>
<pin id="4660" dir="1" index="3" bw="8" slack="0"/>
</pin_list>
<bind>
<opcode="select(49) " fcode="select"/>
<opset="select_ln356_1/6 "/>
</bind>
</comp>

<comp id="4663" class="1004" name="store_ln201_store_fu_4663">
<pin_list>
<pin id="4664" dir="0" index="0" bw="8" slack="0"/>
<pin id="4665" dir="0" index="1" bw="8" slack="0"/>
<pin id="4666" dir="1" index="2" bw="0" slack="2147483647"/>
</pin_list>
<bind>
<opcode="store(28) " fcode="store"/>
<opset="store_ln201/6 "/>
</bind>
</comp>

<comp id="4669" class="1004" name="store_ln201_store_fu_4669">
<pin_list>
<pin id="4670" dir="0" index="0" bw="8" slack="0"/>
<pin id="4671" dir="0" index="1" bw="8" slack="0"/>
<pin id="4672" dir="1" index="2" bw="0" slack="2147483647"/>
</pin_list>
<bind>
<opcode="store(28) " fcode="store"/>
<opset="store_ln201/6 "/>
</bind>
</comp>

<comp id="4675" class="1004" name="select_ln356_2_fu_4675">
<pin_list>
<pin id="4676" dir="0" index="0" bw="1" slack="0"/>
<pin id="4677" dir="0" index="1" bw="8" slack="0"/>
<pin id="4678" dir="0" index="2" bw="8" slack="1"/>
<pin id="4679" dir="1" index="3" bw="8" slack="0"/>
</pin_list>
<bind>
<opcode="select(49) " fcode="select"/>
<opset="select_ln356_2/6 "/>
</bind>
</comp>

<comp id="4682" class="1004" name="store_ln201_store_fu_4682">
<pin_list>
<pin id="4683" dir="0" index="0" bw="8" slack="0"/>
<pin id="4684" dir="0" index="1" bw="8" slack="0"/>
<pin id="4685" dir="1" index="2" bw="0" slack="2147483647"/>
</pin_list>
<bind>
<opcode="store(28) " fcode="store"/>
<opset="store_ln201/6 "/>
</bind>
</comp>

<comp id="4688" class="1004" name="store_ln201_store_fu_4688">
<pin_list>
<pin id="4689" dir="0" index="0" bw="8" slack="0"/>
<pin id="4690" dir="0" index="1" bw="8" slack="0"/>
<pin id="4691" dir="1" index="2" bw="0" slack="2147483647"/>
</pin_list>
<bind>
<opcode="store(28) " fcode="store"/>
<opset="store_ln201/6 "/>
</bind>
</comp>

<comp id="4694" class="1004" name="select_ln356_3_fu_4694">
<pin_list>
<pin id="4695" dir="0" index="0" bw="1" slack="0"/>
<pin id="4696" dir="0" index="1" bw="8" slack="0"/>
<pin id="4697" dir="0" index="2" bw="8" slack="1"/>
<pin id="4698" dir="1" index="3" bw="8" slack="0"/>
</pin_list>
<bind>
<opcode="select(49) " fcode="select"/>
<opset="select_ln356_3/6 "/>
</bind>
</comp>

<comp id="4701" class="1004" name="store_ln201_store_fu_4701">
<pin_list>
<pin id="4702" dir="0" index="0" bw="8" slack="0"/>
<pin id="4703" dir="0" index="1" bw="8" slack="0"/>
<pin id="4704" dir="1" index="2" bw="0" slack="2147483647"/>
</pin_list>
<bind>
<opcode="store(28) " fcode="store"/>
<opset="store_ln201/6 "/>
</bind>
</comp>

<comp id="4707" class="1004" name="store_ln201_store_fu_4707">
<pin_list>
<pin id="4708" dir="0" index="0" bw="8" slack="0"/>
<pin id="4709" dir="0" index="1" bw="8" slack="0"/>
<pin id="4710" dir="1" index="2" bw="0" slack="2147483647"/>
</pin_list>
<bind>
<opcode="store(28) " fcode="store"/>
<opset="store_ln201/6 "/>
</bind>
</comp>

<comp id="4713" class="1004" name="select_ln356_4_fu_4713">
<pin_list>
<pin id="4714" dir="0" index="0" bw="1" slack="0"/>
<pin id="4715" dir="0" index="1" bw="8" slack="0"/>
<pin id="4716" dir="0" index="2" bw="8" slack="1"/>
<pin id="4717" dir="1" index="3" bw="8" slack="0"/>
</pin_list>
<bind>
<opcode="select(49) " fcode="select"/>
<opset="select_ln356_4/6 "/>
</bind>
</comp>

<comp id="4720" class="1004" name="store_ln201_store_fu_4720">
<pin_list>
<pin id="4721" dir="0" index="0" bw="8" slack="0"/>
<pin id="4722" dir="0" index="1" bw="8" slack="0"/>
<pin id="4723" dir="1" index="2" bw="0" slack="2147483647"/>
</pin_list>
<bind>
<opcode="store(28) " fcode="store"/>
<opset="store_ln201/6 "/>
</bind>
</comp>

<comp id="4726" class="1004" name="store_ln201_store_fu_4726">
<pin_list>
<pin id="4727" dir="0" index="0" bw="8" slack="0"/>
<pin id="4728" dir="0" index="1" bw="8" slack="0"/>
<pin id="4729" dir="1" index="2" bw="0" slack="2147483647"/>
</pin_list>
<bind>
<opcode="store(28) " fcode="store"/>
<opset="store_ln201/6 "/>
</bind>
</comp>

<comp id="4732" class="1004" name="select_ln356_5_fu_4732">
<pin_list>
<pin id="4733" dir="0" index="0" bw="1" slack="0"/>
<pin id="4734" dir="0" index="1" bw="8" slack="0"/>
<pin id="4735" dir="0" index="2" bw="8" slack="1"/>
<pin id="4736" dir="1" index="3" bw="8" slack="0"/>
</pin_list>
<bind>
<opcode="select(49) " fcode="select"/>
<opset="select_ln356_5/6 "/>
</bind>
</comp>

<comp id="4739" class="1004" name="store_ln201_store_fu_4739">
<pin_list>
<pin id="4740" dir="0" index="0" bw="8" slack="0"/>
<pin id="4741" dir="0" index="1" bw="8" slack="0"/>
<pin id="4742" dir="1" index="2" bw="0" slack="2147483647"/>
</pin_list>
<bind>
<opcode="store(28) " fcode="store"/>
<opset="store_ln201/6 "/>
</bind>
</comp>

<comp id="4745" class="1004" name="store_ln201_store_fu_4745">
<pin_list>
<pin id="4746" dir="0" index="0" bw="8" slack="0"/>
<pin id="4747" dir="0" index="1" bw="8" slack="0"/>
<pin id="4748" dir="1" index="2" bw="0" slack="2147483647"/>
</pin_list>
<bind>
<opcode="store(28) " fcode="store"/>
<opset="store_ln201/6 "/>
</bind>
</comp>

<comp id="4751" class="1004" name="select_ln356_7_fu_4751">
<pin_list>
<pin id="4752" dir="0" index="0" bw="1" slack="0"/>
<pin id="4753" dir="0" index="1" bw="8" slack="0"/>
<pin id="4754" dir="0" index="2" bw="8" slack="1"/>
<pin id="4755" dir="1" index="3" bw="8" slack="0"/>
</pin_list>
<bind>
<opcode="select(49) " fcode="select"/>
<opset="select_ln356_7/6 "/>
</bind>
</comp>

<comp id="4758" class="1004" name="store_ln201_store_fu_4758">
<pin_list>
<pin id="4759" dir="0" index="0" bw="8" slack="0"/>
<pin id="4760" dir="0" index="1" bw="8" slack="0"/>
<pin id="4761" dir="1" index="2" bw="0" slack="2147483647"/>
</pin_list>
<bind>
<opcode="store(28) " fcode="store"/>
<opset="store_ln201/6 "/>
</bind>
</comp>

<comp id="4764" class="1004" name="store_ln201_store_fu_4764">
<pin_list>
<pin id="4765" dir="0" index="0" bw="8" slack="0"/>
<pin id="4766" dir="0" index="1" bw="8" slack="0"/>
<pin id="4767" dir="1" index="2" bw="0" slack="2147483647"/>
</pin_list>
<bind>
<opcode="store(28) " fcode="store"/>
<opset="store_ln201/6 "/>
</bind>
</comp>

<comp id="4770" class="1004" name="select_ln356_8_fu_4770">
<pin_list>
<pin id="4771" dir="0" index="0" bw="1" slack="0"/>
<pin id="4772" dir="0" index="1" bw="8" slack="0"/>
<pin id="4773" dir="0" index="2" bw="8" slack="1"/>
<pin id="4774" dir="1" index="3" bw="8" slack="0"/>
</pin_list>
<bind>
<opcode="select(49) " fcode="select"/>
<opset="select_ln356_8/6 "/>
</bind>
</comp>

<comp id="4777" class="1004" name="store_ln201_store_fu_4777">
<pin_list>
<pin id="4778" dir="0" index="0" bw="8" slack="0"/>
<pin id="4779" dir="0" index="1" bw="8" slack="0"/>
<pin id="4780" dir="1" index="2" bw="0" slack="2147483647"/>
</pin_list>
<bind>
<opcode="store(28) " fcode="store"/>
<opset="store_ln201/6 "/>
</bind>
</comp>

<comp id="4783" class="1004" name="store_ln201_store_fu_4783">
<pin_list>
<pin id="4784" dir="0" index="0" bw="8" slack="0"/>
<pin id="4785" dir="0" index="1" bw="8" slack="0"/>
<pin id="4786" dir="1" index="2" bw="0" slack="2147483647"/>
</pin_list>
<bind>
<opcode="store(28) " fcode="store"/>
<opset="store_ln201/6 "/>
</bind>
</comp>

<comp id="4789" class="1004" name="select_ln356_6_fu_4789">
<pin_list>
<pin id="4790" dir="0" index="0" bw="1" slack="1"/>
<pin id="4791" dir="0" index="1" bw="8" slack="0"/>
<pin id="4792" dir="0" index="2" bw="8" slack="0"/>
<pin id="4793" dir="1" index="3" bw="8" slack="0"/>
</pin_list>
<bind>
<opcode="select(49) " fcode="select"/>
<opset="select_ln356_6/7 "/>
</bind>
</comp>

<comp id="4796" class="1004" name="store_ln201_store_fu_4796">
<pin_list>
<pin id="4797" dir="0" index="0" bw="8" slack="0"/>
<pin id="4798" dir="0" index="1" bw="8" slack="0"/>
<pin id="4799" dir="1" index="2" bw="0" slack="2147483647"/>
</pin_list>
<bind>
<opcode="store(28) " fcode="store"/>
<opset="store_ln201/7 "/>
</bind>
</comp>

<comp id="4802" class="1004" name="store_ln201_store_fu_4802">
<pin_list>
<pin id="4803" dir="0" index="0" bw="8" slack="0"/>
<pin id="4804" dir="0" index="1" bw="8" slack="0"/>
<pin id="4805" dir="1" index="2" bw="0" slack="2147483647"/>
</pin_list>
<bind>
<opcode="store(28) " fcode="store"/>
<opset="store_ln201/7 "/>
</bind>
</comp>

<comp id="4808" class="1004" name="icmp_ln213_fu_4808">
<pin_list>
<pin id="4809" dir="0" index="0" bw="2" slack="0"/>
<pin id="4810" dir="0" index="1" bw="1" slack="0"/>
<pin id="4811" dir="1" index="2" bw="1" slack="2147483647"/>
</pin_list>
<bind>
<opcode="icmp(45) " fcode="icmp"/>
<opset="icmp_ln213/9 "/>
</bind>
</comp>

<comp id="4814" class="1004" name="add_ln213_fu_4814">
<pin_list>
<pin id="4815" dir="0" index="0" bw="2" slack="0"/>
<pin id="4816" dir="0" index="1" bw="1" slack="0"/>
<pin id="4817" dir="1" index="2" bw="2" slack="0"/>
</pin_list>
<bind>
<opcode="add(8) " fcode="add"/>
<opset="add_ln213/9 "/>
</bind>
</comp>

<comp id="4820" class="1004" name="shift_buffer_0_2_V_load_load_fu_4820">
<pin_list>
<pin id="4821" dir="0" index="0" bw="8" slack="5"/>
<pin id="4822" dir="1" index="1" bw="8" slack="0"/>
</pin_list>
<bind>
<opcode="load(27) " fcode="load"/>
<opset="shift_buffer_0_2_V_load/9 "/>
</bind>
</comp>

<comp id="4823" class="1004" name="shift_buffer_0_2_V_1_load_load_fu_4823">
<pin_list>
<pin id="4824" dir="0" index="0" bw="8" slack="5"/>
<pin id="4825" dir="1" index="1" bw="8" slack="0"/>
</pin_list>
<bind>
<opcode="load(27) " fcode="load"/>
<opset="shift_buffer_0_2_V_1_load/9 "/>
</bind>
</comp>

<comp id="4826" class="1004" name="shift_buffer_0_2_V_2_load_load_fu_4826">
<pin_list>
<pin id="4827" dir="0" index="0" bw="8" slack="5"/>
<pin id="4828" dir="1" index="1" bw="8" slack="0"/>
</pin_list>
<bind>
<opcode="load(27) " fcode="load"/>
<opset="shift_buffer_0_2_V_2_load/9 "/>
</bind>
</comp>

<comp id="4829" class="1004" name="tmp_4_fu_4829">
<pin_list>
<pin id="4830" dir="0" index="0" bw="8" slack="0"/>
<pin id="4831" dir="0" index="1" bw="8" slack="0"/>
<pin id="4832" dir="0" index="2" bw="8" slack="0"/>
<pin id="4833" dir="0" index="3" bw="8" slack="0"/>
<pin id="4834" dir="0" index="4" bw="2" slack="0"/>
<pin id="4835" dir="1" index="5" bw="8" slack="0"/>
</pin_list>
<bind>
<opcode="mux(1196) " fcode="mux"/>
<opset="tmp_4/9 "/>
</bind>
</comp>

<comp id="4841" class="1004" name="store_ln214_store_fu_4841">
<pin_list>
<pin id="4842" dir="0" index="0" bw="8" slack="0"/>
<pin id="4843" dir="0" index="1" bw="8" slack="0"/>
<pin id="4844" dir="1" index="2" bw="0" slack="2147483647"/>
</pin_list>
<bind>
<opcode="store(28) " fcode="store"/>
<opset="store_ln214/9 "/>
</bind>
</comp>

<comp id="4847" class="1004" name="store_ln214_store_fu_4847">
<pin_list>
<pin id="4848" dir="0" index="0" bw="8" slack="0"/>
<pin id="4849" dir="0" index="1" bw="8" slack="0"/>
<pin id="4850" dir="1" index="2" bw="0" slack="2147483647"/>
</pin_list>
<bind>
<opcode="store(28) " fcode="store"/>
<opset="store_ln214/9 "/>
</bind>
</comp>

<comp id="4853" class="1004" name="store_ln214_store_fu_4853">
<pin_list>
<pin id="4854" dir="0" index="0" bw="8" slack="0"/>
<pin id="4855" dir="0" index="1" bw="8" slack="0"/>
<pin id="4856" dir="1" index="2" bw="0" slack="2147483647"/>
</pin_list>
<bind>
<opcode="store(28) " fcode="store"/>
<opset="store_ln214/9 "/>
</bind>
</comp>

<comp id="4859" class="1004" name="icmp_ln213_1_fu_4859">
<pin_list>
<pin id="4860" dir="0" index="0" bw="2" slack="0"/>
<pin id="4861" dir="0" index="1" bw="1" slack="0"/>
<pin id="4862" dir="1" index="2" bw="1" slack="2147483647"/>
</pin_list>
<bind>
<opcode="icmp(45) " fcode="icmp"/>
<opset="icmp_ln213_1/10 "/>
</bind>
</comp>

<comp id="4865" class="1004" name="add_ln213_1_fu_4865">
<pin_list>
<pin id="4866" dir="0" index="0" bw="2" slack="0"/>
<pin id="4867" dir="0" index="1" bw="1" slack="0"/>
<pin id="4868" dir="1" index="2" bw="2" slack="0"/>
</pin_list>
<bind>
<opcode="add(8) " fcode="add"/>
<opset="add_ln213_1/10 "/>
</bind>
</comp>

<comp id="4871" class="1004" name="shift_buffer_1_2_V_load_load_fu_4871">
<pin_list>
<pin id="4872" dir="0" index="0" bw="8" slack="6"/>
<pin id="4873" dir="1" index="1" bw="8" slack="0"/>
</pin_list>
<bind>
<opcode="load(27) " fcode="load"/>
<opset="shift_buffer_1_2_V_load/10 "/>
</bind>
</comp>

<comp id="4874" class="1004" name="shift_buffer_1_2_V_1_load_load_fu_4874">
<pin_list>
<pin id="4875" dir="0" index="0" bw="8" slack="6"/>
<pin id="4876" dir="1" index="1" bw="8" slack="0"/>
</pin_list>
<bind>
<opcode="load(27) " fcode="load"/>
<opset="shift_buffer_1_2_V_1_load/10 "/>
</bind>
</comp>

<comp id="4877" class="1004" name="shift_buffer_1_2_V_2_load_load_fu_4877">
<pin_list>
<pin id="4878" dir="0" index="0" bw="8" slack="6"/>
<pin id="4879" dir="1" index="1" bw="8" slack="0"/>
</pin_list>
<bind>
<opcode="load(27) " fcode="load"/>
<opset="shift_buffer_1_2_V_2_load/10 "/>
</bind>
</comp>

<comp id="4880" class="1004" name="tmp_6_fu_4880">
<pin_list>
<pin id="4881" dir="0" index="0" bw="8" slack="0"/>
<pin id="4882" dir="0" index="1" bw="8" slack="0"/>
<pin id="4883" dir="0" index="2" bw="8" slack="0"/>
<pin id="4884" dir="0" index="3" bw="8" slack="0"/>
<pin id="4885" dir="0" index="4" bw="2" slack="0"/>
<pin id="4886" dir="1" index="5" bw="8" slack="0"/>
</pin_list>
<bind>
<opcode="mux(1196) " fcode="mux"/>
<opset="tmp_6/10 "/>
</bind>
</comp>

<comp id="4892" class="1004" name="store_ln214_store_fu_4892">
<pin_list>
<pin id="4893" dir="0" index="0" bw="8" slack="0"/>
<pin id="4894" dir="0" index="1" bw="8" slack="0"/>
<pin id="4895" dir="1" index="2" bw="0" slack="2147483647"/>
</pin_list>
<bind>
<opcode="store(28) " fcode="store"/>
<opset="store_ln214/10 "/>
</bind>
</comp>

<comp id="4898" class="1004" name="store_ln214_store_fu_4898">
<pin_list>
<pin id="4899" dir="0" index="0" bw="8" slack="0"/>
<pin id="4900" dir="0" index="1" bw="8" slack="0"/>
<pin id="4901" dir="1" index="2" bw="0" slack="2147483647"/>
</pin_list>
<bind>
<opcode="store(28) " fcode="store"/>
<opset="store_ln214/10 "/>
</bind>
</comp>

<comp id="4904" class="1004" name="store_ln214_store_fu_4904">
<pin_list>
<pin id="4905" dir="0" index="0" bw="8" slack="0"/>
<pin id="4906" dir="0" index="1" bw="8" slack="0"/>
<pin id="4907" dir="1" index="2" bw="0" slack="2147483647"/>
</pin_list>
<bind>
<opcode="store(28) " fcode="store"/>
<opset="store_ln214/10 "/>
</bind>
</comp>

<comp id="4910" class="1004" name="icmp_ln213_2_fu_4910">
<pin_list>
<pin id="4911" dir="0" index="0" bw="2" slack="0"/>
<pin id="4912" dir="0" index="1" bw="1" slack="0"/>
<pin id="4913" dir="1" index="2" bw="1" slack="1"/>
</pin_list>
<bind>
<opcode="icmp(45) " fcode="icmp"/>
<opset="icmp_ln213_2/11 "/>
</bind>
</comp>

<comp id="4916" class="1004" name="add_ln213_2_fu_4916">
<pin_list>
<pin id="4917" dir="0" index="0" bw="2" slack="0"/>
<pin id="4918" dir="0" index="1" bw="1" slack="0"/>
<pin id="4919" dir="1" index="2" bw="2" slack="0"/>
</pin_list>
<bind>
<opcode="add(8) " fcode="add"/>
<opset="add_ln213_2/11 "/>
</bind>
</comp>

<comp id="4922" class="1004" name="tmp_7_fu_4922">
<pin_list>
<pin id="4923" dir="0" index="0" bw="8" slack="0"/>
<pin id="4924" dir="0" index="1" bw="8" slack="6"/>
<pin id="4925" dir="0" index="2" bw="8" slack="6"/>
<pin id="4926" dir="0" index="3" bw="8" slack="6"/>
<pin id="4927" dir="0" index="4" bw="2" slack="0"/>
<pin id="4928" dir="1" index="5" bw="8" slack="0"/>
</pin_list>
<bind>
<opcode="mux(1196) " fcode="mux"/>
<opset="tmp_7/11 "/>
</bind>
</comp>

<comp id="4931" class="1004" name="store_ln214_store_fu_4931">
<pin_list>
<pin id="4932" dir="0" index="0" bw="8" slack="0"/>
<pin id="4933" dir="0" index="1" bw="8" slack="0"/>
<pin id="4934" dir="1" index="2" bw="0" slack="2147483647"/>
</pin_list>
<bind>
<opcode="store(28) " fcode="store"/>
<opset="store_ln214/11 "/>
</bind>
</comp>

<comp id="4937" class="1004" name="store_ln214_store_fu_4937">
<pin_list>
<pin id="4938" dir="0" index="0" bw="8" slack="0"/>
<pin id="4939" dir="0" index="1" bw="8" slack="0"/>
<pin id="4940" dir="1" index="2" bw="0" slack="2147483647"/>
</pin_list>
<bind>
<opcode="store(28) " fcode="store"/>
<opset="store_ln214/11 "/>
</bind>
</comp>

<comp id="4943" class="1004" name="store_ln214_store_fu_4943">
<pin_list>
<pin id="4944" dir="0" index="0" bw="8" slack="0"/>
<pin id="4945" dir="0" index="1" bw="8" slack="0"/>
<pin id="4946" dir="1" index="2" bw="0" slack="2147483647"/>
</pin_list>
<bind>
<opcode="store(28) " fcode="store"/>
<opset="store_ln214/11 "/>
</bind>
</comp>

<comp id="4949" class="1004" name="sX_load_load_fu_4949">
<pin_list>
<pin id="4950" dir="0" index="0" bw="32" slack="0"/>
<pin id="4951" dir="1" index="1" bw="32" slack="0"/>
</pin_list>
<bind>
<opcode="load(27) " fcode="load"/>
<opset="sX_load/11 "/>
</bind>
</comp>

<comp id="4953" class="1004" name="icmp_ln289_fu_4953">
<pin_list>
<pin id="4954" dir="0" index="0" bw="32" slack="0"/>
<pin id="4955" dir="0" index="1" bw="3" slack="0"/>
<pin id="4956" dir="1" index="2" bw="1" slack="0"/>
</pin_list>
<bind>
<opcode="icmp(45) " fcode="icmp"/>
<opset="icmp_ln289/11 "/>
</bind>
</comp>

<comp id="4959" class="1004" name="sY_load_load_fu_4959">
<pin_list>
<pin id="4960" dir="0" index="0" bw="32" slack="0"/>
<pin id="4961" dir="1" index="1" bw="32" slack="0"/>
</pin_list>
<bind>
<opcode="load(27) " fcode="load"/>
<opset="sY_load/11 "/>
</bind>
</comp>

<comp id="4963" class="1004" name="icmp_ln289_1_fu_4963">
<pin_list>
<pin id="4964" dir="0" index="0" bw="32" slack="0"/>
<pin id="4965" dir="0" index="1" bw="3" slack="0"/>
<pin id="4966" dir="1" index="2" bw="1" slack="0"/>
</pin_list>
<bind>
<opcode="icmp(45) " fcode="icmp"/>
<opset="icmp_ln289_1/11 "/>
</bind>
</comp>

<comp id="4969" class="1004" name="pY_load_load_fu_4969">
<pin_list>
<pin id="4970" dir="0" index="0" bw="32" slack="0"/>
<pin id="4971" dir="1" index="1" bw="32" slack="0"/>
</pin_list>
<bind>
<opcode="load(27) " fcode="load"/>
<opset="pY_load/11 "/>
</bind>
</comp>

<comp id="4973" class="1004" name="tmp_fu_4973">
<pin_list>
<pin id="4974" dir="0" index="0" bw="31" slack="0"/>
<pin id="4975" dir="0" index="1" bw="32" slack="0"/>
<pin id="4976" dir="0" index="2" bw="1" slack="0"/>
<pin id="4977" dir="0" index="3" bw="6" slack="0"/>
<pin id="4978" dir="1" index="4" bw="31" slack="0"/>
</pin_list>
<bind>
<opcode="partselect(1002) " fcode="partselect"/>
<opset="tmp/11 "/>
</bind>
</comp>

<comp id="4983" class="1004" name="icmp_ln289_2_fu_4983">
<pin_list>
<pin id="4984" dir="0" index="0" bw="31" slack="0"/>
<pin id="4985" dir="0" index="1" bw="1" slack="0"/>
<pin id="4986" dir="1" index="2" bw="1" slack="0"/>
</pin_list>
<bind>
<opcode="icmp(45) " fcode="icmp"/>
<opset="icmp_ln289_2/11 "/>
</bind>
</comp>

<comp id="4989" class="1004" name="pX_load_load_fu_4989">
<pin_list>
<pin id="4990" dir="0" index="0" bw="32" slack="0"/>
<pin id="4991" dir="1" index="1" bw="32" slack="0"/>
</pin_list>
<bind>
<opcode="load(27) " fcode="load"/>
<opset="pX_load/11 "/>
</bind>
</comp>

<comp id="4993" class="1004" name="tmp_386_fu_4993">
<pin_list>
<pin id="4994" dir="0" index="0" bw="31" slack="0"/>
<pin id="4995" dir="0" index="1" bw="32" slack="0"/>
<pin id="4996" dir="0" index="2" bw="1" slack="0"/>
<pin id="4997" dir="0" index="3" bw="6" slack="0"/>
<pin id="4998" dir="1" index="4" bw="31" slack="0"/>
</pin_list>
<bind>
<opcode="partselect(1002) " fcode="partselect"/>
<opset="tmp_386/11 "/>
</bind>
</comp>

<comp id="5003" class="1004" name="icmp_ln289_3_fu_5003">
<pin_list>
<pin id="5004" dir="0" index="0" bw="31" slack="0"/>
<pin id="5005" dir="0" index="1" bw="1" slack="0"/>
<pin id="5006" dir="1" index="2" bw="1" slack="0"/>
</pin_list>
<bind>
<opcode="icmp(45) " fcode="icmp"/>
<opset="icmp_ln289_3/11 "/>
</bind>
</comp>

<comp id="5009" class="1004" name="and_ln289_fu_5009">
<pin_list>
<pin id="5010" dir="0" index="0" bw="1" slack="0"/>
<pin id="5011" dir="0" index="1" bw="1" slack="0"/>
<pin id="5012" dir="1" index="2" bw="1" slack="0"/>
</pin_list>
<bind>
<opcode="and(23) " fcode="and"/>
<opset="and_ln289/11 "/>
</bind>
</comp>

<comp id="5015" class="1004" name="and_ln289_1_fu_5015">
<pin_list>
<pin id="5016" dir="0" index="0" bw="1" slack="0"/>
<pin id="5017" dir="0" index="1" bw="1" slack="0"/>
<pin id="5018" dir="1" index="2" bw="1" slack="0"/>
</pin_list>
<bind>
<opcode="and(23) " fcode="and"/>
<opset="and_ln289_1/11 "/>
</bind>
</comp>

<comp id="5021" class="1004" name="and_ln289_2_fu_5021">
<pin_list>
<pin id="5022" dir="0" index="0" bw="1" slack="0"/>
<pin id="5023" dir="0" index="1" bw="1" slack="0"/>
<pin id="5024" dir="1" index="2" bw="1" slack="1"/>
</pin_list>
<bind>
<opcode="and(23) " fcode="and"/>
<opset="and_ln289_2/11 "/>
</bind>
</comp>

<comp id="5027" class="1004" name="zext_ln133_fu_5027">
<pin_list>
<pin id="5028" dir="0" index="0" bw="10" slack="0"/>
<pin id="5029" dir="1" index="1" bw="64" slack="0"/>
</pin_list>
<bind>
<opcode="zext(34) " fcode="zext"/>
<opset="zext_ln133/12 "/>
</bind>
</comp>

<comp id="5033" class="1004" name="w_index_fu_5033">
<pin_list>
<pin id="5034" dir="0" index="0" bw="1" slack="0"/>
<pin id="5035" dir="0" index="1" bw="10" slack="0"/>
<pin id="5036" dir="1" index="2" bw="10" slack="0"/>
</pin_list>
<bind>
<opcode="add(8) " fcode="add"/>
<opset="w_index/12 "/>
</bind>
</comp>

<comp id="5039" class="1004" name="icmp_ln129_fu_5039">
<pin_list>
<pin id="5040" dir="0" index="0" bw="10" slack="0"/>
<pin id="5041" dir="0" index="1" bw="9" slack="0"/>
<pin id="5042" dir="1" index="2" bw="1" slack="1"/>
</pin_list>
<bind>
<opcode="icmp(45) " fcode="icmp"/>
<opset="icmp_ln129/12 "/>
</bind>
</comp>

<comp id="5045" class="1004" name="trunc_ln139_fu_5045">
<pin_list>
<pin id="5046" dir="0" index="0" bw="32" slack="0"/>
<pin id="5047" dir="1" index="1" bw="5" slack="1"/>
</pin_list>
<bind>
<opcode="trunc(33) " fcode="trunc"/>
<opset="trunc_ln139/13 "/>
</bind>
</comp>

<comp id="5049" class="1004" name="kernel_data_V_2_20_load_load_fu_5049">
<pin_list>
<pin id="5050" dir="0" index="0" bw="8" slack="0"/>
<pin id="5051" dir="1" index="1" bw="8" slack="1"/>
</pin_list>
<bind>
<opcode="load(27) " fcode="load"/>
<opset="kernel_data_V_2_20_load/13 "/>
</bind>
</comp>

<comp id="5053" class="1004" name="kernel_data_V_2_19_load_load_fu_5053">
<pin_list>
<pin id="5054" dir="0" index="0" bw="8" slack="0"/>
<pin id="5055" dir="1" index="1" bw="8" slack="1"/>
</pin_list>
<bind>
<opcode="load(27) " fcode="load"/>
<opset="kernel_data_V_2_19_load/13 "/>
</bind>
</comp>

<comp id="5057" class="1004" name="kernel_data_V_2_18_load_load_fu_5057">
<pin_list>
<pin id="5058" dir="0" index="0" bw="8" slack="0"/>
<pin id="5059" dir="1" index="1" bw="8" slack="1"/>
</pin_list>
<bind>
<opcode="load(27) " fcode="load"/>
<opset="kernel_data_V_2_18_load/13 "/>
</bind>
</comp>

<comp id="5061" class="1004" name="kernel_data_V_2_11_load_load_fu_5061">
<pin_list>
<pin id="5062" dir="0" index="0" bw="8" slack="0"/>
<pin id="5063" dir="1" index="1" bw="8" slack="1"/>
</pin_list>
<bind>
<opcode="load(27) " fcode="load"/>
<opset="kernel_data_V_2_11_load/13 "/>
</bind>
</comp>

<comp id="5065" class="1004" name="kernel_data_V_2_10_load_load_fu_5065">
<pin_list>
<pin id="5066" dir="0" index="0" bw="8" slack="0"/>
<pin id="5067" dir="1" index="1" bw="8" slack="1"/>
</pin_list>
<bind>
<opcode="load(27) " fcode="load"/>
<opset="kernel_data_V_2_10_load/13 "/>
</bind>
</comp>

<comp id="5069" class="1004" name="kernel_data_V_2_9_load_load_fu_5069">
<pin_list>
<pin id="5070" dir="0" index="0" bw="8" slack="0"/>
<pin id="5071" dir="1" index="1" bw="8" slack="1"/>
</pin_list>
<bind>
<opcode="load(27) " fcode="load"/>
<opset="kernel_data_V_2_9_load/13 "/>
</bind>
</comp>

<comp id="5073" class="1004" name="kernel_data_V_2_2_load_load_fu_5073">
<pin_list>
<pin id="5074" dir="0" index="0" bw="8" slack="0"/>
<pin id="5075" dir="1" index="1" bw="8" slack="1"/>
</pin_list>
<bind>
<opcode="load(27) " fcode="load"/>
<opset="kernel_data_V_2_2_load/13 "/>
</bind>
</comp>

<comp id="5077" class="1004" name="kernel_data_V_2_1_load_load_fu_5077">
<pin_list>
<pin id="5078" dir="0" index="0" bw="8" slack="0"/>
<pin id="5079" dir="1" index="1" bw="8" slack="1"/>
</pin_list>
<bind>
<opcode="load(27) " fcode="load"/>
<opset="kernel_data_V_2_1_load/13 "/>
</bind>
</comp>

<comp id="5081" class="1004" name="kernel_data_V_2_0_load_load_fu_5081">
<pin_list>
<pin id="5082" dir="0" index="0" bw="8" slack="0"/>
<pin id="5083" dir="1" index="1" bw="8" slack="1"/>
</pin_list>
<bind>
<opcode="load(27) " fcode="load"/>
<opset="kernel_data_V_2_0_load/13 "/>
</bind>
</comp>

<comp id="5085" class="1004" name="in_index_fu_5085">
<pin_list>
<pin id="5086" dir="0" index="0" bw="32" slack="0"/>
<pin id="5087" dir="0" index="1" bw="1" slack="0"/>
<pin id="5088" dir="1" index="2" bw="32" slack="0"/>
</pin_list>
<bind>
<opcode="add(8) " fcode="add"/>
<opset="in_index/13 "/>
</bind>
</comp>

<comp id="5091" class="1004" name="icmp_ln148_fu_5091">
<pin_list>
<pin id="5092" dir="0" index="0" bw="32" slack="0"/>
<pin id="5093" dir="0" index="1" bw="6" slack="0"/>
<pin id="5094" dir="1" index="2" bw="1" slack="0"/>
</pin_list>
<bind>
<opcode="icmp(45) " fcode="icmp"/>
<opset="icmp_ln148/13 "/>
</bind>
</comp>

<comp id="5097" class="1004" name="select_ln148_fu_5097">
<pin_list>
<pin id="5098" dir="0" index="0" bw="1" slack="0"/>
<pin id="5099" dir="0" index="1" bw="1" slack="0"/>
<pin id="5100" dir="0" index="2" bw="32" slack="0"/>
<pin id="5101" dir="1" index="3" bw="32" slack="0"/>
</pin_list>
<bind>
<opcode="select(49) " fcode="select"/>
<opset="select_ln148/13 "/>
</bind>
</comp>

<comp id="5105" class="1004" name="r_V_fu_5105">
<pin_list>
<pin id="5106" dir="0" index="0" bw="8" slack="0"/>
<pin id="5107" dir="1" index="1" bw="16" slack="0"/>
</pin_list>
<bind>
<opcode="zext(34) " fcode="zext"/>
<opset="r_V/14 "/>
</bind>
</comp>

<comp id="5109" class="1004" name="sext_ln1118_fu_5109">
<pin_list>
<pin id="5110" dir="0" index="0" bw="8" slack="1"/>
<pin id="5111" dir="1" index="1" bw="16" slack="0"/>
</pin_list>
<bind>
<opcode="sext(35) " fcode="sext"/>
<opset="sext_ln1118/14 "/>
</bind>
</comp>

<comp id="5112" class="1004" name="r_V_1_fu_5112">
<pin_list>
<pin id="5113" dir="0" index="0" bw="8" slack="0"/>
<pin id="5114" dir="0" index="1" bw="8" slack="0"/>
<pin id="5115" dir="1" index="2" bw="16" slack="0"/>
</pin_list>
<bind>
<opcode="mul(12) " fcode="mul"/>
<opset="r_V_1/14 "/>
</bind>
</comp>

<comp id="5118" class="1004" name="trunc_ln7_fu_5118">
<pin_list>
<pin id="5119" dir="0" index="0" bw="9" slack="0"/>
<pin id="5120" dir="0" index="1" bw="16" slack="0"/>
<pin id="5121" dir="0" index="2" bw="4" slack="0"/>
<pin id="5122" dir="0" index="3" bw="5" slack="0"/>
<pin id="5123" dir="1" index="4" bw="9" slack="0"/>
</pin_list>
<bind>
<opcode="partselect(1002) " fcode="partselect"/>
<opset="trunc_ln7/14 "/>
</bind>
</comp>

<comp id="5128" class="1004" name="sext_ln708_fu_5128">
<pin_list>
<pin id="5129" dir="0" index="0" bw="9" slack="0"/>
<pin id="5130" dir="1" index="1" bw="14" slack="0"/>
</pin_list>
<bind>
<opcode="sext(35) " fcode="sext"/>
<opset="sext_ln708/14 "/>
</bind>
</comp>

<comp id="5132" class="1004" name="tmp_10_fu_5132">
<pin_list>
<pin id="5133" dir="0" index="0" bw="14" slack="0"/>
<pin id="5134" dir="0" index="1" bw="14" slack="0"/>
<pin id="5135" dir="0" index="2" bw="14" slack="0"/>
<pin id="5136" dir="0" index="3" bw="14" slack="0"/>
<pin id="5137" dir="0" index="4" bw="14" slack="0"/>
<pin id="5138" dir="0" index="5" bw="14" slack="0"/>
<pin id="5139" dir="0" index="6" bw="14" slack="0"/>
<pin id="5140" dir="0" index="7" bw="14" slack="0"/>
<pin id="5141" dir="0" index="8" bw="14" slack="0"/>
<pin id="5142" dir="0" index="9" bw="14" slack="0"/>
<pin id="5143" dir="0" index="10" bw="14" slack="0"/>
<pin id="5144" dir="0" index="11" bw="14" slack="0"/>
<pin id="5145" dir="0" index="12" bw="14" slack="0"/>
<pin id="5146" dir="0" index="13" bw="14" slack="0"/>
<pin id="5147" dir="0" index="14" bw="14" slack="0"/>
<pin id="5148" dir="0" index="15" bw="14" slack="0"/>
<pin id="5149" dir="0" index="16" bw="14" slack="0"/>
<pin id="5150" dir="0" index="17" bw="14" slack="0"/>
<pin id="5151" dir="0" index="18" bw="14" slack="0"/>
<pin id="5152" dir="0" index="19" bw="14" slack="0"/>
<pin id="5153" dir="0" index="20" bw="14" slack="0"/>
<pin id="5154" dir="0" index="21" bw="14" slack="0"/>
<pin id="5155" dir="0" index="22" bw="14" slack="0"/>
<pin id="5156" dir="0" index="23" bw="14" slack="0"/>
<pin id="5157" dir="0" index="24" bw="14" slack="0"/>
<pin id="5158" dir="0" index="25" bw="14" slack="0"/>
<pin id="5159" dir="0" index="26" bw="14" slack="0"/>
<pin id="5160" dir="0" index="27" bw="14" slack="0"/>
<pin id="5161" dir="0" index="28" bw="14" slack="0"/>
<pin id="5162" dir="0" index="29" bw="14" slack="0"/>
<pin id="5163" dir="0" index="30" bw="14" slack="0"/>
<pin id="5164" dir="0" index="31" bw="14" slack="0"/>
<pin id="5165" dir="0" index="32" bw="14" slack="0"/>
<pin id="5166" dir="0" index="33" bw="5" slack="1"/>
<pin id="5167" dir="1" index="34" bw="14" slack="0"/>
</pin_list>
<bind>
<opcode="mux(1196) " fcode="mux"/>
<opset="tmp_10/14 "/>
</bind>
</comp>

<comp id="5201" class="1004" name="acc_0_V_fu_5201">
<pin_list>
<pin id="5202" dir="0" index="0" bw="14" slack="0"/>
<pin id="5203" dir="0" index="1" bw="9" slack="0"/>
<pin id="5204" dir="1" index="2" bw="14" slack="0"/>
</pin_list>
<bind>
<opcode="add(8) " fcode="add"/>
<opset="acc_0_V/14 "/>
</bind>
</comp>

<comp id="5239" class="1004" name="icmp_ln313_fu_5239">
<pin_list>
<pin id="5240" dir="0" index="0" bw="32" slack="4"/>
<pin id="5241" dir="0" index="1" bw="6" slack="0"/>
<pin id="5242" dir="1" index="2" bw="1" slack="2147483647"/>
</pin_list>
<bind>
<opcode="icmp(45) " fcode="icmp"/>
<opset="icmp_ln313/15 "/>
</bind>
</comp>

<comp id="5244" class="1004" name="add_ln326_fu_5244">
<pin_list>
<pin id="5245" dir="0" index="0" bw="32" slack="4"/>
<pin id="5246" dir="0" index="1" bw="1" slack="0"/>
<pin id="5247" dir="1" index="2" bw="32" slack="0"/>
</pin_list>
<bind>
<opcode="add(8) " fcode="add"/>
<opset="add_ln326/15 "/>
</bind>
</comp>

<comp id="5249" class="1004" name="store_ln326_store_fu_5249">
<pin_list>
<pin id="5250" dir="0" index="0" bw="32" slack="0"/>
<pin id="5251" dir="0" index="1" bw="32" slack="0"/>
<pin id="5252" dir="1" index="2" bw="0" slack="2147483647"/>
</pin_list>
<bind>
<opcode="store(28) " fcode="store"/>
<opset="store_ln326/15 "/>
</bind>
</comp>

<comp id="5255" class="1004" name="add_ln328_fu_5255">
<pin_list>
<pin id="5256" dir="0" index="0" bw="32" slack="4"/>
<pin id="5257" dir="0" index="1" bw="1" slack="0"/>
<pin id="5258" dir="1" index="2" bw="32" slack="0"/>
</pin_list>
<bind>
<opcode="add(8) " fcode="add"/>
<opset="add_ln328/15 "/>
</bind>
</comp>

<comp id="5260" class="1004" name="select_ln328_fu_5260">
<pin_list>
<pin id="5261" dir="0" index="0" bw="1" slack="4"/>
<pin id="5262" dir="0" index="1" bw="1" slack="0"/>
<pin id="5263" dir="0" index="2" bw="32" slack="0"/>
<pin id="5264" dir="1" index="3" bw="32" slack="0"/>
</pin_list>
<bind>
<opcode="select(49) " fcode="select"/>
<opset="select_ln328/15 "/>
</bind>
</comp>

<comp id="5267" class="1004" name="store_ln328_store_fu_5267">
<pin_list>
<pin id="5268" dir="0" index="0" bw="32" slack="0"/>
<pin id="5269" dir="0" index="1" bw="32" slack="0"/>
<pin id="5270" dir="1" index="2" bw="0" slack="2147483647"/>
</pin_list>
<bind>
<opcode="store(28) " fcode="store"/>
<opset="store_ln328/15 "/>
</bind>
</comp>

<comp id="5273" class="1004" name="store_ln315_store_fu_5273">
<pin_list>
<pin id="5274" dir="0" index="0" bw="1" slack="0"/>
<pin id="5275" dir="0" index="1" bw="32" slack="0"/>
<pin id="5276" dir="1" index="2" bw="0" slack="2147483647"/>
</pin_list>
<bind>
<opcode="store(28) " fcode="store"/>
<opset="store_ln315/15 "/>
</bind>
</comp>

<comp id="5279" class="1004" name="store_ln316_store_fu_5279">
<pin_list>
<pin id="5280" dir="0" index="0" bw="1" slack="0"/>
<pin id="5281" dir="0" index="1" bw="32" slack="0"/>
<pin id="5282" dir="1" index="2" bw="0" slack="2147483647"/>
</pin_list>
<bind>
<opcode="store(28) " fcode="store"/>
<opset="store_ln316/15 "/>
</bind>
</comp>

<comp id="5285" class="1004" name="icmp_ln317_fu_5285">
<pin_list>
<pin id="5286" dir="0" index="0" bw="32" slack="4"/>
<pin id="5287" dir="0" index="1" bw="6" slack="0"/>
<pin id="5288" dir="1" index="2" bw="1" slack="2147483647"/>
</pin_list>
<bind>
<opcode="icmp(45) " fcode="icmp"/>
<opset="icmp_ln317/15 "/>
</bind>
</comp>

<comp id="5290" class="1004" name="add_ln321_fu_5290">
<pin_list>
<pin id="5291" dir="0" index="0" bw="32" slack="4"/>
<pin id="5292" dir="0" index="1" bw="1" slack="0"/>
<pin id="5293" dir="1" index="2" bw="32" slack="0"/>
</pin_list>
<bind>
<opcode="add(8) " fcode="add"/>
<opset="add_ln321/15 "/>
</bind>
</comp>

<comp id="5295" class="1004" name="store_ln321_store_fu_5295">
<pin_list>
<pin id="5296" dir="0" index="0" bw="32" slack="0"/>
<pin id="5297" dir="0" index="1" bw="32" slack="0"/>
<pin id="5298" dir="1" index="2" bw="0" slack="2147483647"/>
</pin_list>
<bind>
<opcode="store(28) " fcode="store"/>
<opset="store_ln321/15 "/>
</bind>
</comp>

<comp id="5301" class="1004" name="add_ln323_fu_5301">
<pin_list>
<pin id="5302" dir="0" index="0" bw="32" slack="4"/>
<pin id="5303" dir="0" index="1" bw="1" slack="0"/>
<pin id="5304" dir="1" index="2" bw="32" slack="0"/>
</pin_list>
<bind>
<opcode="add(8) " fcode="add"/>
<opset="add_ln323/15 "/>
</bind>
</comp>

<comp id="5306" class="1004" name="select_ln323_fu_5306">
<pin_list>
<pin id="5307" dir="0" index="0" bw="1" slack="4"/>
<pin id="5308" dir="0" index="1" bw="1" slack="0"/>
<pin id="5309" dir="0" index="2" bw="32" slack="0"/>
<pin id="5310" dir="1" index="3" bw="32" slack="0"/>
</pin_list>
<bind>
<opcode="select(49) " fcode="select"/>
<opset="select_ln323/15 "/>
</bind>
</comp>

<comp id="5314" class="1004" name="store_ln318_store_fu_5314">
<pin_list>
<pin id="5315" dir="0" index="0" bw="1" slack="0"/>
<pin id="5316" dir="0" index="1" bw="32" slack="0"/>
<pin id="5317" dir="1" index="2" bw="0" slack="2147483647"/>
</pin_list>
<bind>
<opcode="store(28) " fcode="store"/>
<opset="store_ln318/15 "/>
</bind>
</comp>

<comp id="5320" class="1004" name="store_ln319_store_fu_5320">
<pin_list>
<pin id="5321" dir="0" index="0" bw="32" slack="0"/>
<pin id="5322" dir="0" index="1" bw="32" slack="0"/>
<pin id="5323" dir="1" index="2" bw="0" slack="2147483647"/>
</pin_list>
<bind>
<opcode="store(28) " fcode="store"/>
<opset="store_ln319/15 "/>
</bind>
</comp>

<comp id="5326" class="1004" name="icmp_ln79_fu_5326">
<pin_list>
<pin id="5327" dir="0" index="0" bw="10" slack="10"/>
<pin id="5328" dir="0" index="1" bw="1" slack="0"/>
<pin id="5329" dir="1" index="2" bw="1" slack="2147483647"/>
</pin_list>
<bind>
<opcode="icmp(45) " fcode="icmp"/>
<opset="icmp_ln79/15 "/>
</bind>
</comp>

<comp id="5332" class="1005" name="shift_buffer_1_2_V_reg_5332">
<pin_list>
<pin id="5333" dir="0" index="0" bw="8" slack="3"/>
<pin id="5334" dir="1" index="1" bw="8" slack="3"/>
</pin_list>
<bind>
<opset="shift_buffer_1_2_V "/>
</bind>
</comp>

<comp id="5338" class="1005" name="shift_buffer_1_2_V_1_reg_5338">
<pin_list>
<pin id="5339" dir="0" index="0" bw="8" slack="3"/>
<pin id="5340" dir="1" index="1" bw="8" slack="3"/>
</pin_list>
<bind>
<opset="shift_buffer_1_2_V_1 "/>
</bind>
</comp>

<comp id="5344" class="1005" name="shift_buffer_1_2_V_2_reg_5344">
<pin_list>
<pin id="5345" dir="0" index="0" bw="8" slack="3"/>
<pin id="5346" dir="1" index="1" bw="8" slack="3"/>
</pin_list>
<bind>
<opset="shift_buffer_1_2_V_2 "/>
</bind>
</comp>

<comp id="5350" class="1005" name="shift_buffer_0_2_V_reg_5350">
<pin_list>
<pin id="5351" dir="0" index="0" bw="8" slack="4"/>
<pin id="5352" dir="1" index="1" bw="8" slack="4"/>
</pin_list>
<bind>
<opset="shift_buffer_0_2_V "/>
</bind>
</comp>

<comp id="5356" class="1005" name="shift_buffer_0_2_V_1_reg_5356">
<pin_list>
<pin id="5357" dir="0" index="0" bw="8" slack="4"/>
<pin id="5358" dir="1" index="1" bw="8" slack="4"/>
</pin_list>
<bind>
<opset="shift_buffer_0_2_V_1 "/>
</bind>
</comp>

<comp id="5362" class="1005" name="shift_buffer_0_2_V_2_reg_5362">
<pin_list>
<pin id="5363" dir="0" index="0" bw="8" slack="4"/>
<pin id="5364" dir="1" index="1" bw="8" slack="4"/>
</pin_list>
<bind>
<opset="shift_buffer_0_2_V_2 "/>
</bind>
</comp>

<comp id="5368" class="1005" name="tmp_data_0_V_1_reg_5368">
<pin_list>
<pin id="5369" dir="0" index="0" bw="8" slack="1"/>
<pin id="5370" dir="1" index="1" bw="8" slack="1"/>
</pin_list>
<bind>
<opset="tmp_data_0_V_1 "/>
</bind>
</comp>

<comp id="5374" class="1005" name="tmp_data_1_V_1_reg_5374">
<pin_list>
<pin id="5375" dir="0" index="0" bw="8" slack="1"/>
<pin id="5376" dir="1" index="1" bw="8" slack="1"/>
</pin_list>
<bind>
<opset="tmp_data_1_V_1 "/>
</bind>
</comp>

<comp id="5380" class="1005" name="tmp_data_2_V_1_reg_5380">
<pin_list>
<pin id="5381" dir="0" index="0" bw="8" slack="1"/>
<pin id="5382" dir="1" index="1" bw="8" slack="1"/>
</pin_list>
<bind>
<opset="tmp_data_2_V_1 "/>
</bind>
</comp>

<comp id="5386" class="1005" name="add_ln79_reg_5386">
<pin_list>
<pin id="5387" dir="0" index="0" bw="10" slack="0"/>
<pin id="5388" dir="1" index="1" bw="10" slack="0"/>
</pin_list>
<bind>
<opset="add_ln79 "/>
</bind>
</comp>

<comp id="5391" class="1005" name="icmp_ln241_reg_5391">
<pin_list>
<pin id="5392" dir="0" index="0" bw="1" slack="1"/>
<pin id="5393" dir="1" index="1" bw="1" slack="2147483647"/>
</pin_list>
<bind>
<opset="icmp_ln241 "/>
</bind>
</comp>

<comp id="5395" class="1005" name="i_ic_reg_5395">
<pin_list>
<pin id="5396" dir="0" index="0" bw="2" slack="0"/>
<pin id="5397" dir="1" index="1" bw="2" slack="0"/>
</pin_list>
<bind>
<opset="i_ic "/>
</bind>
</comp>

<comp id="5400" class="1005" name="DataOut_V_2_reg_5400">
<pin_list>
<pin id="5401" dir="0" index="0" bw="8" slack="1"/>
<pin id="5402" dir="1" index="1" bw="8" slack="1"/>
</pin_list>
<bind>
<opset="DataOut_V_2 "/>
</bind>
</comp>

<comp id="5405" class="1005" name="DataOut_V_1_reg_5405">
<pin_list>
<pin id="5406" dir="0" index="0" bw="8" slack="1"/>
<pin id="5407" dir="1" index="1" bw="8" slack="1"/>
</pin_list>
<bind>
<opset="DataOut_V_1 "/>
</bind>
</comp>

<comp id="5410" class="1005" name="DataOut_V_reg_5410">
<pin_list>
<pin id="5411" dir="0" index="0" bw="8" slack="1"/>
<pin id="5412" dir="1" index="1" bw="8" slack="1"/>
</pin_list>
<bind>
<opset="DataOut_V "/>
</bind>
</comp>

<comp id="5415" class="1005" name="kernel_data_V_2_7_load_reg_5415">
<pin_list>
<pin id="5416" dir="0" index="0" bw="8" slack="1"/>
<pin id="5417" dir="1" index="1" bw="8" slack="1"/>
</pin_list>
<bind>
<opset="kernel_data_V_2_7_load "/>
</bind>
</comp>

<comp id="5420" class="1005" name="kernel_data_V_2_8_load_reg_5420">
<pin_list>
<pin id="5421" dir="0" index="0" bw="8" slack="1"/>
<pin id="5422" dir="1" index="1" bw="8" slack="1"/>
</pin_list>
<bind>
<opset="kernel_data_V_2_8_load "/>
</bind>
</comp>

<comp id="5425" class="1005" name="kernel_data_V_2_16_load_reg_5425">
<pin_list>
<pin id="5426" dir="0" index="0" bw="8" slack="1"/>
<pin id="5427" dir="1" index="1" bw="8" slack="1"/>
</pin_list>
<bind>
<opset="kernel_data_V_2_16_load "/>
</bind>
</comp>

<comp id="5430" class="1005" name="kernel_data_V_2_17_load_reg_5430">
<pin_list>
<pin id="5431" dir="0" index="0" bw="8" slack="1"/>
<pin id="5432" dir="1" index="1" bw="8" slack="1"/>
</pin_list>
<bind>
<opset="kernel_data_V_2_17_load "/>
</bind>
</comp>

<comp id="5435" class="1005" name="kernel_data_V_2_25_load_reg_5435">
<pin_list>
<pin id="5436" dir="0" index="0" bw="8" slack="1"/>
<pin id="5437" dir="1" index="1" bw="8" slack="1"/>
</pin_list>
<bind>
<opset="kernel_data_V_2_25_load "/>
</bind>
</comp>

<comp id="5440" class="1005" name="kernel_data_V_2_26_load_reg_5440">
<pin_list>
<pin id="5441" dir="0" index="0" bw="8" slack="1"/>
<pin id="5442" dir="1" index="1" bw="8" slack="1"/>
</pin_list>
<bind>
<opset="kernel_data_V_2_26_load "/>
</bind>
</comp>

<comp id="5445" class="1005" name="kernel_data_V_2_15_load_reg_5445">
<pin_list>
<pin id="5446" dir="0" index="0" bw="8" slack="1"/>
<pin id="5447" dir="1" index="1" bw="8" slack="1"/>
</pin_list>
<bind>
<opset="kernel_data_V_2_15_load "/>
</bind>
</comp>

<comp id="5450" class="1005" name="DataOut_V_5_reg_5450">
<pin_list>
<pin id="5451" dir="0" index="0" bw="8" slack="1"/>
<pin id="5452" dir="1" index="1" bw="8" slack="1"/>
</pin_list>
<bind>
<opset="DataOut_V_5 "/>
</bind>
</comp>

<comp id="5455" class="1005" name="DataOut_V_4_reg_5455">
<pin_list>
<pin id="5456" dir="0" index="0" bw="8" slack="1"/>
<pin id="5457" dir="1" index="1" bw="8" slack="1"/>
</pin_list>
<bind>
<opset="DataOut_V_4 "/>
</bind>
</comp>

<comp id="5460" class="1005" name="DataOut_V_3_reg_5460">
<pin_list>
<pin id="5461" dir="0" index="0" bw="8" slack="1"/>
<pin id="5462" dir="1" index="1" bw="8" slack="1"/>
</pin_list>
<bind>
<opset="DataOut_V_3 "/>
</bind>
</comp>

<comp id="5465" class="1005" name="icmp_ln194_reg_5465">
<pin_list>
<pin id="5466" dir="0" index="0" bw="1" slack="1"/>
<pin id="5467" dir="1" index="1" bw="1" slack="2147483647"/>
</pin_list>
<bind>
<opset="icmp_ln194 "/>
</bind>
</comp>

<comp id="5469" class="1005" name="i_iw_reg_5469">
<pin_list>
<pin id="5470" dir="0" index="0" bw="2" slack="0"/>
<pin id="5471" dir="1" index="1" bw="2" slack="0"/>
</pin_list>
<bind>
<opset="i_iw "/>
</bind>
</comp>

<comp id="5477" class="1005" name="icmp_ln356_reg_5477">
<pin_list>
<pin id="5478" dir="0" index="0" bw="1" slack="1"/>
<pin id="5479" dir="1" index="1" bw="1" slack="1"/>
</pin_list>
<bind>
<opset="icmp_ln356 "/>
</bind>
</comp>

<comp id="5485" class="1005" name="add_ln213_reg_5485">
<pin_list>
<pin id="5486" dir="0" index="0" bw="2" slack="0"/>
<pin id="5487" dir="1" index="1" bw="2" slack="0"/>
</pin_list>
<bind>
<opset="add_ln213 "/>
</bind>
</comp>

<comp id="5493" class="1005" name="add_ln213_1_reg_5493">
<pin_list>
<pin id="5494" dir="0" index="0" bw="2" slack="0"/>
<pin id="5495" dir="1" index="1" bw="2" slack="0"/>
</pin_list>
<bind>
<opset="add_ln213_1 "/>
</bind>
</comp>

<comp id="5498" class="1005" name="icmp_ln213_2_reg_5498">
<pin_list>
<pin id="5499" dir="0" index="0" bw="1" slack="1"/>
<pin id="5500" dir="1" index="1" bw="1" slack="2147483647"/>
</pin_list>
<bind>
<opset="icmp_ln213_2 "/>
</bind>
</comp>

<comp id="5502" class="1005" name="add_ln213_2_reg_5502">
<pin_list>
<pin id="5503" dir="0" index="0" bw="2" slack="0"/>
<pin id="5504" dir="1" index="1" bw="2" slack="0"/>
</pin_list>
<bind>
<opset="add_ln213_2 "/>
</bind>
</comp>

<comp id="5507" class="1005" name="sX_load_reg_5507">
<pin_list>
<pin id="5508" dir="0" index="0" bw="32" slack="4"/>
<pin id="5509" dir="1" index="1" bw="32" slack="4"/>
</pin_list>
<bind>
<opset="sX_load "/>
</bind>
</comp>

<comp id="5512" class="1005" name="icmp_ln289_reg_5512">
<pin_list>
<pin id="5513" dir="0" index="0" bw="1" slack="4"/>
<pin id="5514" dir="1" index="1" bw="1" slack="4"/>
</pin_list>
<bind>
<opset="icmp_ln289 "/>
</bind>
</comp>

<comp id="5517" class="1005" name="sY_load_reg_5517">
<pin_list>
<pin id="5518" dir="0" index="0" bw="32" slack="4"/>
<pin id="5519" dir="1" index="1" bw="32" slack="4"/>
</pin_list>
<bind>
<opset="sY_load "/>
</bind>
</comp>

<comp id="5522" class="1005" name="icmp_ln289_1_reg_5522">
<pin_list>
<pin id="5523" dir="0" index="0" bw="1" slack="4"/>
<pin id="5524" dir="1" index="1" bw="1" slack="4"/>
</pin_list>
<bind>
<opset="icmp_ln289_1 "/>
</bind>
</comp>

<comp id="5527" class="1005" name="pY_load_reg_5527">
<pin_list>
<pin id="5528" dir="0" index="0" bw="32" slack="4"/>
<pin id="5529" dir="1" index="1" bw="32" slack="4"/>
</pin_list>
<bind>
<opset="pY_load "/>
</bind>
</comp>

<comp id="5533" class="1005" name="pX_load_reg_5533">
<pin_list>
<pin id="5534" dir="0" index="0" bw="32" slack="4"/>
<pin id="5535" dir="1" index="1" bw="32" slack="4"/>
</pin_list>
<bind>
<opset="pX_load "/>
</bind>
</comp>

<comp id="5539" class="1005" name="and_ln289_2_reg_5539">
<pin_list>
<pin id="5540" dir="0" index="0" bw="1" slack="1"/>
<pin id="5541" dir="1" index="1" bw="1" slack="2147483647"/>
</pin_list>
<bind>
<opset="and_ln289_2 "/>
</bind>
</comp>

<comp id="5543" class="1005" name="outidx4_addr_reg_5543">
<pin_list>
<pin id="5544" dir="0" index="0" bw="10" slack="1"/>
<pin id="5545" dir="1" index="1" bw="10" slack="1"/>
</pin_list>
<bind>
<opset="outidx4_addr "/>
</bind>
</comp>

<comp id="5548" class="1005" name="w_index_reg_5548">
<pin_list>
<pin id="5549" dir="0" index="0" bw="10" slack="0"/>
<pin id="5550" dir="1" index="1" bw="10" slack="0"/>
</pin_list>
<bind>
<opset="w_index "/>
</bind>
</comp>

<comp id="5553" class="1005" name="w2_V_addr_reg_5553">
<pin_list>
<pin id="5554" dir="0" index="0" bw="10" slack="1"/>
<pin id="5555" dir="1" index="1" bw="10" slack="1"/>
</pin_list>
<bind>
<opset="w2_V_addr "/>
</bind>
</comp>

<comp id="5558" class="1005" name="icmp_ln129_reg_5558">
<pin_list>
<pin id="5559" dir="0" index="0" bw="1" slack="1"/>
<pin id="5560" dir="1" index="1" bw="1" slack="2147483647"/>
</pin_list>
<bind>
<opset="icmp_ln129 "/>
</bind>
</comp>

<comp id="5562" class="1005" name="out_index_reg_5562">
<pin_list>
<pin id="5563" dir="0" index="0" bw="5" slack="1"/>
<pin id="5564" dir="1" index="1" bw="5" slack="1"/>
</pin_list>
<bind>
<opset="out_index "/>
</bind>
</comp>

<comp id="5567" class="1005" name="trunc_ln139_reg_5567">
<pin_list>
<pin id="5568" dir="0" index="0" bw="5" slack="1"/>
<pin id="5569" dir="1" index="1" bw="5" slack="2147483647"/>
</pin_list>
<bind>
<opset="trunc_ln139 "/>
</bind>
</comp>

<comp id="5571" class="1005" name="kernel_data_V_2_25_load_1_reg_5571">
<pin_list>
<pin id="5572" dir="0" index="0" bw="8" slack="1"/>
<pin id="5573" dir="1" index="1" bw="8" slack="1"/>
</pin_list>
<bind>
<opset="kernel_data_V_2_25_load_1 "/>
</bind>
</comp>

<comp id="5576" class="1005" name="kernel_data_V_2_24_load_1_reg_5576">
<pin_list>
<pin id="5577" dir="0" index="0" bw="8" slack="1"/>
<pin id="5578" dir="1" index="1" bw="8" slack="1"/>
</pin_list>
<bind>
<opset="kernel_data_V_2_24_load_1 "/>
</bind>
</comp>

<comp id="5581" class="1005" name="kernel_data_V_2_23_load_1_reg_5581">
<pin_list>
<pin id="5582" dir="0" index="0" bw="8" slack="1"/>
<pin id="5583" dir="1" index="1" bw="8" slack="1"/>
</pin_list>
<bind>
<opset="kernel_data_V_2_23_load_1 "/>
</bind>
</comp>

<comp id="5586" class="1005" name="kernel_data_V_2_22_load_1_reg_5586">
<pin_list>
<pin id="5587" dir="0" index="0" bw="8" slack="1"/>
<pin id="5588" dir="1" index="1" bw="8" slack="1"/>
</pin_list>
<bind>
<opset="kernel_data_V_2_22_load_1 "/>
</bind>
</comp>

<comp id="5591" class="1005" name="kernel_data_V_2_21_load_1_reg_5591">
<pin_list>
<pin id="5592" dir="0" index="0" bw="8" slack="1"/>
<pin id="5593" dir="1" index="1" bw="8" slack="1"/>
</pin_list>
<bind>
<opset="kernel_data_V_2_21_load_1 "/>
</bind>
</comp>

<comp id="5596" class="1005" name="kernel_data_V_2_20_load_reg_5596">
<pin_list>
<pin id="5597" dir="0" index="0" bw="8" slack="1"/>
<pin id="5598" dir="1" index="1" bw="8" slack="1"/>
</pin_list>
<bind>
<opset="kernel_data_V_2_20_load "/>
</bind>
</comp>

<comp id="5601" class="1005" name="kernel_data_V_2_19_load_reg_5601">
<pin_list>
<pin id="5602" dir="0" index="0" bw="8" slack="1"/>
<pin id="5603" dir="1" index="1" bw="8" slack="1"/>
</pin_list>
<bind>
<opset="kernel_data_V_2_19_load "/>
</bind>
</comp>

<comp id="5606" class="1005" name="kernel_data_V_2_18_load_reg_5606">
<pin_list>
<pin id="5607" dir="0" index="0" bw="8" slack="1"/>
<pin id="5608" dir="1" index="1" bw="8" slack="1"/>
</pin_list>
<bind>
<opset="kernel_data_V_2_18_load "/>
</bind>
</comp>

<comp id="5611" class="1005" name="kernel_data_V_2_17_load_1_reg_5611">
<pin_list>
<pin id="5612" dir="0" index="0" bw="8" slack="1"/>
<pin id="5613" dir="1" index="1" bw="8" slack="1"/>
</pin_list>
<bind>
<opset="kernel_data_V_2_17_load_1 "/>
</bind>
</comp>

<comp id="5616" class="1005" name="kernel_data_V_2_16_load_1_reg_5616">
<pin_list>
<pin id="5617" dir="0" index="0" bw="8" slack="1"/>
<pin id="5618" dir="1" index="1" bw="8" slack="1"/>
</pin_list>
<bind>
<opset="kernel_data_V_2_16_load_1 "/>
</bind>
</comp>

<comp id="5621" class="1005" name="kernel_data_V_2_15_load_1_reg_5621">
<pin_list>
<pin id="5622" dir="0" index="0" bw="8" slack="1"/>
<pin id="5623" dir="1" index="1" bw="8" slack="1"/>
</pin_list>
<bind>
<opset="kernel_data_V_2_15_load_1 "/>
</bind>
</comp>

<comp id="5626" class="1005" name="kernel_data_V_2_14_load_1_reg_5626">
<pin_list>
<pin id="5627" dir="0" index="0" bw="8" slack="1"/>
<pin id="5628" dir="1" index="1" bw="8" slack="1"/>
</pin_list>
<bind>
<opset="kernel_data_V_2_14_load_1 "/>
</bind>
</comp>

<comp id="5631" class="1005" name="kernel_data_V_2_13_load_1_reg_5631">
<pin_list>
<pin id="5632" dir="0" index="0" bw="8" slack="1"/>
<pin id="5633" dir="1" index="1" bw="8" slack="1"/>
</pin_list>
<bind>
<opset="kernel_data_V_2_13_load_1 "/>
</bind>
</comp>

<comp id="5636" class="1005" name="kernel_data_V_2_12_load_1_reg_5636">
<pin_list>
<pin id="5637" dir="0" index="0" bw="8" slack="1"/>
<pin id="5638" dir="1" index="1" bw="8" slack="1"/>
</pin_list>
<bind>
<opset="kernel_data_V_2_12_load_1 "/>
</bind>
</comp>

<comp id="5641" class="1005" name="kernel_data_V_2_11_load_reg_5641">
<pin_list>
<pin id="5642" dir="0" index="0" bw="8" slack="1"/>
<pin id="5643" dir="1" index="1" bw="8" slack="1"/>
</pin_list>
<bind>
<opset="kernel_data_V_2_11_load "/>
</bind>
</comp>

<comp id="5646" class="1005" name="kernel_data_V_2_10_load_reg_5646">
<pin_list>
<pin id="5647" dir="0" index="0" bw="8" slack="1"/>
<pin id="5648" dir="1" index="1" bw="8" slack="1"/>
</pin_list>
<bind>
<opset="kernel_data_V_2_10_load "/>
</bind>
</comp>

<comp id="5651" class="1005" name="kernel_data_V_2_9_load_reg_5651">
<pin_list>
<pin id="5652" dir="0" index="0" bw="8" slack="1"/>
<pin id="5653" dir="1" index="1" bw="8" slack="1"/>
</pin_list>
<bind>
<opset="kernel_data_V_2_9_load "/>
</bind>
</comp>

<comp id="5656" class="1005" name="kernel_data_V_2_8_load_1_reg_5656">
<pin_list>
<pin id="5657" dir="0" index="0" bw="8" slack="1"/>
<pin id="5658" dir="1" index="1" bw="8" slack="1"/>
</pin_list>
<bind>
<opset="kernel_data_V_2_8_load_1 "/>
</bind>
</comp>

<comp id="5661" class="1005" name="kernel_data_V_2_7_load_1_reg_5661">
<pin_list>
<pin id="5662" dir="0" index="0" bw="8" slack="1"/>
<pin id="5663" dir="1" index="1" bw="8" slack="1"/>
</pin_list>
<bind>
<opset="kernel_data_V_2_7_load_1 "/>
</bind>
</comp>

<comp id="5666" class="1005" name="kernel_data_V_2_6_load_1_reg_5666">
<pin_list>
<pin id="5667" dir="0" index="0" bw="8" slack="1"/>
<pin id="5668" dir="1" index="1" bw="8" slack="1"/>
</pin_list>
<bind>
<opset="kernel_data_V_2_6_load_1 "/>
</bind>
</comp>

<comp id="5671" class="1005" name="kernel_data_V_2_5_load_1_reg_5671">
<pin_list>
<pin id="5672" dir="0" index="0" bw="8" slack="1"/>
<pin id="5673" dir="1" index="1" bw="8" slack="1"/>
</pin_list>
<bind>
<opset="kernel_data_V_2_5_load_1 "/>
</bind>
</comp>

<comp id="5676" class="1005" name="kernel_data_V_2_4_load_1_reg_5676">
<pin_list>
<pin id="5677" dir="0" index="0" bw="8" slack="1"/>
<pin id="5678" dir="1" index="1" bw="8" slack="1"/>
</pin_list>
<bind>
<opset="kernel_data_V_2_4_load_1 "/>
</bind>
</comp>

<comp id="5681" class="1005" name="kernel_data_V_2_3_load_1_reg_5681">
<pin_list>
<pin id="5682" dir="0" index="0" bw="8" slack="1"/>
<pin id="5683" dir="1" index="1" bw="8" slack="1"/>
</pin_list>
<bind>
<opset="kernel_data_V_2_3_load_1 "/>
</bind>
</comp>

<comp id="5686" class="1005" name="kernel_data_V_2_2_load_reg_5686">
<pin_list>
<pin id="5687" dir="0" index="0" bw="8" slack="1"/>
<pin id="5688" dir="1" index="1" bw="8" slack="1"/>
</pin_list>
<bind>
<opset="kernel_data_V_2_2_load "/>
</bind>
</comp>

<comp id="5691" class="1005" name="kernel_data_V_2_1_load_reg_5691">
<pin_list>
<pin id="5692" dir="0" index="0" bw="8" slack="1"/>
<pin id="5693" dir="1" index="1" bw="8" slack="1"/>
</pin_list>
<bind>
<opset="kernel_data_V_2_1_load "/>
</bind>
</comp>

<comp id="5696" class="1005" name="kernel_data_V_2_0_load_reg_5696">
<pin_list>
<pin id="5697" dir="0" index="0" bw="8" slack="1"/>
<pin id="5698" dir="1" index="1" bw="8" slack="1"/>
</pin_list>
<bind>
<opset="kernel_data_V_2_0_load "/>
</bind>
</comp>

<comp id="5701" class="1005" name="kernel_data_V_2_26_load_1_reg_5701">
<pin_list>
<pin id="5702" dir="0" index="0" bw="8" slack="1"/>
<pin id="5703" dir="1" index="1" bw="8" slack="1"/>
</pin_list>
<bind>
<opset="kernel_data_V_2_26_load_1 "/>
</bind>
</comp>

<comp id="5706" class="1005" name="w2_V_load_reg_5706">
<pin_list>
<pin id="5707" dir="0" index="0" bw="8" slack="1"/>
<pin id="5708" dir="1" index="1" bw="8" slack="1"/>
</pin_list>
<bind>
<opset="w2_V_load "/>
</bind>
</comp>

<comp id="5711" class="1005" name="select_ln148_reg_5711">
<pin_list>
<pin id="5712" dir="0" index="0" bw="32" slack="0"/>
<pin id="5713" dir="1" index="1" bw="32" slack="0"/>
</pin_list>
<bind>
<opset="select_ln148 "/>
</bind>
</comp>

</comp_list>

<net_list>
<net id="389"><net_src comp="148" pin="0"/><net_sink comp="386" pin=0"/></net>

<net id="393"><net_src comp="148" pin="0"/><net_sink comp="390" pin=0"/></net>

<net id="397"><net_src comp="148" pin="0"/><net_sink comp="394" pin=0"/></net>

<net id="401"><net_src comp="148" pin="0"/><net_sink comp="398" pin=0"/></net>

<net id="405"><net_src comp="148" pin="0"/><net_sink comp="402" pin=0"/></net>

<net id="409"><net_src comp="148" pin="0"/><net_sink comp="406" pin=0"/></net>

<net id="416"><net_src comp="176" pin="0"/><net_sink comp="410" pin=0"/></net>

<net id="417"><net_src comp="0" pin="0"/><net_sink comp="410" pin=1"/></net>

<net id="418"><net_src comp="2" pin="0"/><net_sink comp="410" pin=2"/></net>

<net id="419"><net_src comp="4" pin="0"/><net_sink comp="410" pin=3"/></net>

<net id="487"><net_src comp="380" pin="0"/><net_sink comp="420" pin=0"/></net>

<net id="488"><net_src comp="6" pin="0"/><net_sink comp="420" pin=1"/></net>

<net id="489"><net_src comp="8" pin="0"/><net_sink comp="420" pin=2"/></net>

<net id="490"><net_src comp="10" pin="0"/><net_sink comp="420" pin=3"/></net>

<net id="491"><net_src comp="12" pin="0"/><net_sink comp="420" pin=4"/></net>

<net id="492"><net_src comp="14" pin="0"/><net_sink comp="420" pin=5"/></net>

<net id="493"><net_src comp="16" pin="0"/><net_sink comp="420" pin=6"/></net>

<net id="494"><net_src comp="18" pin="0"/><net_sink comp="420" pin=7"/></net>

<net id="495"><net_src comp="20" pin="0"/><net_sink comp="420" pin=8"/></net>

<net id="496"><net_src comp="22" pin="0"/><net_sink comp="420" pin=9"/></net>

<net id="497"><net_src comp="24" pin="0"/><net_sink comp="420" pin=10"/></net>

<net id="498"><net_src comp="26" pin="0"/><net_sink comp="420" pin=11"/></net>

<net id="499"><net_src comp="28" pin="0"/><net_sink comp="420" pin=12"/></net>

<net id="500"><net_src comp="30" pin="0"/><net_sink comp="420" pin=13"/></net>

<net id="501"><net_src comp="32" pin="0"/><net_sink comp="420" pin=14"/></net>

<net id="502"><net_src comp="34" pin="0"/><net_sink comp="420" pin=15"/></net>

<net id="503"><net_src comp="36" pin="0"/><net_sink comp="420" pin=16"/></net>

<net id="504"><net_src comp="38" pin="0"/><net_sink comp="420" pin=17"/></net>

<net id="505"><net_src comp="40" pin="0"/><net_sink comp="420" pin=18"/></net>

<net id="506"><net_src comp="42" pin="0"/><net_sink comp="420" pin=19"/></net>

<net id="507"><net_src comp="44" pin="0"/><net_sink comp="420" pin=20"/></net>

<net id="508"><net_src comp="46" pin="0"/><net_sink comp="420" pin=21"/></net>

<net id="509"><net_src comp="48" pin="0"/><net_sink comp="420" pin=22"/></net>

<net id="510"><net_src comp="50" pin="0"/><net_sink comp="420" pin=23"/></net>

<net id="511"><net_src comp="52" pin="0"/><net_sink comp="420" pin=24"/></net>

<net id="512"><net_src comp="54" pin="0"/><net_sink comp="420" pin=25"/></net>

<net id="513"><net_src comp="56" pin="0"/><net_sink comp="420" pin=26"/></net>

<net id="514"><net_src comp="58" pin="0"/><net_sink comp="420" pin=27"/></net>

<net id="515"><net_src comp="60" pin="0"/><net_sink comp="420" pin=28"/></net>

<net id="516"><net_src comp="62" pin="0"/><net_sink comp="420" pin=29"/></net>

<net id="517"><net_src comp="64" pin="0"/><net_sink comp="420" pin=30"/></net>

<net id="518"><net_src comp="66" pin="0"/><net_sink comp="420" pin=31"/></net>

<net id="519"><net_src comp="68" pin="0"/><net_sink comp="420" pin=32"/></net>

<net id="525"><net_src comp="114" pin="0"/><net_sink comp="520" pin=0"/></net>

<net id="526"><net_src comp="240" pin="0"/><net_sink comp="520" pin=1"/></net>

<net id="532"><net_src comp="520" pin="3"/><net_sink comp="527" pin=0"/></net>

<net id="538"><net_src comp="134" pin="0"/><net_sink comp="533" pin=0"/></net>

<net id="539"><net_src comp="240" pin="0"/><net_sink comp="533" pin=1"/></net>

<net id="545"><net_src comp="533" pin="3"/><net_sink comp="540" pin=0"/></net>

<net id="549"><net_src comp="162" pin="0"/><net_sink comp="546" pin=0"/></net>

<net id="556"><net_src comp="546" pin="1"/><net_sink comp="550" pin=0"/></net>

<net id="557"><net_src comp="550" pin="4"/><net_sink comp="546" pin=0"/></net>

<net id="561"><net_src comp="180" pin="0"/><net_sink comp="558" pin=0"/></net>

<net id="568"><net_src comp="558" pin="1"/><net_sink comp="562" pin=0"/></net>

<net id="569"><net_src comp="562" pin="4"/><net_sink comp="558" pin=0"/></net>

<net id="595"><net_src comp="180" pin="0"/><net_sink comp="592" pin=0"/></net>

<net id="602"><net_src comp="592" pin="1"/><net_sink comp="596" pin=2"/></net>

<net id="606"><net_src comp="180" pin="0"/><net_sink comp="603" pin=0"/></net>

<net id="613"><net_src comp="603" pin="1"/><net_sink comp="607" pin=0"/></net>

<net id="617"><net_src comp="180" pin="0"/><net_sink comp="614" pin=0"/></net>

<net id="624"><net_src comp="614" pin="1"/><net_sink comp="618" pin=0"/></net>

<net id="628"><net_src comp="180" pin="0"/><net_sink comp="625" pin=0"/></net>

<net id="635"><net_src comp="625" pin="1"/><net_sink comp="629" pin=0"/></net>

<net id="639"><net_src comp="162" pin="0"/><net_sink comp="636" pin=0"/></net>

<net id="646"><net_src comp="636" pin="1"/><net_sink comp="640" pin=0"/></net>

<net id="650"><net_src comp="154" pin="0"/><net_sink comp="647" pin=0"/></net>

<net id="657"><net_src comp="647" pin="1"/><net_sink comp="651" pin=0"/></net>

<net id="661"><net_src comp="298" pin="0"/><net_sink comp="658" pin=0"/></net>

<net id="668"><net_src comp="658" pin="1"/><net_sink comp="662" pin=0"/></net>

<net id="672"><net_src comp="300" pin="0"/><net_sink comp="669" pin=0"/></net>

<net id="679"><net_src comp="669" pin="1"/><net_sink comp="673" pin=0"/></net>

<net id="683"><net_src comp="302" pin="0"/><net_sink comp="680" pin=0"/></net>

<net id="690"><net_src comp="680" pin="1"/><net_sink comp="684" pin=0"/></net>

<net id="694"><net_src comp="304" pin="0"/><net_sink comp="691" pin=0"/></net>

<net id="701"><net_src comp="691" pin="1"/><net_sink comp="695" pin=0"/></net>

<net id="705"><net_src comp="306" pin="0"/><net_sink comp="702" pin=0"/></net>

<net id="712"><net_src comp="702" pin="1"/><net_sink comp="706" pin=0"/></net>

<net id="716"><net_src comp="308" pin="0"/><net_sink comp="713" pin=0"/></net>

<net id="723"><net_src comp="713" pin="1"/><net_sink comp="717" pin=0"/></net>

<net id="727"><net_src comp="310" pin="0"/><net_sink comp="724" pin=0"/></net>

<net id="734"><net_src comp="724" pin="1"/><net_sink comp="728" pin=0"/></net>

<net id="738"><net_src comp="312" pin="0"/><net_sink comp="735" pin=0"/></net>

<net id="745"><net_src comp="735" pin="1"/><net_sink comp="739" pin=0"/></net>

<net id="749"><net_src comp="314" pin="0"/><net_sink comp="746" pin=0"/></net>

<net id="756"><net_src comp="746" pin="1"/><net_sink comp="750" pin=0"/></net>

<net id="760"><net_src comp="316" pin="0"/><net_sink comp="757" pin=0"/></net>

<net id="767"><net_src comp="757" pin="1"/><net_sink comp="761" pin=0"/></net>

<net id="771"><net_src comp="318" pin="0"/><net_sink comp="768" pin=0"/></net>

<net id="778"><net_src comp="768" pin="1"/><net_sink comp="772" pin=0"/></net>

<net id="782"><net_src comp="320" pin="0"/><net_sink comp="779" pin=0"/></net>

<net id="789"><net_src comp="779" pin="1"/><net_sink comp="783" pin=0"/></net>

<net id="793"><net_src comp="316" pin="0"/><net_sink comp="790" pin=0"/></net>

<net id="800"><net_src comp="790" pin="1"/><net_sink comp="794" pin=0"/></net>

<net id="804"><net_src comp="322" pin="0"/><net_sink comp="801" pin=0"/></net>

<net id="811"><net_src comp="801" pin="1"/><net_sink comp="805" pin=0"/></net>

<net id="815"><net_src comp="324" pin="0"/><net_sink comp="812" pin=0"/></net>

<net id="822"><net_src comp="812" pin="1"/><net_sink comp="816" pin=0"/></net>

<net id="826"><net_src comp="326" pin="0"/><net_sink comp="823" pin=0"/></net>

<net id="833"><net_src comp="823" pin="1"/><net_sink comp="827" pin=0"/></net>

<net id="837"><net_src comp="328" pin="0"/><net_sink comp="834" pin=0"/></net>

<net id="844"><net_src comp="834" pin="1"/><net_sink comp="838" pin=0"/></net>

<net id="848"><net_src comp="330" pin="0"/><net_sink comp="845" pin=0"/></net>

<net id="855"><net_src comp="845" pin="1"/><net_sink comp="849" pin=0"/></net>

<net id="859"><net_src comp="332" pin="0"/><net_sink comp="856" pin=0"/></net>

<net id="866"><net_src comp="856" pin="1"/><net_sink comp="860" pin=0"/></net>

<net id="870"><net_src comp="334" pin="0"/><net_sink comp="867" pin=0"/></net>

<net id="877"><net_src comp="867" pin="1"/><net_sink comp="871" pin=0"/></net>

<net id="881"><net_src comp="336" pin="0"/><net_sink comp="878" pin=0"/></net>

<net id="888"><net_src comp="878" pin="1"/><net_sink comp="882" pin=0"/></net>

<net id="892"><net_src comp="320" pin="0"/><net_sink comp="889" pin=0"/></net>

<net id="899"><net_src comp="889" pin="1"/><net_sink comp="893" pin=0"/></net>

<net id="903"><net_src comp="338" pin="0"/><net_sink comp="900" pin=0"/></net>

<net id="910"><net_src comp="900" pin="1"/><net_sink comp="904" pin=0"/></net>

<net id="914"><net_src comp="340" pin="0"/><net_sink comp="911" pin=0"/></net>

<net id="921"><net_src comp="911" pin="1"/><net_sink comp="915" pin=0"/></net>

<net id="925"><net_src comp="342" pin="0"/><net_sink comp="922" pin=0"/></net>

<net id="932"><net_src comp="922" pin="1"/><net_sink comp="926" pin=0"/></net>

<net id="936"><net_src comp="344" pin="0"/><net_sink comp="933" pin=0"/></net>

<net id="943"><net_src comp="933" pin="1"/><net_sink comp="937" pin=0"/></net>

<net id="947"><net_src comp="346" pin="0"/><net_sink comp="944" pin=0"/></net>

<net id="954"><net_src comp="944" pin="1"/><net_sink comp="948" pin=0"/></net>

<net id="958"><net_src comp="348" pin="0"/><net_sink comp="955" pin=0"/></net>

<net id="965"><net_src comp="955" pin="1"/><net_sink comp="959" pin=0"/></net>

<net id="969"><net_src comp="350" pin="0"/><net_sink comp="966" pin=0"/></net>

<net id="976"><net_src comp="966" pin="1"/><net_sink comp="970" pin=0"/></net>

<net id="980"><net_src comp="352" pin="0"/><net_sink comp="977" pin=0"/></net>

<net id="987"><net_src comp="977" pin="1"/><net_sink comp="981" pin=0"/></net>

<net id="991"><net_src comp="354" pin="0"/><net_sink comp="988" pin=0"/></net>

<net id="998"><net_src comp="988" pin="1"/><net_sink comp="992" pin=0"/></net>

<net id="1002"><net_src comp="356" pin="0"/><net_sink comp="999" pin=0"/></net>

<net id="1009"><net_src comp="999" pin="1"/><net_sink comp="1003" pin=0"/></net>

<net id="1072"><net_src comp="1069" pin="1"/><net_sink comp="1003" pin=2"/></net>

<net id="1073"><net_src comp="1069" pin="1"/><net_sink comp="420" pin=64"/></net>

<net id="1140"><net_src comp="1003" pin="4"/><net_sink comp="1074" pin=2"/></net>

<net id="1141"><net_src comp="1003" pin="4"/><net_sink comp="1074" pin=4"/></net>

<net id="1142"><net_src comp="1003" pin="4"/><net_sink comp="1074" pin=6"/></net>

<net id="1143"><net_src comp="1003" pin="4"/><net_sink comp="1074" pin=8"/></net>

<net id="1144"><net_src comp="1003" pin="4"/><net_sink comp="1074" pin=10"/></net>

<net id="1145"><net_src comp="1003" pin="4"/><net_sink comp="1074" pin=12"/></net>

<net id="1146"><net_src comp="1003" pin="4"/><net_sink comp="1074" pin=14"/></net>

<net id="1147"><net_src comp="1003" pin="4"/><net_sink comp="1074" pin=16"/></net>

<net id="1148"><net_src comp="1003" pin="4"/><net_sink comp="1074" pin=18"/></net>

<net id="1149"><net_src comp="1003" pin="4"/><net_sink comp="1074" pin=20"/></net>

<net id="1150"><net_src comp="1003" pin="4"/><net_sink comp="1074" pin=22"/></net>

<net id="1151"><net_src comp="1003" pin="4"/><net_sink comp="1074" pin=24"/></net>

<net id="1152"><net_src comp="1003" pin="4"/><net_sink comp="1074" pin=26"/></net>

<net id="1153"><net_src comp="1003" pin="4"/><net_sink comp="1074" pin=28"/></net>

<net id="1154"><net_src comp="1003" pin="4"/><net_sink comp="1074" pin=30"/></net>

<net id="1155"><net_src comp="1003" pin="4"/><net_sink comp="1074" pin=32"/></net>

<net id="1156"><net_src comp="1003" pin="4"/><net_sink comp="1074" pin=34"/></net>

<net id="1157"><net_src comp="1003" pin="4"/><net_sink comp="1074" pin=36"/></net>

<net id="1158"><net_src comp="1003" pin="4"/><net_sink comp="1074" pin=38"/></net>

<net id="1159"><net_src comp="1003" pin="4"/><net_sink comp="1074" pin=40"/></net>

<net id="1160"><net_src comp="1003" pin="4"/><net_sink comp="1074" pin=42"/></net>

<net id="1161"><net_src comp="1003" pin="4"/><net_sink comp="1074" pin=44"/></net>

<net id="1162"><net_src comp="1003" pin="4"/><net_sink comp="1074" pin=46"/></net>

<net id="1163"><net_src comp="1003" pin="4"/><net_sink comp="1074" pin=48"/></net>

<net id="1164"><net_src comp="1003" pin="4"/><net_sink comp="1074" pin=50"/></net>

<net id="1165"><net_src comp="1003" pin="4"/><net_sink comp="1074" pin=52"/></net>

<net id="1166"><net_src comp="1003" pin="4"/><net_sink comp="1074" pin=54"/></net>

<net id="1167"><net_src comp="1003" pin="4"/><net_sink comp="1074" pin=56"/></net>

<net id="1168"><net_src comp="1003" pin="4"/><net_sink comp="1074" pin=58"/></net>

<net id="1169"><net_src comp="1003" pin="4"/><net_sink comp="1074" pin=60"/></net>

<net id="1170"><net_src comp="1003" pin="4"/><net_sink comp="1074" pin=62"/></net>

<net id="1171"><net_src comp="1074" pin="64"/><net_sink comp="1069" pin=0"/></net>

<net id="1175"><net_src comp="1172" pin="1"/><net_sink comp="992" pin=2"/></net>

<net id="1176"><net_src comp="1172" pin="1"/><net_sink comp="420" pin=63"/></net>

<net id="1243"><net_src comp="992" pin="4"/><net_sink comp="1177" pin=0"/></net>

<net id="1244"><net_src comp="992" pin="4"/><net_sink comp="1177" pin=4"/></net>

<net id="1245"><net_src comp="992" pin="4"/><net_sink comp="1177" pin=6"/></net>

<net id="1246"><net_src comp="992" pin="4"/><net_sink comp="1177" pin=8"/></net>

<net id="1247"><net_src comp="992" pin="4"/><net_sink comp="1177" pin=10"/></net>

<net id="1248"><net_src comp="992" pin="4"/><net_sink comp="1177" pin=12"/></net>

<net id="1249"><net_src comp="992" pin="4"/><net_sink comp="1177" pin=14"/></net>

<net id="1250"><net_src comp="992" pin="4"/><net_sink comp="1177" pin=16"/></net>

<net id="1251"><net_src comp="992" pin="4"/><net_sink comp="1177" pin=18"/></net>

<net id="1252"><net_src comp="992" pin="4"/><net_sink comp="1177" pin=20"/></net>

<net id="1253"><net_src comp="992" pin="4"/><net_sink comp="1177" pin=22"/></net>

<net id="1254"><net_src comp="992" pin="4"/><net_sink comp="1177" pin=24"/></net>

<net id="1255"><net_src comp="992" pin="4"/><net_sink comp="1177" pin=26"/></net>

<net id="1256"><net_src comp="992" pin="4"/><net_sink comp="1177" pin=28"/></net>

<net id="1257"><net_src comp="992" pin="4"/><net_sink comp="1177" pin=30"/></net>

<net id="1258"><net_src comp="992" pin="4"/><net_sink comp="1177" pin=32"/></net>

<net id="1259"><net_src comp="992" pin="4"/><net_sink comp="1177" pin=34"/></net>

<net id="1260"><net_src comp="992" pin="4"/><net_sink comp="1177" pin=36"/></net>

<net id="1261"><net_src comp="992" pin="4"/><net_sink comp="1177" pin=38"/></net>

<net id="1262"><net_src comp="992" pin="4"/><net_sink comp="1177" pin=40"/></net>

<net id="1263"><net_src comp="992" pin="4"/><net_sink comp="1177" pin=42"/></net>

<net id="1264"><net_src comp="992" pin="4"/><net_sink comp="1177" pin=44"/></net>

<net id="1265"><net_src comp="992" pin="4"/><net_sink comp="1177" pin=46"/></net>

<net id="1266"><net_src comp="992" pin="4"/><net_sink comp="1177" pin=48"/></net>

<net id="1267"><net_src comp="992" pin="4"/><net_sink comp="1177" pin=50"/></net>

<net id="1268"><net_src comp="992" pin="4"/><net_sink comp="1177" pin=52"/></net>

<net id="1269"><net_src comp="992" pin="4"/><net_sink comp="1177" pin=54"/></net>

<net id="1270"><net_src comp="992" pin="4"/><net_sink comp="1177" pin=56"/></net>

<net id="1271"><net_src comp="992" pin="4"/><net_sink comp="1177" pin=58"/></net>

<net id="1272"><net_src comp="992" pin="4"/><net_sink comp="1177" pin=60"/></net>

<net id="1273"><net_src comp="992" pin="4"/><net_sink comp="1177" pin=62"/></net>

<net id="1274"><net_src comp="1177" pin="64"/><net_sink comp="1172" pin=0"/></net>

<net id="1278"><net_src comp="1275" pin="1"/><net_sink comp="981" pin=2"/></net>

<net id="1279"><net_src comp="1275" pin="1"/><net_sink comp="420" pin=62"/></net>

<net id="1346"><net_src comp="981" pin="4"/><net_sink comp="1280" pin=0"/></net>

<net id="1347"><net_src comp="981" pin="4"/><net_sink comp="1280" pin=2"/></net>

<net id="1348"><net_src comp="981" pin="4"/><net_sink comp="1280" pin=6"/></net>

<net id="1349"><net_src comp="981" pin="4"/><net_sink comp="1280" pin=8"/></net>

<net id="1350"><net_src comp="981" pin="4"/><net_sink comp="1280" pin=10"/></net>

<net id="1351"><net_src comp="981" pin="4"/><net_sink comp="1280" pin=12"/></net>

<net id="1352"><net_src comp="981" pin="4"/><net_sink comp="1280" pin=14"/></net>

<net id="1353"><net_src comp="981" pin="4"/><net_sink comp="1280" pin=16"/></net>

<net id="1354"><net_src comp="981" pin="4"/><net_sink comp="1280" pin=18"/></net>

<net id="1355"><net_src comp="981" pin="4"/><net_sink comp="1280" pin=20"/></net>

<net id="1356"><net_src comp="981" pin="4"/><net_sink comp="1280" pin=22"/></net>

<net id="1357"><net_src comp="981" pin="4"/><net_sink comp="1280" pin=24"/></net>

<net id="1358"><net_src comp="981" pin="4"/><net_sink comp="1280" pin=26"/></net>

<net id="1359"><net_src comp="981" pin="4"/><net_sink comp="1280" pin=28"/></net>

<net id="1360"><net_src comp="981" pin="4"/><net_sink comp="1280" pin=30"/></net>

<net id="1361"><net_src comp="981" pin="4"/><net_sink comp="1280" pin=32"/></net>

<net id="1362"><net_src comp="981" pin="4"/><net_sink comp="1280" pin=34"/></net>

<net id="1363"><net_src comp="981" pin="4"/><net_sink comp="1280" pin=36"/></net>

<net id="1364"><net_src comp="981" pin="4"/><net_sink comp="1280" pin=38"/></net>

<net id="1365"><net_src comp="981" pin="4"/><net_sink comp="1280" pin=40"/></net>

<net id="1366"><net_src comp="981" pin="4"/><net_sink comp="1280" pin=42"/></net>

<net id="1367"><net_src comp="981" pin="4"/><net_sink comp="1280" pin=44"/></net>

<net id="1368"><net_src comp="981" pin="4"/><net_sink comp="1280" pin=46"/></net>

<net id="1369"><net_src comp="981" pin="4"/><net_sink comp="1280" pin=48"/></net>

<net id="1370"><net_src comp="981" pin="4"/><net_sink comp="1280" pin=50"/></net>

<net id="1371"><net_src comp="981" pin="4"/><net_sink comp="1280" pin=52"/></net>

<net id="1372"><net_src comp="981" pin="4"/><net_sink comp="1280" pin=54"/></net>

<net id="1373"><net_src comp="981" pin="4"/><net_sink comp="1280" pin=56"/></net>

<net id="1374"><net_src comp="981" pin="4"/><net_sink comp="1280" pin=58"/></net>

<net id="1375"><net_src comp="981" pin="4"/><net_sink comp="1280" pin=60"/></net>

<net id="1376"><net_src comp="981" pin="4"/><net_sink comp="1280" pin=62"/></net>

<net id="1377"><net_src comp="1280" pin="64"/><net_sink comp="1275" pin=0"/></net>

<net id="1381"><net_src comp="1378" pin="1"/><net_sink comp="970" pin=2"/></net>

<net id="1382"><net_src comp="1378" pin="1"/><net_sink comp="420" pin=61"/></net>

<net id="1449"><net_src comp="970" pin="4"/><net_sink comp="1383" pin=0"/></net>

<net id="1450"><net_src comp="970" pin="4"/><net_sink comp="1383" pin=2"/></net>

<net id="1451"><net_src comp="970" pin="4"/><net_sink comp="1383" pin=4"/></net>

<net id="1452"><net_src comp="970" pin="4"/><net_sink comp="1383" pin=8"/></net>

<net id="1453"><net_src comp="970" pin="4"/><net_sink comp="1383" pin=10"/></net>

<net id="1454"><net_src comp="970" pin="4"/><net_sink comp="1383" pin=12"/></net>

<net id="1455"><net_src comp="970" pin="4"/><net_sink comp="1383" pin=14"/></net>

<net id="1456"><net_src comp="970" pin="4"/><net_sink comp="1383" pin=16"/></net>

<net id="1457"><net_src comp="970" pin="4"/><net_sink comp="1383" pin=18"/></net>

<net id="1458"><net_src comp="970" pin="4"/><net_sink comp="1383" pin=20"/></net>

<net id="1459"><net_src comp="970" pin="4"/><net_sink comp="1383" pin=22"/></net>

<net id="1460"><net_src comp="970" pin="4"/><net_sink comp="1383" pin=24"/></net>

<net id="1461"><net_src comp="970" pin="4"/><net_sink comp="1383" pin=26"/></net>

<net id="1462"><net_src comp="970" pin="4"/><net_sink comp="1383" pin=28"/></net>

<net id="1463"><net_src comp="970" pin="4"/><net_sink comp="1383" pin=30"/></net>

<net id="1464"><net_src comp="970" pin="4"/><net_sink comp="1383" pin=32"/></net>

<net id="1465"><net_src comp="970" pin="4"/><net_sink comp="1383" pin=34"/></net>

<net id="1466"><net_src comp="970" pin="4"/><net_sink comp="1383" pin=36"/></net>

<net id="1467"><net_src comp="970" pin="4"/><net_sink comp="1383" pin=38"/></net>

<net id="1468"><net_src comp="970" pin="4"/><net_sink comp="1383" pin=40"/></net>

<net id="1469"><net_src comp="970" pin="4"/><net_sink comp="1383" pin=42"/></net>

<net id="1470"><net_src comp="970" pin="4"/><net_sink comp="1383" pin=44"/></net>

<net id="1471"><net_src comp="970" pin="4"/><net_sink comp="1383" pin=46"/></net>

<net id="1472"><net_src comp="970" pin="4"/><net_sink comp="1383" pin=48"/></net>

<net id="1473"><net_src comp="970" pin="4"/><net_sink comp="1383" pin=50"/></net>

<net id="1474"><net_src comp="970" pin="4"/><net_sink comp="1383" pin=52"/></net>

<net id="1475"><net_src comp="970" pin="4"/><net_sink comp="1383" pin=54"/></net>

<net id="1476"><net_src comp="970" pin="4"/><net_sink comp="1383" pin=56"/></net>

<net id="1477"><net_src comp="970" pin="4"/><net_sink comp="1383" pin=58"/></net>

<net id="1478"><net_src comp="970" pin="4"/><net_sink comp="1383" pin=60"/></net>

<net id="1479"><net_src comp="970" pin="4"/><net_sink comp="1383" pin=62"/></net>

<net id="1480"><net_src comp="1383" pin="64"/><net_sink comp="1378" pin=0"/></net>

<net id="1484"><net_src comp="1481" pin="1"/><net_sink comp="959" pin=2"/></net>

<net id="1485"><net_src comp="1481" pin="1"/><net_sink comp="420" pin=60"/></net>

<net id="1552"><net_src comp="959" pin="4"/><net_sink comp="1486" pin=0"/></net>

<net id="1553"><net_src comp="959" pin="4"/><net_sink comp="1486" pin=2"/></net>

<net id="1554"><net_src comp="959" pin="4"/><net_sink comp="1486" pin=4"/></net>

<net id="1555"><net_src comp="959" pin="4"/><net_sink comp="1486" pin=6"/></net>

<net id="1556"><net_src comp="959" pin="4"/><net_sink comp="1486" pin=10"/></net>

<net id="1557"><net_src comp="959" pin="4"/><net_sink comp="1486" pin=12"/></net>

<net id="1558"><net_src comp="959" pin="4"/><net_sink comp="1486" pin=14"/></net>

<net id="1559"><net_src comp="959" pin="4"/><net_sink comp="1486" pin=16"/></net>

<net id="1560"><net_src comp="959" pin="4"/><net_sink comp="1486" pin=18"/></net>

<net id="1561"><net_src comp="959" pin="4"/><net_sink comp="1486" pin=20"/></net>

<net id="1562"><net_src comp="959" pin="4"/><net_sink comp="1486" pin=22"/></net>

<net id="1563"><net_src comp="959" pin="4"/><net_sink comp="1486" pin=24"/></net>

<net id="1564"><net_src comp="959" pin="4"/><net_sink comp="1486" pin=26"/></net>

<net id="1565"><net_src comp="959" pin="4"/><net_sink comp="1486" pin=28"/></net>

<net id="1566"><net_src comp="959" pin="4"/><net_sink comp="1486" pin=30"/></net>

<net id="1567"><net_src comp="959" pin="4"/><net_sink comp="1486" pin=32"/></net>

<net id="1568"><net_src comp="959" pin="4"/><net_sink comp="1486" pin=34"/></net>

<net id="1569"><net_src comp="959" pin="4"/><net_sink comp="1486" pin=36"/></net>

<net id="1570"><net_src comp="959" pin="4"/><net_sink comp="1486" pin=38"/></net>

<net id="1571"><net_src comp="959" pin="4"/><net_sink comp="1486" pin=40"/></net>

<net id="1572"><net_src comp="959" pin="4"/><net_sink comp="1486" pin=42"/></net>

<net id="1573"><net_src comp="959" pin="4"/><net_sink comp="1486" pin=44"/></net>

<net id="1574"><net_src comp="959" pin="4"/><net_sink comp="1486" pin=46"/></net>

<net id="1575"><net_src comp="959" pin="4"/><net_sink comp="1486" pin=48"/></net>

<net id="1576"><net_src comp="959" pin="4"/><net_sink comp="1486" pin=50"/></net>

<net id="1577"><net_src comp="959" pin="4"/><net_sink comp="1486" pin=52"/></net>

<net id="1578"><net_src comp="959" pin="4"/><net_sink comp="1486" pin=54"/></net>

<net id="1579"><net_src comp="959" pin="4"/><net_sink comp="1486" pin=56"/></net>

<net id="1580"><net_src comp="959" pin="4"/><net_sink comp="1486" pin=58"/></net>

<net id="1581"><net_src comp="959" pin="4"/><net_sink comp="1486" pin=60"/></net>

<net id="1582"><net_src comp="959" pin="4"/><net_sink comp="1486" pin=62"/></net>

<net id="1583"><net_src comp="1486" pin="64"/><net_sink comp="1481" pin=0"/></net>

<net id="1587"><net_src comp="1584" pin="1"/><net_sink comp="948" pin=2"/></net>

<net id="1588"><net_src comp="1584" pin="1"/><net_sink comp="420" pin=59"/></net>

<net id="1655"><net_src comp="948" pin="4"/><net_sink comp="1589" pin=0"/></net>

<net id="1656"><net_src comp="948" pin="4"/><net_sink comp="1589" pin=2"/></net>

<net id="1657"><net_src comp="948" pin="4"/><net_sink comp="1589" pin=4"/></net>

<net id="1658"><net_src comp="948" pin="4"/><net_sink comp="1589" pin=6"/></net>

<net id="1659"><net_src comp="948" pin="4"/><net_sink comp="1589" pin=8"/></net>

<net id="1660"><net_src comp="948" pin="4"/><net_sink comp="1589" pin=12"/></net>

<net id="1661"><net_src comp="948" pin="4"/><net_sink comp="1589" pin=14"/></net>

<net id="1662"><net_src comp="948" pin="4"/><net_sink comp="1589" pin=16"/></net>

<net id="1663"><net_src comp="948" pin="4"/><net_sink comp="1589" pin=18"/></net>

<net id="1664"><net_src comp="948" pin="4"/><net_sink comp="1589" pin=20"/></net>

<net id="1665"><net_src comp="948" pin="4"/><net_sink comp="1589" pin=22"/></net>

<net id="1666"><net_src comp="948" pin="4"/><net_sink comp="1589" pin=24"/></net>

<net id="1667"><net_src comp="948" pin="4"/><net_sink comp="1589" pin=26"/></net>

<net id="1668"><net_src comp="948" pin="4"/><net_sink comp="1589" pin=28"/></net>

<net id="1669"><net_src comp="948" pin="4"/><net_sink comp="1589" pin=30"/></net>

<net id="1670"><net_src comp="948" pin="4"/><net_sink comp="1589" pin=32"/></net>

<net id="1671"><net_src comp="948" pin="4"/><net_sink comp="1589" pin=34"/></net>

<net id="1672"><net_src comp="948" pin="4"/><net_sink comp="1589" pin=36"/></net>

<net id="1673"><net_src comp="948" pin="4"/><net_sink comp="1589" pin=38"/></net>

<net id="1674"><net_src comp="948" pin="4"/><net_sink comp="1589" pin=40"/></net>

<net id="1675"><net_src comp="948" pin="4"/><net_sink comp="1589" pin=42"/></net>

<net id="1676"><net_src comp="948" pin="4"/><net_sink comp="1589" pin=44"/></net>

<net id="1677"><net_src comp="948" pin="4"/><net_sink comp="1589" pin=46"/></net>

<net id="1678"><net_src comp="948" pin="4"/><net_sink comp="1589" pin=48"/></net>

<net id="1679"><net_src comp="948" pin="4"/><net_sink comp="1589" pin=50"/></net>

<net id="1680"><net_src comp="948" pin="4"/><net_sink comp="1589" pin=52"/></net>

<net id="1681"><net_src comp="948" pin="4"/><net_sink comp="1589" pin=54"/></net>

<net id="1682"><net_src comp="948" pin="4"/><net_sink comp="1589" pin=56"/></net>

<net id="1683"><net_src comp="948" pin="4"/><net_sink comp="1589" pin=58"/></net>

<net id="1684"><net_src comp="948" pin="4"/><net_sink comp="1589" pin=60"/></net>

<net id="1685"><net_src comp="948" pin="4"/><net_sink comp="1589" pin=62"/></net>

<net id="1686"><net_src comp="1589" pin="64"/><net_sink comp="1584" pin=0"/></net>

<net id="1690"><net_src comp="1687" pin="1"/><net_sink comp="937" pin=2"/></net>

<net id="1691"><net_src comp="1687" pin="1"/><net_sink comp="420" pin=58"/></net>

<net id="1758"><net_src comp="937" pin="4"/><net_sink comp="1692" pin=0"/></net>

<net id="1759"><net_src comp="937" pin="4"/><net_sink comp="1692" pin=2"/></net>

<net id="1760"><net_src comp="937" pin="4"/><net_sink comp="1692" pin=4"/></net>

<net id="1761"><net_src comp="937" pin="4"/><net_sink comp="1692" pin=6"/></net>

<net id="1762"><net_src comp="937" pin="4"/><net_sink comp="1692" pin=8"/></net>

<net id="1763"><net_src comp="937" pin="4"/><net_sink comp="1692" pin=10"/></net>

<net id="1764"><net_src comp="937" pin="4"/><net_sink comp="1692" pin=14"/></net>

<net id="1765"><net_src comp="937" pin="4"/><net_sink comp="1692" pin=16"/></net>

<net id="1766"><net_src comp="937" pin="4"/><net_sink comp="1692" pin=18"/></net>

<net id="1767"><net_src comp="937" pin="4"/><net_sink comp="1692" pin=20"/></net>

<net id="1768"><net_src comp="937" pin="4"/><net_sink comp="1692" pin=22"/></net>

<net id="1769"><net_src comp="937" pin="4"/><net_sink comp="1692" pin=24"/></net>

<net id="1770"><net_src comp="937" pin="4"/><net_sink comp="1692" pin=26"/></net>

<net id="1771"><net_src comp="937" pin="4"/><net_sink comp="1692" pin=28"/></net>

<net id="1772"><net_src comp="937" pin="4"/><net_sink comp="1692" pin=30"/></net>

<net id="1773"><net_src comp="937" pin="4"/><net_sink comp="1692" pin=32"/></net>

<net id="1774"><net_src comp="937" pin="4"/><net_sink comp="1692" pin=34"/></net>

<net id="1775"><net_src comp="937" pin="4"/><net_sink comp="1692" pin=36"/></net>

<net id="1776"><net_src comp="937" pin="4"/><net_sink comp="1692" pin=38"/></net>

<net id="1777"><net_src comp="937" pin="4"/><net_sink comp="1692" pin=40"/></net>

<net id="1778"><net_src comp="937" pin="4"/><net_sink comp="1692" pin=42"/></net>

<net id="1779"><net_src comp="937" pin="4"/><net_sink comp="1692" pin=44"/></net>

<net id="1780"><net_src comp="937" pin="4"/><net_sink comp="1692" pin=46"/></net>

<net id="1781"><net_src comp="937" pin="4"/><net_sink comp="1692" pin=48"/></net>

<net id="1782"><net_src comp="937" pin="4"/><net_sink comp="1692" pin=50"/></net>

<net id="1783"><net_src comp="937" pin="4"/><net_sink comp="1692" pin=52"/></net>

<net id="1784"><net_src comp="937" pin="4"/><net_sink comp="1692" pin=54"/></net>

<net id="1785"><net_src comp="937" pin="4"/><net_sink comp="1692" pin=56"/></net>

<net id="1786"><net_src comp="937" pin="4"/><net_sink comp="1692" pin=58"/></net>

<net id="1787"><net_src comp="937" pin="4"/><net_sink comp="1692" pin=60"/></net>

<net id="1788"><net_src comp="937" pin="4"/><net_sink comp="1692" pin=62"/></net>

<net id="1789"><net_src comp="1692" pin="64"/><net_sink comp="1687" pin=0"/></net>

<net id="1793"><net_src comp="1790" pin="1"/><net_sink comp="926" pin=2"/></net>

<net id="1794"><net_src comp="1790" pin="1"/><net_sink comp="420" pin=57"/></net>

<net id="1861"><net_src comp="926" pin="4"/><net_sink comp="1795" pin=0"/></net>

<net id="1862"><net_src comp="926" pin="4"/><net_sink comp="1795" pin=2"/></net>

<net id="1863"><net_src comp="926" pin="4"/><net_sink comp="1795" pin=4"/></net>

<net id="1864"><net_src comp="926" pin="4"/><net_sink comp="1795" pin=6"/></net>

<net id="1865"><net_src comp="926" pin="4"/><net_sink comp="1795" pin=8"/></net>

<net id="1866"><net_src comp="926" pin="4"/><net_sink comp="1795" pin=10"/></net>

<net id="1867"><net_src comp="926" pin="4"/><net_sink comp="1795" pin=12"/></net>

<net id="1868"><net_src comp="926" pin="4"/><net_sink comp="1795" pin=16"/></net>

<net id="1869"><net_src comp="926" pin="4"/><net_sink comp="1795" pin=18"/></net>

<net id="1870"><net_src comp="926" pin="4"/><net_sink comp="1795" pin=20"/></net>

<net id="1871"><net_src comp="926" pin="4"/><net_sink comp="1795" pin=22"/></net>

<net id="1872"><net_src comp="926" pin="4"/><net_sink comp="1795" pin=24"/></net>

<net id="1873"><net_src comp="926" pin="4"/><net_sink comp="1795" pin=26"/></net>

<net id="1874"><net_src comp="926" pin="4"/><net_sink comp="1795" pin=28"/></net>

<net id="1875"><net_src comp="926" pin="4"/><net_sink comp="1795" pin=30"/></net>

<net id="1876"><net_src comp="926" pin="4"/><net_sink comp="1795" pin=32"/></net>

<net id="1877"><net_src comp="926" pin="4"/><net_sink comp="1795" pin=34"/></net>

<net id="1878"><net_src comp="926" pin="4"/><net_sink comp="1795" pin=36"/></net>

<net id="1879"><net_src comp="926" pin="4"/><net_sink comp="1795" pin=38"/></net>

<net id="1880"><net_src comp="926" pin="4"/><net_sink comp="1795" pin=40"/></net>

<net id="1881"><net_src comp="926" pin="4"/><net_sink comp="1795" pin=42"/></net>

<net id="1882"><net_src comp="926" pin="4"/><net_sink comp="1795" pin=44"/></net>

<net id="1883"><net_src comp="926" pin="4"/><net_sink comp="1795" pin=46"/></net>

<net id="1884"><net_src comp="926" pin="4"/><net_sink comp="1795" pin=48"/></net>

<net id="1885"><net_src comp="926" pin="4"/><net_sink comp="1795" pin=50"/></net>

<net id="1886"><net_src comp="926" pin="4"/><net_sink comp="1795" pin=52"/></net>

<net id="1887"><net_src comp="926" pin="4"/><net_sink comp="1795" pin=54"/></net>

<net id="1888"><net_src comp="926" pin="4"/><net_sink comp="1795" pin=56"/></net>

<net id="1889"><net_src comp="926" pin="4"/><net_sink comp="1795" pin=58"/></net>

<net id="1890"><net_src comp="926" pin="4"/><net_sink comp="1795" pin=60"/></net>

<net id="1891"><net_src comp="926" pin="4"/><net_sink comp="1795" pin=62"/></net>

<net id="1892"><net_src comp="1795" pin="64"/><net_sink comp="1790" pin=0"/></net>

<net id="1896"><net_src comp="1893" pin="1"/><net_sink comp="915" pin=2"/></net>

<net id="1897"><net_src comp="1893" pin="1"/><net_sink comp="420" pin=56"/></net>

<net id="1964"><net_src comp="915" pin="4"/><net_sink comp="1898" pin=0"/></net>

<net id="1965"><net_src comp="915" pin="4"/><net_sink comp="1898" pin=2"/></net>

<net id="1966"><net_src comp="915" pin="4"/><net_sink comp="1898" pin=4"/></net>

<net id="1967"><net_src comp="915" pin="4"/><net_sink comp="1898" pin=6"/></net>

<net id="1968"><net_src comp="915" pin="4"/><net_sink comp="1898" pin=8"/></net>

<net id="1969"><net_src comp="915" pin="4"/><net_sink comp="1898" pin=10"/></net>

<net id="1970"><net_src comp="915" pin="4"/><net_sink comp="1898" pin=12"/></net>

<net id="1971"><net_src comp="915" pin="4"/><net_sink comp="1898" pin=14"/></net>

<net id="1972"><net_src comp="915" pin="4"/><net_sink comp="1898" pin=18"/></net>

<net id="1973"><net_src comp="915" pin="4"/><net_sink comp="1898" pin=20"/></net>

<net id="1974"><net_src comp="915" pin="4"/><net_sink comp="1898" pin=22"/></net>

<net id="1975"><net_src comp="915" pin="4"/><net_sink comp="1898" pin=24"/></net>

<net id="1976"><net_src comp="915" pin="4"/><net_sink comp="1898" pin=26"/></net>

<net id="1977"><net_src comp="915" pin="4"/><net_sink comp="1898" pin=28"/></net>

<net id="1978"><net_src comp="915" pin="4"/><net_sink comp="1898" pin=30"/></net>

<net id="1979"><net_src comp="915" pin="4"/><net_sink comp="1898" pin=32"/></net>

<net id="1980"><net_src comp="915" pin="4"/><net_sink comp="1898" pin=34"/></net>

<net id="1981"><net_src comp="915" pin="4"/><net_sink comp="1898" pin=36"/></net>

<net id="1982"><net_src comp="915" pin="4"/><net_sink comp="1898" pin=38"/></net>

<net id="1983"><net_src comp="915" pin="4"/><net_sink comp="1898" pin=40"/></net>

<net id="1984"><net_src comp="915" pin="4"/><net_sink comp="1898" pin=42"/></net>

<net id="1985"><net_src comp="915" pin="4"/><net_sink comp="1898" pin=44"/></net>

<net id="1986"><net_src comp="915" pin="4"/><net_sink comp="1898" pin=46"/></net>

<net id="1987"><net_src comp="915" pin="4"/><net_sink comp="1898" pin=48"/></net>

<net id="1988"><net_src comp="915" pin="4"/><net_sink comp="1898" pin=50"/></net>

<net id="1989"><net_src comp="915" pin="4"/><net_sink comp="1898" pin=52"/></net>

<net id="1990"><net_src comp="915" pin="4"/><net_sink comp="1898" pin=54"/></net>

<net id="1991"><net_src comp="915" pin="4"/><net_sink comp="1898" pin=56"/></net>

<net id="1992"><net_src comp="915" pin="4"/><net_sink comp="1898" pin=58"/></net>

<net id="1993"><net_src comp="915" pin="4"/><net_sink comp="1898" pin=60"/></net>

<net id="1994"><net_src comp="915" pin="4"/><net_sink comp="1898" pin=62"/></net>

<net id="1995"><net_src comp="1898" pin="64"/><net_sink comp="1893" pin=0"/></net>

<net id="1999"><net_src comp="1996" pin="1"/><net_sink comp="904" pin=2"/></net>

<net id="2000"><net_src comp="1996" pin="1"/><net_sink comp="420" pin=55"/></net>

<net id="2067"><net_src comp="904" pin="4"/><net_sink comp="2001" pin=0"/></net>

<net id="2068"><net_src comp="904" pin="4"/><net_sink comp="2001" pin=2"/></net>

<net id="2069"><net_src comp="904" pin="4"/><net_sink comp="2001" pin=4"/></net>

<net id="2070"><net_src comp="904" pin="4"/><net_sink comp="2001" pin=6"/></net>

<net id="2071"><net_src comp="904" pin="4"/><net_sink comp="2001" pin=8"/></net>

<net id="2072"><net_src comp="904" pin="4"/><net_sink comp="2001" pin=10"/></net>

<net id="2073"><net_src comp="904" pin="4"/><net_sink comp="2001" pin=12"/></net>

<net id="2074"><net_src comp="904" pin="4"/><net_sink comp="2001" pin=14"/></net>

<net id="2075"><net_src comp="904" pin="4"/><net_sink comp="2001" pin=16"/></net>

<net id="2076"><net_src comp="904" pin="4"/><net_sink comp="2001" pin=20"/></net>

<net id="2077"><net_src comp="904" pin="4"/><net_sink comp="2001" pin=22"/></net>

<net id="2078"><net_src comp="904" pin="4"/><net_sink comp="2001" pin=24"/></net>

<net id="2079"><net_src comp="904" pin="4"/><net_sink comp="2001" pin=26"/></net>

<net id="2080"><net_src comp="904" pin="4"/><net_sink comp="2001" pin=28"/></net>

<net id="2081"><net_src comp="904" pin="4"/><net_sink comp="2001" pin=30"/></net>

<net id="2082"><net_src comp="904" pin="4"/><net_sink comp="2001" pin=32"/></net>

<net id="2083"><net_src comp="904" pin="4"/><net_sink comp="2001" pin=34"/></net>

<net id="2084"><net_src comp="904" pin="4"/><net_sink comp="2001" pin=36"/></net>

<net id="2085"><net_src comp="904" pin="4"/><net_sink comp="2001" pin=38"/></net>

<net id="2086"><net_src comp="904" pin="4"/><net_sink comp="2001" pin=40"/></net>

<net id="2087"><net_src comp="904" pin="4"/><net_sink comp="2001" pin=42"/></net>

<net id="2088"><net_src comp="904" pin="4"/><net_sink comp="2001" pin=44"/></net>

<net id="2089"><net_src comp="904" pin="4"/><net_sink comp="2001" pin=46"/></net>

<net id="2090"><net_src comp="904" pin="4"/><net_sink comp="2001" pin=48"/></net>

<net id="2091"><net_src comp="904" pin="4"/><net_sink comp="2001" pin=50"/></net>

<net id="2092"><net_src comp="904" pin="4"/><net_sink comp="2001" pin=52"/></net>

<net id="2093"><net_src comp="904" pin="4"/><net_sink comp="2001" pin=54"/></net>

<net id="2094"><net_src comp="904" pin="4"/><net_sink comp="2001" pin=56"/></net>

<net id="2095"><net_src comp="904" pin="4"/><net_sink comp="2001" pin=58"/></net>

<net id="2096"><net_src comp="904" pin="4"/><net_sink comp="2001" pin=60"/></net>

<net id="2097"><net_src comp="904" pin="4"/><net_sink comp="2001" pin=62"/></net>

<net id="2098"><net_src comp="2001" pin="64"/><net_sink comp="1996" pin=0"/></net>

<net id="2102"><net_src comp="2099" pin="1"/><net_sink comp="893" pin=2"/></net>

<net id="2103"><net_src comp="2099" pin="1"/><net_sink comp="420" pin=54"/></net>

<net id="2170"><net_src comp="893" pin="4"/><net_sink comp="2104" pin=0"/></net>

<net id="2171"><net_src comp="893" pin="4"/><net_sink comp="2104" pin=2"/></net>

<net id="2172"><net_src comp="893" pin="4"/><net_sink comp="2104" pin=4"/></net>

<net id="2173"><net_src comp="893" pin="4"/><net_sink comp="2104" pin=6"/></net>

<net id="2174"><net_src comp="893" pin="4"/><net_sink comp="2104" pin=8"/></net>

<net id="2175"><net_src comp="893" pin="4"/><net_sink comp="2104" pin=10"/></net>

<net id="2176"><net_src comp="893" pin="4"/><net_sink comp="2104" pin=12"/></net>

<net id="2177"><net_src comp="893" pin="4"/><net_sink comp="2104" pin=14"/></net>

<net id="2178"><net_src comp="893" pin="4"/><net_sink comp="2104" pin=16"/></net>

<net id="2179"><net_src comp="893" pin="4"/><net_sink comp="2104" pin=18"/></net>

<net id="2180"><net_src comp="893" pin="4"/><net_sink comp="2104" pin=22"/></net>

<net id="2181"><net_src comp="893" pin="4"/><net_sink comp="2104" pin=24"/></net>

<net id="2182"><net_src comp="893" pin="4"/><net_sink comp="2104" pin=26"/></net>

<net id="2183"><net_src comp="893" pin="4"/><net_sink comp="2104" pin=28"/></net>

<net id="2184"><net_src comp="893" pin="4"/><net_sink comp="2104" pin=30"/></net>

<net id="2185"><net_src comp="893" pin="4"/><net_sink comp="2104" pin=32"/></net>

<net id="2186"><net_src comp="893" pin="4"/><net_sink comp="2104" pin=34"/></net>

<net id="2187"><net_src comp="893" pin="4"/><net_sink comp="2104" pin=36"/></net>

<net id="2188"><net_src comp="893" pin="4"/><net_sink comp="2104" pin=38"/></net>

<net id="2189"><net_src comp="893" pin="4"/><net_sink comp="2104" pin=40"/></net>

<net id="2190"><net_src comp="893" pin="4"/><net_sink comp="2104" pin=42"/></net>

<net id="2191"><net_src comp="893" pin="4"/><net_sink comp="2104" pin=44"/></net>

<net id="2192"><net_src comp="893" pin="4"/><net_sink comp="2104" pin=46"/></net>

<net id="2193"><net_src comp="893" pin="4"/><net_sink comp="2104" pin=48"/></net>

<net id="2194"><net_src comp="893" pin="4"/><net_sink comp="2104" pin=50"/></net>

<net id="2195"><net_src comp="893" pin="4"/><net_sink comp="2104" pin=52"/></net>

<net id="2196"><net_src comp="893" pin="4"/><net_sink comp="2104" pin=54"/></net>

<net id="2197"><net_src comp="893" pin="4"/><net_sink comp="2104" pin=56"/></net>

<net id="2198"><net_src comp="893" pin="4"/><net_sink comp="2104" pin=58"/></net>

<net id="2199"><net_src comp="893" pin="4"/><net_sink comp="2104" pin=60"/></net>

<net id="2200"><net_src comp="893" pin="4"/><net_sink comp="2104" pin=62"/></net>

<net id="2201"><net_src comp="2104" pin="64"/><net_sink comp="2099" pin=0"/></net>

<net id="2205"><net_src comp="2202" pin="1"/><net_sink comp="882" pin=2"/></net>

<net id="2206"><net_src comp="2202" pin="1"/><net_sink comp="420" pin=53"/></net>

<net id="2273"><net_src comp="882" pin="4"/><net_sink comp="2207" pin=0"/></net>

<net id="2274"><net_src comp="882" pin="4"/><net_sink comp="2207" pin=2"/></net>

<net id="2275"><net_src comp="882" pin="4"/><net_sink comp="2207" pin=4"/></net>

<net id="2276"><net_src comp="882" pin="4"/><net_sink comp="2207" pin=6"/></net>

<net id="2277"><net_src comp="882" pin="4"/><net_sink comp="2207" pin=8"/></net>

<net id="2278"><net_src comp="882" pin="4"/><net_sink comp="2207" pin=10"/></net>

<net id="2279"><net_src comp="882" pin="4"/><net_sink comp="2207" pin=12"/></net>

<net id="2280"><net_src comp="882" pin="4"/><net_sink comp="2207" pin=14"/></net>

<net id="2281"><net_src comp="882" pin="4"/><net_sink comp="2207" pin=16"/></net>

<net id="2282"><net_src comp="882" pin="4"/><net_sink comp="2207" pin=18"/></net>

<net id="2283"><net_src comp="882" pin="4"/><net_sink comp="2207" pin=20"/></net>

<net id="2284"><net_src comp="882" pin="4"/><net_sink comp="2207" pin=24"/></net>

<net id="2285"><net_src comp="882" pin="4"/><net_sink comp="2207" pin=26"/></net>

<net id="2286"><net_src comp="882" pin="4"/><net_sink comp="2207" pin=28"/></net>

<net id="2287"><net_src comp="882" pin="4"/><net_sink comp="2207" pin=30"/></net>

<net id="2288"><net_src comp="882" pin="4"/><net_sink comp="2207" pin=32"/></net>

<net id="2289"><net_src comp="882" pin="4"/><net_sink comp="2207" pin=34"/></net>

<net id="2290"><net_src comp="882" pin="4"/><net_sink comp="2207" pin=36"/></net>

<net id="2291"><net_src comp="882" pin="4"/><net_sink comp="2207" pin=38"/></net>

<net id="2292"><net_src comp="882" pin="4"/><net_sink comp="2207" pin=40"/></net>

<net id="2293"><net_src comp="882" pin="4"/><net_sink comp="2207" pin=42"/></net>

<net id="2294"><net_src comp="882" pin="4"/><net_sink comp="2207" pin=44"/></net>

<net id="2295"><net_src comp="882" pin="4"/><net_sink comp="2207" pin=46"/></net>

<net id="2296"><net_src comp="882" pin="4"/><net_sink comp="2207" pin=48"/></net>

<net id="2297"><net_src comp="882" pin="4"/><net_sink comp="2207" pin=50"/></net>

<net id="2298"><net_src comp="882" pin="4"/><net_sink comp="2207" pin=52"/></net>

<net id="2299"><net_src comp="882" pin="4"/><net_sink comp="2207" pin=54"/></net>

<net id="2300"><net_src comp="882" pin="4"/><net_sink comp="2207" pin=56"/></net>

<net id="2301"><net_src comp="882" pin="4"/><net_sink comp="2207" pin=58"/></net>

<net id="2302"><net_src comp="882" pin="4"/><net_sink comp="2207" pin=60"/></net>

<net id="2303"><net_src comp="882" pin="4"/><net_sink comp="2207" pin=62"/></net>

<net id="2304"><net_src comp="2207" pin="64"/><net_sink comp="2202" pin=0"/></net>

<net id="2308"><net_src comp="2305" pin="1"/><net_sink comp="871" pin=2"/></net>

<net id="2309"><net_src comp="2305" pin="1"/><net_sink comp="420" pin=52"/></net>

<net id="2376"><net_src comp="871" pin="4"/><net_sink comp="2310" pin=0"/></net>

<net id="2377"><net_src comp="871" pin="4"/><net_sink comp="2310" pin=2"/></net>

<net id="2378"><net_src comp="871" pin="4"/><net_sink comp="2310" pin=4"/></net>

<net id="2379"><net_src comp="871" pin="4"/><net_sink comp="2310" pin=6"/></net>

<net id="2380"><net_src comp="871" pin="4"/><net_sink comp="2310" pin=8"/></net>

<net id="2381"><net_src comp="871" pin="4"/><net_sink comp="2310" pin=10"/></net>

<net id="2382"><net_src comp="871" pin="4"/><net_sink comp="2310" pin=12"/></net>

<net id="2383"><net_src comp="871" pin="4"/><net_sink comp="2310" pin=14"/></net>

<net id="2384"><net_src comp="871" pin="4"/><net_sink comp="2310" pin=16"/></net>

<net id="2385"><net_src comp="871" pin="4"/><net_sink comp="2310" pin=18"/></net>

<net id="2386"><net_src comp="871" pin="4"/><net_sink comp="2310" pin=20"/></net>

<net id="2387"><net_src comp="871" pin="4"/><net_sink comp="2310" pin=22"/></net>

<net id="2388"><net_src comp="871" pin="4"/><net_sink comp="2310" pin=26"/></net>

<net id="2389"><net_src comp="871" pin="4"/><net_sink comp="2310" pin=28"/></net>

<net id="2390"><net_src comp="871" pin="4"/><net_sink comp="2310" pin=30"/></net>

<net id="2391"><net_src comp="871" pin="4"/><net_sink comp="2310" pin=32"/></net>

<net id="2392"><net_src comp="871" pin="4"/><net_sink comp="2310" pin=34"/></net>

<net id="2393"><net_src comp="871" pin="4"/><net_sink comp="2310" pin=36"/></net>

<net id="2394"><net_src comp="871" pin="4"/><net_sink comp="2310" pin=38"/></net>

<net id="2395"><net_src comp="871" pin="4"/><net_sink comp="2310" pin=40"/></net>

<net id="2396"><net_src comp="871" pin="4"/><net_sink comp="2310" pin=42"/></net>

<net id="2397"><net_src comp="871" pin="4"/><net_sink comp="2310" pin=44"/></net>

<net id="2398"><net_src comp="871" pin="4"/><net_sink comp="2310" pin=46"/></net>

<net id="2399"><net_src comp="871" pin="4"/><net_sink comp="2310" pin=48"/></net>

<net id="2400"><net_src comp="871" pin="4"/><net_sink comp="2310" pin=50"/></net>

<net id="2401"><net_src comp="871" pin="4"/><net_sink comp="2310" pin=52"/></net>

<net id="2402"><net_src comp="871" pin="4"/><net_sink comp="2310" pin=54"/></net>

<net id="2403"><net_src comp="871" pin="4"/><net_sink comp="2310" pin=56"/></net>

<net id="2404"><net_src comp="871" pin="4"/><net_sink comp="2310" pin=58"/></net>

<net id="2405"><net_src comp="871" pin="4"/><net_sink comp="2310" pin=60"/></net>

<net id="2406"><net_src comp="871" pin="4"/><net_sink comp="2310" pin=62"/></net>

<net id="2407"><net_src comp="2310" pin="64"/><net_sink comp="2305" pin=0"/></net>

<net id="2411"><net_src comp="2408" pin="1"/><net_sink comp="860" pin=2"/></net>

<net id="2412"><net_src comp="2408" pin="1"/><net_sink comp="420" pin=51"/></net>

<net id="2479"><net_src comp="860" pin="4"/><net_sink comp="2413" pin=0"/></net>

<net id="2480"><net_src comp="860" pin="4"/><net_sink comp="2413" pin=2"/></net>

<net id="2481"><net_src comp="860" pin="4"/><net_sink comp="2413" pin=4"/></net>

<net id="2482"><net_src comp="860" pin="4"/><net_sink comp="2413" pin=6"/></net>

<net id="2483"><net_src comp="860" pin="4"/><net_sink comp="2413" pin=8"/></net>

<net id="2484"><net_src comp="860" pin="4"/><net_sink comp="2413" pin=10"/></net>

<net id="2485"><net_src comp="860" pin="4"/><net_sink comp="2413" pin=12"/></net>

<net id="2486"><net_src comp="860" pin="4"/><net_sink comp="2413" pin=14"/></net>

<net id="2487"><net_src comp="860" pin="4"/><net_sink comp="2413" pin=16"/></net>

<net id="2488"><net_src comp="860" pin="4"/><net_sink comp="2413" pin=18"/></net>

<net id="2489"><net_src comp="860" pin="4"/><net_sink comp="2413" pin=20"/></net>

<net id="2490"><net_src comp="860" pin="4"/><net_sink comp="2413" pin=22"/></net>

<net id="2491"><net_src comp="860" pin="4"/><net_sink comp="2413" pin=24"/></net>

<net id="2492"><net_src comp="860" pin="4"/><net_sink comp="2413" pin=28"/></net>

<net id="2493"><net_src comp="860" pin="4"/><net_sink comp="2413" pin=30"/></net>

<net id="2494"><net_src comp="860" pin="4"/><net_sink comp="2413" pin=32"/></net>

<net id="2495"><net_src comp="860" pin="4"/><net_sink comp="2413" pin=34"/></net>

<net id="2496"><net_src comp="860" pin="4"/><net_sink comp="2413" pin=36"/></net>

<net id="2497"><net_src comp="860" pin="4"/><net_sink comp="2413" pin=38"/></net>

<net id="2498"><net_src comp="860" pin="4"/><net_sink comp="2413" pin=40"/></net>

<net id="2499"><net_src comp="860" pin="4"/><net_sink comp="2413" pin=42"/></net>

<net id="2500"><net_src comp="860" pin="4"/><net_sink comp="2413" pin=44"/></net>

<net id="2501"><net_src comp="860" pin="4"/><net_sink comp="2413" pin=46"/></net>

<net id="2502"><net_src comp="860" pin="4"/><net_sink comp="2413" pin=48"/></net>

<net id="2503"><net_src comp="860" pin="4"/><net_sink comp="2413" pin=50"/></net>

<net id="2504"><net_src comp="860" pin="4"/><net_sink comp="2413" pin=52"/></net>

<net id="2505"><net_src comp="860" pin="4"/><net_sink comp="2413" pin=54"/></net>

<net id="2506"><net_src comp="860" pin="4"/><net_sink comp="2413" pin=56"/></net>

<net id="2507"><net_src comp="860" pin="4"/><net_sink comp="2413" pin=58"/></net>

<net id="2508"><net_src comp="860" pin="4"/><net_sink comp="2413" pin=60"/></net>

<net id="2509"><net_src comp="860" pin="4"/><net_sink comp="2413" pin=62"/></net>

<net id="2510"><net_src comp="2413" pin="64"/><net_sink comp="2408" pin=0"/></net>

<net id="2514"><net_src comp="2511" pin="1"/><net_sink comp="849" pin=2"/></net>

<net id="2515"><net_src comp="2511" pin="1"/><net_sink comp="420" pin=50"/></net>

<net id="2582"><net_src comp="849" pin="4"/><net_sink comp="2516" pin=0"/></net>

<net id="2583"><net_src comp="849" pin="4"/><net_sink comp="2516" pin=2"/></net>

<net id="2584"><net_src comp="849" pin="4"/><net_sink comp="2516" pin=4"/></net>

<net id="2585"><net_src comp="849" pin="4"/><net_sink comp="2516" pin=6"/></net>

<net id="2586"><net_src comp="849" pin="4"/><net_sink comp="2516" pin=8"/></net>

<net id="2587"><net_src comp="849" pin="4"/><net_sink comp="2516" pin=10"/></net>

<net id="2588"><net_src comp="849" pin="4"/><net_sink comp="2516" pin=12"/></net>

<net id="2589"><net_src comp="849" pin="4"/><net_sink comp="2516" pin=14"/></net>

<net id="2590"><net_src comp="849" pin="4"/><net_sink comp="2516" pin=16"/></net>

<net id="2591"><net_src comp="849" pin="4"/><net_sink comp="2516" pin=18"/></net>

<net id="2592"><net_src comp="849" pin="4"/><net_sink comp="2516" pin=20"/></net>

<net id="2593"><net_src comp="849" pin="4"/><net_sink comp="2516" pin=22"/></net>

<net id="2594"><net_src comp="849" pin="4"/><net_sink comp="2516" pin=24"/></net>

<net id="2595"><net_src comp="849" pin="4"/><net_sink comp="2516" pin=26"/></net>

<net id="2596"><net_src comp="849" pin="4"/><net_sink comp="2516" pin=30"/></net>

<net id="2597"><net_src comp="849" pin="4"/><net_sink comp="2516" pin=32"/></net>

<net id="2598"><net_src comp="849" pin="4"/><net_sink comp="2516" pin=34"/></net>

<net id="2599"><net_src comp="849" pin="4"/><net_sink comp="2516" pin=36"/></net>

<net id="2600"><net_src comp="849" pin="4"/><net_sink comp="2516" pin=38"/></net>

<net id="2601"><net_src comp="849" pin="4"/><net_sink comp="2516" pin=40"/></net>

<net id="2602"><net_src comp="849" pin="4"/><net_sink comp="2516" pin=42"/></net>

<net id="2603"><net_src comp="849" pin="4"/><net_sink comp="2516" pin=44"/></net>

<net id="2604"><net_src comp="849" pin="4"/><net_sink comp="2516" pin=46"/></net>

<net id="2605"><net_src comp="849" pin="4"/><net_sink comp="2516" pin=48"/></net>

<net id="2606"><net_src comp="849" pin="4"/><net_sink comp="2516" pin=50"/></net>

<net id="2607"><net_src comp="849" pin="4"/><net_sink comp="2516" pin=52"/></net>

<net id="2608"><net_src comp="849" pin="4"/><net_sink comp="2516" pin=54"/></net>

<net id="2609"><net_src comp="849" pin="4"/><net_sink comp="2516" pin=56"/></net>

<net id="2610"><net_src comp="849" pin="4"/><net_sink comp="2516" pin=58"/></net>

<net id="2611"><net_src comp="849" pin="4"/><net_sink comp="2516" pin=60"/></net>

<net id="2612"><net_src comp="849" pin="4"/><net_sink comp="2516" pin=62"/></net>

<net id="2613"><net_src comp="2516" pin="64"/><net_sink comp="2511" pin=0"/></net>

<net id="2617"><net_src comp="2614" pin="1"/><net_sink comp="838" pin=2"/></net>

<net id="2618"><net_src comp="2614" pin="1"/><net_sink comp="420" pin=49"/></net>

<net id="2685"><net_src comp="838" pin="4"/><net_sink comp="2619" pin=0"/></net>

<net id="2686"><net_src comp="838" pin="4"/><net_sink comp="2619" pin=2"/></net>

<net id="2687"><net_src comp="838" pin="4"/><net_sink comp="2619" pin=4"/></net>

<net id="2688"><net_src comp="838" pin="4"/><net_sink comp="2619" pin=6"/></net>

<net id="2689"><net_src comp="838" pin="4"/><net_sink comp="2619" pin=8"/></net>

<net id="2690"><net_src comp="838" pin="4"/><net_sink comp="2619" pin=10"/></net>

<net id="2691"><net_src comp="838" pin="4"/><net_sink comp="2619" pin=12"/></net>

<net id="2692"><net_src comp="838" pin="4"/><net_sink comp="2619" pin=14"/></net>

<net id="2693"><net_src comp="838" pin="4"/><net_sink comp="2619" pin=16"/></net>

<net id="2694"><net_src comp="838" pin="4"/><net_sink comp="2619" pin=18"/></net>

<net id="2695"><net_src comp="838" pin="4"/><net_sink comp="2619" pin=20"/></net>

<net id="2696"><net_src comp="838" pin="4"/><net_sink comp="2619" pin=22"/></net>

<net id="2697"><net_src comp="838" pin="4"/><net_sink comp="2619" pin=24"/></net>

<net id="2698"><net_src comp="838" pin="4"/><net_sink comp="2619" pin=26"/></net>

<net id="2699"><net_src comp="838" pin="4"/><net_sink comp="2619" pin=28"/></net>

<net id="2700"><net_src comp="838" pin="4"/><net_sink comp="2619" pin=32"/></net>

<net id="2701"><net_src comp="838" pin="4"/><net_sink comp="2619" pin=34"/></net>

<net id="2702"><net_src comp="838" pin="4"/><net_sink comp="2619" pin=36"/></net>

<net id="2703"><net_src comp="838" pin="4"/><net_sink comp="2619" pin=38"/></net>

<net id="2704"><net_src comp="838" pin="4"/><net_sink comp="2619" pin=40"/></net>

<net id="2705"><net_src comp="838" pin="4"/><net_sink comp="2619" pin=42"/></net>

<net id="2706"><net_src comp="838" pin="4"/><net_sink comp="2619" pin=44"/></net>

<net id="2707"><net_src comp="838" pin="4"/><net_sink comp="2619" pin=46"/></net>

<net id="2708"><net_src comp="838" pin="4"/><net_sink comp="2619" pin=48"/></net>

<net id="2709"><net_src comp="838" pin="4"/><net_sink comp="2619" pin=50"/></net>

<net id="2710"><net_src comp="838" pin="4"/><net_sink comp="2619" pin=52"/></net>

<net id="2711"><net_src comp="838" pin="4"/><net_sink comp="2619" pin=54"/></net>

<net id="2712"><net_src comp="838" pin="4"/><net_sink comp="2619" pin=56"/></net>

<net id="2713"><net_src comp="838" pin="4"/><net_sink comp="2619" pin=58"/></net>

<net id="2714"><net_src comp="838" pin="4"/><net_sink comp="2619" pin=60"/></net>

<net id="2715"><net_src comp="838" pin="4"/><net_sink comp="2619" pin=62"/></net>

<net id="2716"><net_src comp="2619" pin="64"/><net_sink comp="2614" pin=0"/></net>

<net id="2720"><net_src comp="2717" pin="1"/><net_sink comp="827" pin=2"/></net>

<net id="2721"><net_src comp="2717" pin="1"/><net_sink comp="420" pin=48"/></net>

<net id="2788"><net_src comp="827" pin="4"/><net_sink comp="2722" pin=0"/></net>

<net id="2789"><net_src comp="827" pin="4"/><net_sink comp="2722" pin=2"/></net>

<net id="2790"><net_src comp="827" pin="4"/><net_sink comp="2722" pin=4"/></net>

<net id="2791"><net_src comp="827" pin="4"/><net_sink comp="2722" pin=6"/></net>

<net id="2792"><net_src comp="827" pin="4"/><net_sink comp="2722" pin=8"/></net>

<net id="2793"><net_src comp="827" pin="4"/><net_sink comp="2722" pin=10"/></net>

<net id="2794"><net_src comp="827" pin="4"/><net_sink comp="2722" pin=12"/></net>

<net id="2795"><net_src comp="827" pin="4"/><net_sink comp="2722" pin=14"/></net>

<net id="2796"><net_src comp="827" pin="4"/><net_sink comp="2722" pin=16"/></net>

<net id="2797"><net_src comp="827" pin="4"/><net_sink comp="2722" pin=18"/></net>

<net id="2798"><net_src comp="827" pin="4"/><net_sink comp="2722" pin=20"/></net>

<net id="2799"><net_src comp="827" pin="4"/><net_sink comp="2722" pin=22"/></net>

<net id="2800"><net_src comp="827" pin="4"/><net_sink comp="2722" pin=24"/></net>

<net id="2801"><net_src comp="827" pin="4"/><net_sink comp="2722" pin=26"/></net>

<net id="2802"><net_src comp="827" pin="4"/><net_sink comp="2722" pin=28"/></net>

<net id="2803"><net_src comp="827" pin="4"/><net_sink comp="2722" pin=30"/></net>

<net id="2804"><net_src comp="827" pin="4"/><net_sink comp="2722" pin=34"/></net>

<net id="2805"><net_src comp="827" pin="4"/><net_sink comp="2722" pin=36"/></net>

<net id="2806"><net_src comp="827" pin="4"/><net_sink comp="2722" pin=38"/></net>

<net id="2807"><net_src comp="827" pin="4"/><net_sink comp="2722" pin=40"/></net>

<net id="2808"><net_src comp="827" pin="4"/><net_sink comp="2722" pin=42"/></net>

<net id="2809"><net_src comp="827" pin="4"/><net_sink comp="2722" pin=44"/></net>

<net id="2810"><net_src comp="827" pin="4"/><net_sink comp="2722" pin=46"/></net>

<net id="2811"><net_src comp="827" pin="4"/><net_sink comp="2722" pin=48"/></net>

<net id="2812"><net_src comp="827" pin="4"/><net_sink comp="2722" pin=50"/></net>

<net id="2813"><net_src comp="827" pin="4"/><net_sink comp="2722" pin=52"/></net>

<net id="2814"><net_src comp="827" pin="4"/><net_sink comp="2722" pin=54"/></net>

<net id="2815"><net_src comp="827" pin="4"/><net_sink comp="2722" pin=56"/></net>

<net id="2816"><net_src comp="827" pin="4"/><net_sink comp="2722" pin=58"/></net>

<net id="2817"><net_src comp="827" pin="4"/><net_sink comp="2722" pin=60"/></net>

<net id="2818"><net_src comp="827" pin="4"/><net_sink comp="2722" pin=62"/></net>

<net id="2819"><net_src comp="2722" pin="64"/><net_sink comp="2717" pin=0"/></net>

<net id="2823"><net_src comp="2820" pin="1"/><net_sink comp="816" pin=2"/></net>

<net id="2824"><net_src comp="2820" pin="1"/><net_sink comp="420" pin=47"/></net>

<net id="2891"><net_src comp="816" pin="4"/><net_sink comp="2825" pin=0"/></net>

<net id="2892"><net_src comp="816" pin="4"/><net_sink comp="2825" pin=2"/></net>

<net id="2893"><net_src comp="816" pin="4"/><net_sink comp="2825" pin=4"/></net>

<net id="2894"><net_src comp="816" pin="4"/><net_sink comp="2825" pin=6"/></net>

<net id="2895"><net_src comp="816" pin="4"/><net_sink comp="2825" pin=8"/></net>

<net id="2896"><net_src comp="816" pin="4"/><net_sink comp="2825" pin=10"/></net>

<net id="2897"><net_src comp="816" pin="4"/><net_sink comp="2825" pin=12"/></net>

<net id="2898"><net_src comp="816" pin="4"/><net_sink comp="2825" pin=14"/></net>

<net id="2899"><net_src comp="816" pin="4"/><net_sink comp="2825" pin=16"/></net>

<net id="2900"><net_src comp="816" pin="4"/><net_sink comp="2825" pin=18"/></net>

<net id="2901"><net_src comp="816" pin="4"/><net_sink comp="2825" pin=20"/></net>

<net id="2902"><net_src comp="816" pin="4"/><net_sink comp="2825" pin=22"/></net>

<net id="2903"><net_src comp="816" pin="4"/><net_sink comp="2825" pin=24"/></net>

<net id="2904"><net_src comp="816" pin="4"/><net_sink comp="2825" pin=26"/></net>

<net id="2905"><net_src comp="816" pin="4"/><net_sink comp="2825" pin=28"/></net>

<net id="2906"><net_src comp="816" pin="4"/><net_sink comp="2825" pin=30"/></net>

<net id="2907"><net_src comp="816" pin="4"/><net_sink comp="2825" pin=32"/></net>

<net id="2908"><net_src comp="816" pin="4"/><net_sink comp="2825" pin=36"/></net>

<net id="2909"><net_src comp="816" pin="4"/><net_sink comp="2825" pin=38"/></net>

<net id="2910"><net_src comp="816" pin="4"/><net_sink comp="2825" pin=40"/></net>

<net id="2911"><net_src comp="816" pin="4"/><net_sink comp="2825" pin=42"/></net>

<net id="2912"><net_src comp="816" pin="4"/><net_sink comp="2825" pin=44"/></net>

<net id="2913"><net_src comp="816" pin="4"/><net_sink comp="2825" pin=46"/></net>

<net id="2914"><net_src comp="816" pin="4"/><net_sink comp="2825" pin=48"/></net>

<net id="2915"><net_src comp="816" pin="4"/><net_sink comp="2825" pin=50"/></net>

<net id="2916"><net_src comp="816" pin="4"/><net_sink comp="2825" pin=52"/></net>

<net id="2917"><net_src comp="816" pin="4"/><net_sink comp="2825" pin=54"/></net>

<net id="2918"><net_src comp="816" pin="4"/><net_sink comp="2825" pin=56"/></net>

<net id="2919"><net_src comp="816" pin="4"/><net_sink comp="2825" pin=58"/></net>

<net id="2920"><net_src comp="816" pin="4"/><net_sink comp="2825" pin=60"/></net>

<net id="2921"><net_src comp="816" pin="4"/><net_sink comp="2825" pin=62"/></net>

<net id="2922"><net_src comp="2825" pin="64"/><net_sink comp="2820" pin=0"/></net>

<net id="2926"><net_src comp="2923" pin="1"/><net_sink comp="805" pin=2"/></net>

<net id="2927"><net_src comp="2923" pin="1"/><net_sink comp="420" pin=46"/></net>

<net id="2994"><net_src comp="805" pin="4"/><net_sink comp="2928" pin=0"/></net>

<net id="2995"><net_src comp="805" pin="4"/><net_sink comp="2928" pin=2"/></net>

<net id="2996"><net_src comp="805" pin="4"/><net_sink comp="2928" pin=4"/></net>

<net id="2997"><net_src comp="805" pin="4"/><net_sink comp="2928" pin=6"/></net>

<net id="2998"><net_src comp="805" pin="4"/><net_sink comp="2928" pin=8"/></net>

<net id="2999"><net_src comp="805" pin="4"/><net_sink comp="2928" pin=10"/></net>

<net id="3000"><net_src comp="805" pin="4"/><net_sink comp="2928" pin=12"/></net>

<net id="3001"><net_src comp="805" pin="4"/><net_sink comp="2928" pin=14"/></net>

<net id="3002"><net_src comp="805" pin="4"/><net_sink comp="2928" pin=16"/></net>

<net id="3003"><net_src comp="805" pin="4"/><net_sink comp="2928" pin=18"/></net>

<net id="3004"><net_src comp="805" pin="4"/><net_sink comp="2928" pin=20"/></net>

<net id="3005"><net_src comp="805" pin="4"/><net_sink comp="2928" pin=22"/></net>

<net id="3006"><net_src comp="805" pin="4"/><net_sink comp="2928" pin=24"/></net>

<net id="3007"><net_src comp="805" pin="4"/><net_sink comp="2928" pin=26"/></net>

<net id="3008"><net_src comp="805" pin="4"/><net_sink comp="2928" pin=28"/></net>

<net id="3009"><net_src comp="805" pin="4"/><net_sink comp="2928" pin=30"/></net>

<net id="3010"><net_src comp="805" pin="4"/><net_sink comp="2928" pin=32"/></net>

<net id="3011"><net_src comp="805" pin="4"/><net_sink comp="2928" pin=34"/></net>

<net id="3012"><net_src comp="805" pin="4"/><net_sink comp="2928" pin=38"/></net>

<net id="3013"><net_src comp="805" pin="4"/><net_sink comp="2928" pin=40"/></net>

<net id="3014"><net_src comp="805" pin="4"/><net_sink comp="2928" pin=42"/></net>

<net id="3015"><net_src comp="805" pin="4"/><net_sink comp="2928" pin=44"/></net>

<net id="3016"><net_src comp="805" pin="4"/><net_sink comp="2928" pin=46"/></net>

<net id="3017"><net_src comp="805" pin="4"/><net_sink comp="2928" pin=48"/></net>

<net id="3018"><net_src comp="805" pin="4"/><net_sink comp="2928" pin=50"/></net>

<net id="3019"><net_src comp="805" pin="4"/><net_sink comp="2928" pin=52"/></net>

<net id="3020"><net_src comp="805" pin="4"/><net_sink comp="2928" pin=54"/></net>

<net id="3021"><net_src comp="805" pin="4"/><net_sink comp="2928" pin=56"/></net>

<net id="3022"><net_src comp="805" pin="4"/><net_sink comp="2928" pin=58"/></net>

<net id="3023"><net_src comp="805" pin="4"/><net_sink comp="2928" pin=60"/></net>

<net id="3024"><net_src comp="805" pin="4"/><net_sink comp="2928" pin=62"/></net>

<net id="3025"><net_src comp="2928" pin="64"/><net_sink comp="2923" pin=0"/></net>

<net id="3029"><net_src comp="3026" pin="1"/><net_sink comp="794" pin=2"/></net>

<net id="3030"><net_src comp="3026" pin="1"/><net_sink comp="420" pin=45"/></net>

<net id="3097"><net_src comp="794" pin="4"/><net_sink comp="3031" pin=0"/></net>

<net id="3098"><net_src comp="794" pin="4"/><net_sink comp="3031" pin=2"/></net>

<net id="3099"><net_src comp="794" pin="4"/><net_sink comp="3031" pin=4"/></net>

<net id="3100"><net_src comp="794" pin="4"/><net_sink comp="3031" pin=6"/></net>

<net id="3101"><net_src comp="794" pin="4"/><net_sink comp="3031" pin=8"/></net>

<net id="3102"><net_src comp="794" pin="4"/><net_sink comp="3031" pin=10"/></net>

<net id="3103"><net_src comp="794" pin="4"/><net_sink comp="3031" pin=12"/></net>

<net id="3104"><net_src comp="794" pin="4"/><net_sink comp="3031" pin=14"/></net>

<net id="3105"><net_src comp="794" pin="4"/><net_sink comp="3031" pin=16"/></net>

<net id="3106"><net_src comp="794" pin="4"/><net_sink comp="3031" pin=18"/></net>

<net id="3107"><net_src comp="794" pin="4"/><net_sink comp="3031" pin=20"/></net>

<net id="3108"><net_src comp="794" pin="4"/><net_sink comp="3031" pin=22"/></net>

<net id="3109"><net_src comp="794" pin="4"/><net_sink comp="3031" pin=24"/></net>

<net id="3110"><net_src comp="794" pin="4"/><net_sink comp="3031" pin=26"/></net>

<net id="3111"><net_src comp="794" pin="4"/><net_sink comp="3031" pin=28"/></net>

<net id="3112"><net_src comp="794" pin="4"/><net_sink comp="3031" pin=30"/></net>

<net id="3113"><net_src comp="794" pin="4"/><net_sink comp="3031" pin=32"/></net>

<net id="3114"><net_src comp="794" pin="4"/><net_sink comp="3031" pin=34"/></net>

<net id="3115"><net_src comp="794" pin="4"/><net_sink comp="3031" pin=36"/></net>

<net id="3116"><net_src comp="794" pin="4"/><net_sink comp="3031" pin=40"/></net>

<net id="3117"><net_src comp="794" pin="4"/><net_sink comp="3031" pin=42"/></net>

<net id="3118"><net_src comp="794" pin="4"/><net_sink comp="3031" pin=44"/></net>

<net id="3119"><net_src comp="794" pin="4"/><net_sink comp="3031" pin=46"/></net>

<net id="3120"><net_src comp="794" pin="4"/><net_sink comp="3031" pin=48"/></net>

<net id="3121"><net_src comp="794" pin="4"/><net_sink comp="3031" pin=50"/></net>

<net id="3122"><net_src comp="794" pin="4"/><net_sink comp="3031" pin=52"/></net>

<net id="3123"><net_src comp="794" pin="4"/><net_sink comp="3031" pin=54"/></net>

<net id="3124"><net_src comp="794" pin="4"/><net_sink comp="3031" pin=56"/></net>

<net id="3125"><net_src comp="794" pin="4"/><net_sink comp="3031" pin=58"/></net>

<net id="3126"><net_src comp="794" pin="4"/><net_sink comp="3031" pin=60"/></net>

<net id="3127"><net_src comp="794" pin="4"/><net_sink comp="3031" pin=62"/></net>

<net id="3128"><net_src comp="3031" pin="64"/><net_sink comp="3026" pin=0"/></net>

<net id="3132"><net_src comp="3129" pin="1"/><net_sink comp="783" pin=2"/></net>

<net id="3133"><net_src comp="3129" pin="1"/><net_sink comp="420" pin=44"/></net>

<net id="3200"><net_src comp="783" pin="4"/><net_sink comp="3134" pin=0"/></net>

<net id="3201"><net_src comp="783" pin="4"/><net_sink comp="3134" pin=2"/></net>

<net id="3202"><net_src comp="783" pin="4"/><net_sink comp="3134" pin=4"/></net>

<net id="3203"><net_src comp="783" pin="4"/><net_sink comp="3134" pin=6"/></net>

<net id="3204"><net_src comp="783" pin="4"/><net_sink comp="3134" pin=8"/></net>

<net id="3205"><net_src comp="783" pin="4"/><net_sink comp="3134" pin=10"/></net>

<net id="3206"><net_src comp="783" pin="4"/><net_sink comp="3134" pin=12"/></net>

<net id="3207"><net_src comp="783" pin="4"/><net_sink comp="3134" pin=14"/></net>

<net id="3208"><net_src comp="783" pin="4"/><net_sink comp="3134" pin=16"/></net>

<net id="3209"><net_src comp="783" pin="4"/><net_sink comp="3134" pin=18"/></net>

<net id="3210"><net_src comp="783" pin="4"/><net_sink comp="3134" pin=20"/></net>

<net id="3211"><net_src comp="783" pin="4"/><net_sink comp="3134" pin=22"/></net>

<net id="3212"><net_src comp="783" pin="4"/><net_sink comp="3134" pin=24"/></net>

<net id="3213"><net_src comp="783" pin="4"/><net_sink comp="3134" pin=26"/></net>

<net id="3214"><net_src comp="783" pin="4"/><net_sink comp="3134" pin=28"/></net>

<net id="3215"><net_src comp="783" pin="4"/><net_sink comp="3134" pin=30"/></net>

<net id="3216"><net_src comp="783" pin="4"/><net_sink comp="3134" pin=32"/></net>

<net id="3217"><net_src comp="783" pin="4"/><net_sink comp="3134" pin=34"/></net>

<net id="3218"><net_src comp="783" pin="4"/><net_sink comp="3134" pin=36"/></net>

<net id="3219"><net_src comp="783" pin="4"/><net_sink comp="3134" pin=38"/></net>

<net id="3220"><net_src comp="783" pin="4"/><net_sink comp="3134" pin=42"/></net>

<net id="3221"><net_src comp="783" pin="4"/><net_sink comp="3134" pin=44"/></net>

<net id="3222"><net_src comp="783" pin="4"/><net_sink comp="3134" pin=46"/></net>

<net id="3223"><net_src comp="783" pin="4"/><net_sink comp="3134" pin=48"/></net>

<net id="3224"><net_src comp="783" pin="4"/><net_sink comp="3134" pin=50"/></net>

<net id="3225"><net_src comp="783" pin="4"/><net_sink comp="3134" pin=52"/></net>

<net id="3226"><net_src comp="783" pin="4"/><net_sink comp="3134" pin=54"/></net>

<net id="3227"><net_src comp="783" pin="4"/><net_sink comp="3134" pin=56"/></net>

<net id="3228"><net_src comp="783" pin="4"/><net_sink comp="3134" pin=58"/></net>

<net id="3229"><net_src comp="783" pin="4"/><net_sink comp="3134" pin=60"/></net>

<net id="3230"><net_src comp="783" pin="4"/><net_sink comp="3134" pin=62"/></net>

<net id="3231"><net_src comp="3134" pin="64"/><net_sink comp="3129" pin=0"/></net>

<net id="3235"><net_src comp="3232" pin="1"/><net_sink comp="772" pin=2"/></net>

<net id="3236"><net_src comp="3232" pin="1"/><net_sink comp="420" pin=43"/></net>

<net id="3303"><net_src comp="772" pin="4"/><net_sink comp="3237" pin=0"/></net>

<net id="3304"><net_src comp="772" pin="4"/><net_sink comp="3237" pin=2"/></net>

<net id="3305"><net_src comp="772" pin="4"/><net_sink comp="3237" pin=4"/></net>

<net id="3306"><net_src comp="772" pin="4"/><net_sink comp="3237" pin=6"/></net>

<net id="3307"><net_src comp="772" pin="4"/><net_sink comp="3237" pin=8"/></net>

<net id="3308"><net_src comp="772" pin="4"/><net_sink comp="3237" pin=10"/></net>

<net id="3309"><net_src comp="772" pin="4"/><net_sink comp="3237" pin=12"/></net>

<net id="3310"><net_src comp="772" pin="4"/><net_sink comp="3237" pin=14"/></net>

<net id="3311"><net_src comp="772" pin="4"/><net_sink comp="3237" pin=16"/></net>

<net id="3312"><net_src comp="772" pin="4"/><net_sink comp="3237" pin=18"/></net>

<net id="3313"><net_src comp="772" pin="4"/><net_sink comp="3237" pin=20"/></net>

<net id="3314"><net_src comp="772" pin="4"/><net_sink comp="3237" pin=22"/></net>

<net id="3315"><net_src comp="772" pin="4"/><net_sink comp="3237" pin=24"/></net>

<net id="3316"><net_src comp="772" pin="4"/><net_sink comp="3237" pin=26"/></net>

<net id="3317"><net_src comp="772" pin="4"/><net_sink comp="3237" pin=28"/></net>

<net id="3318"><net_src comp="772" pin="4"/><net_sink comp="3237" pin=30"/></net>

<net id="3319"><net_src comp="772" pin="4"/><net_sink comp="3237" pin=32"/></net>

<net id="3320"><net_src comp="772" pin="4"/><net_sink comp="3237" pin=34"/></net>

<net id="3321"><net_src comp="772" pin="4"/><net_sink comp="3237" pin=36"/></net>

<net id="3322"><net_src comp="772" pin="4"/><net_sink comp="3237" pin=38"/></net>

<net id="3323"><net_src comp="772" pin="4"/><net_sink comp="3237" pin=40"/></net>

<net id="3324"><net_src comp="772" pin="4"/><net_sink comp="3237" pin=44"/></net>

<net id="3325"><net_src comp="772" pin="4"/><net_sink comp="3237" pin=46"/></net>

<net id="3326"><net_src comp="772" pin="4"/><net_sink comp="3237" pin=48"/></net>

<net id="3327"><net_src comp="772" pin="4"/><net_sink comp="3237" pin=50"/></net>

<net id="3328"><net_src comp="772" pin="4"/><net_sink comp="3237" pin=52"/></net>

<net id="3329"><net_src comp="772" pin="4"/><net_sink comp="3237" pin=54"/></net>

<net id="3330"><net_src comp="772" pin="4"/><net_sink comp="3237" pin=56"/></net>

<net id="3331"><net_src comp="772" pin="4"/><net_sink comp="3237" pin=58"/></net>

<net id="3332"><net_src comp="772" pin="4"/><net_sink comp="3237" pin=60"/></net>

<net id="3333"><net_src comp="772" pin="4"/><net_sink comp="3237" pin=62"/></net>

<net id="3334"><net_src comp="3237" pin="64"/><net_sink comp="3232" pin=0"/></net>

<net id="3338"><net_src comp="3335" pin="1"/><net_sink comp="761" pin=2"/></net>

<net id="3339"><net_src comp="3335" pin="1"/><net_sink comp="420" pin=42"/></net>

<net id="3406"><net_src comp="761" pin="4"/><net_sink comp="3340" pin=0"/></net>

<net id="3407"><net_src comp="761" pin="4"/><net_sink comp="3340" pin=2"/></net>

<net id="3408"><net_src comp="761" pin="4"/><net_sink comp="3340" pin=4"/></net>

<net id="3409"><net_src comp="761" pin="4"/><net_sink comp="3340" pin=6"/></net>

<net id="3410"><net_src comp="761" pin="4"/><net_sink comp="3340" pin=8"/></net>

<net id="3411"><net_src comp="761" pin="4"/><net_sink comp="3340" pin=10"/></net>

<net id="3412"><net_src comp="761" pin="4"/><net_sink comp="3340" pin=12"/></net>

<net id="3413"><net_src comp="761" pin="4"/><net_sink comp="3340" pin=14"/></net>

<net id="3414"><net_src comp="761" pin="4"/><net_sink comp="3340" pin=16"/></net>

<net id="3415"><net_src comp="761" pin="4"/><net_sink comp="3340" pin=18"/></net>

<net id="3416"><net_src comp="761" pin="4"/><net_sink comp="3340" pin=20"/></net>

<net id="3417"><net_src comp="761" pin="4"/><net_sink comp="3340" pin=22"/></net>

<net id="3418"><net_src comp="761" pin="4"/><net_sink comp="3340" pin=24"/></net>

<net id="3419"><net_src comp="761" pin="4"/><net_sink comp="3340" pin=26"/></net>

<net id="3420"><net_src comp="761" pin="4"/><net_sink comp="3340" pin=28"/></net>

<net id="3421"><net_src comp="761" pin="4"/><net_sink comp="3340" pin=30"/></net>

<net id="3422"><net_src comp="761" pin="4"/><net_sink comp="3340" pin=32"/></net>

<net id="3423"><net_src comp="761" pin="4"/><net_sink comp="3340" pin=34"/></net>

<net id="3424"><net_src comp="761" pin="4"/><net_sink comp="3340" pin=36"/></net>

<net id="3425"><net_src comp="761" pin="4"/><net_sink comp="3340" pin=38"/></net>

<net id="3426"><net_src comp="761" pin="4"/><net_sink comp="3340" pin=40"/></net>

<net id="3427"><net_src comp="761" pin="4"/><net_sink comp="3340" pin=42"/></net>

<net id="3428"><net_src comp="761" pin="4"/><net_sink comp="3340" pin=46"/></net>

<net id="3429"><net_src comp="761" pin="4"/><net_sink comp="3340" pin=48"/></net>

<net id="3430"><net_src comp="761" pin="4"/><net_sink comp="3340" pin=50"/></net>

<net id="3431"><net_src comp="761" pin="4"/><net_sink comp="3340" pin=52"/></net>

<net id="3432"><net_src comp="761" pin="4"/><net_sink comp="3340" pin=54"/></net>

<net id="3433"><net_src comp="761" pin="4"/><net_sink comp="3340" pin=56"/></net>

<net id="3434"><net_src comp="761" pin="4"/><net_sink comp="3340" pin=58"/></net>

<net id="3435"><net_src comp="761" pin="4"/><net_sink comp="3340" pin=60"/></net>

<net id="3436"><net_src comp="761" pin="4"/><net_sink comp="3340" pin=62"/></net>

<net id="3437"><net_src comp="3340" pin="64"/><net_sink comp="3335" pin=0"/></net>

<net id="3441"><net_src comp="3438" pin="1"/><net_sink comp="750" pin=2"/></net>

<net id="3442"><net_src comp="3438" pin="1"/><net_sink comp="420" pin=41"/></net>

<net id="3509"><net_src comp="750" pin="4"/><net_sink comp="3443" pin=0"/></net>

<net id="3510"><net_src comp="750" pin="4"/><net_sink comp="3443" pin=2"/></net>

<net id="3511"><net_src comp="750" pin="4"/><net_sink comp="3443" pin=4"/></net>

<net id="3512"><net_src comp="750" pin="4"/><net_sink comp="3443" pin=6"/></net>

<net id="3513"><net_src comp="750" pin="4"/><net_sink comp="3443" pin=8"/></net>

<net id="3514"><net_src comp="750" pin="4"/><net_sink comp="3443" pin=10"/></net>

<net id="3515"><net_src comp="750" pin="4"/><net_sink comp="3443" pin=12"/></net>

<net id="3516"><net_src comp="750" pin="4"/><net_sink comp="3443" pin=14"/></net>

<net id="3517"><net_src comp="750" pin="4"/><net_sink comp="3443" pin=16"/></net>

<net id="3518"><net_src comp="750" pin="4"/><net_sink comp="3443" pin=18"/></net>

<net id="3519"><net_src comp="750" pin="4"/><net_sink comp="3443" pin=20"/></net>

<net id="3520"><net_src comp="750" pin="4"/><net_sink comp="3443" pin=22"/></net>

<net id="3521"><net_src comp="750" pin="4"/><net_sink comp="3443" pin=24"/></net>

<net id="3522"><net_src comp="750" pin="4"/><net_sink comp="3443" pin=26"/></net>

<net id="3523"><net_src comp="750" pin="4"/><net_sink comp="3443" pin=28"/></net>

<net id="3524"><net_src comp="750" pin="4"/><net_sink comp="3443" pin=30"/></net>

<net id="3525"><net_src comp="750" pin="4"/><net_sink comp="3443" pin=32"/></net>

<net id="3526"><net_src comp="750" pin="4"/><net_sink comp="3443" pin=34"/></net>

<net id="3527"><net_src comp="750" pin="4"/><net_sink comp="3443" pin=36"/></net>

<net id="3528"><net_src comp="750" pin="4"/><net_sink comp="3443" pin=38"/></net>

<net id="3529"><net_src comp="750" pin="4"/><net_sink comp="3443" pin=40"/></net>

<net id="3530"><net_src comp="750" pin="4"/><net_sink comp="3443" pin=42"/></net>

<net id="3531"><net_src comp="750" pin="4"/><net_sink comp="3443" pin=44"/></net>

<net id="3532"><net_src comp="750" pin="4"/><net_sink comp="3443" pin=48"/></net>

<net id="3533"><net_src comp="750" pin="4"/><net_sink comp="3443" pin=50"/></net>

<net id="3534"><net_src comp="750" pin="4"/><net_sink comp="3443" pin=52"/></net>

<net id="3535"><net_src comp="750" pin="4"/><net_sink comp="3443" pin=54"/></net>

<net id="3536"><net_src comp="750" pin="4"/><net_sink comp="3443" pin=56"/></net>

<net id="3537"><net_src comp="750" pin="4"/><net_sink comp="3443" pin=58"/></net>

<net id="3538"><net_src comp="750" pin="4"/><net_sink comp="3443" pin=60"/></net>

<net id="3539"><net_src comp="750" pin="4"/><net_sink comp="3443" pin=62"/></net>

<net id="3540"><net_src comp="3443" pin="64"/><net_sink comp="3438" pin=0"/></net>

<net id="3544"><net_src comp="3541" pin="1"/><net_sink comp="739" pin=2"/></net>

<net id="3545"><net_src comp="3541" pin="1"/><net_sink comp="420" pin=40"/></net>

<net id="3612"><net_src comp="739" pin="4"/><net_sink comp="3546" pin=0"/></net>

<net id="3613"><net_src comp="739" pin="4"/><net_sink comp="3546" pin=2"/></net>

<net id="3614"><net_src comp="739" pin="4"/><net_sink comp="3546" pin=4"/></net>

<net id="3615"><net_src comp="739" pin="4"/><net_sink comp="3546" pin=6"/></net>

<net id="3616"><net_src comp="739" pin="4"/><net_sink comp="3546" pin=8"/></net>

<net id="3617"><net_src comp="739" pin="4"/><net_sink comp="3546" pin=10"/></net>

<net id="3618"><net_src comp="739" pin="4"/><net_sink comp="3546" pin=12"/></net>

<net id="3619"><net_src comp="739" pin="4"/><net_sink comp="3546" pin=14"/></net>

<net id="3620"><net_src comp="739" pin="4"/><net_sink comp="3546" pin=16"/></net>

<net id="3621"><net_src comp="739" pin="4"/><net_sink comp="3546" pin=18"/></net>

<net id="3622"><net_src comp="739" pin="4"/><net_sink comp="3546" pin=20"/></net>

<net id="3623"><net_src comp="739" pin="4"/><net_sink comp="3546" pin=22"/></net>

<net id="3624"><net_src comp="739" pin="4"/><net_sink comp="3546" pin=24"/></net>

<net id="3625"><net_src comp="739" pin="4"/><net_sink comp="3546" pin=26"/></net>

<net id="3626"><net_src comp="739" pin="4"/><net_sink comp="3546" pin=28"/></net>

<net id="3627"><net_src comp="739" pin="4"/><net_sink comp="3546" pin=30"/></net>

<net id="3628"><net_src comp="739" pin="4"/><net_sink comp="3546" pin=32"/></net>

<net id="3629"><net_src comp="739" pin="4"/><net_sink comp="3546" pin=34"/></net>

<net id="3630"><net_src comp="739" pin="4"/><net_sink comp="3546" pin=36"/></net>

<net id="3631"><net_src comp="739" pin="4"/><net_sink comp="3546" pin=38"/></net>

<net id="3632"><net_src comp="739" pin="4"/><net_sink comp="3546" pin=40"/></net>

<net id="3633"><net_src comp="739" pin="4"/><net_sink comp="3546" pin=42"/></net>

<net id="3634"><net_src comp="739" pin="4"/><net_sink comp="3546" pin=44"/></net>

<net id="3635"><net_src comp="739" pin="4"/><net_sink comp="3546" pin=46"/></net>

<net id="3636"><net_src comp="739" pin="4"/><net_sink comp="3546" pin=50"/></net>

<net id="3637"><net_src comp="739" pin="4"/><net_sink comp="3546" pin=52"/></net>

<net id="3638"><net_src comp="739" pin="4"/><net_sink comp="3546" pin=54"/></net>

<net id="3639"><net_src comp="739" pin="4"/><net_sink comp="3546" pin=56"/></net>

<net id="3640"><net_src comp="739" pin="4"/><net_sink comp="3546" pin=58"/></net>

<net id="3641"><net_src comp="739" pin="4"/><net_sink comp="3546" pin=60"/></net>

<net id="3642"><net_src comp="739" pin="4"/><net_sink comp="3546" pin=62"/></net>

<net id="3643"><net_src comp="3546" pin="64"/><net_sink comp="3541" pin=0"/></net>

<net id="3647"><net_src comp="3644" pin="1"/><net_sink comp="728" pin=2"/></net>

<net id="3648"><net_src comp="3644" pin="1"/><net_sink comp="420" pin=39"/></net>

<net id="3715"><net_src comp="728" pin="4"/><net_sink comp="3649" pin=0"/></net>

<net id="3716"><net_src comp="728" pin="4"/><net_sink comp="3649" pin=2"/></net>

<net id="3717"><net_src comp="728" pin="4"/><net_sink comp="3649" pin=4"/></net>

<net id="3718"><net_src comp="728" pin="4"/><net_sink comp="3649" pin=6"/></net>

<net id="3719"><net_src comp="728" pin="4"/><net_sink comp="3649" pin=8"/></net>

<net id="3720"><net_src comp="728" pin="4"/><net_sink comp="3649" pin=10"/></net>

<net id="3721"><net_src comp="728" pin="4"/><net_sink comp="3649" pin=12"/></net>

<net id="3722"><net_src comp="728" pin="4"/><net_sink comp="3649" pin=14"/></net>

<net id="3723"><net_src comp="728" pin="4"/><net_sink comp="3649" pin=16"/></net>

<net id="3724"><net_src comp="728" pin="4"/><net_sink comp="3649" pin=18"/></net>

<net id="3725"><net_src comp="728" pin="4"/><net_sink comp="3649" pin=20"/></net>

<net id="3726"><net_src comp="728" pin="4"/><net_sink comp="3649" pin=22"/></net>

<net id="3727"><net_src comp="728" pin="4"/><net_sink comp="3649" pin=24"/></net>

<net id="3728"><net_src comp="728" pin="4"/><net_sink comp="3649" pin=26"/></net>

<net id="3729"><net_src comp="728" pin="4"/><net_sink comp="3649" pin=28"/></net>

<net id="3730"><net_src comp="728" pin="4"/><net_sink comp="3649" pin=30"/></net>

<net id="3731"><net_src comp="728" pin="4"/><net_sink comp="3649" pin=32"/></net>

<net id="3732"><net_src comp="728" pin="4"/><net_sink comp="3649" pin=34"/></net>

<net id="3733"><net_src comp="728" pin="4"/><net_sink comp="3649" pin=36"/></net>

<net id="3734"><net_src comp="728" pin="4"/><net_sink comp="3649" pin=38"/></net>

<net id="3735"><net_src comp="728" pin="4"/><net_sink comp="3649" pin=40"/></net>

<net id="3736"><net_src comp="728" pin="4"/><net_sink comp="3649" pin=42"/></net>

<net id="3737"><net_src comp="728" pin="4"/><net_sink comp="3649" pin=44"/></net>

<net id="3738"><net_src comp="728" pin="4"/><net_sink comp="3649" pin=46"/></net>

<net id="3739"><net_src comp="728" pin="4"/><net_sink comp="3649" pin=48"/></net>

<net id="3740"><net_src comp="728" pin="4"/><net_sink comp="3649" pin=52"/></net>

<net id="3741"><net_src comp="728" pin="4"/><net_sink comp="3649" pin=54"/></net>

<net id="3742"><net_src comp="728" pin="4"/><net_sink comp="3649" pin=56"/></net>

<net id="3743"><net_src comp="728" pin="4"/><net_sink comp="3649" pin=58"/></net>

<net id="3744"><net_src comp="728" pin="4"/><net_sink comp="3649" pin=60"/></net>

<net id="3745"><net_src comp="728" pin="4"/><net_sink comp="3649" pin=62"/></net>

<net id="3746"><net_src comp="3649" pin="64"/><net_sink comp="3644" pin=0"/></net>

<net id="3750"><net_src comp="3747" pin="1"/><net_sink comp="717" pin=2"/></net>

<net id="3751"><net_src comp="3747" pin="1"/><net_sink comp="420" pin=38"/></net>

<net id="3818"><net_src comp="717" pin="4"/><net_sink comp="3752" pin=0"/></net>

<net id="3819"><net_src comp="717" pin="4"/><net_sink comp="3752" pin=2"/></net>

<net id="3820"><net_src comp="717" pin="4"/><net_sink comp="3752" pin=4"/></net>

<net id="3821"><net_src comp="717" pin="4"/><net_sink comp="3752" pin=6"/></net>

<net id="3822"><net_src comp="717" pin="4"/><net_sink comp="3752" pin=8"/></net>

<net id="3823"><net_src comp="717" pin="4"/><net_sink comp="3752" pin=10"/></net>

<net id="3824"><net_src comp="717" pin="4"/><net_sink comp="3752" pin=12"/></net>

<net id="3825"><net_src comp="717" pin="4"/><net_sink comp="3752" pin=14"/></net>

<net id="3826"><net_src comp="717" pin="4"/><net_sink comp="3752" pin=16"/></net>

<net id="3827"><net_src comp="717" pin="4"/><net_sink comp="3752" pin=18"/></net>

<net id="3828"><net_src comp="717" pin="4"/><net_sink comp="3752" pin=20"/></net>

<net id="3829"><net_src comp="717" pin="4"/><net_sink comp="3752" pin=22"/></net>

<net id="3830"><net_src comp="717" pin="4"/><net_sink comp="3752" pin=24"/></net>

<net id="3831"><net_src comp="717" pin="4"/><net_sink comp="3752" pin=26"/></net>

<net id="3832"><net_src comp="717" pin="4"/><net_sink comp="3752" pin=28"/></net>

<net id="3833"><net_src comp="717" pin="4"/><net_sink comp="3752" pin=30"/></net>

<net id="3834"><net_src comp="717" pin="4"/><net_sink comp="3752" pin=32"/></net>

<net id="3835"><net_src comp="717" pin="4"/><net_sink comp="3752" pin=34"/></net>

<net id="3836"><net_src comp="717" pin="4"/><net_sink comp="3752" pin=36"/></net>

<net id="3837"><net_src comp="717" pin="4"/><net_sink comp="3752" pin=38"/></net>

<net id="3838"><net_src comp="717" pin="4"/><net_sink comp="3752" pin=40"/></net>

<net id="3839"><net_src comp="717" pin="4"/><net_sink comp="3752" pin=42"/></net>

<net id="3840"><net_src comp="717" pin="4"/><net_sink comp="3752" pin=44"/></net>

<net id="3841"><net_src comp="717" pin="4"/><net_sink comp="3752" pin=46"/></net>

<net id="3842"><net_src comp="717" pin="4"/><net_sink comp="3752" pin=48"/></net>

<net id="3843"><net_src comp="717" pin="4"/><net_sink comp="3752" pin=50"/></net>

<net id="3844"><net_src comp="717" pin="4"/><net_sink comp="3752" pin=54"/></net>

<net id="3845"><net_src comp="717" pin="4"/><net_sink comp="3752" pin=56"/></net>

<net id="3846"><net_src comp="717" pin="4"/><net_sink comp="3752" pin=58"/></net>

<net id="3847"><net_src comp="717" pin="4"/><net_sink comp="3752" pin=60"/></net>

<net id="3848"><net_src comp="717" pin="4"/><net_sink comp="3752" pin=62"/></net>

<net id="3849"><net_src comp="3752" pin="64"/><net_sink comp="3747" pin=0"/></net>

<net id="3853"><net_src comp="3850" pin="1"/><net_sink comp="706" pin=2"/></net>

<net id="3854"><net_src comp="3850" pin="1"/><net_sink comp="420" pin=37"/></net>

<net id="3921"><net_src comp="706" pin="4"/><net_sink comp="3855" pin=0"/></net>

<net id="3922"><net_src comp="706" pin="4"/><net_sink comp="3855" pin=2"/></net>

<net id="3923"><net_src comp="706" pin="4"/><net_sink comp="3855" pin=4"/></net>

<net id="3924"><net_src comp="706" pin="4"/><net_sink comp="3855" pin=6"/></net>

<net id="3925"><net_src comp="706" pin="4"/><net_sink comp="3855" pin=8"/></net>

<net id="3926"><net_src comp="706" pin="4"/><net_sink comp="3855" pin=10"/></net>

<net id="3927"><net_src comp="706" pin="4"/><net_sink comp="3855" pin=12"/></net>

<net id="3928"><net_src comp="706" pin="4"/><net_sink comp="3855" pin=14"/></net>

<net id="3929"><net_src comp="706" pin="4"/><net_sink comp="3855" pin=16"/></net>

<net id="3930"><net_src comp="706" pin="4"/><net_sink comp="3855" pin=18"/></net>

<net id="3931"><net_src comp="706" pin="4"/><net_sink comp="3855" pin=20"/></net>

<net id="3932"><net_src comp="706" pin="4"/><net_sink comp="3855" pin=22"/></net>

<net id="3933"><net_src comp="706" pin="4"/><net_sink comp="3855" pin=24"/></net>

<net id="3934"><net_src comp="706" pin="4"/><net_sink comp="3855" pin=26"/></net>

<net id="3935"><net_src comp="706" pin="4"/><net_sink comp="3855" pin=28"/></net>

<net id="3936"><net_src comp="706" pin="4"/><net_sink comp="3855" pin=30"/></net>

<net id="3937"><net_src comp="706" pin="4"/><net_sink comp="3855" pin=32"/></net>

<net id="3938"><net_src comp="706" pin="4"/><net_sink comp="3855" pin=34"/></net>

<net id="3939"><net_src comp="706" pin="4"/><net_sink comp="3855" pin=36"/></net>

<net id="3940"><net_src comp="706" pin="4"/><net_sink comp="3855" pin=38"/></net>

<net id="3941"><net_src comp="706" pin="4"/><net_sink comp="3855" pin=40"/></net>

<net id="3942"><net_src comp="706" pin="4"/><net_sink comp="3855" pin=42"/></net>

<net id="3943"><net_src comp="706" pin="4"/><net_sink comp="3855" pin=44"/></net>

<net id="3944"><net_src comp="706" pin="4"/><net_sink comp="3855" pin=46"/></net>

<net id="3945"><net_src comp="706" pin="4"/><net_sink comp="3855" pin=48"/></net>

<net id="3946"><net_src comp="706" pin="4"/><net_sink comp="3855" pin=50"/></net>

<net id="3947"><net_src comp="706" pin="4"/><net_sink comp="3855" pin=52"/></net>

<net id="3948"><net_src comp="706" pin="4"/><net_sink comp="3855" pin=56"/></net>

<net id="3949"><net_src comp="706" pin="4"/><net_sink comp="3855" pin=58"/></net>

<net id="3950"><net_src comp="706" pin="4"/><net_sink comp="3855" pin=60"/></net>

<net id="3951"><net_src comp="706" pin="4"/><net_sink comp="3855" pin=62"/></net>

<net id="3952"><net_src comp="3855" pin="64"/><net_sink comp="3850" pin=0"/></net>

<net id="3956"><net_src comp="3953" pin="1"/><net_sink comp="695" pin=2"/></net>

<net id="3957"><net_src comp="3953" pin="1"/><net_sink comp="420" pin=36"/></net>

<net id="4024"><net_src comp="695" pin="4"/><net_sink comp="3958" pin=0"/></net>

<net id="4025"><net_src comp="695" pin="4"/><net_sink comp="3958" pin=2"/></net>

<net id="4026"><net_src comp="695" pin="4"/><net_sink comp="3958" pin=4"/></net>

<net id="4027"><net_src comp="695" pin="4"/><net_sink comp="3958" pin=6"/></net>

<net id="4028"><net_src comp="695" pin="4"/><net_sink comp="3958" pin=8"/></net>

<net id="4029"><net_src comp="695" pin="4"/><net_sink comp="3958" pin=10"/></net>

<net id="4030"><net_src comp="695" pin="4"/><net_sink comp="3958" pin=12"/></net>

<net id="4031"><net_src comp="695" pin="4"/><net_sink comp="3958" pin=14"/></net>

<net id="4032"><net_src comp="695" pin="4"/><net_sink comp="3958" pin=16"/></net>

<net id="4033"><net_src comp="695" pin="4"/><net_sink comp="3958" pin=18"/></net>

<net id="4034"><net_src comp="695" pin="4"/><net_sink comp="3958" pin=20"/></net>

<net id="4035"><net_src comp="695" pin="4"/><net_sink comp="3958" pin=22"/></net>

<net id="4036"><net_src comp="695" pin="4"/><net_sink comp="3958" pin=24"/></net>

<net id="4037"><net_src comp="695" pin="4"/><net_sink comp="3958" pin=26"/></net>

<net id="4038"><net_src comp="695" pin="4"/><net_sink comp="3958" pin=28"/></net>

<net id="4039"><net_src comp="695" pin="4"/><net_sink comp="3958" pin=30"/></net>

<net id="4040"><net_src comp="695" pin="4"/><net_sink comp="3958" pin=32"/></net>

<net id="4041"><net_src comp="695" pin="4"/><net_sink comp="3958" pin=34"/></net>

<net id="4042"><net_src comp="695" pin="4"/><net_sink comp="3958" pin=36"/></net>

<net id="4043"><net_src comp="695" pin="4"/><net_sink comp="3958" pin=38"/></net>

<net id="4044"><net_src comp="695" pin="4"/><net_sink comp="3958" pin=40"/></net>

<net id="4045"><net_src comp="695" pin="4"/><net_sink comp="3958" pin=42"/></net>

<net id="4046"><net_src comp="695" pin="4"/><net_sink comp="3958" pin=44"/></net>

<net id="4047"><net_src comp="695" pin="4"/><net_sink comp="3958" pin=46"/></net>

<net id="4048"><net_src comp="695" pin="4"/><net_sink comp="3958" pin=48"/></net>

<net id="4049"><net_src comp="695" pin="4"/><net_sink comp="3958" pin=50"/></net>

<net id="4050"><net_src comp="695" pin="4"/><net_sink comp="3958" pin=52"/></net>

<net id="4051"><net_src comp="695" pin="4"/><net_sink comp="3958" pin=54"/></net>

<net id="4052"><net_src comp="695" pin="4"/><net_sink comp="3958" pin=58"/></net>

<net id="4053"><net_src comp="695" pin="4"/><net_sink comp="3958" pin=60"/></net>

<net id="4054"><net_src comp="695" pin="4"/><net_sink comp="3958" pin=62"/></net>

<net id="4055"><net_src comp="3958" pin="64"/><net_sink comp="3953" pin=0"/></net>

<net id="4059"><net_src comp="4056" pin="1"/><net_sink comp="684" pin=2"/></net>

<net id="4060"><net_src comp="4056" pin="1"/><net_sink comp="420" pin=35"/></net>

<net id="4127"><net_src comp="684" pin="4"/><net_sink comp="4061" pin=0"/></net>

<net id="4128"><net_src comp="684" pin="4"/><net_sink comp="4061" pin=2"/></net>

<net id="4129"><net_src comp="684" pin="4"/><net_sink comp="4061" pin=4"/></net>

<net id="4130"><net_src comp="684" pin="4"/><net_sink comp="4061" pin=6"/></net>

<net id="4131"><net_src comp="684" pin="4"/><net_sink comp="4061" pin=8"/></net>

<net id="4132"><net_src comp="684" pin="4"/><net_sink comp="4061" pin=10"/></net>

<net id="4133"><net_src comp="684" pin="4"/><net_sink comp="4061" pin=12"/></net>

<net id="4134"><net_src comp="684" pin="4"/><net_sink comp="4061" pin=14"/></net>

<net id="4135"><net_src comp="684" pin="4"/><net_sink comp="4061" pin=16"/></net>

<net id="4136"><net_src comp="684" pin="4"/><net_sink comp="4061" pin=18"/></net>

<net id="4137"><net_src comp="684" pin="4"/><net_sink comp="4061" pin=20"/></net>

<net id="4138"><net_src comp="684" pin="4"/><net_sink comp="4061" pin=22"/></net>

<net id="4139"><net_src comp="684" pin="4"/><net_sink comp="4061" pin=24"/></net>

<net id="4140"><net_src comp="684" pin="4"/><net_sink comp="4061" pin=26"/></net>

<net id="4141"><net_src comp="684" pin="4"/><net_sink comp="4061" pin=28"/></net>

<net id="4142"><net_src comp="684" pin="4"/><net_sink comp="4061" pin=30"/></net>

<net id="4143"><net_src comp="684" pin="4"/><net_sink comp="4061" pin=32"/></net>

<net id="4144"><net_src comp="684" pin="4"/><net_sink comp="4061" pin=34"/></net>

<net id="4145"><net_src comp="684" pin="4"/><net_sink comp="4061" pin=36"/></net>

<net id="4146"><net_src comp="684" pin="4"/><net_sink comp="4061" pin=38"/></net>

<net id="4147"><net_src comp="684" pin="4"/><net_sink comp="4061" pin=40"/></net>

<net id="4148"><net_src comp="684" pin="4"/><net_sink comp="4061" pin=42"/></net>

<net id="4149"><net_src comp="684" pin="4"/><net_sink comp="4061" pin=44"/></net>

<net id="4150"><net_src comp="684" pin="4"/><net_sink comp="4061" pin=46"/></net>

<net id="4151"><net_src comp="684" pin="4"/><net_sink comp="4061" pin=48"/></net>

<net id="4152"><net_src comp="684" pin="4"/><net_sink comp="4061" pin=50"/></net>

<net id="4153"><net_src comp="684" pin="4"/><net_sink comp="4061" pin=52"/></net>

<net id="4154"><net_src comp="684" pin="4"/><net_sink comp="4061" pin=54"/></net>

<net id="4155"><net_src comp="684" pin="4"/><net_sink comp="4061" pin=56"/></net>

<net id="4156"><net_src comp="684" pin="4"/><net_sink comp="4061" pin=60"/></net>

<net id="4157"><net_src comp="684" pin="4"/><net_sink comp="4061" pin=62"/></net>

<net id="4158"><net_src comp="4061" pin="64"/><net_sink comp="4056" pin=0"/></net>

<net id="4162"><net_src comp="4159" pin="1"/><net_sink comp="673" pin=2"/></net>

<net id="4163"><net_src comp="4159" pin="1"/><net_sink comp="420" pin=34"/></net>

<net id="4230"><net_src comp="673" pin="4"/><net_sink comp="4164" pin=0"/></net>

<net id="4231"><net_src comp="673" pin="4"/><net_sink comp="4164" pin=2"/></net>

<net id="4232"><net_src comp="673" pin="4"/><net_sink comp="4164" pin=4"/></net>

<net id="4233"><net_src comp="673" pin="4"/><net_sink comp="4164" pin=6"/></net>

<net id="4234"><net_src comp="673" pin="4"/><net_sink comp="4164" pin=8"/></net>

<net id="4235"><net_src comp="673" pin="4"/><net_sink comp="4164" pin=10"/></net>

<net id="4236"><net_src comp="673" pin="4"/><net_sink comp="4164" pin=12"/></net>

<net id="4237"><net_src comp="673" pin="4"/><net_sink comp="4164" pin=14"/></net>

<net id="4238"><net_src comp="673" pin="4"/><net_sink comp="4164" pin=16"/></net>

<net id="4239"><net_src comp="673" pin="4"/><net_sink comp="4164" pin=18"/></net>

<net id="4240"><net_src comp="673" pin="4"/><net_sink comp="4164" pin=20"/></net>

<net id="4241"><net_src comp="673" pin="4"/><net_sink comp="4164" pin=22"/></net>

<net id="4242"><net_src comp="673" pin="4"/><net_sink comp="4164" pin=24"/></net>

<net id="4243"><net_src comp="673" pin="4"/><net_sink comp="4164" pin=26"/></net>

<net id="4244"><net_src comp="673" pin="4"/><net_sink comp="4164" pin=28"/></net>

<net id="4245"><net_src comp="673" pin="4"/><net_sink comp="4164" pin=30"/></net>

<net id="4246"><net_src comp="673" pin="4"/><net_sink comp="4164" pin=32"/></net>

<net id="4247"><net_src comp="673" pin="4"/><net_sink comp="4164" pin=34"/></net>

<net id="4248"><net_src comp="673" pin="4"/><net_sink comp="4164" pin=36"/></net>

<net id="4249"><net_src comp="673" pin="4"/><net_sink comp="4164" pin=38"/></net>

<net id="4250"><net_src comp="673" pin="4"/><net_sink comp="4164" pin=40"/></net>

<net id="4251"><net_src comp="673" pin="4"/><net_sink comp="4164" pin=42"/></net>

<net id="4252"><net_src comp="673" pin="4"/><net_sink comp="4164" pin=44"/></net>

<net id="4253"><net_src comp="673" pin="4"/><net_sink comp="4164" pin=46"/></net>

<net id="4254"><net_src comp="673" pin="4"/><net_sink comp="4164" pin=48"/></net>

<net id="4255"><net_src comp="673" pin="4"/><net_sink comp="4164" pin=50"/></net>

<net id="4256"><net_src comp="673" pin="4"/><net_sink comp="4164" pin=52"/></net>

<net id="4257"><net_src comp="673" pin="4"/><net_sink comp="4164" pin=54"/></net>

<net id="4258"><net_src comp="673" pin="4"/><net_sink comp="4164" pin=56"/></net>

<net id="4259"><net_src comp="673" pin="4"/><net_sink comp="4164" pin=58"/></net>

<net id="4260"><net_src comp="673" pin="4"/><net_sink comp="4164" pin=62"/></net>

<net id="4261"><net_src comp="4164" pin="64"/><net_sink comp="4159" pin=0"/></net>

<net id="4265"><net_src comp="4262" pin="1"/><net_sink comp="662" pin=2"/></net>

<net id="4266"><net_src comp="4262" pin="1"/><net_sink comp="420" pin=33"/></net>

<net id="4333"><net_src comp="662" pin="4"/><net_sink comp="4267" pin=0"/></net>

<net id="4334"><net_src comp="662" pin="4"/><net_sink comp="4267" pin=2"/></net>

<net id="4335"><net_src comp="662" pin="4"/><net_sink comp="4267" pin=4"/></net>

<net id="4336"><net_src comp="662" pin="4"/><net_sink comp="4267" pin=6"/></net>

<net id="4337"><net_src comp="662" pin="4"/><net_sink comp="4267" pin=8"/></net>

<net id="4338"><net_src comp="662" pin="4"/><net_sink comp="4267" pin=10"/></net>

<net id="4339"><net_src comp="662" pin="4"/><net_sink comp="4267" pin=12"/></net>

<net id="4340"><net_src comp="662" pin="4"/><net_sink comp="4267" pin=14"/></net>

<net id="4341"><net_src comp="662" pin="4"/><net_sink comp="4267" pin=16"/></net>

<net id="4342"><net_src comp="662" pin="4"/><net_sink comp="4267" pin=18"/></net>

<net id="4343"><net_src comp="662" pin="4"/><net_sink comp="4267" pin=20"/></net>

<net id="4344"><net_src comp="662" pin="4"/><net_sink comp="4267" pin=22"/></net>

<net id="4345"><net_src comp="662" pin="4"/><net_sink comp="4267" pin=24"/></net>

<net id="4346"><net_src comp="662" pin="4"/><net_sink comp="4267" pin=26"/></net>

<net id="4347"><net_src comp="662" pin="4"/><net_sink comp="4267" pin=28"/></net>

<net id="4348"><net_src comp="662" pin="4"/><net_sink comp="4267" pin=30"/></net>

<net id="4349"><net_src comp="662" pin="4"/><net_sink comp="4267" pin=32"/></net>

<net id="4350"><net_src comp="662" pin="4"/><net_sink comp="4267" pin=34"/></net>

<net id="4351"><net_src comp="662" pin="4"/><net_sink comp="4267" pin=36"/></net>

<net id="4352"><net_src comp="662" pin="4"/><net_sink comp="4267" pin=38"/></net>

<net id="4353"><net_src comp="662" pin="4"/><net_sink comp="4267" pin=40"/></net>

<net id="4354"><net_src comp="662" pin="4"/><net_sink comp="4267" pin=42"/></net>

<net id="4355"><net_src comp="662" pin="4"/><net_sink comp="4267" pin=44"/></net>

<net id="4356"><net_src comp="662" pin="4"/><net_sink comp="4267" pin=46"/></net>

<net id="4357"><net_src comp="662" pin="4"/><net_sink comp="4267" pin=48"/></net>

<net id="4358"><net_src comp="662" pin="4"/><net_sink comp="4267" pin=50"/></net>

<net id="4359"><net_src comp="662" pin="4"/><net_sink comp="4267" pin=52"/></net>

<net id="4360"><net_src comp="662" pin="4"/><net_sink comp="4267" pin=54"/></net>

<net id="4361"><net_src comp="662" pin="4"/><net_sink comp="4267" pin=56"/></net>

<net id="4362"><net_src comp="662" pin="4"/><net_sink comp="4267" pin=58"/></net>

<net id="4363"><net_src comp="662" pin="4"/><net_sink comp="4267" pin=60"/></net>

<net id="4364"><net_src comp="4267" pin="64"/><net_sink comp="4262" pin=0"/></net>

<net id="4374"><net_src comp="154" pin="0"/><net_sink comp="4368" pin=2"/></net>

<net id="4378"><net_src comp="70" pin="0"/><net_sink comp="4375" pin=0"/></net>

<net id="4382"><net_src comp="72" pin="0"/><net_sink comp="4379" pin=0"/></net>

<net id="4386"><net_src comp="74" pin="0"/><net_sink comp="4383" pin=0"/></net>

<net id="4390"><net_src comp="76" pin="0"/><net_sink comp="4387" pin=0"/></net>

<net id="4394"><net_src comp="78" pin="0"/><net_sink comp="4391" pin=0"/></net>

<net id="4398"><net_src comp="80" pin="0"/><net_sink comp="4395" pin=0"/></net>

<net id="4402"><net_src comp="82" pin="0"/><net_sink comp="4399" pin=0"/></net>

<net id="4406"><net_src comp="84" pin="0"/><net_sink comp="4403" pin=0"/></net>

<net id="4410"><net_src comp="86" pin="0"/><net_sink comp="4407" pin=0"/></net>

<net id="4414"><net_src comp="88" pin="0"/><net_sink comp="4411" pin=0"/></net>

<net id="4418"><net_src comp="90" pin="0"/><net_sink comp="4415" pin=0"/></net>

<net id="4422"><net_src comp="92" pin="0"/><net_sink comp="4419" pin=0"/></net>

<net id="4426"><net_src comp="94" pin="0"/><net_sink comp="4423" pin=0"/></net>

<net id="4430"><net_src comp="96" pin="0"/><net_sink comp="4427" pin=0"/></net>

<net id="4434"><net_src comp="102" pin="0"/><net_sink comp="4431" pin=0"/></net>

<net id="4438"><net_src comp="104" pin="0"/><net_sink comp="4435" pin=0"/></net>

<net id="4442"><net_src comp="98" pin="0"/><net_sink comp="4439" pin=0"/></net>

<net id="4446"><net_src comp="100" pin="0"/><net_sink comp="4443" pin=0"/></net>

<net id="4450"><net_src comp="410" pin="4"/><net_sink comp="4447" pin=0"/></net>

<net id="4454"><net_src comp="410" pin="4"/><net_sink comp="4451" pin=0"/></net>

<net id="4458"><net_src comp="410" pin="4"/><net_sink comp="4455" pin=0"/></net>

<net id="4463"><net_src comp="550" pin="4"/><net_sink comp="4459" pin=0"/></net>

<net id="4464"><net_src comp="178" pin="0"/><net_sink comp="4459" pin=1"/></net>

<net id="4469"><net_src comp="562" pin="4"/><net_sink comp="4465" pin=0"/></net>

<net id="4470"><net_src comp="182" pin="0"/><net_sink comp="4465" pin=1"/></net>

<net id="4475"><net_src comp="562" pin="4"/><net_sink comp="4471" pin=0"/></net>

<net id="4476"><net_src comp="186" pin="0"/><net_sink comp="4471" pin=1"/></net>

<net id="4484"><net_src comp="190" pin="0"/><net_sink comp="4477" pin=0"/></net>

<net id="4485"><net_src comp="562" pin="4"/><net_sink comp="4477" pin=4"/></net>

<net id="4492"><net_src comp="192" pin="0"/><net_sink comp="4486" pin=0"/></net>

<net id="4493"><net_src comp="194" pin="0"/><net_sink comp="4486" pin=1"/></net>

<net id="4494"><net_src comp="4477" pin="5"/><net_sink comp="4486" pin=2"/></net>

<net id="4495"><net_src comp="196" pin="0"/><net_sink comp="4486" pin=3"/></net>

<net id="4502"><net_src comp="192" pin="0"/><net_sink comp="4496" pin=0"/></net>

<net id="4503"><net_src comp="198" pin="0"/><net_sink comp="4496" pin=1"/></net>

<net id="4504"><net_src comp="4477" pin="5"/><net_sink comp="4496" pin=2"/></net>

<net id="4505"><net_src comp="196" pin="0"/><net_sink comp="4496" pin=3"/></net>

<net id="4512"><net_src comp="192" pin="0"/><net_sink comp="4506" pin=0"/></net>

<net id="4513"><net_src comp="200" pin="0"/><net_sink comp="4506" pin=1"/></net>

<net id="4514"><net_src comp="4477" pin="5"/><net_sink comp="4506" pin=2"/></net>

<net id="4515"><net_src comp="196" pin="0"/><net_sink comp="4506" pin=3"/></net>

<net id="4520"><net_src comp="573" pin="6"/><net_sink comp="4516" pin=0"/></net>

<net id="4525"><net_src comp="573" pin="6"/><net_sink comp="4521" pin=0"/></net>

<net id="4530"><net_src comp="573" pin="6"/><net_sink comp="4526" pin=0"/></net>

<net id="4537"><net_src comp="192" pin="0"/><net_sink comp="4531" pin=0"/></net>

<net id="4538"><net_src comp="202" pin="0"/><net_sink comp="4531" pin=1"/></net>

<net id="4539"><net_src comp="573" pin="6"/><net_sink comp="4531" pin=2"/></net>

<net id="4540"><net_src comp="196" pin="0"/><net_sink comp="4531" pin=3"/></net>

<net id="4547"><net_src comp="192" pin="0"/><net_sink comp="4541" pin=0"/></net>

<net id="4548"><net_src comp="204" pin="0"/><net_sink comp="4541" pin=1"/></net>

<net id="4549"><net_src comp="573" pin="6"/><net_sink comp="4541" pin=2"/></net>

<net id="4550"><net_src comp="196" pin="0"/><net_sink comp="4541" pin=3"/></net>

<net id="4557"><net_src comp="192" pin="0"/><net_sink comp="4551" pin=0"/></net>

<net id="4558"><net_src comp="206" pin="0"/><net_sink comp="4551" pin=1"/></net>

<net id="4559"><net_src comp="573" pin="6"/><net_sink comp="4551" pin=2"/></net>

<net id="4560"><net_src comp="196" pin="0"/><net_sink comp="4551" pin=3"/></net>

<net id="4565"><net_src comp="584" pin="6"/><net_sink comp="4561" pin=0"/></net>

<net id="4570"><net_src comp="584" pin="6"/><net_sink comp="4566" pin=0"/></net>

<net id="4575"><net_src comp="584" pin="6"/><net_sink comp="4571" pin=0"/></net>

<net id="4580"><net_src comp="596" pin="4"/><net_sink comp="4576" pin=0"/></net>

<net id="4581"><net_src comp="208" pin="0"/><net_sink comp="4576" pin=1"/></net>

<net id="4586"><net_src comp="596" pin="4"/><net_sink comp="4582" pin=0"/></net>

<net id="4587"><net_src comp="186" pin="0"/><net_sink comp="4582" pin=1"/></net>

<net id="4591"><net_src comp="596" pin="4"/><net_sink comp="4588" pin=0"/></net>

<net id="4595"><net_src comp="596" pin="4"/><net_sink comp="4592" pin=0"/></net>

<net id="4599"><net_src comp="596" pin="4"/><net_sink comp="4596" pin=0"/></net>

<net id="4605"><net_src comp="218" pin="0"/><net_sink comp="4600" pin=0"/></net>

<net id="4606"><net_src comp="4596" pin="1"/><net_sink comp="4600" pin=1"/></net>

<net id="4607"><net_src comp="180" pin="0"/><net_sink comp="4600" pin=2"/></net>

<net id="4611"><net_src comp="4600" pin="3"/><net_sink comp="4608" pin=0"/></net>

<net id="4616"><net_src comp="4608" pin="1"/><net_sink comp="4612" pin=0"/></net>

<net id="4617"><net_src comp="4588" pin="1"/><net_sink comp="4612" pin=1"/></net>

<net id="4622"><net_src comp="4600" pin="3"/><net_sink comp="4618" pin=0"/></net>

<net id="4623"><net_src comp="4592" pin="1"/><net_sink comp="4618" pin=1"/></net>

<net id="4629"><net_src comp="4618" pin="2"/><net_sink comp="4624" pin=0"/></net>

<net id="4630"><net_src comp="4403" pin="1"/><net_sink comp="4624" pin=1"/></net>

<net id="4631"><net_src comp="4407" pin="1"/><net_sink comp="4624" pin=2"/></net>

<net id="4636"><net_src comp="4624" pin="3"/><net_sink comp="4632" pin=0"/></net>

<net id="4637"><net_src comp="86" pin="0"/><net_sink comp="4632" pin=1"/></net>

<net id="4642"><net_src comp="4624" pin="3"/><net_sink comp="4638" pin=0"/></net>

<net id="4643"><net_src comp="84" pin="0"/><net_sink comp="4638" pin=1"/></net>

<net id="4648"><net_src comp="4624" pin="3"/><net_sink comp="4644" pin=0"/></net>

<net id="4649"><net_src comp="116" pin="0"/><net_sink comp="4644" pin=1"/></net>

<net id="4654"><net_src comp="4624" pin="3"/><net_sink comp="4650" pin=0"/></net>

<net id="4655"><net_src comp="100" pin="0"/><net_sink comp="4650" pin=1"/></net>

<net id="4661"><net_src comp="4618" pin="2"/><net_sink comp="4656" pin=0"/></net>

<net id="4662"><net_src comp="4411" pin="1"/><net_sink comp="4656" pin=1"/></net>

<net id="4667"><net_src comp="4656" pin="3"/><net_sink comp="4663" pin=0"/></net>

<net id="4668"><net_src comp="88" pin="0"/><net_sink comp="4663" pin=1"/></net>

<net id="4673"><net_src comp="4656" pin="3"/><net_sink comp="4669" pin=0"/></net>

<net id="4674"><net_src comp="118" pin="0"/><net_sink comp="4669" pin=1"/></net>

<net id="4680"><net_src comp="4618" pin="2"/><net_sink comp="4675" pin=0"/></net>

<net id="4681"><net_src comp="4415" pin="1"/><net_sink comp="4675" pin=1"/></net>

<net id="4686"><net_src comp="4675" pin="3"/><net_sink comp="4682" pin=0"/></net>

<net id="4687"><net_src comp="90" pin="0"/><net_sink comp="4682" pin=1"/></net>

<net id="4692"><net_src comp="4675" pin="3"/><net_sink comp="4688" pin=0"/></net>

<net id="4693"><net_src comp="120" pin="0"/><net_sink comp="4688" pin=1"/></net>

<net id="4699"><net_src comp="4618" pin="2"/><net_sink comp="4694" pin=0"/></net>

<net id="4700"><net_src comp="4419" pin="1"/><net_sink comp="4694" pin=1"/></net>

<net id="4705"><net_src comp="4694" pin="3"/><net_sink comp="4701" pin=0"/></net>

<net id="4706"><net_src comp="92" pin="0"/><net_sink comp="4701" pin=1"/></net>

<net id="4711"><net_src comp="4694" pin="3"/><net_sink comp="4707" pin=0"/></net>

<net id="4712"><net_src comp="122" pin="0"/><net_sink comp="4707" pin=1"/></net>

<net id="4718"><net_src comp="4618" pin="2"/><net_sink comp="4713" pin=0"/></net>

<net id="4719"><net_src comp="4423" pin="1"/><net_sink comp="4713" pin=1"/></net>

<net id="4724"><net_src comp="4713" pin="3"/><net_sink comp="4720" pin=0"/></net>

<net id="4725"><net_src comp="94" pin="0"/><net_sink comp="4720" pin=1"/></net>

<net id="4730"><net_src comp="4713" pin="3"/><net_sink comp="4726" pin=0"/></net>

<net id="4731"><net_src comp="124" pin="0"/><net_sink comp="4726" pin=1"/></net>

<net id="4737"><net_src comp="4618" pin="2"/><net_sink comp="4732" pin=0"/></net>

<net id="4738"><net_src comp="4427" pin="1"/><net_sink comp="4732" pin=1"/></net>

<net id="4743"><net_src comp="4732" pin="3"/><net_sink comp="4739" pin=0"/></net>

<net id="4744"><net_src comp="96" pin="0"/><net_sink comp="4739" pin=1"/></net>

<net id="4749"><net_src comp="4732" pin="3"/><net_sink comp="4745" pin=0"/></net>

<net id="4750"><net_src comp="126" pin="0"/><net_sink comp="4745" pin=1"/></net>

<net id="4756"><net_src comp="4618" pin="2"/><net_sink comp="4751" pin=0"/></net>

<net id="4757"><net_src comp="4431" pin="1"/><net_sink comp="4751" pin=1"/></net>

<net id="4762"><net_src comp="4751" pin="3"/><net_sink comp="4758" pin=0"/></net>

<net id="4763"><net_src comp="102" pin="0"/><net_sink comp="4758" pin=1"/></net>

<net id="4768"><net_src comp="4751" pin="3"/><net_sink comp="4764" pin=0"/></net>

<net id="4769"><net_src comp="130" pin="0"/><net_sink comp="4764" pin=1"/></net>

<net id="4775"><net_src comp="4618" pin="2"/><net_sink comp="4770" pin=0"/></net>

<net id="4776"><net_src comp="4435" pin="1"/><net_sink comp="4770" pin=1"/></net>

<net id="4781"><net_src comp="4770" pin="3"/><net_sink comp="4777" pin=0"/></net>

<net id="4782"><net_src comp="104" pin="0"/><net_sink comp="4777" pin=1"/></net>

<net id="4787"><net_src comp="4770" pin="3"/><net_sink comp="4783" pin=0"/></net>

<net id="4788"><net_src comp="132" pin="0"/><net_sink comp="4783" pin=1"/></net>

<net id="4794"><net_src comp="4439" pin="1"/><net_sink comp="4789" pin=1"/></net>

<net id="4795"><net_src comp="4443" pin="1"/><net_sink comp="4789" pin=2"/></net>

<net id="4800"><net_src comp="4789" pin="3"/><net_sink comp="4796" pin=0"/></net>

<net id="4801"><net_src comp="98" pin="0"/><net_sink comp="4796" pin=1"/></net>

<net id="4806"><net_src comp="4789" pin="3"/><net_sink comp="4802" pin=0"/></net>

<net id="4807"><net_src comp="128" pin="0"/><net_sink comp="4802" pin=1"/></net>

<net id="4812"><net_src comp="607" pin="4"/><net_sink comp="4808" pin=0"/></net>

<net id="4813"><net_src comp="182" pin="0"/><net_sink comp="4808" pin=1"/></net>

<net id="4818"><net_src comp="607" pin="4"/><net_sink comp="4814" pin=0"/></net>

<net id="4819"><net_src comp="186" pin="0"/><net_sink comp="4814" pin=1"/></net>

<net id="4836"><net_src comp="190" pin="0"/><net_sink comp="4829" pin=0"/></net>

<net id="4837"><net_src comp="4826" pin="1"/><net_sink comp="4829" pin=1"/></net>

<net id="4838"><net_src comp="4823" pin="1"/><net_sink comp="4829" pin=2"/></net>

<net id="4839"><net_src comp="4820" pin="1"/><net_sink comp="4829" pin=3"/></net>

<net id="4840"><net_src comp="607" pin="4"/><net_sink comp="4829" pin=4"/></net>

<net id="4845"><net_src comp="4829" pin="5"/><net_sink comp="4841" pin=0"/></net>

<net id="4846"><net_src comp="70" pin="0"/><net_sink comp="4841" pin=1"/></net>

<net id="4851"><net_src comp="4829" pin="5"/><net_sink comp="4847" pin=0"/></net>

<net id="4852"><net_src comp="86" pin="0"/><net_sink comp="4847" pin=1"/></net>

<net id="4857"><net_src comp="4829" pin="5"/><net_sink comp="4853" pin=0"/></net>

<net id="4858"><net_src comp="72" pin="0"/><net_sink comp="4853" pin=1"/></net>

<net id="4863"><net_src comp="618" pin="4"/><net_sink comp="4859" pin=0"/></net>

<net id="4864"><net_src comp="182" pin="0"/><net_sink comp="4859" pin=1"/></net>

<net id="4869"><net_src comp="618" pin="4"/><net_sink comp="4865" pin=0"/></net>

<net id="4870"><net_src comp="186" pin="0"/><net_sink comp="4865" pin=1"/></net>

<net id="4887"><net_src comp="190" pin="0"/><net_sink comp="4880" pin=0"/></net>

<net id="4888"><net_src comp="4877" pin="1"/><net_sink comp="4880" pin=1"/></net>

<net id="4889"><net_src comp="4874" pin="1"/><net_sink comp="4880" pin=2"/></net>

<net id="4890"><net_src comp="4871" pin="1"/><net_sink comp="4880" pin=3"/></net>

<net id="4891"><net_src comp="618" pin="4"/><net_sink comp="4880" pin=4"/></net>

<net id="4896"><net_src comp="4880" pin="5"/><net_sink comp="4892" pin=0"/></net>

<net id="4897"><net_src comp="74" pin="0"/><net_sink comp="4892" pin=1"/></net>

<net id="4902"><net_src comp="4880" pin="5"/><net_sink comp="4898" pin=0"/></net>

<net id="4903"><net_src comp="82" pin="0"/><net_sink comp="4898" pin=1"/></net>

<net id="4908"><net_src comp="4880" pin="5"/><net_sink comp="4904" pin=0"/></net>

<net id="4909"><net_src comp="76" pin="0"/><net_sink comp="4904" pin=1"/></net>

<net id="4914"><net_src comp="629" pin="4"/><net_sink comp="4910" pin=0"/></net>

<net id="4915"><net_src comp="182" pin="0"/><net_sink comp="4910" pin=1"/></net>

<net id="4920"><net_src comp="629" pin="4"/><net_sink comp="4916" pin=0"/></net>

<net id="4921"><net_src comp="186" pin="0"/><net_sink comp="4916" pin=1"/></net>

<net id="4929"><net_src comp="190" pin="0"/><net_sink comp="4922" pin=0"/></net>

<net id="4930"><net_src comp="629" pin="4"/><net_sink comp="4922" pin=4"/></net>

<net id="4935"><net_src comp="4922" pin="5"/><net_sink comp="4931" pin=0"/></net>

<net id="4936"><net_src comp="78" pin="0"/><net_sink comp="4931" pin=1"/></net>

<net id="4941"><net_src comp="4922" pin="5"/><net_sink comp="4937" pin=0"/></net>

<net id="4942"><net_src comp="100" pin="0"/><net_sink comp="4937" pin=1"/></net>

<net id="4947"><net_src comp="4922" pin="5"/><net_sink comp="4943" pin=0"/></net>

<net id="4948"><net_src comp="80" pin="0"/><net_sink comp="4943" pin=1"/></net>

<net id="4952"><net_src comp="106" pin="0"/><net_sink comp="4949" pin=0"/></net>

<net id="4957"><net_src comp="4949" pin="1"/><net_sink comp="4953" pin=0"/></net>

<net id="4958"><net_src comp="158" pin="0"/><net_sink comp="4953" pin=1"/></net>

<net id="4962"><net_src comp="108" pin="0"/><net_sink comp="4959" pin=0"/></net>

<net id="4967"><net_src comp="4959" pin="1"/><net_sink comp="4963" pin=0"/></net>

<net id="4968"><net_src comp="158" pin="0"/><net_sink comp="4963" pin=1"/></net>

<net id="4972"><net_src comp="110" pin="0"/><net_sink comp="4969" pin=0"/></net>

<net id="4979"><net_src comp="232" pin="0"/><net_sink comp="4973" pin=0"/></net>

<net id="4980"><net_src comp="4969" pin="1"/><net_sink comp="4973" pin=1"/></net>

<net id="4981"><net_src comp="148" pin="0"/><net_sink comp="4973" pin=2"/></net>

<net id="4982"><net_src comp="234" pin="0"/><net_sink comp="4973" pin=3"/></net>

<net id="4987"><net_src comp="4973" pin="4"/><net_sink comp="4983" pin=0"/></net>

<net id="4988"><net_src comp="236" pin="0"/><net_sink comp="4983" pin=1"/></net>

<net id="4992"><net_src comp="112" pin="0"/><net_sink comp="4989" pin=0"/></net>

<net id="4999"><net_src comp="232" pin="0"/><net_sink comp="4993" pin=0"/></net>

<net id="5000"><net_src comp="4989" pin="1"/><net_sink comp="4993" pin=1"/></net>

<net id="5001"><net_src comp="148" pin="0"/><net_sink comp="4993" pin=2"/></net>

<net id="5002"><net_src comp="234" pin="0"/><net_sink comp="4993" pin=3"/></net>

<net id="5007"><net_src comp="4993" pin="4"/><net_sink comp="5003" pin=0"/></net>

<net id="5008"><net_src comp="236" pin="0"/><net_sink comp="5003" pin=1"/></net>

<net id="5013"><net_src comp="4953" pin="2"/><net_sink comp="5009" pin=0"/></net>

<net id="5014"><net_src comp="4963" pin="2"/><net_sink comp="5009" pin=1"/></net>

<net id="5019"><net_src comp="4983" pin="2"/><net_sink comp="5015" pin=0"/></net>

<net id="5020"><net_src comp="5003" pin="2"/><net_sink comp="5015" pin=1"/></net>

<net id="5025"><net_src comp="5015" pin="2"/><net_sink comp="5021" pin=0"/></net>

<net id="5026"><net_src comp="5009" pin="2"/><net_sink comp="5021" pin=1"/></net>

<net id="5030"><net_src comp="640" pin="4"/><net_sink comp="5027" pin=0"/></net>

<net id="5031"><net_src comp="5027" pin="1"/><net_sink comp="520" pin=2"/></net>

<net id="5032"><net_src comp="5027" pin="1"/><net_sink comp="533" pin=2"/></net>

<net id="5037"><net_src comp="178" pin="0"/><net_sink comp="5033" pin=0"/></net>

<net id="5038"><net_src comp="640" pin="4"/><net_sink comp="5033" pin=1"/></net>

<net id="5043"><net_src comp="640" pin="4"/><net_sink comp="5039" pin=0"/></net>

<net id="5044"><net_src comp="242" pin="0"/><net_sink comp="5039" pin=1"/></net>

<net id="5048"><net_src comp="651" pin="4"/><net_sink comp="5045" pin=0"/></net>

<net id="5052"><net_src comp="132" pin="0"/><net_sink comp="5049" pin=0"/></net>

<net id="5056"><net_src comp="130" pin="0"/><net_sink comp="5053" pin=0"/></net>

<net id="5060"><net_src comp="128" pin="0"/><net_sink comp="5057" pin=0"/></net>

<net id="5064"><net_src comp="126" pin="0"/><net_sink comp="5061" pin=0"/></net>

<net id="5068"><net_src comp="124" pin="0"/><net_sink comp="5065" pin=0"/></net>

<net id="5072"><net_src comp="122" pin="0"/><net_sink comp="5069" pin=0"/></net>

<net id="5076"><net_src comp="120" pin="0"/><net_sink comp="5073" pin=0"/></net>

<net id="5080"><net_src comp="118" pin="0"/><net_sink comp="5077" pin=0"/></net>

<net id="5084"><net_src comp="116" pin="0"/><net_sink comp="5081" pin=0"/></net>

<net id="5089"><net_src comp="651" pin="4"/><net_sink comp="5085" pin=0"/></net>

<net id="5090"><net_src comp="148" pin="0"/><net_sink comp="5085" pin=1"/></net>

<net id="5095"><net_src comp="5085" pin="2"/><net_sink comp="5091" pin=0"/></net>

<net id="5096"><net_src comp="296" pin="0"/><net_sink comp="5091" pin=1"/></net>

<net id="5102"><net_src comp="5091" pin="2"/><net_sink comp="5097" pin=0"/></net>

<net id="5103"><net_src comp="154" pin="0"/><net_sink comp="5097" pin=1"/></net>

<net id="5104"><net_src comp="5085" pin="2"/><net_sink comp="5097" pin=2"/></net>

<net id="5108"><net_src comp="1013" pin="54"/><net_sink comp="5105" pin=0"/></net>

<net id="5116"><net_src comp="5105" pin="1"/><net_sink comp="5112" pin=0"/></net>

<net id="5117"><net_src comp="5109" pin="1"/><net_sink comp="5112" pin=1"/></net>

<net id="5124"><net_src comp="360" pin="0"/><net_sink comp="5118" pin=0"/></net>

<net id="5125"><net_src comp="5112" pin="2"/><net_sink comp="5118" pin=1"/></net>

<net id="5126"><net_src comp="362" pin="0"/><net_sink comp="5118" pin=2"/></net>

<net id="5127"><net_src comp="364" pin="0"/><net_sink comp="5118" pin=3"/></net>

<net id="5131"><net_src comp="5118" pin="4"/><net_sink comp="5128" pin=0"/></net>

<net id="5168"><net_src comp="366" pin="0"/><net_sink comp="5132" pin=0"/></net>

<net id="5169"><net_src comp="662" pin="4"/><net_sink comp="5132" pin=1"/></net>

<net id="5170"><net_src comp="673" pin="4"/><net_sink comp="5132" pin=2"/></net>

<net id="5171"><net_src comp="684" pin="4"/><net_sink comp="5132" pin=3"/></net>

<net id="5172"><net_src comp="695" pin="4"/><net_sink comp="5132" pin=4"/></net>

<net id="5173"><net_src comp="706" pin="4"/><net_sink comp="5132" pin=5"/></net>

<net id="5174"><net_src comp="717" pin="4"/><net_sink comp="5132" pin=6"/></net>

<net id="5175"><net_src comp="728" pin="4"/><net_sink comp="5132" pin=7"/></net>

<net id="5176"><net_src comp="739" pin="4"/><net_sink comp="5132" pin=8"/></net>

<net id="5177"><net_src comp="750" pin="4"/><net_sink comp="5132" pin=9"/></net>

<net id="5178"><net_src comp="761" pin="4"/><net_sink comp="5132" pin=10"/></net>

<net id="5179"><net_src comp="772" pin="4"/><net_sink comp="5132" pin=11"/></net>

<net id="5180"><net_src comp="783" pin="4"/><net_sink comp="5132" pin=12"/></net>

<net id="5181"><net_src comp="794" pin="4"/><net_sink comp="5132" pin=13"/></net>

<net id="5182"><net_src comp="805" pin="4"/><net_sink comp="5132" pin=14"/></net>

<net id="5183"><net_src comp="816" pin="4"/><net_sink comp="5132" pin=15"/></net>

<net id="5184"><net_src comp="827" pin="4"/><net_sink comp="5132" pin=16"/></net>

<net id="5185"><net_src comp="838" pin="4"/><net_sink comp="5132" pin=17"/></net>

<net id="5186"><net_src comp="849" pin="4"/><net_sink comp="5132" pin=18"/></net>

<net id="5187"><net_src comp="860" pin="4"/><net_sink comp="5132" pin=19"/></net>

<net id="5188"><net_src comp="871" pin="4"/><net_sink comp="5132" pin=20"/></net>

<net id="5189"><net_src comp="882" pin="4"/><net_sink comp="5132" pin=21"/></net>

<net id="5190"><net_src comp="893" pin="4"/><net_sink comp="5132" pin=22"/></net>

<net id="5191"><net_src comp="904" pin="4"/><net_sink comp="5132" pin=23"/></net>

<net id="5192"><net_src comp="915" pin="4"/><net_sink comp="5132" pin=24"/></net>

<net id="5193"><net_src comp="926" pin="4"/><net_sink comp="5132" pin=25"/></net>

<net id="5194"><net_src comp="937" pin="4"/><net_sink comp="5132" pin=26"/></net>

<net id="5195"><net_src comp="948" pin="4"/><net_sink comp="5132" pin=27"/></net>

<net id="5196"><net_src comp="959" pin="4"/><net_sink comp="5132" pin=28"/></net>

<net id="5197"><net_src comp="970" pin="4"/><net_sink comp="5132" pin=29"/></net>

<net id="5198"><net_src comp="981" pin="4"/><net_sink comp="5132" pin=30"/></net>

<net id="5199"><net_src comp="992" pin="4"/><net_sink comp="5132" pin=31"/></net>

<net id="5200"><net_src comp="1003" pin="4"/><net_sink comp="5132" pin=32"/></net>

<net id="5205"><net_src comp="5132" pin="34"/><net_sink comp="5201" pin=0"/></net>

<net id="5206"><net_src comp="5128" pin="1"/><net_sink comp="5201" pin=1"/></net>

<net id="5207"><net_src comp="5201" pin="2"/><net_sink comp="1074" pin=0"/></net>

<net id="5208"><net_src comp="5201" pin="2"/><net_sink comp="1177" pin=2"/></net>

<net id="5209"><net_src comp="5201" pin="2"/><net_sink comp="1280" pin=4"/></net>

<net id="5210"><net_src comp="5201" pin="2"/><net_sink comp="1383" pin=6"/></net>

<net id="5211"><net_src comp="5201" pin="2"/><net_sink comp="1486" pin=8"/></net>

<net id="5212"><net_src comp="5201" pin="2"/><net_sink comp="1589" pin=10"/></net>

<net id="5213"><net_src comp="5201" pin="2"/><net_sink comp="1692" pin=12"/></net>

<net id="5214"><net_src comp="5201" pin="2"/><net_sink comp="1795" pin=14"/></net>

<net id="5215"><net_src comp="5201" pin="2"/><net_sink comp="1898" pin=16"/></net>

<net id="5216"><net_src comp="5201" pin="2"/><net_sink comp="2001" pin=18"/></net>

<net id="5217"><net_src comp="5201" pin="2"/><net_sink comp="2104" pin=20"/></net>

<net id="5218"><net_src comp="5201" pin="2"/><net_sink comp="2207" pin=22"/></net>

<net id="5219"><net_src comp="5201" pin="2"/><net_sink comp="2310" pin=24"/></net>

<net id="5220"><net_src comp="5201" pin="2"/><net_sink comp="2413" pin=26"/></net>

<net id="5221"><net_src comp="5201" pin="2"/><net_sink comp="2516" pin=28"/></net>

<net id="5222"><net_src comp="5201" pin="2"/><net_sink comp="2619" pin=30"/></net>

<net id="5223"><net_src comp="5201" pin="2"/><net_sink comp="2722" pin=32"/></net>

<net id="5224"><net_src comp="5201" pin="2"/><net_sink comp="2825" pin=34"/></net>

<net id="5225"><net_src comp="5201" pin="2"/><net_sink comp="2928" pin=36"/></net>

<net id="5226"><net_src comp="5201" pin="2"/><net_sink comp="3031" pin=38"/></net>

<net id="5227"><net_src comp="5201" pin="2"/><net_sink comp="3134" pin=40"/></net>

<net id="5228"><net_src comp="5201" pin="2"/><net_sink comp="3237" pin=42"/></net>

<net id="5229"><net_src comp="5201" pin="2"/><net_sink comp="3340" pin=44"/></net>

<net id="5230"><net_src comp="5201" pin="2"/><net_sink comp="3443" pin=46"/></net>

<net id="5231"><net_src comp="5201" pin="2"/><net_sink comp="3546" pin=48"/></net>

<net id="5232"><net_src comp="5201" pin="2"/><net_sink comp="3649" pin=50"/></net>

<net id="5233"><net_src comp="5201" pin="2"/><net_sink comp="3752" pin=52"/></net>

<net id="5234"><net_src comp="5201" pin="2"/><net_sink comp="3855" pin=54"/></net>

<net id="5235"><net_src comp="5201" pin="2"/><net_sink comp="3958" pin=56"/></net>

<net id="5236"><net_src comp="5201" pin="2"/><net_sink comp="4061" pin=58"/></net>

<net id="5237"><net_src comp="5201" pin="2"/><net_sink comp="4164" pin=60"/></net>

<net id="5238"><net_src comp="5201" pin="2"/><net_sink comp="4267" pin=62"/></net>

<net id="5243"><net_src comp="234" pin="0"/><net_sink comp="5239" pin=1"/></net>

<net id="5248"><net_src comp="148" pin="0"/><net_sink comp="5244" pin=1"/></net>

<net id="5253"><net_src comp="5244" pin="2"/><net_sink comp="5249" pin=0"/></net>

<net id="5254"><net_src comp="112" pin="0"/><net_sink comp="5249" pin=1"/></net>

<net id="5259"><net_src comp="148" pin="0"/><net_sink comp="5255" pin=1"/></net>

<net id="5265"><net_src comp="382" pin="0"/><net_sink comp="5260" pin=1"/></net>

<net id="5266"><net_src comp="5255" pin="2"/><net_sink comp="5260" pin=2"/></net>

<net id="5271"><net_src comp="5260" pin="3"/><net_sink comp="5267" pin=0"/></net>

<net id="5272"><net_src comp="106" pin="0"/><net_sink comp="5267" pin=1"/></net>

<net id="5277"><net_src comp="154" pin="0"/><net_sink comp="5273" pin=0"/></net>

<net id="5278"><net_src comp="112" pin="0"/><net_sink comp="5273" pin=1"/></net>

<net id="5283"><net_src comp="154" pin="0"/><net_sink comp="5279" pin=0"/></net>

<net id="5284"><net_src comp="106" pin="0"/><net_sink comp="5279" pin=1"/></net>

<net id="5289"><net_src comp="234" pin="0"/><net_sink comp="5285" pin=1"/></net>

<net id="5294"><net_src comp="148" pin="0"/><net_sink comp="5290" pin=1"/></net>

<net id="5299"><net_src comp="5290" pin="2"/><net_sink comp="5295" pin=0"/></net>

<net id="5300"><net_src comp="110" pin="0"/><net_sink comp="5295" pin=1"/></net>

<net id="5305"><net_src comp="148" pin="0"/><net_sink comp="5301" pin=1"/></net>

<net id="5311"><net_src comp="382" pin="0"/><net_sink comp="5306" pin=1"/></net>

<net id="5312"><net_src comp="5301" pin="2"/><net_sink comp="5306" pin=2"/></net>

<net id="5313"><net_src comp="5306" pin="3"/><net_sink comp="4368" pin=0"/></net>

<net id="5318"><net_src comp="154" pin="0"/><net_sink comp="5314" pin=0"/></net>

<net id="5319"><net_src comp="110" pin="0"/><net_sink comp="5314" pin=1"/></net>

<net id="5324"><net_src comp="4368" pin="4"/><net_sink comp="5320" pin=0"/></net>

<net id="5325"><net_src comp="108" pin="0"/><net_sink comp="5320" pin=1"/></net>

<net id="5330"><net_src comp="546" pin="1"/><net_sink comp="5326" pin=0"/></net>

<net id="5331"><net_src comp="384" pin="0"/><net_sink comp="5326" pin=1"/></net>

<net id="5335"><net_src comp="386" pin="1"/><net_sink comp="5332" pin=0"/></net>

<net id="5336"><net_src comp="5332" pin="1"/><net_sink comp="4526" pin=1"/></net>

<net id="5337"><net_src comp="5332" pin="1"/><net_sink comp="4871" pin=0"/></net>

<net id="5341"><net_src comp="390" pin="1"/><net_sink comp="5338" pin=0"/></net>

<net id="5342"><net_src comp="5338" pin="1"/><net_sink comp="4516" pin=1"/></net>

<net id="5343"><net_src comp="5338" pin="1"/><net_sink comp="4874" pin=0"/></net>

<net id="5347"><net_src comp="394" pin="1"/><net_sink comp="5344" pin=0"/></net>

<net id="5348"><net_src comp="5344" pin="1"/><net_sink comp="4521" pin=1"/></net>

<net id="5349"><net_src comp="5344" pin="1"/><net_sink comp="4877" pin=0"/></net>

<net id="5353"><net_src comp="398" pin="1"/><net_sink comp="5350" pin=0"/></net>

<net id="5354"><net_src comp="5350" pin="1"/><net_sink comp="4571" pin=1"/></net>

<net id="5355"><net_src comp="5350" pin="1"/><net_sink comp="4820" pin=0"/></net>

<net id="5359"><net_src comp="402" pin="1"/><net_sink comp="5356" pin=0"/></net>

<net id="5360"><net_src comp="5356" pin="1"/><net_sink comp="4561" pin=1"/></net>

<net id="5361"><net_src comp="5356" pin="1"/><net_sink comp="4823" pin=0"/></net>

<net id="5365"><net_src comp="406" pin="1"/><net_sink comp="5362" pin=0"/></net>

<net id="5366"><net_src comp="5362" pin="1"/><net_sink comp="4566" pin=1"/></net>

<net id="5367"><net_src comp="5362" pin="1"/><net_sink comp="4826" pin=0"/></net>

<net id="5371"><net_src comp="4447" pin="1"/><net_sink comp="5368" pin=0"/></net>

<net id="5372"><net_src comp="5368" pin="1"/><net_sink comp="4477" pin=1"/></net>

<net id="5373"><net_src comp="5368" pin="1"/><net_sink comp="4922" pin=1"/></net>

<net id="5377"><net_src comp="4451" pin="1"/><net_sink comp="5374" pin=0"/></net>

<net id="5378"><net_src comp="5374" pin="1"/><net_sink comp="4477" pin=2"/></net>

<net id="5379"><net_src comp="5374" pin="1"/><net_sink comp="4922" pin=2"/></net>

<net id="5383"><net_src comp="4455" pin="1"/><net_sink comp="5380" pin=0"/></net>

<net id="5384"><net_src comp="5380" pin="1"/><net_sink comp="4477" pin=3"/></net>

<net id="5385"><net_src comp="5380" pin="1"/><net_sink comp="4922" pin=3"/></net>

<net id="5389"><net_src comp="4459" pin="2"/><net_sink comp="5386" pin=0"/></net>

<net id="5390"><net_src comp="5386" pin="1"/><net_sink comp="550" pin=2"/></net>

<net id="5394"><net_src comp="4465" pin="2"/><net_sink comp="5391" pin=0"/></net>

<net id="5398"><net_src comp="4471" pin="2"/><net_sink comp="5395" pin=0"/></net>

<net id="5399"><net_src comp="5395" pin="1"/><net_sink comp="562" pin=2"/></net>

<net id="5403"><net_src comp="4486" pin="4"/><net_sink comp="5400" pin=0"/></net>

<net id="5404"><net_src comp="5400" pin="1"/><net_sink comp="573" pin=2"/></net>

<net id="5408"><net_src comp="4496" pin="4"/><net_sink comp="5405" pin=0"/></net>

<net id="5409"><net_src comp="5405" pin="1"/><net_sink comp="573" pin=4"/></net>

<net id="5413"><net_src comp="4506" pin="4"/><net_sink comp="5410" pin=0"/></net>

<net id="5414"><net_src comp="5410" pin="1"/><net_sink comp="573" pin=0"/></net>

<net id="5418"><net_src comp="4375" pin="1"/><net_sink comp="5415" pin=0"/></net>

<net id="5419"><net_src comp="5415" pin="1"/><net_sink comp="4656" pin=2"/></net>

<net id="5423"><net_src comp="4379" pin="1"/><net_sink comp="5420" pin=0"/></net>

<net id="5424"><net_src comp="5420" pin="1"/><net_sink comp="4675" pin=2"/></net>

<net id="5428"><net_src comp="4383" pin="1"/><net_sink comp="5425" pin=0"/></net>

<net id="5429"><net_src comp="5425" pin="1"/><net_sink comp="4713" pin=2"/></net>

<net id="5433"><net_src comp="4387" pin="1"/><net_sink comp="5430" pin=0"/></net>

<net id="5434"><net_src comp="5430" pin="1"/><net_sink comp="4732" pin=2"/></net>

<net id="5438"><net_src comp="4391" pin="1"/><net_sink comp="5435" pin=0"/></net>

<net id="5439"><net_src comp="5435" pin="1"/><net_sink comp="4751" pin=2"/></net>

<net id="5443"><net_src comp="4395" pin="1"/><net_sink comp="5440" pin=0"/></net>

<net id="5444"><net_src comp="5440" pin="1"/><net_sink comp="4770" pin=2"/></net>

<net id="5448"><net_src comp="4399" pin="1"/><net_sink comp="5445" pin=0"/></net>

<net id="5449"><net_src comp="5445" pin="1"/><net_sink comp="4694" pin=2"/></net>

<net id="5453"><net_src comp="4531" pin="4"/><net_sink comp="5450" pin=0"/></net>

<net id="5454"><net_src comp="5450" pin="1"/><net_sink comp="584" pin=2"/></net>

<net id="5458"><net_src comp="4541" pin="4"/><net_sink comp="5455" pin=0"/></net>

<net id="5459"><net_src comp="5455" pin="1"/><net_sink comp="584" pin=4"/></net>

<net id="5463"><net_src comp="4551" pin="4"/><net_sink comp="5460" pin=0"/></net>

<net id="5464"><net_src comp="5460" pin="1"/><net_sink comp="584" pin=0"/></net>

<net id="5468"><net_src comp="4576" pin="2"/><net_sink comp="5465" pin=0"/></net>

<net id="5472"><net_src comp="4582" pin="2"/><net_sink comp="5469" pin=0"/></net>

<net id="5473"><net_src comp="5469" pin="1"/><net_sink comp="596" pin=0"/></net>

<net id="5480"><net_src comp="4618" pin="2"/><net_sink comp="5477" pin=0"/></net>

<net id="5481"><net_src comp="5477" pin="1"/><net_sink comp="4789" pin=0"/></net>

<net id="5488"><net_src comp="4814" pin="2"/><net_sink comp="5485" pin=0"/></net>

<net id="5489"><net_src comp="5485" pin="1"/><net_sink comp="607" pin=2"/></net>

<net id="5496"><net_src comp="4865" pin="2"/><net_sink comp="5493" pin=0"/></net>

<net id="5497"><net_src comp="5493" pin="1"/><net_sink comp="618" pin=2"/></net>

<net id="5501"><net_src comp="4910" pin="2"/><net_sink comp="5498" pin=0"/></net>

<net id="5505"><net_src comp="4916" pin="2"/><net_sink comp="5502" pin=0"/></net>

<net id="5506"><net_src comp="5502" pin="1"/><net_sink comp="629" pin=2"/></net>

<net id="5510"><net_src comp="4949" pin="1"/><net_sink comp="5507" pin=0"/></net>

<net id="5511"><net_src comp="5507" pin="1"/><net_sink comp="5255" pin=0"/></net>

<net id="5515"><net_src comp="4953" pin="2"/><net_sink comp="5512" pin=0"/></net>

<net id="5516"><net_src comp="5512" pin="1"/><net_sink comp="5260" pin=0"/></net>

<net id="5520"><net_src comp="4959" pin="1"/><net_sink comp="5517" pin=0"/></net>

<net id="5521"><net_src comp="5517" pin="1"/><net_sink comp="5301" pin=0"/></net>

<net id="5525"><net_src comp="4963" pin="2"/><net_sink comp="5522" pin=0"/></net>

<net id="5526"><net_src comp="5522" pin="1"/><net_sink comp="5306" pin=0"/></net>

<net id="5530"><net_src comp="4969" pin="1"/><net_sink comp="5527" pin=0"/></net>

<net id="5531"><net_src comp="5527" pin="1"/><net_sink comp="5285" pin=0"/></net>

<net id="5532"><net_src comp="5527" pin="1"/><net_sink comp="5290" pin=0"/></net>

<net id="5536"><net_src comp="4989" pin="1"/><net_sink comp="5533" pin=0"/></net>

<net id="5537"><net_src comp="5533" pin="1"/><net_sink comp="5239" pin=0"/></net>

<net id="5538"><net_src comp="5533" pin="1"/><net_sink comp="5244" pin=0"/></net>

<net id="5542"><net_src comp="5021" pin="2"/><net_sink comp="5539" pin=0"/></net>

<net id="5546"><net_src comp="520" pin="3"/><net_sink comp="5543" pin=0"/></net>

<net id="5547"><net_src comp="5543" pin="1"/><net_sink comp="527" pin=0"/></net>

<net id="5551"><net_src comp="5033" pin="2"/><net_sink comp="5548" pin=0"/></net>

<net id="5552"><net_src comp="5548" pin="1"/><net_sink comp="640" pin=2"/></net>

<net id="5556"><net_src comp="533" pin="3"/><net_sink comp="5553" pin=0"/></net>

<net id="5557"><net_src comp="5553" pin="1"/><net_sink comp="540" pin=0"/></net>

<net id="5561"><net_src comp="5039" pin="2"/><net_sink comp="5558" pin=0"/></net>

<net id="5565"><net_src comp="527" pin="3"/><net_sink comp="5562" pin=0"/></net>

<net id="5566"><net_src comp="5562" pin="1"/><net_sink comp="5132" pin=33"/></net>

<net id="5570"><net_src comp="5045" pin="1"/><net_sink comp="5567" pin=0"/></net>

<net id="5574"><net_src comp="4391" pin="1"/><net_sink comp="5571" pin=0"/></net>

<net id="5575"><net_src comp="5571" pin="1"/><net_sink comp="1013" pin=50"/></net>

<net id="5579"><net_src comp="4443" pin="1"/><net_sink comp="5576" pin=0"/></net>

<net id="5580"><net_src comp="5576" pin="1"/><net_sink comp="1013" pin=48"/></net>

<net id="5584"><net_src comp="4435" pin="1"/><net_sink comp="5581" pin=0"/></net>

<net id="5585"><net_src comp="5581" pin="1"/><net_sink comp="1013" pin=46"/></net>

<net id="5589"><net_src comp="4431" pin="1"/><net_sink comp="5586" pin=0"/></net>

<net id="5590"><net_src comp="5586" pin="1"/><net_sink comp="1013" pin=44"/></net>

<net id="5594"><net_src comp="4439" pin="1"/><net_sink comp="5591" pin=0"/></net>

<net id="5595"><net_src comp="5591" pin="1"/><net_sink comp="1013" pin=42"/></net>

<net id="5599"><net_src comp="5049" pin="1"/><net_sink comp="5596" pin=0"/></net>

<net id="5600"><net_src comp="5596" pin="1"/><net_sink comp="1013" pin=40"/></net>

<net id="5604"><net_src comp="5053" pin="1"/><net_sink comp="5601" pin=0"/></net>

<net id="5605"><net_src comp="5601" pin="1"/><net_sink comp="1013" pin=38"/></net>

<net id="5609"><net_src comp="5057" pin="1"/><net_sink comp="5606" pin=0"/></net>

<net id="5610"><net_src comp="5606" pin="1"/><net_sink comp="1013" pin=36"/></net>

<net id="5614"><net_src comp="4387" pin="1"/><net_sink comp="5611" pin=0"/></net>

<net id="5615"><net_src comp="5611" pin="1"/><net_sink comp="1013" pin=34"/></net>

<net id="5619"><net_src comp="4383" pin="1"/><net_sink comp="5616" pin=0"/></net>

<net id="5620"><net_src comp="5616" pin="1"/><net_sink comp="1013" pin=32"/></net>

<net id="5624"><net_src comp="4399" pin="1"/><net_sink comp="5621" pin=0"/></net>

<net id="5625"><net_src comp="5621" pin="1"/><net_sink comp="1013" pin=30"/></net>

<net id="5629"><net_src comp="4427" pin="1"/><net_sink comp="5626" pin=0"/></net>

<net id="5630"><net_src comp="5626" pin="1"/><net_sink comp="1013" pin=28"/></net>

<net id="5634"><net_src comp="4423" pin="1"/><net_sink comp="5631" pin=0"/></net>

<net id="5635"><net_src comp="5631" pin="1"/><net_sink comp="1013" pin=26"/></net>

<net id="5639"><net_src comp="4419" pin="1"/><net_sink comp="5636" pin=0"/></net>

<net id="5640"><net_src comp="5636" pin="1"/><net_sink comp="1013" pin=24"/></net>

<net id="5644"><net_src comp="5061" pin="1"/><net_sink comp="5641" pin=0"/></net>

<net id="5645"><net_src comp="5641" pin="1"/><net_sink comp="1013" pin=22"/></net>

<net id="5649"><net_src comp="5065" pin="1"/><net_sink comp="5646" pin=0"/></net>

<net id="5650"><net_src comp="5646" pin="1"/><net_sink comp="1013" pin=20"/></net>

<net id="5654"><net_src comp="5069" pin="1"/><net_sink comp="5651" pin=0"/></net>

<net id="5655"><net_src comp="5651" pin="1"/><net_sink comp="1013" pin=18"/></net>

<net id="5659"><net_src comp="4379" pin="1"/><net_sink comp="5656" pin=0"/></net>

<net id="5660"><net_src comp="5656" pin="1"/><net_sink comp="1013" pin=16"/></net>

<net id="5664"><net_src comp="4375" pin="1"/><net_sink comp="5661" pin=0"/></net>

<net id="5665"><net_src comp="5661" pin="1"/><net_sink comp="1013" pin=14"/></net>

<net id="5669"><net_src comp="4407" pin="1"/><net_sink comp="5666" pin=0"/></net>

<net id="5670"><net_src comp="5666" pin="1"/><net_sink comp="1013" pin=12"/></net>

<net id="5674"><net_src comp="4415" pin="1"/><net_sink comp="5671" pin=0"/></net>

<net id="5675"><net_src comp="5671" pin="1"/><net_sink comp="1013" pin=10"/></net>

<net id="5679"><net_src comp="4411" pin="1"/><net_sink comp="5676" pin=0"/></net>

<net id="5680"><net_src comp="5676" pin="1"/><net_sink comp="1013" pin=8"/></net>

<net id="5684"><net_src comp="4403" pin="1"/><net_sink comp="5681" pin=0"/></net>

<net id="5685"><net_src comp="5681" pin="1"/><net_sink comp="1013" pin=6"/></net>

<net id="5689"><net_src comp="5073" pin="1"/><net_sink comp="5686" pin=0"/></net>

<net id="5690"><net_src comp="5686" pin="1"/><net_sink comp="1013" pin=4"/></net>

<net id="5694"><net_src comp="5077" pin="1"/><net_sink comp="5691" pin=0"/></net>

<net id="5695"><net_src comp="5691" pin="1"/><net_sink comp="1013" pin=2"/></net>

<net id="5699"><net_src comp="5081" pin="1"/><net_sink comp="5696" pin=0"/></net>

<net id="5700"><net_src comp="5696" pin="1"/><net_sink comp="1013" pin=0"/></net>

<net id="5704"><net_src comp="4395" pin="1"/><net_sink comp="5701" pin=0"/></net>

<net id="5705"><net_src comp="5701" pin="1"/><net_sink comp="1013" pin=52"/></net>

<net id="5709"><net_src comp="540" pin="3"/><net_sink comp="5706" pin=0"/></net>

<net id="5710"><net_src comp="5706" pin="1"/><net_sink comp="5109" pin=0"/></net>

<net id="5714"><net_src comp="5097" pin="3"/><net_sink comp="5711" pin=0"/></net>

<net id="5715"><net_src comp="5711" pin="1"/><net_sink comp="651" pin=2"/></net>

</net_list>

</model> 
---------------- Datapath Model END ------------------

* FSMD analyzer results:
  - Output states:
	Port: res_V_data_0_V | {15 }
	Port: res_V_data_1_V | {15 }
	Port: res_V_data_2_V | {15 }
	Port: res_V_data_3_V | {15 }
	Port: res_V_data_4_V | {15 }
	Port: res_V_data_5_V | {15 }
	Port: res_V_data_6_V | {15 }
	Port: res_V_data_7_V | {15 }
	Port: res_V_data_8_V | {15 }
	Port: res_V_data_9_V | {15 }
	Port: res_V_data_10_V | {15 }
	Port: res_V_data_11_V | {15 }
	Port: res_V_data_12_V | {15 }
	Port: res_V_data_13_V | {15 }
	Port: res_V_data_14_V | {15 }
	Port: res_V_data_15_V | {15 }
	Port: res_V_data_16_V | {15 }
	Port: res_V_data_17_V | {15 }
	Port: res_V_data_18_V | {15 }
	Port: res_V_data_19_V | {15 }
	Port: res_V_data_20_V | {15 }
	Port: res_V_data_21_V | {15 }
	Port: res_V_data_22_V | {15 }
	Port: res_V_data_23_V | {15 }
	Port: res_V_data_24_V | {15 }
	Port: res_V_data_25_V | {15 }
	Port: res_V_data_26_V | {15 }
	Port: res_V_data_27_V | {15 }
	Port: res_V_data_28_V | {15 }
	Port: res_V_data_29_V | {15 }
	Port: res_V_data_30_V | {15 }
	Port: res_V_data_31_V | {15 }
	Port: kernel_data_V_2_7 | {9 }
	Port: kernel_data_V_2_8 | {9 }
	Port: kernel_data_V_2_16 | {10 }
	Port: kernel_data_V_2_17 | {10 }
	Port: kernel_data_V_2_25 | {11 }
	Port: kernel_data_V_2_26 | {11 }
	Port: kernel_data_V_2_15 | {10 }
	Port: kernel_data_V_2_3 | {6 }
	Port: kernel_data_V_2_6 | {6 9 }
	Port: kernel_data_V_2_4 | {6 }
	Port: kernel_data_V_2_5 | {6 }
	Port: kernel_data_V_2_12 | {6 }
	Port: kernel_data_V_2_13 | {6 }
	Port: kernel_data_V_2_14 | {6 }
	Port: kernel_data_V_2_21 | {7 }
	Port: kernel_data_V_2_24 | {6 11 }
	Port: kernel_data_V_2_22 | {6 }
	Port: kernel_data_V_2_23 | {6 }
	Port: sX | {15 }
	Port: sY | {15 }
	Port: pY | {15 }
	Port: pX | {15 }
	Port: kernel_data_V_2_0 | {6 }
	Port: kernel_data_V_2_1 | {6 }
	Port: kernel_data_V_2_2 | {6 }
	Port: kernel_data_V_2_9 | {6 }
	Port: kernel_data_V_2_10 | {6 }
	Port: kernel_data_V_2_11 | {6 }
	Port: kernel_data_V_2_18 | {7 }
	Port: kernel_data_V_2_19 | {6 }
	Port: kernel_data_V_2_20 | {6 }
	Port: line_buffer_Array_V_2_0_0 | {3 }
	Port: line_buffer_Array_V_2_0_1 | {3 }
	Port: line_buffer_Array_V_2_0_2 | {3 }
	Port: line_buffer_Array_V_2_1_0 | {4 }
	Port: line_buffer_Array_V_2_1_1 | {4 }
	Port: line_buffer_Array_V_2_1_2 | {4 }
 - Input state : 
	Port: conv_2d_cl<array<ap_ufixed,3u>,array<ap_fixed<14,8,5,3,0>,32u>,config2> : data_V_data_0_V | {2 }
	Port: conv_2d_cl<array<ap_ufixed,3u>,array<ap_fixed<14,8,5,3,0>,32u>,config2> : data_V_data_1_V | {2 }
	Port: conv_2d_cl<array<ap_ufixed,3u>,array<ap_fixed<14,8,5,3,0>,32u>,config2> : data_V_data_2_V | {2 }
	Port: conv_2d_cl<array<ap_ufixed,3u>,array<ap_fixed<14,8,5,3,0>,32u>,config2> : kernel_data_V_2_7 | {3 13 }
	Port: conv_2d_cl<array<ap_ufixed,3u>,array<ap_fixed<14,8,5,3,0>,32u>,config2> : kernel_data_V_2_8 | {3 13 }
	Port: conv_2d_cl<array<ap_ufixed,3u>,array<ap_fixed<14,8,5,3,0>,32u>,config2> : kernel_data_V_2_16 | {3 13 }
	Port: conv_2d_cl<array<ap_ufixed,3u>,array<ap_fixed<14,8,5,3,0>,32u>,config2> : kernel_data_V_2_17 | {3 13 }
	Port: conv_2d_cl<array<ap_ufixed,3u>,array<ap_fixed<14,8,5,3,0>,32u>,config2> : kernel_data_V_2_25 | {3 13 }
	Port: conv_2d_cl<array<ap_ufixed,3u>,array<ap_fixed<14,8,5,3,0>,32u>,config2> : kernel_data_V_2_26 | {3 13 }
	Port: conv_2d_cl<array<ap_ufixed,3u>,array<ap_fixed<14,8,5,3,0>,32u>,config2> : kernel_data_V_2_15 | {3 13 }
	Port: conv_2d_cl<array<ap_ufixed,3u>,array<ap_fixed<14,8,5,3,0>,32u>,config2> : kernel_data_V_2_3 | {6 13 }
	Port: conv_2d_cl<array<ap_ufixed,3u>,array<ap_fixed<14,8,5,3,0>,32u>,config2> : kernel_data_V_2_6 | {6 13 }
	Port: conv_2d_cl<array<ap_ufixed,3u>,array<ap_fixed<14,8,5,3,0>,32u>,config2> : kernel_data_V_2_4 | {6 13 }
	Port: conv_2d_cl<array<ap_ufixed,3u>,array<ap_fixed<14,8,5,3,0>,32u>,config2> : kernel_data_V_2_5 | {6 13 }
	Port: conv_2d_cl<array<ap_ufixed,3u>,array<ap_fixed<14,8,5,3,0>,32u>,config2> : kernel_data_V_2_12 | {6 13 }
	Port: conv_2d_cl<array<ap_ufixed,3u>,array<ap_fixed<14,8,5,3,0>,32u>,config2> : kernel_data_V_2_13 | {6 13 }
	Port: conv_2d_cl<array<ap_ufixed,3u>,array<ap_fixed<14,8,5,3,0>,32u>,config2> : kernel_data_V_2_14 | {6 13 }
	Port: conv_2d_cl<array<ap_ufixed,3u>,array<ap_fixed<14,8,5,3,0>,32u>,config2> : kernel_data_V_2_21 | {7 13 }
	Port: conv_2d_cl<array<ap_ufixed,3u>,array<ap_fixed<14,8,5,3,0>,32u>,config2> : kernel_data_V_2_24 | {7 13 }
	Port: conv_2d_cl<array<ap_ufixed,3u>,array<ap_fixed<14,8,5,3,0>,32u>,config2> : kernel_data_V_2_22 | {6 13 }
	Port: conv_2d_cl<array<ap_ufixed,3u>,array<ap_fixed<14,8,5,3,0>,32u>,config2> : kernel_data_V_2_23 | {6 13 }
	Port: conv_2d_cl<array<ap_ufixed,3u>,array<ap_fixed<14,8,5,3,0>,32u>,config2> : sX | {11 }
	Port: conv_2d_cl<array<ap_ufixed,3u>,array<ap_fixed<14,8,5,3,0>,32u>,config2> : sY | {11 }
	Port: conv_2d_cl<array<ap_ufixed,3u>,array<ap_fixed<14,8,5,3,0>,32u>,config2> : pY | {11 }
	Port: conv_2d_cl<array<ap_ufixed,3u>,array<ap_fixed<14,8,5,3,0>,32u>,config2> : pX | {11 }
	Port: conv_2d_cl<array<ap_ufixed,3u>,array<ap_fixed<14,8,5,3,0>,32u>,config2> : outidx4 | {12 13 }
	Port: conv_2d_cl<array<ap_ufixed,3u>,array<ap_fixed<14,8,5,3,0>,32u>,config2> : kernel_data_V_2_0 | {13 }
	Port: conv_2d_cl<array<ap_ufixed,3u>,array<ap_fixed<14,8,5,3,0>,32u>,config2> : kernel_data_V_2_1 | {13 }
	Port: conv_2d_cl<array<ap_ufixed,3u>,array<ap_fixed<14,8,5,3,0>,32u>,config2> : kernel_data_V_2_2 | {13 }
	Port: conv_2d_cl<array<ap_ufixed,3u>,array<ap_fixed<14,8,5,3,0>,32u>,config2> : kernel_data_V_2_9 | {13 }
	Port: conv_2d_cl<array<ap_ufixed,3u>,array<ap_fixed<14,8,5,3,0>,32u>,config2> : kernel_data_V_2_10 | {13 }
	Port: conv_2d_cl<array<ap_ufixed,3u>,array<ap_fixed<14,8,5,3,0>,32u>,config2> : kernel_data_V_2_11 | {13 }
	Port: conv_2d_cl<array<ap_ufixed,3u>,array<ap_fixed<14,8,5,3,0>,32u>,config2> : kernel_data_V_2_18 | {13 }
	Port: conv_2d_cl<array<ap_ufixed,3u>,array<ap_fixed<14,8,5,3,0>,32u>,config2> : kernel_data_V_2_19 | {13 }
	Port: conv_2d_cl<array<ap_ufixed,3u>,array<ap_fixed<14,8,5,3,0>,32u>,config2> : kernel_data_V_2_20 | {13 }
	Port: conv_2d_cl<array<ap_ufixed,3u>,array<ap_fixed<14,8,5,3,0>,32u>,config2> : w2_V | {12 13 }
	Port: conv_2d_cl<array<ap_ufixed,3u>,array<ap_fixed<14,8,5,3,0>,32u>,config2> : line_buffer_Array_V_2_0_0 | {3 }
	Port: conv_2d_cl<array<ap_ufixed,3u>,array<ap_fixed<14,8,5,3,0>,32u>,config2> : line_buffer_Array_V_2_0_1 | {3 }
	Port: conv_2d_cl<array<ap_ufixed,3u>,array<ap_fixed<14,8,5,3,0>,32u>,config2> : line_buffer_Array_V_2_0_2 | {3 }
	Port: conv_2d_cl<array<ap_ufixed,3u>,array<ap_fixed<14,8,5,3,0>,32u>,config2> : line_buffer_Array_V_2_1_0 | {4 }
	Port: conv_2d_cl<array<ap_ufixed,3u>,array<ap_fixed<14,8,5,3,0>,32u>,config2> : line_buffer_Array_V_2_1_1 | {4 }
	Port: conv_2d_cl<array<ap_ufixed,3u>,array<ap_fixed<14,8,5,3,0>,32u>,config2> : line_buffer_Array_V_2_1_2 | {4 }
  - Chain level:
	State 1
	State 2
		add_ln79 : 1
	State 3
		icmp_ln241 : 1
		i_ic : 1
		br_ln241 : 2
		DataIn_V_assign : 1
		switch_ln246 : 1
		DataOut_V_2 : 2
		DataOut_V_1 : 2
		DataOut_V : 2
	State 4
		store_ln248 : 1
		store_ln248 : 1
		store_ln248 : 1
		DataOut_V_5 : 1
		DataOut_V_4 : 1
		DataOut_V_3 : 1
	State 5
		store_ln248 : 1
		store_ln248 : 1
		store_ln248 : 1
	State 6
		icmp_ln194 : 1
		i_iw : 1
		br_ln194 : 2
		zext_ln194 : 1
		zext_ln194_1 : 1
		trunc_ln201 : 1
		shl_ln : 2
		zext_ln201 : 3
		sub_ln201 : 4
		icmp_ln356 : 3
		select_ln356 : 4
		switch_ln201 : 5
		store_ln201 : 5
		store_ln201 : 5
		store_ln201 : 5
		store_ln201 : 5
		select_ln356_1 : 4
		br_ln201 : 4
		store_ln201 : 5
		store_ln201 : 5
		select_ln356_2 : 4
		br_ln201 : 4
		store_ln201 : 5
		store_ln201 : 5
		select_ln356_3 : 4
		br_ln201 : 4
		store_ln201 : 5
		store_ln201 : 5
		select_ln356_4 : 4
		br_ln201 : 4
		store_ln201 : 5
		store_ln201 : 5
		select_ln356_5 : 4
		br_ln201 : 4
		store_ln201 : 5
		store_ln201 : 5
		select_ln356_7 : 4
		br_ln201 : 4
		store_ln201 : 5
		store_ln201 : 5
		select_ln356_8 : 4
		br_ln201 : 4
		store_ln201 : 5
		store_ln201 : 5
		empty_327 : 1
	State 7
		select_ln356_6 : 1
		store_ln201 : 2
		store_ln201 : 2
	State 8
	State 9
		icmp_ln213 : 1
		add_ln213 : 1
		br_ln213 : 2
		tmp_4 : 1
		switch_ln214 : 1
		store_ln214 : 2
		store_ln214 : 2
		store_ln214 : 2
	State 10
		icmp_ln213_1 : 1
		add_ln213_1 : 1
		br_ln213 : 2
		tmp_6 : 1
		switch_ln214 : 1
		store_ln214 : 2
		store_ln214 : 2
		store_ln214 : 2
	State 11
		icmp_ln213_2 : 1
		add_ln213_2 : 1
		br_ln213 : 2
		tmp_7 : 1
		switch_ln214 : 1
		store_ln214 : 2
		store_ln214 : 2
		store_ln214 : 2
		icmp_ln289 : 1
		icmp_ln289_1 : 1
		tmp : 1
		icmp_ln289_2 : 2
		tmp_386 : 1
		icmp_ln289_3 : 2
		and_ln289 : 2
		and_ln289_1 : 3
		and_ln289_2 : 3
		br_ln289 : 3
	State 12
		zext_ln133 : 1
		outidx4_addr : 2
		out_index : 3
		w_index : 1
		w2_V_addr : 2
		w2_V_load : 3
		icmp_ln129 : 1
		br_ln129 : 2
	State 13
		trunc_ln139 : 1
		switch_ln55 : 2
		in_index : 1
		icmp_ln148 : 2
		select_ln148 : 3
	State 14
		r_V : 1
		r_V_1 : 2
		trunc_ln7 : 3
		sext_ln708 : 4
		tmp_10 : 1
		acc_0_V : 5
		tmp_data_31_V : 6
		tmp_data_30_V : 6
		tmp_data_29_V : 6
		tmp_data_28_V : 6
		tmp_data_27_V : 6
		tmp_data_26_V : 6
		tmp_data_25_V : 6
		tmp_data_24_V : 6
		tmp_data_23_V : 6
		tmp_data_22_V : 6
		tmp_data_21_V : 6
		tmp_data_20_V : 6
		tmp_data_19_V : 6
		tmp_data_18_V : 6
		tmp_data_17_V : 6
		tmp_data_16_V : 6
		tmp_data_15_V : 6
		tmp_data_14_V : 6
		tmp_data_13_V : 6
		tmp_data_12_V : 6
		tmp_data_11_V : 6
		tmp_data_10_V : 6
		tmp_data_9_V : 6
		tmp_data_8_V : 6
		tmp_data_7_V : 6
		tmp_data_6_V : 6
		tmp_data_5_V : 6
		tmp_data_4_V : 6
		tmp_data_3_V : 6
		tmp_data_2_V : 6
		tmp_data_1_V : 6
		tmp_data_0_V : 6
		empty_334 : 1
	State 15
		br_ln313 : 1
		store_ln326 : 1
		select_ln328 : 1
		store_ln328 : 2
		br_ln317 : 1
		store_ln321 : 1
		select_ln323 : 1
		storemerge_i_i : 2
		store_ln319 : 3
		br_ln79 : 1


============================================================
+ Verbose Summary: Datapath Resource usage 
============================================================

* Functional unit list:
|----------|--------------------------|---------|---------|---------|
| Operation|      Functional Unit     |  DSP48E |    FF   |   LUT   |
|----------|--------------------------|---------|---------|---------|
|          |     add_ln79_fu_4459     |    0    |    0    |    14   |
|          |       i_ic_fu_4471       |    0    |    0    |    10   |
|          |       i_iw_fu_4582       |    0    |    0    |    10   |
|          |     add_ln213_fu_4814    |    0    |    0    |    10   |
|          |    add_ln213_1_fu_4865   |    0    |    0    |    10   |
|          |    add_ln213_2_fu_4916   |    0    |    0    |    10   |
|    add   |      w_index_fu_5033     |    0    |    0    |    14   |
|          |     in_index_fu_5085     |    0    |    0    |    39   |
|          |      acc_0_V_fu_5201     |    0    |    0    |    19   |
|          |     add_ln326_fu_5244    |    0    |    0    |    39   |
|          |     add_ln328_fu_5255    |    0    |    0    |    39   |
|          |     add_ln321_fu_5290    |    0    |    0    |    39   |
|          |     add_ln323_fu_5301    |    0    |    0    |    39   |
|----------|--------------------------|---------|---------|---------|
|          |    icmp_ln241_fu_4465    |    0    |    0    |    8    |
|          |    icmp_ln194_fu_4576    |    0    |    0    |    8    |
|          |    icmp_ln356_fu_4618    |    0    |    0    |    9    |
|          |    icmp_ln213_fu_4808    |    0    |    0    |    8    |
|          |   icmp_ln213_1_fu_4859   |    0    |    0    |    8    |
|          |   icmp_ln213_2_fu_4910   |    0    |    0    |    8    |
|          |    icmp_ln289_fu_4953    |    0    |    0    |    18   |
|   icmp   |   icmp_ln289_1_fu_4963   |    0    |    0    |    18   |
|          |   icmp_ln289_2_fu_4983   |    0    |    0    |    18   |
|          |   icmp_ln289_3_fu_5003   |    0    |    0    |    18   |
|          |    icmp_ln129_fu_5039    |    0    |    0    |    13   |
|          |    icmp_ln148_fu_5091    |    0    |    0    |    18   |
|          |    icmp_ln313_fu_5239    |    0    |    0    |    18   |
|          |    icmp_ln317_fu_5285    |    0    |    0    |    18   |
|          |     icmp_ln79_fu_5326    |    0    |    0    |    13   |
|----------|--------------------------|---------|---------|---------|
|          |   select_ln356_fu_4624   |    0    |    0    |    8    |
|          |  select_ln356_1_fu_4656  |    0    |    0    |    8    |
|          |  select_ln356_2_fu_4675  |    0    |    0    |    8    |
|          |  select_ln356_3_fu_4694  |    0    |    0    |    8    |
|          |  select_ln356_4_fu_4713  |    0    |    0    |    8    |
|  select  |  select_ln356_5_fu_4732  |    0    |    0    |    8    |
|          |  select_ln356_7_fu_4751  |    0    |    0    |    8    |
|          |  select_ln356_8_fu_4770  |    0    |    0    |    8    |
|          |  select_ln356_6_fu_4789  |    0    |    0    |    8    |
|          |   select_ln148_fu_5097   |    0    |    0    |    32   |
|          |   select_ln328_fu_5260   |    0    |    0    |    32   |
|          |   select_ln323_fu_5306   |    0    |    0    |    32   |
|----------|--------------------------|---------|---------|---------|
|          |  DataIn_V_assign_fu_4477 |    0    |    0    |    15   |
|          |       tmp_4_fu_4829      |    0    |    0    |    15   |
|    mux   |       tmp_6_fu_4880      |    0    |    0    |    15   |
|          |       tmp_7_fu_4922      |    0    |    0    |    15   |
|          |      tmp_10_fu_5132      |    0    |    0    |    15   |
|----------|--------------------------|---------|---------|---------|
|    mul   |       r_V_1_fu_5112      |    0    |    0    |    41   |
|----------|--------------------------|---------|---------|---------|
|    sub   |     sub_ln201_fu_4612    |    0    |    0    |    12   |
|----------|--------------------------|---------|---------|---------|
|          |     and_ln289_fu_5009    |    0    |    0    |    2    |
|    and   |    and_ln289_1_fu_5015   |    0    |    0    |    2    |
|          |    and_ln289_2_fu_5021   |    0    |    0    |    2    |
|----------|--------------------------|---------|---------|---------|
|   read   |   empty_339_read_fu_410  |    0    |    0    |    0    |
|----------|--------------------------|---------|---------|---------|
|   write  | write_ln309_write_fu_420 |    0    |    0    |    0    |
|----------|--------------------------|---------|---------|---------|
|          |  tmp_data_0_V_1_fu_4447  |    0    |    0    |    0    |
|extractvalue|  tmp_data_1_V_1_fu_4451  |    0    |    0    |    0    |
|          |  tmp_data_2_V_1_fu_4455  |    0    |    0    |    0    |
|----------|--------------------------|---------|---------|---------|
|          |    DataOut_V_2_fu_4486   |    0    |    0    |    0    |
|          |    DataOut_V_1_fu_4496   |    0    |    0    |    0    |
|memshiftread|     DataOut_V_fu_4506    |    0    |    0    |    0    |
|          |    DataOut_V_5_fu_4531   |    0    |    0    |    0    |
|          |    DataOut_V_4_fu_4541   |    0    |    0    |    0    |
|          |    DataOut_V_3_fu_4551   |    0    |    0    |    0    |
|----------|--------------------------|---------|---------|---------|
|          |    zext_ln194_fu_4588    |    0    |    0    |    0    |
|          |   zext_ln194_1_fu_4592   |    0    |    0    |    0    |
|   zext   |    zext_ln201_fu_4608    |    0    |    0    |    0    |
|          |    zext_ln133_fu_5027    |    0    |    0    |    0    |
|          |        r_V_fu_5105       |    0    |    0    |    0    |
|----------|--------------------------|---------|---------|---------|
|   trunc  |    trunc_ln201_fu_4596   |    0    |    0    |    0    |
|          |    trunc_ln139_fu_5045   |    0    |    0    |    0    |
|----------|--------------------------|---------|---------|---------|
|bitconcatenate|      shl_ln_fu_4600      |    0    |    0    |    0    |
|----------|--------------------------|---------|---------|---------|
|          |        tmp_fu_4973       |    0    |    0    |    0    |
|partselect|      tmp_386_fu_4993     |    0    |    0    |    0    |
|          |     trunc_ln7_fu_5118    |    0    |    0    |    0    |
|----------|--------------------------|---------|---------|---------|
|   sext   |    sext_ln1118_fu_5109   |    0    |    0    |    0    |
|          |    sext_ln708_fu_5128    |    0    |    0    |    0    |
|----------|--------------------------|---------|---------|---------|
|   Total  |                          |    0    |    0    |   795   |
|----------|--------------------------|---------|---------|---------|

Memories:
N/A

* Register list:
+----------------------------------+--------+
|                                  |   FF   |
+----------------------------------+--------+
|       DataOut_V_1_reg_5405       |    8   |
|       DataOut_V_2_reg_5400       |    8   |
|       DataOut_V_3_reg_5460       |    8   |
|       DataOut_V_4_reg_5455       |    8   |
|       DataOut_V_5_reg_5450       |    8   |
|        DataOut_V_reg_5410        |    8   |
|    UnifiedRetVal_i_i_reg_1010    |    8   |
|       add_ln213_1_reg_5493       |    2   |
|       add_ln213_2_reg_5502       |    2   |
|        add_ln213_reg_5485        |    2   |
|         add_ln79_reg_5386        |   10   |
|       and_ln289_2_reg_5539       |    1   |
|     i_ic2_0_i_i_i_i_0_reg_603    |    2   |
|     i_ic2_0_i_i_i_i_1_reg_614    |    2   |
|     i_ic2_0_i_i_i_i_2_reg_625    |    2   |
|       i_ic4_0_i_i_i_reg_558      |    2   |
|           i_ic_reg_5395          |    2   |
|      i_iw_0_i_i_i_i_reg_592      |    2   |
|           i_iw_reg_5469          |    2   |
|        icmp_ln129_reg_5558       |    1   |
|        icmp_ln194_reg_5465       |    1   |
|       icmp_ln213_2_reg_5498      |    1   |
|        icmp_ln241_reg_5391       |    1   |
|       icmp_ln289_1_reg_5522      |    1   |
|        icmp_ln289_reg_5512       |    1   |
|        icmp_ln356_reg_5477       |    1   |
|   in_index_0_i_i_i_i164_reg_647  |   32   |
|     indvar_flatten166_reg_546    |   10   |
|  kernel_data_V_2_0_load_reg_5696 |    8   |
| kernel_data_V_2_10_load_reg_5646 |    8   |
| kernel_data_V_2_11_load_reg_5641 |    8   |
|kernel_data_V_2_12_load_1_reg_5636|    8   |
|kernel_data_V_2_13_load_1_reg_5631|    8   |
|kernel_data_V_2_14_load_1_reg_5626|    8   |
|kernel_data_V_2_15_load_1_reg_5621|    8   |
| kernel_data_V_2_15_load_reg_5445 |    8   |
|kernel_data_V_2_16_load_1_reg_5616|    8   |
| kernel_data_V_2_16_load_reg_5425 |    8   |
|kernel_data_V_2_17_load_1_reg_5611|    8   |
| kernel_data_V_2_17_load_reg_5430 |    8   |
| kernel_data_V_2_18_load_reg_5606 |    8   |
| kernel_data_V_2_19_load_reg_5601 |    8   |
|  kernel_data_V_2_1_load_reg_5691 |    8   |
| kernel_data_V_2_20_load_reg_5596 |    8   |
|kernel_data_V_2_21_load_1_reg_5591|    8   |
|kernel_data_V_2_22_load_1_reg_5586|    8   |
|kernel_data_V_2_23_load_1_reg_5581|    8   |
|kernel_data_V_2_24_load_1_reg_5576|    8   |
|kernel_data_V_2_25_load_1_reg_5571|    8   |
| kernel_data_V_2_25_load_reg_5435 |    8   |
|kernel_data_V_2_26_load_1_reg_5701|    8   |
| kernel_data_V_2_26_load_reg_5440 |    8   |
|  kernel_data_V_2_2_load_reg_5686 |    8   |
| kernel_data_V_2_3_load_1_reg_5681|    8   |
| kernel_data_V_2_4_load_1_reg_5676|    8   |
| kernel_data_V_2_5_load_1_reg_5671|    8   |
| kernel_data_V_2_6_load_1_reg_5666|    8   |
| kernel_data_V_2_7_load_1_reg_5661|    8   |
|  kernel_data_V_2_7_load_reg_5415 |    8   |
| kernel_data_V_2_8_load_1_reg_5656|    8   |
|  kernel_data_V_2_8_load_reg_5420 |    8   |
|  kernel_data_V_2_9_load_reg_5651 |    8   |
|        out_index_reg_5562        |    5   |
|       outidx4_addr_reg_5543      |   10   |
|         pX_load_reg_5533         |   32   |
|         pY_load_reg_5527         |   32   |
|         sX_load_reg_5507         |   32   |
|         sY_load_reg_5517         |   32   |
|       select_ln148_reg_5711      |   32   |
|    shift_buffer_0_0_V_reg_581    |    8   |
|   shift_buffer_0_2_V_1_reg_5356  |    8   |
|   shift_buffer_0_2_V_2_reg_5362  |    8   |
|    shift_buffer_0_2_V_reg_5350   |    8   |
|    shift_buffer_1_0_V_reg_570    |    8   |
|   shift_buffer_1_2_V_1_reg_5338  |    8   |
|   shift_buffer_1_2_V_2_reg_5344  |    8   |
|    shift_buffer_1_2_V_reg_5332   |    8   |
|      storemerge_i_i_reg_4365     |   32   |
|    tmp_data_0_V_15163_reg_658    |   14   |
|      tmp_data_0_V_1_reg_5368     |    8   |
|       tmp_data_0_V_reg_4262      |   14   |
|    tmp_data_10_V_13143_reg_768   |   14   |
|      tmp_data_10_V_reg_3232      |   14   |
|    tmp_data_11_V_13141_reg_779   |   14   |
|      tmp_data_11_V_reg_3129      |   14   |
|    tmp_data_12_V_13139_reg_790   |   14   |
|      tmp_data_12_V_reg_3026      |   14   |
|    tmp_data_13_V_13137_reg_801   |   14   |
|      tmp_data_13_V_reg_2923      |   14   |
|    tmp_data_14_V_13135_reg_812   |   14   |
|      tmp_data_14_V_reg_2820      |   14   |
|    tmp_data_15_V_13133_reg_823   |   14   |
|      tmp_data_15_V_reg_2717      |   14   |
|    tmp_data_16_V_13131_reg_834   |   14   |
|      tmp_data_16_V_reg_2614      |   14   |
|    tmp_data_17_V_13129_reg_845   |   14   |
|      tmp_data_17_V_reg_2511      |   14   |
|    tmp_data_18_V_13127_reg_856   |   14   |
|      tmp_data_18_V_reg_2408      |   14   |
|    tmp_data_19_V_13125_reg_867   |   14   |
|      tmp_data_19_V_reg_2305      |   14   |
|    tmp_data_1_V_15161_reg_669    |   14   |
|      tmp_data_1_V_1_reg_5374     |    8   |
|       tmp_data_1_V_reg_4159      |   14   |
|    tmp_data_20_V_13123_reg_878   |   14   |
|      tmp_data_20_V_reg_2202      |   14   |
|    tmp_data_21_V_13121_reg_889   |   14   |
|      tmp_data_21_V_reg_2099      |   14   |
|    tmp_data_22_V_13119_reg_900   |   14   |
|      tmp_data_22_V_reg_1996      |   14   |
|    tmp_data_23_V_13117_reg_911   |   14   |
|      tmp_data_23_V_reg_1893      |   14   |
|    tmp_data_24_V_13115_reg_922   |   14   |
|      tmp_data_24_V_reg_1790      |   14   |
|    tmp_data_25_V_13113_reg_933   |   14   |
|      tmp_data_25_V_reg_1687      |   14   |
|    tmp_data_26_V_13111_reg_944   |   14   |
|      tmp_data_26_V_reg_1584      |   14   |
|    tmp_data_27_V_13109_reg_955   |   14   |
|      tmp_data_27_V_reg_1481      |   14   |
|    tmp_data_28_V_13107_reg_966   |   14   |
|      tmp_data_28_V_reg_1378      |   14   |
|    tmp_data_29_V_13105_reg_977   |   14   |
|      tmp_data_29_V_reg_1275      |   14   |
|    tmp_data_2_V_15159_reg_680    |   14   |
|      tmp_data_2_V_1_reg_5380     |    8   |
|       tmp_data_2_V_reg_4056      |   14   |
|    tmp_data_30_V_13103_reg_988   |   14   |
|      tmp_data_30_V_reg_1172      |   14   |
|    tmp_data_31_V_13101_reg_999   |   14   |
|      tmp_data_31_V_reg_1069      |   14   |
|    tmp_data_3_V_15157_reg_691    |   14   |
|       tmp_data_3_V_reg_3953      |   14   |
|    tmp_data_4_V_15155_reg_702    |   14   |
|       tmp_data_4_V_reg_3850      |   14   |
|    tmp_data_5_V_15153_reg_713    |   14   |
|       tmp_data_5_V_reg_3747      |   14   |
|    tmp_data_6_V_15151_reg_724    |   14   |
|       tmp_data_6_V_reg_3644      |   14   |
|    tmp_data_7_V_15149_reg_735    |   14   |
|       tmp_data_7_V_reg_3541      |   14   |
|    tmp_data_8_V_15147_reg_746    |   14   |
|       tmp_data_8_V_reg_3438      |   14   |
|    tmp_data_9_V_15145_reg_757    |   14   |
|       tmp_data_9_V_reg_3335      |   14   |
|       trunc_ln139_reg_5567       |    5   |
|        w2_V_addr_reg_5553        |   10   |
|        w2_V_load_reg_5706        |    8   |
|        w_index165_reg_636        |   10   |
|         w_index_reg_5548         |   10   |
+----------------------------------+--------+
|               Total              |  1642  |
+----------------------------------+--------+

* Multiplexer (MUX) list: 
|---------------------------|------|------|------|--------||---------||---------|
|            Comp           |  Pin | Size |  BW  | S x BW ||  Delay  ||   LUT   |
|---------------------------|------|------|------|--------||---------||---------|
|     grp_access_fu_527     |  p0  |   2  |  10  |   20   ||    9    |
|     grp_access_fu_540     |  p0  |   2  |  10  |   20   ||    9    |
| indvar_flatten166_reg_546 |  p0  |   2  |  10  |   20   ||    9    |
|   i_ic4_0_i_i_i_reg_558   |  p0  |   2  |   2  |    4   ||    9    |
|---------------------------|------|------|------|--------||---------||---------|
|           Total           |      |      |      |   64   ||  7.076  ||    36   |
|---------------------------|------|------|------|--------||---------||---------|



* Summary:
+-----------+--------+--------+--------+--------+
|           | DSP48E |  Delay |   FF   |   LUT  |
+-----------+--------+--------+--------+--------+
|  Function |    0   |    -   |    0   |   795  |
|   Memory  |    -   |    -   |    -   |    -   |
|Multiplexer|    -   |    7   |    -   |   36   |
|  Register |    -   |    -   |  1642  |    -   |
+-----------+--------+--------+--------+--------+
|   Total   |    0   |    7   |  1642  |   831  |
+-----------+--------+--------+--------+--------+
