

================================================================
== Vivado HLS Report for 'conv_2d_cl_array_ap_ufixed_3u_array_ap_fixed_14_8_5_3_0_32u_config2_s'
================================================================
* Date:           Thu Jul 11 17:01:15 2024

* Version:        2020.1 (Build 2897737 on Wed May 27 20:21:37 MDT 2020)
* Project:        myproject_prj
* Solution:       solution1
* Product family: zynq
* Target device:  xc7z020-clg400-1


================================================================
== Performance Estimates
================================================================
+ Timing: 
    * Summary: 
    +--------+----------+----------+------------+
    |  Clock |  Target  | Estimated| Uncertainty|
    +--------+----------+----------+------------+
    |ap_clk  | 10.00 ns | 7.751 ns |   1.25 ns  |
    +--------+----------+----------+------------+

+ Latency: 
    * Summary: 
    +---------+---------+----------+----------+-------+--------+---------+
    |  Latency (cycles) |  Latency (absolute) |    Interval    | Pipeline|
    |   min   |   max   |    min   |    max   |  min  |   max  |   Type  |
    +---------+---------+----------+----------+-------+--------+---------+
    |    28672|   915456| 0.287 ms | 9.155 ms |  28672|  915456|   none  |
    +---------+---------+----------+----------+-------+--------+---------+

    + Detail: 
        * Instance: 
        N/A

        * Loop: 
        +----------------------------------+---------+---------+----------+-----------+-----------+------+----------+
        |                                  |  Latency (cycles) | Iteration|  Initiation Interval  | Trip |          |
        |             Loop Name            |   min   |   max   |  Latency |  achieved |   target  | Count| Pipelined|
        +----------------------------------+---------+---------+----------+-----------+-----------+------+----------+
        |- ReadInputHeight_ReadInputWidth  |    28671|   915455| 28 ~ 894 |          -|          -|  1024|    no    |
        | + LineBufferDataIn               |        9|        9|         3|          -|          -|     3|    no    |
        | + KernelShiftWidth               |        2|        2|         2|          1|          1|     2|    yes   |
        | + KernelPushChannel              |        3|        3|         1|          -|          -|     3|    no    |
        | + KernelPushChannel              |        3|        3|         1|          -|          -|     3|    no    |
        | + KernelPushChannel              |        3|        3|         1|          -|          -|     3|    no    |
        | + ReuseLoop                      |      865|      865|         3|          1|          1|   864|    yes   |
        +----------------------------------+---------+---------+----------+-----------+-----------+------+----------+

============================================================
+ Verbose Summary: Synthesis Manager
============================================================
InlineROM: 1
ExposeGlobal: 0
============================================================
+ Verbose Summary: CDFG Model
============================================================
IsTopModel: 0
ResetActiveHigh: 1
IsCombinational: 2
IsDatapathOnly: 0
HasWiredReturn: 1
HasMFsm: 0
HasVarLatency: 1
IsPipeline: 0
IsRtlPipelined: 0
IsInstanceOverlapped: 0
IsDontTouch: 0
HasImplIP: 0
IsGatedGlobalClock: 0

+ Individual pipeline summary: 
  * Pipeline-0: initiation interval (II) = 1, depth = 2
  * Pipeline-1: initiation interval (II) = 1, depth = 3


============================================================
+ Verbose Summary: Schedule
============================================================
* Number of FSM states : 15
* Pipeline : 2
  Pipeline-0 : II = 1, D = 2, States = { 6 7 }
  Pipeline-1 : II = 1, D = 3, States = { 12 13 14 }
* Dataflow Pipeline: 0

* FSM state transitions: 
1 --> 2 
2 --> 3 
3 --> 4 6 
4 --> 5 
5 --> 3 
6 --> 8 7 
7 --> 6 
8 --> 9 
9 --> 9 10 
10 --> 10 11 
11 --> 11 15 12 
12 --> 13 
13 --> 14 
14 --> 15 12 
15 --> 2 

* FSM state operations: 

State 1 <SV = 0> <Delay = 1.76>
ST_1 : Operation 16 [1/1] (0.00ns)   --->   "%shift_buffer_1_2_V = alloca i8"   --->   Operation 16 'alloca' 'shift_buffer_1_2_V' <Predicate = true> <Delay = 0.00>
ST_1 : Operation 17 [1/1] (0.00ns)   --->   "%shift_buffer_1_2_V_1 = alloca i8"   --->   Operation 17 'alloca' 'shift_buffer_1_2_V_1' <Predicate = true> <Delay = 0.00>
ST_1 : Operation 18 [1/1] (0.00ns)   --->   "%shift_buffer_1_2_V_2 = alloca i8"   --->   Operation 18 'alloca' 'shift_buffer_1_2_V_2' <Predicate = true> <Delay = 0.00>
ST_1 : Operation 19 [1/1] (0.00ns)   --->   "%shift_buffer_0_2_V = alloca i8"   --->   Operation 19 'alloca' 'shift_buffer_0_2_V' <Predicate = true> <Delay = 0.00>
ST_1 : Operation 20 [1/1] (0.00ns)   --->   "%shift_buffer_0_2_V_1 = alloca i8"   --->   Operation 20 'alloca' 'shift_buffer_0_2_V_1' <Predicate = true> <Delay = 0.00>
ST_1 : Operation 21 [1/1] (0.00ns)   --->   "%shift_buffer_0_2_V_2 = alloca i8"   --->   Operation 21 'alloca' 'shift_buffer_0_2_V_2' <Predicate = true> <Delay = 0.00>
ST_1 : Operation 22 [1/1] (0.00ns)   --->   "call void (...)* @_ssdm_op_SpecInterface(i14* %res_V_data_31_V, [8 x i8]* @ap_fifo_str, i32 0, i32 0, [1 x i8]* @p_str, i32 0, i32 0, [1 x i8]* @p_str, [1 x i8]* @p_str, [1 x i8]* @p_str, i32 2, i32 2, i32 16, i32 16, [1 x i8]* @p_str, [1 x i8]* @p_str)"   --->   Operation 22 'specinterface' <Predicate = true> <Delay = 0.00>
ST_1 : Operation 23 [1/1] (0.00ns)   --->   "call void (...)* @_ssdm_op_SpecInterface(i14* %res_V_data_30_V, [8 x i8]* @ap_fifo_str, i32 0, i32 0, [1 x i8]* @p_str, i32 0, i32 0, [1 x i8]* @p_str, [1 x i8]* @p_str, [1 x i8]* @p_str, i32 2, i32 2, i32 16, i32 16, [1 x i8]* @p_str, [1 x i8]* @p_str)"   --->   Operation 23 'specinterface' <Predicate = true> <Delay = 0.00>
ST_1 : Operation 24 [1/1] (0.00ns)   --->   "call void (...)* @_ssdm_op_SpecInterface(i14* %res_V_data_29_V, [8 x i8]* @ap_fifo_str, i32 0, i32 0, [1 x i8]* @p_str, i32 0, i32 0, [1 x i8]* @p_str, [1 x i8]* @p_str, [1 x i8]* @p_str, i32 2, i32 2, i32 16, i32 16, [1 x i8]* @p_str, [1 x i8]* @p_str)"   --->   Operation 24 'specinterface' <Predicate = true> <Delay = 0.00>
ST_1 : Operation 25 [1/1] (0.00ns)   --->   "call void (...)* @_ssdm_op_SpecInterface(i14* %res_V_data_28_V, [8 x i8]* @ap_fifo_str, i32 0, i32 0, [1 x i8]* @p_str, i32 0, i32 0, [1 x i8]* @p_str, [1 x i8]* @p_str, [1 x i8]* @p_str, i32 2, i32 2, i32 16, i32 16, [1 x i8]* @p_str, [1 x i8]* @p_str)"   --->   Operation 25 'specinterface' <Predicate = true> <Delay = 0.00>
ST_1 : Operation 26 [1/1] (0.00ns)   --->   "call void (...)* @_ssdm_op_SpecInterface(i14* %res_V_data_27_V, [8 x i8]* @ap_fifo_str, i32 0, i32 0, [1 x i8]* @p_str, i32 0, i32 0, [1 x i8]* @p_str, [1 x i8]* @p_str, [1 x i8]* @p_str, i32 2, i32 2, i32 16, i32 16, [1 x i8]* @p_str, [1 x i8]* @p_str)"   --->   Operation 26 'specinterface' <Predicate = true> <Delay = 0.00>
ST_1 : Operation 27 [1/1] (0.00ns)   --->   "call void (...)* @_ssdm_op_SpecInterface(i14* %res_V_data_26_V, [8 x i8]* @ap_fifo_str, i32 0, i32 0, [1 x i8]* @p_str, i32 0, i32 0, [1 x i8]* @p_str, [1 x i8]* @p_str, [1 x i8]* @p_str, i32 2, i32 2, i32 16, i32 16, [1 x i8]* @p_str, [1 x i8]* @p_str)"   --->   Operation 27 'specinterface' <Predicate = true> <Delay = 0.00>
ST_1 : Operation 28 [1/1] (0.00ns)   --->   "call void (...)* @_ssdm_op_SpecInterface(i14* %res_V_data_25_V, [8 x i8]* @ap_fifo_str, i32 0, i32 0, [1 x i8]* @p_str, i32 0, i32 0, [1 x i8]* @p_str, [1 x i8]* @p_str, [1 x i8]* @p_str, i32 2, i32 2, i32 16, i32 16, [1 x i8]* @p_str, [1 x i8]* @p_str)"   --->   Operation 28 'specinterface' <Predicate = true> <Delay = 0.00>
ST_1 : Operation 29 [1/1] (0.00ns)   --->   "call void (...)* @_ssdm_op_SpecInterface(i14* %res_V_data_24_V, [8 x i8]* @ap_fifo_str, i32 0, i32 0, [1 x i8]* @p_str, i32 0, i32 0, [1 x i8]* @p_str, [1 x i8]* @p_str, [1 x i8]* @p_str, i32 2, i32 2, i32 16, i32 16, [1 x i8]* @p_str, [1 x i8]* @p_str)"   --->   Operation 29 'specinterface' <Predicate = true> <Delay = 0.00>
ST_1 : Operation 30 [1/1] (0.00ns)   --->   "call void (...)* @_ssdm_op_SpecInterface(i14* %res_V_data_23_V, [8 x i8]* @ap_fifo_str, i32 0, i32 0, [1 x i8]* @p_str, i32 0, i32 0, [1 x i8]* @p_str, [1 x i8]* @p_str, [1 x i8]* @p_str, i32 2, i32 2, i32 16, i32 16, [1 x i8]* @p_str, [1 x i8]* @p_str)"   --->   Operation 30 'specinterface' <Predicate = true> <Delay = 0.00>
ST_1 : Operation 31 [1/1] (0.00ns)   --->   "call void (...)* @_ssdm_op_SpecInterface(i14* %res_V_data_22_V, [8 x i8]* @ap_fifo_str, i32 0, i32 0, [1 x i8]* @p_str, i32 0, i32 0, [1 x i8]* @p_str, [1 x i8]* @p_str, [1 x i8]* @p_str, i32 2, i32 2, i32 16, i32 16, [1 x i8]* @p_str, [1 x i8]* @p_str)"   --->   Operation 31 'specinterface' <Predicate = true> <Delay = 0.00>
ST_1 : Operation 32 [1/1] (0.00ns)   --->   "call void (...)* @_ssdm_op_SpecInterface(i14* %res_V_data_21_V, [8 x i8]* @ap_fifo_str, i32 0, i32 0, [1 x i8]* @p_str, i32 0, i32 0, [1 x i8]* @p_str, [1 x i8]* @p_str, [1 x i8]* @p_str, i32 2, i32 2, i32 16, i32 16, [1 x i8]* @p_str, [1 x i8]* @p_str)"   --->   Operation 32 'specinterface' <Predicate = true> <Delay = 0.00>
ST_1 : Operation 33 [1/1] (0.00ns)   --->   "call void (...)* @_ssdm_op_SpecInterface(i14* %res_V_data_20_V, [8 x i8]* @ap_fifo_str, i32 0, i32 0, [1 x i8]* @p_str, i32 0, i32 0, [1 x i8]* @p_str, [1 x i8]* @p_str, [1 x i8]* @p_str, i32 2, i32 2, i32 16, i32 16, [1 x i8]* @p_str, [1 x i8]* @p_str)"   --->   Operation 33 'specinterface' <Predicate = true> <Delay = 0.00>
ST_1 : Operation 34 [1/1] (0.00ns)   --->   "call void (...)* @_ssdm_op_SpecInterface(i14* %res_V_data_19_V, [8 x i8]* @ap_fifo_str, i32 0, i32 0, [1 x i8]* @p_str, i32 0, i32 0, [1 x i8]* @p_str, [1 x i8]* @p_str, [1 x i8]* @p_str, i32 2, i32 2, i32 16, i32 16, [1 x i8]* @p_str, [1 x i8]* @p_str)"   --->   Operation 34 'specinterface' <Predicate = true> <Delay = 0.00>
ST_1 : Operation 35 [1/1] (0.00ns)   --->   "call void (...)* @_ssdm_op_SpecInterface(i14* %res_V_data_18_V, [8 x i8]* @ap_fifo_str, i32 0, i32 0, [1 x i8]* @p_str, i32 0, i32 0, [1 x i8]* @p_str, [1 x i8]* @p_str, [1 x i8]* @p_str, i32 2, i32 2, i32 16, i32 16, [1 x i8]* @p_str, [1 x i8]* @p_str)"   --->   Operation 35 'specinterface' <Predicate = true> <Delay = 0.00>
ST_1 : Operation 36 [1/1] (0.00ns)   --->   "call void (...)* @_ssdm_op_SpecInterface(i14* %res_V_data_17_V, [8 x i8]* @ap_fifo_str, i32 0, i32 0, [1 x i8]* @p_str, i32 0, i32 0, [1 x i8]* @p_str, [1 x i8]* @p_str, [1 x i8]* @p_str, i32 2, i32 2, i32 16, i32 16, [1 x i8]* @p_str, [1 x i8]* @p_str)"   --->   Operation 36 'specinterface' <Predicate = true> <Delay = 0.00>
ST_1 : Operation 37 [1/1] (0.00ns)   --->   "call void (...)* @_ssdm_op_SpecInterface(i14* %res_V_data_16_V, [8 x i8]* @ap_fifo_str, i32 0, i32 0, [1 x i8]* @p_str, i32 0, i32 0, [1 x i8]* @p_str, [1 x i8]* @p_str, [1 x i8]* @p_str, i32 2, i32 2, i32 16, i32 16, [1 x i8]* @p_str, [1 x i8]* @p_str)"   --->   Operation 37 'specinterface' <Predicate = true> <Delay = 0.00>
ST_1 : Operation 38 [1/1] (0.00ns)   --->   "call void (...)* @_ssdm_op_SpecInterface(i14* %res_V_data_15_V, [8 x i8]* @ap_fifo_str, i32 0, i32 0, [1 x i8]* @p_str, i32 0, i32 0, [1 x i8]* @p_str, [1 x i8]* @p_str, [1 x i8]* @p_str, i32 2, i32 2, i32 16, i32 16, [1 x i8]* @p_str, [1 x i8]* @p_str)"   --->   Operation 38 'specinterface' <Predicate = true> <Delay = 0.00>
ST_1 : Operation 39 [1/1] (0.00ns)   --->   "call void (...)* @_ssdm_op_SpecInterface(i14* %res_V_data_14_V, [8 x i8]* @ap_fifo_str, i32 0, i32 0, [1 x i8]* @p_str, i32 0, i32 0, [1 x i8]* @p_str, [1 x i8]* @p_str, [1 x i8]* @p_str, i32 2, i32 2, i32 16, i32 16, [1 x i8]* @p_str, [1 x i8]* @p_str)"   --->   Operation 39 'specinterface' <Predicate = true> <Delay = 0.00>
ST_1 : Operation 40 [1/1] (0.00ns)   --->   "call void (...)* @_ssdm_op_SpecInterface(i14* %res_V_data_13_V, [8 x i8]* @ap_fifo_str, i32 0, i32 0, [1 x i8]* @p_str, i32 0, i32 0, [1 x i8]* @p_str, [1 x i8]* @p_str, [1 x i8]* @p_str, i32 2, i32 2, i32 16, i32 16, [1 x i8]* @p_str, [1 x i8]* @p_str)"   --->   Operation 40 'specinterface' <Predicate = true> <Delay = 0.00>
ST_1 : Operation 41 [1/1] (0.00ns)   --->   "call void (...)* @_ssdm_op_SpecInterface(i14* %res_V_data_12_V, [8 x i8]* @ap_fifo_str, i32 0, i32 0, [1 x i8]* @p_str, i32 0, i32 0, [1 x i8]* @p_str, [1 x i8]* @p_str, [1 x i8]* @p_str, i32 2, i32 2, i32 16, i32 16, [1 x i8]* @p_str, [1 x i8]* @p_str)"   --->   Operation 41 'specinterface' <Predicate = true> <Delay = 0.00>
ST_1 : Operation 42 [1/1] (0.00ns)   --->   "call void (...)* @_ssdm_op_SpecInterface(i14* %res_V_data_11_V, [8 x i8]* @ap_fifo_str, i32 0, i32 0, [1 x i8]* @p_str, i32 0, i32 0, [1 x i8]* @p_str, [1 x i8]* @p_str, [1 x i8]* @p_str, i32 2, i32 2, i32 16, i32 16, [1 x i8]* @p_str, [1 x i8]* @p_str)"   --->   Operation 42 'specinterface' <Predicate = true> <Delay = 0.00>
ST_1 : Operation 43 [1/1] (0.00ns)   --->   "call void (...)* @_ssdm_op_SpecInterface(i14* %res_V_data_10_V, [8 x i8]* @ap_fifo_str, i32 0, i32 0, [1 x i8]* @p_str, i32 0, i32 0, [1 x i8]* @p_str, [1 x i8]* @p_str, [1 x i8]* @p_str, i32 2, i32 2, i32 16, i32 16, [1 x i8]* @p_str, [1 x i8]* @p_str)"   --->   Operation 43 'specinterface' <Predicate = true> <Delay = 0.00>
ST_1 : Operation 44 [1/1] (0.00ns)   --->   "call void (...)* @_ssdm_op_SpecInterface(i14* %res_V_data_9_V, [8 x i8]* @ap_fifo_str, i32 0, i32 0, [1 x i8]* @p_str, i32 0, i32 0, [1 x i8]* @p_str, [1 x i8]* @p_str, [1 x i8]* @p_str, i32 2, i32 2, i32 16, i32 16, [1 x i8]* @p_str, [1 x i8]* @p_str)"   --->   Operation 44 'specinterface' <Predicate = true> <Delay = 0.00>
ST_1 : Operation 45 [1/1] (0.00ns)   --->   "call void (...)* @_ssdm_op_SpecInterface(i14* %res_V_data_8_V, [8 x i8]* @ap_fifo_str, i32 0, i32 0, [1 x i8]* @p_str, i32 0, i32 0, [1 x i8]* @p_str, [1 x i8]* @p_str, [1 x i8]* @p_str, i32 2, i32 2, i32 16, i32 16, [1 x i8]* @p_str, [1 x i8]* @p_str)"   --->   Operation 45 'specinterface' <Predicate = true> <Delay = 0.00>
ST_1 : Operation 46 [1/1] (0.00ns)   --->   "call void (...)* @_ssdm_op_SpecInterface(i14* %res_V_data_7_V, [8 x i8]* @ap_fifo_str, i32 0, i32 0, [1 x i8]* @p_str, i32 0, i32 0, [1 x i8]* @p_str, [1 x i8]* @p_str, [1 x i8]* @p_str, i32 2, i32 2, i32 16, i32 16, [1 x i8]* @p_str, [1 x i8]* @p_str)"   --->   Operation 46 'specinterface' <Predicate = true> <Delay = 0.00>
ST_1 : Operation 47 [1/1] (0.00ns)   --->   "call void (...)* @_ssdm_op_SpecInterface(i14* %res_V_data_6_V, [8 x i8]* @ap_fifo_str, i32 0, i32 0, [1 x i8]* @p_str, i32 0, i32 0, [1 x i8]* @p_str, [1 x i8]* @p_str, [1 x i8]* @p_str, i32 2, i32 2, i32 16, i32 16, [1 x i8]* @p_str, [1 x i8]* @p_str)"   --->   Operation 47 'specinterface' <Predicate = true> <Delay = 0.00>
ST_1 : Operation 48 [1/1] (0.00ns)   --->   "call void (...)* @_ssdm_op_SpecInterface(i14* %res_V_data_5_V, [8 x i8]* @ap_fifo_str, i32 0, i32 0, [1 x i8]* @p_str, i32 0, i32 0, [1 x i8]* @p_str, [1 x i8]* @p_str, [1 x i8]* @p_str, i32 2, i32 2, i32 16, i32 16, [1 x i8]* @p_str, [1 x i8]* @p_str)"   --->   Operation 48 'specinterface' <Predicate = true> <Delay = 0.00>
ST_1 : Operation 49 [1/1] (0.00ns)   --->   "call void (...)* @_ssdm_op_SpecInterface(i14* %res_V_data_4_V, [8 x i8]* @ap_fifo_str, i32 0, i32 0, [1 x i8]* @p_str, i32 0, i32 0, [1 x i8]* @p_str, [1 x i8]* @p_str, [1 x i8]* @p_str, i32 2, i32 2, i32 16, i32 16, [1 x i8]* @p_str, [1 x i8]* @p_str)"   --->   Operation 49 'specinterface' <Predicate = true> <Delay = 0.00>
ST_1 : Operation 50 [1/1] (0.00ns)   --->   "call void (...)* @_ssdm_op_SpecInterface(i14* %res_V_data_3_V, [8 x i8]* @ap_fifo_str, i32 0, i32 0, [1 x i8]* @p_str, i32 0, i32 0, [1 x i8]* @p_str, [1 x i8]* @p_str, [1 x i8]* @p_str, i32 2, i32 2, i32 16, i32 16, [1 x i8]* @p_str, [1 x i8]* @p_str)"   --->   Operation 50 'specinterface' <Predicate = true> <Delay = 0.00>
ST_1 : Operation 51 [1/1] (0.00ns)   --->   "call void (...)* @_ssdm_op_SpecInterface(i14* %res_V_data_2_V, [8 x i8]* @ap_fifo_str, i32 0, i32 0, [1 x i8]* @p_str, i32 0, i32 0, [1 x i8]* @p_str, [1 x i8]* @p_str, [1 x i8]* @p_str, i32 2, i32 2, i32 16, i32 16, [1 x i8]* @p_str, [1 x i8]* @p_str)"   --->   Operation 51 'specinterface' <Predicate = true> <Delay = 0.00>
ST_1 : Operation 52 [1/1] (0.00ns)   --->   "call void (...)* @_ssdm_op_SpecInterface(i14* %res_V_data_1_V, [8 x i8]* @ap_fifo_str, i32 0, i32 0, [1 x i8]* @p_str, i32 0, i32 0, [1 x i8]* @p_str, [1 x i8]* @p_str, [1 x i8]* @p_str, i32 2, i32 2, i32 16, i32 16, [1 x i8]* @p_str, [1 x i8]* @p_str)"   --->   Operation 52 'specinterface' <Predicate = true> <Delay = 0.00>
ST_1 : Operation 53 [1/1] (0.00ns)   --->   "call void (...)* @_ssdm_op_SpecInterface(i14* %res_V_data_0_V, [8 x i8]* @ap_fifo_str, i32 0, i32 0, [1 x i8]* @p_str, i32 0, i32 0, [1 x i8]* @p_str, [1 x i8]* @p_str, [1 x i8]* @p_str, i32 2, i32 2, i32 16, i32 16, [1 x i8]* @p_str, [1 x i8]* @p_str)"   --->   Operation 53 'specinterface' <Predicate = true> <Delay = 0.00>
ST_1 : Operation 54 [1/1] (0.00ns)   --->   "call void (...)* @_ssdm_op_SpecInterface(i8* %data_V_data_0_V, [8 x i8]* @ap_fifo_str, i32 0, i32 0, [1 x i8]* @p_str, i32 0, i32 0, [1 x i8]* @p_str, [1 x i8]* @p_str, [1 x i8]* @p_str, i32 2, i32 2, i32 16, i32 16, [1 x i8]* @p_str, [1 x i8]* @p_str)"   --->   Operation 54 'specinterface' <Predicate = true> <Delay = 0.00>
ST_1 : Operation 55 [1/1] (0.00ns)   --->   "call void (...)* @_ssdm_op_SpecInterface(i8* %data_V_data_1_V, [8 x i8]* @ap_fifo_str, i32 0, i32 0, [1 x i8]* @p_str, i32 0, i32 0, [1 x i8]* @p_str, [1 x i8]* @p_str, [1 x i8]* @p_str, i32 2, i32 2, i32 16, i32 16, [1 x i8]* @p_str, [1 x i8]* @p_str)"   --->   Operation 55 'specinterface' <Predicate = true> <Delay = 0.00>
ST_1 : Operation 56 [1/1] (0.00ns)   --->   "call void (...)* @_ssdm_op_SpecInterface(i8* %data_V_data_2_V, [8 x i8]* @ap_fifo_str, i32 0, i32 0, [1 x i8]* @p_str, i32 0, i32 0, [1 x i8]* @p_str, [1 x i8]* @p_str, [1 x i8]* @p_str, i32 2, i32 2, i32 16, i32 16, [1 x i8]* @p_str, [1 x i8]* @p_str)"   --->   Operation 56 'specinterface' <Predicate = true> <Delay = 0.00>
ST_1 : Operation 57 [1/1] (1.76ns)   --->   "br label %ReadInputWidth_begin"   --->   Operation 57 'br' <Predicate = true> <Delay = 1.76>

State 2 <SV = 1> <Delay = 3.63>
ST_2 : Operation 58 [1/1] (0.00ns)   --->   "%indvar_flatten166 = phi i10 [ 0, %codeRepl ], [ %add_ln79, %ReadInputWidth_end ]" [firmware/nnet_utils/nnet_conv2d_stream.h:79->firmware/nnet_utils/nnet_conv2d_stream.h:103]   --->   Operation 58 'phi' 'indvar_flatten166' <Predicate = true> <Delay = 0.00>
ST_2 : Operation 59 [1/1] (0.00ns)   --->   "call void (...)* @_ssdm_op_SpecLoopName([31 x i8]* @ReadInputHeight_ReadInputWidth_str)"   --->   Operation 59 'specloopname' <Predicate = true> <Delay = 0.00>
ST_2 : Operation 60 [1/1] (0.00ns)   --->   "%empty_338 = call i32 (...)* @_ssdm_op_SpecLoopTripCount(i64 1024, i64 1024, i64 1024)"   --->   Operation 60 'speclooptripcount' 'empty_338' <Predicate = true> <Delay = 0.00>
ST_2 : Operation 61 [1/1] (0.00ns)   --->   "call void (...)* @_ssdm_op_SpecLoopName([15 x i8]* @p_str40) nounwind" [firmware/nnet_utils/nnet_conv2d_stream.h:81->firmware/nnet_utils/nnet_conv2d_stream.h:103]   --->   Operation 61 'specloopname' <Predicate = true> <Delay = 0.00>
ST_2 : Operation 62 [1/1] (0.00ns)   --->   "%tmp_s = call i32 (...)* @_ssdm_op_SpecRegionBegin([15 x i8]* @p_str40)" [firmware/nnet_utils/nnet_conv2d_stream.h:81->firmware/nnet_utils/nnet_conv2d_stream.h:103]   --->   Operation 62 'specregionbegin' 'tmp_s' <Predicate = true> <Delay = 0.00>
ST_2 : Operation 63 [1/1] (3.63ns)   --->   "%empty_339 = call { i8, i8, i8 } @_ssdm_op_Read.ap_fifo.volatile.i8P.i8P.i8P(i8* %data_V_data_0_V, i8* %data_V_data_1_V, i8* %data_V_data_2_V)" [firmware/nnet_utils/nnet_conv2d_stream.h:87->firmware/nnet_utils/nnet_conv2d_stream.h:103]   --->   Operation 63 'read' 'empty_339' <Predicate = true> <Delay = 3.63> <Core = "FIFO">   --->   Core 32 'FIFO' <Latency = 0> <II = 1> <Delay = 3.63> <Storage> <Opcode : 'read' 'write' 'nbread' 'nbwrite'> <Ports = 0> <Width = 14> <Depth = 1> <FIFO>
ST_2 : Operation 64 [1/1] (0.00ns)   --->   "%tmp_data_0_V_1 = extractvalue { i8, i8, i8 } %empty_339, 0" [firmware/nnet_utils/nnet_conv2d_stream.h:87->firmware/nnet_utils/nnet_conv2d_stream.h:103]   --->   Operation 64 'extractvalue' 'tmp_data_0_V_1' <Predicate = true> <Delay = 0.00>
ST_2 : Operation 65 [1/1] (0.00ns)   --->   "%tmp_data_1_V_1 = extractvalue { i8, i8, i8 } %empty_339, 1" [firmware/nnet_utils/nnet_conv2d_stream.h:87->firmware/nnet_utils/nnet_conv2d_stream.h:103]   --->   Operation 65 'extractvalue' 'tmp_data_1_V_1' <Predicate = true> <Delay = 0.00>
ST_2 : Operation 66 [1/1] (0.00ns)   --->   "%tmp_data_2_V_1 = extractvalue { i8, i8, i8 } %empty_339, 2" [firmware/nnet_utils/nnet_conv2d_stream.h:87->firmware/nnet_utils/nnet_conv2d_stream.h:103]   --->   Operation 66 'extractvalue' 'tmp_data_2_V_1' <Predicate = true> <Delay = 0.00>
ST_2 : Operation 67 [1/1] (1.73ns)   --->   "%add_ln79 = add i10 %indvar_flatten166, 1" [firmware/nnet_utils/nnet_conv2d_stream.h:79->firmware/nnet_utils/nnet_conv2d_stream.h:103]   --->   Operation 67 'add' 'add_ln79' <Predicate = true> <Delay = 1.73> <Core = "AddSub">   --->   Core 14 'AddSub' <Latency = 0> <II = 1> <Delay = 2.55> <FuncUnit> <Opcode : 'add' 'sub'> <InPorts = 2> <OutPorts = 1>
ST_2 : Operation 68 [1/1] (1.76ns)   --->   "br label %.preheader.i.i.i" [firmware/nnet_utils/nnet_conv_stream.h:241->firmware/nnet_utils/nnet_conv_stream.h:286->firmware/nnet_utils/nnet_conv2d_stream.h:87->firmware/nnet_utils/nnet_conv2d_stream.h:103]   --->   Operation 68 'br' <Predicate = true> <Delay = 1.76>

State 3 <SV = 2> <Delay = 3.40>
ST_3 : Operation 69 [1/1] (0.00ns)   --->   "%i_ic4_0_i_i_i = phi i2 [ 0, %ReadInputWidth_begin ], [ %i_ic, %.preheader.i.i.i.backedge ]"   --->   Operation 69 'phi' 'i_ic4_0_i_i_i' <Predicate = true> <Delay = 0.00>
ST_3 : Operation 70 [1/1] (0.95ns)   --->   "%icmp_ln241 = icmp eq i2 %i_ic4_0_i_i_i, -1" [firmware/nnet_utils/nnet_conv_stream.h:241->firmware/nnet_utils/nnet_conv_stream.h:286->firmware/nnet_utils/nnet_conv2d_stream.h:87->firmware/nnet_utils/nnet_conv2d_stream.h:103]   --->   Operation 70 'icmp' 'icmp_ln241' <Predicate = true> <Delay = 0.95> <Core = "Cmp">   --->   Core 25 'Cmp' <Latency = 0> <II = 1> <Delay = 1.77> <FuncUnit> <Opcode : 'icmp'> <InPorts = 2> <OutPorts = 1>
ST_3 : Operation 71 [1/1] (0.00ns)   --->   "%empty = call i32 (...)* @_ssdm_op_SpecLoopTripCount(i64 3, i64 3, i64 3)"   --->   Operation 71 'speclooptripcount' 'empty' <Predicate = true> <Delay = 0.00>
ST_3 : Operation 72 [1/1] (1.56ns)   --->   "%i_ic = add i2 %i_ic4_0_i_i_i, 1" [firmware/nnet_utils/nnet_conv_stream.h:241->firmware/nnet_utils/nnet_conv_stream.h:286->firmware/nnet_utils/nnet_conv2d_stream.h:87->firmware/nnet_utils/nnet_conv2d_stream.h:103]   --->   Operation 72 'add' 'i_ic' <Predicate = true> <Delay = 1.56> <Core = "AddSub">   --->   Core 14 'AddSub' <Latency = 0> <II = 1> <Delay = 2.55> <FuncUnit> <Opcode : 'add' 'sub'> <InPorts = 2> <OutPorts = 1>
ST_3 : Operation 73 [1/1] (0.00ns)   --->   "br i1 %icmp_ln241, label %.preheader1.preheader, label %0" [firmware/nnet_utils/nnet_conv_stream.h:241->firmware/nnet_utils/nnet_conv_stream.h:286->firmware/nnet_utils/nnet_conv2d_stream.h:87->firmware/nnet_utils/nnet_conv2d_stream.h:103]   --->   Operation 73 'br' <Predicate = true> <Delay = 0.00>
ST_3 : Operation 74 [1/1] (0.00ns)   --->   "call void (...)* @_ssdm_op_SpecLoopName([17 x i8]* @p_str44) nounwind" [firmware/nnet_utils/nnet_conv_stream.h:241->firmware/nnet_utils/nnet_conv_stream.h:286->firmware/nnet_utils/nnet_conv2d_stream.h:87->firmware/nnet_utils/nnet_conv2d_stream.h:103]   --->   Operation 74 'specloopname' <Predicate = (!icmp_ln241)> <Delay = 0.00>
ST_3 : Operation 75 [1/1] (1.77ns)   --->   "%DataIn_V_assign = call i8 @_ssdm_op_Mux.ap_auto.3i8.i2(i8 %tmp_data_0_V_1, i8 %tmp_data_1_V_1, i8 %tmp_data_2_V_1, i2 %i_ic4_0_i_i_i)" [firmware/nnet_utils/nnet_conv_stream.h:246->firmware/nnet_utils/nnet_conv_stream.h:286->firmware/nnet_utils/nnet_conv2d_stream.h:87->firmware/nnet_utils/nnet_conv2d_stream.h:103]   --->   Operation 75 'mux' 'DataIn_V_assign' <Predicate = (!icmp_ln241)> <Delay = 1.77> <Core = "MuxnS">   --->   Core 31 'MuxnS' <Latency = 0> <II = 1> <Delay = 1.77> <FuncUnit> <Opcode : 'mux'> <InPorts = 2> <OutPorts = 1>
ST_3 : Operation 76 [1/1] (1.13ns)   --->   "switch i2 %i_ic4_0_i_i_i, label %branch601 [
    i2 0, label %branch599
    i2 1, label %branch600
  ]" [firmware/nnet_utils/nnet_conv_stream.h:246->firmware/nnet_utils/nnet_conv_stream.h:286->firmware/nnet_utils/nnet_conv2d_stream.h:87->firmware/nnet_utils/nnet_conv2d_stream.h:103]   --->   Operation 76 'switch' <Predicate = (!icmp_ln241)> <Delay = 1.13>
ST_3 : Operation 77 [1/1] (1.62ns)   --->   "%DataOut_V_2 = call i8 @"_ssdm_op_MemShiftRead.[32 x i8]P"(i8* getelementptr inbounds ([32 x i8]* @line_buffer_Array_V_2_0_1, i64 0, i64 31), i8 %DataIn_V_assign, i1 true)" [firmware/nnet_utils/nnet_conv_stream.h:246->firmware/nnet_utils/nnet_conv_stream.h:286->firmware/nnet_utils/nnet_conv2d_stream.h:87->firmware/nnet_utils/nnet_conv2d_stream.h:103]   --->   Operation 77 'memshiftread' 'DataOut_V_2' <Predicate = (!icmp_ln241 & i_ic4_0_i_i_i == 1)> <Delay = 1.62> <Core = "ShiftReg">   --->   Core 33 'ShiftReg' <Latency = 0> <II = 1> <Delay = 1.62> <Storage> <Opcode : 'memshiftread' 'load'> <Ports = 1> <Width = 8> <Depth = 32> <ShiftMem>
ST_3 : Operation 78 [1/1] (1.81ns)   --->   "br label %1" [firmware/nnet_utils/nnet_conv_stream.h:246->firmware/nnet_utils/nnet_conv_stream.h:286->firmware/nnet_utils/nnet_conv2d_stream.h:87->firmware/nnet_utils/nnet_conv2d_stream.h:103]   --->   Operation 78 'br' <Predicate = (!icmp_ln241 & i_ic4_0_i_i_i == 1)> <Delay = 1.81>
ST_3 : Operation 79 [1/1] (1.62ns)   --->   "%DataOut_V_1 = call i8 @"_ssdm_op_MemShiftRead.[32 x i8]P"(i8* getelementptr inbounds ([32 x i8]* @line_buffer_Array_V_2_0_0, i64 0, i64 31), i8 %DataIn_V_assign, i1 true)" [firmware/nnet_utils/nnet_conv_stream.h:246->firmware/nnet_utils/nnet_conv_stream.h:286->firmware/nnet_utils/nnet_conv2d_stream.h:87->firmware/nnet_utils/nnet_conv2d_stream.h:103]   --->   Operation 79 'memshiftread' 'DataOut_V_1' <Predicate = (!icmp_ln241 & i_ic4_0_i_i_i == 0)> <Delay = 1.62> <Core = "ShiftReg">   --->   Core 33 'ShiftReg' <Latency = 0> <II = 1> <Delay = 1.62> <Storage> <Opcode : 'memshiftread' 'load'> <Ports = 1> <Width = 8> <Depth = 32> <ShiftMem>
ST_3 : Operation 80 [1/1] (1.81ns)   --->   "br label %1" [firmware/nnet_utils/nnet_conv_stream.h:246->firmware/nnet_utils/nnet_conv_stream.h:286->firmware/nnet_utils/nnet_conv2d_stream.h:87->firmware/nnet_utils/nnet_conv2d_stream.h:103]   --->   Operation 80 'br' <Predicate = (!icmp_ln241 & i_ic4_0_i_i_i == 0)> <Delay = 1.81>
ST_3 : Operation 81 [1/1] (1.62ns)   --->   "%DataOut_V = call i8 @"_ssdm_op_MemShiftRead.[32 x i8]P"(i8* getelementptr inbounds ([32 x i8]* @line_buffer_Array_V_2_0_2, i64 0, i64 31), i8 %DataIn_V_assign, i1 true)" [firmware/nnet_utils/nnet_conv_stream.h:246->firmware/nnet_utils/nnet_conv_stream.h:286->firmware/nnet_utils/nnet_conv2d_stream.h:87->firmware/nnet_utils/nnet_conv2d_stream.h:103]   --->   Operation 81 'memshiftread' 'DataOut_V' <Predicate = (!icmp_ln241 & i_ic4_0_i_i_i != 0 & i_ic4_0_i_i_i != 1)> <Delay = 1.62> <Core = "ShiftReg">   --->   Core 33 'ShiftReg' <Latency = 0> <II = 1> <Delay = 1.62> <Storage> <Opcode : 'memshiftread' 'load'> <Ports = 1> <Width = 8> <Depth = 32> <ShiftMem>
ST_3 : Operation 82 [1/1] (1.81ns)   --->   "br label %1" [firmware/nnet_utils/nnet_conv_stream.h:246->firmware/nnet_utils/nnet_conv_stream.h:286->firmware/nnet_utils/nnet_conv2d_stream.h:87->firmware/nnet_utils/nnet_conv2d_stream.h:103]   --->   Operation 82 'br' <Predicate = (!icmp_ln241 & i_ic4_0_i_i_i != 0 & i_ic4_0_i_i_i != 1)> <Delay = 1.81>
ST_3 : Operation 83 [1/1] (0.00ns)   --->   "%kernel_data_V_2_7_load = load i8* @kernel_data_V_2_7, align 1" [firmware/nnet_utils/nnet_conv_stream.h:201->firmware/nnet_utils/nnet_conv_stream.h:252->firmware/nnet_utils/nnet_conv_stream.h:286->firmware/nnet_utils/nnet_conv2d_stream.h:87->firmware/nnet_utils/nnet_conv2d_stream.h:103]   --->   Operation 83 'load' 'kernel_data_V_2_7_load' <Predicate = (icmp_ln241)> <Delay = 0.00>
ST_3 : Operation 84 [1/1] (0.00ns)   --->   "%kernel_data_V_2_8_load = load i8* @kernel_data_V_2_8, align 1" [firmware/nnet_utils/nnet_conv_stream.h:201->firmware/nnet_utils/nnet_conv_stream.h:252->firmware/nnet_utils/nnet_conv_stream.h:286->firmware/nnet_utils/nnet_conv2d_stream.h:87->firmware/nnet_utils/nnet_conv2d_stream.h:103]   --->   Operation 84 'load' 'kernel_data_V_2_8_load' <Predicate = (icmp_ln241)> <Delay = 0.00>
ST_3 : Operation 85 [1/1] (0.00ns)   --->   "%kernel_data_V_2_16_load = load i8* @kernel_data_V_2_16, align 1" [firmware/nnet_utils/nnet_conv_stream.h:201->firmware/nnet_utils/nnet_conv_stream.h:252->firmware/nnet_utils/nnet_conv_stream.h:286->firmware/nnet_utils/nnet_conv2d_stream.h:87->firmware/nnet_utils/nnet_conv2d_stream.h:103]   --->   Operation 85 'load' 'kernel_data_V_2_16_load' <Predicate = (icmp_ln241)> <Delay = 0.00>
ST_3 : Operation 86 [1/1] (0.00ns)   --->   "%kernel_data_V_2_17_load = load i8* @kernel_data_V_2_17, align 1" [firmware/nnet_utils/nnet_conv_stream.h:201->firmware/nnet_utils/nnet_conv_stream.h:252->firmware/nnet_utils/nnet_conv_stream.h:286->firmware/nnet_utils/nnet_conv2d_stream.h:87->firmware/nnet_utils/nnet_conv2d_stream.h:103]   --->   Operation 86 'load' 'kernel_data_V_2_17_load' <Predicate = (icmp_ln241)> <Delay = 0.00>
ST_3 : Operation 87 [1/1] (0.00ns)   --->   "%kernel_data_V_2_25_load = load i8* @kernel_data_V_2_25, align 1" [firmware/nnet_utils/nnet_conv_stream.h:201->firmware/nnet_utils/nnet_conv_stream.h:252->firmware/nnet_utils/nnet_conv_stream.h:286->firmware/nnet_utils/nnet_conv2d_stream.h:87->firmware/nnet_utils/nnet_conv2d_stream.h:103]   --->   Operation 87 'load' 'kernel_data_V_2_25_load' <Predicate = (icmp_ln241)> <Delay = 0.00>
ST_3 : Operation 88 [1/1] (0.00ns)   --->   "%kernel_data_V_2_26_load = load i8* @kernel_data_V_2_26, align 1" [firmware/nnet_utils/nnet_conv_stream.h:201->firmware/nnet_utils/nnet_conv_stream.h:252->firmware/nnet_utils/nnet_conv_stream.h:286->firmware/nnet_utils/nnet_conv2d_stream.h:87->firmware/nnet_utils/nnet_conv2d_stream.h:103]   --->   Operation 88 'load' 'kernel_data_V_2_26_load' <Predicate = (icmp_ln241)> <Delay = 0.00>
ST_3 : Operation 89 [1/1] (0.00ns)   --->   "%kernel_data_V_2_15_load = load i8* @kernel_data_V_2_15, align 1" [firmware/nnet_utils/nnet_conv_stream.h:201->firmware/nnet_utils/nnet_conv_stream.h:252->firmware/nnet_utils/nnet_conv_stream.h:286->firmware/nnet_utils/nnet_conv2d_stream.h:87->firmware/nnet_utils/nnet_conv2d_stream.h:103]   --->   Operation 89 'load' 'kernel_data_V_2_15_load' <Predicate = (icmp_ln241)> <Delay = 0.00>
ST_3 : Operation 90 [1/1] (1.76ns)   --->   "br label %.preheader1" [firmware/nnet_utils/nnet_conv_stream.h:194->firmware/nnet_utils/nnet_conv_stream.h:252->firmware/nnet_utils/nnet_conv_stream.h:286->firmware/nnet_utils/nnet_conv2d_stream.h:87->firmware/nnet_utils/nnet_conv2d_stream.h:103]   --->   Operation 90 'br' <Predicate = (icmp_ln241)> <Delay = 1.76>

State 4 <SV = 3> <Delay = 1.81>
ST_4 : Operation 91 [1/1] (0.00ns)   --->   "%shift_buffer_1_0_V = phi i8 [ %DataOut_V, %branch601 ], [ %DataOut_V_2, %branch600 ], [ %DataOut_V_1, %branch599 ]"   --->   Operation 91 'phi' 'shift_buffer_1_0_V' <Predicate = true> <Delay = 0.00>
ST_4 : Operation 92 [1/1] (1.13ns)   --->   "switch i2 %i_ic4_0_i_i_i, label %branch610 [
    i2 0, label %.branch608_crit_edge
    i2 1, label %branch609
  ]" [firmware/nnet_utils/nnet_conv_stream.h:248->firmware/nnet_utils/nnet_conv_stream.h:286->firmware/nnet_utils/nnet_conv2d_stream.h:87->firmware/nnet_utils/nnet_conv2d_stream.h:103]   --->   Operation 92 'switch' <Predicate = true> <Delay = 1.13>
ST_4 : Operation 93 [1/1] (0.00ns)   --->   "store i8 %shift_buffer_1_0_V, i8* %shift_buffer_1_2_V_1" [firmware/nnet_utils/nnet_conv_stream.h:248->firmware/nnet_utils/nnet_conv_stream.h:286->firmware/nnet_utils/nnet_conv2d_stream.h:87->firmware/nnet_utils/nnet_conv2d_stream.h:103]   --->   Operation 93 'store' <Predicate = (i_ic4_0_i_i_i == 1)> <Delay = 0.00>
ST_4 : Operation 94 [1/1] (0.00ns)   --->   "br label %branch608" [firmware/nnet_utils/nnet_conv_stream.h:248->firmware/nnet_utils/nnet_conv_stream.h:286->firmware/nnet_utils/nnet_conv2d_stream.h:87->firmware/nnet_utils/nnet_conv2d_stream.h:103]   --->   Operation 94 'br' <Predicate = (i_ic4_0_i_i_i == 1)> <Delay = 0.00>
ST_4 : Operation 95 [1/1] (0.00ns)   --->   "store i8 %shift_buffer_1_0_V, i8* %shift_buffer_1_2_V_2" [firmware/nnet_utils/nnet_conv_stream.h:248->firmware/nnet_utils/nnet_conv_stream.h:286->firmware/nnet_utils/nnet_conv2d_stream.h:87->firmware/nnet_utils/nnet_conv2d_stream.h:103]   --->   Operation 95 'store' <Predicate = (i_ic4_0_i_i_i == 0)> <Delay = 0.00>
ST_4 : Operation 96 [1/1] (0.00ns)   --->   "br label %branch608" [firmware/nnet_utils/nnet_conv_stream.h:248->firmware/nnet_utils/nnet_conv_stream.h:286->firmware/nnet_utils/nnet_conv2d_stream.h:87->firmware/nnet_utils/nnet_conv2d_stream.h:103]   --->   Operation 96 'br' <Predicate = (i_ic4_0_i_i_i == 0)> <Delay = 0.00>
ST_4 : Operation 97 [1/1] (0.00ns)   --->   "store i8 %shift_buffer_1_0_V, i8* %shift_buffer_1_2_V" [firmware/nnet_utils/nnet_conv_stream.h:248->firmware/nnet_utils/nnet_conv_stream.h:286->firmware/nnet_utils/nnet_conv2d_stream.h:87->firmware/nnet_utils/nnet_conv2d_stream.h:103]   --->   Operation 97 'store' <Predicate = (i_ic4_0_i_i_i != 0 & i_ic4_0_i_i_i != 1)> <Delay = 0.00>
ST_4 : Operation 98 [1/1] (0.00ns)   --->   "br label %branch608" [firmware/nnet_utils/nnet_conv_stream.h:248->firmware/nnet_utils/nnet_conv_stream.h:286->firmware/nnet_utils/nnet_conv2d_stream.h:87->firmware/nnet_utils/nnet_conv2d_stream.h:103]   --->   Operation 98 'br' <Predicate = (i_ic4_0_i_i_i != 0 & i_ic4_0_i_i_i != 1)> <Delay = 0.00>
ST_4 : Operation 99 [1/1] (1.13ns)   --->   "switch i2 %i_ic4_0_i_i_i, label %branch604 [
    i2 0, label %branch602
    i2 1, label %branch603
  ]" [firmware/nnet_utils/nnet_conv_stream.h:246->firmware/nnet_utils/nnet_conv_stream.h:286->firmware/nnet_utils/nnet_conv2d_stream.h:87->firmware/nnet_utils/nnet_conv2d_stream.h:103]   --->   Operation 99 'switch' <Predicate = true> <Delay = 1.13>
ST_4 : Operation 100 [1/1] (1.62ns)   --->   "%DataOut_V_5 = call i8 @"_ssdm_op_MemShiftRead.[32 x i8]P"(i8* getelementptr inbounds ([32 x i8]* @line_buffer_Array_V_2_1_1, i64 0, i64 31), i8 %shift_buffer_1_0_V, i1 true)" [firmware/nnet_utils/nnet_conv_stream.h:246->firmware/nnet_utils/nnet_conv_stream.h:286->firmware/nnet_utils/nnet_conv2d_stream.h:87->firmware/nnet_utils/nnet_conv2d_stream.h:103]   --->   Operation 100 'memshiftread' 'DataOut_V_5' <Predicate = (i_ic4_0_i_i_i == 1)> <Delay = 1.62> <Core = "ShiftReg">   --->   Core 33 'ShiftReg' <Latency = 0> <II = 1> <Delay = 1.62> <Storage> <Opcode : 'memshiftread' 'load'> <Ports = 1> <Width = 8> <Depth = 32> <ShiftMem>
ST_4 : Operation 101 [1/1] (1.81ns)   --->   "br label %2" [firmware/nnet_utils/nnet_conv_stream.h:246->firmware/nnet_utils/nnet_conv_stream.h:286->firmware/nnet_utils/nnet_conv2d_stream.h:87->firmware/nnet_utils/nnet_conv2d_stream.h:103]   --->   Operation 101 'br' <Predicate = (i_ic4_0_i_i_i == 1)> <Delay = 1.81>
ST_4 : Operation 102 [1/1] (1.62ns)   --->   "%DataOut_V_4 = call i8 @"_ssdm_op_MemShiftRead.[32 x i8]P"(i8* getelementptr inbounds ([32 x i8]* @line_buffer_Array_V_2_1_0, i64 0, i64 31), i8 %shift_buffer_1_0_V, i1 true)" [firmware/nnet_utils/nnet_conv_stream.h:246->firmware/nnet_utils/nnet_conv_stream.h:286->firmware/nnet_utils/nnet_conv2d_stream.h:87->firmware/nnet_utils/nnet_conv2d_stream.h:103]   --->   Operation 102 'memshiftread' 'DataOut_V_4' <Predicate = (i_ic4_0_i_i_i == 0)> <Delay = 1.62> <Core = "ShiftReg">   --->   Core 33 'ShiftReg' <Latency = 0> <II = 1> <Delay = 1.62> <Storage> <Opcode : 'memshiftread' 'load'> <Ports = 1> <Width = 8> <Depth = 32> <ShiftMem>
ST_4 : Operation 103 [1/1] (1.81ns)   --->   "br label %2" [firmware/nnet_utils/nnet_conv_stream.h:246->firmware/nnet_utils/nnet_conv_stream.h:286->firmware/nnet_utils/nnet_conv2d_stream.h:87->firmware/nnet_utils/nnet_conv2d_stream.h:103]   --->   Operation 103 'br' <Predicate = (i_ic4_0_i_i_i == 0)> <Delay = 1.81>
ST_4 : Operation 104 [1/1] (1.62ns)   --->   "%DataOut_V_3 = call i8 @"_ssdm_op_MemShiftRead.[32 x i8]P"(i8* getelementptr inbounds ([32 x i8]* @line_buffer_Array_V_2_1_2, i64 0, i64 31), i8 %shift_buffer_1_0_V, i1 true)" [firmware/nnet_utils/nnet_conv_stream.h:246->firmware/nnet_utils/nnet_conv_stream.h:286->firmware/nnet_utils/nnet_conv2d_stream.h:87->firmware/nnet_utils/nnet_conv2d_stream.h:103]   --->   Operation 104 'memshiftread' 'DataOut_V_3' <Predicate = (i_ic4_0_i_i_i != 0 & i_ic4_0_i_i_i != 1)> <Delay = 1.62> <Core = "ShiftReg">   --->   Core 33 'ShiftReg' <Latency = 0> <II = 1> <Delay = 1.62> <Storage> <Opcode : 'memshiftread' 'load'> <Ports = 1> <Width = 8> <Depth = 32> <ShiftMem>
ST_4 : Operation 105 [1/1] (1.81ns)   --->   "br label %2" [firmware/nnet_utils/nnet_conv_stream.h:246->firmware/nnet_utils/nnet_conv_stream.h:286->firmware/nnet_utils/nnet_conv2d_stream.h:87->firmware/nnet_utils/nnet_conv2d_stream.h:103]   --->   Operation 105 'br' <Predicate = (i_ic4_0_i_i_i != 0 & i_ic4_0_i_i_i != 1)> <Delay = 1.81>

State 5 <SV = 4> <Delay = 1.13>
ST_5 : Operation 106 [1/1] (0.00ns)   --->   "%shift_buffer_0_0_V = phi i8 [ %DataOut_V_3, %branch604 ], [ %DataOut_V_5, %branch603 ], [ %DataOut_V_4, %branch602 ]"   --->   Operation 106 'phi' 'shift_buffer_0_0_V' <Predicate = true> <Delay = 0.00>
ST_5 : Operation 107 [1/1] (1.13ns)   --->   "switch i2 %i_ic4_0_i_i_i, label %branch607 [
    i2 0, label %..preheader.i.i.i.backedge_crit_edge
    i2 1, label %branch606
  ]" [firmware/nnet_utils/nnet_conv_stream.h:248->firmware/nnet_utils/nnet_conv_stream.h:286->firmware/nnet_utils/nnet_conv2d_stream.h:87->firmware/nnet_utils/nnet_conv2d_stream.h:103]   --->   Operation 107 'switch' <Predicate = true> <Delay = 1.13>
ST_5 : Operation 108 [1/1] (0.00ns)   --->   "store i8 %shift_buffer_0_0_V, i8* %shift_buffer_0_2_V_1" [firmware/nnet_utils/nnet_conv_stream.h:248->firmware/nnet_utils/nnet_conv_stream.h:286->firmware/nnet_utils/nnet_conv2d_stream.h:87->firmware/nnet_utils/nnet_conv2d_stream.h:103]   --->   Operation 108 'store' <Predicate = (i_ic4_0_i_i_i == 1)> <Delay = 0.00>
ST_5 : Operation 109 [1/1] (0.00ns)   --->   "br label %.preheader.i.i.i.backedge" [firmware/nnet_utils/nnet_conv_stream.h:248->firmware/nnet_utils/nnet_conv_stream.h:286->firmware/nnet_utils/nnet_conv2d_stream.h:87->firmware/nnet_utils/nnet_conv2d_stream.h:103]   --->   Operation 109 'br' <Predicate = (i_ic4_0_i_i_i == 1)> <Delay = 0.00>
ST_5 : Operation 110 [1/1] (0.00ns)   --->   "store i8 %shift_buffer_0_0_V, i8* %shift_buffer_0_2_V_2" [firmware/nnet_utils/nnet_conv_stream.h:248->firmware/nnet_utils/nnet_conv_stream.h:286->firmware/nnet_utils/nnet_conv2d_stream.h:87->firmware/nnet_utils/nnet_conv2d_stream.h:103]   --->   Operation 110 'store' <Predicate = (i_ic4_0_i_i_i == 0)> <Delay = 0.00>
ST_5 : Operation 111 [1/1] (0.00ns)   --->   "br label %.preheader.i.i.i.backedge" [firmware/nnet_utils/nnet_conv_stream.h:248->firmware/nnet_utils/nnet_conv_stream.h:286->firmware/nnet_utils/nnet_conv2d_stream.h:87->firmware/nnet_utils/nnet_conv2d_stream.h:103]   --->   Operation 111 'br' <Predicate = (i_ic4_0_i_i_i == 0)> <Delay = 0.00>
ST_5 : Operation 112 [1/1] (0.00ns)   --->   "store i8 %shift_buffer_0_0_V, i8* %shift_buffer_0_2_V" [firmware/nnet_utils/nnet_conv_stream.h:248->firmware/nnet_utils/nnet_conv_stream.h:286->firmware/nnet_utils/nnet_conv2d_stream.h:87->firmware/nnet_utils/nnet_conv2d_stream.h:103]   --->   Operation 112 'store' <Predicate = (i_ic4_0_i_i_i != 0 & i_ic4_0_i_i_i != 1)> <Delay = 0.00>
ST_5 : Operation 113 [1/1] (0.00ns)   --->   "br label %.preheader.i.i.i.backedge" [firmware/nnet_utils/nnet_conv_stream.h:248->firmware/nnet_utils/nnet_conv_stream.h:286->firmware/nnet_utils/nnet_conv2d_stream.h:87->firmware/nnet_utils/nnet_conv2d_stream.h:103]   --->   Operation 113 'br' <Predicate = (i_ic4_0_i_i_i != 0 & i_ic4_0_i_i_i != 1)> <Delay = 0.00>
ST_5 : Operation 114 [1/1] (0.00ns)   --->   "br label %.preheader.i.i.i"   --->   Operation 114 'br' <Predicate = true> <Delay = 0.00>

State 6 <SV = 3> <Delay = 4.14>
ST_6 : Operation 115 [1/1] (0.00ns)   --->   "%i_iw_0_i_i_i_i = phi i2 [ %i_iw, %KernelShiftWidth_end ], [ 0, %.preheader1.preheader ]"   --->   Operation 115 'phi' 'i_iw_0_i_i_i_i' <Predicate = true> <Delay = 0.00>
ST_6 : Operation 116 [1/1] (0.95ns)   --->   "%icmp_ln194 = icmp eq i2 %i_iw_0_i_i_i_i, -2" [firmware/nnet_utils/nnet_conv_stream.h:194->firmware/nnet_utils/nnet_conv_stream.h:252->firmware/nnet_utils/nnet_conv_stream.h:286->firmware/nnet_utils/nnet_conv2d_stream.h:87->firmware/nnet_utils/nnet_conv2d_stream.h:103]   --->   Operation 116 'icmp' 'icmp_ln194' <Predicate = true> <Delay = 0.95> <Core = "Cmp">   --->   Core 25 'Cmp' <Latency = 0> <II = 1> <Delay = 1.77> <FuncUnit> <Opcode : 'icmp'> <InPorts = 2> <OutPorts = 1>
ST_6 : Operation 117 [1/1] (0.00ns)   --->   "%empty_326 = call i32 (...)* @_ssdm_op_SpecLoopTripCount(i64 2, i64 2, i64 2)"   --->   Operation 117 'speclooptripcount' 'empty_326' <Predicate = true> <Delay = 0.00>
ST_6 : Operation 118 [1/1] (1.56ns)   --->   "%i_iw = add i2 %i_iw_0_i_i_i_i, 1" [firmware/nnet_utils/nnet_conv_stream.h:194->firmware/nnet_utils/nnet_conv_stream.h:252->firmware/nnet_utils/nnet_conv_stream.h:286->firmware/nnet_utils/nnet_conv2d_stream.h:87->firmware/nnet_utils/nnet_conv2d_stream.h:103]   --->   Operation 118 'add' 'i_iw' <Predicate = true> <Delay = 1.56> <Core = "AddSub">   --->   Core 14 'AddSub' <Latency = 0> <II = 1> <Delay = 2.55> <FuncUnit> <Opcode : 'add' 'sub'> <InPorts = 2> <OutPorts = 1>
ST_6 : Operation 119 [1/1] (0.00ns)   --->   "br i1 %icmp_ln194, label %KernelPushHeight_begin, label %KernelShiftWidth_begin" [firmware/nnet_utils/nnet_conv_stream.h:194->firmware/nnet_utils/nnet_conv_stream.h:252->firmware/nnet_utils/nnet_conv_stream.h:286->firmware/nnet_utils/nnet_conv2d_stream.h:87->firmware/nnet_utils/nnet_conv2d_stream.h:103]   --->   Operation 119 'br' <Predicate = true> <Delay = 0.00>
ST_6 : Operation 120 [1/1] (0.00ns)   --->   "%zext_ln194 = zext i2 %i_iw_0_i_i_i_i to i4" [firmware/nnet_utils/nnet_conv_stream.h:194->firmware/nnet_utils/nnet_conv_stream.h:252->firmware/nnet_utils/nnet_conv_stream.h:286->firmware/nnet_utils/nnet_conv2d_stream.h:87->firmware/nnet_utils/nnet_conv2d_stream.h:103]   --->   Operation 120 'zext' 'zext_ln194' <Predicate = (!icmp_ln194)> <Delay = 0.00>
ST_6 : Operation 121 [1/1] (0.00ns)   --->   "%zext_ln194_1 = zext i2 %i_iw_0_i_i_i_i to i3" [firmware/nnet_utils/nnet_conv_stream.h:194->firmware/nnet_utils/nnet_conv_stream.h:252->firmware/nnet_utils/nnet_conv_stream.h:286->firmware/nnet_utils/nnet_conv2d_stream.h:87->firmware/nnet_utils/nnet_conv2d_stream.h:103]   --->   Operation 121 'zext' 'zext_ln194_1' <Predicate = (!icmp_ln194)> <Delay = 0.00>
ST_6 : Operation 122 [1/1] (0.00ns)   --->   "call void (...)* @_ssdm_op_SpecLoopName([17 x i8]* @p_str46) nounwind" [firmware/nnet_utils/nnet_conv_stream.h:194->firmware/nnet_utils/nnet_conv_stream.h:252->firmware/nnet_utils/nnet_conv_stream.h:286->firmware/nnet_utils/nnet_conv2d_stream.h:87->firmware/nnet_utils/nnet_conv2d_stream.h:103]   --->   Operation 122 'specloopname' <Predicate = (!icmp_ln194)> <Delay = 0.00>
ST_6 : Operation 123 [1/1] (0.00ns)   --->   "%tmp_2 = call i32 (...)* @_ssdm_op_SpecRegionBegin([17 x i8]* @p_str46)" [firmware/nnet_utils/nnet_conv_stream.h:194->firmware/nnet_utils/nnet_conv_stream.h:252->firmware/nnet_utils/nnet_conv_stream.h:286->firmware/nnet_utils/nnet_conv2d_stream.h:87->firmware/nnet_utils/nnet_conv2d_stream.h:103]   --->   Operation 123 'specregionbegin' 'tmp_2' <Predicate = (!icmp_ln194)> <Delay = 0.00>
ST_6 : Operation 124 [1/1] (0.00ns)   --->   "call void (...)* @_ssdm_op_SpecPipeline(i32 1, i32 1, i32 1, i32 0, [1 x i8]* @p_str13) nounwind" [firmware/nnet_utils/nnet_conv_stream.h:195->firmware/nnet_utils/nnet_conv_stream.h:252->firmware/nnet_utils/nnet_conv_stream.h:286->firmware/nnet_utils/nnet_conv2d_stream.h:87->firmware/nnet_utils/nnet_conv2d_stream.h:103]   --->   Operation 124 'specpipeline' <Predicate = (!icmp_ln194)> <Delay = 0.00>
ST_6 : Operation 125 [1/1] (0.00ns)   --->   "%trunc_ln201 = trunc i2 %i_iw_0_i_i_i_i to i1" [firmware/nnet_utils/nnet_conv_stream.h:201->firmware/nnet_utils/nnet_conv_stream.h:252->firmware/nnet_utils/nnet_conv_stream.h:286->firmware/nnet_utils/nnet_conv2d_stream.h:87->firmware/nnet_utils/nnet_conv2d_stream.h:103]   --->   Operation 125 'trunc' 'trunc_ln201' <Predicate = (!icmp_ln194)> <Delay = 0.00>
ST_6 : Operation 126 [1/1] (0.00ns)   --->   "%shl_ln = call i3 @_ssdm_op_BitConcatenate.i3.i1.i2(i1 %trunc_ln201, i2 0)" [firmware/nnet_utils/nnet_conv_stream.h:201->firmware/nnet_utils/nnet_conv_stream.h:252->firmware/nnet_utils/nnet_conv_stream.h:286->firmware/nnet_utils/nnet_conv2d_stream.h:87->firmware/nnet_utils/nnet_conv2d_stream.h:103]   --->   Operation 126 'bitconcatenate' 'shl_ln' <Predicate = (!icmp_ln194)> <Delay = 0.00>
ST_6 : Operation 127 [1/1] (0.00ns)   --->   "%zext_ln201 = zext i3 %shl_ln to i4" [firmware/nnet_utils/nnet_conv_stream.h:201->firmware/nnet_utils/nnet_conv_stream.h:252->firmware/nnet_utils/nnet_conv_stream.h:286->firmware/nnet_utils/nnet_conv2d_stream.h:87->firmware/nnet_utils/nnet_conv2d_stream.h:103]   --->   Operation 127 'zext' 'zext_ln201' <Predicate = (!icmp_ln194)> <Delay = 0.00>
ST_6 : Operation 128 [1/1] (1.65ns)   --->   "%sub_ln201 = sub i4 %zext_ln201, %zext_ln194" [firmware/nnet_utils/nnet_conv_stream.h:201->firmware/nnet_utils/nnet_conv_stream.h:252->firmware/nnet_utils/nnet_conv_stream.h:286->firmware/nnet_utils/nnet_conv2d_stream.h:87->firmware/nnet_utils/nnet_conv2d_stream.h:103]   --->   Operation 128 'sub' 'sub_ln201' <Predicate = (!icmp_ln194)> <Delay = 1.65> <Core = "AddSub">   --->   Core 14 'AddSub' <Latency = 0> <II = 1> <Delay = 2.55> <FuncUnit> <Opcode : 'add' 'sub'> <InPorts = 2> <OutPorts = 1>
ST_6 : Operation 129 [1/1] (1.13ns)   --->   "%icmp_ln356 = icmp eq i3 %shl_ln, %zext_ln194_1" [firmware/nnet_utils/nnet_conv_stream.h:201->firmware/nnet_utils/nnet_conv_stream.h:252->firmware/nnet_utils/nnet_conv_stream.h:286->firmware/nnet_utils/nnet_conv2d_stream.h:87->firmware/nnet_utils/nnet_conv2d_stream.h:103]   --->   Operation 129 'icmp' 'icmp_ln356' <Predicate = (!icmp_ln194)> <Delay = 1.13> <Core = "Cmp">   --->   Core 25 'Cmp' <Latency = 0> <II = 1> <Delay = 1.77> <FuncUnit> <Opcode : 'icmp'> <InPorts = 2> <OutPorts = 1>
ST_6 : Operation 130 [1/1] (0.00ns)   --->   "%kernel_data_V_2_3_load = load i8* @kernel_data_V_2_3, align 1" [firmware/nnet_utils/nnet_conv_stream.h:201->firmware/nnet_utils/nnet_conv_stream.h:252->firmware/nnet_utils/nnet_conv_stream.h:286->firmware/nnet_utils/nnet_conv2d_stream.h:87->firmware/nnet_utils/nnet_conv2d_stream.h:103]   --->   Operation 130 'load' 'kernel_data_V_2_3_load' <Predicate = (!icmp_ln194)> <Delay = 0.00>
ST_6 : Operation 131 [1/1] (0.00ns)   --->   "%kernel_data_V_2_6_load = load i8* @kernel_data_V_2_6, align 1" [firmware/nnet_utils/nnet_conv_stream.h:201->firmware/nnet_utils/nnet_conv_stream.h:252->firmware/nnet_utils/nnet_conv_stream.h:286->firmware/nnet_utils/nnet_conv2d_stream.h:87->firmware/nnet_utils/nnet_conv2d_stream.h:103]   --->   Operation 131 'load' 'kernel_data_V_2_6_load' <Predicate = (!icmp_ln194)> <Delay = 0.00>
ST_6 : Operation 132 [1/1] (1.24ns)   --->   "%select_ln356 = select i1 %icmp_ln356, i8 %kernel_data_V_2_3_load, i8 %kernel_data_V_2_6_load" [firmware/nnet_utils/nnet_conv_stream.h:201->firmware/nnet_utils/nnet_conv_stream.h:252->firmware/nnet_utils/nnet_conv_stream.h:286->firmware/nnet_utils/nnet_conv2d_stream.h:87->firmware/nnet_utils/nnet_conv2d_stream.h:103]   --->   Operation 132 'select' 'select_ln356' <Predicate = (!icmp_ln194)> <Delay = 1.24> <Core = "Sel">   --->   Core 26 'Sel' <Latency = 0> <II = 1> <Delay = 0.69> <FuncUnit> <Opcode : 'select'> <InPorts = 3> <OutPorts = 1>
ST_6 : Operation 133 [1/1] (1.30ns)   --->   "switch i4 %sub_ln201, label %branch537 [
    i4 0, label %branch513
    i4 3, label %branch516
    i4 6, label %branch519
  ]" [firmware/nnet_utils/nnet_conv_stream.h:201->firmware/nnet_utils/nnet_conv_stream.h:252->firmware/nnet_utils/nnet_conv_stream.h:286->firmware/nnet_utils/nnet_conv2d_stream.h:87->firmware/nnet_utils/nnet_conv2d_stream.h:103]   --->   Operation 133 'switch' <Predicate = (!icmp_ln194)> <Delay = 1.30>
ST_6 : Operation 134 [1/1] (1.76ns)   --->   "store i8 %select_ln356, i8* @kernel_data_V_2_6, align 1" [firmware/nnet_utils/nnet_conv_stream.h:201->firmware/nnet_utils/nnet_conv_stream.h:252->firmware/nnet_utils/nnet_conv_stream.h:286->firmware/nnet_utils/nnet_conv2d_stream.h:87->firmware/nnet_utils/nnet_conv2d_stream.h:103]   --->   Operation 134 'store' <Predicate = (!icmp_ln194 & sub_ln201 == 6)> <Delay = 1.76>
ST_6 : Operation 135 [1/1] (0.00ns)   --->   "br label %3" [firmware/nnet_utils/nnet_conv_stream.h:201->firmware/nnet_utils/nnet_conv_stream.h:252->firmware/nnet_utils/nnet_conv_stream.h:286->firmware/nnet_utils/nnet_conv2d_stream.h:87->firmware/nnet_utils/nnet_conv2d_stream.h:103]   --->   Operation 135 'br' <Predicate = (!icmp_ln194 & sub_ln201 == 6)> <Delay = 0.00>
ST_6 : Operation 136 [1/1] (0.00ns)   --->   "store i8 %select_ln356, i8* @kernel_data_V_2_3, align 1" [firmware/nnet_utils/nnet_conv_stream.h:201->firmware/nnet_utils/nnet_conv_stream.h:252->firmware/nnet_utils/nnet_conv_stream.h:286->firmware/nnet_utils/nnet_conv2d_stream.h:87->firmware/nnet_utils/nnet_conv2d_stream.h:103]   --->   Operation 136 'store' <Predicate = (!icmp_ln194 & sub_ln201 == 3)> <Delay = 0.00>
ST_6 : Operation 137 [1/1] (0.00ns)   --->   "br label %3" [firmware/nnet_utils/nnet_conv_stream.h:201->firmware/nnet_utils/nnet_conv_stream.h:252->firmware/nnet_utils/nnet_conv_stream.h:286->firmware/nnet_utils/nnet_conv2d_stream.h:87->firmware/nnet_utils/nnet_conv2d_stream.h:103]   --->   Operation 137 'br' <Predicate = (!icmp_ln194 & sub_ln201 == 3)> <Delay = 0.00>
ST_6 : Operation 138 [1/1] (0.00ns)   --->   "store i8 %select_ln356, i8* @kernel_data_V_2_0, align 1" [firmware/nnet_utils/nnet_conv_stream.h:201->firmware/nnet_utils/nnet_conv_stream.h:252->firmware/nnet_utils/nnet_conv_stream.h:286->firmware/nnet_utils/nnet_conv2d_stream.h:87->firmware/nnet_utils/nnet_conv2d_stream.h:103]   --->   Operation 138 'store' <Predicate = (!icmp_ln194 & sub_ln201 == 0)> <Delay = 0.00>
ST_6 : Operation 139 [1/1] (0.00ns)   --->   "br label %3" [firmware/nnet_utils/nnet_conv_stream.h:201->firmware/nnet_utils/nnet_conv_stream.h:252->firmware/nnet_utils/nnet_conv_stream.h:286->firmware/nnet_utils/nnet_conv2d_stream.h:87->firmware/nnet_utils/nnet_conv2d_stream.h:103]   --->   Operation 139 'br' <Predicate = (!icmp_ln194 & sub_ln201 == 0)> <Delay = 0.00>
ST_6 : Operation 140 [1/1] (1.76ns)   --->   "store i8 %select_ln356, i8* @kernel_data_V_2_24, align 1" [firmware/nnet_utils/nnet_conv_stream.h:201->firmware/nnet_utils/nnet_conv_stream.h:252->firmware/nnet_utils/nnet_conv_stream.h:286->firmware/nnet_utils/nnet_conv2d_stream.h:87->firmware/nnet_utils/nnet_conv2d_stream.h:103]   --->   Operation 140 'store' <Predicate = (!icmp_ln194 & sub_ln201 != 0 & sub_ln201 != 3 & sub_ln201 != 6)> <Delay = 1.76>
ST_6 : Operation 141 [1/1] (0.00ns)   --->   "br label %3" [firmware/nnet_utils/nnet_conv_stream.h:201->firmware/nnet_utils/nnet_conv_stream.h:252->firmware/nnet_utils/nnet_conv_stream.h:286->firmware/nnet_utils/nnet_conv2d_stream.h:87->firmware/nnet_utils/nnet_conv2d_stream.h:103]   --->   Operation 141 'br' <Predicate = (!icmp_ln194 & sub_ln201 != 0 & sub_ln201 != 3 & sub_ln201 != 6)> <Delay = 0.00>
ST_6 : Operation 142 [1/1] (0.00ns)   --->   "%kernel_data_V_2_4_load = load i8* @kernel_data_V_2_4, align 1" [firmware/nnet_utils/nnet_conv_stream.h:201->firmware/nnet_utils/nnet_conv_stream.h:252->firmware/nnet_utils/nnet_conv_stream.h:286->firmware/nnet_utils/nnet_conv2d_stream.h:87->firmware/nnet_utils/nnet_conv2d_stream.h:103]   --->   Operation 142 'load' 'kernel_data_V_2_4_load' <Predicate = (!icmp_ln194)> <Delay = 0.00>
ST_6 : Operation 143 [1/1] (1.24ns)   --->   "%select_ln356_1 = select i1 %icmp_ln356, i8 %kernel_data_V_2_4_load, i8 %kernel_data_V_2_7_load" [firmware/nnet_utils/nnet_conv_stream.h:201->firmware/nnet_utils/nnet_conv_stream.h:252->firmware/nnet_utils/nnet_conv_stream.h:286->firmware/nnet_utils/nnet_conv2d_stream.h:87->firmware/nnet_utils/nnet_conv2d_stream.h:103]   --->   Operation 143 'select' 'select_ln356_1' <Predicate = (!icmp_ln194)> <Delay = 1.24> <Core = "Sel">   --->   Core 26 'Sel' <Latency = 0> <II = 1> <Delay = 0.69> <FuncUnit> <Opcode : 'select'> <InPorts = 3> <OutPorts = 1>
ST_6 : Operation 144 [1/1] (0.00ns)   --->   "br i1 %icmp_ln356, label %branch460, label %branch463" [firmware/nnet_utils/nnet_conv_stream.h:201->firmware/nnet_utils/nnet_conv_stream.h:252->firmware/nnet_utils/nnet_conv_stream.h:286->firmware/nnet_utils/nnet_conv2d_stream.h:87->firmware/nnet_utils/nnet_conv2d_stream.h:103]   --->   Operation 144 'br' <Predicate = (!icmp_ln194)> <Delay = 0.00>
ST_6 : Operation 145 [1/1] (0.00ns)   --->   "store i8 %select_ln356_1, i8* @kernel_data_V_2_4, align 1" [firmware/nnet_utils/nnet_conv_stream.h:201->firmware/nnet_utils/nnet_conv_stream.h:252->firmware/nnet_utils/nnet_conv_stream.h:286->firmware/nnet_utils/nnet_conv2d_stream.h:87->firmware/nnet_utils/nnet_conv2d_stream.h:103]   --->   Operation 145 'store' <Predicate = (!icmp_ln194 & !icmp_ln356)> <Delay = 0.00>
ST_6 : Operation 146 [1/1] (0.00ns)   --->   "br label %4" [firmware/nnet_utils/nnet_conv_stream.h:201->firmware/nnet_utils/nnet_conv_stream.h:252->firmware/nnet_utils/nnet_conv_stream.h:286->firmware/nnet_utils/nnet_conv2d_stream.h:87->firmware/nnet_utils/nnet_conv2d_stream.h:103]   --->   Operation 146 'br' <Predicate = (!icmp_ln194 & !icmp_ln356)> <Delay = 0.00>
ST_6 : Operation 147 [1/1] (0.00ns)   --->   "store i8 %select_ln356_1, i8* @kernel_data_V_2_1, align 1" [firmware/nnet_utils/nnet_conv_stream.h:201->firmware/nnet_utils/nnet_conv_stream.h:252->firmware/nnet_utils/nnet_conv_stream.h:286->firmware/nnet_utils/nnet_conv2d_stream.h:87->firmware/nnet_utils/nnet_conv2d_stream.h:103]   --->   Operation 147 'store' <Predicate = (!icmp_ln194 & icmp_ln356)> <Delay = 0.00>
ST_6 : Operation 148 [1/1] (0.00ns)   --->   "br label %4" [firmware/nnet_utils/nnet_conv_stream.h:201->firmware/nnet_utils/nnet_conv_stream.h:252->firmware/nnet_utils/nnet_conv_stream.h:286->firmware/nnet_utils/nnet_conv2d_stream.h:87->firmware/nnet_utils/nnet_conv2d_stream.h:103]   --->   Operation 148 'br' <Predicate = (!icmp_ln194 & icmp_ln356)> <Delay = 0.00>
ST_6 : Operation 149 [1/1] (0.00ns)   --->   "%kernel_data_V_2_5_load = load i8* @kernel_data_V_2_5, align 1" [firmware/nnet_utils/nnet_conv_stream.h:201->firmware/nnet_utils/nnet_conv_stream.h:252->firmware/nnet_utils/nnet_conv_stream.h:286->firmware/nnet_utils/nnet_conv2d_stream.h:87->firmware/nnet_utils/nnet_conv2d_stream.h:103]   --->   Operation 149 'load' 'kernel_data_V_2_5_load' <Predicate = (!icmp_ln194)> <Delay = 0.00>
ST_6 : Operation 150 [1/1] (1.24ns)   --->   "%select_ln356_2 = select i1 %icmp_ln356, i8 %kernel_data_V_2_5_load, i8 %kernel_data_V_2_8_load" [firmware/nnet_utils/nnet_conv_stream.h:201->firmware/nnet_utils/nnet_conv_stream.h:252->firmware/nnet_utils/nnet_conv_stream.h:286->firmware/nnet_utils/nnet_conv2d_stream.h:87->firmware/nnet_utils/nnet_conv2d_stream.h:103]   --->   Operation 150 'select' 'select_ln356_2' <Predicate = (!icmp_ln194)> <Delay = 1.24> <Core = "Sel">   --->   Core 26 'Sel' <Latency = 0> <II = 1> <Delay = 0.69> <FuncUnit> <Opcode : 'select'> <InPorts = 3> <OutPorts = 1>
ST_6 : Operation 151 [1/1] (0.00ns)   --->   "br i1 %icmp_ln356, label %branch407, label %branch410" [firmware/nnet_utils/nnet_conv_stream.h:201->firmware/nnet_utils/nnet_conv_stream.h:252->firmware/nnet_utils/nnet_conv_stream.h:286->firmware/nnet_utils/nnet_conv2d_stream.h:87->firmware/nnet_utils/nnet_conv2d_stream.h:103]   --->   Operation 151 'br' <Predicate = (!icmp_ln194)> <Delay = 0.00>
ST_6 : Operation 152 [1/1] (0.00ns)   --->   "store i8 %select_ln356_2, i8* @kernel_data_V_2_5, align 1" [firmware/nnet_utils/nnet_conv_stream.h:201->firmware/nnet_utils/nnet_conv_stream.h:252->firmware/nnet_utils/nnet_conv_stream.h:286->firmware/nnet_utils/nnet_conv2d_stream.h:87->firmware/nnet_utils/nnet_conv2d_stream.h:103]   --->   Operation 152 'store' <Predicate = (!icmp_ln194 & !icmp_ln356)> <Delay = 0.00>
ST_6 : Operation 153 [1/1] (0.00ns)   --->   "br label %5" [firmware/nnet_utils/nnet_conv_stream.h:201->firmware/nnet_utils/nnet_conv_stream.h:252->firmware/nnet_utils/nnet_conv_stream.h:286->firmware/nnet_utils/nnet_conv2d_stream.h:87->firmware/nnet_utils/nnet_conv2d_stream.h:103]   --->   Operation 153 'br' <Predicate = (!icmp_ln194 & !icmp_ln356)> <Delay = 0.00>
ST_6 : Operation 154 [1/1] (0.00ns)   --->   "store i8 %select_ln356_2, i8* @kernel_data_V_2_2, align 1" [firmware/nnet_utils/nnet_conv_stream.h:201->firmware/nnet_utils/nnet_conv_stream.h:252->firmware/nnet_utils/nnet_conv_stream.h:286->firmware/nnet_utils/nnet_conv2d_stream.h:87->firmware/nnet_utils/nnet_conv2d_stream.h:103]   --->   Operation 154 'store' <Predicate = (!icmp_ln194 & icmp_ln356)> <Delay = 0.00>
ST_6 : Operation 155 [1/1] (0.00ns)   --->   "br label %5" [firmware/nnet_utils/nnet_conv_stream.h:201->firmware/nnet_utils/nnet_conv_stream.h:252->firmware/nnet_utils/nnet_conv_stream.h:286->firmware/nnet_utils/nnet_conv2d_stream.h:87->firmware/nnet_utils/nnet_conv2d_stream.h:103]   --->   Operation 155 'br' <Predicate = (!icmp_ln194 & icmp_ln356)> <Delay = 0.00>
ST_6 : Operation 156 [1/1] (0.00ns)   --->   "%kernel_data_V_2_12_load = load i8* @kernel_data_V_2_12, align 1" [firmware/nnet_utils/nnet_conv_stream.h:201->firmware/nnet_utils/nnet_conv_stream.h:252->firmware/nnet_utils/nnet_conv_stream.h:286->firmware/nnet_utils/nnet_conv2d_stream.h:87->firmware/nnet_utils/nnet_conv2d_stream.h:103]   --->   Operation 156 'load' 'kernel_data_V_2_12_load' <Predicate = (!icmp_ln194)> <Delay = 0.00>
ST_6 : Operation 157 [1/1] (1.24ns)   --->   "%select_ln356_3 = select i1 %icmp_ln356, i8 %kernel_data_V_2_12_load, i8 %kernel_data_V_2_15_load" [firmware/nnet_utils/nnet_conv_stream.h:201->firmware/nnet_utils/nnet_conv_stream.h:252->firmware/nnet_utils/nnet_conv_stream.h:286->firmware/nnet_utils/nnet_conv2d_stream.h:87->firmware/nnet_utils/nnet_conv2d_stream.h:103]   --->   Operation 157 'select' 'select_ln356_3' <Predicate = (!icmp_ln194)> <Delay = 1.24> <Core = "Sel">   --->   Core 26 'Sel' <Latency = 0> <II = 1> <Delay = 0.69> <FuncUnit> <Opcode : 'select'> <InPorts = 3> <OutPorts = 1>
ST_6 : Operation 158 [1/1] (0.00ns)   --->   "br i1 %icmp_ln356, label %branch360, label %branch363" [firmware/nnet_utils/nnet_conv_stream.h:201->firmware/nnet_utils/nnet_conv_stream.h:252->firmware/nnet_utils/nnet_conv_stream.h:286->firmware/nnet_utils/nnet_conv2d_stream.h:87->firmware/nnet_utils/nnet_conv2d_stream.h:103]   --->   Operation 158 'br' <Predicate = (!icmp_ln194)> <Delay = 0.00>
ST_6 : Operation 159 [1/1] (0.00ns)   --->   "store i8 %select_ln356_3, i8* @kernel_data_V_2_12, align 1" [firmware/nnet_utils/nnet_conv_stream.h:201->firmware/nnet_utils/nnet_conv_stream.h:252->firmware/nnet_utils/nnet_conv_stream.h:286->firmware/nnet_utils/nnet_conv2d_stream.h:87->firmware/nnet_utils/nnet_conv2d_stream.h:103]   --->   Operation 159 'store' <Predicate = (!icmp_ln194 & !icmp_ln356)> <Delay = 0.00>
ST_6 : Operation 160 [1/1] (0.00ns)   --->   "br label %6" [firmware/nnet_utils/nnet_conv_stream.h:201->firmware/nnet_utils/nnet_conv_stream.h:252->firmware/nnet_utils/nnet_conv_stream.h:286->firmware/nnet_utils/nnet_conv2d_stream.h:87->firmware/nnet_utils/nnet_conv2d_stream.h:103]   --->   Operation 160 'br' <Predicate = (!icmp_ln194 & !icmp_ln356)> <Delay = 0.00>
ST_6 : Operation 161 [1/1] (0.00ns)   --->   "store i8 %select_ln356_3, i8* @kernel_data_V_2_9, align 1" [firmware/nnet_utils/nnet_conv_stream.h:201->firmware/nnet_utils/nnet_conv_stream.h:252->firmware/nnet_utils/nnet_conv_stream.h:286->firmware/nnet_utils/nnet_conv2d_stream.h:87->firmware/nnet_utils/nnet_conv2d_stream.h:103]   --->   Operation 161 'store' <Predicate = (!icmp_ln194 & icmp_ln356)> <Delay = 0.00>
ST_6 : Operation 162 [1/1] (0.00ns)   --->   "br label %6" [firmware/nnet_utils/nnet_conv_stream.h:201->firmware/nnet_utils/nnet_conv_stream.h:252->firmware/nnet_utils/nnet_conv_stream.h:286->firmware/nnet_utils/nnet_conv2d_stream.h:87->firmware/nnet_utils/nnet_conv2d_stream.h:103]   --->   Operation 162 'br' <Predicate = (!icmp_ln194 & icmp_ln356)> <Delay = 0.00>
ST_6 : Operation 163 [1/1] (0.00ns)   --->   "%kernel_data_V_2_13_load = load i8* @kernel_data_V_2_13, align 1" [firmware/nnet_utils/nnet_conv_stream.h:201->firmware/nnet_utils/nnet_conv_stream.h:252->firmware/nnet_utils/nnet_conv_stream.h:286->firmware/nnet_utils/nnet_conv2d_stream.h:87->firmware/nnet_utils/nnet_conv2d_stream.h:103]   --->   Operation 163 'load' 'kernel_data_V_2_13_load' <Predicate = (!icmp_ln194)> <Delay = 0.00>
ST_6 : Operation 164 [1/1] (1.24ns)   --->   "%select_ln356_4 = select i1 %icmp_ln356, i8 %kernel_data_V_2_13_load, i8 %kernel_data_V_2_16_load" [firmware/nnet_utils/nnet_conv_stream.h:201->firmware/nnet_utils/nnet_conv_stream.h:252->firmware/nnet_utils/nnet_conv_stream.h:286->firmware/nnet_utils/nnet_conv2d_stream.h:87->firmware/nnet_utils/nnet_conv2d_stream.h:103]   --->   Operation 164 'select' 'select_ln356_4' <Predicate = (!icmp_ln194)> <Delay = 1.24> <Core = "Sel">   --->   Core 26 'Sel' <Latency = 0> <II = 1> <Delay = 0.69> <FuncUnit> <Opcode : 'select'> <InPorts = 3> <OutPorts = 1>
ST_6 : Operation 165 [1/1] (0.00ns)   --->   "br i1 %icmp_ln356, label %branch307, label %branch310" [firmware/nnet_utils/nnet_conv_stream.h:201->firmware/nnet_utils/nnet_conv_stream.h:252->firmware/nnet_utils/nnet_conv_stream.h:286->firmware/nnet_utils/nnet_conv2d_stream.h:87->firmware/nnet_utils/nnet_conv2d_stream.h:103]   --->   Operation 165 'br' <Predicate = (!icmp_ln194)> <Delay = 0.00>
ST_6 : Operation 166 [1/1] (0.00ns)   --->   "store i8 %select_ln356_4, i8* @kernel_data_V_2_13, align 1" [firmware/nnet_utils/nnet_conv_stream.h:201->firmware/nnet_utils/nnet_conv_stream.h:252->firmware/nnet_utils/nnet_conv_stream.h:286->firmware/nnet_utils/nnet_conv2d_stream.h:87->firmware/nnet_utils/nnet_conv2d_stream.h:103]   --->   Operation 166 'store' <Predicate = (!icmp_ln194 & !icmp_ln356)> <Delay = 0.00>
ST_6 : Operation 167 [1/1] (0.00ns)   --->   "br label %7" [firmware/nnet_utils/nnet_conv_stream.h:201->firmware/nnet_utils/nnet_conv_stream.h:252->firmware/nnet_utils/nnet_conv_stream.h:286->firmware/nnet_utils/nnet_conv2d_stream.h:87->firmware/nnet_utils/nnet_conv2d_stream.h:103]   --->   Operation 167 'br' <Predicate = (!icmp_ln194 & !icmp_ln356)> <Delay = 0.00>
ST_6 : Operation 168 [1/1] (0.00ns)   --->   "store i8 %select_ln356_4, i8* @kernel_data_V_2_10, align 1" [firmware/nnet_utils/nnet_conv_stream.h:201->firmware/nnet_utils/nnet_conv_stream.h:252->firmware/nnet_utils/nnet_conv_stream.h:286->firmware/nnet_utils/nnet_conv2d_stream.h:87->firmware/nnet_utils/nnet_conv2d_stream.h:103]   --->   Operation 168 'store' <Predicate = (!icmp_ln194 & icmp_ln356)> <Delay = 0.00>
ST_6 : Operation 169 [1/1] (0.00ns)   --->   "br label %7" [firmware/nnet_utils/nnet_conv_stream.h:201->firmware/nnet_utils/nnet_conv_stream.h:252->firmware/nnet_utils/nnet_conv_stream.h:286->firmware/nnet_utils/nnet_conv2d_stream.h:87->firmware/nnet_utils/nnet_conv2d_stream.h:103]   --->   Operation 169 'br' <Predicate = (!icmp_ln194 & icmp_ln356)> <Delay = 0.00>
ST_6 : Operation 170 [1/1] (0.00ns)   --->   "%kernel_data_V_2_14_load = load i8* @kernel_data_V_2_14, align 1" [firmware/nnet_utils/nnet_conv_stream.h:201->firmware/nnet_utils/nnet_conv_stream.h:252->firmware/nnet_utils/nnet_conv_stream.h:286->firmware/nnet_utils/nnet_conv2d_stream.h:87->firmware/nnet_utils/nnet_conv2d_stream.h:103]   --->   Operation 170 'load' 'kernel_data_V_2_14_load' <Predicate = (!icmp_ln194)> <Delay = 0.00>
ST_6 : Operation 171 [1/1] (1.24ns)   --->   "%select_ln356_5 = select i1 %icmp_ln356, i8 %kernel_data_V_2_14_load, i8 %kernel_data_V_2_17_load" [firmware/nnet_utils/nnet_conv_stream.h:201->firmware/nnet_utils/nnet_conv_stream.h:252->firmware/nnet_utils/nnet_conv_stream.h:286->firmware/nnet_utils/nnet_conv2d_stream.h:87->firmware/nnet_utils/nnet_conv2d_stream.h:103]   --->   Operation 171 'select' 'select_ln356_5' <Predicate = (!icmp_ln194)> <Delay = 1.24> <Core = "Sel">   --->   Core 26 'Sel' <Latency = 0> <II = 1> <Delay = 0.69> <FuncUnit> <Opcode : 'select'> <InPorts = 3> <OutPorts = 1>
ST_6 : Operation 172 [1/1] (0.00ns)   --->   "br i1 %icmp_ln356, label %branch254, label %branch257" [firmware/nnet_utils/nnet_conv_stream.h:201->firmware/nnet_utils/nnet_conv_stream.h:252->firmware/nnet_utils/nnet_conv_stream.h:286->firmware/nnet_utils/nnet_conv2d_stream.h:87->firmware/nnet_utils/nnet_conv2d_stream.h:103]   --->   Operation 172 'br' <Predicate = (!icmp_ln194)> <Delay = 0.00>
ST_6 : Operation 173 [1/1] (0.00ns)   --->   "store i8 %select_ln356_5, i8* @kernel_data_V_2_14, align 1" [firmware/nnet_utils/nnet_conv_stream.h:201->firmware/nnet_utils/nnet_conv_stream.h:252->firmware/nnet_utils/nnet_conv_stream.h:286->firmware/nnet_utils/nnet_conv2d_stream.h:87->firmware/nnet_utils/nnet_conv2d_stream.h:103]   --->   Operation 173 'store' <Predicate = (!icmp_ln194 & !icmp_ln356)> <Delay = 0.00>
ST_6 : Operation 174 [1/1] (0.00ns)   --->   "br label %8" [firmware/nnet_utils/nnet_conv_stream.h:201->firmware/nnet_utils/nnet_conv_stream.h:252->firmware/nnet_utils/nnet_conv_stream.h:286->firmware/nnet_utils/nnet_conv2d_stream.h:87->firmware/nnet_utils/nnet_conv2d_stream.h:103]   --->   Operation 174 'br' <Predicate = (!icmp_ln194 & !icmp_ln356)> <Delay = 0.00>
ST_6 : Operation 175 [1/1] (0.00ns)   --->   "store i8 %select_ln356_5, i8* @kernel_data_V_2_11, align 1" [firmware/nnet_utils/nnet_conv_stream.h:201->firmware/nnet_utils/nnet_conv_stream.h:252->firmware/nnet_utils/nnet_conv_stream.h:286->firmware/nnet_utils/nnet_conv2d_stream.h:87->firmware/nnet_utils/nnet_conv2d_stream.h:103]   --->   Operation 175 'store' <Predicate = (!icmp_ln194 & icmp_ln356)> <Delay = 0.00>
ST_6 : Operation 176 [1/1] (0.00ns)   --->   "br label %8" [firmware/nnet_utils/nnet_conv_stream.h:201->firmware/nnet_utils/nnet_conv_stream.h:252->firmware/nnet_utils/nnet_conv_stream.h:286->firmware/nnet_utils/nnet_conv2d_stream.h:87->firmware/nnet_utils/nnet_conv2d_stream.h:103]   --->   Operation 176 'br' <Predicate = (!icmp_ln194 & icmp_ln356)> <Delay = 0.00>
ST_6 : Operation 177 [1/1] (0.00ns)   --->   "%kernel_data_V_2_22_load = load i8* @kernel_data_V_2_22, align 1" [firmware/nnet_utils/nnet_conv_stream.h:201->firmware/nnet_utils/nnet_conv_stream.h:252->firmware/nnet_utils/nnet_conv_stream.h:286->firmware/nnet_utils/nnet_conv2d_stream.h:87->firmware/nnet_utils/nnet_conv2d_stream.h:103]   --->   Operation 177 'load' 'kernel_data_V_2_22_load' <Predicate = (!icmp_ln194)> <Delay = 0.00>
ST_6 : Operation 178 [1/1] (1.24ns)   --->   "%select_ln356_7 = select i1 %icmp_ln356, i8 %kernel_data_V_2_22_load, i8 %kernel_data_V_2_25_load" [firmware/nnet_utils/nnet_conv_stream.h:201->firmware/nnet_utils/nnet_conv_stream.h:252->firmware/nnet_utils/nnet_conv_stream.h:286->firmware/nnet_utils/nnet_conv2d_stream.h:87->firmware/nnet_utils/nnet_conv2d_stream.h:103]   --->   Operation 178 'select' 'select_ln356_7' <Predicate = (!icmp_ln194)> <Delay = 1.24> <Core = "Sel">   --->   Core 26 'Sel' <Latency = 0> <II = 1> <Delay = 0.69> <FuncUnit> <Opcode : 'select'> <InPorts = 3> <OutPorts = 1>
ST_6 : Operation 179 [1/1] (0.00ns)   --->   "br i1 %icmp_ln356, label %branch154, label %branch157" [firmware/nnet_utils/nnet_conv_stream.h:201->firmware/nnet_utils/nnet_conv_stream.h:252->firmware/nnet_utils/nnet_conv_stream.h:286->firmware/nnet_utils/nnet_conv2d_stream.h:87->firmware/nnet_utils/nnet_conv2d_stream.h:103]   --->   Operation 179 'br' <Predicate = (!icmp_ln194)> <Delay = 0.00>
ST_6 : Operation 180 [1/1] (0.00ns)   --->   "store i8 %select_ln356_7, i8* @kernel_data_V_2_22, align 1" [firmware/nnet_utils/nnet_conv_stream.h:201->firmware/nnet_utils/nnet_conv_stream.h:252->firmware/nnet_utils/nnet_conv_stream.h:286->firmware/nnet_utils/nnet_conv2d_stream.h:87->firmware/nnet_utils/nnet_conv2d_stream.h:103]   --->   Operation 180 'store' <Predicate = (!icmp_ln194 & !icmp_ln356)> <Delay = 0.00>
ST_6 : Operation 181 [1/1] (0.00ns)   --->   "br label %10" [firmware/nnet_utils/nnet_conv_stream.h:201->firmware/nnet_utils/nnet_conv_stream.h:252->firmware/nnet_utils/nnet_conv_stream.h:286->firmware/nnet_utils/nnet_conv2d_stream.h:87->firmware/nnet_utils/nnet_conv2d_stream.h:103]   --->   Operation 181 'br' <Predicate = (!icmp_ln194 & !icmp_ln356)> <Delay = 0.00>
ST_6 : Operation 182 [1/1] (0.00ns)   --->   "store i8 %select_ln356_7, i8* @kernel_data_V_2_19, align 1" [firmware/nnet_utils/nnet_conv_stream.h:201->firmware/nnet_utils/nnet_conv_stream.h:252->firmware/nnet_utils/nnet_conv_stream.h:286->firmware/nnet_utils/nnet_conv2d_stream.h:87->firmware/nnet_utils/nnet_conv2d_stream.h:103]   --->   Operation 182 'store' <Predicate = (!icmp_ln194 & icmp_ln356)> <Delay = 0.00>
ST_6 : Operation 183 [1/1] (0.00ns)   --->   "br label %10" [firmware/nnet_utils/nnet_conv_stream.h:201->firmware/nnet_utils/nnet_conv_stream.h:252->firmware/nnet_utils/nnet_conv_stream.h:286->firmware/nnet_utils/nnet_conv2d_stream.h:87->firmware/nnet_utils/nnet_conv2d_stream.h:103]   --->   Operation 183 'br' <Predicate = (!icmp_ln194 & icmp_ln356)> <Delay = 0.00>
ST_6 : Operation 184 [1/1] (0.00ns)   --->   "%kernel_data_V_2_23_load = load i8* @kernel_data_V_2_23, align 1" [firmware/nnet_utils/nnet_conv_stream.h:201->firmware/nnet_utils/nnet_conv_stream.h:252->firmware/nnet_utils/nnet_conv_stream.h:286->firmware/nnet_utils/nnet_conv2d_stream.h:87->firmware/nnet_utils/nnet_conv2d_stream.h:103]   --->   Operation 184 'load' 'kernel_data_V_2_23_load' <Predicate = (!icmp_ln194)> <Delay = 0.00>
ST_6 : Operation 185 [1/1] (1.24ns)   --->   "%select_ln356_8 = select i1 %icmp_ln356, i8 %kernel_data_V_2_23_load, i8 %kernel_data_V_2_26_load" [firmware/nnet_utils/nnet_conv_stream.h:201->firmware/nnet_utils/nnet_conv_stream.h:252->firmware/nnet_utils/nnet_conv_stream.h:286->firmware/nnet_utils/nnet_conv2d_stream.h:87->firmware/nnet_utils/nnet_conv2d_stream.h:103]   --->   Operation 185 'select' 'select_ln356_8' <Predicate = (!icmp_ln194)> <Delay = 1.24> <Core = "Sel">   --->   Core 26 'Sel' <Latency = 0> <II = 1> <Delay = 0.69> <FuncUnit> <Opcode : 'select'> <InPorts = 3> <OutPorts = 1>
ST_6 : Operation 186 [1/1] (0.00ns)   --->   "br i1 %icmp_ln356, label %branch101, label %branch104" [firmware/nnet_utils/nnet_conv_stream.h:201->firmware/nnet_utils/nnet_conv_stream.h:252->firmware/nnet_utils/nnet_conv_stream.h:286->firmware/nnet_utils/nnet_conv2d_stream.h:87->firmware/nnet_utils/nnet_conv2d_stream.h:103]   --->   Operation 186 'br' <Predicate = (!icmp_ln194)> <Delay = 0.00>
ST_6 : Operation 187 [1/1] (0.00ns)   --->   "store i8 %select_ln356_8, i8* @kernel_data_V_2_23, align 1" [firmware/nnet_utils/nnet_conv_stream.h:201->firmware/nnet_utils/nnet_conv_stream.h:252->firmware/nnet_utils/nnet_conv_stream.h:286->firmware/nnet_utils/nnet_conv2d_stream.h:87->firmware/nnet_utils/nnet_conv2d_stream.h:103]   --->   Operation 187 'store' <Predicate = (!icmp_ln194 & !icmp_ln356)> <Delay = 0.00>
ST_6 : Operation 188 [1/1] (0.00ns)   --->   "br label %KernelShiftWidth_end" [firmware/nnet_utils/nnet_conv_stream.h:201->firmware/nnet_utils/nnet_conv_stream.h:252->firmware/nnet_utils/nnet_conv_stream.h:286->firmware/nnet_utils/nnet_conv2d_stream.h:87->firmware/nnet_utils/nnet_conv2d_stream.h:103]   --->   Operation 188 'br' <Predicate = (!icmp_ln194 & !icmp_ln356)> <Delay = 0.00>
ST_6 : Operation 189 [1/1] (0.00ns)   --->   "store i8 %select_ln356_8, i8* @kernel_data_V_2_20, align 1" [firmware/nnet_utils/nnet_conv_stream.h:201->firmware/nnet_utils/nnet_conv_stream.h:252->firmware/nnet_utils/nnet_conv_stream.h:286->firmware/nnet_utils/nnet_conv2d_stream.h:87->firmware/nnet_utils/nnet_conv2d_stream.h:103]   --->   Operation 189 'store' <Predicate = (!icmp_ln194 & icmp_ln356)> <Delay = 0.00>
ST_6 : Operation 190 [1/1] (0.00ns)   --->   "br label %KernelShiftWidth_end" [firmware/nnet_utils/nnet_conv_stream.h:201->firmware/nnet_utils/nnet_conv_stream.h:252->firmware/nnet_utils/nnet_conv_stream.h:286->firmware/nnet_utils/nnet_conv2d_stream.h:87->firmware/nnet_utils/nnet_conv2d_stream.h:103]   --->   Operation 190 'br' <Predicate = (!icmp_ln194 & icmp_ln356)> <Delay = 0.00>
ST_6 : Operation 191 [1/1] (0.00ns)   --->   "%empty_327 = call i32 (...)* @_ssdm_op_SpecRegionEnd([17 x i8]* @p_str46, i32 %tmp_2)" [firmware/nnet_utils/nnet_conv_stream.h:205->firmware/nnet_utils/nnet_conv_stream.h:252->firmware/nnet_utils/nnet_conv_stream.h:286->firmware/nnet_utils/nnet_conv2d_stream.h:87->firmware/nnet_utils/nnet_conv2d_stream.h:103]   --->   Operation 191 'specregionend' 'empty_327' <Predicate = (!icmp_ln194)> <Delay = 0.00>
ST_6 : Operation 192 [1/1] (0.00ns)   --->   "br label %.preheader1" [firmware/nnet_utils/nnet_conv_stream.h:194->firmware/nnet_utils/nnet_conv_stream.h:252->firmware/nnet_utils/nnet_conv_stream.h:286->firmware/nnet_utils/nnet_conv2d_stream.h:87->firmware/nnet_utils/nnet_conv2d_stream.h:103]   --->   Operation 192 'br' <Predicate = (!icmp_ln194)> <Delay = 0.00>

State 7 <SV = 4> <Delay = 1.24>
ST_7 : Operation 193 [1/1] (0.00ns)   --->   "%kernel_data_V_2_21_load = load i8* @kernel_data_V_2_21, align 1" [firmware/nnet_utils/nnet_conv_stream.h:201->firmware/nnet_utils/nnet_conv_stream.h:252->firmware/nnet_utils/nnet_conv_stream.h:286->firmware/nnet_utils/nnet_conv2d_stream.h:87->firmware/nnet_utils/nnet_conv2d_stream.h:103]   --->   Operation 193 'load' 'kernel_data_V_2_21_load' <Predicate = (icmp_ln356)> <Delay = 0.00>
ST_7 : Operation 194 [1/1] (0.00ns)   --->   "%kernel_data_V_2_24_load = load i8* @kernel_data_V_2_24, align 1" [firmware/nnet_utils/nnet_conv_stream.h:201->firmware/nnet_utils/nnet_conv_stream.h:252->firmware/nnet_utils/nnet_conv_stream.h:286->firmware/nnet_utils/nnet_conv2d_stream.h:87->firmware/nnet_utils/nnet_conv2d_stream.h:103]   --->   Operation 194 'load' 'kernel_data_V_2_24_load' <Predicate = (!icmp_ln356)> <Delay = 0.00>
ST_7 : Operation 195 [1/1] (1.24ns)   --->   "%select_ln356_6 = select i1 %icmp_ln356, i8 %kernel_data_V_2_21_load, i8 %kernel_data_V_2_24_load" [firmware/nnet_utils/nnet_conv_stream.h:201->firmware/nnet_utils/nnet_conv_stream.h:252->firmware/nnet_utils/nnet_conv_stream.h:286->firmware/nnet_utils/nnet_conv2d_stream.h:87->firmware/nnet_utils/nnet_conv2d_stream.h:103]   --->   Operation 195 'select' 'select_ln356_6' <Predicate = true> <Delay = 1.24> <Core = "Sel">   --->   Core 26 'Sel' <Latency = 0> <II = 1> <Delay = 0.69> <FuncUnit> <Opcode : 'select'> <InPorts = 3> <OutPorts = 1>
ST_7 : Operation 196 [1/1] (0.00ns)   --->   "br i1 %icmp_ln356, label %branch207, label %branch210" [firmware/nnet_utils/nnet_conv_stream.h:201->firmware/nnet_utils/nnet_conv_stream.h:252->firmware/nnet_utils/nnet_conv_stream.h:286->firmware/nnet_utils/nnet_conv2d_stream.h:87->firmware/nnet_utils/nnet_conv2d_stream.h:103]   --->   Operation 196 'br' <Predicate = true> <Delay = 0.00>
ST_7 : Operation 197 [1/1] (0.00ns)   --->   "store i8 %select_ln356_6, i8* @kernel_data_V_2_21, align 1" [firmware/nnet_utils/nnet_conv_stream.h:201->firmware/nnet_utils/nnet_conv_stream.h:252->firmware/nnet_utils/nnet_conv_stream.h:286->firmware/nnet_utils/nnet_conv2d_stream.h:87->firmware/nnet_utils/nnet_conv2d_stream.h:103]   --->   Operation 197 'store' <Predicate = (!icmp_ln356)> <Delay = 0.00>
ST_7 : Operation 198 [1/1] (0.00ns)   --->   "br label %9" [firmware/nnet_utils/nnet_conv_stream.h:201->firmware/nnet_utils/nnet_conv_stream.h:252->firmware/nnet_utils/nnet_conv_stream.h:286->firmware/nnet_utils/nnet_conv2d_stream.h:87->firmware/nnet_utils/nnet_conv2d_stream.h:103]   --->   Operation 198 'br' <Predicate = (!icmp_ln356)> <Delay = 0.00>
ST_7 : Operation 199 [1/1] (0.00ns)   --->   "store i8 %select_ln356_6, i8* @kernel_data_V_2_18, align 1" [firmware/nnet_utils/nnet_conv_stream.h:201->firmware/nnet_utils/nnet_conv_stream.h:252->firmware/nnet_utils/nnet_conv_stream.h:286->firmware/nnet_utils/nnet_conv2d_stream.h:87->firmware/nnet_utils/nnet_conv2d_stream.h:103]   --->   Operation 199 'store' <Predicate = (icmp_ln356)> <Delay = 0.00>
ST_7 : Operation 200 [1/1] (0.00ns)   --->   "br label %9" [firmware/nnet_utils/nnet_conv_stream.h:201->firmware/nnet_utils/nnet_conv_stream.h:252->firmware/nnet_utils/nnet_conv_stream.h:286->firmware/nnet_utils/nnet_conv2d_stream.h:87->firmware/nnet_utils/nnet_conv2d_stream.h:103]   --->   Operation 200 'br' <Predicate = (icmp_ln356)> <Delay = 0.00>

State 8 <SV = 4> <Delay = 1.76>
ST_8 : Operation 201 [1/1] (0.00ns)   --->   "%tmp_1 = call i32 (...)* @_ssdm_op_SpecRegionBegin([17 x i8]* @p_str49)" [firmware/nnet_utils/nnet_conv_stream.h:210->firmware/nnet_utils/nnet_conv_stream.h:252->firmware/nnet_utils/nnet_conv_stream.h:286->firmware/nnet_utils/nnet_conv2d_stream.h:87->firmware/nnet_utils/nnet_conv2d_stream.h:103]   --->   Operation 201 'specregionbegin' 'tmp_1' <Predicate = true> <Delay = 0.00>
ST_8 : Operation 202 [1/1] (1.76ns)   --->   "br label %11" [firmware/nnet_utils/nnet_conv_stream.h:213->firmware/nnet_utils/nnet_conv_stream.h:252->firmware/nnet_utils/nnet_conv_stream.h:286->firmware/nnet_utils/nnet_conv2d_stream.h:87->firmware/nnet_utils/nnet_conv2d_stream.h:103]   --->   Operation 202 'br' <Predicate = true> <Delay = 1.76>

State 9 <SV = 5> <Delay = 3.54>
ST_9 : Operation 203 [1/1] (0.00ns)   --->   "%i_ic2_0_i_i_i_i_0 = phi i2 [ 0, %KernelPushHeight_begin ], [ %add_ln213, %13 ]" [firmware/nnet_utils/nnet_conv_stream.h:213->firmware/nnet_utils/nnet_conv_stream.h:252->firmware/nnet_utils/nnet_conv_stream.h:286->firmware/nnet_utils/nnet_conv2d_stream.h:87->firmware/nnet_utils/nnet_conv2d_stream.h:103]   --->   Operation 203 'phi' 'i_ic2_0_i_i_i_i_0' <Predicate = true> <Delay = 0.00>
ST_9 : Operation 204 [1/1] (0.95ns)   --->   "%icmp_ln213 = icmp eq i2 %i_ic2_0_i_i_i_i_0, -1" [firmware/nnet_utils/nnet_conv_stream.h:213->firmware/nnet_utils/nnet_conv_stream.h:252->firmware/nnet_utils/nnet_conv_stream.h:286->firmware/nnet_utils/nnet_conv2d_stream.h:87->firmware/nnet_utils/nnet_conv2d_stream.h:103]   --->   Operation 204 'icmp' 'icmp_ln213' <Predicate = true> <Delay = 0.95> <Core = "Cmp">   --->   Core 25 'Cmp' <Latency = 0> <II = 1> <Delay = 1.77> <FuncUnit> <Opcode : 'icmp'> <InPorts = 2> <OutPorts = 1>
ST_9 : Operation 205 [1/1] (0.00ns)   --->   "%empty_329 = call i32 (...)* @_ssdm_op_SpecLoopTripCount(i64 3, i64 3, i64 3)"   --->   Operation 205 'speclooptripcount' 'empty_329' <Predicate = true> <Delay = 0.00>
ST_9 : Operation 206 [1/1] (1.56ns)   --->   "%add_ln213 = add i2 %i_ic2_0_i_i_i_i_0, 1" [firmware/nnet_utils/nnet_conv_stream.h:213->firmware/nnet_utils/nnet_conv_stream.h:252->firmware/nnet_utils/nnet_conv_stream.h:286->firmware/nnet_utils/nnet_conv2d_stream.h:87->firmware/nnet_utils/nnet_conv2d_stream.h:103]   --->   Operation 206 'add' 'add_ln213' <Predicate = true> <Delay = 1.56> <Core = "AddSub">   --->   Core 14 'AddSub' <Latency = 0> <II = 1> <Delay = 2.55> <FuncUnit> <Opcode : 'add' 'sub'> <InPorts = 2> <OutPorts = 1>
ST_9 : Operation 207 [1/1] (0.00ns)   --->   "br i1 %icmp_ln213, label %KernelPushHeight, label %12" [firmware/nnet_utils/nnet_conv_stream.h:213->firmware/nnet_utils/nnet_conv_stream.h:252->firmware/nnet_utils/nnet_conv_stream.h:286->firmware/nnet_utils/nnet_conv2d_stream.h:87->firmware/nnet_utils/nnet_conv2d_stream.h:103]   --->   Operation 207 'br' <Predicate = true> <Delay = 0.00>
ST_9 : Operation 208 [1/1] (0.00ns)   --->   "%shift_buffer_0_2_V_load = load i8* %shift_buffer_0_2_V" [firmware/nnet_utils/nnet_conv_stream.h:214->firmware/nnet_utils/nnet_conv_stream.h:252->firmware/nnet_utils/nnet_conv_stream.h:286->firmware/nnet_utils/nnet_conv2d_stream.h:87->firmware/nnet_utils/nnet_conv2d_stream.h:103]   --->   Operation 208 'load' 'shift_buffer_0_2_V_load' <Predicate = (!icmp_ln213)> <Delay = 0.00>
ST_9 : Operation 209 [1/1] (0.00ns)   --->   "%shift_buffer_0_2_V_1_load = load i8* %shift_buffer_0_2_V_1" [firmware/nnet_utils/nnet_conv_stream.h:214->firmware/nnet_utils/nnet_conv_stream.h:252->firmware/nnet_utils/nnet_conv_stream.h:286->firmware/nnet_utils/nnet_conv2d_stream.h:87->firmware/nnet_utils/nnet_conv2d_stream.h:103]   --->   Operation 209 'load' 'shift_buffer_0_2_V_1_load' <Predicate = (!icmp_ln213)> <Delay = 0.00>
ST_9 : Operation 210 [1/1] (0.00ns)   --->   "%shift_buffer_0_2_V_2_load = load i8* %shift_buffer_0_2_V_2" [firmware/nnet_utils/nnet_conv_stream.h:214->firmware/nnet_utils/nnet_conv_stream.h:252->firmware/nnet_utils/nnet_conv_stream.h:286->firmware/nnet_utils/nnet_conv2d_stream.h:87->firmware/nnet_utils/nnet_conv2d_stream.h:103]   --->   Operation 210 'load' 'shift_buffer_0_2_V_2_load' <Predicate = (!icmp_ln213)> <Delay = 0.00>
ST_9 : Operation 211 [1/1] (0.00ns)   --->   "call void (...)* @_ssdm_op_SpecLoopName([18 x i8]* @p_str50) nounwind" [firmware/nnet_utils/nnet_conv_stream.h:213->firmware/nnet_utils/nnet_conv_stream.h:252->firmware/nnet_utils/nnet_conv_stream.h:286->firmware/nnet_utils/nnet_conv2d_stream.h:87->firmware/nnet_utils/nnet_conv2d_stream.h:103]   --->   Operation 211 'specloopname' <Predicate = (!icmp_ln213)> <Delay = 0.00>
ST_9 : Operation 212 [1/1] (1.77ns)   --->   "%tmp_4 = call i8 @_ssdm_op_Mux.ap_auto.3i8.i2(i8 %shift_buffer_0_2_V_2_load, i8 %shift_buffer_0_2_V_1_load, i8 %shift_buffer_0_2_V_load, i2 %i_ic2_0_i_i_i_i_0)" [firmware/nnet_utils/nnet_conv_stream.h:214->firmware/nnet_utils/nnet_conv_stream.h:252->firmware/nnet_utils/nnet_conv_stream.h:286->firmware/nnet_utils/nnet_conv2d_stream.h:87->firmware/nnet_utils/nnet_conv2d_stream.h:103]   --->   Operation 212 'mux' 'tmp_4' <Predicate = (!icmp_ln213)> <Delay = 1.77> <Core = "MuxnS">   --->   Core 31 'MuxnS' <Latency = 0> <II = 1> <Delay = 1.77> <FuncUnit> <Opcode : 'mux'> <InPorts = 2> <OutPorts = 1>
ST_9 : Operation 213 [1/1] (1.13ns)   --->   "switch i2 %i_ic2_0_i_i_i_i_0, label %branch62 [
    i2 0, label %branch60
    i2 1, label %branch61
  ]" [firmware/nnet_utils/nnet_conv_stream.h:214->firmware/nnet_utils/nnet_conv_stream.h:252->firmware/nnet_utils/nnet_conv_stream.h:286->firmware/nnet_utils/nnet_conv2d_stream.h:87->firmware/nnet_utils/nnet_conv2d_stream.h:103]   --->   Operation 213 'switch' <Predicate = (!icmp_ln213)> <Delay = 1.13>
ST_9 : Operation 214 [1/1] (0.00ns)   --->   "store i8 %tmp_4, i8* @kernel_data_V_2_7, align 1" [firmware/nnet_utils/nnet_conv_stream.h:214->firmware/nnet_utils/nnet_conv_stream.h:252->firmware/nnet_utils/nnet_conv_stream.h:286->firmware/nnet_utils/nnet_conv2d_stream.h:87->firmware/nnet_utils/nnet_conv2d_stream.h:103]   --->   Operation 214 'store' <Predicate = (!icmp_ln213 & i_ic2_0_i_i_i_i_0 == 1)> <Delay = 0.00>
ST_9 : Operation 215 [1/1] (0.00ns)   --->   "br label %13" [firmware/nnet_utils/nnet_conv_stream.h:214->firmware/nnet_utils/nnet_conv_stream.h:252->firmware/nnet_utils/nnet_conv_stream.h:286->firmware/nnet_utils/nnet_conv2d_stream.h:87->firmware/nnet_utils/nnet_conv2d_stream.h:103]   --->   Operation 215 'br' <Predicate = (!icmp_ln213 & i_ic2_0_i_i_i_i_0 == 1)> <Delay = 0.00>
ST_9 : Operation 216 [1/1] (1.76ns)   --->   "store i8 %tmp_4, i8* @kernel_data_V_2_6, align 1" [firmware/nnet_utils/nnet_conv_stream.h:214->firmware/nnet_utils/nnet_conv_stream.h:252->firmware/nnet_utils/nnet_conv_stream.h:286->firmware/nnet_utils/nnet_conv2d_stream.h:87->firmware/nnet_utils/nnet_conv2d_stream.h:103]   --->   Operation 216 'store' <Predicate = (!icmp_ln213 & i_ic2_0_i_i_i_i_0 == 0)> <Delay = 1.76>
ST_9 : Operation 217 [1/1] (0.00ns)   --->   "br label %13" [firmware/nnet_utils/nnet_conv_stream.h:214->firmware/nnet_utils/nnet_conv_stream.h:252->firmware/nnet_utils/nnet_conv_stream.h:286->firmware/nnet_utils/nnet_conv2d_stream.h:87->firmware/nnet_utils/nnet_conv2d_stream.h:103]   --->   Operation 217 'br' <Predicate = (!icmp_ln213 & i_ic2_0_i_i_i_i_0 == 0)> <Delay = 0.00>
ST_9 : Operation 218 [1/1] (0.00ns)   --->   "store i8 %tmp_4, i8* @kernel_data_V_2_8, align 1" [firmware/nnet_utils/nnet_conv_stream.h:214->firmware/nnet_utils/nnet_conv_stream.h:252->firmware/nnet_utils/nnet_conv_stream.h:286->firmware/nnet_utils/nnet_conv2d_stream.h:87->firmware/nnet_utils/nnet_conv2d_stream.h:103]   --->   Operation 218 'store' <Predicate = (!icmp_ln213 & i_ic2_0_i_i_i_i_0 != 0 & i_ic2_0_i_i_i_i_0 != 1)> <Delay = 0.00>
ST_9 : Operation 219 [1/1] (0.00ns)   --->   "br label %13" [firmware/nnet_utils/nnet_conv_stream.h:214->firmware/nnet_utils/nnet_conv_stream.h:252->firmware/nnet_utils/nnet_conv_stream.h:286->firmware/nnet_utils/nnet_conv2d_stream.h:87->firmware/nnet_utils/nnet_conv2d_stream.h:103]   --->   Operation 219 'br' <Predicate = (!icmp_ln213 & i_ic2_0_i_i_i_i_0 != 0 & i_ic2_0_i_i_i_i_0 != 1)> <Delay = 0.00>
ST_9 : Operation 220 [1/1] (0.00ns)   --->   "br label %11" [firmware/nnet_utils/nnet_conv_stream.h:213->firmware/nnet_utils/nnet_conv_stream.h:252->firmware/nnet_utils/nnet_conv_stream.h:286->firmware/nnet_utils/nnet_conv2d_stream.h:87->firmware/nnet_utils/nnet_conv2d_stream.h:103]   --->   Operation 220 'br' <Predicate = (!icmp_ln213)> <Delay = 0.00>
ST_9 : Operation 221 [1/1] (0.00ns)   --->   "%empty_328 = call i32 (...)* @_ssdm_op_SpecRegionEnd([17 x i8]* @p_str49, i32 %tmp_1)" [firmware/nnet_utils/nnet_conv_stream.h:216->firmware/nnet_utils/nnet_conv_stream.h:252->firmware/nnet_utils/nnet_conv_stream.h:286->firmware/nnet_utils/nnet_conv2d_stream.h:87->firmware/nnet_utils/nnet_conv2d_stream.h:103]   --->   Operation 221 'specregionend' 'empty_328' <Predicate = (icmp_ln213)> <Delay = 0.00>
ST_9 : Operation 222 [1/1] (0.00ns)   --->   "%tmp_3 = call i32 (...)* @_ssdm_op_SpecRegionBegin([17 x i8]* @p_str49)" [firmware/nnet_utils/nnet_conv_stream.h:210->firmware/nnet_utils/nnet_conv_stream.h:252->firmware/nnet_utils/nnet_conv_stream.h:286->firmware/nnet_utils/nnet_conv2d_stream.h:87->firmware/nnet_utils/nnet_conv2d_stream.h:103]   --->   Operation 222 'specregionbegin' 'tmp_3' <Predicate = (icmp_ln213)> <Delay = 0.00>
ST_9 : Operation 223 [1/1] (1.76ns)   --->   "br label %14" [firmware/nnet_utils/nnet_conv_stream.h:213->firmware/nnet_utils/nnet_conv_stream.h:252->firmware/nnet_utils/nnet_conv_stream.h:286->firmware/nnet_utils/nnet_conv2d_stream.h:87->firmware/nnet_utils/nnet_conv2d_stream.h:103]   --->   Operation 223 'br' <Predicate = (icmp_ln213)> <Delay = 1.76>

State 10 <SV = 6> <Delay = 1.93>
ST_10 : Operation 224 [1/1] (0.00ns)   --->   "%i_ic2_0_i_i_i_i_1 = phi i2 [ 0, %KernelPushHeight ], [ %add_ln213_1, %16 ]" [firmware/nnet_utils/nnet_conv_stream.h:213->firmware/nnet_utils/nnet_conv_stream.h:252->firmware/nnet_utils/nnet_conv_stream.h:286->firmware/nnet_utils/nnet_conv2d_stream.h:87->firmware/nnet_utils/nnet_conv2d_stream.h:103]   --->   Operation 224 'phi' 'i_ic2_0_i_i_i_i_1' <Predicate = true> <Delay = 0.00>
ST_10 : Operation 225 [1/1] (0.95ns)   --->   "%icmp_ln213_1 = icmp eq i2 %i_ic2_0_i_i_i_i_1, -1" [firmware/nnet_utils/nnet_conv_stream.h:213->firmware/nnet_utils/nnet_conv_stream.h:252->firmware/nnet_utils/nnet_conv_stream.h:286->firmware/nnet_utils/nnet_conv2d_stream.h:87->firmware/nnet_utils/nnet_conv2d_stream.h:103]   --->   Operation 225 'icmp' 'icmp_ln213_1' <Predicate = true> <Delay = 0.95> <Core = "Cmp">   --->   Core 25 'Cmp' <Latency = 0> <II = 1> <Delay = 1.77> <FuncUnit> <Opcode : 'icmp'> <InPorts = 2> <OutPorts = 1>
ST_10 : Operation 226 [1/1] (0.00ns)   --->   "%empty_331 = call i32 (...)* @_ssdm_op_SpecLoopTripCount(i64 3, i64 3, i64 3)"   --->   Operation 226 'speclooptripcount' 'empty_331' <Predicate = true> <Delay = 0.00>
ST_10 : Operation 227 [1/1] (1.56ns)   --->   "%add_ln213_1 = add i2 %i_ic2_0_i_i_i_i_1, 1" [firmware/nnet_utils/nnet_conv_stream.h:213->firmware/nnet_utils/nnet_conv_stream.h:252->firmware/nnet_utils/nnet_conv_stream.h:286->firmware/nnet_utils/nnet_conv2d_stream.h:87->firmware/nnet_utils/nnet_conv2d_stream.h:103]   --->   Operation 227 'add' 'add_ln213_1' <Predicate = true> <Delay = 1.56> <Core = "AddSub">   --->   Core 14 'AddSub' <Latency = 0> <II = 1> <Delay = 2.55> <FuncUnit> <Opcode : 'add' 'sub'> <InPorts = 2> <OutPorts = 1>
ST_10 : Operation 228 [1/1] (0.00ns)   --->   "br i1 %icmp_ln213_1, label %KernelPushHeight1, label %15" [firmware/nnet_utils/nnet_conv_stream.h:213->firmware/nnet_utils/nnet_conv_stream.h:252->firmware/nnet_utils/nnet_conv_stream.h:286->firmware/nnet_utils/nnet_conv2d_stream.h:87->firmware/nnet_utils/nnet_conv2d_stream.h:103]   --->   Operation 228 'br' <Predicate = true> <Delay = 0.00>
ST_10 : Operation 229 [1/1] (0.00ns)   --->   "%shift_buffer_1_2_V_load = load i8* %shift_buffer_1_2_V" [firmware/nnet_utils/nnet_conv_stream.h:214->firmware/nnet_utils/nnet_conv_stream.h:252->firmware/nnet_utils/nnet_conv_stream.h:286->firmware/nnet_utils/nnet_conv2d_stream.h:87->firmware/nnet_utils/nnet_conv2d_stream.h:103]   --->   Operation 229 'load' 'shift_buffer_1_2_V_load' <Predicate = (!icmp_ln213_1)> <Delay = 0.00>
ST_10 : Operation 230 [1/1] (0.00ns)   --->   "%shift_buffer_1_2_V_1_load = load i8* %shift_buffer_1_2_V_1" [firmware/nnet_utils/nnet_conv_stream.h:214->firmware/nnet_utils/nnet_conv_stream.h:252->firmware/nnet_utils/nnet_conv_stream.h:286->firmware/nnet_utils/nnet_conv2d_stream.h:87->firmware/nnet_utils/nnet_conv2d_stream.h:103]   --->   Operation 230 'load' 'shift_buffer_1_2_V_1_load' <Predicate = (!icmp_ln213_1)> <Delay = 0.00>
ST_10 : Operation 231 [1/1] (0.00ns)   --->   "%shift_buffer_1_2_V_2_load = load i8* %shift_buffer_1_2_V_2" [firmware/nnet_utils/nnet_conv_stream.h:214->firmware/nnet_utils/nnet_conv_stream.h:252->firmware/nnet_utils/nnet_conv_stream.h:286->firmware/nnet_utils/nnet_conv2d_stream.h:87->firmware/nnet_utils/nnet_conv2d_stream.h:103]   --->   Operation 231 'load' 'shift_buffer_1_2_V_2_load' <Predicate = (!icmp_ln213_1)> <Delay = 0.00>
ST_10 : Operation 232 [1/1] (0.00ns)   --->   "call void (...)* @_ssdm_op_SpecLoopName([18 x i8]* @p_str50) nounwind" [firmware/nnet_utils/nnet_conv_stream.h:213->firmware/nnet_utils/nnet_conv_stream.h:252->firmware/nnet_utils/nnet_conv_stream.h:286->firmware/nnet_utils/nnet_conv2d_stream.h:87->firmware/nnet_utils/nnet_conv2d_stream.h:103]   --->   Operation 232 'specloopname' <Predicate = (!icmp_ln213_1)> <Delay = 0.00>
ST_10 : Operation 233 [1/1] (1.77ns)   --->   "%tmp_6 = call i8 @_ssdm_op_Mux.ap_auto.3i8.i2(i8 %shift_buffer_1_2_V_2_load, i8 %shift_buffer_1_2_V_1_load, i8 %shift_buffer_1_2_V_load, i2 %i_ic2_0_i_i_i_i_1)" [firmware/nnet_utils/nnet_conv_stream.h:214->firmware/nnet_utils/nnet_conv_stream.h:252->firmware/nnet_utils/nnet_conv_stream.h:286->firmware/nnet_utils/nnet_conv2d_stream.h:87->firmware/nnet_utils/nnet_conv2d_stream.h:103]   --->   Operation 233 'mux' 'tmp_6' <Predicate = (!icmp_ln213_1)> <Delay = 1.77> <Core = "MuxnS">   --->   Core 31 'MuxnS' <Latency = 0> <II = 1> <Delay = 1.77> <FuncUnit> <Opcode : 'mux'> <InPorts = 2> <OutPorts = 1>
ST_10 : Operation 234 [1/1] (1.13ns)   --->   "switch i2 %i_ic2_0_i_i_i_i_1, label %branch44 [
    i2 0, label %branch42
    i2 1, label %branch43
  ]" [firmware/nnet_utils/nnet_conv_stream.h:214->firmware/nnet_utils/nnet_conv_stream.h:252->firmware/nnet_utils/nnet_conv_stream.h:286->firmware/nnet_utils/nnet_conv2d_stream.h:87->firmware/nnet_utils/nnet_conv2d_stream.h:103]   --->   Operation 234 'switch' <Predicate = (!icmp_ln213_1)> <Delay = 1.13>
ST_10 : Operation 235 [1/1] (0.00ns)   --->   "store i8 %tmp_6, i8* @kernel_data_V_2_16, align 1" [firmware/nnet_utils/nnet_conv_stream.h:214->firmware/nnet_utils/nnet_conv_stream.h:252->firmware/nnet_utils/nnet_conv_stream.h:286->firmware/nnet_utils/nnet_conv2d_stream.h:87->firmware/nnet_utils/nnet_conv2d_stream.h:103]   --->   Operation 235 'store' <Predicate = (!icmp_ln213_1 & i_ic2_0_i_i_i_i_1 == 1)> <Delay = 0.00>
ST_10 : Operation 236 [1/1] (0.00ns)   --->   "br label %16" [firmware/nnet_utils/nnet_conv_stream.h:214->firmware/nnet_utils/nnet_conv_stream.h:252->firmware/nnet_utils/nnet_conv_stream.h:286->firmware/nnet_utils/nnet_conv2d_stream.h:87->firmware/nnet_utils/nnet_conv2d_stream.h:103]   --->   Operation 236 'br' <Predicate = (!icmp_ln213_1 & i_ic2_0_i_i_i_i_1 == 1)> <Delay = 0.00>
ST_10 : Operation 237 [1/1] (0.00ns)   --->   "store i8 %tmp_6, i8* @kernel_data_V_2_15, align 1" [firmware/nnet_utils/nnet_conv_stream.h:214->firmware/nnet_utils/nnet_conv_stream.h:252->firmware/nnet_utils/nnet_conv_stream.h:286->firmware/nnet_utils/nnet_conv2d_stream.h:87->firmware/nnet_utils/nnet_conv2d_stream.h:103]   --->   Operation 237 'store' <Predicate = (!icmp_ln213_1 & i_ic2_0_i_i_i_i_1 == 0)> <Delay = 0.00>
ST_10 : Operation 238 [1/1] (0.00ns)   --->   "br label %16" [firmware/nnet_utils/nnet_conv_stream.h:214->firmware/nnet_utils/nnet_conv_stream.h:252->firmware/nnet_utils/nnet_conv_stream.h:286->firmware/nnet_utils/nnet_conv2d_stream.h:87->firmware/nnet_utils/nnet_conv2d_stream.h:103]   --->   Operation 238 'br' <Predicate = (!icmp_ln213_1 & i_ic2_0_i_i_i_i_1 == 0)> <Delay = 0.00>
ST_10 : Operation 239 [1/1] (0.00ns)   --->   "store i8 %tmp_6, i8* @kernel_data_V_2_17, align 1" [firmware/nnet_utils/nnet_conv_stream.h:214->firmware/nnet_utils/nnet_conv_stream.h:252->firmware/nnet_utils/nnet_conv_stream.h:286->firmware/nnet_utils/nnet_conv2d_stream.h:87->firmware/nnet_utils/nnet_conv2d_stream.h:103]   --->   Operation 239 'store' <Predicate = (!icmp_ln213_1 & i_ic2_0_i_i_i_i_1 != 0 & i_ic2_0_i_i_i_i_1 != 1)> <Delay = 0.00>
ST_10 : Operation 240 [1/1] (0.00ns)   --->   "br label %16" [firmware/nnet_utils/nnet_conv_stream.h:214->firmware/nnet_utils/nnet_conv_stream.h:252->firmware/nnet_utils/nnet_conv_stream.h:286->firmware/nnet_utils/nnet_conv2d_stream.h:87->firmware/nnet_utils/nnet_conv2d_stream.h:103]   --->   Operation 240 'br' <Predicate = (!icmp_ln213_1 & i_ic2_0_i_i_i_i_1 != 0 & i_ic2_0_i_i_i_i_1 != 1)> <Delay = 0.00>
ST_10 : Operation 241 [1/1] (0.00ns)   --->   "br label %14" [firmware/nnet_utils/nnet_conv_stream.h:213->firmware/nnet_utils/nnet_conv_stream.h:252->firmware/nnet_utils/nnet_conv_stream.h:286->firmware/nnet_utils/nnet_conv2d_stream.h:87->firmware/nnet_utils/nnet_conv2d_stream.h:103]   --->   Operation 241 'br' <Predicate = (!icmp_ln213_1)> <Delay = 0.00>
ST_10 : Operation 242 [1/1] (0.00ns)   --->   "%empty_330 = call i32 (...)* @_ssdm_op_SpecRegionEnd([17 x i8]* @p_str49, i32 %tmp_3)" [firmware/nnet_utils/nnet_conv_stream.h:216->firmware/nnet_utils/nnet_conv_stream.h:252->firmware/nnet_utils/nnet_conv_stream.h:286->firmware/nnet_utils/nnet_conv2d_stream.h:87->firmware/nnet_utils/nnet_conv2d_stream.h:103]   --->   Operation 242 'specregionend' 'empty_330' <Predicate = (icmp_ln213_1)> <Delay = 0.00>
ST_10 : Operation 243 [1/1] (0.00ns)   --->   "%tmp_5 = call i32 (...)* @_ssdm_op_SpecRegionBegin([17 x i8]* @p_str49)" [firmware/nnet_utils/nnet_conv_stream.h:210->firmware/nnet_utils/nnet_conv_stream.h:252->firmware/nnet_utils/nnet_conv_stream.h:286->firmware/nnet_utils/nnet_conv2d_stream.h:87->firmware/nnet_utils/nnet_conv2d_stream.h:103]   --->   Operation 243 'specregionbegin' 'tmp_5' <Predicate = (icmp_ln213_1)> <Delay = 0.00>
ST_10 : Operation 244 [1/1] (1.76ns)   --->   "br label %17" [firmware/nnet_utils/nnet_conv_stream.h:213->firmware/nnet_utils/nnet_conv_stream.h:252->firmware/nnet_utils/nnet_conv_stream.h:286->firmware/nnet_utils/nnet_conv2d_stream.h:87->firmware/nnet_utils/nnet_conv2d_stream.h:103]   --->   Operation 244 'br' <Predicate = (icmp_ln213_1)> <Delay = 1.76>

State 11 <SV = 7> <Delay = 5.40>
ST_11 : Operation 245 [1/1] (0.00ns)   --->   "%i_ic2_0_i_i_i_i_2 = phi i2 [ 0, %KernelPushHeight1 ], [ %add_ln213_2, %19 ]" [firmware/nnet_utils/nnet_conv_stream.h:213->firmware/nnet_utils/nnet_conv_stream.h:252->firmware/nnet_utils/nnet_conv_stream.h:286->firmware/nnet_utils/nnet_conv2d_stream.h:87->firmware/nnet_utils/nnet_conv2d_stream.h:103]   --->   Operation 245 'phi' 'i_ic2_0_i_i_i_i_2' <Predicate = true> <Delay = 0.00>
ST_11 : Operation 246 [1/1] (0.95ns)   --->   "%icmp_ln213_2 = icmp eq i2 %i_ic2_0_i_i_i_i_2, -1" [firmware/nnet_utils/nnet_conv_stream.h:213->firmware/nnet_utils/nnet_conv_stream.h:252->firmware/nnet_utils/nnet_conv_stream.h:286->firmware/nnet_utils/nnet_conv2d_stream.h:87->firmware/nnet_utils/nnet_conv2d_stream.h:103]   --->   Operation 246 'icmp' 'icmp_ln213_2' <Predicate = true> <Delay = 0.95> <Core = "Cmp">   --->   Core 25 'Cmp' <Latency = 0> <II = 1> <Delay = 1.77> <FuncUnit> <Opcode : 'icmp'> <InPorts = 2> <OutPorts = 1>
ST_11 : Operation 247 [1/1] (0.00ns)   --->   "%empty_333 = call i32 (...)* @_ssdm_op_SpecLoopTripCount(i64 3, i64 3, i64 3)"   --->   Operation 247 'speclooptripcount' 'empty_333' <Predicate = true> <Delay = 0.00>
ST_11 : Operation 248 [1/1] (1.56ns)   --->   "%add_ln213_2 = add i2 %i_ic2_0_i_i_i_i_2, 1" [firmware/nnet_utils/nnet_conv_stream.h:213->firmware/nnet_utils/nnet_conv_stream.h:252->firmware/nnet_utils/nnet_conv_stream.h:286->firmware/nnet_utils/nnet_conv2d_stream.h:87->firmware/nnet_utils/nnet_conv2d_stream.h:103]   --->   Operation 248 'add' 'add_ln213_2' <Predicate = true> <Delay = 1.56> <Core = "AddSub">   --->   Core 14 'AddSub' <Latency = 0> <II = 1> <Delay = 2.55> <FuncUnit> <Opcode : 'add' 'sub'> <InPorts = 2> <OutPorts = 1>
ST_11 : Operation 249 [1/1] (0.00ns)   --->   "br i1 %icmp_ln213_2, label %KernelPushHeight_end, label %18" [firmware/nnet_utils/nnet_conv_stream.h:213->firmware/nnet_utils/nnet_conv_stream.h:252->firmware/nnet_utils/nnet_conv_stream.h:286->firmware/nnet_utils/nnet_conv2d_stream.h:87->firmware/nnet_utils/nnet_conv2d_stream.h:103]   --->   Operation 249 'br' <Predicate = true> <Delay = 0.00>
ST_11 : Operation 250 [1/1] (0.00ns)   --->   "call void (...)* @_ssdm_op_SpecLoopName([18 x i8]* @p_str50) nounwind" [firmware/nnet_utils/nnet_conv_stream.h:213->firmware/nnet_utils/nnet_conv_stream.h:252->firmware/nnet_utils/nnet_conv_stream.h:286->firmware/nnet_utils/nnet_conv2d_stream.h:87->firmware/nnet_utils/nnet_conv2d_stream.h:103]   --->   Operation 250 'specloopname' <Predicate = (!icmp_ln213_2)> <Delay = 0.00>
ST_11 : Operation 251 [1/1] (1.77ns)   --->   "%tmp_7 = call i8 @_ssdm_op_Mux.ap_auto.3i8.i2(i8 %tmp_data_0_V_1, i8 %tmp_data_1_V_1, i8 %tmp_data_2_V_1, i2 %i_ic2_0_i_i_i_i_2)" [firmware/nnet_utils/nnet_conv_stream.h:214->firmware/nnet_utils/nnet_conv_stream.h:252->firmware/nnet_utils/nnet_conv_stream.h:286->firmware/nnet_utils/nnet_conv2d_stream.h:87->firmware/nnet_utils/nnet_conv2d_stream.h:103]   --->   Operation 251 'mux' 'tmp_7' <Predicate = (!icmp_ln213_2)> <Delay = 1.77> <Core = "MuxnS">   --->   Core 31 'MuxnS' <Latency = 0> <II = 1> <Delay = 1.77> <FuncUnit> <Opcode : 'mux'> <InPorts = 2> <OutPorts = 1>
ST_11 : Operation 252 [1/1] (1.13ns)   --->   "switch i2 %i_ic2_0_i_i_i_i_2, label %branch26 [
    i2 0, label %branch24
    i2 1, label %branch25
  ]" [firmware/nnet_utils/nnet_conv_stream.h:214->firmware/nnet_utils/nnet_conv_stream.h:252->firmware/nnet_utils/nnet_conv_stream.h:286->firmware/nnet_utils/nnet_conv2d_stream.h:87->firmware/nnet_utils/nnet_conv2d_stream.h:103]   --->   Operation 252 'switch' <Predicate = (!icmp_ln213_2)> <Delay = 1.13>
ST_11 : Operation 253 [1/1] (0.00ns)   --->   "store i8 %tmp_7, i8* @kernel_data_V_2_25, align 1" [firmware/nnet_utils/nnet_conv_stream.h:214->firmware/nnet_utils/nnet_conv_stream.h:252->firmware/nnet_utils/nnet_conv_stream.h:286->firmware/nnet_utils/nnet_conv2d_stream.h:87->firmware/nnet_utils/nnet_conv2d_stream.h:103]   --->   Operation 253 'store' <Predicate = (!icmp_ln213_2 & i_ic2_0_i_i_i_i_2 == 1)> <Delay = 0.00>
ST_11 : Operation 254 [1/1] (0.00ns)   --->   "br label %19" [firmware/nnet_utils/nnet_conv_stream.h:214->firmware/nnet_utils/nnet_conv_stream.h:252->firmware/nnet_utils/nnet_conv_stream.h:286->firmware/nnet_utils/nnet_conv2d_stream.h:87->firmware/nnet_utils/nnet_conv2d_stream.h:103]   --->   Operation 254 'br' <Predicate = (!icmp_ln213_2 & i_ic2_0_i_i_i_i_2 == 1)> <Delay = 0.00>
ST_11 : Operation 255 [1/1] (1.76ns)   --->   "store i8 %tmp_7, i8* @kernel_data_V_2_24, align 1" [firmware/nnet_utils/nnet_conv_stream.h:214->firmware/nnet_utils/nnet_conv_stream.h:252->firmware/nnet_utils/nnet_conv_stream.h:286->firmware/nnet_utils/nnet_conv2d_stream.h:87->firmware/nnet_utils/nnet_conv2d_stream.h:103]   --->   Operation 255 'store' <Predicate = (!icmp_ln213_2 & i_ic2_0_i_i_i_i_2 == 0)> <Delay = 1.76>
ST_11 : Operation 256 [1/1] (0.00ns)   --->   "br label %19" [firmware/nnet_utils/nnet_conv_stream.h:214->firmware/nnet_utils/nnet_conv_stream.h:252->firmware/nnet_utils/nnet_conv_stream.h:286->firmware/nnet_utils/nnet_conv2d_stream.h:87->firmware/nnet_utils/nnet_conv2d_stream.h:103]   --->   Operation 256 'br' <Predicate = (!icmp_ln213_2 & i_ic2_0_i_i_i_i_2 == 0)> <Delay = 0.00>
ST_11 : Operation 257 [1/1] (0.00ns)   --->   "store i8 %tmp_7, i8* @kernel_data_V_2_26, align 1" [firmware/nnet_utils/nnet_conv_stream.h:214->firmware/nnet_utils/nnet_conv_stream.h:252->firmware/nnet_utils/nnet_conv_stream.h:286->firmware/nnet_utils/nnet_conv2d_stream.h:87->firmware/nnet_utils/nnet_conv2d_stream.h:103]   --->   Operation 257 'store' <Predicate = (!icmp_ln213_2 & i_ic2_0_i_i_i_i_2 != 0 & i_ic2_0_i_i_i_i_2 != 1)> <Delay = 0.00>
ST_11 : Operation 258 [1/1] (0.00ns)   --->   "br label %19" [firmware/nnet_utils/nnet_conv_stream.h:214->firmware/nnet_utils/nnet_conv_stream.h:252->firmware/nnet_utils/nnet_conv_stream.h:286->firmware/nnet_utils/nnet_conv2d_stream.h:87->firmware/nnet_utils/nnet_conv2d_stream.h:103]   --->   Operation 258 'br' <Predicate = (!icmp_ln213_2 & i_ic2_0_i_i_i_i_2 != 0 & i_ic2_0_i_i_i_i_2 != 1)> <Delay = 0.00>
ST_11 : Operation 259 [1/1] (0.00ns)   --->   "br label %17" [firmware/nnet_utils/nnet_conv_stream.h:213->firmware/nnet_utils/nnet_conv_stream.h:252->firmware/nnet_utils/nnet_conv_stream.h:286->firmware/nnet_utils/nnet_conv2d_stream.h:87->firmware/nnet_utils/nnet_conv2d_stream.h:103]   --->   Operation 259 'br' <Predicate = (!icmp_ln213_2)> <Delay = 0.00>
ST_11 : Operation 260 [1/1] (0.00ns)   --->   "%empty_332 = call i32 (...)* @_ssdm_op_SpecRegionEnd([17 x i8]* @p_str49, i32 %tmp_5)" [firmware/nnet_utils/nnet_conv_stream.h:216->firmware/nnet_utils/nnet_conv_stream.h:252->firmware/nnet_utils/nnet_conv_stream.h:286->firmware/nnet_utils/nnet_conv2d_stream.h:87->firmware/nnet_utils/nnet_conv2d_stream.h:103]   --->   Operation 260 'specregionend' 'empty_332' <Predicate = (icmp_ln213_2)> <Delay = 0.00>
ST_11 : Operation 261 [1/1] (0.00ns)   --->   "%sX_load = load i32* @sX, align 4" [firmware/nnet_utils/nnet_conv_stream.h:289->firmware/nnet_utils/nnet_conv2d_stream.h:87->firmware/nnet_utils/nnet_conv2d_stream.h:103]   --->   Operation 261 'load' 'sX_load' <Predicate = (icmp_ln213_2)> <Delay = 0.00>
ST_11 : Operation 262 [1/1] (2.47ns)   --->   "%icmp_ln289 = icmp eq i32 %sX_load, 2" [firmware/nnet_utils/nnet_conv_stream.h:289->firmware/nnet_utils/nnet_conv2d_stream.h:87->firmware/nnet_utils/nnet_conv2d_stream.h:103]   --->   Operation 262 'icmp' 'icmp_ln289' <Predicate = (icmp_ln213_2)> <Delay = 2.47> <Core = "Cmp">   --->   Core 25 'Cmp' <Latency = 0> <II = 1> <Delay = 1.77> <FuncUnit> <Opcode : 'icmp'> <InPorts = 2> <OutPorts = 1>
ST_11 : Operation 263 [1/1] (0.00ns)   --->   "%sY_load = load i32* @sY, align 4" [firmware/nnet_utils/nnet_conv_stream.h:289->firmware/nnet_utils/nnet_conv2d_stream.h:87->firmware/nnet_utils/nnet_conv2d_stream.h:103]   --->   Operation 263 'load' 'sY_load' <Predicate = (icmp_ln213_2)> <Delay = 0.00>
ST_11 : Operation 264 [1/1] (2.47ns)   --->   "%icmp_ln289_1 = icmp eq i32 %sY_load, 2" [firmware/nnet_utils/nnet_conv_stream.h:289->firmware/nnet_utils/nnet_conv2d_stream.h:87->firmware/nnet_utils/nnet_conv2d_stream.h:103]   --->   Operation 264 'icmp' 'icmp_ln289_1' <Predicate = (icmp_ln213_2)> <Delay = 2.47> <Core = "Cmp">   --->   Core 25 'Cmp' <Latency = 0> <II = 1> <Delay = 1.77> <FuncUnit> <Opcode : 'icmp'> <InPorts = 2> <OutPorts = 1>
ST_11 : Operation 265 [1/1] (0.00ns)   --->   "%pY_load = load i32* @pY, align 4" [firmware/nnet_utils/nnet_conv_stream.h:289->firmware/nnet_utils/nnet_conv2d_stream.h:87->firmware/nnet_utils/nnet_conv2d_stream.h:103]   --->   Operation 265 'load' 'pY_load' <Predicate = (icmp_ln213_2)> <Delay = 0.00>
ST_11 : Operation 266 [1/1] (0.00ns)   --->   "%tmp = call i31 @_ssdm_op_PartSelect.i31.i32.i32.i32(i32 %pY_load, i32 1, i32 31)" [firmware/nnet_utils/nnet_conv_stream.h:289->firmware/nnet_utils/nnet_conv2d_stream.h:87->firmware/nnet_utils/nnet_conv2d_stream.h:103]   --->   Operation 266 'partselect' 'tmp' <Predicate = (icmp_ln213_2)> <Delay = 0.00>
ST_11 : Operation 267 [1/1] (2.47ns)   --->   "%icmp_ln289_2 = icmp sgt i31 %tmp, 0" [firmware/nnet_utils/nnet_conv_stream.h:289->firmware/nnet_utils/nnet_conv2d_stream.h:87->firmware/nnet_utils/nnet_conv2d_stream.h:103]   --->   Operation 267 'icmp' 'icmp_ln289_2' <Predicate = (icmp_ln213_2)> <Delay = 2.47> <Core = "Cmp">   --->   Core 25 'Cmp' <Latency = 0> <II = 1> <Delay = 1.77> <FuncUnit> <Opcode : 'icmp'> <InPorts = 2> <OutPorts = 1>
ST_11 : Operation 268 [1/1] (0.00ns)   --->   "%pX_load = load i32* @pX, align 4" [firmware/nnet_utils/nnet_conv_stream.h:289->firmware/nnet_utils/nnet_conv2d_stream.h:87->firmware/nnet_utils/nnet_conv2d_stream.h:103]   --->   Operation 268 'load' 'pX_load' <Predicate = (icmp_ln213_2)> <Delay = 0.00>
ST_11 : Operation 269 [1/1] (0.00ns)   --->   "%tmp_386 = call i31 @_ssdm_op_PartSelect.i31.i32.i32.i32(i32 %pX_load, i32 1, i32 31)" [firmware/nnet_utils/nnet_conv_stream.h:289->firmware/nnet_utils/nnet_conv2d_stream.h:87->firmware/nnet_utils/nnet_conv2d_stream.h:103]   --->   Operation 269 'partselect' 'tmp_386' <Predicate = (icmp_ln213_2)> <Delay = 0.00>
ST_11 : Operation 270 [1/1] (2.47ns)   --->   "%icmp_ln289_3 = icmp sgt i31 %tmp_386, 0" [firmware/nnet_utils/nnet_conv_stream.h:289->firmware/nnet_utils/nnet_conv2d_stream.h:87->firmware/nnet_utils/nnet_conv2d_stream.h:103]   --->   Operation 270 'icmp' 'icmp_ln289_3' <Predicate = (icmp_ln213_2)> <Delay = 2.47> <Core = "Cmp">   --->   Core 25 'Cmp' <Latency = 0> <II = 1> <Delay = 1.77> <FuncUnit> <Opcode : 'icmp'> <InPorts = 2> <OutPorts = 1>
ST_11 : Operation 271 [1/1] (0.00ns) (grouped into LUT with out node and_ln289_2)   --->   "%and_ln289 = and i1 %icmp_ln289, %icmp_ln289_1" [firmware/nnet_utils/nnet_conv_stream.h:289->firmware/nnet_utils/nnet_conv2d_stream.h:87->firmware/nnet_utils/nnet_conv2d_stream.h:103]   --->   Operation 271 'and' 'and_ln289' <Predicate = (icmp_ln213_2)> <Delay = 0.00> <Core = "LogicGate">   --->   Core 27 'LogicGate' <Latency = 0> <II = 1> <Delay = 0.97> <FuncUnit> <Opcode : 'and' 'or' 'xor'> <InPorts = 2> <OutPorts = 1>
ST_11 : Operation 272 [1/1] (0.00ns) (grouped into LUT with out node and_ln289_2)   --->   "%and_ln289_1 = and i1 %icmp_ln289_2, %icmp_ln289_3" [firmware/nnet_utils/nnet_conv_stream.h:289->firmware/nnet_utils/nnet_conv2d_stream.h:87->firmware/nnet_utils/nnet_conv2d_stream.h:103]   --->   Operation 272 'and' 'and_ln289_1' <Predicate = (icmp_ln213_2)> <Delay = 0.00> <Core = "LogicGate">   --->   Core 27 'LogicGate' <Latency = 0> <II = 1> <Delay = 0.97> <FuncUnit> <Opcode : 'and' 'or' 'xor'> <InPorts = 2> <OutPorts = 1>
ST_11 : Operation 273 [1/1] (0.97ns) (out node of the LUT)   --->   "%and_ln289_2 = and i1 %and_ln289_1, %and_ln289" [firmware/nnet_utils/nnet_conv_stream.h:289->firmware/nnet_utils/nnet_conv2d_stream.h:87->firmware/nnet_utils/nnet_conv2d_stream.h:103]   --->   Operation 273 'and' 'and_ln289_2' <Predicate = (icmp_ln213_2)> <Delay = 0.97> <Core = "LogicGate">   --->   Core 27 'LogicGate' <Latency = 0> <II = 1> <Delay = 0.97> <FuncUnit> <Opcode : 'and' 'or' 'xor'> <InPorts = 2> <OutPorts = 1>
ST_11 : Operation 274 [1/1] (0.00ns)   --->   "br i1 %and_ln289_2, label %hls_label_1_begin, label %._crit_edge22.i.i" [firmware/nnet_utils/nnet_conv_stream.h:289->firmware/nnet_utils/nnet_conv2d_stream.h:87->firmware/nnet_utils/nnet_conv2d_stream.h:103]   --->   Operation 274 'br' <Predicate = (icmp_ln213_2)> <Delay = 0.00>
ST_11 : Operation 275 [1/1] (0.00ns)   --->   "%tmp_8 = call i32 (...)* @_ssdm_op_SpecRegionBegin([12 x i8]* @p_str64)" [firmware/nnet_utils/nnet_conv_stream.h:289->firmware/nnet_utils/nnet_conv2d_stream.h:87->firmware/nnet_utils/nnet_conv2d_stream.h:103]   --->   Operation 275 'specregionbegin' 'tmp_8' <Predicate = (icmp_ln213_2 & and_ln289_2)> <Delay = 0.00>
ST_11 : Operation 276 [1/1] (1.76ns)   --->   "br label %ReuseLoop_begin" [firmware/nnet_utils/nnet_dense_resource.h:129->firmware/nnet_utils/nnet_dense_resource.h:255->firmware/nnet_utils/nnet_conv_stream.h:297->firmware/nnet_utils/nnet_conv2d_stream.h:87->firmware/nnet_utils/nnet_conv2d_stream.h:103]   --->   Operation 276 'br' <Predicate = (icmp_ln213_2 & and_ln289_2)> <Delay = 1.76>

State 12 <SV = 8> <Delay = 3.25>
ST_12 : Operation 277 [1/1] (0.00ns)   --->   "%w_index165 = phi i10 [ 0, %hls_label_1_begin ], [ %w_index, %ReuseLoop_end ]"   --->   Operation 277 'phi' 'w_index165' <Predicate = true> <Delay = 0.00>
ST_12 : Operation 278 [1/1] (0.00ns)   --->   "%zext_ln133 = zext i10 %w_index165 to i64" [firmware/nnet_utils/nnet_dense_resource.h:133->firmware/nnet_utils/nnet_dense_resource.h:255->firmware/nnet_utils/nnet_conv_stream.h:297->firmware/nnet_utils/nnet_conv2d_stream.h:87->firmware/nnet_utils/nnet_conv2d_stream.h:103]   --->   Operation 278 'zext' 'zext_ln133' <Predicate = true> <Delay = 0.00>
ST_12 : Operation 279 [1/1] (0.00ns)   --->   "%outidx4_addr = getelementptr [864 x i5]* @outidx4, i64 0, i64 %zext_ln133" [firmware/nnet_utils/nnet_dense_resource.h:133->firmware/nnet_utils/nnet_dense_resource.h:255->firmware/nnet_utils/nnet_conv_stream.h:297->firmware/nnet_utils/nnet_conv2d_stream.h:87->firmware/nnet_utils/nnet_conv2d_stream.h:103]   --->   Operation 279 'getelementptr' 'outidx4_addr' <Predicate = true> <Delay = 0.00>
ST_12 : Operation 280 [2/2] (3.25ns)   --->   "%out_index = load i5* %outidx4_addr, align 1" [firmware/nnet_utils/nnet_dense_resource.h:133->firmware/nnet_utils/nnet_dense_resource.h:255->firmware/nnet_utils/nnet_conv_stream.h:297->firmware/nnet_utils/nnet_conv2d_stream.h:87->firmware/nnet_utils/nnet_conv2d_stream.h:103]   --->   Operation 280 'load' 'out_index' <Predicate = true> <Delay = 3.25> <Core = "ROM_nP">   --->   Core 52 'ROM_nP' <Latency = 1> <II = 1> <Delay = 3.25> <Storage> <Opcode : 'load'> <Ports = 0> <Width = 8> <Depth = 864> <ROM>
ST_12 : Operation 281 [1/1] (1.73ns)   --->   "%w_index = add i10 1, %w_index165" [firmware/nnet_utils/nnet_dense_resource.h:129->firmware/nnet_utils/nnet_dense_resource.h:255->firmware/nnet_utils/nnet_conv_stream.h:297->firmware/nnet_utils/nnet_conv2d_stream.h:87->firmware/nnet_utils/nnet_conv2d_stream.h:103]   --->   Operation 281 'add' 'w_index' <Predicate = true> <Delay = 1.73> <Core = "AddSub">   --->   Core 14 'AddSub' <Latency = 0> <II = 1> <Delay = 2.55> <FuncUnit> <Opcode : 'add' 'sub'> <InPorts = 2> <OutPorts = 1>
ST_12 : Operation 282 [1/1] (0.00ns)   --->   "%w2_V_addr = getelementptr [864 x i8]* @w2_V, i64 0, i64 %zext_ln133" [firmware/nnet_utils/nnet_dense_resource.h:139->firmware/nnet_utils/nnet_dense_resource.h:255->firmware/nnet_utils/nnet_conv_stream.h:297->firmware/nnet_utils/nnet_conv2d_stream.h:87->firmware/nnet_utils/nnet_conv2d_stream.h:103]   --->   Operation 282 'getelementptr' 'w2_V_addr' <Predicate = true> <Delay = 0.00>
ST_12 : Operation 283 [2/2] (3.25ns)   --->   "%w2_V_load = load i8* %w2_V_addr, align 1" [firmware/nnet_utils/nnet_dense_resource.h:139->firmware/nnet_utils/nnet_dense_resource.h:255->firmware/nnet_utils/nnet_conv_stream.h:297->firmware/nnet_utils/nnet_conv2d_stream.h:87->firmware/nnet_utils/nnet_conv2d_stream.h:103]   --->   Operation 283 'load' 'w2_V_load' <Predicate = true> <Delay = 3.25> <Core = "ROM_nP">   --->   Core 52 'ROM_nP' <Latency = 1> <II = 1> <Delay = 3.25> <Storage> <Opcode : 'load'> <Ports = 0> <Width = 8> <Depth = 864> <ROM>
ST_12 : Operation 284 [1/1] (1.77ns)   --->   "%icmp_ln129 = icmp eq i10 %w_index165, -161" [firmware/nnet_utils/nnet_dense_resource.h:129->firmware/nnet_utils/nnet_dense_resource.h:255->firmware/nnet_utils/nnet_conv_stream.h:297->firmware/nnet_utils/nnet_conv2d_stream.h:87->firmware/nnet_utils/nnet_conv2d_stream.h:103]   --->   Operation 284 'icmp' 'icmp_ln129' <Predicate = true> <Delay = 1.77> <Core = "Cmp">   --->   Core 25 'Cmp' <Latency = 0> <II = 1> <Delay = 1.77> <FuncUnit> <Opcode : 'icmp'> <InPorts = 2> <OutPorts = 1>
ST_12 : Operation 285 [1/1] (0.00ns)   --->   "br i1 %icmp_ln129, label %hls_label_1_end, label %ReuseLoop_begin" [firmware/nnet_utils/nnet_dense_resource.h:129->firmware/nnet_utils/nnet_dense_resource.h:255->firmware/nnet_utils/nnet_conv_stream.h:297->firmware/nnet_utils/nnet_conv2d_stream.h:87->firmware/nnet_utils/nnet_conv2d_stream.h:103]   --->   Operation 285 'br' <Predicate = true> <Delay = 0.00>

State 13 <SV = 9> <Delay = 5.72>
ST_13 : Operation 286 [1/1] (0.00ns)   --->   "%in_index_0_i_i_i_i164 = phi i32 [ 0, %hls_label_1_begin ], [ %select_ln148, %ReuseLoop_end ]" [firmware/nnet_utils/nnet_dense_resource.h:148->firmware/nnet_utils/nnet_dense_resource.h:255->firmware/nnet_utils/nnet_conv_stream.h:297->firmware/nnet_utils/nnet_conv2d_stream.h:87->firmware/nnet_utils/nnet_conv2d_stream.h:103]   --->   Operation 286 'phi' 'in_index_0_i_i_i_i164' <Predicate = true> <Delay = 0.00>
ST_13 : Operation 287 [1/2] (3.25ns)   --->   "%out_index = load i5* %outidx4_addr, align 1" [firmware/nnet_utils/nnet_dense_resource.h:133->firmware/nnet_utils/nnet_dense_resource.h:255->firmware/nnet_utils/nnet_conv_stream.h:297->firmware/nnet_utils/nnet_conv2d_stream.h:87->firmware/nnet_utils/nnet_conv2d_stream.h:103]   --->   Operation 287 'load' 'out_index' <Predicate = true> <Delay = 3.25> <Core = "ROM_nP">   --->   Core 52 'ROM_nP' <Latency = 1> <II = 1> <Delay = 3.25> <Storage> <Opcode : 'load'> <Ports = 0> <Width = 8> <Depth = 864> <ROM>
ST_13 : Operation 288 [1/1] (0.00ns)   --->   "%trunc_ln139 = trunc i32 %in_index_0_i_i_i_i164 to i5" [firmware/nnet_utils/nnet_dense_resource.h:139->firmware/nnet_utils/nnet_dense_resource.h:255->firmware/nnet_utils/nnet_conv_stream.h:297->firmware/nnet_utils/nnet_conv2d_stream.h:87->firmware/nnet_utils/nnet_conv2d_stream.h:103]   --->   Operation 288 'trunc' 'trunc_ln139' <Predicate = true> <Delay = 0.00>
ST_13 : Operation 289 [1/1] (1.42ns)   --->   "switch i5 %trunc_ln139, label %case26.i.i [
    i5 0, label %case0.i.i
    i5 1, label %case1.i.i
    i5 2, label %case2.i.i
    i5 3, label %case3.i.i
    i5 4, label %case4.i.i
    i5 5, label %case5.i.i
    i5 6, label %case6.i.i
    i5 7, label %case7.i.i
    i5 8, label %case8.i.i
    i5 9, label %case9.i.i
    i5 10, label %case10.i.i
    i5 11, label %case11.i.i
    i5 12, label %case12.i.i
    i5 13, label %case13.i.i
    i5 14, label %case14.i.i
    i5 15, label %case15.i.i
    i5 -16, label %case16.i.i
    i5 -15, label %case17.i.i
    i5 -14, label %case18.i.i
    i5 -13, label %case19.i.i
    i5 -12, label %case20.i.i
    i5 -11, label %case21.i.i
    i5 -10, label %case22.i.i
    i5 -9, label %case23.i.i
    i5 -8, label %case24.i.i
    i5 -7, label %case25.i.i
  ]" [aesl_mux_load.27i8P.i5:55->firmware/nnet_utils/nnet_dense_resource.h:139->firmware/nnet_utils/nnet_dense_resource.h:255->firmware/nnet_utils/nnet_conv_stream.h:297->firmware/nnet_utils/nnet_conv2d_stream.h:87->firmware/nnet_utils/nnet_conv2d_stream.h:103]   --->   Operation 289 'switch' <Predicate = true> <Delay = 1.42>
ST_13 : Operation 290 [1/1] (0.00ns)   --->   "%kernel_data_V_2_25_load_1 = load i8* @kernel_data_V_2_25, align 1" [aesl_mux_load.27i8P.i5:51->firmware/nnet_utils/nnet_dense_resource.h:139->firmware/nnet_utils/nnet_dense_resource.h:255->firmware/nnet_utils/nnet_conv_stream.h:297->firmware/nnet_utils/nnet_conv2d_stream.h:87->firmware/nnet_utils/nnet_conv2d_stream.h:103]   --->   Operation 290 'load' 'kernel_data_V_2_25_load_1' <Predicate = (trunc_ln139 == 25)> <Delay = 0.00>
ST_13 : Operation 291 [1/1] (2.56ns)   --->   "br label %aesl_mux_load.27i8P.i5.exit" [aesl_mux_load.27i8P.i5:54->firmware/nnet_utils/nnet_dense_resource.h:139->firmware/nnet_utils/nnet_dense_resource.h:255->firmware/nnet_utils/nnet_conv_stream.h:297->firmware/nnet_utils/nnet_conv2d_stream.h:87->firmware/nnet_utils/nnet_conv2d_stream.h:103]   --->   Operation 291 'br' <Predicate = (trunc_ln139 == 25)> <Delay = 2.56>
ST_13 : Operation 292 [1/1] (0.00ns)   --->   "%kernel_data_V_2_24_load_1 = load i8* @kernel_data_V_2_24, align 1" [aesl_mux_load.27i8P.i5:49->firmware/nnet_utils/nnet_dense_resource.h:139->firmware/nnet_utils/nnet_dense_resource.h:255->firmware/nnet_utils/nnet_conv_stream.h:297->firmware/nnet_utils/nnet_conv2d_stream.h:87->firmware/nnet_utils/nnet_conv2d_stream.h:103]   --->   Operation 292 'load' 'kernel_data_V_2_24_load_1' <Predicate = (trunc_ln139 == 24)> <Delay = 0.00>
ST_13 : Operation 293 [1/1] (2.56ns)   --->   "br label %aesl_mux_load.27i8P.i5.exit" [aesl_mux_load.27i8P.i5:54->firmware/nnet_utils/nnet_dense_resource.h:139->firmware/nnet_utils/nnet_dense_resource.h:255->firmware/nnet_utils/nnet_conv_stream.h:297->firmware/nnet_utils/nnet_conv2d_stream.h:87->firmware/nnet_utils/nnet_conv2d_stream.h:103]   --->   Operation 293 'br' <Predicate = (trunc_ln139 == 24)> <Delay = 2.56>
ST_13 : Operation 294 [1/1] (0.00ns)   --->   "%kernel_data_V_2_23_load_1 = load i8* @kernel_data_V_2_23, align 1" [aesl_mux_load.27i8P.i5:47->firmware/nnet_utils/nnet_dense_resource.h:139->firmware/nnet_utils/nnet_dense_resource.h:255->firmware/nnet_utils/nnet_conv_stream.h:297->firmware/nnet_utils/nnet_conv2d_stream.h:87->firmware/nnet_utils/nnet_conv2d_stream.h:103]   --->   Operation 294 'load' 'kernel_data_V_2_23_load_1' <Predicate = (trunc_ln139 == 23)> <Delay = 0.00>
ST_13 : Operation 295 [1/1] (2.56ns)   --->   "br label %aesl_mux_load.27i8P.i5.exit" [aesl_mux_load.27i8P.i5:54->firmware/nnet_utils/nnet_dense_resource.h:139->firmware/nnet_utils/nnet_dense_resource.h:255->firmware/nnet_utils/nnet_conv_stream.h:297->firmware/nnet_utils/nnet_conv2d_stream.h:87->firmware/nnet_utils/nnet_conv2d_stream.h:103]   --->   Operation 295 'br' <Predicate = (trunc_ln139 == 23)> <Delay = 2.56>
ST_13 : Operation 296 [1/1] (0.00ns)   --->   "%kernel_data_V_2_22_load_1 = load i8* @kernel_data_V_2_22, align 1" [aesl_mux_load.27i8P.i5:45->firmware/nnet_utils/nnet_dense_resource.h:139->firmware/nnet_utils/nnet_dense_resource.h:255->firmware/nnet_utils/nnet_conv_stream.h:297->firmware/nnet_utils/nnet_conv2d_stream.h:87->firmware/nnet_utils/nnet_conv2d_stream.h:103]   --->   Operation 296 'load' 'kernel_data_V_2_22_load_1' <Predicate = (trunc_ln139 == 22)> <Delay = 0.00>
ST_13 : Operation 297 [1/1] (2.56ns)   --->   "br label %aesl_mux_load.27i8P.i5.exit" [aesl_mux_load.27i8P.i5:54->firmware/nnet_utils/nnet_dense_resource.h:139->firmware/nnet_utils/nnet_dense_resource.h:255->firmware/nnet_utils/nnet_conv_stream.h:297->firmware/nnet_utils/nnet_conv2d_stream.h:87->firmware/nnet_utils/nnet_conv2d_stream.h:103]   --->   Operation 297 'br' <Predicate = (trunc_ln139 == 22)> <Delay = 2.56>
ST_13 : Operation 298 [1/1] (0.00ns)   --->   "%kernel_data_V_2_21_load_1 = load i8* @kernel_data_V_2_21, align 1" [aesl_mux_load.27i8P.i5:43->firmware/nnet_utils/nnet_dense_resource.h:139->firmware/nnet_utils/nnet_dense_resource.h:255->firmware/nnet_utils/nnet_conv_stream.h:297->firmware/nnet_utils/nnet_conv2d_stream.h:87->firmware/nnet_utils/nnet_conv2d_stream.h:103]   --->   Operation 298 'load' 'kernel_data_V_2_21_load_1' <Predicate = (trunc_ln139 == 21)> <Delay = 0.00>
ST_13 : Operation 299 [1/1] (2.56ns)   --->   "br label %aesl_mux_load.27i8P.i5.exit" [aesl_mux_load.27i8P.i5:54->firmware/nnet_utils/nnet_dense_resource.h:139->firmware/nnet_utils/nnet_dense_resource.h:255->firmware/nnet_utils/nnet_conv_stream.h:297->firmware/nnet_utils/nnet_conv2d_stream.h:87->firmware/nnet_utils/nnet_conv2d_stream.h:103]   --->   Operation 299 'br' <Predicate = (trunc_ln139 == 21)> <Delay = 2.56>
ST_13 : Operation 300 [1/1] (0.00ns)   --->   "%kernel_data_V_2_20_load = load i8* @kernel_data_V_2_20, align 1" [aesl_mux_load.27i8P.i5:41->firmware/nnet_utils/nnet_dense_resource.h:139->firmware/nnet_utils/nnet_dense_resource.h:255->firmware/nnet_utils/nnet_conv_stream.h:297->firmware/nnet_utils/nnet_conv2d_stream.h:87->firmware/nnet_utils/nnet_conv2d_stream.h:103]   --->   Operation 300 'load' 'kernel_data_V_2_20_load' <Predicate = (trunc_ln139 == 20)> <Delay = 0.00>
ST_13 : Operation 301 [1/1] (2.56ns)   --->   "br label %aesl_mux_load.27i8P.i5.exit" [aesl_mux_load.27i8P.i5:54->firmware/nnet_utils/nnet_dense_resource.h:139->firmware/nnet_utils/nnet_dense_resource.h:255->firmware/nnet_utils/nnet_conv_stream.h:297->firmware/nnet_utils/nnet_conv2d_stream.h:87->firmware/nnet_utils/nnet_conv2d_stream.h:103]   --->   Operation 301 'br' <Predicate = (trunc_ln139 == 20)> <Delay = 2.56>
ST_13 : Operation 302 [1/1] (0.00ns)   --->   "%kernel_data_V_2_19_load = load i8* @kernel_data_V_2_19, align 1" [aesl_mux_load.27i8P.i5:39->firmware/nnet_utils/nnet_dense_resource.h:139->firmware/nnet_utils/nnet_dense_resource.h:255->firmware/nnet_utils/nnet_conv_stream.h:297->firmware/nnet_utils/nnet_conv2d_stream.h:87->firmware/nnet_utils/nnet_conv2d_stream.h:103]   --->   Operation 302 'load' 'kernel_data_V_2_19_load' <Predicate = (trunc_ln139 == 19)> <Delay = 0.00>
ST_13 : Operation 303 [1/1] (2.56ns)   --->   "br label %aesl_mux_load.27i8P.i5.exit" [aesl_mux_load.27i8P.i5:54->firmware/nnet_utils/nnet_dense_resource.h:139->firmware/nnet_utils/nnet_dense_resource.h:255->firmware/nnet_utils/nnet_conv_stream.h:297->firmware/nnet_utils/nnet_conv2d_stream.h:87->firmware/nnet_utils/nnet_conv2d_stream.h:103]   --->   Operation 303 'br' <Predicate = (trunc_ln139 == 19)> <Delay = 2.56>
ST_13 : Operation 304 [1/1] (0.00ns)   --->   "%kernel_data_V_2_18_load = load i8* @kernel_data_V_2_18, align 1" [aesl_mux_load.27i8P.i5:37->firmware/nnet_utils/nnet_dense_resource.h:139->firmware/nnet_utils/nnet_dense_resource.h:255->firmware/nnet_utils/nnet_conv_stream.h:297->firmware/nnet_utils/nnet_conv2d_stream.h:87->firmware/nnet_utils/nnet_conv2d_stream.h:103]   --->   Operation 304 'load' 'kernel_data_V_2_18_load' <Predicate = (trunc_ln139 == 18)> <Delay = 0.00>
ST_13 : Operation 305 [1/1] (2.56ns)   --->   "br label %aesl_mux_load.27i8P.i5.exit" [aesl_mux_load.27i8P.i5:54->firmware/nnet_utils/nnet_dense_resource.h:139->firmware/nnet_utils/nnet_dense_resource.h:255->firmware/nnet_utils/nnet_conv_stream.h:297->firmware/nnet_utils/nnet_conv2d_stream.h:87->firmware/nnet_utils/nnet_conv2d_stream.h:103]   --->   Operation 305 'br' <Predicate = (trunc_ln139 == 18)> <Delay = 2.56>
ST_13 : Operation 306 [1/1] (0.00ns)   --->   "%kernel_data_V_2_17_load_1 = load i8* @kernel_data_V_2_17, align 1" [aesl_mux_load.27i8P.i5:35->firmware/nnet_utils/nnet_dense_resource.h:139->firmware/nnet_utils/nnet_dense_resource.h:255->firmware/nnet_utils/nnet_conv_stream.h:297->firmware/nnet_utils/nnet_conv2d_stream.h:87->firmware/nnet_utils/nnet_conv2d_stream.h:103]   --->   Operation 306 'load' 'kernel_data_V_2_17_load_1' <Predicate = (trunc_ln139 == 17)> <Delay = 0.00>
ST_13 : Operation 307 [1/1] (2.56ns)   --->   "br label %aesl_mux_load.27i8P.i5.exit" [aesl_mux_load.27i8P.i5:54->firmware/nnet_utils/nnet_dense_resource.h:139->firmware/nnet_utils/nnet_dense_resource.h:255->firmware/nnet_utils/nnet_conv_stream.h:297->firmware/nnet_utils/nnet_conv2d_stream.h:87->firmware/nnet_utils/nnet_conv2d_stream.h:103]   --->   Operation 307 'br' <Predicate = (trunc_ln139 == 17)> <Delay = 2.56>
ST_13 : Operation 308 [1/1] (0.00ns)   --->   "%kernel_data_V_2_16_load_1 = load i8* @kernel_data_V_2_16, align 1" [aesl_mux_load.27i8P.i5:33->firmware/nnet_utils/nnet_dense_resource.h:139->firmware/nnet_utils/nnet_dense_resource.h:255->firmware/nnet_utils/nnet_conv_stream.h:297->firmware/nnet_utils/nnet_conv2d_stream.h:87->firmware/nnet_utils/nnet_conv2d_stream.h:103]   --->   Operation 308 'load' 'kernel_data_V_2_16_load_1' <Predicate = (trunc_ln139 == 16)> <Delay = 0.00>
ST_13 : Operation 309 [1/1] (2.56ns)   --->   "br label %aesl_mux_load.27i8P.i5.exit" [aesl_mux_load.27i8P.i5:54->firmware/nnet_utils/nnet_dense_resource.h:139->firmware/nnet_utils/nnet_dense_resource.h:255->firmware/nnet_utils/nnet_conv_stream.h:297->firmware/nnet_utils/nnet_conv2d_stream.h:87->firmware/nnet_utils/nnet_conv2d_stream.h:103]   --->   Operation 309 'br' <Predicate = (trunc_ln139 == 16)> <Delay = 2.56>
ST_13 : Operation 310 [1/1] (0.00ns)   --->   "%kernel_data_V_2_15_load_1 = load i8* @kernel_data_V_2_15, align 1" [aesl_mux_load.27i8P.i5:31->firmware/nnet_utils/nnet_dense_resource.h:139->firmware/nnet_utils/nnet_dense_resource.h:255->firmware/nnet_utils/nnet_conv_stream.h:297->firmware/nnet_utils/nnet_conv2d_stream.h:87->firmware/nnet_utils/nnet_conv2d_stream.h:103]   --->   Operation 310 'load' 'kernel_data_V_2_15_load_1' <Predicate = (trunc_ln139 == 15)> <Delay = 0.00>
ST_13 : Operation 311 [1/1] (2.56ns)   --->   "br label %aesl_mux_load.27i8P.i5.exit" [aesl_mux_load.27i8P.i5:54->firmware/nnet_utils/nnet_dense_resource.h:139->firmware/nnet_utils/nnet_dense_resource.h:255->firmware/nnet_utils/nnet_conv_stream.h:297->firmware/nnet_utils/nnet_conv2d_stream.h:87->firmware/nnet_utils/nnet_conv2d_stream.h:103]   --->   Operation 311 'br' <Predicate = (trunc_ln139 == 15)> <Delay = 2.56>
ST_13 : Operation 312 [1/1] (0.00ns)   --->   "%kernel_data_V_2_14_load_1 = load i8* @kernel_data_V_2_14, align 1" [aesl_mux_load.27i8P.i5:29->firmware/nnet_utils/nnet_dense_resource.h:139->firmware/nnet_utils/nnet_dense_resource.h:255->firmware/nnet_utils/nnet_conv_stream.h:297->firmware/nnet_utils/nnet_conv2d_stream.h:87->firmware/nnet_utils/nnet_conv2d_stream.h:103]   --->   Operation 312 'load' 'kernel_data_V_2_14_load_1' <Predicate = (trunc_ln139 == 14)> <Delay = 0.00>
ST_13 : Operation 313 [1/1] (2.56ns)   --->   "br label %aesl_mux_load.27i8P.i5.exit" [aesl_mux_load.27i8P.i5:54->firmware/nnet_utils/nnet_dense_resource.h:139->firmware/nnet_utils/nnet_dense_resource.h:255->firmware/nnet_utils/nnet_conv_stream.h:297->firmware/nnet_utils/nnet_conv2d_stream.h:87->firmware/nnet_utils/nnet_conv2d_stream.h:103]   --->   Operation 313 'br' <Predicate = (trunc_ln139 == 14)> <Delay = 2.56>
ST_13 : Operation 314 [1/1] (0.00ns)   --->   "%kernel_data_V_2_13_load_1 = load i8* @kernel_data_V_2_13, align 1" [aesl_mux_load.27i8P.i5:27->firmware/nnet_utils/nnet_dense_resource.h:139->firmware/nnet_utils/nnet_dense_resource.h:255->firmware/nnet_utils/nnet_conv_stream.h:297->firmware/nnet_utils/nnet_conv2d_stream.h:87->firmware/nnet_utils/nnet_conv2d_stream.h:103]   --->   Operation 314 'load' 'kernel_data_V_2_13_load_1' <Predicate = (trunc_ln139 == 13)> <Delay = 0.00>
ST_13 : Operation 315 [1/1] (2.56ns)   --->   "br label %aesl_mux_load.27i8P.i5.exit" [aesl_mux_load.27i8P.i5:54->firmware/nnet_utils/nnet_dense_resource.h:139->firmware/nnet_utils/nnet_dense_resource.h:255->firmware/nnet_utils/nnet_conv_stream.h:297->firmware/nnet_utils/nnet_conv2d_stream.h:87->firmware/nnet_utils/nnet_conv2d_stream.h:103]   --->   Operation 315 'br' <Predicate = (trunc_ln139 == 13)> <Delay = 2.56>
ST_13 : Operation 316 [1/1] (0.00ns)   --->   "%kernel_data_V_2_12_load_1 = load i8* @kernel_data_V_2_12, align 1" [aesl_mux_load.27i8P.i5:25->firmware/nnet_utils/nnet_dense_resource.h:139->firmware/nnet_utils/nnet_dense_resource.h:255->firmware/nnet_utils/nnet_conv_stream.h:297->firmware/nnet_utils/nnet_conv2d_stream.h:87->firmware/nnet_utils/nnet_conv2d_stream.h:103]   --->   Operation 316 'load' 'kernel_data_V_2_12_load_1' <Predicate = (trunc_ln139 == 12)> <Delay = 0.00>
ST_13 : Operation 317 [1/1] (2.56ns)   --->   "br label %aesl_mux_load.27i8P.i5.exit" [aesl_mux_load.27i8P.i5:54->firmware/nnet_utils/nnet_dense_resource.h:139->firmware/nnet_utils/nnet_dense_resource.h:255->firmware/nnet_utils/nnet_conv_stream.h:297->firmware/nnet_utils/nnet_conv2d_stream.h:87->firmware/nnet_utils/nnet_conv2d_stream.h:103]   --->   Operation 317 'br' <Predicate = (trunc_ln139 == 12)> <Delay = 2.56>
ST_13 : Operation 318 [1/1] (0.00ns)   --->   "%kernel_data_V_2_11_load = load i8* @kernel_data_V_2_11, align 1" [aesl_mux_load.27i8P.i5:23->firmware/nnet_utils/nnet_dense_resource.h:139->firmware/nnet_utils/nnet_dense_resource.h:255->firmware/nnet_utils/nnet_conv_stream.h:297->firmware/nnet_utils/nnet_conv2d_stream.h:87->firmware/nnet_utils/nnet_conv2d_stream.h:103]   --->   Operation 318 'load' 'kernel_data_V_2_11_load' <Predicate = (trunc_ln139 == 11)> <Delay = 0.00>
ST_13 : Operation 319 [1/1] (2.56ns)   --->   "br label %aesl_mux_load.27i8P.i5.exit" [aesl_mux_load.27i8P.i5:54->firmware/nnet_utils/nnet_dense_resource.h:139->firmware/nnet_utils/nnet_dense_resource.h:255->firmware/nnet_utils/nnet_conv_stream.h:297->firmware/nnet_utils/nnet_conv2d_stream.h:87->firmware/nnet_utils/nnet_conv2d_stream.h:103]   --->   Operation 319 'br' <Predicate = (trunc_ln139 == 11)> <Delay = 2.56>
ST_13 : Operation 320 [1/1] (0.00ns)   --->   "%kernel_data_V_2_10_load = load i8* @kernel_data_V_2_10, align 1" [aesl_mux_load.27i8P.i5:21->firmware/nnet_utils/nnet_dense_resource.h:139->firmware/nnet_utils/nnet_dense_resource.h:255->firmware/nnet_utils/nnet_conv_stream.h:297->firmware/nnet_utils/nnet_conv2d_stream.h:87->firmware/nnet_utils/nnet_conv2d_stream.h:103]   --->   Operation 320 'load' 'kernel_data_V_2_10_load' <Predicate = (trunc_ln139 == 10)> <Delay = 0.00>
ST_13 : Operation 321 [1/1] (2.56ns)   --->   "br label %aesl_mux_load.27i8P.i5.exit" [aesl_mux_load.27i8P.i5:54->firmware/nnet_utils/nnet_dense_resource.h:139->firmware/nnet_utils/nnet_dense_resource.h:255->firmware/nnet_utils/nnet_conv_stream.h:297->firmware/nnet_utils/nnet_conv2d_stream.h:87->firmware/nnet_utils/nnet_conv2d_stream.h:103]   --->   Operation 321 'br' <Predicate = (trunc_ln139 == 10)> <Delay = 2.56>
ST_13 : Operation 322 [1/1] (0.00ns)   --->   "%kernel_data_V_2_9_load = load i8* @kernel_data_V_2_9, align 1" [aesl_mux_load.27i8P.i5:19->firmware/nnet_utils/nnet_dense_resource.h:139->firmware/nnet_utils/nnet_dense_resource.h:255->firmware/nnet_utils/nnet_conv_stream.h:297->firmware/nnet_utils/nnet_conv2d_stream.h:87->firmware/nnet_utils/nnet_conv2d_stream.h:103]   --->   Operation 322 'load' 'kernel_data_V_2_9_load' <Predicate = (trunc_ln139 == 9)> <Delay = 0.00>
ST_13 : Operation 323 [1/1] (2.56ns)   --->   "br label %aesl_mux_load.27i8P.i5.exit" [aesl_mux_load.27i8P.i5:54->firmware/nnet_utils/nnet_dense_resource.h:139->firmware/nnet_utils/nnet_dense_resource.h:255->firmware/nnet_utils/nnet_conv_stream.h:297->firmware/nnet_utils/nnet_conv2d_stream.h:87->firmware/nnet_utils/nnet_conv2d_stream.h:103]   --->   Operation 323 'br' <Predicate = (trunc_ln139 == 9)> <Delay = 2.56>
ST_13 : Operation 324 [1/1] (0.00ns)   --->   "%kernel_data_V_2_8_load_1 = load i8* @kernel_data_V_2_8, align 1" [aesl_mux_load.27i8P.i5:17->firmware/nnet_utils/nnet_dense_resource.h:139->firmware/nnet_utils/nnet_dense_resource.h:255->firmware/nnet_utils/nnet_conv_stream.h:297->firmware/nnet_utils/nnet_conv2d_stream.h:87->firmware/nnet_utils/nnet_conv2d_stream.h:103]   --->   Operation 324 'load' 'kernel_data_V_2_8_load_1' <Predicate = (trunc_ln139 == 8)> <Delay = 0.00>
ST_13 : Operation 325 [1/1] (2.56ns)   --->   "br label %aesl_mux_load.27i8P.i5.exit" [aesl_mux_load.27i8P.i5:54->firmware/nnet_utils/nnet_dense_resource.h:139->firmware/nnet_utils/nnet_dense_resource.h:255->firmware/nnet_utils/nnet_conv_stream.h:297->firmware/nnet_utils/nnet_conv2d_stream.h:87->firmware/nnet_utils/nnet_conv2d_stream.h:103]   --->   Operation 325 'br' <Predicate = (trunc_ln139 == 8)> <Delay = 2.56>
ST_13 : Operation 326 [1/1] (0.00ns)   --->   "%kernel_data_V_2_7_load_1 = load i8* @kernel_data_V_2_7, align 1" [aesl_mux_load.27i8P.i5:15->firmware/nnet_utils/nnet_dense_resource.h:139->firmware/nnet_utils/nnet_dense_resource.h:255->firmware/nnet_utils/nnet_conv_stream.h:297->firmware/nnet_utils/nnet_conv2d_stream.h:87->firmware/nnet_utils/nnet_conv2d_stream.h:103]   --->   Operation 326 'load' 'kernel_data_V_2_7_load_1' <Predicate = (trunc_ln139 == 7)> <Delay = 0.00>
ST_13 : Operation 327 [1/1] (2.56ns)   --->   "br label %aesl_mux_load.27i8P.i5.exit" [aesl_mux_load.27i8P.i5:54->firmware/nnet_utils/nnet_dense_resource.h:139->firmware/nnet_utils/nnet_dense_resource.h:255->firmware/nnet_utils/nnet_conv_stream.h:297->firmware/nnet_utils/nnet_conv2d_stream.h:87->firmware/nnet_utils/nnet_conv2d_stream.h:103]   --->   Operation 327 'br' <Predicate = (trunc_ln139 == 7)> <Delay = 2.56>
ST_13 : Operation 328 [1/1] (0.00ns)   --->   "%kernel_data_V_2_6_load_1 = load i8* @kernel_data_V_2_6, align 1" [aesl_mux_load.27i8P.i5:13->firmware/nnet_utils/nnet_dense_resource.h:139->firmware/nnet_utils/nnet_dense_resource.h:255->firmware/nnet_utils/nnet_conv_stream.h:297->firmware/nnet_utils/nnet_conv2d_stream.h:87->firmware/nnet_utils/nnet_conv2d_stream.h:103]   --->   Operation 328 'load' 'kernel_data_V_2_6_load_1' <Predicate = (trunc_ln139 == 6)> <Delay = 0.00>
ST_13 : Operation 329 [1/1] (2.56ns)   --->   "br label %aesl_mux_load.27i8P.i5.exit" [aesl_mux_load.27i8P.i5:54->firmware/nnet_utils/nnet_dense_resource.h:139->firmware/nnet_utils/nnet_dense_resource.h:255->firmware/nnet_utils/nnet_conv_stream.h:297->firmware/nnet_utils/nnet_conv2d_stream.h:87->firmware/nnet_utils/nnet_conv2d_stream.h:103]   --->   Operation 329 'br' <Predicate = (trunc_ln139 == 6)> <Delay = 2.56>
ST_13 : Operation 330 [1/1] (0.00ns)   --->   "%kernel_data_V_2_5_load_1 = load i8* @kernel_data_V_2_5, align 1" [aesl_mux_load.27i8P.i5:11->firmware/nnet_utils/nnet_dense_resource.h:139->firmware/nnet_utils/nnet_dense_resource.h:255->firmware/nnet_utils/nnet_conv_stream.h:297->firmware/nnet_utils/nnet_conv2d_stream.h:87->firmware/nnet_utils/nnet_conv2d_stream.h:103]   --->   Operation 330 'load' 'kernel_data_V_2_5_load_1' <Predicate = (trunc_ln139 == 5)> <Delay = 0.00>
ST_13 : Operation 331 [1/1] (2.56ns)   --->   "br label %aesl_mux_load.27i8P.i5.exit" [aesl_mux_load.27i8P.i5:54->firmware/nnet_utils/nnet_dense_resource.h:139->firmware/nnet_utils/nnet_dense_resource.h:255->firmware/nnet_utils/nnet_conv_stream.h:297->firmware/nnet_utils/nnet_conv2d_stream.h:87->firmware/nnet_utils/nnet_conv2d_stream.h:103]   --->   Operation 331 'br' <Predicate = (trunc_ln139 == 5)> <Delay = 2.56>
ST_13 : Operation 332 [1/1] (0.00ns)   --->   "%kernel_data_V_2_4_load_1 = load i8* @kernel_data_V_2_4, align 1" [aesl_mux_load.27i8P.i5:9->firmware/nnet_utils/nnet_dense_resource.h:139->firmware/nnet_utils/nnet_dense_resource.h:255->firmware/nnet_utils/nnet_conv_stream.h:297->firmware/nnet_utils/nnet_conv2d_stream.h:87->firmware/nnet_utils/nnet_conv2d_stream.h:103]   --->   Operation 332 'load' 'kernel_data_V_2_4_load_1' <Predicate = (trunc_ln139 == 4)> <Delay = 0.00>
ST_13 : Operation 333 [1/1] (2.56ns)   --->   "br label %aesl_mux_load.27i8P.i5.exit" [aesl_mux_load.27i8P.i5:54->firmware/nnet_utils/nnet_dense_resource.h:139->firmware/nnet_utils/nnet_dense_resource.h:255->firmware/nnet_utils/nnet_conv_stream.h:297->firmware/nnet_utils/nnet_conv2d_stream.h:87->firmware/nnet_utils/nnet_conv2d_stream.h:103]   --->   Operation 333 'br' <Predicate = (trunc_ln139 == 4)> <Delay = 2.56>
ST_13 : Operation 334 [1/1] (0.00ns)   --->   "%kernel_data_V_2_3_load_1 = load i8* @kernel_data_V_2_3, align 1" [aesl_mux_load.27i8P.i5:7->firmware/nnet_utils/nnet_dense_resource.h:139->firmware/nnet_utils/nnet_dense_resource.h:255->firmware/nnet_utils/nnet_conv_stream.h:297->firmware/nnet_utils/nnet_conv2d_stream.h:87->firmware/nnet_utils/nnet_conv2d_stream.h:103]   --->   Operation 334 'load' 'kernel_data_V_2_3_load_1' <Predicate = (trunc_ln139 == 3)> <Delay = 0.00>
ST_13 : Operation 335 [1/1] (2.56ns)   --->   "br label %aesl_mux_load.27i8P.i5.exit" [aesl_mux_load.27i8P.i5:54->firmware/nnet_utils/nnet_dense_resource.h:139->firmware/nnet_utils/nnet_dense_resource.h:255->firmware/nnet_utils/nnet_conv_stream.h:297->firmware/nnet_utils/nnet_conv2d_stream.h:87->firmware/nnet_utils/nnet_conv2d_stream.h:103]   --->   Operation 335 'br' <Predicate = (trunc_ln139 == 3)> <Delay = 2.56>
ST_13 : Operation 336 [1/1] (0.00ns)   --->   "%kernel_data_V_2_2_load = load i8* @kernel_data_V_2_2, align 1" [aesl_mux_load.27i8P.i5:5->firmware/nnet_utils/nnet_dense_resource.h:139->firmware/nnet_utils/nnet_dense_resource.h:255->firmware/nnet_utils/nnet_conv_stream.h:297->firmware/nnet_utils/nnet_conv2d_stream.h:87->firmware/nnet_utils/nnet_conv2d_stream.h:103]   --->   Operation 336 'load' 'kernel_data_V_2_2_load' <Predicate = (trunc_ln139 == 2)> <Delay = 0.00>
ST_13 : Operation 337 [1/1] (2.56ns)   --->   "br label %aesl_mux_load.27i8P.i5.exit" [aesl_mux_load.27i8P.i5:54->firmware/nnet_utils/nnet_dense_resource.h:139->firmware/nnet_utils/nnet_dense_resource.h:255->firmware/nnet_utils/nnet_conv_stream.h:297->firmware/nnet_utils/nnet_conv2d_stream.h:87->firmware/nnet_utils/nnet_conv2d_stream.h:103]   --->   Operation 337 'br' <Predicate = (trunc_ln139 == 2)> <Delay = 2.56>
ST_13 : Operation 338 [1/1] (0.00ns)   --->   "%kernel_data_V_2_1_load = load i8* @kernel_data_V_2_1, align 1" [aesl_mux_load.27i8P.i5:3->firmware/nnet_utils/nnet_dense_resource.h:139->firmware/nnet_utils/nnet_dense_resource.h:255->firmware/nnet_utils/nnet_conv_stream.h:297->firmware/nnet_utils/nnet_conv2d_stream.h:87->firmware/nnet_utils/nnet_conv2d_stream.h:103]   --->   Operation 338 'load' 'kernel_data_V_2_1_load' <Predicate = (trunc_ln139 == 1)> <Delay = 0.00>
ST_13 : Operation 339 [1/1] (2.56ns)   --->   "br label %aesl_mux_load.27i8P.i5.exit" [aesl_mux_load.27i8P.i5:54->firmware/nnet_utils/nnet_dense_resource.h:139->firmware/nnet_utils/nnet_dense_resource.h:255->firmware/nnet_utils/nnet_conv_stream.h:297->firmware/nnet_utils/nnet_conv2d_stream.h:87->firmware/nnet_utils/nnet_conv2d_stream.h:103]   --->   Operation 339 'br' <Predicate = (trunc_ln139 == 1)> <Delay = 2.56>
ST_13 : Operation 340 [1/1] (0.00ns)   --->   "%kernel_data_V_2_0_load = load i8* @kernel_data_V_2_0, align 1" [aesl_mux_load.27i8P.i5:1->firmware/nnet_utils/nnet_dense_resource.h:139->firmware/nnet_utils/nnet_dense_resource.h:255->firmware/nnet_utils/nnet_conv_stream.h:297->firmware/nnet_utils/nnet_conv2d_stream.h:87->firmware/nnet_utils/nnet_conv2d_stream.h:103]   --->   Operation 340 'load' 'kernel_data_V_2_0_load' <Predicate = (trunc_ln139 == 0)> <Delay = 0.00>
ST_13 : Operation 341 [1/1] (2.56ns)   --->   "br label %aesl_mux_load.27i8P.i5.exit" [aesl_mux_load.27i8P.i5:54->firmware/nnet_utils/nnet_dense_resource.h:139->firmware/nnet_utils/nnet_dense_resource.h:255->firmware/nnet_utils/nnet_conv_stream.h:297->firmware/nnet_utils/nnet_conv2d_stream.h:87->firmware/nnet_utils/nnet_conv2d_stream.h:103]   --->   Operation 341 'br' <Predicate = (trunc_ln139 == 0)> <Delay = 2.56>
ST_13 : Operation 342 [1/1] (0.00ns)   --->   "%kernel_data_V_2_26_load_1 = load i8* @kernel_data_V_2_26, align 1" [aesl_mux_load.27i8P.i5:53->firmware/nnet_utils/nnet_dense_resource.h:139->firmware/nnet_utils/nnet_dense_resource.h:255->firmware/nnet_utils/nnet_conv_stream.h:297->firmware/nnet_utils/nnet_conv2d_stream.h:87->firmware/nnet_utils/nnet_conv2d_stream.h:103]   --->   Operation 342 'load' 'kernel_data_V_2_26_load_1' <Predicate = (trunc_ln139 == 31) | (trunc_ln139 == 30) | (trunc_ln139 == 29) | (trunc_ln139 == 28) | (trunc_ln139 == 27) | (trunc_ln139 == 26)> <Delay = 0.00>
ST_13 : Operation 343 [1/1] (2.56ns)   --->   "br label %aesl_mux_load.27i8P.i5.exit" [aesl_mux_load.27i8P.i5:54->firmware/nnet_utils/nnet_dense_resource.h:139->firmware/nnet_utils/nnet_dense_resource.h:255->firmware/nnet_utils/nnet_conv_stream.h:297->firmware/nnet_utils/nnet_conv2d_stream.h:87->firmware/nnet_utils/nnet_conv2d_stream.h:103]   --->   Operation 343 'br' <Predicate = (trunc_ln139 == 31) | (trunc_ln139 == 30) | (trunc_ln139 == 29) | (trunc_ln139 == 28) | (trunc_ln139 == 27) | (trunc_ln139 == 26)> <Delay = 2.56>
ST_13 : Operation 344 [1/2] (3.25ns)   --->   "%w2_V_load = load i8* %w2_V_addr, align 1" [firmware/nnet_utils/nnet_dense_resource.h:139->firmware/nnet_utils/nnet_dense_resource.h:255->firmware/nnet_utils/nnet_conv_stream.h:297->firmware/nnet_utils/nnet_conv2d_stream.h:87->firmware/nnet_utils/nnet_conv2d_stream.h:103]   --->   Operation 344 'load' 'w2_V_load' <Predicate = true> <Delay = 3.25> <Core = "ROM_nP">   --->   Core 52 'ROM_nP' <Latency = 1> <II = 1> <Delay = 3.25> <Storage> <Opcode : 'load'> <Ports = 0> <Width = 8> <Depth = 864> <ROM>
ST_13 : Operation 345 [1/1] (2.55ns)   --->   "%in_index = add nsw i32 %in_index_0_i_i_i_i164, 1" [firmware/nnet_utils/nnet_dense_resource.h:147->firmware/nnet_utils/nnet_dense_resource.h:255->firmware/nnet_utils/nnet_conv_stream.h:297->firmware/nnet_utils/nnet_conv2d_stream.h:87->firmware/nnet_utils/nnet_conv2d_stream.h:103]   --->   Operation 345 'add' 'in_index' <Predicate = true> <Delay = 2.55> <Core = "AddSub">   --->   Core 14 'AddSub' <Latency = 0> <II = 1> <Delay = 2.55> <FuncUnit> <Opcode : 'add' 'sub'> <InPorts = 2> <OutPorts = 1>
ST_13 : Operation 346 [1/1] (2.47ns)   --->   "%icmp_ln148 = icmp sgt i32 %in_index, 26" [firmware/nnet_utils/nnet_dense_resource.h:148->firmware/nnet_utils/nnet_dense_resource.h:255->firmware/nnet_utils/nnet_conv_stream.h:297->firmware/nnet_utils/nnet_conv2d_stream.h:87->firmware/nnet_utils/nnet_conv2d_stream.h:103]   --->   Operation 346 'icmp' 'icmp_ln148' <Predicate = true> <Delay = 2.47> <Core = "Cmp">   --->   Core 25 'Cmp' <Latency = 0> <II = 1> <Delay = 1.77> <FuncUnit> <Opcode : 'icmp'> <InPorts = 2> <OutPorts = 1>
ST_13 : Operation 347 [1/1] (0.69ns)   --->   "%select_ln148 = select i1 %icmp_ln148, i32 0, i32 %in_index" [firmware/nnet_utils/nnet_dense_resource.h:148->firmware/nnet_utils/nnet_dense_resource.h:255->firmware/nnet_utils/nnet_conv_stream.h:297->firmware/nnet_utils/nnet_conv2d_stream.h:87->firmware/nnet_utils/nnet_conv2d_stream.h:103]   --->   Operation 347 'select' 'select_ln148' <Predicate = true> <Delay = 0.69> <Core = "Sel">   --->   Core 26 'Sel' <Latency = 0> <II = 1> <Delay = 0.69> <FuncUnit> <Opcode : 'select'> <InPorts = 3> <OutPorts = 1>

State 14 <SV = 10> <Delay = 7.75>
ST_14 : Operation 348 [1/1] (0.00ns)   --->   "%tmp_data_0_V_15163 = phi i14 [ -10, %hls_label_1_begin ], [ %tmp_data_0_V, %ReuseLoop_end ]"   --->   Operation 348 'phi' 'tmp_data_0_V_15163' <Predicate = true> <Delay = 0.00>
ST_14 : Operation 349 [1/1] (0.00ns)   --->   "%tmp_data_1_V_15161 = phi i14 [ 176, %hls_label_1_begin ], [ %tmp_data_1_V, %ReuseLoop_end ]"   --->   Operation 349 'phi' 'tmp_data_1_V_15161' <Predicate = true> <Delay = 0.00>
ST_14 : Operation 350 [1/1] (0.00ns)   --->   "%tmp_data_2_V_15159 = phi i14 [ 254, %hls_label_1_begin ], [ %tmp_data_2_V, %ReuseLoop_end ]"   --->   Operation 350 'phi' 'tmp_data_2_V_15159' <Predicate = true> <Delay = 0.00>
ST_14 : Operation 351 [1/1] (0.00ns)   --->   "%tmp_data_3_V_15157 = phi i14 [ 74, %hls_label_1_begin ], [ %tmp_data_3_V, %ReuseLoop_end ]"   --->   Operation 351 'phi' 'tmp_data_3_V_15157' <Predicate = true> <Delay = 0.00>
ST_14 : Operation 352 [1/1] (0.00ns)   --->   "%tmp_data_4_V_15155 = phi i14 [ 54, %hls_label_1_begin ], [ %tmp_data_4_V, %ReuseLoop_end ]"   --->   Operation 352 'phi' 'tmp_data_4_V_15155' <Predicate = true> <Delay = 0.00>
ST_14 : Operation 353 [1/1] (0.00ns)   --->   "%tmp_data_5_V_15153 = phi i14 [ 112, %hls_label_1_begin ], [ %tmp_data_5_V, %ReuseLoop_end ]"   --->   Operation 353 'phi' 'tmp_data_5_V_15153' <Predicate = true> <Delay = 0.00>
ST_14 : Operation 354 [1/1] (0.00ns)   --->   "%tmp_data_6_V_15151 = phi i14 [ -70, %hls_label_1_begin ], [ %tmp_data_6_V, %ReuseLoop_end ]"   --->   Operation 354 'phi' 'tmp_data_6_V_15151' <Predicate = true> <Delay = 0.00>
ST_14 : Operation 355 [1/1] (0.00ns)   --->   "%tmp_data_7_V_15149 = phi i14 [ 68, %hls_label_1_begin ], [ %tmp_data_7_V, %ReuseLoop_end ]"   --->   Operation 355 'phi' 'tmp_data_7_V_15149' <Predicate = true> <Delay = 0.00>
ST_14 : Operation 356 [1/1] (0.00ns)   --->   "%tmp_data_8_V_15147 = phi i14 [ 88, %hls_label_1_begin ], [ %tmp_data_8_V, %ReuseLoop_end ]"   --->   Operation 356 'phi' 'tmp_data_8_V_15147' <Predicate = true> <Delay = 0.00>
ST_14 : Operation 357 [1/1] (0.00ns)   --->   "%tmp_data_9_V_15145 = phi i14 [ -100, %hls_label_1_begin ], [ %tmp_data_9_V, %ReuseLoop_end ]"   --->   Operation 357 'phi' 'tmp_data_9_V_15145' <Predicate = true> <Delay = 0.00>
ST_14 : Operation 358 [1/1] (0.00ns)   --->   "%tmp_data_10_V_13143 = phi i14 [ -50, %hls_label_1_begin ], [ %tmp_data_10_V, %ReuseLoop_end ]"   --->   Operation 358 'phi' 'tmp_data_10_V_13143' <Predicate = true> <Delay = 0.00>
ST_14 : Operation 359 [1/1] (0.00ns)   --->   "%tmp_data_11_V_13141 = phi i14 [ -256, %hls_label_1_begin ], [ %tmp_data_11_V, %ReuseLoop_end ]"   --->   Operation 359 'phi' 'tmp_data_11_V_13141' <Predicate = true> <Delay = 0.00>
ST_14 : Operation 360 [1/1] (0.00ns)   --->   "%tmp_data_12_V_13139 = phi i14 [ -100, %hls_label_1_begin ], [ %tmp_data_12_V, %ReuseLoop_end ]"   --->   Operation 360 'phi' 'tmp_data_12_V_13139' <Predicate = true> <Delay = 0.00>
ST_14 : Operation 361 [1/1] (0.00ns)   --->   "%tmp_data_13_V_13137 = phi i14 [ -38, %hls_label_1_begin ], [ %tmp_data_13_V, %ReuseLoop_end ]"   --->   Operation 361 'phi' 'tmp_data_13_V_13137' <Predicate = true> <Delay = 0.00>
ST_14 : Operation 362 [1/1] (0.00ns)   --->   "%tmp_data_14_V_13135 = phi i14 [ -52, %hls_label_1_begin ], [ %tmp_data_14_V, %ReuseLoop_end ]"   --->   Operation 362 'phi' 'tmp_data_14_V_13135' <Predicate = true> <Delay = 0.00>
ST_14 : Operation 363 [1/1] (0.00ns)   --->   "%tmp_data_15_V_13133 = phi i14 [ 4, %hls_label_1_begin ], [ %tmp_data_15_V, %ReuseLoop_end ]"   --->   Operation 363 'phi' 'tmp_data_15_V_13133' <Predicate = true> <Delay = 0.00>
ST_14 : Operation 364 [1/1] (0.00ns)   --->   "%tmp_data_16_V_13131 = phi i14 [ 24, %hls_label_1_begin ], [ %tmp_data_16_V, %ReuseLoop_end ]"   --->   Operation 364 'phi' 'tmp_data_16_V_13131' <Predicate = true> <Delay = 0.00>
ST_14 : Operation 365 [1/1] (0.00ns)   --->   "%tmp_data_17_V_13129 = phi i14 [ -94, %hls_label_1_begin ], [ %tmp_data_17_V, %ReuseLoop_end ]"   --->   Operation 365 'phi' 'tmp_data_17_V_13129' <Predicate = true> <Delay = 0.00>
ST_14 : Operation 366 [1/1] (0.00ns)   --->   "%tmp_data_18_V_13127 = phi i14 [ -4, %hls_label_1_begin ], [ %tmp_data_18_V, %ReuseLoop_end ]"   --->   Operation 366 'phi' 'tmp_data_18_V_13127' <Predicate = true> <Delay = 0.00>
ST_14 : Operation 367 [1/1] (0.00ns)   --->   "%tmp_data_19_V_13125 = phi i14 [ 104, %hls_label_1_begin ], [ %tmp_data_19_V, %ReuseLoop_end ]"   --->   Operation 367 'phi' 'tmp_data_19_V_13125' <Predicate = true> <Delay = 0.00>
ST_14 : Operation 368 [1/1] (0.00ns)   --->   "%tmp_data_20_V_13123 = phi i14 [ -8, %hls_label_1_begin ], [ %tmp_data_20_V, %ReuseLoop_end ]"   --->   Operation 368 'phi' 'tmp_data_20_V_13123' <Predicate = true> <Delay = 0.00>
ST_14 : Operation 369 [1/1] (0.00ns)   --->   "%tmp_data_21_V_13121 = phi i14 [ -256, %hls_label_1_begin ], [ %tmp_data_21_V, %ReuseLoop_end ]"   --->   Operation 369 'phi' 'tmp_data_21_V_13121' <Predicate = true> <Delay = 0.00>
ST_14 : Operation 370 [1/1] (0.00ns)   --->   "%tmp_data_22_V_13119 = phi i14 [ -64, %hls_label_1_begin ], [ %tmp_data_22_V, %ReuseLoop_end ]"   --->   Operation 370 'phi' 'tmp_data_22_V_13119' <Predicate = true> <Delay = 0.00>
ST_14 : Operation 371 [1/1] (0.00ns)   --->   "%tmp_data_23_V_13117 = phi i14 [ -36, %hls_label_1_begin ], [ %tmp_data_23_V, %ReuseLoop_end ]"   --->   Operation 371 'phi' 'tmp_data_23_V_13117' <Predicate = true> <Delay = 0.00>
ST_14 : Operation 372 [1/1] (0.00ns)   --->   "%tmp_data_24_V_13115 = phi i14 [ -80, %hls_label_1_begin ], [ %tmp_data_24_V, %ReuseLoop_end ]"   --->   Operation 372 'phi' 'tmp_data_24_V_13115' <Predicate = true> <Delay = 0.00>
ST_14 : Operation 373 [1/1] (0.00ns)   --->   "%tmp_data_25_V_13113 = phi i14 [ -46, %hls_label_1_begin ], [ %tmp_data_25_V, %ReuseLoop_end ]"   --->   Operation 373 'phi' 'tmp_data_25_V_13113' <Predicate = true> <Delay = 0.00>
ST_14 : Operation 374 [1/1] (0.00ns)   --->   "%tmp_data_26_V_13111 = phi i14 [ 18, %hls_label_1_begin ], [ %tmp_data_26_V, %ReuseLoop_end ]"   --->   Operation 374 'phi' 'tmp_data_26_V_13111' <Predicate = true> <Delay = 0.00>
ST_14 : Operation 375 [1/1] (0.00ns)   --->   "%tmp_data_27_V_13109 = phi i14 [ 92, %hls_label_1_begin ], [ %tmp_data_27_V, %ReuseLoop_end ]"   --->   Operation 375 'phi' 'tmp_data_27_V_13109' <Predicate = true> <Delay = 0.00>
ST_14 : Operation 376 [1/1] (0.00ns)   --->   "%tmp_data_28_V_13107 = phi i14 [ -174, %hls_label_1_begin ], [ %tmp_data_28_V, %ReuseLoop_end ]"   --->   Operation 376 'phi' 'tmp_data_28_V_13107' <Predicate = true> <Delay = 0.00>
ST_14 : Operation 377 [1/1] (0.00ns)   --->   "%tmp_data_29_V_13105 = phi i14 [ -20, %hls_label_1_begin ], [ %tmp_data_29_V, %ReuseLoop_end ]"   --->   Operation 377 'phi' 'tmp_data_29_V_13105' <Predicate = true> <Delay = 0.00>
ST_14 : Operation 378 [1/1] (0.00ns)   --->   "%tmp_data_30_V_13103 = phi i14 [ 160, %hls_label_1_begin ], [ %tmp_data_30_V, %ReuseLoop_end ]"   --->   Operation 378 'phi' 'tmp_data_30_V_13103' <Predicate = true> <Delay = 0.00>
ST_14 : Operation 379 [1/1] (0.00ns)   --->   "%tmp_data_31_V_13101 = phi i14 [ 20, %hls_label_1_begin ], [ %tmp_data_31_V, %ReuseLoop_end ]"   --->   Operation 379 'phi' 'tmp_data_31_V_13101' <Predicate = true> <Delay = 0.00>
ST_14 : Operation 380 [1/1] (0.00ns)   --->   "call void (...)* @_ssdm_op_SpecLoopName([10 x i8]* @p_str34) nounwind" [firmware/nnet_utils/nnet_dense_resource.h:129->firmware/nnet_utils/nnet_dense_resource.h:255->firmware/nnet_utils/nnet_conv_stream.h:297->firmware/nnet_utils/nnet_conv2d_stream.h:87->firmware/nnet_utils/nnet_conv2d_stream.h:103]   --->   Operation 380 'specloopname' <Predicate = true> <Delay = 0.00>
ST_14 : Operation 381 [1/1] (0.00ns)   --->   "%tmp_9 = call i32 (...)* @_ssdm_op_SpecRegionBegin([10 x i8]* @p_str34)" [firmware/nnet_utils/nnet_dense_resource.h:129->firmware/nnet_utils/nnet_dense_resource.h:255->firmware/nnet_utils/nnet_conv_stream.h:297->firmware/nnet_utils/nnet_conv2d_stream.h:87->firmware/nnet_utils/nnet_conv2d_stream.h:103]   --->   Operation 381 'specregionbegin' 'tmp_9' <Predicate = true> <Delay = 0.00>
ST_14 : Operation 382 [1/1] (0.00ns)   --->   "call void (...)* @_ssdm_op_SpecPipeline(i32 1, i32 1, i32 1, i32 0, [1 x i8]* @p_str13) nounwind" [firmware/nnet_utils/nnet_dense_resource.h:130->firmware/nnet_utils/nnet_dense_resource.h:255->firmware/nnet_utils/nnet_conv_stream.h:297->firmware/nnet_utils/nnet_conv2d_stream.h:87->firmware/nnet_utils/nnet_conv2d_stream.h:103]   --->   Operation 382 'specpipeline' <Predicate = true> <Delay = 0.00>
ST_14 : Operation 383 [1/1] (0.00ns)   --->   "%UnifiedRetVal_i_i = phi i8 [ %kernel_data_V_2_0_load, %case0.i.i ], [ %kernel_data_V_2_1_load, %case1.i.i ], [ %kernel_data_V_2_2_load, %case2.i.i ], [ %kernel_data_V_2_3_load_1, %case3.i.i ], [ %kernel_data_V_2_4_load_1, %case4.i.i ], [ %kernel_data_V_2_5_load_1, %case5.i.i ], [ %kernel_data_V_2_6_load_1, %case6.i.i ], [ %kernel_data_V_2_7_load_1, %case7.i.i ], [ %kernel_data_V_2_8_load_1, %case8.i.i ], [ %kernel_data_V_2_9_load, %case9.i.i ], [ %kernel_data_V_2_10_load, %case10.i.i ], [ %kernel_data_V_2_11_load, %case11.i.i ], [ %kernel_data_V_2_12_load_1, %case12.i.i ], [ %kernel_data_V_2_13_load_1, %case13.i.i ], [ %kernel_data_V_2_14_load_1, %case14.i.i ], [ %kernel_data_V_2_15_load_1, %case15.i.i ], [ %kernel_data_V_2_16_load_1, %case16.i.i ], [ %kernel_data_V_2_17_load_1, %case17.i.i ], [ %kernel_data_V_2_18_load, %case18.i.i ], [ %kernel_data_V_2_19_load, %case19.i.i ], [ %kernel_data_V_2_20_load, %case20.i.i ], [ %kernel_data_V_2_21_load_1, %case21.i.i ], [ %kernel_data_V_2_22_load_1, %case22.i.i ], [ %kernel_data_V_2_23_load_1, %case23.i.i ], [ %kernel_data_V_2_24_load_1, %case24.i.i ], [ %kernel_data_V_2_25_load_1, %case25.i.i ], [ %kernel_data_V_2_26_load_1, %case26.i.i ]" [aesl_mux_load.27i8P.i5:1->firmware/nnet_utils/nnet_dense_resource.h:139->firmware/nnet_utils/nnet_dense_resource.h:255->firmware/nnet_utils/nnet_conv_stream.h:297->firmware/nnet_utils/nnet_conv2d_stream.h:87->firmware/nnet_utils/nnet_conv2d_stream.h:103]   --->   Operation 383 'phi' 'UnifiedRetVal_i_i' <Predicate = true> <Delay = 0.00>
ST_14 : Operation 384 [1/1] (0.00ns)   --->   "%r_V = zext i8 %UnifiedRetVal_i_i to i16" [firmware/nnet_utils/nnet_mult.h:73->firmware/nnet_utils/nnet_dense_resource.h:139->firmware/nnet_utils/nnet_dense_resource.h:255->firmware/nnet_utils/nnet_conv_stream.h:297->firmware/nnet_utils/nnet_conv2d_stream.h:87->firmware/nnet_utils/nnet_conv2d_stream.h:103]   --->   Operation 384 'zext' 'r_V' <Predicate = true> <Delay = 0.00>
ST_14 : Operation 385 [1/1] (0.00ns)   --->   "%sext_ln1118 = sext i8 %w2_V_load to i16" [firmware/nnet_utils/nnet_mult.h:73->firmware/nnet_utils/nnet_dense_resource.h:139->firmware/nnet_utils/nnet_dense_resource.h:255->firmware/nnet_utils/nnet_conv_stream.h:297->firmware/nnet_utils/nnet_conv2d_stream.h:87->firmware/nnet_utils/nnet_conv2d_stream.h:103]   --->   Operation 385 'sext' 'sext_ln1118' <Predicate = true> <Delay = 0.00>
ST_14 : Operation 386 [1/1] (4.17ns)   --->   "%r_V_1 = mul i16 %r_V, %sext_ln1118" [firmware/nnet_utils/nnet_mult.h:73->firmware/nnet_utils/nnet_dense_resource.h:139->firmware/nnet_utils/nnet_dense_resource.h:255->firmware/nnet_utils/nnet_conv_stream.h:297->firmware/nnet_utils/nnet_conv2d_stream.h:87->firmware/nnet_utils/nnet_conv2d_stream.h:103]   --->   Operation 386 'mul' 'r_V_1' <Predicate = true> <Delay = 4.17> <Core = "Mul">   --->   Core 16 'Mul' <Latency = 0> <II = 1> <Delay = 4.17> <FuncUnit> <Opcode : 'mul'> <InPorts = 2> <OutPorts = 1>
ST_14 : Operation 387 [1/1] (0.00ns)   --->   "%trunc_ln7 = call i9 @_ssdm_op_PartSelect.i9.i16.i32.i32(i16 %r_V_1, i32 7, i32 15)" [firmware/nnet_utils/nnet_dense_resource.h:139->firmware/nnet_utils/nnet_dense_resource.h:255->firmware/nnet_utils/nnet_conv_stream.h:297->firmware/nnet_utils/nnet_conv2d_stream.h:87->firmware/nnet_utils/nnet_conv2d_stream.h:103]   --->   Operation 387 'partselect' 'trunc_ln7' <Predicate = true> <Delay = 0.00>
ST_14 : Operation 388 [1/1] (0.00ns)   --->   "%sext_ln708 = sext i9 %trunc_ln7 to i14" [firmware/nnet_utils/nnet_dense_resource.h:139->firmware/nnet_utils/nnet_dense_resource.h:255->firmware/nnet_utils/nnet_conv_stream.h:297->firmware/nnet_utils/nnet_conv2d_stream.h:87->firmware/nnet_utils/nnet_conv2d_stream.h:103]   --->   Operation 388 'sext' 'sext_ln708' <Predicate = true> <Delay = 0.00>
ST_14 : Operation 389 [1/1] (3.20ns)   --->   "%tmp_10 = call i14 @_ssdm_op_Mux.ap_auto.32i14.i5(i14 %tmp_data_0_V_15163, i14 %tmp_data_1_V_15161, i14 %tmp_data_2_V_15159, i14 %tmp_data_3_V_15157, i14 %tmp_data_4_V_15155, i14 %tmp_data_5_V_15153, i14 %tmp_data_6_V_15151, i14 %tmp_data_7_V_15149, i14 %tmp_data_8_V_15147, i14 %tmp_data_9_V_15145, i14 %tmp_data_10_V_13143, i14 %tmp_data_11_V_13141, i14 %tmp_data_12_V_13139, i14 %tmp_data_13_V_13137, i14 %tmp_data_14_V_13135, i14 %tmp_data_15_V_13133, i14 %tmp_data_16_V_13131, i14 %tmp_data_17_V_13129, i14 %tmp_data_18_V_13127, i14 %tmp_data_19_V_13125, i14 %tmp_data_20_V_13123, i14 %tmp_data_21_V_13121, i14 %tmp_data_22_V_13119, i14 %tmp_data_23_V_13117, i14 %tmp_data_24_V_13115, i14 %tmp_data_25_V_13113, i14 %tmp_data_26_V_13111, i14 %tmp_data_27_V_13109, i14 %tmp_data_28_V_13107, i14 %tmp_data_29_V_13105, i14 %tmp_data_30_V_13103, i14 %tmp_data_31_V_13101, i5 %out_index)" [firmware/nnet_utils/nnet_dense_resource.h:139->firmware/nnet_utils/nnet_dense_resource.h:255->firmware/nnet_utils/nnet_conv_stream.h:297->firmware/nnet_utils/nnet_conv2d_stream.h:87->firmware/nnet_utils/nnet_conv2d_stream.h:103]   --->   Operation 389 'mux' 'tmp_10' <Predicate = true> <Delay = 3.20> <Core = "MuxnS">   --->   Core 31 'MuxnS' <Latency = 0> <II = 1> <Delay = 1.77> <FuncUnit> <Opcode : 'mux'> <InPorts = 2> <OutPorts = 1>
ST_14 : Operation 390 [1/1] (1.81ns)   --->   "%acc_0_V = add i14 %tmp_10, %sext_ln708" [firmware/nnet_utils/nnet_dense_resource.h:139->firmware/nnet_utils/nnet_dense_resource.h:255->firmware/nnet_utils/nnet_conv_stream.h:297->firmware/nnet_utils/nnet_conv2d_stream.h:87->firmware/nnet_utils/nnet_conv2d_stream.h:103]   --->   Operation 390 'add' 'acc_0_V' <Predicate = true> <Delay = 1.81> <Core = "AddSub">   --->   Core 14 'AddSub' <Latency = 0> <II = 1> <Delay = 2.55> <FuncUnit> <Opcode : 'add' 'sub'> <InPorts = 2> <OutPorts = 1>
ST_14 : Operation 391 [1/1] (1.76ns)   --->   "switch i5 %out_index, label %branch598 [
    i5 0, label %ReuseLoop_end
    i5 1, label %branch568
    i5 2, label %branch569
    i5 3, label %branch570
    i5 4, label %branch571
    i5 5, label %branch572
    i5 6, label %branch573
    i5 7, label %branch574
    i5 8, label %branch575
    i5 9, label %branch576
    i5 10, label %branch577
    i5 11, label %branch578
    i5 12, label %branch579
    i5 13, label %branch580
    i5 14, label %branch581
    i5 15, label %branch582
    i5 -16, label %branch583
    i5 -15, label %branch584
    i5 -14, label %branch585
    i5 -13, label %branch586
    i5 -12, label %branch587
    i5 -11, label %branch588
    i5 -10, label %branch589
    i5 -9, label %branch590
    i5 -8, label %branch591
    i5 -7, label %branch592
    i5 -6, label %branch593
    i5 -5, label %branch594
    i5 -4, label %branch595
    i5 -3, label %branch596
    i5 -2, label %branch597
  ]" [firmware/nnet_utils/nnet_dense_resource.h:139->firmware/nnet_utils/nnet_dense_resource.h:255->firmware/nnet_utils/nnet_conv_stream.h:297->firmware/nnet_utils/nnet_conv2d_stream.h:87->firmware/nnet_utils/nnet_conv2d_stream.h:103]   --->   Operation 391 'switch' <Predicate = true> <Delay = 1.76>
ST_14 : Operation 392 [1/1] (1.76ns)   --->   "br label %ReuseLoop_end" [firmware/nnet_utils/nnet_dense_resource.h:139->firmware/nnet_utils/nnet_dense_resource.h:255->firmware/nnet_utils/nnet_conv_stream.h:297->firmware/nnet_utils/nnet_conv2d_stream.h:87->firmware/nnet_utils/nnet_conv2d_stream.h:103]   --->   Operation 392 'br' <Predicate = (out_index == 30)> <Delay = 1.76>
ST_14 : Operation 393 [1/1] (1.76ns)   --->   "br label %ReuseLoop_end" [firmware/nnet_utils/nnet_dense_resource.h:139->firmware/nnet_utils/nnet_dense_resource.h:255->firmware/nnet_utils/nnet_conv_stream.h:297->firmware/nnet_utils/nnet_conv2d_stream.h:87->firmware/nnet_utils/nnet_conv2d_stream.h:103]   --->   Operation 393 'br' <Predicate = (out_index == 29)> <Delay = 1.76>
ST_14 : Operation 394 [1/1] (1.76ns)   --->   "br label %ReuseLoop_end" [firmware/nnet_utils/nnet_dense_resource.h:139->firmware/nnet_utils/nnet_dense_resource.h:255->firmware/nnet_utils/nnet_conv_stream.h:297->firmware/nnet_utils/nnet_conv2d_stream.h:87->firmware/nnet_utils/nnet_conv2d_stream.h:103]   --->   Operation 394 'br' <Predicate = (out_index == 28)> <Delay = 1.76>
ST_14 : Operation 395 [1/1] (1.76ns)   --->   "br label %ReuseLoop_end" [firmware/nnet_utils/nnet_dense_resource.h:139->firmware/nnet_utils/nnet_dense_resource.h:255->firmware/nnet_utils/nnet_conv_stream.h:297->firmware/nnet_utils/nnet_conv2d_stream.h:87->firmware/nnet_utils/nnet_conv2d_stream.h:103]   --->   Operation 395 'br' <Predicate = (out_index == 27)> <Delay = 1.76>
ST_14 : Operation 396 [1/1] (1.76ns)   --->   "br label %ReuseLoop_end" [firmware/nnet_utils/nnet_dense_resource.h:139->firmware/nnet_utils/nnet_dense_resource.h:255->firmware/nnet_utils/nnet_conv_stream.h:297->firmware/nnet_utils/nnet_conv2d_stream.h:87->firmware/nnet_utils/nnet_conv2d_stream.h:103]   --->   Operation 396 'br' <Predicate = (out_index == 26)> <Delay = 1.76>
ST_14 : Operation 397 [1/1] (1.76ns)   --->   "br label %ReuseLoop_end" [firmware/nnet_utils/nnet_dense_resource.h:139->firmware/nnet_utils/nnet_dense_resource.h:255->firmware/nnet_utils/nnet_conv_stream.h:297->firmware/nnet_utils/nnet_conv2d_stream.h:87->firmware/nnet_utils/nnet_conv2d_stream.h:103]   --->   Operation 397 'br' <Predicate = (out_index == 25)> <Delay = 1.76>
ST_14 : Operation 398 [1/1] (1.76ns)   --->   "br label %ReuseLoop_end" [firmware/nnet_utils/nnet_dense_resource.h:139->firmware/nnet_utils/nnet_dense_resource.h:255->firmware/nnet_utils/nnet_conv_stream.h:297->firmware/nnet_utils/nnet_conv2d_stream.h:87->firmware/nnet_utils/nnet_conv2d_stream.h:103]   --->   Operation 398 'br' <Predicate = (out_index == 24)> <Delay = 1.76>
ST_14 : Operation 399 [1/1] (1.76ns)   --->   "br label %ReuseLoop_end" [firmware/nnet_utils/nnet_dense_resource.h:139->firmware/nnet_utils/nnet_dense_resource.h:255->firmware/nnet_utils/nnet_conv_stream.h:297->firmware/nnet_utils/nnet_conv2d_stream.h:87->firmware/nnet_utils/nnet_conv2d_stream.h:103]   --->   Operation 399 'br' <Predicate = (out_index == 23)> <Delay = 1.76>
ST_14 : Operation 400 [1/1] (1.76ns)   --->   "br label %ReuseLoop_end" [firmware/nnet_utils/nnet_dense_resource.h:139->firmware/nnet_utils/nnet_dense_resource.h:255->firmware/nnet_utils/nnet_conv_stream.h:297->firmware/nnet_utils/nnet_conv2d_stream.h:87->firmware/nnet_utils/nnet_conv2d_stream.h:103]   --->   Operation 400 'br' <Predicate = (out_index == 22)> <Delay = 1.76>
ST_14 : Operation 401 [1/1] (1.76ns)   --->   "br label %ReuseLoop_end" [firmware/nnet_utils/nnet_dense_resource.h:139->firmware/nnet_utils/nnet_dense_resource.h:255->firmware/nnet_utils/nnet_conv_stream.h:297->firmware/nnet_utils/nnet_conv2d_stream.h:87->firmware/nnet_utils/nnet_conv2d_stream.h:103]   --->   Operation 401 'br' <Predicate = (out_index == 21)> <Delay = 1.76>
ST_14 : Operation 402 [1/1] (1.76ns)   --->   "br label %ReuseLoop_end" [firmware/nnet_utils/nnet_dense_resource.h:139->firmware/nnet_utils/nnet_dense_resource.h:255->firmware/nnet_utils/nnet_conv_stream.h:297->firmware/nnet_utils/nnet_conv2d_stream.h:87->firmware/nnet_utils/nnet_conv2d_stream.h:103]   --->   Operation 402 'br' <Predicate = (out_index == 20)> <Delay = 1.76>
ST_14 : Operation 403 [1/1] (1.76ns)   --->   "br label %ReuseLoop_end" [firmware/nnet_utils/nnet_dense_resource.h:139->firmware/nnet_utils/nnet_dense_resource.h:255->firmware/nnet_utils/nnet_conv_stream.h:297->firmware/nnet_utils/nnet_conv2d_stream.h:87->firmware/nnet_utils/nnet_conv2d_stream.h:103]   --->   Operation 403 'br' <Predicate = (out_index == 19)> <Delay = 1.76>
ST_14 : Operation 404 [1/1] (1.76ns)   --->   "br label %ReuseLoop_end" [firmware/nnet_utils/nnet_dense_resource.h:139->firmware/nnet_utils/nnet_dense_resource.h:255->firmware/nnet_utils/nnet_conv_stream.h:297->firmware/nnet_utils/nnet_conv2d_stream.h:87->firmware/nnet_utils/nnet_conv2d_stream.h:103]   --->   Operation 404 'br' <Predicate = (out_index == 18)> <Delay = 1.76>
ST_14 : Operation 405 [1/1] (1.76ns)   --->   "br label %ReuseLoop_end" [firmware/nnet_utils/nnet_dense_resource.h:139->firmware/nnet_utils/nnet_dense_resource.h:255->firmware/nnet_utils/nnet_conv_stream.h:297->firmware/nnet_utils/nnet_conv2d_stream.h:87->firmware/nnet_utils/nnet_conv2d_stream.h:103]   --->   Operation 405 'br' <Predicate = (out_index == 17)> <Delay = 1.76>
ST_14 : Operation 406 [1/1] (1.76ns)   --->   "br label %ReuseLoop_end" [firmware/nnet_utils/nnet_dense_resource.h:139->firmware/nnet_utils/nnet_dense_resource.h:255->firmware/nnet_utils/nnet_conv_stream.h:297->firmware/nnet_utils/nnet_conv2d_stream.h:87->firmware/nnet_utils/nnet_conv2d_stream.h:103]   --->   Operation 406 'br' <Predicate = (out_index == 16)> <Delay = 1.76>
ST_14 : Operation 407 [1/1] (1.76ns)   --->   "br label %ReuseLoop_end" [firmware/nnet_utils/nnet_dense_resource.h:139->firmware/nnet_utils/nnet_dense_resource.h:255->firmware/nnet_utils/nnet_conv_stream.h:297->firmware/nnet_utils/nnet_conv2d_stream.h:87->firmware/nnet_utils/nnet_conv2d_stream.h:103]   --->   Operation 407 'br' <Predicate = (out_index == 15)> <Delay = 1.76>
ST_14 : Operation 408 [1/1] (1.76ns)   --->   "br label %ReuseLoop_end" [firmware/nnet_utils/nnet_dense_resource.h:139->firmware/nnet_utils/nnet_dense_resource.h:255->firmware/nnet_utils/nnet_conv_stream.h:297->firmware/nnet_utils/nnet_conv2d_stream.h:87->firmware/nnet_utils/nnet_conv2d_stream.h:103]   --->   Operation 408 'br' <Predicate = (out_index == 14)> <Delay = 1.76>
ST_14 : Operation 409 [1/1] (1.76ns)   --->   "br label %ReuseLoop_end" [firmware/nnet_utils/nnet_dense_resource.h:139->firmware/nnet_utils/nnet_dense_resource.h:255->firmware/nnet_utils/nnet_conv_stream.h:297->firmware/nnet_utils/nnet_conv2d_stream.h:87->firmware/nnet_utils/nnet_conv2d_stream.h:103]   --->   Operation 409 'br' <Predicate = (out_index == 13)> <Delay = 1.76>
ST_14 : Operation 410 [1/1] (1.76ns)   --->   "br label %ReuseLoop_end" [firmware/nnet_utils/nnet_dense_resource.h:139->firmware/nnet_utils/nnet_dense_resource.h:255->firmware/nnet_utils/nnet_conv_stream.h:297->firmware/nnet_utils/nnet_conv2d_stream.h:87->firmware/nnet_utils/nnet_conv2d_stream.h:103]   --->   Operation 410 'br' <Predicate = (out_index == 12)> <Delay = 1.76>
ST_14 : Operation 411 [1/1] (1.76ns)   --->   "br label %ReuseLoop_end" [firmware/nnet_utils/nnet_dense_resource.h:139->firmware/nnet_utils/nnet_dense_resource.h:255->firmware/nnet_utils/nnet_conv_stream.h:297->firmware/nnet_utils/nnet_conv2d_stream.h:87->firmware/nnet_utils/nnet_conv2d_stream.h:103]   --->   Operation 411 'br' <Predicate = (out_index == 11)> <Delay = 1.76>
ST_14 : Operation 412 [1/1] (1.76ns)   --->   "br label %ReuseLoop_end" [firmware/nnet_utils/nnet_dense_resource.h:139->firmware/nnet_utils/nnet_dense_resource.h:255->firmware/nnet_utils/nnet_conv_stream.h:297->firmware/nnet_utils/nnet_conv2d_stream.h:87->firmware/nnet_utils/nnet_conv2d_stream.h:103]   --->   Operation 412 'br' <Predicate = (out_index == 10)> <Delay = 1.76>
ST_14 : Operation 413 [1/1] (1.76ns)   --->   "br label %ReuseLoop_end" [firmware/nnet_utils/nnet_dense_resource.h:139->firmware/nnet_utils/nnet_dense_resource.h:255->firmware/nnet_utils/nnet_conv_stream.h:297->firmware/nnet_utils/nnet_conv2d_stream.h:87->firmware/nnet_utils/nnet_conv2d_stream.h:103]   --->   Operation 413 'br' <Predicate = (out_index == 9)> <Delay = 1.76>
ST_14 : Operation 414 [1/1] (1.76ns)   --->   "br label %ReuseLoop_end" [firmware/nnet_utils/nnet_dense_resource.h:139->firmware/nnet_utils/nnet_dense_resource.h:255->firmware/nnet_utils/nnet_conv_stream.h:297->firmware/nnet_utils/nnet_conv2d_stream.h:87->firmware/nnet_utils/nnet_conv2d_stream.h:103]   --->   Operation 414 'br' <Predicate = (out_index == 8)> <Delay = 1.76>
ST_14 : Operation 415 [1/1] (1.76ns)   --->   "br label %ReuseLoop_end" [firmware/nnet_utils/nnet_dense_resource.h:139->firmware/nnet_utils/nnet_dense_resource.h:255->firmware/nnet_utils/nnet_conv_stream.h:297->firmware/nnet_utils/nnet_conv2d_stream.h:87->firmware/nnet_utils/nnet_conv2d_stream.h:103]   --->   Operation 415 'br' <Predicate = (out_index == 7)> <Delay = 1.76>
ST_14 : Operation 416 [1/1] (1.76ns)   --->   "br label %ReuseLoop_end" [firmware/nnet_utils/nnet_dense_resource.h:139->firmware/nnet_utils/nnet_dense_resource.h:255->firmware/nnet_utils/nnet_conv_stream.h:297->firmware/nnet_utils/nnet_conv2d_stream.h:87->firmware/nnet_utils/nnet_conv2d_stream.h:103]   --->   Operation 416 'br' <Predicate = (out_index == 6)> <Delay = 1.76>
ST_14 : Operation 417 [1/1] (1.76ns)   --->   "br label %ReuseLoop_end" [firmware/nnet_utils/nnet_dense_resource.h:139->firmware/nnet_utils/nnet_dense_resource.h:255->firmware/nnet_utils/nnet_conv_stream.h:297->firmware/nnet_utils/nnet_conv2d_stream.h:87->firmware/nnet_utils/nnet_conv2d_stream.h:103]   --->   Operation 417 'br' <Predicate = (out_index == 5)> <Delay = 1.76>
ST_14 : Operation 418 [1/1] (1.76ns)   --->   "br label %ReuseLoop_end" [firmware/nnet_utils/nnet_dense_resource.h:139->firmware/nnet_utils/nnet_dense_resource.h:255->firmware/nnet_utils/nnet_conv_stream.h:297->firmware/nnet_utils/nnet_conv2d_stream.h:87->firmware/nnet_utils/nnet_conv2d_stream.h:103]   --->   Operation 418 'br' <Predicate = (out_index == 4)> <Delay = 1.76>
ST_14 : Operation 419 [1/1] (1.76ns)   --->   "br label %ReuseLoop_end" [firmware/nnet_utils/nnet_dense_resource.h:139->firmware/nnet_utils/nnet_dense_resource.h:255->firmware/nnet_utils/nnet_conv_stream.h:297->firmware/nnet_utils/nnet_conv2d_stream.h:87->firmware/nnet_utils/nnet_conv2d_stream.h:103]   --->   Operation 419 'br' <Predicate = (out_index == 3)> <Delay = 1.76>
ST_14 : Operation 420 [1/1] (1.76ns)   --->   "br label %ReuseLoop_end" [firmware/nnet_utils/nnet_dense_resource.h:139->firmware/nnet_utils/nnet_dense_resource.h:255->firmware/nnet_utils/nnet_conv_stream.h:297->firmware/nnet_utils/nnet_conv2d_stream.h:87->firmware/nnet_utils/nnet_conv2d_stream.h:103]   --->   Operation 420 'br' <Predicate = (out_index == 2)> <Delay = 1.76>
ST_14 : Operation 421 [1/1] (1.76ns)   --->   "br label %ReuseLoop_end" [firmware/nnet_utils/nnet_dense_resource.h:139->firmware/nnet_utils/nnet_dense_resource.h:255->firmware/nnet_utils/nnet_conv_stream.h:297->firmware/nnet_utils/nnet_conv2d_stream.h:87->firmware/nnet_utils/nnet_conv2d_stream.h:103]   --->   Operation 421 'br' <Predicate = (out_index == 1)> <Delay = 1.76>
ST_14 : Operation 422 [1/1] (1.76ns)   --->   "br label %ReuseLoop_end" [firmware/nnet_utils/nnet_dense_resource.h:139->firmware/nnet_utils/nnet_dense_resource.h:255->firmware/nnet_utils/nnet_conv_stream.h:297->firmware/nnet_utils/nnet_conv2d_stream.h:87->firmware/nnet_utils/nnet_conv2d_stream.h:103]   --->   Operation 422 'br' <Predicate = (out_index == 31)> <Delay = 1.76>
ST_14 : Operation 423 [1/1] (0.00ns)   --->   "%tmp_data_31_V = phi i14 [ %acc_0_V, %branch598 ], [ %tmp_data_31_V_13101, %branch597 ], [ %tmp_data_31_V_13101, %branch596 ], [ %tmp_data_31_V_13101, %branch595 ], [ %tmp_data_31_V_13101, %branch594 ], [ %tmp_data_31_V_13101, %branch593 ], [ %tmp_data_31_V_13101, %branch592 ], [ %tmp_data_31_V_13101, %branch591 ], [ %tmp_data_31_V_13101, %branch590 ], [ %tmp_data_31_V_13101, %branch589 ], [ %tmp_data_31_V_13101, %branch588 ], [ %tmp_data_31_V_13101, %branch587 ], [ %tmp_data_31_V_13101, %branch586 ], [ %tmp_data_31_V_13101, %branch585 ], [ %tmp_data_31_V_13101, %branch584 ], [ %tmp_data_31_V_13101, %branch583 ], [ %tmp_data_31_V_13101, %branch582 ], [ %tmp_data_31_V_13101, %branch581 ], [ %tmp_data_31_V_13101, %branch580 ], [ %tmp_data_31_V_13101, %branch579 ], [ %tmp_data_31_V_13101, %branch578 ], [ %tmp_data_31_V_13101, %branch577 ], [ %tmp_data_31_V_13101, %branch576 ], [ %tmp_data_31_V_13101, %branch575 ], [ %tmp_data_31_V_13101, %branch574 ], [ %tmp_data_31_V_13101, %branch573 ], [ %tmp_data_31_V_13101, %branch572 ], [ %tmp_data_31_V_13101, %branch571 ], [ %tmp_data_31_V_13101, %branch570 ], [ %tmp_data_31_V_13101, %branch569 ], [ %tmp_data_31_V_13101, %branch568 ], [ %tmp_data_31_V_13101, %aesl_mux_load.27i8P.i5.exit ]"   --->   Operation 423 'phi' 'tmp_data_31_V' <Predicate = true> <Delay = 0.00>
ST_14 : Operation 424 [1/1] (0.00ns)   --->   "%tmp_data_30_V = phi i14 [ %tmp_data_30_V_13103, %branch598 ], [ %acc_0_V, %branch597 ], [ %tmp_data_30_V_13103, %branch596 ], [ %tmp_data_30_V_13103, %branch595 ], [ %tmp_data_30_V_13103, %branch594 ], [ %tmp_data_30_V_13103, %branch593 ], [ %tmp_data_30_V_13103, %branch592 ], [ %tmp_data_30_V_13103, %branch591 ], [ %tmp_data_30_V_13103, %branch590 ], [ %tmp_data_30_V_13103, %branch589 ], [ %tmp_data_30_V_13103, %branch588 ], [ %tmp_data_30_V_13103, %branch587 ], [ %tmp_data_30_V_13103, %branch586 ], [ %tmp_data_30_V_13103, %branch585 ], [ %tmp_data_30_V_13103, %branch584 ], [ %tmp_data_30_V_13103, %branch583 ], [ %tmp_data_30_V_13103, %branch582 ], [ %tmp_data_30_V_13103, %branch581 ], [ %tmp_data_30_V_13103, %branch580 ], [ %tmp_data_30_V_13103, %branch579 ], [ %tmp_data_30_V_13103, %branch578 ], [ %tmp_data_30_V_13103, %branch577 ], [ %tmp_data_30_V_13103, %branch576 ], [ %tmp_data_30_V_13103, %branch575 ], [ %tmp_data_30_V_13103, %branch574 ], [ %tmp_data_30_V_13103, %branch573 ], [ %tmp_data_30_V_13103, %branch572 ], [ %tmp_data_30_V_13103, %branch571 ], [ %tmp_data_30_V_13103, %branch570 ], [ %tmp_data_30_V_13103, %branch569 ], [ %tmp_data_30_V_13103, %branch568 ], [ %tmp_data_30_V_13103, %aesl_mux_load.27i8P.i5.exit ]"   --->   Operation 424 'phi' 'tmp_data_30_V' <Predicate = true> <Delay = 0.00>
ST_14 : Operation 425 [1/1] (0.00ns)   --->   "%tmp_data_29_V = phi i14 [ %tmp_data_29_V_13105, %branch598 ], [ %tmp_data_29_V_13105, %branch597 ], [ %acc_0_V, %branch596 ], [ %tmp_data_29_V_13105, %branch595 ], [ %tmp_data_29_V_13105, %branch594 ], [ %tmp_data_29_V_13105, %branch593 ], [ %tmp_data_29_V_13105, %branch592 ], [ %tmp_data_29_V_13105, %branch591 ], [ %tmp_data_29_V_13105, %branch590 ], [ %tmp_data_29_V_13105, %branch589 ], [ %tmp_data_29_V_13105, %branch588 ], [ %tmp_data_29_V_13105, %branch587 ], [ %tmp_data_29_V_13105, %branch586 ], [ %tmp_data_29_V_13105, %branch585 ], [ %tmp_data_29_V_13105, %branch584 ], [ %tmp_data_29_V_13105, %branch583 ], [ %tmp_data_29_V_13105, %branch582 ], [ %tmp_data_29_V_13105, %branch581 ], [ %tmp_data_29_V_13105, %branch580 ], [ %tmp_data_29_V_13105, %branch579 ], [ %tmp_data_29_V_13105, %branch578 ], [ %tmp_data_29_V_13105, %branch577 ], [ %tmp_data_29_V_13105, %branch576 ], [ %tmp_data_29_V_13105, %branch575 ], [ %tmp_data_29_V_13105, %branch574 ], [ %tmp_data_29_V_13105, %branch573 ], [ %tmp_data_29_V_13105, %branch572 ], [ %tmp_data_29_V_13105, %branch571 ], [ %tmp_data_29_V_13105, %branch570 ], [ %tmp_data_29_V_13105, %branch569 ], [ %tmp_data_29_V_13105, %branch568 ], [ %tmp_data_29_V_13105, %aesl_mux_load.27i8P.i5.exit ]"   --->   Operation 425 'phi' 'tmp_data_29_V' <Predicate = true> <Delay = 0.00>
ST_14 : Operation 426 [1/1] (0.00ns)   --->   "%tmp_data_28_V = phi i14 [ %tmp_data_28_V_13107, %branch598 ], [ %tmp_data_28_V_13107, %branch597 ], [ %tmp_data_28_V_13107, %branch596 ], [ %acc_0_V, %branch595 ], [ %tmp_data_28_V_13107, %branch594 ], [ %tmp_data_28_V_13107, %branch593 ], [ %tmp_data_28_V_13107, %branch592 ], [ %tmp_data_28_V_13107, %branch591 ], [ %tmp_data_28_V_13107, %branch590 ], [ %tmp_data_28_V_13107, %branch589 ], [ %tmp_data_28_V_13107, %branch588 ], [ %tmp_data_28_V_13107, %branch587 ], [ %tmp_data_28_V_13107, %branch586 ], [ %tmp_data_28_V_13107, %branch585 ], [ %tmp_data_28_V_13107, %branch584 ], [ %tmp_data_28_V_13107, %branch583 ], [ %tmp_data_28_V_13107, %branch582 ], [ %tmp_data_28_V_13107, %branch581 ], [ %tmp_data_28_V_13107, %branch580 ], [ %tmp_data_28_V_13107, %branch579 ], [ %tmp_data_28_V_13107, %branch578 ], [ %tmp_data_28_V_13107, %branch577 ], [ %tmp_data_28_V_13107, %branch576 ], [ %tmp_data_28_V_13107, %branch575 ], [ %tmp_data_28_V_13107, %branch574 ], [ %tmp_data_28_V_13107, %branch573 ], [ %tmp_data_28_V_13107, %branch572 ], [ %tmp_data_28_V_13107, %branch571 ], [ %tmp_data_28_V_13107, %branch570 ], [ %tmp_data_28_V_13107, %branch569 ], [ %tmp_data_28_V_13107, %branch568 ], [ %tmp_data_28_V_13107, %aesl_mux_load.27i8P.i5.exit ]"   --->   Operation 426 'phi' 'tmp_data_28_V' <Predicate = true> <Delay = 0.00>
ST_14 : Operation 427 [1/1] (0.00ns)   --->   "%tmp_data_27_V = phi i14 [ %tmp_data_27_V_13109, %branch598 ], [ %tmp_data_27_V_13109, %branch597 ], [ %tmp_data_27_V_13109, %branch596 ], [ %tmp_data_27_V_13109, %branch595 ], [ %acc_0_V, %branch594 ], [ %tmp_data_27_V_13109, %branch593 ], [ %tmp_data_27_V_13109, %branch592 ], [ %tmp_data_27_V_13109, %branch591 ], [ %tmp_data_27_V_13109, %branch590 ], [ %tmp_data_27_V_13109, %branch589 ], [ %tmp_data_27_V_13109, %branch588 ], [ %tmp_data_27_V_13109, %branch587 ], [ %tmp_data_27_V_13109, %branch586 ], [ %tmp_data_27_V_13109, %branch585 ], [ %tmp_data_27_V_13109, %branch584 ], [ %tmp_data_27_V_13109, %branch583 ], [ %tmp_data_27_V_13109, %branch582 ], [ %tmp_data_27_V_13109, %branch581 ], [ %tmp_data_27_V_13109, %branch580 ], [ %tmp_data_27_V_13109, %branch579 ], [ %tmp_data_27_V_13109, %branch578 ], [ %tmp_data_27_V_13109, %branch577 ], [ %tmp_data_27_V_13109, %branch576 ], [ %tmp_data_27_V_13109, %branch575 ], [ %tmp_data_27_V_13109, %branch574 ], [ %tmp_data_27_V_13109, %branch573 ], [ %tmp_data_27_V_13109, %branch572 ], [ %tmp_data_27_V_13109, %branch571 ], [ %tmp_data_27_V_13109, %branch570 ], [ %tmp_data_27_V_13109, %branch569 ], [ %tmp_data_27_V_13109, %branch568 ], [ %tmp_data_27_V_13109, %aesl_mux_load.27i8P.i5.exit ]"   --->   Operation 427 'phi' 'tmp_data_27_V' <Predicate = true> <Delay = 0.00>
ST_14 : Operation 428 [1/1] (0.00ns)   --->   "%tmp_data_26_V = phi i14 [ %tmp_data_26_V_13111, %branch598 ], [ %tmp_data_26_V_13111, %branch597 ], [ %tmp_data_26_V_13111, %branch596 ], [ %tmp_data_26_V_13111, %branch595 ], [ %tmp_data_26_V_13111, %branch594 ], [ %acc_0_V, %branch593 ], [ %tmp_data_26_V_13111, %branch592 ], [ %tmp_data_26_V_13111, %branch591 ], [ %tmp_data_26_V_13111, %branch590 ], [ %tmp_data_26_V_13111, %branch589 ], [ %tmp_data_26_V_13111, %branch588 ], [ %tmp_data_26_V_13111, %branch587 ], [ %tmp_data_26_V_13111, %branch586 ], [ %tmp_data_26_V_13111, %branch585 ], [ %tmp_data_26_V_13111, %branch584 ], [ %tmp_data_26_V_13111, %branch583 ], [ %tmp_data_26_V_13111, %branch582 ], [ %tmp_data_26_V_13111, %branch581 ], [ %tmp_data_26_V_13111, %branch580 ], [ %tmp_data_26_V_13111, %branch579 ], [ %tmp_data_26_V_13111, %branch578 ], [ %tmp_data_26_V_13111, %branch577 ], [ %tmp_data_26_V_13111, %branch576 ], [ %tmp_data_26_V_13111, %branch575 ], [ %tmp_data_26_V_13111, %branch574 ], [ %tmp_data_26_V_13111, %branch573 ], [ %tmp_data_26_V_13111, %branch572 ], [ %tmp_data_26_V_13111, %branch571 ], [ %tmp_data_26_V_13111, %branch570 ], [ %tmp_data_26_V_13111, %branch569 ], [ %tmp_data_26_V_13111, %branch568 ], [ %tmp_data_26_V_13111, %aesl_mux_load.27i8P.i5.exit ]"   --->   Operation 428 'phi' 'tmp_data_26_V' <Predicate = true> <Delay = 0.00>
ST_14 : Operation 429 [1/1] (0.00ns)   --->   "%tmp_data_25_V = phi i14 [ %tmp_data_25_V_13113, %branch598 ], [ %tmp_data_25_V_13113, %branch597 ], [ %tmp_data_25_V_13113, %branch596 ], [ %tmp_data_25_V_13113, %branch595 ], [ %tmp_data_25_V_13113, %branch594 ], [ %tmp_data_25_V_13113, %branch593 ], [ %acc_0_V, %branch592 ], [ %tmp_data_25_V_13113, %branch591 ], [ %tmp_data_25_V_13113, %branch590 ], [ %tmp_data_25_V_13113, %branch589 ], [ %tmp_data_25_V_13113, %branch588 ], [ %tmp_data_25_V_13113, %branch587 ], [ %tmp_data_25_V_13113, %branch586 ], [ %tmp_data_25_V_13113, %branch585 ], [ %tmp_data_25_V_13113, %branch584 ], [ %tmp_data_25_V_13113, %branch583 ], [ %tmp_data_25_V_13113, %branch582 ], [ %tmp_data_25_V_13113, %branch581 ], [ %tmp_data_25_V_13113, %branch580 ], [ %tmp_data_25_V_13113, %branch579 ], [ %tmp_data_25_V_13113, %branch578 ], [ %tmp_data_25_V_13113, %branch577 ], [ %tmp_data_25_V_13113, %branch576 ], [ %tmp_data_25_V_13113, %branch575 ], [ %tmp_data_25_V_13113, %branch574 ], [ %tmp_data_25_V_13113, %branch573 ], [ %tmp_data_25_V_13113, %branch572 ], [ %tmp_data_25_V_13113, %branch571 ], [ %tmp_data_25_V_13113, %branch570 ], [ %tmp_data_25_V_13113, %branch569 ], [ %tmp_data_25_V_13113, %branch568 ], [ %tmp_data_25_V_13113, %aesl_mux_load.27i8P.i5.exit ]"   --->   Operation 429 'phi' 'tmp_data_25_V' <Predicate = true> <Delay = 0.00>
ST_14 : Operation 430 [1/1] (0.00ns)   --->   "%tmp_data_24_V = phi i14 [ %tmp_data_24_V_13115, %branch598 ], [ %tmp_data_24_V_13115, %branch597 ], [ %tmp_data_24_V_13115, %branch596 ], [ %tmp_data_24_V_13115, %branch595 ], [ %tmp_data_24_V_13115, %branch594 ], [ %tmp_data_24_V_13115, %branch593 ], [ %tmp_data_24_V_13115, %branch592 ], [ %acc_0_V, %branch591 ], [ %tmp_data_24_V_13115, %branch590 ], [ %tmp_data_24_V_13115, %branch589 ], [ %tmp_data_24_V_13115, %branch588 ], [ %tmp_data_24_V_13115, %branch587 ], [ %tmp_data_24_V_13115, %branch586 ], [ %tmp_data_24_V_13115, %branch585 ], [ %tmp_data_24_V_13115, %branch584 ], [ %tmp_data_24_V_13115, %branch583 ], [ %tmp_data_24_V_13115, %branch582 ], [ %tmp_data_24_V_13115, %branch581 ], [ %tmp_data_24_V_13115, %branch580 ], [ %tmp_data_24_V_13115, %branch579 ], [ %tmp_data_24_V_13115, %branch578 ], [ %tmp_data_24_V_13115, %branch577 ], [ %tmp_data_24_V_13115, %branch576 ], [ %tmp_data_24_V_13115, %branch575 ], [ %tmp_data_24_V_13115, %branch574 ], [ %tmp_data_24_V_13115, %branch573 ], [ %tmp_data_24_V_13115, %branch572 ], [ %tmp_data_24_V_13115, %branch571 ], [ %tmp_data_24_V_13115, %branch570 ], [ %tmp_data_24_V_13115, %branch569 ], [ %tmp_data_24_V_13115, %branch568 ], [ %tmp_data_24_V_13115, %aesl_mux_load.27i8P.i5.exit ]"   --->   Operation 430 'phi' 'tmp_data_24_V' <Predicate = true> <Delay = 0.00>
ST_14 : Operation 431 [1/1] (0.00ns)   --->   "%tmp_data_23_V = phi i14 [ %tmp_data_23_V_13117, %branch598 ], [ %tmp_data_23_V_13117, %branch597 ], [ %tmp_data_23_V_13117, %branch596 ], [ %tmp_data_23_V_13117, %branch595 ], [ %tmp_data_23_V_13117, %branch594 ], [ %tmp_data_23_V_13117, %branch593 ], [ %tmp_data_23_V_13117, %branch592 ], [ %tmp_data_23_V_13117, %branch591 ], [ %acc_0_V, %branch590 ], [ %tmp_data_23_V_13117, %branch589 ], [ %tmp_data_23_V_13117, %branch588 ], [ %tmp_data_23_V_13117, %branch587 ], [ %tmp_data_23_V_13117, %branch586 ], [ %tmp_data_23_V_13117, %branch585 ], [ %tmp_data_23_V_13117, %branch584 ], [ %tmp_data_23_V_13117, %branch583 ], [ %tmp_data_23_V_13117, %branch582 ], [ %tmp_data_23_V_13117, %branch581 ], [ %tmp_data_23_V_13117, %branch580 ], [ %tmp_data_23_V_13117, %branch579 ], [ %tmp_data_23_V_13117, %branch578 ], [ %tmp_data_23_V_13117, %branch577 ], [ %tmp_data_23_V_13117, %branch576 ], [ %tmp_data_23_V_13117, %branch575 ], [ %tmp_data_23_V_13117, %branch574 ], [ %tmp_data_23_V_13117, %branch573 ], [ %tmp_data_23_V_13117, %branch572 ], [ %tmp_data_23_V_13117, %branch571 ], [ %tmp_data_23_V_13117, %branch570 ], [ %tmp_data_23_V_13117, %branch569 ], [ %tmp_data_23_V_13117, %branch568 ], [ %tmp_data_23_V_13117, %aesl_mux_load.27i8P.i5.exit ]"   --->   Operation 431 'phi' 'tmp_data_23_V' <Predicate = true> <Delay = 0.00>
ST_14 : Operation 432 [1/1] (0.00ns)   --->   "%tmp_data_22_V = phi i14 [ %tmp_data_22_V_13119, %branch598 ], [ %tmp_data_22_V_13119, %branch597 ], [ %tmp_data_22_V_13119, %branch596 ], [ %tmp_data_22_V_13119, %branch595 ], [ %tmp_data_22_V_13119, %branch594 ], [ %tmp_data_22_V_13119, %branch593 ], [ %tmp_data_22_V_13119, %branch592 ], [ %tmp_data_22_V_13119, %branch591 ], [ %tmp_data_22_V_13119, %branch590 ], [ %acc_0_V, %branch589 ], [ %tmp_data_22_V_13119, %branch588 ], [ %tmp_data_22_V_13119, %branch587 ], [ %tmp_data_22_V_13119, %branch586 ], [ %tmp_data_22_V_13119, %branch585 ], [ %tmp_data_22_V_13119, %branch584 ], [ %tmp_data_22_V_13119, %branch583 ], [ %tmp_data_22_V_13119, %branch582 ], [ %tmp_data_22_V_13119, %branch581 ], [ %tmp_data_22_V_13119, %branch580 ], [ %tmp_data_22_V_13119, %branch579 ], [ %tmp_data_22_V_13119, %branch578 ], [ %tmp_data_22_V_13119, %branch577 ], [ %tmp_data_22_V_13119, %branch576 ], [ %tmp_data_22_V_13119, %branch575 ], [ %tmp_data_22_V_13119, %branch574 ], [ %tmp_data_22_V_13119, %branch573 ], [ %tmp_data_22_V_13119, %branch572 ], [ %tmp_data_22_V_13119, %branch571 ], [ %tmp_data_22_V_13119, %branch570 ], [ %tmp_data_22_V_13119, %branch569 ], [ %tmp_data_22_V_13119, %branch568 ], [ %tmp_data_22_V_13119, %aesl_mux_load.27i8P.i5.exit ]"   --->   Operation 432 'phi' 'tmp_data_22_V' <Predicate = true> <Delay = 0.00>
ST_14 : Operation 433 [1/1] (0.00ns)   --->   "%tmp_data_21_V = phi i14 [ %tmp_data_21_V_13121, %branch598 ], [ %tmp_data_21_V_13121, %branch597 ], [ %tmp_data_21_V_13121, %branch596 ], [ %tmp_data_21_V_13121, %branch595 ], [ %tmp_data_21_V_13121, %branch594 ], [ %tmp_data_21_V_13121, %branch593 ], [ %tmp_data_21_V_13121, %branch592 ], [ %tmp_data_21_V_13121, %branch591 ], [ %tmp_data_21_V_13121, %branch590 ], [ %tmp_data_21_V_13121, %branch589 ], [ %acc_0_V, %branch588 ], [ %tmp_data_21_V_13121, %branch587 ], [ %tmp_data_21_V_13121, %branch586 ], [ %tmp_data_21_V_13121, %branch585 ], [ %tmp_data_21_V_13121, %branch584 ], [ %tmp_data_21_V_13121, %branch583 ], [ %tmp_data_21_V_13121, %branch582 ], [ %tmp_data_21_V_13121, %branch581 ], [ %tmp_data_21_V_13121, %branch580 ], [ %tmp_data_21_V_13121, %branch579 ], [ %tmp_data_21_V_13121, %branch578 ], [ %tmp_data_21_V_13121, %branch577 ], [ %tmp_data_21_V_13121, %branch576 ], [ %tmp_data_21_V_13121, %branch575 ], [ %tmp_data_21_V_13121, %branch574 ], [ %tmp_data_21_V_13121, %branch573 ], [ %tmp_data_21_V_13121, %branch572 ], [ %tmp_data_21_V_13121, %branch571 ], [ %tmp_data_21_V_13121, %branch570 ], [ %tmp_data_21_V_13121, %branch569 ], [ %tmp_data_21_V_13121, %branch568 ], [ %tmp_data_21_V_13121, %aesl_mux_load.27i8P.i5.exit ]"   --->   Operation 433 'phi' 'tmp_data_21_V' <Predicate = true> <Delay = 0.00>
ST_14 : Operation 434 [1/1] (0.00ns)   --->   "%tmp_data_20_V = phi i14 [ %tmp_data_20_V_13123, %branch598 ], [ %tmp_data_20_V_13123, %branch597 ], [ %tmp_data_20_V_13123, %branch596 ], [ %tmp_data_20_V_13123, %branch595 ], [ %tmp_data_20_V_13123, %branch594 ], [ %tmp_data_20_V_13123, %branch593 ], [ %tmp_data_20_V_13123, %branch592 ], [ %tmp_data_20_V_13123, %branch591 ], [ %tmp_data_20_V_13123, %branch590 ], [ %tmp_data_20_V_13123, %branch589 ], [ %tmp_data_20_V_13123, %branch588 ], [ %acc_0_V, %branch587 ], [ %tmp_data_20_V_13123, %branch586 ], [ %tmp_data_20_V_13123, %branch585 ], [ %tmp_data_20_V_13123, %branch584 ], [ %tmp_data_20_V_13123, %branch583 ], [ %tmp_data_20_V_13123, %branch582 ], [ %tmp_data_20_V_13123, %branch581 ], [ %tmp_data_20_V_13123, %branch580 ], [ %tmp_data_20_V_13123, %branch579 ], [ %tmp_data_20_V_13123, %branch578 ], [ %tmp_data_20_V_13123, %branch577 ], [ %tmp_data_20_V_13123, %branch576 ], [ %tmp_data_20_V_13123, %branch575 ], [ %tmp_data_20_V_13123, %branch574 ], [ %tmp_data_20_V_13123, %branch573 ], [ %tmp_data_20_V_13123, %branch572 ], [ %tmp_data_20_V_13123, %branch571 ], [ %tmp_data_20_V_13123, %branch570 ], [ %tmp_data_20_V_13123, %branch569 ], [ %tmp_data_20_V_13123, %branch568 ], [ %tmp_data_20_V_13123, %aesl_mux_load.27i8P.i5.exit ]"   --->   Operation 434 'phi' 'tmp_data_20_V' <Predicate = true> <Delay = 0.00>
ST_14 : Operation 435 [1/1] (0.00ns)   --->   "%tmp_data_19_V = phi i14 [ %tmp_data_19_V_13125, %branch598 ], [ %tmp_data_19_V_13125, %branch597 ], [ %tmp_data_19_V_13125, %branch596 ], [ %tmp_data_19_V_13125, %branch595 ], [ %tmp_data_19_V_13125, %branch594 ], [ %tmp_data_19_V_13125, %branch593 ], [ %tmp_data_19_V_13125, %branch592 ], [ %tmp_data_19_V_13125, %branch591 ], [ %tmp_data_19_V_13125, %branch590 ], [ %tmp_data_19_V_13125, %branch589 ], [ %tmp_data_19_V_13125, %branch588 ], [ %tmp_data_19_V_13125, %branch587 ], [ %acc_0_V, %branch586 ], [ %tmp_data_19_V_13125, %branch585 ], [ %tmp_data_19_V_13125, %branch584 ], [ %tmp_data_19_V_13125, %branch583 ], [ %tmp_data_19_V_13125, %branch582 ], [ %tmp_data_19_V_13125, %branch581 ], [ %tmp_data_19_V_13125, %branch580 ], [ %tmp_data_19_V_13125, %branch579 ], [ %tmp_data_19_V_13125, %branch578 ], [ %tmp_data_19_V_13125, %branch577 ], [ %tmp_data_19_V_13125, %branch576 ], [ %tmp_data_19_V_13125, %branch575 ], [ %tmp_data_19_V_13125, %branch574 ], [ %tmp_data_19_V_13125, %branch573 ], [ %tmp_data_19_V_13125, %branch572 ], [ %tmp_data_19_V_13125, %branch571 ], [ %tmp_data_19_V_13125, %branch570 ], [ %tmp_data_19_V_13125, %branch569 ], [ %tmp_data_19_V_13125, %branch568 ], [ %tmp_data_19_V_13125, %aesl_mux_load.27i8P.i5.exit ]"   --->   Operation 435 'phi' 'tmp_data_19_V' <Predicate = true> <Delay = 0.00>
ST_14 : Operation 436 [1/1] (0.00ns)   --->   "%tmp_data_18_V = phi i14 [ %tmp_data_18_V_13127, %branch598 ], [ %tmp_data_18_V_13127, %branch597 ], [ %tmp_data_18_V_13127, %branch596 ], [ %tmp_data_18_V_13127, %branch595 ], [ %tmp_data_18_V_13127, %branch594 ], [ %tmp_data_18_V_13127, %branch593 ], [ %tmp_data_18_V_13127, %branch592 ], [ %tmp_data_18_V_13127, %branch591 ], [ %tmp_data_18_V_13127, %branch590 ], [ %tmp_data_18_V_13127, %branch589 ], [ %tmp_data_18_V_13127, %branch588 ], [ %tmp_data_18_V_13127, %branch587 ], [ %tmp_data_18_V_13127, %branch586 ], [ %acc_0_V, %branch585 ], [ %tmp_data_18_V_13127, %branch584 ], [ %tmp_data_18_V_13127, %branch583 ], [ %tmp_data_18_V_13127, %branch582 ], [ %tmp_data_18_V_13127, %branch581 ], [ %tmp_data_18_V_13127, %branch580 ], [ %tmp_data_18_V_13127, %branch579 ], [ %tmp_data_18_V_13127, %branch578 ], [ %tmp_data_18_V_13127, %branch577 ], [ %tmp_data_18_V_13127, %branch576 ], [ %tmp_data_18_V_13127, %branch575 ], [ %tmp_data_18_V_13127, %branch574 ], [ %tmp_data_18_V_13127, %branch573 ], [ %tmp_data_18_V_13127, %branch572 ], [ %tmp_data_18_V_13127, %branch571 ], [ %tmp_data_18_V_13127, %branch570 ], [ %tmp_data_18_V_13127, %branch569 ], [ %tmp_data_18_V_13127, %branch568 ], [ %tmp_data_18_V_13127, %aesl_mux_load.27i8P.i5.exit ]"   --->   Operation 436 'phi' 'tmp_data_18_V' <Predicate = true> <Delay = 0.00>
ST_14 : Operation 437 [1/1] (0.00ns)   --->   "%tmp_data_17_V = phi i14 [ %tmp_data_17_V_13129, %branch598 ], [ %tmp_data_17_V_13129, %branch597 ], [ %tmp_data_17_V_13129, %branch596 ], [ %tmp_data_17_V_13129, %branch595 ], [ %tmp_data_17_V_13129, %branch594 ], [ %tmp_data_17_V_13129, %branch593 ], [ %tmp_data_17_V_13129, %branch592 ], [ %tmp_data_17_V_13129, %branch591 ], [ %tmp_data_17_V_13129, %branch590 ], [ %tmp_data_17_V_13129, %branch589 ], [ %tmp_data_17_V_13129, %branch588 ], [ %tmp_data_17_V_13129, %branch587 ], [ %tmp_data_17_V_13129, %branch586 ], [ %tmp_data_17_V_13129, %branch585 ], [ %acc_0_V, %branch584 ], [ %tmp_data_17_V_13129, %branch583 ], [ %tmp_data_17_V_13129, %branch582 ], [ %tmp_data_17_V_13129, %branch581 ], [ %tmp_data_17_V_13129, %branch580 ], [ %tmp_data_17_V_13129, %branch579 ], [ %tmp_data_17_V_13129, %branch578 ], [ %tmp_data_17_V_13129, %branch577 ], [ %tmp_data_17_V_13129, %branch576 ], [ %tmp_data_17_V_13129, %branch575 ], [ %tmp_data_17_V_13129, %branch574 ], [ %tmp_data_17_V_13129, %branch573 ], [ %tmp_data_17_V_13129, %branch572 ], [ %tmp_data_17_V_13129, %branch571 ], [ %tmp_data_17_V_13129, %branch570 ], [ %tmp_data_17_V_13129, %branch569 ], [ %tmp_data_17_V_13129, %branch568 ], [ %tmp_data_17_V_13129, %aesl_mux_load.27i8P.i5.exit ]"   --->   Operation 437 'phi' 'tmp_data_17_V' <Predicate = true> <Delay = 0.00>
ST_14 : Operation 438 [1/1] (0.00ns)   --->   "%tmp_data_16_V = phi i14 [ %tmp_data_16_V_13131, %branch598 ], [ %tmp_data_16_V_13131, %branch597 ], [ %tmp_data_16_V_13131, %branch596 ], [ %tmp_data_16_V_13131, %branch595 ], [ %tmp_data_16_V_13131, %branch594 ], [ %tmp_data_16_V_13131, %branch593 ], [ %tmp_data_16_V_13131, %branch592 ], [ %tmp_data_16_V_13131, %branch591 ], [ %tmp_data_16_V_13131, %branch590 ], [ %tmp_data_16_V_13131, %branch589 ], [ %tmp_data_16_V_13131, %branch588 ], [ %tmp_data_16_V_13131, %branch587 ], [ %tmp_data_16_V_13131, %branch586 ], [ %tmp_data_16_V_13131, %branch585 ], [ %tmp_data_16_V_13131, %branch584 ], [ %acc_0_V, %branch583 ], [ %tmp_data_16_V_13131, %branch582 ], [ %tmp_data_16_V_13131, %branch581 ], [ %tmp_data_16_V_13131, %branch580 ], [ %tmp_data_16_V_13131, %branch579 ], [ %tmp_data_16_V_13131, %branch578 ], [ %tmp_data_16_V_13131, %branch577 ], [ %tmp_data_16_V_13131, %branch576 ], [ %tmp_data_16_V_13131, %branch575 ], [ %tmp_data_16_V_13131, %branch574 ], [ %tmp_data_16_V_13131, %branch573 ], [ %tmp_data_16_V_13131, %branch572 ], [ %tmp_data_16_V_13131, %branch571 ], [ %tmp_data_16_V_13131, %branch570 ], [ %tmp_data_16_V_13131, %branch569 ], [ %tmp_data_16_V_13131, %branch568 ], [ %tmp_data_16_V_13131, %aesl_mux_load.27i8P.i5.exit ]"   --->   Operation 438 'phi' 'tmp_data_16_V' <Predicate = true> <Delay = 0.00>
ST_14 : Operation 439 [1/1] (0.00ns)   --->   "%tmp_data_15_V = phi i14 [ %tmp_data_15_V_13133, %branch598 ], [ %tmp_data_15_V_13133, %branch597 ], [ %tmp_data_15_V_13133, %branch596 ], [ %tmp_data_15_V_13133, %branch595 ], [ %tmp_data_15_V_13133, %branch594 ], [ %tmp_data_15_V_13133, %branch593 ], [ %tmp_data_15_V_13133, %branch592 ], [ %tmp_data_15_V_13133, %branch591 ], [ %tmp_data_15_V_13133, %branch590 ], [ %tmp_data_15_V_13133, %branch589 ], [ %tmp_data_15_V_13133, %branch588 ], [ %tmp_data_15_V_13133, %branch587 ], [ %tmp_data_15_V_13133, %branch586 ], [ %tmp_data_15_V_13133, %branch585 ], [ %tmp_data_15_V_13133, %branch584 ], [ %tmp_data_15_V_13133, %branch583 ], [ %acc_0_V, %branch582 ], [ %tmp_data_15_V_13133, %branch581 ], [ %tmp_data_15_V_13133, %branch580 ], [ %tmp_data_15_V_13133, %branch579 ], [ %tmp_data_15_V_13133, %branch578 ], [ %tmp_data_15_V_13133, %branch577 ], [ %tmp_data_15_V_13133, %branch576 ], [ %tmp_data_15_V_13133, %branch575 ], [ %tmp_data_15_V_13133, %branch574 ], [ %tmp_data_15_V_13133, %branch573 ], [ %tmp_data_15_V_13133, %branch572 ], [ %tmp_data_15_V_13133, %branch571 ], [ %tmp_data_15_V_13133, %branch570 ], [ %tmp_data_15_V_13133, %branch569 ], [ %tmp_data_15_V_13133, %branch568 ], [ %tmp_data_15_V_13133, %aesl_mux_load.27i8P.i5.exit ]"   --->   Operation 439 'phi' 'tmp_data_15_V' <Predicate = true> <Delay = 0.00>
ST_14 : Operation 440 [1/1] (0.00ns)   --->   "%tmp_data_14_V = phi i14 [ %tmp_data_14_V_13135, %branch598 ], [ %tmp_data_14_V_13135, %branch597 ], [ %tmp_data_14_V_13135, %branch596 ], [ %tmp_data_14_V_13135, %branch595 ], [ %tmp_data_14_V_13135, %branch594 ], [ %tmp_data_14_V_13135, %branch593 ], [ %tmp_data_14_V_13135, %branch592 ], [ %tmp_data_14_V_13135, %branch591 ], [ %tmp_data_14_V_13135, %branch590 ], [ %tmp_data_14_V_13135, %branch589 ], [ %tmp_data_14_V_13135, %branch588 ], [ %tmp_data_14_V_13135, %branch587 ], [ %tmp_data_14_V_13135, %branch586 ], [ %tmp_data_14_V_13135, %branch585 ], [ %tmp_data_14_V_13135, %branch584 ], [ %tmp_data_14_V_13135, %branch583 ], [ %tmp_data_14_V_13135, %branch582 ], [ %acc_0_V, %branch581 ], [ %tmp_data_14_V_13135, %branch580 ], [ %tmp_data_14_V_13135, %branch579 ], [ %tmp_data_14_V_13135, %branch578 ], [ %tmp_data_14_V_13135, %branch577 ], [ %tmp_data_14_V_13135, %branch576 ], [ %tmp_data_14_V_13135, %branch575 ], [ %tmp_data_14_V_13135, %branch574 ], [ %tmp_data_14_V_13135, %branch573 ], [ %tmp_data_14_V_13135, %branch572 ], [ %tmp_data_14_V_13135, %branch571 ], [ %tmp_data_14_V_13135, %branch570 ], [ %tmp_data_14_V_13135, %branch569 ], [ %tmp_data_14_V_13135, %branch568 ], [ %tmp_data_14_V_13135, %aesl_mux_load.27i8P.i5.exit ]"   --->   Operation 440 'phi' 'tmp_data_14_V' <Predicate = true> <Delay = 0.00>
ST_14 : Operation 441 [1/1] (0.00ns)   --->   "%tmp_data_13_V = phi i14 [ %tmp_data_13_V_13137, %branch598 ], [ %tmp_data_13_V_13137, %branch597 ], [ %tmp_data_13_V_13137, %branch596 ], [ %tmp_data_13_V_13137, %branch595 ], [ %tmp_data_13_V_13137, %branch594 ], [ %tmp_data_13_V_13137, %branch593 ], [ %tmp_data_13_V_13137, %branch592 ], [ %tmp_data_13_V_13137, %branch591 ], [ %tmp_data_13_V_13137, %branch590 ], [ %tmp_data_13_V_13137, %branch589 ], [ %tmp_data_13_V_13137, %branch588 ], [ %tmp_data_13_V_13137, %branch587 ], [ %tmp_data_13_V_13137, %branch586 ], [ %tmp_data_13_V_13137, %branch585 ], [ %tmp_data_13_V_13137, %branch584 ], [ %tmp_data_13_V_13137, %branch583 ], [ %tmp_data_13_V_13137, %branch582 ], [ %tmp_data_13_V_13137, %branch581 ], [ %acc_0_V, %branch580 ], [ %tmp_data_13_V_13137, %branch579 ], [ %tmp_data_13_V_13137, %branch578 ], [ %tmp_data_13_V_13137, %branch577 ], [ %tmp_data_13_V_13137, %branch576 ], [ %tmp_data_13_V_13137, %branch575 ], [ %tmp_data_13_V_13137, %branch574 ], [ %tmp_data_13_V_13137, %branch573 ], [ %tmp_data_13_V_13137, %branch572 ], [ %tmp_data_13_V_13137, %branch571 ], [ %tmp_data_13_V_13137, %branch570 ], [ %tmp_data_13_V_13137, %branch569 ], [ %tmp_data_13_V_13137, %branch568 ], [ %tmp_data_13_V_13137, %aesl_mux_load.27i8P.i5.exit ]"   --->   Operation 441 'phi' 'tmp_data_13_V' <Predicate = true> <Delay = 0.00>
ST_14 : Operation 442 [1/1] (0.00ns)   --->   "%tmp_data_12_V = phi i14 [ %tmp_data_12_V_13139, %branch598 ], [ %tmp_data_12_V_13139, %branch597 ], [ %tmp_data_12_V_13139, %branch596 ], [ %tmp_data_12_V_13139, %branch595 ], [ %tmp_data_12_V_13139, %branch594 ], [ %tmp_data_12_V_13139, %branch593 ], [ %tmp_data_12_V_13139, %branch592 ], [ %tmp_data_12_V_13139, %branch591 ], [ %tmp_data_12_V_13139, %branch590 ], [ %tmp_data_12_V_13139, %branch589 ], [ %tmp_data_12_V_13139, %branch588 ], [ %tmp_data_12_V_13139, %branch587 ], [ %tmp_data_12_V_13139, %branch586 ], [ %tmp_data_12_V_13139, %branch585 ], [ %tmp_data_12_V_13139, %branch584 ], [ %tmp_data_12_V_13139, %branch583 ], [ %tmp_data_12_V_13139, %branch582 ], [ %tmp_data_12_V_13139, %branch581 ], [ %tmp_data_12_V_13139, %branch580 ], [ %acc_0_V, %branch579 ], [ %tmp_data_12_V_13139, %branch578 ], [ %tmp_data_12_V_13139, %branch577 ], [ %tmp_data_12_V_13139, %branch576 ], [ %tmp_data_12_V_13139, %branch575 ], [ %tmp_data_12_V_13139, %branch574 ], [ %tmp_data_12_V_13139, %branch573 ], [ %tmp_data_12_V_13139, %branch572 ], [ %tmp_data_12_V_13139, %branch571 ], [ %tmp_data_12_V_13139, %branch570 ], [ %tmp_data_12_V_13139, %branch569 ], [ %tmp_data_12_V_13139, %branch568 ], [ %tmp_data_12_V_13139, %aesl_mux_load.27i8P.i5.exit ]"   --->   Operation 442 'phi' 'tmp_data_12_V' <Predicate = true> <Delay = 0.00>
ST_14 : Operation 443 [1/1] (0.00ns)   --->   "%tmp_data_11_V = phi i14 [ %tmp_data_11_V_13141, %branch598 ], [ %tmp_data_11_V_13141, %branch597 ], [ %tmp_data_11_V_13141, %branch596 ], [ %tmp_data_11_V_13141, %branch595 ], [ %tmp_data_11_V_13141, %branch594 ], [ %tmp_data_11_V_13141, %branch593 ], [ %tmp_data_11_V_13141, %branch592 ], [ %tmp_data_11_V_13141, %branch591 ], [ %tmp_data_11_V_13141, %branch590 ], [ %tmp_data_11_V_13141, %branch589 ], [ %tmp_data_11_V_13141, %branch588 ], [ %tmp_data_11_V_13141, %branch587 ], [ %tmp_data_11_V_13141, %branch586 ], [ %tmp_data_11_V_13141, %branch585 ], [ %tmp_data_11_V_13141, %branch584 ], [ %tmp_data_11_V_13141, %branch583 ], [ %tmp_data_11_V_13141, %branch582 ], [ %tmp_data_11_V_13141, %branch581 ], [ %tmp_data_11_V_13141, %branch580 ], [ %tmp_data_11_V_13141, %branch579 ], [ %acc_0_V, %branch578 ], [ %tmp_data_11_V_13141, %branch577 ], [ %tmp_data_11_V_13141, %branch576 ], [ %tmp_data_11_V_13141, %branch575 ], [ %tmp_data_11_V_13141, %branch574 ], [ %tmp_data_11_V_13141, %branch573 ], [ %tmp_data_11_V_13141, %branch572 ], [ %tmp_data_11_V_13141, %branch571 ], [ %tmp_data_11_V_13141, %branch570 ], [ %tmp_data_11_V_13141, %branch569 ], [ %tmp_data_11_V_13141, %branch568 ], [ %tmp_data_11_V_13141, %aesl_mux_load.27i8P.i5.exit ]"   --->   Operation 443 'phi' 'tmp_data_11_V' <Predicate = true> <Delay = 0.00>
ST_14 : Operation 444 [1/1] (0.00ns)   --->   "%tmp_data_10_V = phi i14 [ %tmp_data_10_V_13143, %branch598 ], [ %tmp_data_10_V_13143, %branch597 ], [ %tmp_data_10_V_13143, %branch596 ], [ %tmp_data_10_V_13143, %branch595 ], [ %tmp_data_10_V_13143, %branch594 ], [ %tmp_data_10_V_13143, %branch593 ], [ %tmp_data_10_V_13143, %branch592 ], [ %tmp_data_10_V_13143, %branch591 ], [ %tmp_data_10_V_13143, %branch590 ], [ %tmp_data_10_V_13143, %branch589 ], [ %tmp_data_10_V_13143, %branch588 ], [ %tmp_data_10_V_13143, %branch587 ], [ %tmp_data_10_V_13143, %branch586 ], [ %tmp_data_10_V_13143, %branch585 ], [ %tmp_data_10_V_13143, %branch584 ], [ %tmp_data_10_V_13143, %branch583 ], [ %tmp_data_10_V_13143, %branch582 ], [ %tmp_data_10_V_13143, %branch581 ], [ %tmp_data_10_V_13143, %branch580 ], [ %tmp_data_10_V_13143, %branch579 ], [ %tmp_data_10_V_13143, %branch578 ], [ %acc_0_V, %branch577 ], [ %tmp_data_10_V_13143, %branch576 ], [ %tmp_data_10_V_13143, %branch575 ], [ %tmp_data_10_V_13143, %branch574 ], [ %tmp_data_10_V_13143, %branch573 ], [ %tmp_data_10_V_13143, %branch572 ], [ %tmp_data_10_V_13143, %branch571 ], [ %tmp_data_10_V_13143, %branch570 ], [ %tmp_data_10_V_13143, %branch569 ], [ %tmp_data_10_V_13143, %branch568 ], [ %tmp_data_10_V_13143, %aesl_mux_load.27i8P.i5.exit ]"   --->   Operation 444 'phi' 'tmp_data_10_V' <Predicate = true> <Delay = 0.00>
ST_14 : Operation 445 [1/1] (0.00ns)   --->   "%tmp_data_9_V = phi i14 [ %tmp_data_9_V_15145, %branch598 ], [ %tmp_data_9_V_15145, %branch597 ], [ %tmp_data_9_V_15145, %branch596 ], [ %tmp_data_9_V_15145, %branch595 ], [ %tmp_data_9_V_15145, %branch594 ], [ %tmp_data_9_V_15145, %branch593 ], [ %tmp_data_9_V_15145, %branch592 ], [ %tmp_data_9_V_15145, %branch591 ], [ %tmp_data_9_V_15145, %branch590 ], [ %tmp_data_9_V_15145, %branch589 ], [ %tmp_data_9_V_15145, %branch588 ], [ %tmp_data_9_V_15145, %branch587 ], [ %tmp_data_9_V_15145, %branch586 ], [ %tmp_data_9_V_15145, %branch585 ], [ %tmp_data_9_V_15145, %branch584 ], [ %tmp_data_9_V_15145, %branch583 ], [ %tmp_data_9_V_15145, %branch582 ], [ %tmp_data_9_V_15145, %branch581 ], [ %tmp_data_9_V_15145, %branch580 ], [ %tmp_data_9_V_15145, %branch579 ], [ %tmp_data_9_V_15145, %branch578 ], [ %tmp_data_9_V_15145, %branch577 ], [ %acc_0_V, %branch576 ], [ %tmp_data_9_V_15145, %branch575 ], [ %tmp_data_9_V_15145, %branch574 ], [ %tmp_data_9_V_15145, %branch573 ], [ %tmp_data_9_V_15145, %branch572 ], [ %tmp_data_9_V_15145, %branch571 ], [ %tmp_data_9_V_15145, %branch570 ], [ %tmp_data_9_V_15145, %branch569 ], [ %tmp_data_9_V_15145, %branch568 ], [ %tmp_data_9_V_15145, %aesl_mux_load.27i8P.i5.exit ]"   --->   Operation 445 'phi' 'tmp_data_9_V' <Predicate = true> <Delay = 0.00>
ST_14 : Operation 446 [1/1] (0.00ns)   --->   "%tmp_data_8_V = phi i14 [ %tmp_data_8_V_15147, %branch598 ], [ %tmp_data_8_V_15147, %branch597 ], [ %tmp_data_8_V_15147, %branch596 ], [ %tmp_data_8_V_15147, %branch595 ], [ %tmp_data_8_V_15147, %branch594 ], [ %tmp_data_8_V_15147, %branch593 ], [ %tmp_data_8_V_15147, %branch592 ], [ %tmp_data_8_V_15147, %branch591 ], [ %tmp_data_8_V_15147, %branch590 ], [ %tmp_data_8_V_15147, %branch589 ], [ %tmp_data_8_V_15147, %branch588 ], [ %tmp_data_8_V_15147, %branch587 ], [ %tmp_data_8_V_15147, %branch586 ], [ %tmp_data_8_V_15147, %branch585 ], [ %tmp_data_8_V_15147, %branch584 ], [ %tmp_data_8_V_15147, %branch583 ], [ %tmp_data_8_V_15147, %branch582 ], [ %tmp_data_8_V_15147, %branch581 ], [ %tmp_data_8_V_15147, %branch580 ], [ %tmp_data_8_V_15147, %branch579 ], [ %tmp_data_8_V_15147, %branch578 ], [ %tmp_data_8_V_15147, %branch577 ], [ %tmp_data_8_V_15147, %branch576 ], [ %acc_0_V, %branch575 ], [ %tmp_data_8_V_15147, %branch574 ], [ %tmp_data_8_V_15147, %branch573 ], [ %tmp_data_8_V_15147, %branch572 ], [ %tmp_data_8_V_15147, %branch571 ], [ %tmp_data_8_V_15147, %branch570 ], [ %tmp_data_8_V_15147, %branch569 ], [ %tmp_data_8_V_15147, %branch568 ], [ %tmp_data_8_V_15147, %aesl_mux_load.27i8P.i5.exit ]"   --->   Operation 446 'phi' 'tmp_data_8_V' <Predicate = true> <Delay = 0.00>
ST_14 : Operation 447 [1/1] (0.00ns)   --->   "%tmp_data_7_V = phi i14 [ %tmp_data_7_V_15149, %branch598 ], [ %tmp_data_7_V_15149, %branch597 ], [ %tmp_data_7_V_15149, %branch596 ], [ %tmp_data_7_V_15149, %branch595 ], [ %tmp_data_7_V_15149, %branch594 ], [ %tmp_data_7_V_15149, %branch593 ], [ %tmp_data_7_V_15149, %branch592 ], [ %tmp_data_7_V_15149, %branch591 ], [ %tmp_data_7_V_15149, %branch590 ], [ %tmp_data_7_V_15149, %branch589 ], [ %tmp_data_7_V_15149, %branch588 ], [ %tmp_data_7_V_15149, %branch587 ], [ %tmp_data_7_V_15149, %branch586 ], [ %tmp_data_7_V_15149, %branch585 ], [ %tmp_data_7_V_15149, %branch584 ], [ %tmp_data_7_V_15149, %branch583 ], [ %tmp_data_7_V_15149, %branch582 ], [ %tmp_data_7_V_15149, %branch581 ], [ %tmp_data_7_V_15149, %branch580 ], [ %tmp_data_7_V_15149, %branch579 ], [ %tmp_data_7_V_15149, %branch578 ], [ %tmp_data_7_V_15149, %branch577 ], [ %tmp_data_7_V_15149, %branch576 ], [ %tmp_data_7_V_15149, %branch575 ], [ %acc_0_V, %branch574 ], [ %tmp_data_7_V_15149, %branch573 ], [ %tmp_data_7_V_15149, %branch572 ], [ %tmp_data_7_V_15149, %branch571 ], [ %tmp_data_7_V_15149, %branch570 ], [ %tmp_data_7_V_15149, %branch569 ], [ %tmp_data_7_V_15149, %branch568 ], [ %tmp_data_7_V_15149, %aesl_mux_load.27i8P.i5.exit ]"   --->   Operation 447 'phi' 'tmp_data_7_V' <Predicate = true> <Delay = 0.00>
ST_14 : Operation 448 [1/1] (0.00ns)   --->   "%tmp_data_6_V = phi i14 [ %tmp_data_6_V_15151, %branch598 ], [ %tmp_data_6_V_15151, %branch597 ], [ %tmp_data_6_V_15151, %branch596 ], [ %tmp_data_6_V_15151, %branch595 ], [ %tmp_data_6_V_15151, %branch594 ], [ %tmp_data_6_V_15151, %branch593 ], [ %tmp_data_6_V_15151, %branch592 ], [ %tmp_data_6_V_15151, %branch591 ], [ %tmp_data_6_V_15151, %branch590 ], [ %tmp_data_6_V_15151, %branch589 ], [ %tmp_data_6_V_15151, %branch588 ], [ %tmp_data_6_V_15151, %branch587 ], [ %tmp_data_6_V_15151, %branch586 ], [ %tmp_data_6_V_15151, %branch585 ], [ %tmp_data_6_V_15151, %branch584 ], [ %tmp_data_6_V_15151, %branch583 ], [ %tmp_data_6_V_15151, %branch582 ], [ %tmp_data_6_V_15151, %branch581 ], [ %tmp_data_6_V_15151, %branch580 ], [ %tmp_data_6_V_15151, %branch579 ], [ %tmp_data_6_V_15151, %branch578 ], [ %tmp_data_6_V_15151, %branch577 ], [ %tmp_data_6_V_15151, %branch576 ], [ %tmp_data_6_V_15151, %branch575 ], [ %tmp_data_6_V_15151, %branch574 ], [ %acc_0_V, %branch573 ], [ %tmp_data_6_V_15151, %branch572 ], [ %tmp_data_6_V_15151, %branch571 ], [ %tmp_data_6_V_15151, %branch570 ], [ %tmp_data_6_V_15151, %branch569 ], [ %tmp_data_6_V_15151, %branch568 ], [ %tmp_data_6_V_15151, %aesl_mux_load.27i8P.i5.exit ]"   --->   Operation 448 'phi' 'tmp_data_6_V' <Predicate = true> <Delay = 0.00>
ST_14 : Operation 449 [1/1] (0.00ns)   --->   "%tmp_data_5_V = phi i14 [ %tmp_data_5_V_15153, %branch598 ], [ %tmp_data_5_V_15153, %branch597 ], [ %tmp_data_5_V_15153, %branch596 ], [ %tmp_data_5_V_15153, %branch595 ], [ %tmp_data_5_V_15153, %branch594 ], [ %tmp_data_5_V_15153, %branch593 ], [ %tmp_data_5_V_15153, %branch592 ], [ %tmp_data_5_V_15153, %branch591 ], [ %tmp_data_5_V_15153, %branch590 ], [ %tmp_data_5_V_15153, %branch589 ], [ %tmp_data_5_V_15153, %branch588 ], [ %tmp_data_5_V_15153, %branch587 ], [ %tmp_data_5_V_15153, %branch586 ], [ %tmp_data_5_V_15153, %branch585 ], [ %tmp_data_5_V_15153, %branch584 ], [ %tmp_data_5_V_15153, %branch583 ], [ %tmp_data_5_V_15153, %branch582 ], [ %tmp_data_5_V_15153, %branch581 ], [ %tmp_data_5_V_15153, %branch580 ], [ %tmp_data_5_V_15153, %branch579 ], [ %tmp_data_5_V_15153, %branch578 ], [ %tmp_data_5_V_15153, %branch577 ], [ %tmp_data_5_V_15153, %branch576 ], [ %tmp_data_5_V_15153, %branch575 ], [ %tmp_data_5_V_15153, %branch574 ], [ %tmp_data_5_V_15153, %branch573 ], [ %acc_0_V, %branch572 ], [ %tmp_data_5_V_15153, %branch571 ], [ %tmp_data_5_V_15153, %branch570 ], [ %tmp_data_5_V_15153, %branch569 ], [ %tmp_data_5_V_15153, %branch568 ], [ %tmp_data_5_V_15153, %aesl_mux_load.27i8P.i5.exit ]"   --->   Operation 449 'phi' 'tmp_data_5_V' <Predicate = true> <Delay = 0.00>
ST_14 : Operation 450 [1/1] (0.00ns)   --->   "%tmp_data_4_V = phi i14 [ %tmp_data_4_V_15155, %branch598 ], [ %tmp_data_4_V_15155, %branch597 ], [ %tmp_data_4_V_15155, %branch596 ], [ %tmp_data_4_V_15155, %branch595 ], [ %tmp_data_4_V_15155, %branch594 ], [ %tmp_data_4_V_15155, %branch593 ], [ %tmp_data_4_V_15155, %branch592 ], [ %tmp_data_4_V_15155, %branch591 ], [ %tmp_data_4_V_15155, %branch590 ], [ %tmp_data_4_V_15155, %branch589 ], [ %tmp_data_4_V_15155, %branch588 ], [ %tmp_data_4_V_15155, %branch587 ], [ %tmp_data_4_V_15155, %branch586 ], [ %tmp_data_4_V_15155, %branch585 ], [ %tmp_data_4_V_15155, %branch584 ], [ %tmp_data_4_V_15155, %branch583 ], [ %tmp_data_4_V_15155, %branch582 ], [ %tmp_data_4_V_15155, %branch581 ], [ %tmp_data_4_V_15155, %branch580 ], [ %tmp_data_4_V_15155, %branch579 ], [ %tmp_data_4_V_15155, %branch578 ], [ %tmp_data_4_V_15155, %branch577 ], [ %tmp_data_4_V_15155, %branch576 ], [ %tmp_data_4_V_15155, %branch575 ], [ %tmp_data_4_V_15155, %branch574 ], [ %tmp_data_4_V_15155, %branch573 ], [ %tmp_data_4_V_15155, %branch572 ], [ %acc_0_V, %branch571 ], [ %tmp_data_4_V_15155, %branch570 ], [ %tmp_data_4_V_15155, %branch569 ], [ %tmp_data_4_V_15155, %branch568 ], [ %tmp_data_4_V_15155, %aesl_mux_load.27i8P.i5.exit ]"   --->   Operation 450 'phi' 'tmp_data_4_V' <Predicate = true> <Delay = 0.00>
ST_14 : Operation 451 [1/1] (0.00ns)   --->   "%tmp_data_3_V = phi i14 [ %tmp_data_3_V_15157, %branch598 ], [ %tmp_data_3_V_15157, %branch597 ], [ %tmp_data_3_V_15157, %branch596 ], [ %tmp_data_3_V_15157, %branch595 ], [ %tmp_data_3_V_15157, %branch594 ], [ %tmp_data_3_V_15157, %branch593 ], [ %tmp_data_3_V_15157, %branch592 ], [ %tmp_data_3_V_15157, %branch591 ], [ %tmp_data_3_V_15157, %branch590 ], [ %tmp_data_3_V_15157, %branch589 ], [ %tmp_data_3_V_15157, %branch588 ], [ %tmp_data_3_V_15157, %branch587 ], [ %tmp_data_3_V_15157, %branch586 ], [ %tmp_data_3_V_15157, %branch585 ], [ %tmp_data_3_V_15157, %branch584 ], [ %tmp_data_3_V_15157, %branch583 ], [ %tmp_data_3_V_15157, %branch582 ], [ %tmp_data_3_V_15157, %branch581 ], [ %tmp_data_3_V_15157, %branch580 ], [ %tmp_data_3_V_15157, %branch579 ], [ %tmp_data_3_V_15157, %branch578 ], [ %tmp_data_3_V_15157, %branch577 ], [ %tmp_data_3_V_15157, %branch576 ], [ %tmp_data_3_V_15157, %branch575 ], [ %tmp_data_3_V_15157, %branch574 ], [ %tmp_data_3_V_15157, %branch573 ], [ %tmp_data_3_V_15157, %branch572 ], [ %tmp_data_3_V_15157, %branch571 ], [ %acc_0_V, %branch570 ], [ %tmp_data_3_V_15157, %branch569 ], [ %tmp_data_3_V_15157, %branch568 ], [ %tmp_data_3_V_15157, %aesl_mux_load.27i8P.i5.exit ]"   --->   Operation 451 'phi' 'tmp_data_3_V' <Predicate = true> <Delay = 0.00>
ST_14 : Operation 452 [1/1] (0.00ns)   --->   "%tmp_data_2_V = phi i14 [ %tmp_data_2_V_15159, %branch598 ], [ %tmp_data_2_V_15159, %branch597 ], [ %tmp_data_2_V_15159, %branch596 ], [ %tmp_data_2_V_15159, %branch595 ], [ %tmp_data_2_V_15159, %branch594 ], [ %tmp_data_2_V_15159, %branch593 ], [ %tmp_data_2_V_15159, %branch592 ], [ %tmp_data_2_V_15159, %branch591 ], [ %tmp_data_2_V_15159, %branch590 ], [ %tmp_data_2_V_15159, %branch589 ], [ %tmp_data_2_V_15159, %branch588 ], [ %tmp_data_2_V_15159, %branch587 ], [ %tmp_data_2_V_15159, %branch586 ], [ %tmp_data_2_V_15159, %branch585 ], [ %tmp_data_2_V_15159, %branch584 ], [ %tmp_data_2_V_15159, %branch583 ], [ %tmp_data_2_V_15159, %branch582 ], [ %tmp_data_2_V_15159, %branch581 ], [ %tmp_data_2_V_15159, %branch580 ], [ %tmp_data_2_V_15159, %branch579 ], [ %tmp_data_2_V_15159, %branch578 ], [ %tmp_data_2_V_15159, %branch577 ], [ %tmp_data_2_V_15159, %branch576 ], [ %tmp_data_2_V_15159, %branch575 ], [ %tmp_data_2_V_15159, %branch574 ], [ %tmp_data_2_V_15159, %branch573 ], [ %tmp_data_2_V_15159, %branch572 ], [ %tmp_data_2_V_15159, %branch571 ], [ %tmp_data_2_V_15159, %branch570 ], [ %acc_0_V, %branch569 ], [ %tmp_data_2_V_15159, %branch568 ], [ %tmp_data_2_V_15159, %aesl_mux_load.27i8P.i5.exit ]"   --->   Operation 452 'phi' 'tmp_data_2_V' <Predicate = true> <Delay = 0.00>
ST_14 : Operation 453 [1/1] (0.00ns)   --->   "%tmp_data_1_V = phi i14 [ %tmp_data_1_V_15161, %branch598 ], [ %tmp_data_1_V_15161, %branch597 ], [ %tmp_data_1_V_15161, %branch596 ], [ %tmp_data_1_V_15161, %branch595 ], [ %tmp_data_1_V_15161, %branch594 ], [ %tmp_data_1_V_15161, %branch593 ], [ %tmp_data_1_V_15161, %branch592 ], [ %tmp_data_1_V_15161, %branch591 ], [ %tmp_data_1_V_15161, %branch590 ], [ %tmp_data_1_V_15161, %branch589 ], [ %tmp_data_1_V_15161, %branch588 ], [ %tmp_data_1_V_15161, %branch587 ], [ %tmp_data_1_V_15161, %branch586 ], [ %tmp_data_1_V_15161, %branch585 ], [ %tmp_data_1_V_15161, %branch584 ], [ %tmp_data_1_V_15161, %branch583 ], [ %tmp_data_1_V_15161, %branch582 ], [ %tmp_data_1_V_15161, %branch581 ], [ %tmp_data_1_V_15161, %branch580 ], [ %tmp_data_1_V_15161, %branch579 ], [ %tmp_data_1_V_15161, %branch578 ], [ %tmp_data_1_V_15161, %branch577 ], [ %tmp_data_1_V_15161, %branch576 ], [ %tmp_data_1_V_15161, %branch575 ], [ %tmp_data_1_V_15161, %branch574 ], [ %tmp_data_1_V_15161, %branch573 ], [ %tmp_data_1_V_15161, %branch572 ], [ %tmp_data_1_V_15161, %branch571 ], [ %tmp_data_1_V_15161, %branch570 ], [ %tmp_data_1_V_15161, %branch569 ], [ %acc_0_V, %branch568 ], [ %tmp_data_1_V_15161, %aesl_mux_load.27i8P.i5.exit ]"   --->   Operation 453 'phi' 'tmp_data_1_V' <Predicate = true> <Delay = 0.00>
ST_14 : Operation 454 [1/1] (0.00ns)   --->   "%tmp_data_0_V = phi i14 [ %tmp_data_0_V_15163, %branch598 ], [ %tmp_data_0_V_15163, %branch597 ], [ %tmp_data_0_V_15163, %branch596 ], [ %tmp_data_0_V_15163, %branch595 ], [ %tmp_data_0_V_15163, %branch594 ], [ %tmp_data_0_V_15163, %branch593 ], [ %tmp_data_0_V_15163, %branch592 ], [ %tmp_data_0_V_15163, %branch591 ], [ %tmp_data_0_V_15163, %branch590 ], [ %tmp_data_0_V_15163, %branch589 ], [ %tmp_data_0_V_15163, %branch588 ], [ %tmp_data_0_V_15163, %branch587 ], [ %tmp_data_0_V_15163, %branch586 ], [ %tmp_data_0_V_15163, %branch585 ], [ %tmp_data_0_V_15163, %branch584 ], [ %tmp_data_0_V_15163, %branch583 ], [ %tmp_data_0_V_15163, %branch582 ], [ %tmp_data_0_V_15163, %branch581 ], [ %tmp_data_0_V_15163, %branch580 ], [ %tmp_data_0_V_15163, %branch579 ], [ %tmp_data_0_V_15163, %branch578 ], [ %tmp_data_0_V_15163, %branch577 ], [ %tmp_data_0_V_15163, %branch576 ], [ %tmp_data_0_V_15163, %branch575 ], [ %tmp_data_0_V_15163, %branch574 ], [ %tmp_data_0_V_15163, %branch573 ], [ %tmp_data_0_V_15163, %branch572 ], [ %tmp_data_0_V_15163, %branch571 ], [ %tmp_data_0_V_15163, %branch570 ], [ %tmp_data_0_V_15163, %branch569 ], [ %tmp_data_0_V_15163, %branch568 ], [ %acc_0_V, %aesl_mux_load.27i8P.i5.exit ]"   --->   Operation 454 'phi' 'tmp_data_0_V' <Predicate = true> <Delay = 0.00>
ST_14 : Operation 455 [1/1] (0.00ns)   --->   "%empty_334 = call i32 (...)* @_ssdm_op_SpecRegionEnd([10 x i8]* @p_str34, i32 %tmp_9)" [firmware/nnet_utils/nnet_dense_resource.h:152->firmware/nnet_utils/nnet_dense_resource.h:255->firmware/nnet_utils/nnet_conv_stream.h:297->firmware/nnet_utils/nnet_conv2d_stream.h:87->firmware/nnet_utils/nnet_conv2d_stream.h:103]   --->   Operation 455 'specregionend' 'empty_334' <Predicate = true> <Delay = 0.00>
ST_14 : Operation 456 [1/1] (0.00ns)   --->   "%empty_335 = call i32 (...)* @_ssdm_op_SpecLoopTripCount(i64 864, i64 864, i64 864)"   --->   Operation 456 'speclooptripcount' 'empty_335' <Predicate = true> <Delay = 0.00>

State 15 <SV = 11> <Delay = 5.01>
ST_15 : Operation 457 [1/1] (3.63ns)   --->   "call void @_ssdm_op_Write.ap_fifo.volatile.i14P.i14P.i14P.i14P.i14P.i14P.i14P.i14P.i14P.i14P.i14P.i14P.i14P.i14P.i14P.i14P.i14P.i14P.i14P.i14P.i14P.i14P.i14P.i14P.i14P.i14P.i14P.i14P.i14P.i14P.i14P.i14P(i14* %res_V_data_0_V, i14* %res_V_data_1_V, i14* %res_V_data_2_V, i14* %res_V_data_3_V, i14* %res_V_data_4_V, i14* %res_V_data_5_V, i14* %res_V_data_6_V, i14* %res_V_data_7_V, i14* %res_V_data_8_V, i14* %res_V_data_9_V, i14* %res_V_data_10_V, i14* %res_V_data_11_V, i14* %res_V_data_12_V, i14* %res_V_data_13_V, i14* %res_V_data_14_V, i14* %res_V_data_15_V, i14* %res_V_data_16_V, i14* %res_V_data_17_V, i14* %res_V_data_18_V, i14* %res_V_data_19_V, i14* %res_V_data_20_V, i14* %res_V_data_21_V, i14* %res_V_data_22_V, i14* %res_V_data_23_V, i14* %res_V_data_24_V, i14* %res_V_data_25_V, i14* %res_V_data_26_V, i14* %res_V_data_27_V, i14* %res_V_data_28_V, i14* %res_V_data_29_V, i14* %res_V_data_30_V, i14* %res_V_data_31_V, i14 %tmp_data_0_V, i14 %tmp_data_1_V, i14 %tmp_data_2_V, i14 %tmp_data_3_V, i14 %tmp_data_4_V, i14 %tmp_data_5_V, i14 %tmp_data_6_V, i14 %tmp_data_7_V, i14 %tmp_data_8_V, i14 %tmp_data_9_V, i14 %tmp_data_10_V, i14 %tmp_data_11_V, i14 %tmp_data_12_V, i14 %tmp_data_13_V, i14 %tmp_data_14_V, i14 %tmp_data_15_V, i14 %tmp_data_16_V, i14 %tmp_data_17_V, i14 %tmp_data_18_V, i14 %tmp_data_19_V, i14 %tmp_data_20_V, i14 %tmp_data_21_V, i14 %tmp_data_22_V, i14 %tmp_data_23_V, i14 %tmp_data_24_V, i14 %tmp_data_25_V, i14 %tmp_data_26_V, i14 %tmp_data_27_V, i14 %tmp_data_28_V, i14 %tmp_data_29_V, i14 %tmp_data_30_V, i14 %tmp_data_31_V)" [firmware/nnet_utils/nnet_conv_stream.h:309->firmware/nnet_utils/nnet_conv2d_stream.h:87->firmware/nnet_utils/nnet_conv2d_stream.h:103]   --->   Operation 457 'write' <Predicate = (and_ln289_2)> <Delay = 3.63> <Core = "FIFO">   --->   Core 32 'FIFO' <Latency = 0> <II = 1> <Delay = 3.63> <Storage> <Opcode : 'read' 'write' 'nbread' 'nbwrite'> <Ports = 0> <Width = 14> <Depth = 1> <FIFO>
ST_15 : Operation 458 [1/1] (0.00ns)   --->   "%empty_336 = call i32 (...)* @_ssdm_op_SpecRegionEnd([12 x i8]* @p_str64, i32 %tmp_8)" [firmware/nnet_utils/nnet_conv_stream.h:310->firmware/nnet_utils/nnet_conv2d_stream.h:87->firmware/nnet_utils/nnet_conv2d_stream.h:103]   --->   Operation 458 'specregionend' 'empty_336' <Predicate = (and_ln289_2)> <Delay = 0.00>
ST_15 : Operation 459 [1/1] (0.00ns)   --->   "br label %._crit_edge22.i.i" [firmware/nnet_utils/nnet_conv_stream.h:310->firmware/nnet_utils/nnet_conv2d_stream.h:87->firmware/nnet_utils/nnet_conv2d_stream.h:103]   --->   Operation 459 'br' <Predicate = (and_ln289_2)> <Delay = 0.00>
ST_15 : Operation 460 [1/1] (2.47ns)   --->   "%icmp_ln313 = icmp eq i32 %pX_load, 31" [firmware/nnet_utils/nnet_conv_stream.h:313->firmware/nnet_utils/nnet_conv2d_stream.h:87->firmware/nnet_utils/nnet_conv2d_stream.h:103]   --->   Operation 460 'icmp' 'icmp_ln313' <Predicate = true> <Delay = 2.47> <Core = "Cmp">   --->   Core 25 'Cmp' <Latency = 0> <II = 1> <Delay = 1.77> <FuncUnit> <Opcode : 'icmp'> <InPorts = 2> <OutPorts = 1>
ST_15 : Operation 461 [1/1] (0.00ns)   --->   "br i1 %icmp_ln313, label %20, label %24" [firmware/nnet_utils/nnet_conv_stream.h:313->firmware/nnet_utils/nnet_conv2d_stream.h:87->firmware/nnet_utils/nnet_conv2d_stream.h:103]   --->   Operation 461 'br' <Predicate = true> <Delay = 0.00>
ST_15 : Operation 462 [1/1] (2.55ns)   --->   "%add_ln326 = add nsw i32 %pX_load, 1" [firmware/nnet_utils/nnet_conv_stream.h:326->firmware/nnet_utils/nnet_conv2d_stream.h:87->firmware/nnet_utils/nnet_conv2d_stream.h:103]   --->   Operation 462 'add' 'add_ln326' <Predicate = (!icmp_ln313)> <Delay = 2.55> <Core = "AddSub">   --->   Core 14 'AddSub' <Latency = 0> <II = 1> <Delay = 2.55> <FuncUnit> <Opcode : 'add' 'sub'> <InPorts = 2> <OutPorts = 1>
ST_15 : Operation 463 [1/1] (1.76ns)   --->   "store i32 %add_ln326, i32* @pX, align 4" [firmware/nnet_utils/nnet_conv_stream.h:326->firmware/nnet_utils/nnet_conv2d_stream.h:87->firmware/nnet_utils/nnet_conv2d_stream.h:103]   --->   Operation 463 'store' <Predicate = (!icmp_ln313)> <Delay = 1.76>
ST_15 : Operation 464 [1/1] (2.55ns)   --->   "%add_ln328 = add i32 %sX_load, 1" [firmware/nnet_utils/nnet_conv_stream.h:328->firmware/nnet_utils/nnet_conv2d_stream.h:87->firmware/nnet_utils/nnet_conv2d_stream.h:103]   --->   Operation 464 'add' 'add_ln328' <Predicate = (!icmp_ln313 & !icmp_ln289)> <Delay = 2.55> <Core = "AddSub">   --->   Core 14 'AddSub' <Latency = 0> <II = 1> <Delay = 2.55> <FuncUnit> <Opcode : 'add' 'sub'> <InPorts = 2> <OutPorts = 1>
ST_15 : Operation 465 [1/1] (0.69ns)   --->   "%select_ln328 = select i1 %icmp_ln289, i32 -1, i32 %add_ln328" [firmware/nnet_utils/nnet_conv_stream.h:328->firmware/nnet_utils/nnet_conv2d_stream.h:87->firmware/nnet_utils/nnet_conv2d_stream.h:103]   --->   Operation 465 'select' 'select_ln328' <Predicate = (!icmp_ln313)> <Delay = 0.69> <Core = "Sel">   --->   Core 26 'Sel' <Latency = 0> <II = 1> <Delay = 0.69> <FuncUnit> <Opcode : 'select'> <InPorts = 3> <OutPorts = 1>
ST_15 : Operation 466 [1/1] (1.76ns)   --->   "store i32 %select_ln328, i32* @sX, align 4" [firmware/nnet_utils/nnet_conv_stream.h:328->firmware/nnet_utils/nnet_conv2d_stream.h:87->firmware/nnet_utils/nnet_conv2d_stream.h:103]   --->   Operation 466 'store' <Predicate = (!icmp_ln313)> <Delay = 1.76>
ST_15 : Operation 467 [1/1] (0.00ns)   --->   "br label %ReadInputWidth_end"   --->   Operation 467 'br' <Predicate = (!icmp_ln313)> <Delay = 0.00>
ST_15 : Operation 468 [1/1] (1.76ns)   --->   "store i32 0, i32* @pX, align 4" [firmware/nnet_utils/nnet_conv_stream.h:315->firmware/nnet_utils/nnet_conv2d_stream.h:87->firmware/nnet_utils/nnet_conv2d_stream.h:103]   --->   Operation 468 'store' <Predicate = (icmp_ln313)> <Delay = 1.76>
ST_15 : Operation 469 [1/1] (1.76ns)   --->   "store i32 0, i32* @sX, align 4" [firmware/nnet_utils/nnet_conv_stream.h:316->firmware/nnet_utils/nnet_conv2d_stream.h:87->firmware/nnet_utils/nnet_conv2d_stream.h:103]   --->   Operation 469 'store' <Predicate = (icmp_ln313)> <Delay = 1.76>
ST_15 : Operation 470 [1/1] (2.47ns)   --->   "%icmp_ln317 = icmp eq i32 %pY_load, 31" [firmware/nnet_utils/nnet_conv_stream.h:317->firmware/nnet_utils/nnet_conv2d_stream.h:87->firmware/nnet_utils/nnet_conv2d_stream.h:103]   --->   Operation 470 'icmp' 'icmp_ln317' <Predicate = (icmp_ln313)> <Delay = 2.47> <Core = "Cmp">   --->   Core 25 'Cmp' <Latency = 0> <II = 1> <Delay = 1.77> <FuncUnit> <Opcode : 'icmp'> <InPorts = 2> <OutPorts = 1>
ST_15 : Operation 471 [1/1] (0.00ns)   --->   "br i1 %icmp_ln317, label %21, label %22" [firmware/nnet_utils/nnet_conv_stream.h:317->firmware/nnet_utils/nnet_conv2d_stream.h:87->firmware/nnet_utils/nnet_conv2d_stream.h:103]   --->   Operation 471 'br' <Predicate = (icmp_ln313)> <Delay = 0.00>
ST_15 : Operation 472 [1/1] (2.55ns)   --->   "%add_ln321 = add nsw i32 %pY_load, 1" [firmware/nnet_utils/nnet_conv_stream.h:321->firmware/nnet_utils/nnet_conv2d_stream.h:87->firmware/nnet_utils/nnet_conv2d_stream.h:103]   --->   Operation 472 'add' 'add_ln321' <Predicate = (icmp_ln313 & !icmp_ln317)> <Delay = 2.55> <Core = "AddSub">   --->   Core 14 'AddSub' <Latency = 0> <II = 1> <Delay = 2.55> <FuncUnit> <Opcode : 'add' 'sub'> <InPorts = 2> <OutPorts = 1>
ST_15 : Operation 473 [1/1] (1.76ns)   --->   "store i32 %add_ln321, i32* @pY, align 4" [firmware/nnet_utils/nnet_conv_stream.h:321->firmware/nnet_utils/nnet_conv2d_stream.h:87->firmware/nnet_utils/nnet_conv2d_stream.h:103]   --->   Operation 473 'store' <Predicate = (icmp_ln313 & !icmp_ln317)> <Delay = 1.76>
ST_15 : Operation 474 [1/1] (2.55ns)   --->   "%add_ln323 = add i32 %sY_load, 1" [firmware/nnet_utils/nnet_conv_stream.h:323->firmware/nnet_utils/nnet_conv2d_stream.h:87->firmware/nnet_utils/nnet_conv2d_stream.h:103]   --->   Operation 474 'add' 'add_ln323' <Predicate = (icmp_ln313 & !icmp_ln317 & !icmp_ln289_1)> <Delay = 2.55> <Core = "AddSub">   --->   Core 14 'AddSub' <Latency = 0> <II = 1> <Delay = 2.55> <FuncUnit> <Opcode : 'add' 'sub'> <InPorts = 2> <OutPorts = 1>
ST_15 : Operation 475 [1/1] (0.69ns)   --->   "%select_ln323 = select i1 %icmp_ln289_1, i32 -1, i32 %add_ln323" [firmware/nnet_utils/nnet_conv_stream.h:323->firmware/nnet_utils/nnet_conv2d_stream.h:87->firmware/nnet_utils/nnet_conv2d_stream.h:103]   --->   Operation 475 'select' 'select_ln323' <Predicate = (icmp_ln313 & !icmp_ln317)> <Delay = 0.69> <Core = "Sel">   --->   Core 26 'Sel' <Latency = 0> <II = 1> <Delay = 0.69> <FuncUnit> <Opcode : 'select'> <InPorts = 3> <OutPorts = 1>
ST_15 : Operation 476 [1/1] (1.76ns)   --->   "br label %23"   --->   Operation 476 'br' <Predicate = (icmp_ln313 & !icmp_ln317)> <Delay = 1.76>
ST_15 : Operation 477 [1/1] (1.76ns)   --->   "store i32 0, i32* @pY, align 4" [firmware/nnet_utils/nnet_conv_stream.h:318->firmware/nnet_utils/nnet_conv2d_stream.h:87->firmware/nnet_utils/nnet_conv2d_stream.h:103]   --->   Operation 477 'store' <Predicate = (icmp_ln313 & icmp_ln317)> <Delay = 1.76>
ST_15 : Operation 478 [1/1] (1.76ns)   --->   "br label %23" [firmware/nnet_utils/nnet_conv_stream.h:320->firmware/nnet_utils/nnet_conv2d_stream.h:87->firmware/nnet_utils/nnet_conv2d_stream.h:103]   --->   Operation 478 'br' <Predicate = (icmp_ln313 & icmp_ln317)> <Delay = 1.76>
ST_15 : Operation 479 [1/1] (0.00ns)   --->   "%storemerge_i_i = phi i32 [ %select_ln323, %22 ], [ 0, %21 ]" [firmware/nnet_utils/nnet_conv_stream.h:323->firmware/nnet_utils/nnet_conv2d_stream.h:87->firmware/nnet_utils/nnet_conv2d_stream.h:103]   --->   Operation 479 'phi' 'storemerge_i_i' <Predicate = (icmp_ln313)> <Delay = 0.00>
ST_15 : Operation 480 [1/1] (0.00ns)   --->   "store i32 %storemerge_i_i, i32* @sY, align 4" [firmware/nnet_utils/nnet_conv_stream.h:319->firmware/nnet_utils/nnet_conv2d_stream.h:87->firmware/nnet_utils/nnet_conv2d_stream.h:103]   --->   Operation 480 'store' <Predicate = (icmp_ln313)> <Delay = 0.00>
ST_15 : Operation 481 [1/1] (0.00ns)   --->   "br label %ReadInputWidth_end" [firmware/nnet_utils/nnet_conv_stream.h:325->firmware/nnet_utils/nnet_conv2d_stream.h:87->firmware/nnet_utils/nnet_conv2d_stream.h:103]   --->   Operation 481 'br' <Predicate = (icmp_ln313)> <Delay = 0.00>
ST_15 : Operation 482 [1/1] (0.00ns)   --->   "%empty_337 = call i32 (...)* @_ssdm_op_SpecRegionEnd([15 x i8]* @p_str40, i32 %tmp_s)" [firmware/nnet_utils/nnet_conv2d_stream.h:91->firmware/nnet_utils/nnet_conv2d_stream.h:103]   --->   Operation 482 'specregionend' 'empty_337' <Predicate = true> <Delay = 0.00>
ST_15 : Operation 483 [1/1] (1.77ns)   --->   "%icmp_ln79 = icmp eq i10 %indvar_flatten166, -1" [firmware/nnet_utils/nnet_conv2d_stream.h:79->firmware/nnet_utils/nnet_conv2d_stream.h:103]   --->   Operation 483 'icmp' 'icmp_ln79' <Predicate = true> <Delay = 1.77> <Core = "Cmp">   --->   Core 25 'Cmp' <Latency = 0> <II = 1> <Delay = 1.77> <FuncUnit> <Opcode : 'icmp'> <InPorts = 2> <OutPorts = 1>
ST_15 : Operation 484 [1/1] (0.00ns)   --->   "br i1 %icmp_ln79, label %"conv_2d_buffer_cl<array<ap_ufixed<8, 0, 5, 3, 0>, 3u>, array<ap_fixed<14, 8, 5, 3, 0>, 32u>, config2>.exit", label %ReadInputWidth_begin" [firmware/nnet_utils/nnet_conv2d_stream.h:79->firmware/nnet_utils/nnet_conv2d_stream.h:103]   --->   Operation 484 'br' <Predicate = true> <Delay = 0.00>
ST_15 : Operation 485 [1/1] (0.00ns)   --->   "ret void" [firmware/nnet_utils/nnet_conv2d_stream.h:109]   --->   Operation 485 'ret' <Predicate = (icmp_ln79)> <Delay = 0.00>


============================================================
+ Verbose Summary: Timing violations
============================================================
Target clock period: 10ns, clock uncertainty: 1.25ns.

 <State 1>: 1.77ns
The critical path consists of the following:
	multiplexor before 'phi' operation ('indvar_flatten166', firmware/nnet_utils/nnet_conv2d_stream.h:79->firmware/nnet_utils/nnet_conv2d_stream.h:103) with incoming values : ('add_ln79', firmware/nnet_utils/nnet_conv2d_stream.h:79->firmware/nnet_utils/nnet_conv2d_stream.h:103) [116]  (1.77 ns)

 <State 2>: 3.63ns
The critical path consists of the following:
	fifo read on port 'data_V_data_0_V' (firmware/nnet_utils/nnet_conv2d_stream.h:87->firmware/nnet_utils/nnet_conv2d_stream.h:103) [121]  (3.63 ns)

 <State 3>: 3.4ns
The critical path consists of the following:
	'phi' operation ('i_ic') with incoming values : ('i_ic', firmware/nnet_utils/nnet_conv_stream.h:241->firmware/nnet_utils/nnet_conv_stream.h:286->firmware/nnet_utils/nnet_conv2d_stream.h:87->firmware/nnet_utils/nnet_conv2d_stream.h:103) [128]  (0 ns)
	'mux' operation ('DataIn.V', firmware/nnet_utils/nnet_conv_stream.h:246->firmware/nnet_utils/nnet_conv_stream.h:286->firmware/nnet_utils/nnet_conv2d_stream.h:87->firmware/nnet_utils/nnet_conv2d_stream.h:103) [135]  (1.77 ns)
	'memshiftread' operation ('DataOut.V', firmware/nnet_utils/nnet_conv_stream.h:246->firmware/nnet_utils/nnet_conv_stream.h:286->firmware/nnet_utils/nnet_conv2d_stream.h:87->firmware/nnet_utils/nnet_conv2d_stream.h:103) [138]  (1.63 ns)

 <State 4>: 1.81ns
The critical path consists of the following:
	multiplexor before 'phi' operation ('DataOut.V') with incoming values : ('DataOut.V', firmware/nnet_utils/nnet_conv_stream.h:246->firmware/nnet_utils/nnet_conv_stream.h:286->firmware/nnet_utils/nnet_conv2d_stream.h:87->firmware/nnet_utils/nnet_conv2d_stream.h:103) [170]  (1.81 ns)

 <State 5>: 1.13ns
The critical path consists of the following:

 <State 6>: 4.15ns
The critical path consists of the following:
	'phi' operation ('i_iw') with incoming values : ('i_iw', firmware/nnet_utils/nnet_conv_stream.h:194->firmware/nnet_utils/nnet_conv_stream.h:252->firmware/nnet_utils/nnet_conv_stream.h:286->firmware/nnet_utils/nnet_conv2d_stream.h:87->firmware/nnet_utils/nnet_conv2d_stream.h:103) [193]  (0 ns)
	'icmp' operation ('icmp_ln356', firmware/nnet_utils/nnet_conv_stream.h:201->firmware/nnet_utils/nnet_conv_stream.h:252->firmware/nnet_utils/nnet_conv_stream.h:286->firmware/nnet_utils/nnet_conv2d_stream.h:87->firmware/nnet_utils/nnet_conv2d_stream.h:103) [208]  (1.13 ns)
	'select' operation ('select_ln356', firmware/nnet_utils/nnet_conv_stream.h:201->firmware/nnet_utils/nnet_conv_stream.h:252->firmware/nnet_utils/nnet_conv_stream.h:286->firmware/nnet_utils/nnet_conv2d_stream.h:87->firmware/nnet_utils/nnet_conv2d_stream.h:103) [211]  (1.25 ns)
	'store' operation ('store_ln201', firmware/nnet_utils/nnet_conv_stream.h:201->firmware/nnet_utils/nnet_conv_stream.h:252->firmware/nnet_utils/nnet_conv_stream.h:286->firmware/nnet_utils/nnet_conv2d_stream.h:87->firmware/nnet_utils/nnet_conv2d_stream.h:103) of variable 'select_ln356', firmware/nnet_utils/nnet_conv_stream.h:201->firmware/nnet_utils/nnet_conv_stream.h:252->firmware/nnet_utils/nnet_conv_stream.h:286->firmware/nnet_utils/nnet_conv2d_stream.h:87->firmware/nnet_utils/nnet_conv2d_stream.h:103 on static variable 'kernel_data_V_2_6' [214]  (1.77 ns)

 <State 7>: 1.25ns
The critical path consists of the following:
	'load' operation ('kernel_data_V_2_21_load', firmware/nnet_utils/nnet_conv_stream.h:201->firmware/nnet_utils/nnet_conv_stream.h:252->firmware/nnet_utils/nnet_conv_stream.h:286->firmware/nnet_utils/nnet_conv2d_stream.h:87->firmware/nnet_utils/nnet_conv2d_stream.h:103) on static variable 'kernel_data_V_2_21' [276]  (0 ns)
	'select' operation ('select_ln356_6', firmware/nnet_utils/nnet_conv_stream.h:201->firmware/nnet_utils/nnet_conv_stream.h:252->firmware/nnet_utils/nnet_conv_stream.h:286->firmware/nnet_utils/nnet_conv2d_stream.h:87->firmware/nnet_utils/nnet_conv2d_stream.h:103) [278]  (1.25 ns)
	'store' operation ('store_ln201', firmware/nnet_utils/nnet_conv_stream.h:201->firmware/nnet_utils/nnet_conv_stream.h:252->firmware/nnet_utils/nnet_conv_stream.h:286->firmware/nnet_utils/nnet_conv2d_stream.h:87->firmware/nnet_utils/nnet_conv2d_stream.h:103) of variable 'select_ln356_6', firmware/nnet_utils/nnet_conv_stream.h:201->firmware/nnet_utils/nnet_conv_stream.h:252->firmware/nnet_utils/nnet_conv_stream.h:286->firmware/nnet_utils/nnet_conv2d_stream.h:87->firmware/nnet_utils/nnet_conv2d_stream.h:103 on static variable 'kernel_data_V_2_21' [281]  (0 ns)

 <State 8>: 1.77ns
The critical path consists of the following:
	multiplexor before 'phi' operation ('i_ic2_0_i_i_i_i_0', firmware/nnet_utils/nnet_conv_stream.h:213->firmware/nnet_utils/nnet_conv_stream.h:252->firmware/nnet_utils/nnet_conv_stream.h:286->firmware/nnet_utils/nnet_conv2d_stream.h:87->firmware/nnet_utils/nnet_conv2d_stream.h:103) with incoming values : ('add_ln213', firmware/nnet_utils/nnet_conv_stream.h:213->firmware/nnet_utils/nnet_conv_stream.h:252->firmware/nnet_utils/nnet_conv_stream.h:286->firmware/nnet_utils/nnet_conv2d_stream.h:87->firmware/nnet_utils/nnet_conv2d_stream.h:103) [313]  (1.77 ns)

 <State 9>: 3.54ns
The critical path consists of the following:
	'phi' operation ('i_ic2_0_i_i_i_i_0', firmware/nnet_utils/nnet_conv_stream.h:213->firmware/nnet_utils/nnet_conv_stream.h:252->firmware/nnet_utils/nnet_conv_stream.h:286->firmware/nnet_utils/nnet_conv2d_stream.h:87->firmware/nnet_utils/nnet_conv2d_stream.h:103) with incoming values : ('add_ln213', firmware/nnet_utils/nnet_conv_stream.h:213->firmware/nnet_utils/nnet_conv_stream.h:252->firmware/nnet_utils/nnet_conv_stream.h:286->firmware/nnet_utils/nnet_conv2d_stream.h:87->firmware/nnet_utils/nnet_conv2d_stream.h:103) [313]  (0 ns)
	'mux' operation ('tmp_4', firmware/nnet_utils/nnet_conv_stream.h:214->firmware/nnet_utils/nnet_conv_stream.h:252->firmware/nnet_utils/nnet_conv_stream.h:286->firmware/nnet_utils/nnet_conv2d_stream.h:87->firmware/nnet_utils/nnet_conv2d_stream.h:103) [323]  (1.77 ns)
	'store' operation ('store_ln214', firmware/nnet_utils/nnet_conv_stream.h:214->firmware/nnet_utils/nnet_conv_stream.h:252->firmware/nnet_utils/nnet_conv_stream.h:286->firmware/nnet_utils/nnet_conv2d_stream.h:87->firmware/nnet_utils/nnet_conv2d_stream.h:103) of variable 'tmp_4', firmware/nnet_utils/nnet_conv_stream.h:214->firmware/nnet_utils/nnet_conv_stream.h:252->firmware/nnet_utils/nnet_conv_stream.h:286->firmware/nnet_utils/nnet_conv2d_stream.h:87->firmware/nnet_utils/nnet_conv2d_stream.h:103 on static variable 'kernel_data_V_2_6' [329]  (1.77 ns)

 <State 10>: 1.94ns
The critical path consists of the following:
	'icmp' operation ('icmp_ln213_1', firmware/nnet_utils/nnet_conv_stream.h:213->firmware/nnet_utils/nnet_conv_stream.h:252->firmware/nnet_utils/nnet_conv_stream.h:286->firmware/nnet_utils/nnet_conv2d_stream.h:87->firmware/nnet_utils/nnet_conv2d_stream.h:103) [342]  (0.959 ns)
	blocking operation 0.978 ns on control path)

 <State 11>: 5.41ns
The critical path consists of the following:
	'phi' operation ('i_ic2_0_i_i_i_i_2', firmware/nnet_utils/nnet_conv_stream.h:213->firmware/nnet_utils/nnet_conv_stream.h:252->firmware/nnet_utils/nnet_conv_stream.h:286->firmware/nnet_utils/nnet_conv2d_stream.h:87->firmware/nnet_utils/nnet_conv2d_stream.h:103) with incoming values : ('add_ln213_2', firmware/nnet_utils/nnet_conv_stream.h:213->firmware/nnet_utils/nnet_conv_stream.h:252->firmware/nnet_utils/nnet_conv_stream.h:286->firmware/nnet_utils/nnet_conv2d_stream.h:87->firmware/nnet_utils/nnet_conv2d_stream.h:103) [369]  (0 ns)
	'mux' operation ('tmp_7', firmware/nnet_utils/nnet_conv_stream.h:214->firmware/nnet_utils/nnet_conv_stream.h:252->firmware/nnet_utils/nnet_conv_stream.h:286->firmware/nnet_utils/nnet_conv2d_stream.h:87->firmware/nnet_utils/nnet_conv2d_stream.h:103) [376]  (1.77 ns)
	'store' operation ('store_ln214', firmware/nnet_utils/nnet_conv_stream.h:214->firmware/nnet_utils/nnet_conv_stream.h:252->firmware/nnet_utils/nnet_conv_stream.h:286->firmware/nnet_utils/nnet_conv2d_stream.h:87->firmware/nnet_utils/nnet_conv2d_stream.h:103) of variable 'tmp_7', firmware/nnet_utils/nnet_conv_stream.h:214->firmware/nnet_utils/nnet_conv_stream.h:252->firmware/nnet_utils/nnet_conv_stream.h:286->firmware/nnet_utils/nnet_conv2d_stream.h:87->firmware/nnet_utils/nnet_conv2d_stream.h:103 on static variable 'kernel_data_V_2_24' [382]  (1.77 ns)
	blocking operation 1.86 ns on control path)

 <State 12>: 3.25ns
The critical path consists of the following:
	'phi' operation ('ir') with incoming values : ('ir', firmware/nnet_utils/nnet_dense_resource.h:129->firmware/nnet_utils/nnet_dense_resource.h:255->firmware/nnet_utils/nnet_conv_stream.h:297->firmware/nnet_utils/nnet_conv2d_stream.h:87->firmware/nnet_utils/nnet_conv2d_stream.h:103) [409]  (0 ns)
	'getelementptr' operation ('w2_V_addr', firmware/nnet_utils/nnet_dense_resource.h:139->firmware/nnet_utils/nnet_dense_resource.h:255->firmware/nnet_utils/nnet_conv_stream.h:297->firmware/nnet_utils/nnet_conv2d_stream.h:87->firmware/nnet_utils/nnet_conv2d_stream.h:103) [535]  (0 ns)
	'load' operation ('w2_V_load', firmware/nnet_utils/nnet_dense_resource.h:139->firmware/nnet_utils/nnet_dense_resource.h:255->firmware/nnet_utils/nnet_conv_stream.h:297->firmware/nnet_utils/nnet_conv2d_stream.h:87->firmware/nnet_utils/nnet_conv2d_stream.h:103) on array 'w2_V' [536]  (3.25 ns)

 <State 13>: 5.72ns
The critical path consists of the following:
	'phi' operation ('in_index_0_i_i_i_i164', firmware/nnet_utils/nnet_dense_resource.h:148->firmware/nnet_utils/nnet_dense_resource.h:255->firmware/nnet_utils/nnet_conv_stream.h:297->firmware/nnet_utils/nnet_conv2d_stream.h:87->firmware/nnet_utils/nnet_conv2d_stream.h:103) with incoming values : ('select_ln148', firmware/nnet_utils/nnet_dense_resource.h:148->firmware/nnet_utils/nnet_dense_resource.h:255->firmware/nnet_utils/nnet_conv_stream.h:297->firmware/nnet_utils/nnet_conv2d_stream.h:87->firmware/nnet_utils/nnet_conv2d_stream.h:103) [410]  (0 ns)
	'add' operation ('in_index', firmware/nnet_utils/nnet_dense_resource.h:147->firmware/nnet_utils/nnet_dense_resource.h:255->firmware/nnet_utils/nnet_conv_stream.h:297->firmware/nnet_utils/nnet_conv2d_stream.h:87->firmware/nnet_utils/nnet_conv2d_stream.h:103) [640]  (2.55 ns)
	'icmp' operation ('icmp_ln148', firmware/nnet_utils/nnet_dense_resource.h:148->firmware/nnet_utils/nnet_dense_resource.h:255->firmware/nnet_utils/nnet_conv_stream.h:297->firmware/nnet_utils/nnet_conv2d_stream.h:87->firmware/nnet_utils/nnet_conv2d_stream.h:103) [641]  (2.47 ns)
	'select' operation ('select_ln148', firmware/nnet_utils/nnet_dense_resource.h:148->firmware/nnet_utils/nnet_dense_resource.h:255->firmware/nnet_utils/nnet_conv_stream.h:297->firmware/nnet_utils/nnet_conv2d_stream.h:87->firmware/nnet_utils/nnet_conv2d_stream.h:103) [642]  (0.698 ns)

 <State 14>: 7.75ns
The critical path consists of the following:
	'phi' operation ('UnifiedRetVal_i_i', aesl_mux_load.27i8P.i5:1->firmware/nnet_utils/nnet_dense_resource.h:139->firmware/nnet_utils/nnet_dense_resource.h:255->firmware/nnet_utils/nnet_conv_stream.h:297->firmware/nnet_utils/nnet_conv2d_stream.h:87->firmware/nnet_utils/nnet_conv2d_stream.h:103) with incoming values : ('kernel_data_V_2_25_load_1', aesl_mux_load.27i8P.i5:51->firmware/nnet_utils/nnet_dense_resource.h:139->firmware/nnet_utils/nnet_dense_resource.h:255->firmware/nnet_utils/nnet_conv_stream.h:297->firmware/nnet_utils/nnet_conv2d_stream.h:87->firmware/nnet_utils/nnet_conv2d_stream.h:103) ('kernel_data_V_2_24_load_1', aesl_mux_load.27i8P.i5:49->firmware/nnet_utils/nnet_dense_resource.h:139->firmware/nnet_utils/nnet_dense_resource.h:255->firmware/nnet_utils/nnet_conv_stream.h:297->firmware/nnet_utils/nnet_conv2d_stream.h:87->firmware/nnet_utils/nnet_conv2d_stream.h:103) ('kernel_data_V_2_23_load_1', aesl_mux_load.27i8P.i5:47->firmware/nnet_utils/nnet_dense_resource.h:139->firmware/nnet_utils/nnet_dense_resource.h:255->firmware/nnet_utils/nnet_conv_stream.h:297->firmware/nnet_utils/nnet_conv2d_stream.h:87->firmware/nnet_utils/nnet_conv2d_stream.h:103) ('kernel_data_V_2_22_load_1', aesl_mux_load.27i8P.i5:45->firmware/nnet_utils/nnet_dense_resource.h:139->firmware/nnet_utils/nnet_dense_resource.h:255->firmware/nnet_utils/nnet_conv_stream.h:297->firmware/nnet_utils/nnet_conv2d_stream.h:87->firmware/nnet_utils/nnet_conv2d_stream.h:103) ('kernel_data_V_2_21_load_1', aesl_mux_load.27i8P.i5:43->firmware/nnet_utils/nnet_dense_resource.h:139->firmware/nnet_utils/nnet_dense_resource.h:255->firmware/nnet_utils/nnet_conv_stream.h:297->firmware/nnet_utils/nnet_conv2d_stream.h:87->firmware/nnet_utils/nnet_conv2d_stream.h:103) ('kernel_data_V_2_20_load', aesl_mux_load.27i8P.i5:41->firmware/nnet_utils/nnet_dense_resource.h:139->firmware/nnet_utils/nnet_dense_resource.h:255->firmware/nnet_utils/nnet_conv_stream.h:297->firmware/nnet_utils/nnet_conv2d_stream.h:87->firmware/nnet_utils/nnet_conv2d_stream.h:103) ('kernel_data_V_2_19_load', aesl_mux_load.27i8P.i5:39->firmware/nnet_utils/nnet_dense_resource.h:139->firmware/nnet_utils/nnet_dense_resource.h:255->firmware/nnet_utils/nnet_conv_stream.h:297->firmware/nnet_utils/nnet_conv2d_stream.h:87->firmware/nnet_utils/nnet_conv2d_stream.h:103) ('kernel_data_V_2_18_load', aesl_mux_load.27i8P.i5:37->firmware/nnet_utils/nnet_dense_resource.h:139->firmware/nnet_utils/nnet_dense_resource.h:255->firmware/nnet_utils/nnet_conv_stream.h:297->firmware/nnet_utils/nnet_conv2d_stream.h:87->firmware/nnet_utils/nnet_conv2d_stream.h:103) ('kernel_data_V_2_17_load_1', aesl_mux_load.27i8P.i5:35->firmware/nnet_utils/nnet_dense_resource.h:139->firmware/nnet_utils/nnet_dense_resource.h:255->firmware/nnet_utils/nnet_conv_stream.h:297->firmware/nnet_utils/nnet_conv2d_stream.h:87->firmware/nnet_utils/nnet_conv2d_stream.h:103) ('kernel_data_V_2_16_load_1', aesl_mux_load.27i8P.i5:33->firmware/nnet_utils/nnet_dense_resource.h:139->firmware/nnet_utils/nnet_dense_resource.h:255->firmware/nnet_utils/nnet_conv_stream.h:297->firmware/nnet_utils/nnet_conv2d_stream.h:87->firmware/nnet_utils/nnet_conv2d_stream.h:103) ('kernel_data_V_2_15_load_1', aesl_mux_load.27i8P.i5:31->firmware/nnet_utils/nnet_dense_resource.h:139->firmware/nnet_utils/nnet_dense_resource.h:255->firmware/nnet_utils/nnet_conv_stream.h:297->firmware/nnet_utils/nnet_conv2d_stream.h:87->firmware/nnet_utils/nnet_conv2d_stream.h:103) ('kernel_data_V_2_14_load_1', aesl_mux_load.27i8P.i5:29->firmware/nnet_utils/nnet_dense_resource.h:139->firmware/nnet_utils/nnet_dense_resource.h:255->firmware/nnet_utils/nnet_conv_stream.h:297->firmware/nnet_utils/nnet_conv2d_stream.h:87->firmware/nnet_utils/nnet_conv2d_stream.h:103) ('kernel_data_V_2_13_load_1', aesl_mux_load.27i8P.i5:27->firmware/nnet_utils/nnet_dense_resource.h:139->firmware/nnet_utils/nnet_dense_resource.h:255->firmware/nnet_utils/nnet_conv_stream.h:297->firmware/nnet_utils/nnet_conv2d_stream.h:87->firmware/nnet_utils/nnet_conv2d_stream.h:103) ('kernel_data_V_2_12_load_1', aesl_mux_load.27i8P.i5:25->firmware/nnet_utils/nnet_dense_resource.h:139->firmware/nnet_utils/nnet_dense_resource.h:255->firmware/nnet_utils/nnet_conv_stream.h:297->firmware/nnet_utils/nnet_conv2d_stream.h:87->firmware/nnet_utils/nnet_conv2d_stream.h:103) ('kernel_data_V_2_11_load', aesl_mux_load.27i8P.i5:23->firmware/nnet_utils/nnet_dense_resource.h:139->firmware/nnet_utils/nnet_dense_resource.h:255->firmware/nnet_utils/nnet_conv_stream.h:297->firmware/nnet_utils/nnet_conv2d_stream.h:87->firmware/nnet_utils/nnet_conv2d_stream.h:103) ('kernel_data_V_2_10_load', aesl_mux_load.27i8P.i5:21->firmware/nnet_utils/nnet_dense_resource.h:139->firmware/nnet_utils/nnet_dense_resource.h:255->firmware/nnet_utils/nnet_conv_stream.h:297->firmware/nnet_utils/nnet_conv2d_stream.h:87->firmware/nnet_utils/nnet_conv2d_stream.h:103) ('kernel_data_V_2_9_load', aesl_mux_load.27i8P.i5:19->firmware/nnet_utils/nnet_dense_resource.h:139->firmware/nnet_utils/nnet_dense_resource.h:255->firmware/nnet_utils/nnet_conv_stream.h:297->firmware/nnet_utils/nnet_conv2d_stream.h:87->firmware/nnet_utils/nnet_conv2d_stream.h:103) ('kernel_data_V_2_8_load_1', aesl_mux_load.27i8P.i5:17->firmware/nnet_utils/nnet_dense_resource.h:139->firmware/nnet_utils/nnet_dense_resource.h:255->firmware/nnet_utils/nnet_conv_stream.h:297->firmware/nnet_utils/nnet_conv2d_stream.h:87->firmware/nnet_utils/nnet_conv2d_stream.h:103) ('kernel_data_V_2_7_load_1', aesl_mux_load.27i8P.i5:15->firmware/nnet_utils/nnet_dense_resource.h:139->firmware/nnet_utils/nnet_dense_resource.h:255->firmware/nnet_utils/nnet_conv_stream.h:297->firmware/nnet_utils/nnet_conv2d_stream.h:87->firmware/nnet_utils/nnet_conv2d_stream.h:103) ('kernel_data_V_2_6_load_1', aesl_mux_load.27i8P.i5:13->firmware/nnet_utils/nnet_dense_resource.h:139->firmware/nnet_utils/nnet_dense_resource.h:255->firmware/nnet_utils/nnet_conv_stream.h:297->firmware/nnet_utils/nnet_conv2d_stream.h:87->firmware/nnet_utils/nnet_conv2d_stream.h:103) ('kernel_data_V_2_5_load_1', aesl_mux_load.27i8P.i5:11->firmware/nnet_utils/nnet_dense_resource.h:139->firmware/nnet_utils/nnet_dense_resource.h:255->firmware/nnet_utils/nnet_conv_stream.h:297->firmware/nnet_utils/nnet_conv2d_stream.h:87->firmware/nnet_utils/nnet_conv2d_stream.h:103) ('kernel_data_V_2_4_load_1', aesl_mux_load.27i8P.i5:9->firmware/nnet_utils/nnet_dense_resource.h:139->firmware/nnet_utils/nnet_dense_resource.h:255->firmware/nnet_utils/nnet_conv_stream.h:297->firmware/nnet_utils/nnet_conv2d_stream.h:87->firmware/nnet_utils/nnet_conv2d_stream.h:103) ('kernel_data_V_2_3_load_1', aesl_mux_load.27i8P.i5:7->firmware/nnet_utils/nnet_dense_resource.h:139->firmware/nnet_utils/nnet_dense_resource.h:255->firmware/nnet_utils/nnet_conv_stream.h:297->firmware/nnet_utils/nnet_conv2d_stream.h:87->firmware/nnet_utils/nnet_conv2d_stream.h:103) ('kernel_data_V_2_2_load', aesl_mux_load.27i8P.i5:5->firmware/nnet_utils/nnet_dense_resource.h:139->firmware/nnet_utils/nnet_dense_resource.h:255->firmware/nnet_utils/nnet_conv_stream.h:297->firmware/nnet_utils/nnet_conv2d_stream.h:87->firmware/nnet_utils/nnet_conv2d_stream.h:103) ('kernel_data_V_2_1_load', aesl_mux_load.27i8P.i5:3->firmware/nnet_utils/nnet_dense_resource.h:139->firmware/nnet_utils/nnet_dense_resource.h:255->firmware/nnet_utils/nnet_conv_stream.h:297->firmware/nnet_utils/nnet_conv2d_stream.h:87->firmware/nnet_utils/nnet_conv2d_stream.h:103) ('kernel_data_V_2_0_load', aesl_mux_load.27i8P.i5:1->firmware/nnet_utils/nnet_dense_resource.h:139->firmware/nnet_utils/nnet_dense_resource.h:255->firmware/nnet_utils/nnet_conv_stream.h:297->firmware/nnet_utils/nnet_conv2d_stream.h:87->firmware/nnet_utils/nnet_conv2d_stream.h:103) ('kernel_data_V_2_26_load_1', aesl_mux_load.27i8P.i5:53->firmware/nnet_utils/nnet_dense_resource.h:139->firmware/nnet_utils/nnet_dense_resource.h:255->firmware/nnet_utils/nnet_conv_stream.h:297->firmware/nnet_utils/nnet_conv2d_stream.h:87->firmware/nnet_utils/nnet_conv2d_stream.h:103) [534]  (0 ns)
	'mul' operation ('r.V', firmware/nnet_utils/nnet_mult.h:73->firmware/nnet_utils/nnet_dense_resource.h:139->firmware/nnet_utils/nnet_dense_resource.h:255->firmware/nnet_utils/nnet_conv_stream.h:297->firmware/nnet_utils/nnet_conv2d_stream.h:87->firmware/nnet_utils/nnet_conv2d_stream.h:103) [539]  (4.17 ns)
	'add' operation ('acc[0].V', firmware/nnet_utils/nnet_dense_resource.h:139->firmware/nnet_utils/nnet_dense_resource.h:255->firmware/nnet_utils/nnet_conv_stream.h:297->firmware/nnet_utils/nnet_conv2d_stream.h:87->firmware/nnet_utils/nnet_conv2d_stream.h:103) [543]  (1.81 ns)
	multiplexor before 'phi' operation ('acc[31].V') with incoming values : ('acc[0].V', firmware/nnet_utils/nnet_dense_resource.h:139->firmware/nnet_utils/nnet_dense_resource.h:255->firmware/nnet_utils/nnet_conv_stream.h:297->firmware/nnet_utils/nnet_conv2d_stream.h:87->firmware/nnet_utils/nnet_conv2d_stream.h:103) [608]  (1.77 ns)
	'phi' operation ('acc[31].V') with incoming values : ('acc[0].V', firmware/nnet_utils/nnet_dense_resource.h:139->firmware/nnet_utils/nnet_dense_resource.h:255->firmware/nnet_utils/nnet_conv_stream.h:297->firmware/nnet_utils/nnet_conv2d_stream.h:87->firmware/nnet_utils/nnet_conv2d_stream.h:103) [608]  (0 ns)

 <State 15>: 5.02ns
The critical path consists of the following:
	'add' operation ('add_ln328', firmware/nnet_utils/nnet_conv_stream.h:328->firmware/nnet_utils/nnet_conv2d_stream.h:87->firmware/nnet_utils/nnet_conv2d_stream.h:103) [657]  (2.55 ns)
	'select' operation ('select_ln328', firmware/nnet_utils/nnet_conv_stream.h:328->firmware/nnet_utils/nnet_conv2d_stream.h:87->firmware/nnet_utils/nnet_conv2d_stream.h:103) [658]  (0.698 ns)
	'store' operation ('store_ln328', firmware/nnet_utils/nnet_conv_stream.h:328->firmware/nnet_utils/nnet_conv2d_stream.h:87->firmware/nnet_utils/nnet_conv2d_stream.h:103) of variable 'select_ln328', firmware/nnet_utils/nnet_conv_stream.h:328->firmware/nnet_utils/nnet_conv2d_stream.h:87->firmware/nnet_utils/nnet_conv2d_stream.h:103 on static variable 'sX' [659]  (1.77 ns)


============================================================
+ Verbose Summary: Binding
============================================================
N/A
* FSMD analyzer results:
  - Output states:
 - Input state : 
  - Chain level:
	State 1
	State 2
	State 3
	State 4
	State 5
	State 6
	State 7
	State 8
	State 9
	State 10
	State 11
	State 12
	State 13
	State 14
	State 15


============================================================
+ Verbose Summary: Datapath Resource usage 
============================================================
N/A
