

================================================================
== Vivado HLS Report for 'dense_wrapper_ap_fixed_8_4_0_0_0_ap_fixed_14_8_5_3_0_config12_s'
================================================================
* Date:           Thu Jul 11 17:02:15 2024

* Version:        2020.1 (Build 2897737 on Wed May 27 20:21:37 MDT 2020)
* Project:        myproject_prj
* Solution:       solution1
* Product family: zynq
* Target device:  xc7z020-clg400-1


================================================================
== Performance Estimates
================================================================
+ Timing: 
    * Summary: 
    +--------+----------+----------+------------+
    |  Clock |  Target  | Estimated| Uncertainty|
    +--------+----------+----------+------------+
    |ap_clk  | 10.00 ns | 7.424 ns |   1.25 ns  |
    +--------+----------+----------+------------+

+ Latency: 
    * Summary: 
    +---------+---------+----------+----------+-------+-------+---------+
    |  Latency (cycles) |  Latency (absolute) |    Interval   | Pipeline|
    |   min   |   max   |    min   |    max   |  min  |  max  |   Type  |
    +---------+---------+----------+----------+-------+-------+---------+
    |    40964|    40964| 0.410 ms | 0.410 ms |  40964|  40964|   none  |
    +---------+---------+----------+----------+-------+-------+---------+

    + Detail: 
        * Instance: 
        N/A

        * Loop: 
        +-------------+---------+---------+----------+-----------+-----------+-------+----------+
        |             |  Latency (cycles) | Iteration|  Initiation Interval  |  Trip |          |
        |  Loop Name  |   min   |   max   |  Latency |  achieved |   target  | Count | Pipelined|
        +-------------+---------+---------+----------+-----------+-----------+-------+----------+
        |- IndexLoop  |    20480|    20480|         1|          -|          -|  20480|    no    |
        |- ReuseLoop  |    20481|    20481|         3|          1|          1|  20480|    yes   |
        +-------------+---------+---------+----------+-----------+-----------+-------+----------+

============================================================
+ Verbose Summary: Synthesis Manager
============================================================
InlineROM: 1
ExposeGlobal: 0
============================================================
+ Verbose Summary: CDFG Model
============================================================
IsTopModel: 0
ResetActiveHigh: 1
IsCombinational: 0
IsDatapathOnly: 0
HasWiredReturn: 1
HasMFsm: 0
HasVarLatency: 1
IsPipeline: 0
IsRtlPipelined: 0
IsInstanceOverlapped: 0
IsDontTouch: 0
HasImplIP: 0
IsGatedGlobalClock: 0

+ Individual pipeline summary: 
  * Pipeline-0: initiation interval (II) = 1, depth = 3


============================================================
+ Verbose Summary: Schedule
============================================================
* Number of FSM states : 6
* Pipeline : 1
  Pipeline-0 : II = 1, D = 3, States = { 3 4 5 }
* Dataflow Pipeline: 0

* FSM state transitions: 
1 --> 2 
2 --> 2 3 
3 --> 4 
4 --> 5 
5 --> 6 3 
6 --> 

* FSM state operations: 

State 1 <SV = 0> <Delay = 1.76>
ST_1 : Operation 7 [1/1] (0.00ns)   --->   "%data_2047_V_read_1 = call i8 @_ssdm_op_Read.ap_auto.i8(i8 %data_2047_V_read)"   --->   Operation 7 'read' 'data_2047_V_read_1' <Predicate = true> <Delay = 0.00>
ST_1 : Operation 8 [1/1] (0.00ns)   --->   "%data_2046_V_read_1 = call i8 @_ssdm_op_Read.ap_auto.i8(i8 %data_2046_V_read)"   --->   Operation 8 'read' 'data_2046_V_read_1' <Predicate = true> <Delay = 0.00>
ST_1 : Operation 9 [1/1] (0.00ns)   --->   "%data_2045_V_read_1 = call i8 @_ssdm_op_Read.ap_auto.i8(i8 %data_2045_V_read)"   --->   Operation 9 'read' 'data_2045_V_read_1' <Predicate = true> <Delay = 0.00>
ST_1 : Operation 10 [1/1] (0.00ns)   --->   "%data_2044_V_read_1 = call i8 @_ssdm_op_Read.ap_auto.i8(i8 %data_2044_V_read)"   --->   Operation 10 'read' 'data_2044_V_read_1' <Predicate = true> <Delay = 0.00>
ST_1 : Operation 11 [1/1] (0.00ns)   --->   "%data_2043_V_read_1 = call i8 @_ssdm_op_Read.ap_auto.i8(i8 %data_2043_V_read)"   --->   Operation 11 'read' 'data_2043_V_read_1' <Predicate = true> <Delay = 0.00>
ST_1 : Operation 12 [1/1] (0.00ns)   --->   "%data_2042_V_read_1 = call i8 @_ssdm_op_Read.ap_auto.i8(i8 %data_2042_V_read)"   --->   Operation 12 'read' 'data_2042_V_read_1' <Predicate = true> <Delay = 0.00>
ST_1 : Operation 13 [1/1] (0.00ns)   --->   "%data_2041_V_read_1 = call i8 @_ssdm_op_Read.ap_auto.i8(i8 %data_2041_V_read)"   --->   Operation 13 'read' 'data_2041_V_read_1' <Predicate = true> <Delay = 0.00>
ST_1 : Operation 14 [1/1] (0.00ns)   --->   "%data_2040_V_read_1 = call i8 @_ssdm_op_Read.ap_auto.i8(i8 %data_2040_V_read)"   --->   Operation 14 'read' 'data_2040_V_read_1' <Predicate = true> <Delay = 0.00>
ST_1 : Operation 15 [1/1] (0.00ns)   --->   "%data_2039_V_read_1 = call i8 @_ssdm_op_Read.ap_auto.i8(i8 %data_2039_V_read)"   --->   Operation 15 'read' 'data_2039_V_read_1' <Predicate = true> <Delay = 0.00>
ST_1 : Operation 16 [1/1] (0.00ns)   --->   "%data_2038_V_read_1 = call i8 @_ssdm_op_Read.ap_auto.i8(i8 %data_2038_V_read)"   --->   Operation 16 'read' 'data_2038_V_read_1' <Predicate = true> <Delay = 0.00>
ST_1 : Operation 17 [1/1] (0.00ns)   --->   "%data_2037_V_read_1 = call i8 @_ssdm_op_Read.ap_auto.i8(i8 %data_2037_V_read)"   --->   Operation 17 'read' 'data_2037_V_read_1' <Predicate = true> <Delay = 0.00>
ST_1 : Operation 18 [1/1] (0.00ns)   --->   "%data_2036_V_read_1 = call i8 @_ssdm_op_Read.ap_auto.i8(i8 %data_2036_V_read)"   --->   Operation 18 'read' 'data_2036_V_read_1' <Predicate = true> <Delay = 0.00>
ST_1 : Operation 19 [1/1] (0.00ns)   --->   "%data_2035_V_read_1 = call i8 @_ssdm_op_Read.ap_auto.i8(i8 %data_2035_V_read)"   --->   Operation 19 'read' 'data_2035_V_read_1' <Predicate = true> <Delay = 0.00>
ST_1 : Operation 20 [1/1] (0.00ns)   --->   "%data_2034_V_read_1 = call i8 @_ssdm_op_Read.ap_auto.i8(i8 %data_2034_V_read)"   --->   Operation 20 'read' 'data_2034_V_read_1' <Predicate = true> <Delay = 0.00>
ST_1 : Operation 21 [1/1] (0.00ns)   --->   "%data_2033_V_read_1 = call i8 @_ssdm_op_Read.ap_auto.i8(i8 %data_2033_V_read)"   --->   Operation 21 'read' 'data_2033_V_read_1' <Predicate = true> <Delay = 0.00>
ST_1 : Operation 22 [1/1] (0.00ns)   --->   "%data_2032_V_read_1 = call i8 @_ssdm_op_Read.ap_auto.i8(i8 %data_2032_V_read)"   --->   Operation 22 'read' 'data_2032_V_read_1' <Predicate = true> <Delay = 0.00>
ST_1 : Operation 23 [1/1] (0.00ns)   --->   "%data_2031_V_read_1 = call i8 @_ssdm_op_Read.ap_auto.i8(i8 %data_2031_V_read)"   --->   Operation 23 'read' 'data_2031_V_read_1' <Predicate = true> <Delay = 0.00>
ST_1 : Operation 24 [1/1] (0.00ns)   --->   "%data_2030_V_read_1 = call i8 @_ssdm_op_Read.ap_auto.i8(i8 %data_2030_V_read)"   --->   Operation 24 'read' 'data_2030_V_read_1' <Predicate = true> <Delay = 0.00>
ST_1 : Operation 25 [1/1] (0.00ns)   --->   "%data_2029_V_read_1 = call i8 @_ssdm_op_Read.ap_auto.i8(i8 %data_2029_V_read)"   --->   Operation 25 'read' 'data_2029_V_read_1' <Predicate = true> <Delay = 0.00>
ST_1 : Operation 26 [1/1] (0.00ns)   --->   "%data_2028_V_read_1 = call i8 @_ssdm_op_Read.ap_auto.i8(i8 %data_2028_V_read)"   --->   Operation 26 'read' 'data_2028_V_read_1' <Predicate = true> <Delay = 0.00>
ST_1 : Operation 27 [1/1] (0.00ns)   --->   "%data_2027_V_read_1 = call i8 @_ssdm_op_Read.ap_auto.i8(i8 %data_2027_V_read)"   --->   Operation 27 'read' 'data_2027_V_read_1' <Predicate = true> <Delay = 0.00>
ST_1 : Operation 28 [1/1] (0.00ns)   --->   "%data_2026_V_read_1 = call i8 @_ssdm_op_Read.ap_auto.i8(i8 %data_2026_V_read)"   --->   Operation 28 'read' 'data_2026_V_read_1' <Predicate = true> <Delay = 0.00>
ST_1 : Operation 29 [1/1] (0.00ns)   --->   "%data_2025_V_read_1 = call i8 @_ssdm_op_Read.ap_auto.i8(i8 %data_2025_V_read)"   --->   Operation 29 'read' 'data_2025_V_read_1' <Predicate = true> <Delay = 0.00>
ST_1 : Operation 30 [1/1] (0.00ns)   --->   "%data_2024_V_read_1 = call i8 @_ssdm_op_Read.ap_auto.i8(i8 %data_2024_V_read)"   --->   Operation 30 'read' 'data_2024_V_read_1' <Predicate = true> <Delay = 0.00>
ST_1 : Operation 31 [1/1] (0.00ns)   --->   "%data_2023_V_read_1 = call i8 @_ssdm_op_Read.ap_auto.i8(i8 %data_2023_V_read)"   --->   Operation 31 'read' 'data_2023_V_read_1' <Predicate = true> <Delay = 0.00>
ST_1 : Operation 32 [1/1] (0.00ns)   --->   "%data_2022_V_read_1 = call i8 @_ssdm_op_Read.ap_auto.i8(i8 %data_2022_V_read)"   --->   Operation 32 'read' 'data_2022_V_read_1' <Predicate = true> <Delay = 0.00>
ST_1 : Operation 33 [1/1] (0.00ns)   --->   "%data_2021_V_read_1 = call i8 @_ssdm_op_Read.ap_auto.i8(i8 %data_2021_V_read)"   --->   Operation 33 'read' 'data_2021_V_read_1' <Predicate = true> <Delay = 0.00>
ST_1 : Operation 34 [1/1] (0.00ns)   --->   "%data_2020_V_read_1 = call i8 @_ssdm_op_Read.ap_auto.i8(i8 %data_2020_V_read)"   --->   Operation 34 'read' 'data_2020_V_read_1' <Predicate = true> <Delay = 0.00>
ST_1 : Operation 35 [1/1] (0.00ns)   --->   "%data_2019_V_read_1 = call i8 @_ssdm_op_Read.ap_auto.i8(i8 %data_2019_V_read)"   --->   Operation 35 'read' 'data_2019_V_read_1' <Predicate = true> <Delay = 0.00>
ST_1 : Operation 36 [1/1] (0.00ns)   --->   "%data_2018_V_read_1 = call i8 @_ssdm_op_Read.ap_auto.i8(i8 %data_2018_V_read)"   --->   Operation 36 'read' 'data_2018_V_read_1' <Predicate = true> <Delay = 0.00>
ST_1 : Operation 37 [1/1] (0.00ns)   --->   "%data_2017_V_read_1 = call i8 @_ssdm_op_Read.ap_auto.i8(i8 %data_2017_V_read)"   --->   Operation 37 'read' 'data_2017_V_read_1' <Predicate = true> <Delay = 0.00>
ST_1 : Operation 38 [1/1] (0.00ns)   --->   "%data_2016_V_read_1 = call i8 @_ssdm_op_Read.ap_auto.i8(i8 %data_2016_V_read)"   --->   Operation 38 'read' 'data_2016_V_read_1' <Predicate = true> <Delay = 0.00>
ST_1 : Operation 39 [1/1] (0.00ns)   --->   "%data_2015_V_read_1 = call i8 @_ssdm_op_Read.ap_auto.i8(i8 %data_2015_V_read)"   --->   Operation 39 'read' 'data_2015_V_read_1' <Predicate = true> <Delay = 0.00>
ST_1 : Operation 40 [1/1] (0.00ns)   --->   "%data_2014_V_read_1 = call i8 @_ssdm_op_Read.ap_auto.i8(i8 %data_2014_V_read)"   --->   Operation 40 'read' 'data_2014_V_read_1' <Predicate = true> <Delay = 0.00>
ST_1 : Operation 41 [1/1] (0.00ns)   --->   "%data_2013_V_read_1 = call i8 @_ssdm_op_Read.ap_auto.i8(i8 %data_2013_V_read)"   --->   Operation 41 'read' 'data_2013_V_read_1' <Predicate = true> <Delay = 0.00>
ST_1 : Operation 42 [1/1] (0.00ns)   --->   "%data_2012_V_read_1 = call i8 @_ssdm_op_Read.ap_auto.i8(i8 %data_2012_V_read)"   --->   Operation 42 'read' 'data_2012_V_read_1' <Predicate = true> <Delay = 0.00>
ST_1 : Operation 43 [1/1] (0.00ns)   --->   "%data_2011_V_read_1 = call i8 @_ssdm_op_Read.ap_auto.i8(i8 %data_2011_V_read)"   --->   Operation 43 'read' 'data_2011_V_read_1' <Predicate = true> <Delay = 0.00>
ST_1 : Operation 44 [1/1] (0.00ns)   --->   "%data_2010_V_read_1 = call i8 @_ssdm_op_Read.ap_auto.i8(i8 %data_2010_V_read)"   --->   Operation 44 'read' 'data_2010_V_read_1' <Predicate = true> <Delay = 0.00>
ST_1 : Operation 45 [1/1] (0.00ns)   --->   "%data_2009_V_read_1 = call i8 @_ssdm_op_Read.ap_auto.i8(i8 %data_2009_V_read)"   --->   Operation 45 'read' 'data_2009_V_read_1' <Predicate = true> <Delay = 0.00>
ST_1 : Operation 46 [1/1] (0.00ns)   --->   "%data_2008_V_read_1 = call i8 @_ssdm_op_Read.ap_auto.i8(i8 %data_2008_V_read)"   --->   Operation 46 'read' 'data_2008_V_read_1' <Predicate = true> <Delay = 0.00>
ST_1 : Operation 47 [1/1] (0.00ns)   --->   "%data_2007_V_read_1 = call i8 @_ssdm_op_Read.ap_auto.i8(i8 %data_2007_V_read)"   --->   Operation 47 'read' 'data_2007_V_read_1' <Predicate = true> <Delay = 0.00>
ST_1 : Operation 48 [1/1] (0.00ns)   --->   "%data_2006_V_read_1 = call i8 @_ssdm_op_Read.ap_auto.i8(i8 %data_2006_V_read)"   --->   Operation 48 'read' 'data_2006_V_read_1' <Predicate = true> <Delay = 0.00>
ST_1 : Operation 49 [1/1] (0.00ns)   --->   "%data_2005_V_read_1 = call i8 @_ssdm_op_Read.ap_auto.i8(i8 %data_2005_V_read)"   --->   Operation 49 'read' 'data_2005_V_read_1' <Predicate = true> <Delay = 0.00>
ST_1 : Operation 50 [1/1] (0.00ns)   --->   "%data_2004_V_read_1 = call i8 @_ssdm_op_Read.ap_auto.i8(i8 %data_2004_V_read)"   --->   Operation 50 'read' 'data_2004_V_read_1' <Predicate = true> <Delay = 0.00>
ST_1 : Operation 51 [1/1] (0.00ns)   --->   "%data_2003_V_read_1 = call i8 @_ssdm_op_Read.ap_auto.i8(i8 %data_2003_V_read)"   --->   Operation 51 'read' 'data_2003_V_read_1' <Predicate = true> <Delay = 0.00>
ST_1 : Operation 52 [1/1] (0.00ns)   --->   "%data_2002_V_read_1 = call i8 @_ssdm_op_Read.ap_auto.i8(i8 %data_2002_V_read)"   --->   Operation 52 'read' 'data_2002_V_read_1' <Predicate = true> <Delay = 0.00>
ST_1 : Operation 53 [1/1] (0.00ns)   --->   "%data_2001_V_read_1 = call i8 @_ssdm_op_Read.ap_auto.i8(i8 %data_2001_V_read)"   --->   Operation 53 'read' 'data_2001_V_read_1' <Predicate = true> <Delay = 0.00>
ST_1 : Operation 54 [1/1] (0.00ns)   --->   "%data_2000_V_read_1 = call i8 @_ssdm_op_Read.ap_auto.i8(i8 %data_2000_V_read)"   --->   Operation 54 'read' 'data_2000_V_read_1' <Predicate = true> <Delay = 0.00>
ST_1 : Operation 55 [1/1] (0.00ns)   --->   "%data_1999_V_read_1 = call i8 @_ssdm_op_Read.ap_auto.i8(i8 %data_1999_V_read)"   --->   Operation 55 'read' 'data_1999_V_read_1' <Predicate = true> <Delay = 0.00>
ST_1 : Operation 56 [1/1] (0.00ns)   --->   "%data_1998_V_read_1 = call i8 @_ssdm_op_Read.ap_auto.i8(i8 %data_1998_V_read)"   --->   Operation 56 'read' 'data_1998_V_read_1' <Predicate = true> <Delay = 0.00>
ST_1 : Operation 57 [1/1] (0.00ns)   --->   "%data_1997_V_read_1 = call i8 @_ssdm_op_Read.ap_auto.i8(i8 %data_1997_V_read)"   --->   Operation 57 'read' 'data_1997_V_read_1' <Predicate = true> <Delay = 0.00>
ST_1 : Operation 58 [1/1] (0.00ns)   --->   "%data_1996_V_read_1 = call i8 @_ssdm_op_Read.ap_auto.i8(i8 %data_1996_V_read)"   --->   Operation 58 'read' 'data_1996_V_read_1' <Predicate = true> <Delay = 0.00>
ST_1 : Operation 59 [1/1] (0.00ns)   --->   "%data_1995_V_read_1 = call i8 @_ssdm_op_Read.ap_auto.i8(i8 %data_1995_V_read)"   --->   Operation 59 'read' 'data_1995_V_read_1' <Predicate = true> <Delay = 0.00>
ST_1 : Operation 60 [1/1] (0.00ns)   --->   "%data_1994_V_read_1 = call i8 @_ssdm_op_Read.ap_auto.i8(i8 %data_1994_V_read)"   --->   Operation 60 'read' 'data_1994_V_read_1' <Predicate = true> <Delay = 0.00>
ST_1 : Operation 61 [1/1] (0.00ns)   --->   "%data_1993_V_read_1 = call i8 @_ssdm_op_Read.ap_auto.i8(i8 %data_1993_V_read)"   --->   Operation 61 'read' 'data_1993_V_read_1' <Predicate = true> <Delay = 0.00>
ST_1 : Operation 62 [1/1] (0.00ns)   --->   "%data_1992_V_read_1 = call i8 @_ssdm_op_Read.ap_auto.i8(i8 %data_1992_V_read)"   --->   Operation 62 'read' 'data_1992_V_read_1' <Predicate = true> <Delay = 0.00>
ST_1 : Operation 63 [1/1] (0.00ns)   --->   "%data_1991_V_read_1 = call i8 @_ssdm_op_Read.ap_auto.i8(i8 %data_1991_V_read)"   --->   Operation 63 'read' 'data_1991_V_read_1' <Predicate = true> <Delay = 0.00>
ST_1 : Operation 64 [1/1] (0.00ns)   --->   "%data_1990_V_read_1 = call i8 @_ssdm_op_Read.ap_auto.i8(i8 %data_1990_V_read)"   --->   Operation 64 'read' 'data_1990_V_read_1' <Predicate = true> <Delay = 0.00>
ST_1 : Operation 65 [1/1] (0.00ns)   --->   "%data_1989_V_read_1 = call i8 @_ssdm_op_Read.ap_auto.i8(i8 %data_1989_V_read)"   --->   Operation 65 'read' 'data_1989_V_read_1' <Predicate = true> <Delay = 0.00>
ST_1 : Operation 66 [1/1] (0.00ns)   --->   "%data_1988_V_read_1 = call i8 @_ssdm_op_Read.ap_auto.i8(i8 %data_1988_V_read)"   --->   Operation 66 'read' 'data_1988_V_read_1' <Predicate = true> <Delay = 0.00>
ST_1 : Operation 67 [1/1] (0.00ns)   --->   "%data_1987_V_read_1 = call i8 @_ssdm_op_Read.ap_auto.i8(i8 %data_1987_V_read)"   --->   Operation 67 'read' 'data_1987_V_read_1' <Predicate = true> <Delay = 0.00>
ST_1 : Operation 68 [1/1] (0.00ns)   --->   "%data_1986_V_read_1 = call i8 @_ssdm_op_Read.ap_auto.i8(i8 %data_1986_V_read)"   --->   Operation 68 'read' 'data_1986_V_read_1' <Predicate = true> <Delay = 0.00>
ST_1 : Operation 69 [1/1] (0.00ns)   --->   "%data_1985_V_read_1 = call i8 @_ssdm_op_Read.ap_auto.i8(i8 %data_1985_V_read)"   --->   Operation 69 'read' 'data_1985_V_read_1' <Predicate = true> <Delay = 0.00>
ST_1 : Operation 70 [1/1] (0.00ns)   --->   "%data_1984_V_read_1 = call i8 @_ssdm_op_Read.ap_auto.i8(i8 %data_1984_V_read)"   --->   Operation 70 'read' 'data_1984_V_read_1' <Predicate = true> <Delay = 0.00>
ST_1 : Operation 71 [1/1] (0.00ns)   --->   "%data_1983_V_read_1 = call i8 @_ssdm_op_Read.ap_auto.i8(i8 %data_1983_V_read)"   --->   Operation 71 'read' 'data_1983_V_read_1' <Predicate = true> <Delay = 0.00>
ST_1 : Operation 72 [1/1] (0.00ns)   --->   "%data_1982_V_read_1 = call i8 @_ssdm_op_Read.ap_auto.i8(i8 %data_1982_V_read)"   --->   Operation 72 'read' 'data_1982_V_read_1' <Predicate = true> <Delay = 0.00>
ST_1 : Operation 73 [1/1] (0.00ns)   --->   "%data_1981_V_read_1 = call i8 @_ssdm_op_Read.ap_auto.i8(i8 %data_1981_V_read)"   --->   Operation 73 'read' 'data_1981_V_read_1' <Predicate = true> <Delay = 0.00>
ST_1 : Operation 74 [1/1] (0.00ns)   --->   "%data_1980_V_read_1 = call i8 @_ssdm_op_Read.ap_auto.i8(i8 %data_1980_V_read)"   --->   Operation 74 'read' 'data_1980_V_read_1' <Predicate = true> <Delay = 0.00>
ST_1 : Operation 75 [1/1] (0.00ns)   --->   "%data_1979_V_read_1 = call i8 @_ssdm_op_Read.ap_auto.i8(i8 %data_1979_V_read)"   --->   Operation 75 'read' 'data_1979_V_read_1' <Predicate = true> <Delay = 0.00>
ST_1 : Operation 76 [1/1] (0.00ns)   --->   "%data_1978_V_read_1 = call i8 @_ssdm_op_Read.ap_auto.i8(i8 %data_1978_V_read)"   --->   Operation 76 'read' 'data_1978_V_read_1' <Predicate = true> <Delay = 0.00>
ST_1 : Operation 77 [1/1] (0.00ns)   --->   "%data_1977_V_read_1 = call i8 @_ssdm_op_Read.ap_auto.i8(i8 %data_1977_V_read)"   --->   Operation 77 'read' 'data_1977_V_read_1' <Predicate = true> <Delay = 0.00>
ST_1 : Operation 78 [1/1] (0.00ns)   --->   "%data_1976_V_read_1 = call i8 @_ssdm_op_Read.ap_auto.i8(i8 %data_1976_V_read)"   --->   Operation 78 'read' 'data_1976_V_read_1' <Predicate = true> <Delay = 0.00>
ST_1 : Operation 79 [1/1] (0.00ns)   --->   "%data_1975_V_read_1 = call i8 @_ssdm_op_Read.ap_auto.i8(i8 %data_1975_V_read)"   --->   Operation 79 'read' 'data_1975_V_read_1' <Predicate = true> <Delay = 0.00>
ST_1 : Operation 80 [1/1] (0.00ns)   --->   "%data_1974_V_read_1 = call i8 @_ssdm_op_Read.ap_auto.i8(i8 %data_1974_V_read)"   --->   Operation 80 'read' 'data_1974_V_read_1' <Predicate = true> <Delay = 0.00>
ST_1 : Operation 81 [1/1] (0.00ns)   --->   "%data_1973_V_read_1 = call i8 @_ssdm_op_Read.ap_auto.i8(i8 %data_1973_V_read)"   --->   Operation 81 'read' 'data_1973_V_read_1' <Predicate = true> <Delay = 0.00>
ST_1 : Operation 82 [1/1] (0.00ns)   --->   "%data_1972_V_read_1 = call i8 @_ssdm_op_Read.ap_auto.i8(i8 %data_1972_V_read)"   --->   Operation 82 'read' 'data_1972_V_read_1' <Predicate = true> <Delay = 0.00>
ST_1 : Operation 83 [1/1] (0.00ns)   --->   "%data_1971_V_read_1 = call i8 @_ssdm_op_Read.ap_auto.i8(i8 %data_1971_V_read)"   --->   Operation 83 'read' 'data_1971_V_read_1' <Predicate = true> <Delay = 0.00>
ST_1 : Operation 84 [1/1] (0.00ns)   --->   "%data_1970_V_read_1 = call i8 @_ssdm_op_Read.ap_auto.i8(i8 %data_1970_V_read)"   --->   Operation 84 'read' 'data_1970_V_read_1' <Predicate = true> <Delay = 0.00>
ST_1 : Operation 85 [1/1] (0.00ns)   --->   "%data_1969_V_read_1 = call i8 @_ssdm_op_Read.ap_auto.i8(i8 %data_1969_V_read)"   --->   Operation 85 'read' 'data_1969_V_read_1' <Predicate = true> <Delay = 0.00>
ST_1 : Operation 86 [1/1] (0.00ns)   --->   "%data_1968_V_read_1 = call i8 @_ssdm_op_Read.ap_auto.i8(i8 %data_1968_V_read)"   --->   Operation 86 'read' 'data_1968_V_read_1' <Predicate = true> <Delay = 0.00>
ST_1 : Operation 87 [1/1] (0.00ns)   --->   "%data_1967_V_read_1 = call i8 @_ssdm_op_Read.ap_auto.i8(i8 %data_1967_V_read)"   --->   Operation 87 'read' 'data_1967_V_read_1' <Predicate = true> <Delay = 0.00>
ST_1 : Operation 88 [1/1] (0.00ns)   --->   "%data_1966_V_read_1 = call i8 @_ssdm_op_Read.ap_auto.i8(i8 %data_1966_V_read)"   --->   Operation 88 'read' 'data_1966_V_read_1' <Predicate = true> <Delay = 0.00>
ST_1 : Operation 89 [1/1] (0.00ns)   --->   "%data_1965_V_read_1 = call i8 @_ssdm_op_Read.ap_auto.i8(i8 %data_1965_V_read)"   --->   Operation 89 'read' 'data_1965_V_read_1' <Predicate = true> <Delay = 0.00>
ST_1 : Operation 90 [1/1] (0.00ns)   --->   "%data_1964_V_read_1 = call i8 @_ssdm_op_Read.ap_auto.i8(i8 %data_1964_V_read)"   --->   Operation 90 'read' 'data_1964_V_read_1' <Predicate = true> <Delay = 0.00>
ST_1 : Operation 91 [1/1] (0.00ns)   --->   "%data_1963_V_read_1 = call i8 @_ssdm_op_Read.ap_auto.i8(i8 %data_1963_V_read)"   --->   Operation 91 'read' 'data_1963_V_read_1' <Predicate = true> <Delay = 0.00>
ST_1 : Operation 92 [1/1] (0.00ns)   --->   "%data_1962_V_read_1 = call i8 @_ssdm_op_Read.ap_auto.i8(i8 %data_1962_V_read)"   --->   Operation 92 'read' 'data_1962_V_read_1' <Predicate = true> <Delay = 0.00>
ST_1 : Operation 93 [1/1] (0.00ns)   --->   "%data_1961_V_read_1 = call i8 @_ssdm_op_Read.ap_auto.i8(i8 %data_1961_V_read)"   --->   Operation 93 'read' 'data_1961_V_read_1' <Predicate = true> <Delay = 0.00>
ST_1 : Operation 94 [1/1] (0.00ns)   --->   "%data_1960_V_read_1 = call i8 @_ssdm_op_Read.ap_auto.i8(i8 %data_1960_V_read)"   --->   Operation 94 'read' 'data_1960_V_read_1' <Predicate = true> <Delay = 0.00>
ST_1 : Operation 95 [1/1] (0.00ns)   --->   "%data_1959_V_read_1 = call i8 @_ssdm_op_Read.ap_auto.i8(i8 %data_1959_V_read)"   --->   Operation 95 'read' 'data_1959_V_read_1' <Predicate = true> <Delay = 0.00>
ST_1 : Operation 96 [1/1] (0.00ns)   --->   "%data_1958_V_read_1 = call i8 @_ssdm_op_Read.ap_auto.i8(i8 %data_1958_V_read)"   --->   Operation 96 'read' 'data_1958_V_read_1' <Predicate = true> <Delay = 0.00>
ST_1 : Operation 97 [1/1] (0.00ns)   --->   "%data_1957_V_read_1 = call i8 @_ssdm_op_Read.ap_auto.i8(i8 %data_1957_V_read)"   --->   Operation 97 'read' 'data_1957_V_read_1' <Predicate = true> <Delay = 0.00>
ST_1 : Operation 98 [1/1] (0.00ns)   --->   "%data_1956_V_read_1 = call i8 @_ssdm_op_Read.ap_auto.i8(i8 %data_1956_V_read)"   --->   Operation 98 'read' 'data_1956_V_read_1' <Predicate = true> <Delay = 0.00>
ST_1 : Operation 99 [1/1] (0.00ns)   --->   "%data_1955_V_read_1 = call i8 @_ssdm_op_Read.ap_auto.i8(i8 %data_1955_V_read)"   --->   Operation 99 'read' 'data_1955_V_read_1' <Predicate = true> <Delay = 0.00>
ST_1 : Operation 100 [1/1] (0.00ns)   --->   "%data_1954_V_read_1 = call i8 @_ssdm_op_Read.ap_auto.i8(i8 %data_1954_V_read)"   --->   Operation 100 'read' 'data_1954_V_read_1' <Predicate = true> <Delay = 0.00>
ST_1 : Operation 101 [1/1] (0.00ns)   --->   "%data_1953_V_read_1 = call i8 @_ssdm_op_Read.ap_auto.i8(i8 %data_1953_V_read)"   --->   Operation 101 'read' 'data_1953_V_read_1' <Predicate = true> <Delay = 0.00>
ST_1 : Operation 102 [1/1] (0.00ns)   --->   "%data_1952_V_read_1 = call i8 @_ssdm_op_Read.ap_auto.i8(i8 %data_1952_V_read)"   --->   Operation 102 'read' 'data_1952_V_read_1' <Predicate = true> <Delay = 0.00>
ST_1 : Operation 103 [1/1] (0.00ns)   --->   "%data_1951_V_read_1 = call i8 @_ssdm_op_Read.ap_auto.i8(i8 %data_1951_V_read)"   --->   Operation 103 'read' 'data_1951_V_read_1' <Predicate = true> <Delay = 0.00>
ST_1 : Operation 104 [1/1] (0.00ns)   --->   "%data_1950_V_read_1 = call i8 @_ssdm_op_Read.ap_auto.i8(i8 %data_1950_V_read)"   --->   Operation 104 'read' 'data_1950_V_read_1' <Predicate = true> <Delay = 0.00>
ST_1 : Operation 105 [1/1] (0.00ns)   --->   "%data_1949_V_read_1 = call i8 @_ssdm_op_Read.ap_auto.i8(i8 %data_1949_V_read)"   --->   Operation 105 'read' 'data_1949_V_read_1' <Predicate = true> <Delay = 0.00>
ST_1 : Operation 106 [1/1] (0.00ns)   --->   "%data_1948_V_read_1 = call i8 @_ssdm_op_Read.ap_auto.i8(i8 %data_1948_V_read)"   --->   Operation 106 'read' 'data_1948_V_read_1' <Predicate = true> <Delay = 0.00>
ST_1 : Operation 107 [1/1] (0.00ns)   --->   "%data_1947_V_read_1 = call i8 @_ssdm_op_Read.ap_auto.i8(i8 %data_1947_V_read)"   --->   Operation 107 'read' 'data_1947_V_read_1' <Predicate = true> <Delay = 0.00>
ST_1 : Operation 108 [1/1] (0.00ns)   --->   "%data_1946_V_read_1 = call i8 @_ssdm_op_Read.ap_auto.i8(i8 %data_1946_V_read)"   --->   Operation 108 'read' 'data_1946_V_read_1' <Predicate = true> <Delay = 0.00>
ST_1 : Operation 109 [1/1] (0.00ns)   --->   "%data_1945_V_read_1 = call i8 @_ssdm_op_Read.ap_auto.i8(i8 %data_1945_V_read)"   --->   Operation 109 'read' 'data_1945_V_read_1' <Predicate = true> <Delay = 0.00>
ST_1 : Operation 110 [1/1] (0.00ns)   --->   "%data_1944_V_read_1 = call i8 @_ssdm_op_Read.ap_auto.i8(i8 %data_1944_V_read)"   --->   Operation 110 'read' 'data_1944_V_read_1' <Predicate = true> <Delay = 0.00>
ST_1 : Operation 111 [1/1] (0.00ns)   --->   "%data_1943_V_read_1 = call i8 @_ssdm_op_Read.ap_auto.i8(i8 %data_1943_V_read)"   --->   Operation 111 'read' 'data_1943_V_read_1' <Predicate = true> <Delay = 0.00>
ST_1 : Operation 112 [1/1] (0.00ns)   --->   "%data_1942_V_read_1 = call i8 @_ssdm_op_Read.ap_auto.i8(i8 %data_1942_V_read)"   --->   Operation 112 'read' 'data_1942_V_read_1' <Predicate = true> <Delay = 0.00>
ST_1 : Operation 113 [1/1] (0.00ns)   --->   "%data_1941_V_read_1 = call i8 @_ssdm_op_Read.ap_auto.i8(i8 %data_1941_V_read)"   --->   Operation 113 'read' 'data_1941_V_read_1' <Predicate = true> <Delay = 0.00>
ST_1 : Operation 114 [1/1] (0.00ns)   --->   "%data_1940_V_read_1 = call i8 @_ssdm_op_Read.ap_auto.i8(i8 %data_1940_V_read)"   --->   Operation 114 'read' 'data_1940_V_read_1' <Predicate = true> <Delay = 0.00>
ST_1 : Operation 115 [1/1] (0.00ns)   --->   "%data_1939_V_read_1 = call i8 @_ssdm_op_Read.ap_auto.i8(i8 %data_1939_V_read)"   --->   Operation 115 'read' 'data_1939_V_read_1' <Predicate = true> <Delay = 0.00>
ST_1 : Operation 116 [1/1] (0.00ns)   --->   "%data_1938_V_read_1 = call i8 @_ssdm_op_Read.ap_auto.i8(i8 %data_1938_V_read)"   --->   Operation 116 'read' 'data_1938_V_read_1' <Predicate = true> <Delay = 0.00>
ST_1 : Operation 117 [1/1] (0.00ns)   --->   "%data_1937_V_read_1 = call i8 @_ssdm_op_Read.ap_auto.i8(i8 %data_1937_V_read)"   --->   Operation 117 'read' 'data_1937_V_read_1' <Predicate = true> <Delay = 0.00>
ST_1 : Operation 118 [1/1] (0.00ns)   --->   "%data_1936_V_read_1 = call i8 @_ssdm_op_Read.ap_auto.i8(i8 %data_1936_V_read)"   --->   Operation 118 'read' 'data_1936_V_read_1' <Predicate = true> <Delay = 0.00>
ST_1 : Operation 119 [1/1] (0.00ns)   --->   "%data_1935_V_read_1 = call i8 @_ssdm_op_Read.ap_auto.i8(i8 %data_1935_V_read)"   --->   Operation 119 'read' 'data_1935_V_read_1' <Predicate = true> <Delay = 0.00>
ST_1 : Operation 120 [1/1] (0.00ns)   --->   "%data_1934_V_read_1 = call i8 @_ssdm_op_Read.ap_auto.i8(i8 %data_1934_V_read)"   --->   Operation 120 'read' 'data_1934_V_read_1' <Predicate = true> <Delay = 0.00>
ST_1 : Operation 121 [1/1] (0.00ns)   --->   "%data_1933_V_read_1 = call i8 @_ssdm_op_Read.ap_auto.i8(i8 %data_1933_V_read)"   --->   Operation 121 'read' 'data_1933_V_read_1' <Predicate = true> <Delay = 0.00>
ST_1 : Operation 122 [1/1] (0.00ns)   --->   "%data_1932_V_read_1 = call i8 @_ssdm_op_Read.ap_auto.i8(i8 %data_1932_V_read)"   --->   Operation 122 'read' 'data_1932_V_read_1' <Predicate = true> <Delay = 0.00>
ST_1 : Operation 123 [1/1] (0.00ns)   --->   "%data_1931_V_read_1 = call i8 @_ssdm_op_Read.ap_auto.i8(i8 %data_1931_V_read)"   --->   Operation 123 'read' 'data_1931_V_read_1' <Predicate = true> <Delay = 0.00>
ST_1 : Operation 124 [1/1] (0.00ns)   --->   "%data_1930_V_read_1 = call i8 @_ssdm_op_Read.ap_auto.i8(i8 %data_1930_V_read)"   --->   Operation 124 'read' 'data_1930_V_read_1' <Predicate = true> <Delay = 0.00>
ST_1 : Operation 125 [1/1] (0.00ns)   --->   "%data_1929_V_read_1 = call i8 @_ssdm_op_Read.ap_auto.i8(i8 %data_1929_V_read)"   --->   Operation 125 'read' 'data_1929_V_read_1' <Predicate = true> <Delay = 0.00>
ST_1 : Operation 126 [1/1] (0.00ns)   --->   "%data_1928_V_read_1 = call i8 @_ssdm_op_Read.ap_auto.i8(i8 %data_1928_V_read)"   --->   Operation 126 'read' 'data_1928_V_read_1' <Predicate = true> <Delay = 0.00>
ST_1 : Operation 127 [1/1] (0.00ns)   --->   "%data_1927_V_read_1 = call i8 @_ssdm_op_Read.ap_auto.i8(i8 %data_1927_V_read)"   --->   Operation 127 'read' 'data_1927_V_read_1' <Predicate = true> <Delay = 0.00>
ST_1 : Operation 128 [1/1] (0.00ns)   --->   "%data_1926_V_read_1 = call i8 @_ssdm_op_Read.ap_auto.i8(i8 %data_1926_V_read)"   --->   Operation 128 'read' 'data_1926_V_read_1' <Predicate = true> <Delay = 0.00>
ST_1 : Operation 129 [1/1] (0.00ns)   --->   "%data_1925_V_read_1 = call i8 @_ssdm_op_Read.ap_auto.i8(i8 %data_1925_V_read)"   --->   Operation 129 'read' 'data_1925_V_read_1' <Predicate = true> <Delay = 0.00>
ST_1 : Operation 130 [1/1] (0.00ns)   --->   "%data_1924_V_read_1 = call i8 @_ssdm_op_Read.ap_auto.i8(i8 %data_1924_V_read)"   --->   Operation 130 'read' 'data_1924_V_read_1' <Predicate = true> <Delay = 0.00>
ST_1 : Operation 131 [1/1] (0.00ns)   --->   "%data_1923_V_read_1 = call i8 @_ssdm_op_Read.ap_auto.i8(i8 %data_1923_V_read)"   --->   Operation 131 'read' 'data_1923_V_read_1' <Predicate = true> <Delay = 0.00>
ST_1 : Operation 132 [1/1] (0.00ns)   --->   "%data_1922_V_read_1 = call i8 @_ssdm_op_Read.ap_auto.i8(i8 %data_1922_V_read)"   --->   Operation 132 'read' 'data_1922_V_read_1' <Predicate = true> <Delay = 0.00>
ST_1 : Operation 133 [1/1] (0.00ns)   --->   "%data_1921_V_read_1 = call i8 @_ssdm_op_Read.ap_auto.i8(i8 %data_1921_V_read)"   --->   Operation 133 'read' 'data_1921_V_read_1' <Predicate = true> <Delay = 0.00>
ST_1 : Operation 134 [1/1] (0.00ns)   --->   "%data_1920_V_read_1 = call i8 @_ssdm_op_Read.ap_auto.i8(i8 %data_1920_V_read)"   --->   Operation 134 'read' 'data_1920_V_read_1' <Predicate = true> <Delay = 0.00>
ST_1 : Operation 135 [1/1] (0.00ns)   --->   "%data_1919_V_read_1 = call i8 @_ssdm_op_Read.ap_auto.i8(i8 %data_1919_V_read)"   --->   Operation 135 'read' 'data_1919_V_read_1' <Predicate = true> <Delay = 0.00>
ST_1 : Operation 136 [1/1] (0.00ns)   --->   "%data_1918_V_read_1 = call i8 @_ssdm_op_Read.ap_auto.i8(i8 %data_1918_V_read)"   --->   Operation 136 'read' 'data_1918_V_read_1' <Predicate = true> <Delay = 0.00>
ST_1 : Operation 137 [1/1] (0.00ns)   --->   "%data_1917_V_read_1 = call i8 @_ssdm_op_Read.ap_auto.i8(i8 %data_1917_V_read)"   --->   Operation 137 'read' 'data_1917_V_read_1' <Predicate = true> <Delay = 0.00>
ST_1 : Operation 138 [1/1] (0.00ns)   --->   "%data_1916_V_read_1 = call i8 @_ssdm_op_Read.ap_auto.i8(i8 %data_1916_V_read)"   --->   Operation 138 'read' 'data_1916_V_read_1' <Predicate = true> <Delay = 0.00>
ST_1 : Operation 139 [1/1] (0.00ns)   --->   "%data_1915_V_read_1 = call i8 @_ssdm_op_Read.ap_auto.i8(i8 %data_1915_V_read)"   --->   Operation 139 'read' 'data_1915_V_read_1' <Predicate = true> <Delay = 0.00>
ST_1 : Operation 140 [1/1] (0.00ns)   --->   "%data_1914_V_read_1 = call i8 @_ssdm_op_Read.ap_auto.i8(i8 %data_1914_V_read)"   --->   Operation 140 'read' 'data_1914_V_read_1' <Predicate = true> <Delay = 0.00>
ST_1 : Operation 141 [1/1] (0.00ns)   --->   "%data_1913_V_read_1 = call i8 @_ssdm_op_Read.ap_auto.i8(i8 %data_1913_V_read)"   --->   Operation 141 'read' 'data_1913_V_read_1' <Predicate = true> <Delay = 0.00>
ST_1 : Operation 142 [1/1] (0.00ns)   --->   "%data_1912_V_read_1 = call i8 @_ssdm_op_Read.ap_auto.i8(i8 %data_1912_V_read)"   --->   Operation 142 'read' 'data_1912_V_read_1' <Predicate = true> <Delay = 0.00>
ST_1 : Operation 143 [1/1] (0.00ns)   --->   "%data_1911_V_read_1 = call i8 @_ssdm_op_Read.ap_auto.i8(i8 %data_1911_V_read)"   --->   Operation 143 'read' 'data_1911_V_read_1' <Predicate = true> <Delay = 0.00>
ST_1 : Operation 144 [1/1] (0.00ns)   --->   "%data_1910_V_read_1 = call i8 @_ssdm_op_Read.ap_auto.i8(i8 %data_1910_V_read)"   --->   Operation 144 'read' 'data_1910_V_read_1' <Predicate = true> <Delay = 0.00>
ST_1 : Operation 145 [1/1] (0.00ns)   --->   "%data_1909_V_read_1 = call i8 @_ssdm_op_Read.ap_auto.i8(i8 %data_1909_V_read)"   --->   Operation 145 'read' 'data_1909_V_read_1' <Predicate = true> <Delay = 0.00>
ST_1 : Operation 146 [1/1] (0.00ns)   --->   "%data_1908_V_read_1 = call i8 @_ssdm_op_Read.ap_auto.i8(i8 %data_1908_V_read)"   --->   Operation 146 'read' 'data_1908_V_read_1' <Predicate = true> <Delay = 0.00>
ST_1 : Operation 147 [1/1] (0.00ns)   --->   "%data_1907_V_read_1 = call i8 @_ssdm_op_Read.ap_auto.i8(i8 %data_1907_V_read)"   --->   Operation 147 'read' 'data_1907_V_read_1' <Predicate = true> <Delay = 0.00>
ST_1 : Operation 148 [1/1] (0.00ns)   --->   "%data_1906_V_read_1 = call i8 @_ssdm_op_Read.ap_auto.i8(i8 %data_1906_V_read)"   --->   Operation 148 'read' 'data_1906_V_read_1' <Predicate = true> <Delay = 0.00>
ST_1 : Operation 149 [1/1] (0.00ns)   --->   "%data_1905_V_read_1 = call i8 @_ssdm_op_Read.ap_auto.i8(i8 %data_1905_V_read)"   --->   Operation 149 'read' 'data_1905_V_read_1' <Predicate = true> <Delay = 0.00>
ST_1 : Operation 150 [1/1] (0.00ns)   --->   "%data_1904_V_read_1 = call i8 @_ssdm_op_Read.ap_auto.i8(i8 %data_1904_V_read)"   --->   Operation 150 'read' 'data_1904_V_read_1' <Predicate = true> <Delay = 0.00>
ST_1 : Operation 151 [1/1] (0.00ns)   --->   "%data_1903_V_read_1 = call i8 @_ssdm_op_Read.ap_auto.i8(i8 %data_1903_V_read)"   --->   Operation 151 'read' 'data_1903_V_read_1' <Predicate = true> <Delay = 0.00>
ST_1 : Operation 152 [1/1] (0.00ns)   --->   "%data_1902_V_read_1 = call i8 @_ssdm_op_Read.ap_auto.i8(i8 %data_1902_V_read)"   --->   Operation 152 'read' 'data_1902_V_read_1' <Predicate = true> <Delay = 0.00>
ST_1 : Operation 153 [1/1] (0.00ns)   --->   "%data_1901_V_read_1 = call i8 @_ssdm_op_Read.ap_auto.i8(i8 %data_1901_V_read)"   --->   Operation 153 'read' 'data_1901_V_read_1' <Predicate = true> <Delay = 0.00>
ST_1 : Operation 154 [1/1] (0.00ns)   --->   "%data_1900_V_read_1 = call i8 @_ssdm_op_Read.ap_auto.i8(i8 %data_1900_V_read)"   --->   Operation 154 'read' 'data_1900_V_read_1' <Predicate = true> <Delay = 0.00>
ST_1 : Operation 155 [1/1] (0.00ns)   --->   "%data_1899_V_read_1 = call i8 @_ssdm_op_Read.ap_auto.i8(i8 %data_1899_V_read)"   --->   Operation 155 'read' 'data_1899_V_read_1' <Predicate = true> <Delay = 0.00>
ST_1 : Operation 156 [1/1] (0.00ns)   --->   "%data_1898_V_read_1 = call i8 @_ssdm_op_Read.ap_auto.i8(i8 %data_1898_V_read)"   --->   Operation 156 'read' 'data_1898_V_read_1' <Predicate = true> <Delay = 0.00>
ST_1 : Operation 157 [1/1] (0.00ns)   --->   "%data_1897_V_read_1 = call i8 @_ssdm_op_Read.ap_auto.i8(i8 %data_1897_V_read)"   --->   Operation 157 'read' 'data_1897_V_read_1' <Predicate = true> <Delay = 0.00>
ST_1 : Operation 158 [1/1] (0.00ns)   --->   "%data_1896_V_read_1 = call i8 @_ssdm_op_Read.ap_auto.i8(i8 %data_1896_V_read)"   --->   Operation 158 'read' 'data_1896_V_read_1' <Predicate = true> <Delay = 0.00>
ST_1 : Operation 159 [1/1] (0.00ns)   --->   "%data_1895_V_read_1 = call i8 @_ssdm_op_Read.ap_auto.i8(i8 %data_1895_V_read)"   --->   Operation 159 'read' 'data_1895_V_read_1' <Predicate = true> <Delay = 0.00>
ST_1 : Operation 160 [1/1] (0.00ns)   --->   "%data_1894_V_read_1 = call i8 @_ssdm_op_Read.ap_auto.i8(i8 %data_1894_V_read)"   --->   Operation 160 'read' 'data_1894_V_read_1' <Predicate = true> <Delay = 0.00>
ST_1 : Operation 161 [1/1] (0.00ns)   --->   "%data_1893_V_read_1 = call i8 @_ssdm_op_Read.ap_auto.i8(i8 %data_1893_V_read)"   --->   Operation 161 'read' 'data_1893_V_read_1' <Predicate = true> <Delay = 0.00>
ST_1 : Operation 162 [1/1] (0.00ns)   --->   "%data_1892_V_read_1 = call i8 @_ssdm_op_Read.ap_auto.i8(i8 %data_1892_V_read)"   --->   Operation 162 'read' 'data_1892_V_read_1' <Predicate = true> <Delay = 0.00>
ST_1 : Operation 163 [1/1] (0.00ns)   --->   "%data_1891_V_read_1 = call i8 @_ssdm_op_Read.ap_auto.i8(i8 %data_1891_V_read)"   --->   Operation 163 'read' 'data_1891_V_read_1' <Predicate = true> <Delay = 0.00>
ST_1 : Operation 164 [1/1] (0.00ns)   --->   "%data_1890_V_read_1 = call i8 @_ssdm_op_Read.ap_auto.i8(i8 %data_1890_V_read)"   --->   Operation 164 'read' 'data_1890_V_read_1' <Predicate = true> <Delay = 0.00>
ST_1 : Operation 165 [1/1] (0.00ns)   --->   "%data_1889_V_read_1 = call i8 @_ssdm_op_Read.ap_auto.i8(i8 %data_1889_V_read)"   --->   Operation 165 'read' 'data_1889_V_read_1' <Predicate = true> <Delay = 0.00>
ST_1 : Operation 166 [1/1] (0.00ns)   --->   "%data_1888_V_read_1 = call i8 @_ssdm_op_Read.ap_auto.i8(i8 %data_1888_V_read)"   --->   Operation 166 'read' 'data_1888_V_read_1' <Predicate = true> <Delay = 0.00>
ST_1 : Operation 167 [1/1] (0.00ns)   --->   "%data_1887_V_read_1 = call i8 @_ssdm_op_Read.ap_auto.i8(i8 %data_1887_V_read)"   --->   Operation 167 'read' 'data_1887_V_read_1' <Predicate = true> <Delay = 0.00>
ST_1 : Operation 168 [1/1] (0.00ns)   --->   "%data_1886_V_read_1 = call i8 @_ssdm_op_Read.ap_auto.i8(i8 %data_1886_V_read)"   --->   Operation 168 'read' 'data_1886_V_read_1' <Predicate = true> <Delay = 0.00>
ST_1 : Operation 169 [1/1] (0.00ns)   --->   "%data_1885_V_read_1 = call i8 @_ssdm_op_Read.ap_auto.i8(i8 %data_1885_V_read)"   --->   Operation 169 'read' 'data_1885_V_read_1' <Predicate = true> <Delay = 0.00>
ST_1 : Operation 170 [1/1] (0.00ns)   --->   "%data_1884_V_read_1 = call i8 @_ssdm_op_Read.ap_auto.i8(i8 %data_1884_V_read)"   --->   Operation 170 'read' 'data_1884_V_read_1' <Predicate = true> <Delay = 0.00>
ST_1 : Operation 171 [1/1] (0.00ns)   --->   "%data_1883_V_read_1 = call i8 @_ssdm_op_Read.ap_auto.i8(i8 %data_1883_V_read)"   --->   Operation 171 'read' 'data_1883_V_read_1' <Predicate = true> <Delay = 0.00>
ST_1 : Operation 172 [1/1] (0.00ns)   --->   "%data_1882_V_read_1 = call i8 @_ssdm_op_Read.ap_auto.i8(i8 %data_1882_V_read)"   --->   Operation 172 'read' 'data_1882_V_read_1' <Predicate = true> <Delay = 0.00>
ST_1 : Operation 173 [1/1] (0.00ns)   --->   "%data_1881_V_read_1 = call i8 @_ssdm_op_Read.ap_auto.i8(i8 %data_1881_V_read)"   --->   Operation 173 'read' 'data_1881_V_read_1' <Predicate = true> <Delay = 0.00>
ST_1 : Operation 174 [1/1] (0.00ns)   --->   "%data_1880_V_read_1 = call i8 @_ssdm_op_Read.ap_auto.i8(i8 %data_1880_V_read)"   --->   Operation 174 'read' 'data_1880_V_read_1' <Predicate = true> <Delay = 0.00>
ST_1 : Operation 175 [1/1] (0.00ns)   --->   "%data_1879_V_read_1 = call i8 @_ssdm_op_Read.ap_auto.i8(i8 %data_1879_V_read)"   --->   Operation 175 'read' 'data_1879_V_read_1' <Predicate = true> <Delay = 0.00>
ST_1 : Operation 176 [1/1] (0.00ns)   --->   "%data_1878_V_read_1 = call i8 @_ssdm_op_Read.ap_auto.i8(i8 %data_1878_V_read)"   --->   Operation 176 'read' 'data_1878_V_read_1' <Predicate = true> <Delay = 0.00>
ST_1 : Operation 177 [1/1] (0.00ns)   --->   "%data_1877_V_read_1 = call i8 @_ssdm_op_Read.ap_auto.i8(i8 %data_1877_V_read)"   --->   Operation 177 'read' 'data_1877_V_read_1' <Predicate = true> <Delay = 0.00>
ST_1 : Operation 178 [1/1] (0.00ns)   --->   "%data_1876_V_read_1 = call i8 @_ssdm_op_Read.ap_auto.i8(i8 %data_1876_V_read)"   --->   Operation 178 'read' 'data_1876_V_read_1' <Predicate = true> <Delay = 0.00>
ST_1 : Operation 179 [1/1] (0.00ns)   --->   "%data_1875_V_read_1 = call i8 @_ssdm_op_Read.ap_auto.i8(i8 %data_1875_V_read)"   --->   Operation 179 'read' 'data_1875_V_read_1' <Predicate = true> <Delay = 0.00>
ST_1 : Operation 180 [1/1] (0.00ns)   --->   "%data_1874_V_read_1 = call i8 @_ssdm_op_Read.ap_auto.i8(i8 %data_1874_V_read)"   --->   Operation 180 'read' 'data_1874_V_read_1' <Predicate = true> <Delay = 0.00>
ST_1 : Operation 181 [1/1] (0.00ns)   --->   "%data_1873_V_read_1 = call i8 @_ssdm_op_Read.ap_auto.i8(i8 %data_1873_V_read)"   --->   Operation 181 'read' 'data_1873_V_read_1' <Predicate = true> <Delay = 0.00>
ST_1 : Operation 182 [1/1] (0.00ns)   --->   "%data_1872_V_read_1 = call i8 @_ssdm_op_Read.ap_auto.i8(i8 %data_1872_V_read)"   --->   Operation 182 'read' 'data_1872_V_read_1' <Predicate = true> <Delay = 0.00>
ST_1 : Operation 183 [1/1] (0.00ns)   --->   "%data_1871_V_read_1 = call i8 @_ssdm_op_Read.ap_auto.i8(i8 %data_1871_V_read)"   --->   Operation 183 'read' 'data_1871_V_read_1' <Predicate = true> <Delay = 0.00>
ST_1 : Operation 184 [1/1] (0.00ns)   --->   "%data_1870_V_read_1 = call i8 @_ssdm_op_Read.ap_auto.i8(i8 %data_1870_V_read)"   --->   Operation 184 'read' 'data_1870_V_read_1' <Predicate = true> <Delay = 0.00>
ST_1 : Operation 185 [1/1] (0.00ns)   --->   "%data_1869_V_read_1 = call i8 @_ssdm_op_Read.ap_auto.i8(i8 %data_1869_V_read)"   --->   Operation 185 'read' 'data_1869_V_read_1' <Predicate = true> <Delay = 0.00>
ST_1 : Operation 186 [1/1] (0.00ns)   --->   "%data_1868_V_read_1 = call i8 @_ssdm_op_Read.ap_auto.i8(i8 %data_1868_V_read)"   --->   Operation 186 'read' 'data_1868_V_read_1' <Predicate = true> <Delay = 0.00>
ST_1 : Operation 187 [1/1] (0.00ns)   --->   "%data_1867_V_read_1 = call i8 @_ssdm_op_Read.ap_auto.i8(i8 %data_1867_V_read)"   --->   Operation 187 'read' 'data_1867_V_read_1' <Predicate = true> <Delay = 0.00>
ST_1 : Operation 188 [1/1] (0.00ns)   --->   "%data_1866_V_read_1 = call i8 @_ssdm_op_Read.ap_auto.i8(i8 %data_1866_V_read)"   --->   Operation 188 'read' 'data_1866_V_read_1' <Predicate = true> <Delay = 0.00>
ST_1 : Operation 189 [1/1] (0.00ns)   --->   "%data_1865_V_read_1 = call i8 @_ssdm_op_Read.ap_auto.i8(i8 %data_1865_V_read)"   --->   Operation 189 'read' 'data_1865_V_read_1' <Predicate = true> <Delay = 0.00>
ST_1 : Operation 190 [1/1] (0.00ns)   --->   "%data_1864_V_read_1 = call i8 @_ssdm_op_Read.ap_auto.i8(i8 %data_1864_V_read)"   --->   Operation 190 'read' 'data_1864_V_read_1' <Predicate = true> <Delay = 0.00>
ST_1 : Operation 191 [1/1] (0.00ns)   --->   "%data_1863_V_read_1 = call i8 @_ssdm_op_Read.ap_auto.i8(i8 %data_1863_V_read)"   --->   Operation 191 'read' 'data_1863_V_read_1' <Predicate = true> <Delay = 0.00>
ST_1 : Operation 192 [1/1] (0.00ns)   --->   "%data_1862_V_read_1 = call i8 @_ssdm_op_Read.ap_auto.i8(i8 %data_1862_V_read)"   --->   Operation 192 'read' 'data_1862_V_read_1' <Predicate = true> <Delay = 0.00>
ST_1 : Operation 193 [1/1] (0.00ns)   --->   "%data_1861_V_read_1 = call i8 @_ssdm_op_Read.ap_auto.i8(i8 %data_1861_V_read)"   --->   Operation 193 'read' 'data_1861_V_read_1' <Predicate = true> <Delay = 0.00>
ST_1 : Operation 194 [1/1] (0.00ns)   --->   "%data_1860_V_read_1 = call i8 @_ssdm_op_Read.ap_auto.i8(i8 %data_1860_V_read)"   --->   Operation 194 'read' 'data_1860_V_read_1' <Predicate = true> <Delay = 0.00>
ST_1 : Operation 195 [1/1] (0.00ns)   --->   "%data_1859_V_read_1 = call i8 @_ssdm_op_Read.ap_auto.i8(i8 %data_1859_V_read)"   --->   Operation 195 'read' 'data_1859_V_read_1' <Predicate = true> <Delay = 0.00>
ST_1 : Operation 196 [1/1] (0.00ns)   --->   "%data_1858_V_read_1 = call i8 @_ssdm_op_Read.ap_auto.i8(i8 %data_1858_V_read)"   --->   Operation 196 'read' 'data_1858_V_read_1' <Predicate = true> <Delay = 0.00>
ST_1 : Operation 197 [1/1] (0.00ns)   --->   "%data_1857_V_read_1 = call i8 @_ssdm_op_Read.ap_auto.i8(i8 %data_1857_V_read)"   --->   Operation 197 'read' 'data_1857_V_read_1' <Predicate = true> <Delay = 0.00>
ST_1 : Operation 198 [1/1] (0.00ns)   --->   "%data_1856_V_read_1 = call i8 @_ssdm_op_Read.ap_auto.i8(i8 %data_1856_V_read)"   --->   Operation 198 'read' 'data_1856_V_read_1' <Predicate = true> <Delay = 0.00>
ST_1 : Operation 199 [1/1] (0.00ns)   --->   "%data_1855_V_read_1 = call i8 @_ssdm_op_Read.ap_auto.i8(i8 %data_1855_V_read)"   --->   Operation 199 'read' 'data_1855_V_read_1' <Predicate = true> <Delay = 0.00>
ST_1 : Operation 200 [1/1] (0.00ns)   --->   "%data_1854_V_read_1 = call i8 @_ssdm_op_Read.ap_auto.i8(i8 %data_1854_V_read)"   --->   Operation 200 'read' 'data_1854_V_read_1' <Predicate = true> <Delay = 0.00>
ST_1 : Operation 201 [1/1] (0.00ns)   --->   "%data_1853_V_read_1 = call i8 @_ssdm_op_Read.ap_auto.i8(i8 %data_1853_V_read)"   --->   Operation 201 'read' 'data_1853_V_read_1' <Predicate = true> <Delay = 0.00>
ST_1 : Operation 202 [1/1] (0.00ns)   --->   "%data_1852_V_read_1 = call i8 @_ssdm_op_Read.ap_auto.i8(i8 %data_1852_V_read)"   --->   Operation 202 'read' 'data_1852_V_read_1' <Predicate = true> <Delay = 0.00>
ST_1 : Operation 203 [1/1] (0.00ns)   --->   "%data_1851_V_read_1 = call i8 @_ssdm_op_Read.ap_auto.i8(i8 %data_1851_V_read)"   --->   Operation 203 'read' 'data_1851_V_read_1' <Predicate = true> <Delay = 0.00>
ST_1 : Operation 204 [1/1] (0.00ns)   --->   "%data_1850_V_read_1 = call i8 @_ssdm_op_Read.ap_auto.i8(i8 %data_1850_V_read)"   --->   Operation 204 'read' 'data_1850_V_read_1' <Predicate = true> <Delay = 0.00>
ST_1 : Operation 205 [1/1] (0.00ns)   --->   "%data_1849_V_read_1 = call i8 @_ssdm_op_Read.ap_auto.i8(i8 %data_1849_V_read)"   --->   Operation 205 'read' 'data_1849_V_read_1' <Predicate = true> <Delay = 0.00>
ST_1 : Operation 206 [1/1] (0.00ns)   --->   "%data_1848_V_read_1 = call i8 @_ssdm_op_Read.ap_auto.i8(i8 %data_1848_V_read)"   --->   Operation 206 'read' 'data_1848_V_read_1' <Predicate = true> <Delay = 0.00>
ST_1 : Operation 207 [1/1] (0.00ns)   --->   "%data_1847_V_read_1 = call i8 @_ssdm_op_Read.ap_auto.i8(i8 %data_1847_V_read)"   --->   Operation 207 'read' 'data_1847_V_read_1' <Predicate = true> <Delay = 0.00>
ST_1 : Operation 208 [1/1] (0.00ns)   --->   "%data_1846_V_read_1 = call i8 @_ssdm_op_Read.ap_auto.i8(i8 %data_1846_V_read)"   --->   Operation 208 'read' 'data_1846_V_read_1' <Predicate = true> <Delay = 0.00>
ST_1 : Operation 209 [1/1] (0.00ns)   --->   "%data_1845_V_read_1 = call i8 @_ssdm_op_Read.ap_auto.i8(i8 %data_1845_V_read)"   --->   Operation 209 'read' 'data_1845_V_read_1' <Predicate = true> <Delay = 0.00>
ST_1 : Operation 210 [1/1] (0.00ns)   --->   "%data_1844_V_read_1 = call i8 @_ssdm_op_Read.ap_auto.i8(i8 %data_1844_V_read)"   --->   Operation 210 'read' 'data_1844_V_read_1' <Predicate = true> <Delay = 0.00>
ST_1 : Operation 211 [1/1] (0.00ns)   --->   "%data_1843_V_read_1 = call i8 @_ssdm_op_Read.ap_auto.i8(i8 %data_1843_V_read)"   --->   Operation 211 'read' 'data_1843_V_read_1' <Predicate = true> <Delay = 0.00>
ST_1 : Operation 212 [1/1] (0.00ns)   --->   "%data_1842_V_read_1 = call i8 @_ssdm_op_Read.ap_auto.i8(i8 %data_1842_V_read)"   --->   Operation 212 'read' 'data_1842_V_read_1' <Predicate = true> <Delay = 0.00>
ST_1 : Operation 213 [1/1] (0.00ns)   --->   "%data_1841_V_read_1 = call i8 @_ssdm_op_Read.ap_auto.i8(i8 %data_1841_V_read)"   --->   Operation 213 'read' 'data_1841_V_read_1' <Predicate = true> <Delay = 0.00>
ST_1 : Operation 214 [1/1] (0.00ns)   --->   "%data_1840_V_read_1 = call i8 @_ssdm_op_Read.ap_auto.i8(i8 %data_1840_V_read)"   --->   Operation 214 'read' 'data_1840_V_read_1' <Predicate = true> <Delay = 0.00>
ST_1 : Operation 215 [1/1] (0.00ns)   --->   "%data_1839_V_read_1 = call i8 @_ssdm_op_Read.ap_auto.i8(i8 %data_1839_V_read)"   --->   Operation 215 'read' 'data_1839_V_read_1' <Predicate = true> <Delay = 0.00>
ST_1 : Operation 216 [1/1] (0.00ns)   --->   "%data_1838_V_read_1 = call i8 @_ssdm_op_Read.ap_auto.i8(i8 %data_1838_V_read)"   --->   Operation 216 'read' 'data_1838_V_read_1' <Predicate = true> <Delay = 0.00>
ST_1 : Operation 217 [1/1] (0.00ns)   --->   "%data_1837_V_read_1 = call i8 @_ssdm_op_Read.ap_auto.i8(i8 %data_1837_V_read)"   --->   Operation 217 'read' 'data_1837_V_read_1' <Predicate = true> <Delay = 0.00>
ST_1 : Operation 218 [1/1] (0.00ns)   --->   "%data_1836_V_read_1 = call i8 @_ssdm_op_Read.ap_auto.i8(i8 %data_1836_V_read)"   --->   Operation 218 'read' 'data_1836_V_read_1' <Predicate = true> <Delay = 0.00>
ST_1 : Operation 219 [1/1] (0.00ns)   --->   "%data_1835_V_read_1 = call i8 @_ssdm_op_Read.ap_auto.i8(i8 %data_1835_V_read)"   --->   Operation 219 'read' 'data_1835_V_read_1' <Predicate = true> <Delay = 0.00>
ST_1 : Operation 220 [1/1] (0.00ns)   --->   "%data_1834_V_read_1 = call i8 @_ssdm_op_Read.ap_auto.i8(i8 %data_1834_V_read)"   --->   Operation 220 'read' 'data_1834_V_read_1' <Predicate = true> <Delay = 0.00>
ST_1 : Operation 221 [1/1] (0.00ns)   --->   "%data_1833_V_read_1 = call i8 @_ssdm_op_Read.ap_auto.i8(i8 %data_1833_V_read)"   --->   Operation 221 'read' 'data_1833_V_read_1' <Predicate = true> <Delay = 0.00>
ST_1 : Operation 222 [1/1] (0.00ns)   --->   "%data_1832_V_read_1 = call i8 @_ssdm_op_Read.ap_auto.i8(i8 %data_1832_V_read)"   --->   Operation 222 'read' 'data_1832_V_read_1' <Predicate = true> <Delay = 0.00>
ST_1 : Operation 223 [1/1] (0.00ns)   --->   "%data_1831_V_read_1 = call i8 @_ssdm_op_Read.ap_auto.i8(i8 %data_1831_V_read)"   --->   Operation 223 'read' 'data_1831_V_read_1' <Predicate = true> <Delay = 0.00>
ST_1 : Operation 224 [1/1] (0.00ns)   --->   "%data_1830_V_read_1 = call i8 @_ssdm_op_Read.ap_auto.i8(i8 %data_1830_V_read)"   --->   Operation 224 'read' 'data_1830_V_read_1' <Predicate = true> <Delay = 0.00>
ST_1 : Operation 225 [1/1] (0.00ns)   --->   "%data_1829_V_read_1 = call i8 @_ssdm_op_Read.ap_auto.i8(i8 %data_1829_V_read)"   --->   Operation 225 'read' 'data_1829_V_read_1' <Predicate = true> <Delay = 0.00>
ST_1 : Operation 226 [1/1] (0.00ns)   --->   "%data_1828_V_read_1 = call i8 @_ssdm_op_Read.ap_auto.i8(i8 %data_1828_V_read)"   --->   Operation 226 'read' 'data_1828_V_read_1' <Predicate = true> <Delay = 0.00>
ST_1 : Operation 227 [1/1] (0.00ns)   --->   "%data_1827_V_read_1 = call i8 @_ssdm_op_Read.ap_auto.i8(i8 %data_1827_V_read)"   --->   Operation 227 'read' 'data_1827_V_read_1' <Predicate = true> <Delay = 0.00>
ST_1 : Operation 228 [1/1] (0.00ns)   --->   "%data_1826_V_read_1 = call i8 @_ssdm_op_Read.ap_auto.i8(i8 %data_1826_V_read)"   --->   Operation 228 'read' 'data_1826_V_read_1' <Predicate = true> <Delay = 0.00>
ST_1 : Operation 229 [1/1] (0.00ns)   --->   "%data_1825_V_read_1 = call i8 @_ssdm_op_Read.ap_auto.i8(i8 %data_1825_V_read)"   --->   Operation 229 'read' 'data_1825_V_read_1' <Predicate = true> <Delay = 0.00>
ST_1 : Operation 230 [1/1] (0.00ns)   --->   "%data_1824_V_read_1 = call i8 @_ssdm_op_Read.ap_auto.i8(i8 %data_1824_V_read)"   --->   Operation 230 'read' 'data_1824_V_read_1' <Predicate = true> <Delay = 0.00>
ST_1 : Operation 231 [1/1] (0.00ns)   --->   "%data_1823_V_read_1 = call i8 @_ssdm_op_Read.ap_auto.i8(i8 %data_1823_V_read)"   --->   Operation 231 'read' 'data_1823_V_read_1' <Predicate = true> <Delay = 0.00>
ST_1 : Operation 232 [1/1] (0.00ns)   --->   "%data_1822_V_read_1 = call i8 @_ssdm_op_Read.ap_auto.i8(i8 %data_1822_V_read)"   --->   Operation 232 'read' 'data_1822_V_read_1' <Predicate = true> <Delay = 0.00>
ST_1 : Operation 233 [1/1] (0.00ns)   --->   "%data_1821_V_read_1 = call i8 @_ssdm_op_Read.ap_auto.i8(i8 %data_1821_V_read)"   --->   Operation 233 'read' 'data_1821_V_read_1' <Predicate = true> <Delay = 0.00>
ST_1 : Operation 234 [1/1] (0.00ns)   --->   "%data_1820_V_read_1 = call i8 @_ssdm_op_Read.ap_auto.i8(i8 %data_1820_V_read)"   --->   Operation 234 'read' 'data_1820_V_read_1' <Predicate = true> <Delay = 0.00>
ST_1 : Operation 235 [1/1] (0.00ns)   --->   "%data_1819_V_read_1 = call i8 @_ssdm_op_Read.ap_auto.i8(i8 %data_1819_V_read)"   --->   Operation 235 'read' 'data_1819_V_read_1' <Predicate = true> <Delay = 0.00>
ST_1 : Operation 236 [1/1] (0.00ns)   --->   "%data_1818_V_read_1 = call i8 @_ssdm_op_Read.ap_auto.i8(i8 %data_1818_V_read)"   --->   Operation 236 'read' 'data_1818_V_read_1' <Predicate = true> <Delay = 0.00>
ST_1 : Operation 237 [1/1] (0.00ns)   --->   "%data_1817_V_read_1 = call i8 @_ssdm_op_Read.ap_auto.i8(i8 %data_1817_V_read)"   --->   Operation 237 'read' 'data_1817_V_read_1' <Predicate = true> <Delay = 0.00>
ST_1 : Operation 238 [1/1] (0.00ns)   --->   "%data_1816_V_read_1 = call i8 @_ssdm_op_Read.ap_auto.i8(i8 %data_1816_V_read)"   --->   Operation 238 'read' 'data_1816_V_read_1' <Predicate = true> <Delay = 0.00>
ST_1 : Operation 239 [1/1] (0.00ns)   --->   "%data_1815_V_read_1 = call i8 @_ssdm_op_Read.ap_auto.i8(i8 %data_1815_V_read)"   --->   Operation 239 'read' 'data_1815_V_read_1' <Predicate = true> <Delay = 0.00>
ST_1 : Operation 240 [1/1] (0.00ns)   --->   "%data_1814_V_read_1 = call i8 @_ssdm_op_Read.ap_auto.i8(i8 %data_1814_V_read)"   --->   Operation 240 'read' 'data_1814_V_read_1' <Predicate = true> <Delay = 0.00>
ST_1 : Operation 241 [1/1] (0.00ns)   --->   "%data_1813_V_read_1 = call i8 @_ssdm_op_Read.ap_auto.i8(i8 %data_1813_V_read)"   --->   Operation 241 'read' 'data_1813_V_read_1' <Predicate = true> <Delay = 0.00>
ST_1 : Operation 242 [1/1] (0.00ns)   --->   "%data_1812_V_read_1 = call i8 @_ssdm_op_Read.ap_auto.i8(i8 %data_1812_V_read)"   --->   Operation 242 'read' 'data_1812_V_read_1' <Predicate = true> <Delay = 0.00>
ST_1 : Operation 243 [1/1] (0.00ns)   --->   "%data_1811_V_read_1 = call i8 @_ssdm_op_Read.ap_auto.i8(i8 %data_1811_V_read)"   --->   Operation 243 'read' 'data_1811_V_read_1' <Predicate = true> <Delay = 0.00>
ST_1 : Operation 244 [1/1] (0.00ns)   --->   "%data_1810_V_read_1 = call i8 @_ssdm_op_Read.ap_auto.i8(i8 %data_1810_V_read)"   --->   Operation 244 'read' 'data_1810_V_read_1' <Predicate = true> <Delay = 0.00>
ST_1 : Operation 245 [1/1] (0.00ns)   --->   "%data_1809_V_read_1 = call i8 @_ssdm_op_Read.ap_auto.i8(i8 %data_1809_V_read)"   --->   Operation 245 'read' 'data_1809_V_read_1' <Predicate = true> <Delay = 0.00>
ST_1 : Operation 246 [1/1] (0.00ns)   --->   "%data_1808_V_read_1 = call i8 @_ssdm_op_Read.ap_auto.i8(i8 %data_1808_V_read)"   --->   Operation 246 'read' 'data_1808_V_read_1' <Predicate = true> <Delay = 0.00>
ST_1 : Operation 247 [1/1] (0.00ns)   --->   "%data_1807_V_read_1 = call i8 @_ssdm_op_Read.ap_auto.i8(i8 %data_1807_V_read)"   --->   Operation 247 'read' 'data_1807_V_read_1' <Predicate = true> <Delay = 0.00>
ST_1 : Operation 248 [1/1] (0.00ns)   --->   "%data_1806_V_read_1 = call i8 @_ssdm_op_Read.ap_auto.i8(i8 %data_1806_V_read)"   --->   Operation 248 'read' 'data_1806_V_read_1' <Predicate = true> <Delay = 0.00>
ST_1 : Operation 249 [1/1] (0.00ns)   --->   "%data_1805_V_read_1 = call i8 @_ssdm_op_Read.ap_auto.i8(i8 %data_1805_V_read)"   --->   Operation 249 'read' 'data_1805_V_read_1' <Predicate = true> <Delay = 0.00>
ST_1 : Operation 250 [1/1] (0.00ns)   --->   "%data_1804_V_read_1 = call i8 @_ssdm_op_Read.ap_auto.i8(i8 %data_1804_V_read)"   --->   Operation 250 'read' 'data_1804_V_read_1' <Predicate = true> <Delay = 0.00>
ST_1 : Operation 251 [1/1] (0.00ns)   --->   "%data_1803_V_read_1 = call i8 @_ssdm_op_Read.ap_auto.i8(i8 %data_1803_V_read)"   --->   Operation 251 'read' 'data_1803_V_read_1' <Predicate = true> <Delay = 0.00>
ST_1 : Operation 252 [1/1] (0.00ns)   --->   "%data_1802_V_read_1 = call i8 @_ssdm_op_Read.ap_auto.i8(i8 %data_1802_V_read)"   --->   Operation 252 'read' 'data_1802_V_read_1' <Predicate = true> <Delay = 0.00>
ST_1 : Operation 253 [1/1] (0.00ns)   --->   "%data_1801_V_read_1 = call i8 @_ssdm_op_Read.ap_auto.i8(i8 %data_1801_V_read)"   --->   Operation 253 'read' 'data_1801_V_read_1' <Predicate = true> <Delay = 0.00>
ST_1 : Operation 254 [1/1] (0.00ns)   --->   "%data_1800_V_read_1 = call i8 @_ssdm_op_Read.ap_auto.i8(i8 %data_1800_V_read)"   --->   Operation 254 'read' 'data_1800_V_read_1' <Predicate = true> <Delay = 0.00>
ST_1 : Operation 255 [1/1] (0.00ns)   --->   "%data_1799_V_read_1 = call i8 @_ssdm_op_Read.ap_auto.i8(i8 %data_1799_V_read)"   --->   Operation 255 'read' 'data_1799_V_read_1' <Predicate = true> <Delay = 0.00>
ST_1 : Operation 256 [1/1] (0.00ns)   --->   "%data_1798_V_read_1 = call i8 @_ssdm_op_Read.ap_auto.i8(i8 %data_1798_V_read)"   --->   Operation 256 'read' 'data_1798_V_read_1' <Predicate = true> <Delay = 0.00>
ST_1 : Operation 257 [1/1] (0.00ns)   --->   "%data_1797_V_read_1 = call i8 @_ssdm_op_Read.ap_auto.i8(i8 %data_1797_V_read)"   --->   Operation 257 'read' 'data_1797_V_read_1' <Predicate = true> <Delay = 0.00>
ST_1 : Operation 258 [1/1] (0.00ns)   --->   "%data_1796_V_read_1 = call i8 @_ssdm_op_Read.ap_auto.i8(i8 %data_1796_V_read)"   --->   Operation 258 'read' 'data_1796_V_read_1' <Predicate = true> <Delay = 0.00>
ST_1 : Operation 259 [1/1] (0.00ns)   --->   "%data_1795_V_read_1 = call i8 @_ssdm_op_Read.ap_auto.i8(i8 %data_1795_V_read)"   --->   Operation 259 'read' 'data_1795_V_read_1' <Predicate = true> <Delay = 0.00>
ST_1 : Operation 260 [1/1] (0.00ns)   --->   "%data_1794_V_read_1 = call i8 @_ssdm_op_Read.ap_auto.i8(i8 %data_1794_V_read)"   --->   Operation 260 'read' 'data_1794_V_read_1' <Predicate = true> <Delay = 0.00>
ST_1 : Operation 261 [1/1] (0.00ns)   --->   "%data_1793_V_read_1 = call i8 @_ssdm_op_Read.ap_auto.i8(i8 %data_1793_V_read)"   --->   Operation 261 'read' 'data_1793_V_read_1' <Predicate = true> <Delay = 0.00>
ST_1 : Operation 262 [1/1] (0.00ns)   --->   "%data_1792_V_read_1 = call i8 @_ssdm_op_Read.ap_auto.i8(i8 %data_1792_V_read)"   --->   Operation 262 'read' 'data_1792_V_read_1' <Predicate = true> <Delay = 0.00>
ST_1 : Operation 263 [1/1] (0.00ns)   --->   "%data_1791_V_read_1 = call i8 @_ssdm_op_Read.ap_auto.i8(i8 %data_1791_V_read)"   --->   Operation 263 'read' 'data_1791_V_read_1' <Predicate = true> <Delay = 0.00>
ST_1 : Operation 264 [1/1] (0.00ns)   --->   "%data_1790_V_read_1 = call i8 @_ssdm_op_Read.ap_auto.i8(i8 %data_1790_V_read)"   --->   Operation 264 'read' 'data_1790_V_read_1' <Predicate = true> <Delay = 0.00>
ST_1 : Operation 265 [1/1] (0.00ns)   --->   "%data_1789_V_read_1 = call i8 @_ssdm_op_Read.ap_auto.i8(i8 %data_1789_V_read)"   --->   Operation 265 'read' 'data_1789_V_read_1' <Predicate = true> <Delay = 0.00>
ST_1 : Operation 266 [1/1] (0.00ns)   --->   "%data_1788_V_read_1 = call i8 @_ssdm_op_Read.ap_auto.i8(i8 %data_1788_V_read)"   --->   Operation 266 'read' 'data_1788_V_read_1' <Predicate = true> <Delay = 0.00>
ST_1 : Operation 267 [1/1] (0.00ns)   --->   "%data_1787_V_read_1 = call i8 @_ssdm_op_Read.ap_auto.i8(i8 %data_1787_V_read)"   --->   Operation 267 'read' 'data_1787_V_read_1' <Predicate = true> <Delay = 0.00>
ST_1 : Operation 268 [1/1] (0.00ns)   --->   "%data_1786_V_read_1 = call i8 @_ssdm_op_Read.ap_auto.i8(i8 %data_1786_V_read)"   --->   Operation 268 'read' 'data_1786_V_read_1' <Predicate = true> <Delay = 0.00>
ST_1 : Operation 269 [1/1] (0.00ns)   --->   "%data_1785_V_read_1 = call i8 @_ssdm_op_Read.ap_auto.i8(i8 %data_1785_V_read)"   --->   Operation 269 'read' 'data_1785_V_read_1' <Predicate = true> <Delay = 0.00>
ST_1 : Operation 270 [1/1] (0.00ns)   --->   "%data_1784_V_read_1 = call i8 @_ssdm_op_Read.ap_auto.i8(i8 %data_1784_V_read)"   --->   Operation 270 'read' 'data_1784_V_read_1' <Predicate = true> <Delay = 0.00>
ST_1 : Operation 271 [1/1] (0.00ns)   --->   "%data_1783_V_read_1 = call i8 @_ssdm_op_Read.ap_auto.i8(i8 %data_1783_V_read)"   --->   Operation 271 'read' 'data_1783_V_read_1' <Predicate = true> <Delay = 0.00>
ST_1 : Operation 272 [1/1] (0.00ns)   --->   "%data_1782_V_read_1 = call i8 @_ssdm_op_Read.ap_auto.i8(i8 %data_1782_V_read)"   --->   Operation 272 'read' 'data_1782_V_read_1' <Predicate = true> <Delay = 0.00>
ST_1 : Operation 273 [1/1] (0.00ns)   --->   "%data_1781_V_read_1 = call i8 @_ssdm_op_Read.ap_auto.i8(i8 %data_1781_V_read)"   --->   Operation 273 'read' 'data_1781_V_read_1' <Predicate = true> <Delay = 0.00>
ST_1 : Operation 274 [1/1] (0.00ns)   --->   "%data_1780_V_read_1 = call i8 @_ssdm_op_Read.ap_auto.i8(i8 %data_1780_V_read)"   --->   Operation 274 'read' 'data_1780_V_read_1' <Predicate = true> <Delay = 0.00>
ST_1 : Operation 275 [1/1] (0.00ns)   --->   "%data_1779_V_read_1 = call i8 @_ssdm_op_Read.ap_auto.i8(i8 %data_1779_V_read)"   --->   Operation 275 'read' 'data_1779_V_read_1' <Predicate = true> <Delay = 0.00>
ST_1 : Operation 276 [1/1] (0.00ns)   --->   "%data_1778_V_read_1 = call i8 @_ssdm_op_Read.ap_auto.i8(i8 %data_1778_V_read)"   --->   Operation 276 'read' 'data_1778_V_read_1' <Predicate = true> <Delay = 0.00>
ST_1 : Operation 277 [1/1] (0.00ns)   --->   "%data_1777_V_read_1 = call i8 @_ssdm_op_Read.ap_auto.i8(i8 %data_1777_V_read)"   --->   Operation 277 'read' 'data_1777_V_read_1' <Predicate = true> <Delay = 0.00>
ST_1 : Operation 278 [1/1] (0.00ns)   --->   "%data_1776_V_read_1 = call i8 @_ssdm_op_Read.ap_auto.i8(i8 %data_1776_V_read)"   --->   Operation 278 'read' 'data_1776_V_read_1' <Predicate = true> <Delay = 0.00>
ST_1 : Operation 279 [1/1] (0.00ns)   --->   "%data_1775_V_read_1 = call i8 @_ssdm_op_Read.ap_auto.i8(i8 %data_1775_V_read)"   --->   Operation 279 'read' 'data_1775_V_read_1' <Predicate = true> <Delay = 0.00>
ST_1 : Operation 280 [1/1] (0.00ns)   --->   "%data_1774_V_read_1 = call i8 @_ssdm_op_Read.ap_auto.i8(i8 %data_1774_V_read)"   --->   Operation 280 'read' 'data_1774_V_read_1' <Predicate = true> <Delay = 0.00>
ST_1 : Operation 281 [1/1] (0.00ns)   --->   "%data_1773_V_read_1 = call i8 @_ssdm_op_Read.ap_auto.i8(i8 %data_1773_V_read)"   --->   Operation 281 'read' 'data_1773_V_read_1' <Predicate = true> <Delay = 0.00>
ST_1 : Operation 282 [1/1] (0.00ns)   --->   "%data_1772_V_read_1 = call i8 @_ssdm_op_Read.ap_auto.i8(i8 %data_1772_V_read)"   --->   Operation 282 'read' 'data_1772_V_read_1' <Predicate = true> <Delay = 0.00>
ST_1 : Operation 283 [1/1] (0.00ns)   --->   "%data_1771_V_read_1 = call i8 @_ssdm_op_Read.ap_auto.i8(i8 %data_1771_V_read)"   --->   Operation 283 'read' 'data_1771_V_read_1' <Predicate = true> <Delay = 0.00>
ST_1 : Operation 284 [1/1] (0.00ns)   --->   "%data_1770_V_read_1 = call i8 @_ssdm_op_Read.ap_auto.i8(i8 %data_1770_V_read)"   --->   Operation 284 'read' 'data_1770_V_read_1' <Predicate = true> <Delay = 0.00>
ST_1 : Operation 285 [1/1] (0.00ns)   --->   "%data_1769_V_read_1 = call i8 @_ssdm_op_Read.ap_auto.i8(i8 %data_1769_V_read)"   --->   Operation 285 'read' 'data_1769_V_read_1' <Predicate = true> <Delay = 0.00>
ST_1 : Operation 286 [1/1] (0.00ns)   --->   "%data_1768_V_read_1 = call i8 @_ssdm_op_Read.ap_auto.i8(i8 %data_1768_V_read)"   --->   Operation 286 'read' 'data_1768_V_read_1' <Predicate = true> <Delay = 0.00>
ST_1 : Operation 287 [1/1] (0.00ns)   --->   "%data_1767_V_read_1 = call i8 @_ssdm_op_Read.ap_auto.i8(i8 %data_1767_V_read)"   --->   Operation 287 'read' 'data_1767_V_read_1' <Predicate = true> <Delay = 0.00>
ST_1 : Operation 288 [1/1] (0.00ns)   --->   "%data_1766_V_read_1 = call i8 @_ssdm_op_Read.ap_auto.i8(i8 %data_1766_V_read)"   --->   Operation 288 'read' 'data_1766_V_read_1' <Predicate = true> <Delay = 0.00>
ST_1 : Operation 289 [1/1] (0.00ns)   --->   "%data_1765_V_read_1 = call i8 @_ssdm_op_Read.ap_auto.i8(i8 %data_1765_V_read)"   --->   Operation 289 'read' 'data_1765_V_read_1' <Predicate = true> <Delay = 0.00>
ST_1 : Operation 290 [1/1] (0.00ns)   --->   "%data_1764_V_read_1 = call i8 @_ssdm_op_Read.ap_auto.i8(i8 %data_1764_V_read)"   --->   Operation 290 'read' 'data_1764_V_read_1' <Predicate = true> <Delay = 0.00>
ST_1 : Operation 291 [1/1] (0.00ns)   --->   "%data_1763_V_read_1 = call i8 @_ssdm_op_Read.ap_auto.i8(i8 %data_1763_V_read)"   --->   Operation 291 'read' 'data_1763_V_read_1' <Predicate = true> <Delay = 0.00>
ST_1 : Operation 292 [1/1] (0.00ns)   --->   "%data_1762_V_read_1 = call i8 @_ssdm_op_Read.ap_auto.i8(i8 %data_1762_V_read)"   --->   Operation 292 'read' 'data_1762_V_read_1' <Predicate = true> <Delay = 0.00>
ST_1 : Operation 293 [1/1] (0.00ns)   --->   "%data_1761_V_read_1 = call i8 @_ssdm_op_Read.ap_auto.i8(i8 %data_1761_V_read)"   --->   Operation 293 'read' 'data_1761_V_read_1' <Predicate = true> <Delay = 0.00>
ST_1 : Operation 294 [1/1] (0.00ns)   --->   "%data_1760_V_read_1 = call i8 @_ssdm_op_Read.ap_auto.i8(i8 %data_1760_V_read)"   --->   Operation 294 'read' 'data_1760_V_read_1' <Predicate = true> <Delay = 0.00>
ST_1 : Operation 295 [1/1] (0.00ns)   --->   "%data_1759_V_read_1 = call i8 @_ssdm_op_Read.ap_auto.i8(i8 %data_1759_V_read)"   --->   Operation 295 'read' 'data_1759_V_read_1' <Predicate = true> <Delay = 0.00>
ST_1 : Operation 296 [1/1] (0.00ns)   --->   "%data_1758_V_read_1 = call i8 @_ssdm_op_Read.ap_auto.i8(i8 %data_1758_V_read)"   --->   Operation 296 'read' 'data_1758_V_read_1' <Predicate = true> <Delay = 0.00>
ST_1 : Operation 297 [1/1] (0.00ns)   --->   "%data_1757_V_read_1 = call i8 @_ssdm_op_Read.ap_auto.i8(i8 %data_1757_V_read)"   --->   Operation 297 'read' 'data_1757_V_read_1' <Predicate = true> <Delay = 0.00>
ST_1 : Operation 298 [1/1] (0.00ns)   --->   "%data_1756_V_read_1 = call i8 @_ssdm_op_Read.ap_auto.i8(i8 %data_1756_V_read)"   --->   Operation 298 'read' 'data_1756_V_read_1' <Predicate = true> <Delay = 0.00>
ST_1 : Operation 299 [1/1] (0.00ns)   --->   "%data_1755_V_read_1 = call i8 @_ssdm_op_Read.ap_auto.i8(i8 %data_1755_V_read)"   --->   Operation 299 'read' 'data_1755_V_read_1' <Predicate = true> <Delay = 0.00>
ST_1 : Operation 300 [1/1] (0.00ns)   --->   "%data_1754_V_read_1 = call i8 @_ssdm_op_Read.ap_auto.i8(i8 %data_1754_V_read)"   --->   Operation 300 'read' 'data_1754_V_read_1' <Predicate = true> <Delay = 0.00>
ST_1 : Operation 301 [1/1] (0.00ns)   --->   "%data_1753_V_read_1 = call i8 @_ssdm_op_Read.ap_auto.i8(i8 %data_1753_V_read)"   --->   Operation 301 'read' 'data_1753_V_read_1' <Predicate = true> <Delay = 0.00>
ST_1 : Operation 302 [1/1] (0.00ns)   --->   "%data_1752_V_read_1 = call i8 @_ssdm_op_Read.ap_auto.i8(i8 %data_1752_V_read)"   --->   Operation 302 'read' 'data_1752_V_read_1' <Predicate = true> <Delay = 0.00>
ST_1 : Operation 303 [1/1] (0.00ns)   --->   "%data_1751_V_read_1 = call i8 @_ssdm_op_Read.ap_auto.i8(i8 %data_1751_V_read)"   --->   Operation 303 'read' 'data_1751_V_read_1' <Predicate = true> <Delay = 0.00>
ST_1 : Operation 304 [1/1] (0.00ns)   --->   "%data_1750_V_read_1 = call i8 @_ssdm_op_Read.ap_auto.i8(i8 %data_1750_V_read)"   --->   Operation 304 'read' 'data_1750_V_read_1' <Predicate = true> <Delay = 0.00>
ST_1 : Operation 305 [1/1] (0.00ns)   --->   "%data_1749_V_read_1 = call i8 @_ssdm_op_Read.ap_auto.i8(i8 %data_1749_V_read)"   --->   Operation 305 'read' 'data_1749_V_read_1' <Predicate = true> <Delay = 0.00>
ST_1 : Operation 306 [1/1] (0.00ns)   --->   "%data_1748_V_read_1 = call i8 @_ssdm_op_Read.ap_auto.i8(i8 %data_1748_V_read)"   --->   Operation 306 'read' 'data_1748_V_read_1' <Predicate = true> <Delay = 0.00>
ST_1 : Operation 307 [1/1] (0.00ns)   --->   "%data_1747_V_read_1 = call i8 @_ssdm_op_Read.ap_auto.i8(i8 %data_1747_V_read)"   --->   Operation 307 'read' 'data_1747_V_read_1' <Predicate = true> <Delay = 0.00>
ST_1 : Operation 308 [1/1] (0.00ns)   --->   "%data_1746_V_read_1 = call i8 @_ssdm_op_Read.ap_auto.i8(i8 %data_1746_V_read)"   --->   Operation 308 'read' 'data_1746_V_read_1' <Predicate = true> <Delay = 0.00>
ST_1 : Operation 309 [1/1] (0.00ns)   --->   "%data_1745_V_read_1 = call i8 @_ssdm_op_Read.ap_auto.i8(i8 %data_1745_V_read)"   --->   Operation 309 'read' 'data_1745_V_read_1' <Predicate = true> <Delay = 0.00>
ST_1 : Operation 310 [1/1] (0.00ns)   --->   "%data_1744_V_read_1 = call i8 @_ssdm_op_Read.ap_auto.i8(i8 %data_1744_V_read)"   --->   Operation 310 'read' 'data_1744_V_read_1' <Predicate = true> <Delay = 0.00>
ST_1 : Operation 311 [1/1] (0.00ns)   --->   "%data_1743_V_read_1 = call i8 @_ssdm_op_Read.ap_auto.i8(i8 %data_1743_V_read)"   --->   Operation 311 'read' 'data_1743_V_read_1' <Predicate = true> <Delay = 0.00>
ST_1 : Operation 312 [1/1] (0.00ns)   --->   "%data_1742_V_read_1 = call i8 @_ssdm_op_Read.ap_auto.i8(i8 %data_1742_V_read)"   --->   Operation 312 'read' 'data_1742_V_read_1' <Predicate = true> <Delay = 0.00>
ST_1 : Operation 313 [1/1] (0.00ns)   --->   "%data_1741_V_read_1 = call i8 @_ssdm_op_Read.ap_auto.i8(i8 %data_1741_V_read)"   --->   Operation 313 'read' 'data_1741_V_read_1' <Predicate = true> <Delay = 0.00>
ST_1 : Operation 314 [1/1] (0.00ns)   --->   "%data_1740_V_read_1 = call i8 @_ssdm_op_Read.ap_auto.i8(i8 %data_1740_V_read)"   --->   Operation 314 'read' 'data_1740_V_read_1' <Predicate = true> <Delay = 0.00>
ST_1 : Operation 315 [1/1] (0.00ns)   --->   "%data_1739_V_read_1 = call i8 @_ssdm_op_Read.ap_auto.i8(i8 %data_1739_V_read)"   --->   Operation 315 'read' 'data_1739_V_read_1' <Predicate = true> <Delay = 0.00>
ST_1 : Operation 316 [1/1] (0.00ns)   --->   "%data_1738_V_read_1 = call i8 @_ssdm_op_Read.ap_auto.i8(i8 %data_1738_V_read)"   --->   Operation 316 'read' 'data_1738_V_read_1' <Predicate = true> <Delay = 0.00>
ST_1 : Operation 317 [1/1] (0.00ns)   --->   "%data_1737_V_read_1 = call i8 @_ssdm_op_Read.ap_auto.i8(i8 %data_1737_V_read)"   --->   Operation 317 'read' 'data_1737_V_read_1' <Predicate = true> <Delay = 0.00>
ST_1 : Operation 318 [1/1] (0.00ns)   --->   "%data_1736_V_read_1 = call i8 @_ssdm_op_Read.ap_auto.i8(i8 %data_1736_V_read)"   --->   Operation 318 'read' 'data_1736_V_read_1' <Predicate = true> <Delay = 0.00>
ST_1 : Operation 319 [1/1] (0.00ns)   --->   "%data_1735_V_read_1 = call i8 @_ssdm_op_Read.ap_auto.i8(i8 %data_1735_V_read)"   --->   Operation 319 'read' 'data_1735_V_read_1' <Predicate = true> <Delay = 0.00>
ST_1 : Operation 320 [1/1] (0.00ns)   --->   "%data_1734_V_read_1 = call i8 @_ssdm_op_Read.ap_auto.i8(i8 %data_1734_V_read)"   --->   Operation 320 'read' 'data_1734_V_read_1' <Predicate = true> <Delay = 0.00>
ST_1 : Operation 321 [1/1] (0.00ns)   --->   "%data_1733_V_read_1 = call i8 @_ssdm_op_Read.ap_auto.i8(i8 %data_1733_V_read)"   --->   Operation 321 'read' 'data_1733_V_read_1' <Predicate = true> <Delay = 0.00>
ST_1 : Operation 322 [1/1] (0.00ns)   --->   "%data_1732_V_read_1 = call i8 @_ssdm_op_Read.ap_auto.i8(i8 %data_1732_V_read)"   --->   Operation 322 'read' 'data_1732_V_read_1' <Predicate = true> <Delay = 0.00>
ST_1 : Operation 323 [1/1] (0.00ns)   --->   "%data_1731_V_read_1 = call i8 @_ssdm_op_Read.ap_auto.i8(i8 %data_1731_V_read)"   --->   Operation 323 'read' 'data_1731_V_read_1' <Predicate = true> <Delay = 0.00>
ST_1 : Operation 324 [1/1] (0.00ns)   --->   "%data_1730_V_read_1 = call i8 @_ssdm_op_Read.ap_auto.i8(i8 %data_1730_V_read)"   --->   Operation 324 'read' 'data_1730_V_read_1' <Predicate = true> <Delay = 0.00>
ST_1 : Operation 325 [1/1] (0.00ns)   --->   "%data_1729_V_read_1 = call i8 @_ssdm_op_Read.ap_auto.i8(i8 %data_1729_V_read)"   --->   Operation 325 'read' 'data_1729_V_read_1' <Predicate = true> <Delay = 0.00>
ST_1 : Operation 326 [1/1] (0.00ns)   --->   "%data_1728_V_read_1 = call i8 @_ssdm_op_Read.ap_auto.i8(i8 %data_1728_V_read)"   --->   Operation 326 'read' 'data_1728_V_read_1' <Predicate = true> <Delay = 0.00>
ST_1 : Operation 327 [1/1] (0.00ns)   --->   "%data_1727_V_read_1 = call i8 @_ssdm_op_Read.ap_auto.i8(i8 %data_1727_V_read)"   --->   Operation 327 'read' 'data_1727_V_read_1' <Predicate = true> <Delay = 0.00>
ST_1 : Operation 328 [1/1] (0.00ns)   --->   "%data_1726_V_read_1 = call i8 @_ssdm_op_Read.ap_auto.i8(i8 %data_1726_V_read)"   --->   Operation 328 'read' 'data_1726_V_read_1' <Predicate = true> <Delay = 0.00>
ST_1 : Operation 329 [1/1] (0.00ns)   --->   "%data_1725_V_read_1 = call i8 @_ssdm_op_Read.ap_auto.i8(i8 %data_1725_V_read)"   --->   Operation 329 'read' 'data_1725_V_read_1' <Predicate = true> <Delay = 0.00>
ST_1 : Operation 330 [1/1] (0.00ns)   --->   "%data_1724_V_read_1 = call i8 @_ssdm_op_Read.ap_auto.i8(i8 %data_1724_V_read)"   --->   Operation 330 'read' 'data_1724_V_read_1' <Predicate = true> <Delay = 0.00>
ST_1 : Operation 331 [1/1] (0.00ns)   --->   "%data_1723_V_read_1 = call i8 @_ssdm_op_Read.ap_auto.i8(i8 %data_1723_V_read)"   --->   Operation 331 'read' 'data_1723_V_read_1' <Predicate = true> <Delay = 0.00>
ST_1 : Operation 332 [1/1] (0.00ns)   --->   "%data_1722_V_read_1 = call i8 @_ssdm_op_Read.ap_auto.i8(i8 %data_1722_V_read)"   --->   Operation 332 'read' 'data_1722_V_read_1' <Predicate = true> <Delay = 0.00>
ST_1 : Operation 333 [1/1] (0.00ns)   --->   "%data_1721_V_read_1 = call i8 @_ssdm_op_Read.ap_auto.i8(i8 %data_1721_V_read)"   --->   Operation 333 'read' 'data_1721_V_read_1' <Predicate = true> <Delay = 0.00>
ST_1 : Operation 334 [1/1] (0.00ns)   --->   "%data_1720_V_read_1 = call i8 @_ssdm_op_Read.ap_auto.i8(i8 %data_1720_V_read)"   --->   Operation 334 'read' 'data_1720_V_read_1' <Predicate = true> <Delay = 0.00>
ST_1 : Operation 335 [1/1] (0.00ns)   --->   "%data_1719_V_read_1 = call i8 @_ssdm_op_Read.ap_auto.i8(i8 %data_1719_V_read)"   --->   Operation 335 'read' 'data_1719_V_read_1' <Predicate = true> <Delay = 0.00>
ST_1 : Operation 336 [1/1] (0.00ns)   --->   "%data_1718_V_read_1 = call i8 @_ssdm_op_Read.ap_auto.i8(i8 %data_1718_V_read)"   --->   Operation 336 'read' 'data_1718_V_read_1' <Predicate = true> <Delay = 0.00>
ST_1 : Operation 337 [1/1] (0.00ns)   --->   "%data_1717_V_read_1 = call i8 @_ssdm_op_Read.ap_auto.i8(i8 %data_1717_V_read)"   --->   Operation 337 'read' 'data_1717_V_read_1' <Predicate = true> <Delay = 0.00>
ST_1 : Operation 338 [1/1] (0.00ns)   --->   "%data_1716_V_read_1 = call i8 @_ssdm_op_Read.ap_auto.i8(i8 %data_1716_V_read)"   --->   Operation 338 'read' 'data_1716_V_read_1' <Predicate = true> <Delay = 0.00>
ST_1 : Operation 339 [1/1] (0.00ns)   --->   "%data_1715_V_read_1 = call i8 @_ssdm_op_Read.ap_auto.i8(i8 %data_1715_V_read)"   --->   Operation 339 'read' 'data_1715_V_read_1' <Predicate = true> <Delay = 0.00>
ST_1 : Operation 340 [1/1] (0.00ns)   --->   "%data_1714_V_read_1 = call i8 @_ssdm_op_Read.ap_auto.i8(i8 %data_1714_V_read)"   --->   Operation 340 'read' 'data_1714_V_read_1' <Predicate = true> <Delay = 0.00>
ST_1 : Operation 341 [1/1] (0.00ns)   --->   "%data_1713_V_read_1 = call i8 @_ssdm_op_Read.ap_auto.i8(i8 %data_1713_V_read)"   --->   Operation 341 'read' 'data_1713_V_read_1' <Predicate = true> <Delay = 0.00>
ST_1 : Operation 342 [1/1] (0.00ns)   --->   "%data_1712_V_read_1 = call i8 @_ssdm_op_Read.ap_auto.i8(i8 %data_1712_V_read)"   --->   Operation 342 'read' 'data_1712_V_read_1' <Predicate = true> <Delay = 0.00>
ST_1 : Operation 343 [1/1] (0.00ns)   --->   "%data_1711_V_read_1 = call i8 @_ssdm_op_Read.ap_auto.i8(i8 %data_1711_V_read)"   --->   Operation 343 'read' 'data_1711_V_read_1' <Predicate = true> <Delay = 0.00>
ST_1 : Operation 344 [1/1] (0.00ns)   --->   "%data_1710_V_read_1 = call i8 @_ssdm_op_Read.ap_auto.i8(i8 %data_1710_V_read)"   --->   Operation 344 'read' 'data_1710_V_read_1' <Predicate = true> <Delay = 0.00>
ST_1 : Operation 345 [1/1] (0.00ns)   --->   "%data_1709_V_read_1 = call i8 @_ssdm_op_Read.ap_auto.i8(i8 %data_1709_V_read)"   --->   Operation 345 'read' 'data_1709_V_read_1' <Predicate = true> <Delay = 0.00>
ST_1 : Operation 346 [1/1] (0.00ns)   --->   "%data_1708_V_read_1 = call i8 @_ssdm_op_Read.ap_auto.i8(i8 %data_1708_V_read)"   --->   Operation 346 'read' 'data_1708_V_read_1' <Predicate = true> <Delay = 0.00>
ST_1 : Operation 347 [1/1] (0.00ns)   --->   "%data_1707_V_read_1 = call i8 @_ssdm_op_Read.ap_auto.i8(i8 %data_1707_V_read)"   --->   Operation 347 'read' 'data_1707_V_read_1' <Predicate = true> <Delay = 0.00>
ST_1 : Operation 348 [1/1] (0.00ns)   --->   "%data_1706_V_read_1 = call i8 @_ssdm_op_Read.ap_auto.i8(i8 %data_1706_V_read)"   --->   Operation 348 'read' 'data_1706_V_read_1' <Predicate = true> <Delay = 0.00>
ST_1 : Operation 349 [1/1] (0.00ns)   --->   "%data_1705_V_read_1 = call i8 @_ssdm_op_Read.ap_auto.i8(i8 %data_1705_V_read)"   --->   Operation 349 'read' 'data_1705_V_read_1' <Predicate = true> <Delay = 0.00>
ST_1 : Operation 350 [1/1] (0.00ns)   --->   "%data_1704_V_read_1 = call i8 @_ssdm_op_Read.ap_auto.i8(i8 %data_1704_V_read)"   --->   Operation 350 'read' 'data_1704_V_read_1' <Predicate = true> <Delay = 0.00>
ST_1 : Operation 351 [1/1] (0.00ns)   --->   "%data_1703_V_read_1 = call i8 @_ssdm_op_Read.ap_auto.i8(i8 %data_1703_V_read)"   --->   Operation 351 'read' 'data_1703_V_read_1' <Predicate = true> <Delay = 0.00>
ST_1 : Operation 352 [1/1] (0.00ns)   --->   "%data_1702_V_read_1 = call i8 @_ssdm_op_Read.ap_auto.i8(i8 %data_1702_V_read)"   --->   Operation 352 'read' 'data_1702_V_read_1' <Predicate = true> <Delay = 0.00>
ST_1 : Operation 353 [1/1] (0.00ns)   --->   "%data_1701_V_read_1 = call i8 @_ssdm_op_Read.ap_auto.i8(i8 %data_1701_V_read)"   --->   Operation 353 'read' 'data_1701_V_read_1' <Predicate = true> <Delay = 0.00>
ST_1 : Operation 354 [1/1] (0.00ns)   --->   "%data_1700_V_read_1 = call i8 @_ssdm_op_Read.ap_auto.i8(i8 %data_1700_V_read)"   --->   Operation 354 'read' 'data_1700_V_read_1' <Predicate = true> <Delay = 0.00>
ST_1 : Operation 355 [1/1] (0.00ns)   --->   "%data_1699_V_read_1 = call i8 @_ssdm_op_Read.ap_auto.i8(i8 %data_1699_V_read)"   --->   Operation 355 'read' 'data_1699_V_read_1' <Predicate = true> <Delay = 0.00>
ST_1 : Operation 356 [1/1] (0.00ns)   --->   "%data_1698_V_read_1 = call i8 @_ssdm_op_Read.ap_auto.i8(i8 %data_1698_V_read)"   --->   Operation 356 'read' 'data_1698_V_read_1' <Predicate = true> <Delay = 0.00>
ST_1 : Operation 357 [1/1] (0.00ns)   --->   "%data_1697_V_read_1 = call i8 @_ssdm_op_Read.ap_auto.i8(i8 %data_1697_V_read)"   --->   Operation 357 'read' 'data_1697_V_read_1' <Predicate = true> <Delay = 0.00>
ST_1 : Operation 358 [1/1] (0.00ns)   --->   "%data_1696_V_read_1 = call i8 @_ssdm_op_Read.ap_auto.i8(i8 %data_1696_V_read)"   --->   Operation 358 'read' 'data_1696_V_read_1' <Predicate = true> <Delay = 0.00>
ST_1 : Operation 359 [1/1] (0.00ns)   --->   "%data_1695_V_read_1 = call i8 @_ssdm_op_Read.ap_auto.i8(i8 %data_1695_V_read)"   --->   Operation 359 'read' 'data_1695_V_read_1' <Predicate = true> <Delay = 0.00>
ST_1 : Operation 360 [1/1] (0.00ns)   --->   "%data_1694_V_read_1 = call i8 @_ssdm_op_Read.ap_auto.i8(i8 %data_1694_V_read)"   --->   Operation 360 'read' 'data_1694_V_read_1' <Predicate = true> <Delay = 0.00>
ST_1 : Operation 361 [1/1] (0.00ns)   --->   "%data_1693_V_read_1 = call i8 @_ssdm_op_Read.ap_auto.i8(i8 %data_1693_V_read)"   --->   Operation 361 'read' 'data_1693_V_read_1' <Predicate = true> <Delay = 0.00>
ST_1 : Operation 362 [1/1] (0.00ns)   --->   "%data_1692_V_read_1 = call i8 @_ssdm_op_Read.ap_auto.i8(i8 %data_1692_V_read)"   --->   Operation 362 'read' 'data_1692_V_read_1' <Predicate = true> <Delay = 0.00>
ST_1 : Operation 363 [1/1] (0.00ns)   --->   "%data_1691_V_read_1 = call i8 @_ssdm_op_Read.ap_auto.i8(i8 %data_1691_V_read)"   --->   Operation 363 'read' 'data_1691_V_read_1' <Predicate = true> <Delay = 0.00>
ST_1 : Operation 364 [1/1] (0.00ns)   --->   "%data_1690_V_read_1 = call i8 @_ssdm_op_Read.ap_auto.i8(i8 %data_1690_V_read)"   --->   Operation 364 'read' 'data_1690_V_read_1' <Predicate = true> <Delay = 0.00>
ST_1 : Operation 365 [1/1] (0.00ns)   --->   "%data_1689_V_read_1 = call i8 @_ssdm_op_Read.ap_auto.i8(i8 %data_1689_V_read)"   --->   Operation 365 'read' 'data_1689_V_read_1' <Predicate = true> <Delay = 0.00>
ST_1 : Operation 366 [1/1] (0.00ns)   --->   "%data_1688_V_read_1 = call i8 @_ssdm_op_Read.ap_auto.i8(i8 %data_1688_V_read)"   --->   Operation 366 'read' 'data_1688_V_read_1' <Predicate = true> <Delay = 0.00>
ST_1 : Operation 367 [1/1] (0.00ns)   --->   "%data_1687_V_read_1 = call i8 @_ssdm_op_Read.ap_auto.i8(i8 %data_1687_V_read)"   --->   Operation 367 'read' 'data_1687_V_read_1' <Predicate = true> <Delay = 0.00>
ST_1 : Operation 368 [1/1] (0.00ns)   --->   "%data_1686_V_read_1 = call i8 @_ssdm_op_Read.ap_auto.i8(i8 %data_1686_V_read)"   --->   Operation 368 'read' 'data_1686_V_read_1' <Predicate = true> <Delay = 0.00>
ST_1 : Operation 369 [1/1] (0.00ns)   --->   "%data_1685_V_read_1 = call i8 @_ssdm_op_Read.ap_auto.i8(i8 %data_1685_V_read)"   --->   Operation 369 'read' 'data_1685_V_read_1' <Predicate = true> <Delay = 0.00>
ST_1 : Operation 370 [1/1] (0.00ns)   --->   "%data_1684_V_read_1 = call i8 @_ssdm_op_Read.ap_auto.i8(i8 %data_1684_V_read)"   --->   Operation 370 'read' 'data_1684_V_read_1' <Predicate = true> <Delay = 0.00>
ST_1 : Operation 371 [1/1] (0.00ns)   --->   "%data_1683_V_read_1 = call i8 @_ssdm_op_Read.ap_auto.i8(i8 %data_1683_V_read)"   --->   Operation 371 'read' 'data_1683_V_read_1' <Predicate = true> <Delay = 0.00>
ST_1 : Operation 372 [1/1] (0.00ns)   --->   "%data_1682_V_read_1 = call i8 @_ssdm_op_Read.ap_auto.i8(i8 %data_1682_V_read)"   --->   Operation 372 'read' 'data_1682_V_read_1' <Predicate = true> <Delay = 0.00>
ST_1 : Operation 373 [1/1] (0.00ns)   --->   "%data_1681_V_read_1 = call i8 @_ssdm_op_Read.ap_auto.i8(i8 %data_1681_V_read)"   --->   Operation 373 'read' 'data_1681_V_read_1' <Predicate = true> <Delay = 0.00>
ST_1 : Operation 374 [1/1] (0.00ns)   --->   "%data_1680_V_read_1 = call i8 @_ssdm_op_Read.ap_auto.i8(i8 %data_1680_V_read)"   --->   Operation 374 'read' 'data_1680_V_read_1' <Predicate = true> <Delay = 0.00>
ST_1 : Operation 375 [1/1] (0.00ns)   --->   "%data_1679_V_read_1 = call i8 @_ssdm_op_Read.ap_auto.i8(i8 %data_1679_V_read)"   --->   Operation 375 'read' 'data_1679_V_read_1' <Predicate = true> <Delay = 0.00>
ST_1 : Operation 376 [1/1] (0.00ns)   --->   "%data_1678_V_read_1 = call i8 @_ssdm_op_Read.ap_auto.i8(i8 %data_1678_V_read)"   --->   Operation 376 'read' 'data_1678_V_read_1' <Predicate = true> <Delay = 0.00>
ST_1 : Operation 377 [1/1] (0.00ns)   --->   "%data_1677_V_read_1 = call i8 @_ssdm_op_Read.ap_auto.i8(i8 %data_1677_V_read)"   --->   Operation 377 'read' 'data_1677_V_read_1' <Predicate = true> <Delay = 0.00>
ST_1 : Operation 378 [1/1] (0.00ns)   --->   "%data_1676_V_read_1 = call i8 @_ssdm_op_Read.ap_auto.i8(i8 %data_1676_V_read)"   --->   Operation 378 'read' 'data_1676_V_read_1' <Predicate = true> <Delay = 0.00>
ST_1 : Operation 379 [1/1] (0.00ns)   --->   "%data_1675_V_read_1 = call i8 @_ssdm_op_Read.ap_auto.i8(i8 %data_1675_V_read)"   --->   Operation 379 'read' 'data_1675_V_read_1' <Predicate = true> <Delay = 0.00>
ST_1 : Operation 380 [1/1] (0.00ns)   --->   "%data_1674_V_read_1 = call i8 @_ssdm_op_Read.ap_auto.i8(i8 %data_1674_V_read)"   --->   Operation 380 'read' 'data_1674_V_read_1' <Predicate = true> <Delay = 0.00>
ST_1 : Operation 381 [1/1] (0.00ns)   --->   "%data_1673_V_read_1 = call i8 @_ssdm_op_Read.ap_auto.i8(i8 %data_1673_V_read)"   --->   Operation 381 'read' 'data_1673_V_read_1' <Predicate = true> <Delay = 0.00>
ST_1 : Operation 382 [1/1] (0.00ns)   --->   "%data_1672_V_read_1 = call i8 @_ssdm_op_Read.ap_auto.i8(i8 %data_1672_V_read)"   --->   Operation 382 'read' 'data_1672_V_read_1' <Predicate = true> <Delay = 0.00>
ST_1 : Operation 383 [1/1] (0.00ns)   --->   "%data_1671_V_read_1 = call i8 @_ssdm_op_Read.ap_auto.i8(i8 %data_1671_V_read)"   --->   Operation 383 'read' 'data_1671_V_read_1' <Predicate = true> <Delay = 0.00>
ST_1 : Operation 384 [1/1] (0.00ns)   --->   "%data_1670_V_read_1 = call i8 @_ssdm_op_Read.ap_auto.i8(i8 %data_1670_V_read)"   --->   Operation 384 'read' 'data_1670_V_read_1' <Predicate = true> <Delay = 0.00>
ST_1 : Operation 385 [1/1] (0.00ns)   --->   "%data_1669_V_read_1 = call i8 @_ssdm_op_Read.ap_auto.i8(i8 %data_1669_V_read)"   --->   Operation 385 'read' 'data_1669_V_read_1' <Predicate = true> <Delay = 0.00>
ST_1 : Operation 386 [1/1] (0.00ns)   --->   "%data_1668_V_read_1 = call i8 @_ssdm_op_Read.ap_auto.i8(i8 %data_1668_V_read)"   --->   Operation 386 'read' 'data_1668_V_read_1' <Predicate = true> <Delay = 0.00>
ST_1 : Operation 387 [1/1] (0.00ns)   --->   "%data_1667_V_read_1 = call i8 @_ssdm_op_Read.ap_auto.i8(i8 %data_1667_V_read)"   --->   Operation 387 'read' 'data_1667_V_read_1' <Predicate = true> <Delay = 0.00>
ST_1 : Operation 388 [1/1] (0.00ns)   --->   "%data_1666_V_read_1 = call i8 @_ssdm_op_Read.ap_auto.i8(i8 %data_1666_V_read)"   --->   Operation 388 'read' 'data_1666_V_read_1' <Predicate = true> <Delay = 0.00>
ST_1 : Operation 389 [1/1] (0.00ns)   --->   "%data_1665_V_read_1 = call i8 @_ssdm_op_Read.ap_auto.i8(i8 %data_1665_V_read)"   --->   Operation 389 'read' 'data_1665_V_read_1' <Predicate = true> <Delay = 0.00>
ST_1 : Operation 390 [1/1] (0.00ns)   --->   "%data_1664_V_read_1 = call i8 @_ssdm_op_Read.ap_auto.i8(i8 %data_1664_V_read)"   --->   Operation 390 'read' 'data_1664_V_read_1' <Predicate = true> <Delay = 0.00>
ST_1 : Operation 391 [1/1] (0.00ns)   --->   "%data_1663_V_read_1 = call i8 @_ssdm_op_Read.ap_auto.i8(i8 %data_1663_V_read)"   --->   Operation 391 'read' 'data_1663_V_read_1' <Predicate = true> <Delay = 0.00>
ST_1 : Operation 392 [1/1] (0.00ns)   --->   "%data_1662_V_read_1 = call i8 @_ssdm_op_Read.ap_auto.i8(i8 %data_1662_V_read)"   --->   Operation 392 'read' 'data_1662_V_read_1' <Predicate = true> <Delay = 0.00>
ST_1 : Operation 393 [1/1] (0.00ns)   --->   "%data_1661_V_read_1 = call i8 @_ssdm_op_Read.ap_auto.i8(i8 %data_1661_V_read)"   --->   Operation 393 'read' 'data_1661_V_read_1' <Predicate = true> <Delay = 0.00>
ST_1 : Operation 394 [1/1] (0.00ns)   --->   "%data_1660_V_read_1 = call i8 @_ssdm_op_Read.ap_auto.i8(i8 %data_1660_V_read)"   --->   Operation 394 'read' 'data_1660_V_read_1' <Predicate = true> <Delay = 0.00>
ST_1 : Operation 395 [1/1] (0.00ns)   --->   "%data_1659_V_read_1 = call i8 @_ssdm_op_Read.ap_auto.i8(i8 %data_1659_V_read)"   --->   Operation 395 'read' 'data_1659_V_read_1' <Predicate = true> <Delay = 0.00>
ST_1 : Operation 396 [1/1] (0.00ns)   --->   "%data_1658_V_read_1 = call i8 @_ssdm_op_Read.ap_auto.i8(i8 %data_1658_V_read)"   --->   Operation 396 'read' 'data_1658_V_read_1' <Predicate = true> <Delay = 0.00>
ST_1 : Operation 397 [1/1] (0.00ns)   --->   "%data_1657_V_read_1 = call i8 @_ssdm_op_Read.ap_auto.i8(i8 %data_1657_V_read)"   --->   Operation 397 'read' 'data_1657_V_read_1' <Predicate = true> <Delay = 0.00>
ST_1 : Operation 398 [1/1] (0.00ns)   --->   "%data_1656_V_read_1 = call i8 @_ssdm_op_Read.ap_auto.i8(i8 %data_1656_V_read)"   --->   Operation 398 'read' 'data_1656_V_read_1' <Predicate = true> <Delay = 0.00>
ST_1 : Operation 399 [1/1] (0.00ns)   --->   "%data_1655_V_read_1 = call i8 @_ssdm_op_Read.ap_auto.i8(i8 %data_1655_V_read)"   --->   Operation 399 'read' 'data_1655_V_read_1' <Predicate = true> <Delay = 0.00>
ST_1 : Operation 400 [1/1] (0.00ns)   --->   "%data_1654_V_read_1 = call i8 @_ssdm_op_Read.ap_auto.i8(i8 %data_1654_V_read)"   --->   Operation 400 'read' 'data_1654_V_read_1' <Predicate = true> <Delay = 0.00>
ST_1 : Operation 401 [1/1] (0.00ns)   --->   "%data_1653_V_read_1 = call i8 @_ssdm_op_Read.ap_auto.i8(i8 %data_1653_V_read)"   --->   Operation 401 'read' 'data_1653_V_read_1' <Predicate = true> <Delay = 0.00>
ST_1 : Operation 402 [1/1] (0.00ns)   --->   "%data_1652_V_read_1 = call i8 @_ssdm_op_Read.ap_auto.i8(i8 %data_1652_V_read)"   --->   Operation 402 'read' 'data_1652_V_read_1' <Predicate = true> <Delay = 0.00>
ST_1 : Operation 403 [1/1] (0.00ns)   --->   "%data_1651_V_read_1 = call i8 @_ssdm_op_Read.ap_auto.i8(i8 %data_1651_V_read)"   --->   Operation 403 'read' 'data_1651_V_read_1' <Predicate = true> <Delay = 0.00>
ST_1 : Operation 404 [1/1] (0.00ns)   --->   "%data_1650_V_read_1 = call i8 @_ssdm_op_Read.ap_auto.i8(i8 %data_1650_V_read)"   --->   Operation 404 'read' 'data_1650_V_read_1' <Predicate = true> <Delay = 0.00>
ST_1 : Operation 405 [1/1] (0.00ns)   --->   "%data_1649_V_read_1 = call i8 @_ssdm_op_Read.ap_auto.i8(i8 %data_1649_V_read)"   --->   Operation 405 'read' 'data_1649_V_read_1' <Predicate = true> <Delay = 0.00>
ST_1 : Operation 406 [1/1] (0.00ns)   --->   "%data_1648_V_read_1 = call i8 @_ssdm_op_Read.ap_auto.i8(i8 %data_1648_V_read)"   --->   Operation 406 'read' 'data_1648_V_read_1' <Predicate = true> <Delay = 0.00>
ST_1 : Operation 407 [1/1] (0.00ns)   --->   "%data_1647_V_read_1 = call i8 @_ssdm_op_Read.ap_auto.i8(i8 %data_1647_V_read)"   --->   Operation 407 'read' 'data_1647_V_read_1' <Predicate = true> <Delay = 0.00>
ST_1 : Operation 408 [1/1] (0.00ns)   --->   "%data_1646_V_read_1 = call i8 @_ssdm_op_Read.ap_auto.i8(i8 %data_1646_V_read)"   --->   Operation 408 'read' 'data_1646_V_read_1' <Predicate = true> <Delay = 0.00>
ST_1 : Operation 409 [1/1] (0.00ns)   --->   "%data_1645_V_read_1 = call i8 @_ssdm_op_Read.ap_auto.i8(i8 %data_1645_V_read)"   --->   Operation 409 'read' 'data_1645_V_read_1' <Predicate = true> <Delay = 0.00>
ST_1 : Operation 410 [1/1] (0.00ns)   --->   "%data_1644_V_read_1 = call i8 @_ssdm_op_Read.ap_auto.i8(i8 %data_1644_V_read)"   --->   Operation 410 'read' 'data_1644_V_read_1' <Predicate = true> <Delay = 0.00>
ST_1 : Operation 411 [1/1] (0.00ns)   --->   "%data_1643_V_read_1 = call i8 @_ssdm_op_Read.ap_auto.i8(i8 %data_1643_V_read)"   --->   Operation 411 'read' 'data_1643_V_read_1' <Predicate = true> <Delay = 0.00>
ST_1 : Operation 412 [1/1] (0.00ns)   --->   "%data_1642_V_read_1 = call i8 @_ssdm_op_Read.ap_auto.i8(i8 %data_1642_V_read)"   --->   Operation 412 'read' 'data_1642_V_read_1' <Predicate = true> <Delay = 0.00>
ST_1 : Operation 413 [1/1] (0.00ns)   --->   "%data_1641_V_read_1 = call i8 @_ssdm_op_Read.ap_auto.i8(i8 %data_1641_V_read)"   --->   Operation 413 'read' 'data_1641_V_read_1' <Predicate = true> <Delay = 0.00>
ST_1 : Operation 414 [1/1] (0.00ns)   --->   "%data_1640_V_read_1 = call i8 @_ssdm_op_Read.ap_auto.i8(i8 %data_1640_V_read)"   --->   Operation 414 'read' 'data_1640_V_read_1' <Predicate = true> <Delay = 0.00>
ST_1 : Operation 415 [1/1] (0.00ns)   --->   "%data_1639_V_read_1 = call i8 @_ssdm_op_Read.ap_auto.i8(i8 %data_1639_V_read)"   --->   Operation 415 'read' 'data_1639_V_read_1' <Predicate = true> <Delay = 0.00>
ST_1 : Operation 416 [1/1] (0.00ns)   --->   "%data_1638_V_read_1 = call i8 @_ssdm_op_Read.ap_auto.i8(i8 %data_1638_V_read)"   --->   Operation 416 'read' 'data_1638_V_read_1' <Predicate = true> <Delay = 0.00>
ST_1 : Operation 417 [1/1] (0.00ns)   --->   "%data_1637_V_read_1 = call i8 @_ssdm_op_Read.ap_auto.i8(i8 %data_1637_V_read)"   --->   Operation 417 'read' 'data_1637_V_read_1' <Predicate = true> <Delay = 0.00>
ST_1 : Operation 418 [1/1] (0.00ns)   --->   "%data_1636_V_read_1 = call i8 @_ssdm_op_Read.ap_auto.i8(i8 %data_1636_V_read)"   --->   Operation 418 'read' 'data_1636_V_read_1' <Predicate = true> <Delay = 0.00>
ST_1 : Operation 419 [1/1] (0.00ns)   --->   "%data_1635_V_read_1 = call i8 @_ssdm_op_Read.ap_auto.i8(i8 %data_1635_V_read)"   --->   Operation 419 'read' 'data_1635_V_read_1' <Predicate = true> <Delay = 0.00>
ST_1 : Operation 420 [1/1] (0.00ns)   --->   "%data_1634_V_read_1 = call i8 @_ssdm_op_Read.ap_auto.i8(i8 %data_1634_V_read)"   --->   Operation 420 'read' 'data_1634_V_read_1' <Predicate = true> <Delay = 0.00>
ST_1 : Operation 421 [1/1] (0.00ns)   --->   "%data_1633_V_read_1 = call i8 @_ssdm_op_Read.ap_auto.i8(i8 %data_1633_V_read)"   --->   Operation 421 'read' 'data_1633_V_read_1' <Predicate = true> <Delay = 0.00>
ST_1 : Operation 422 [1/1] (0.00ns)   --->   "%data_1632_V_read_1 = call i8 @_ssdm_op_Read.ap_auto.i8(i8 %data_1632_V_read)"   --->   Operation 422 'read' 'data_1632_V_read_1' <Predicate = true> <Delay = 0.00>
ST_1 : Operation 423 [1/1] (0.00ns)   --->   "%data_1631_V_read_1 = call i8 @_ssdm_op_Read.ap_auto.i8(i8 %data_1631_V_read)"   --->   Operation 423 'read' 'data_1631_V_read_1' <Predicate = true> <Delay = 0.00>
ST_1 : Operation 424 [1/1] (0.00ns)   --->   "%data_1630_V_read_1 = call i8 @_ssdm_op_Read.ap_auto.i8(i8 %data_1630_V_read)"   --->   Operation 424 'read' 'data_1630_V_read_1' <Predicate = true> <Delay = 0.00>
ST_1 : Operation 425 [1/1] (0.00ns)   --->   "%data_1629_V_read_1 = call i8 @_ssdm_op_Read.ap_auto.i8(i8 %data_1629_V_read)"   --->   Operation 425 'read' 'data_1629_V_read_1' <Predicate = true> <Delay = 0.00>
ST_1 : Operation 426 [1/1] (0.00ns)   --->   "%data_1628_V_read_1 = call i8 @_ssdm_op_Read.ap_auto.i8(i8 %data_1628_V_read)"   --->   Operation 426 'read' 'data_1628_V_read_1' <Predicate = true> <Delay = 0.00>
ST_1 : Operation 427 [1/1] (0.00ns)   --->   "%data_1627_V_read_1 = call i8 @_ssdm_op_Read.ap_auto.i8(i8 %data_1627_V_read)"   --->   Operation 427 'read' 'data_1627_V_read_1' <Predicate = true> <Delay = 0.00>
ST_1 : Operation 428 [1/1] (0.00ns)   --->   "%data_1626_V_read_1 = call i8 @_ssdm_op_Read.ap_auto.i8(i8 %data_1626_V_read)"   --->   Operation 428 'read' 'data_1626_V_read_1' <Predicate = true> <Delay = 0.00>
ST_1 : Operation 429 [1/1] (0.00ns)   --->   "%data_1625_V_read_1 = call i8 @_ssdm_op_Read.ap_auto.i8(i8 %data_1625_V_read)"   --->   Operation 429 'read' 'data_1625_V_read_1' <Predicate = true> <Delay = 0.00>
ST_1 : Operation 430 [1/1] (0.00ns)   --->   "%data_1624_V_read_1 = call i8 @_ssdm_op_Read.ap_auto.i8(i8 %data_1624_V_read)"   --->   Operation 430 'read' 'data_1624_V_read_1' <Predicate = true> <Delay = 0.00>
ST_1 : Operation 431 [1/1] (0.00ns)   --->   "%data_1623_V_read_1 = call i8 @_ssdm_op_Read.ap_auto.i8(i8 %data_1623_V_read)"   --->   Operation 431 'read' 'data_1623_V_read_1' <Predicate = true> <Delay = 0.00>
ST_1 : Operation 432 [1/1] (0.00ns)   --->   "%data_1622_V_read_1 = call i8 @_ssdm_op_Read.ap_auto.i8(i8 %data_1622_V_read)"   --->   Operation 432 'read' 'data_1622_V_read_1' <Predicate = true> <Delay = 0.00>
ST_1 : Operation 433 [1/1] (0.00ns)   --->   "%data_1621_V_read_1 = call i8 @_ssdm_op_Read.ap_auto.i8(i8 %data_1621_V_read)"   --->   Operation 433 'read' 'data_1621_V_read_1' <Predicate = true> <Delay = 0.00>
ST_1 : Operation 434 [1/1] (0.00ns)   --->   "%data_1620_V_read_1 = call i8 @_ssdm_op_Read.ap_auto.i8(i8 %data_1620_V_read)"   --->   Operation 434 'read' 'data_1620_V_read_1' <Predicate = true> <Delay = 0.00>
ST_1 : Operation 435 [1/1] (0.00ns)   --->   "%data_1619_V_read_1 = call i8 @_ssdm_op_Read.ap_auto.i8(i8 %data_1619_V_read)"   --->   Operation 435 'read' 'data_1619_V_read_1' <Predicate = true> <Delay = 0.00>
ST_1 : Operation 436 [1/1] (0.00ns)   --->   "%data_1618_V_read_1 = call i8 @_ssdm_op_Read.ap_auto.i8(i8 %data_1618_V_read)"   --->   Operation 436 'read' 'data_1618_V_read_1' <Predicate = true> <Delay = 0.00>
ST_1 : Operation 437 [1/1] (0.00ns)   --->   "%data_1617_V_read_1 = call i8 @_ssdm_op_Read.ap_auto.i8(i8 %data_1617_V_read)"   --->   Operation 437 'read' 'data_1617_V_read_1' <Predicate = true> <Delay = 0.00>
ST_1 : Operation 438 [1/1] (0.00ns)   --->   "%data_1616_V_read_1 = call i8 @_ssdm_op_Read.ap_auto.i8(i8 %data_1616_V_read)"   --->   Operation 438 'read' 'data_1616_V_read_1' <Predicate = true> <Delay = 0.00>
ST_1 : Operation 439 [1/1] (0.00ns)   --->   "%data_1615_V_read_1 = call i8 @_ssdm_op_Read.ap_auto.i8(i8 %data_1615_V_read)"   --->   Operation 439 'read' 'data_1615_V_read_1' <Predicate = true> <Delay = 0.00>
ST_1 : Operation 440 [1/1] (0.00ns)   --->   "%data_1614_V_read_1 = call i8 @_ssdm_op_Read.ap_auto.i8(i8 %data_1614_V_read)"   --->   Operation 440 'read' 'data_1614_V_read_1' <Predicate = true> <Delay = 0.00>
ST_1 : Operation 441 [1/1] (0.00ns)   --->   "%data_1613_V_read_1 = call i8 @_ssdm_op_Read.ap_auto.i8(i8 %data_1613_V_read)"   --->   Operation 441 'read' 'data_1613_V_read_1' <Predicate = true> <Delay = 0.00>
ST_1 : Operation 442 [1/1] (0.00ns)   --->   "%data_1612_V_read_1 = call i8 @_ssdm_op_Read.ap_auto.i8(i8 %data_1612_V_read)"   --->   Operation 442 'read' 'data_1612_V_read_1' <Predicate = true> <Delay = 0.00>
ST_1 : Operation 443 [1/1] (0.00ns)   --->   "%data_1611_V_read_1 = call i8 @_ssdm_op_Read.ap_auto.i8(i8 %data_1611_V_read)"   --->   Operation 443 'read' 'data_1611_V_read_1' <Predicate = true> <Delay = 0.00>
ST_1 : Operation 444 [1/1] (0.00ns)   --->   "%data_1610_V_read_1 = call i8 @_ssdm_op_Read.ap_auto.i8(i8 %data_1610_V_read)"   --->   Operation 444 'read' 'data_1610_V_read_1' <Predicate = true> <Delay = 0.00>
ST_1 : Operation 445 [1/1] (0.00ns)   --->   "%data_1609_V_read_1 = call i8 @_ssdm_op_Read.ap_auto.i8(i8 %data_1609_V_read)"   --->   Operation 445 'read' 'data_1609_V_read_1' <Predicate = true> <Delay = 0.00>
ST_1 : Operation 446 [1/1] (0.00ns)   --->   "%data_1608_V_read_1 = call i8 @_ssdm_op_Read.ap_auto.i8(i8 %data_1608_V_read)"   --->   Operation 446 'read' 'data_1608_V_read_1' <Predicate = true> <Delay = 0.00>
ST_1 : Operation 447 [1/1] (0.00ns)   --->   "%data_1607_V_read_1 = call i8 @_ssdm_op_Read.ap_auto.i8(i8 %data_1607_V_read)"   --->   Operation 447 'read' 'data_1607_V_read_1' <Predicate = true> <Delay = 0.00>
ST_1 : Operation 448 [1/1] (0.00ns)   --->   "%data_1606_V_read_1 = call i8 @_ssdm_op_Read.ap_auto.i8(i8 %data_1606_V_read)"   --->   Operation 448 'read' 'data_1606_V_read_1' <Predicate = true> <Delay = 0.00>
ST_1 : Operation 449 [1/1] (0.00ns)   --->   "%data_1605_V_read_1 = call i8 @_ssdm_op_Read.ap_auto.i8(i8 %data_1605_V_read)"   --->   Operation 449 'read' 'data_1605_V_read_1' <Predicate = true> <Delay = 0.00>
ST_1 : Operation 450 [1/1] (0.00ns)   --->   "%data_1604_V_read_1 = call i8 @_ssdm_op_Read.ap_auto.i8(i8 %data_1604_V_read)"   --->   Operation 450 'read' 'data_1604_V_read_1' <Predicate = true> <Delay = 0.00>
ST_1 : Operation 451 [1/1] (0.00ns)   --->   "%data_1603_V_read_1 = call i8 @_ssdm_op_Read.ap_auto.i8(i8 %data_1603_V_read)"   --->   Operation 451 'read' 'data_1603_V_read_1' <Predicate = true> <Delay = 0.00>
ST_1 : Operation 452 [1/1] (0.00ns)   --->   "%data_1602_V_read_1 = call i8 @_ssdm_op_Read.ap_auto.i8(i8 %data_1602_V_read)"   --->   Operation 452 'read' 'data_1602_V_read_1' <Predicate = true> <Delay = 0.00>
ST_1 : Operation 453 [1/1] (0.00ns)   --->   "%data_1601_V_read_1 = call i8 @_ssdm_op_Read.ap_auto.i8(i8 %data_1601_V_read)"   --->   Operation 453 'read' 'data_1601_V_read_1' <Predicate = true> <Delay = 0.00>
ST_1 : Operation 454 [1/1] (0.00ns)   --->   "%data_1600_V_read_1 = call i8 @_ssdm_op_Read.ap_auto.i8(i8 %data_1600_V_read)"   --->   Operation 454 'read' 'data_1600_V_read_1' <Predicate = true> <Delay = 0.00>
ST_1 : Operation 455 [1/1] (0.00ns)   --->   "%data_1599_V_read_1 = call i8 @_ssdm_op_Read.ap_auto.i8(i8 %data_1599_V_read)"   --->   Operation 455 'read' 'data_1599_V_read_1' <Predicate = true> <Delay = 0.00>
ST_1 : Operation 456 [1/1] (0.00ns)   --->   "%data_1598_V_read_1 = call i8 @_ssdm_op_Read.ap_auto.i8(i8 %data_1598_V_read)"   --->   Operation 456 'read' 'data_1598_V_read_1' <Predicate = true> <Delay = 0.00>
ST_1 : Operation 457 [1/1] (0.00ns)   --->   "%data_1597_V_read_1 = call i8 @_ssdm_op_Read.ap_auto.i8(i8 %data_1597_V_read)"   --->   Operation 457 'read' 'data_1597_V_read_1' <Predicate = true> <Delay = 0.00>
ST_1 : Operation 458 [1/1] (0.00ns)   --->   "%data_1596_V_read_1 = call i8 @_ssdm_op_Read.ap_auto.i8(i8 %data_1596_V_read)"   --->   Operation 458 'read' 'data_1596_V_read_1' <Predicate = true> <Delay = 0.00>
ST_1 : Operation 459 [1/1] (0.00ns)   --->   "%data_1595_V_read_1 = call i8 @_ssdm_op_Read.ap_auto.i8(i8 %data_1595_V_read)"   --->   Operation 459 'read' 'data_1595_V_read_1' <Predicate = true> <Delay = 0.00>
ST_1 : Operation 460 [1/1] (0.00ns)   --->   "%data_1594_V_read_1 = call i8 @_ssdm_op_Read.ap_auto.i8(i8 %data_1594_V_read)"   --->   Operation 460 'read' 'data_1594_V_read_1' <Predicate = true> <Delay = 0.00>
ST_1 : Operation 461 [1/1] (0.00ns)   --->   "%data_1593_V_read_1 = call i8 @_ssdm_op_Read.ap_auto.i8(i8 %data_1593_V_read)"   --->   Operation 461 'read' 'data_1593_V_read_1' <Predicate = true> <Delay = 0.00>
ST_1 : Operation 462 [1/1] (0.00ns)   --->   "%data_1592_V_read_1 = call i8 @_ssdm_op_Read.ap_auto.i8(i8 %data_1592_V_read)"   --->   Operation 462 'read' 'data_1592_V_read_1' <Predicate = true> <Delay = 0.00>
ST_1 : Operation 463 [1/1] (0.00ns)   --->   "%data_1591_V_read_1 = call i8 @_ssdm_op_Read.ap_auto.i8(i8 %data_1591_V_read)"   --->   Operation 463 'read' 'data_1591_V_read_1' <Predicate = true> <Delay = 0.00>
ST_1 : Operation 464 [1/1] (0.00ns)   --->   "%data_1590_V_read_1 = call i8 @_ssdm_op_Read.ap_auto.i8(i8 %data_1590_V_read)"   --->   Operation 464 'read' 'data_1590_V_read_1' <Predicate = true> <Delay = 0.00>
ST_1 : Operation 465 [1/1] (0.00ns)   --->   "%data_1589_V_read_1 = call i8 @_ssdm_op_Read.ap_auto.i8(i8 %data_1589_V_read)"   --->   Operation 465 'read' 'data_1589_V_read_1' <Predicate = true> <Delay = 0.00>
ST_1 : Operation 466 [1/1] (0.00ns)   --->   "%data_1588_V_read_1 = call i8 @_ssdm_op_Read.ap_auto.i8(i8 %data_1588_V_read)"   --->   Operation 466 'read' 'data_1588_V_read_1' <Predicate = true> <Delay = 0.00>
ST_1 : Operation 467 [1/1] (0.00ns)   --->   "%data_1587_V_read_1 = call i8 @_ssdm_op_Read.ap_auto.i8(i8 %data_1587_V_read)"   --->   Operation 467 'read' 'data_1587_V_read_1' <Predicate = true> <Delay = 0.00>
ST_1 : Operation 468 [1/1] (0.00ns)   --->   "%data_1586_V_read_1 = call i8 @_ssdm_op_Read.ap_auto.i8(i8 %data_1586_V_read)"   --->   Operation 468 'read' 'data_1586_V_read_1' <Predicate = true> <Delay = 0.00>
ST_1 : Operation 469 [1/1] (0.00ns)   --->   "%data_1585_V_read_1 = call i8 @_ssdm_op_Read.ap_auto.i8(i8 %data_1585_V_read)"   --->   Operation 469 'read' 'data_1585_V_read_1' <Predicate = true> <Delay = 0.00>
ST_1 : Operation 470 [1/1] (0.00ns)   --->   "%data_1584_V_read_1 = call i8 @_ssdm_op_Read.ap_auto.i8(i8 %data_1584_V_read)"   --->   Operation 470 'read' 'data_1584_V_read_1' <Predicate = true> <Delay = 0.00>
ST_1 : Operation 471 [1/1] (0.00ns)   --->   "%data_1583_V_read_1 = call i8 @_ssdm_op_Read.ap_auto.i8(i8 %data_1583_V_read)"   --->   Operation 471 'read' 'data_1583_V_read_1' <Predicate = true> <Delay = 0.00>
ST_1 : Operation 472 [1/1] (0.00ns)   --->   "%data_1582_V_read_1 = call i8 @_ssdm_op_Read.ap_auto.i8(i8 %data_1582_V_read)"   --->   Operation 472 'read' 'data_1582_V_read_1' <Predicate = true> <Delay = 0.00>
ST_1 : Operation 473 [1/1] (0.00ns)   --->   "%data_1581_V_read_1 = call i8 @_ssdm_op_Read.ap_auto.i8(i8 %data_1581_V_read)"   --->   Operation 473 'read' 'data_1581_V_read_1' <Predicate = true> <Delay = 0.00>
ST_1 : Operation 474 [1/1] (0.00ns)   --->   "%data_1580_V_read_1 = call i8 @_ssdm_op_Read.ap_auto.i8(i8 %data_1580_V_read)"   --->   Operation 474 'read' 'data_1580_V_read_1' <Predicate = true> <Delay = 0.00>
ST_1 : Operation 475 [1/1] (0.00ns)   --->   "%data_1579_V_read_1 = call i8 @_ssdm_op_Read.ap_auto.i8(i8 %data_1579_V_read)"   --->   Operation 475 'read' 'data_1579_V_read_1' <Predicate = true> <Delay = 0.00>
ST_1 : Operation 476 [1/1] (0.00ns)   --->   "%data_1578_V_read_1 = call i8 @_ssdm_op_Read.ap_auto.i8(i8 %data_1578_V_read)"   --->   Operation 476 'read' 'data_1578_V_read_1' <Predicate = true> <Delay = 0.00>
ST_1 : Operation 477 [1/1] (0.00ns)   --->   "%data_1577_V_read_1 = call i8 @_ssdm_op_Read.ap_auto.i8(i8 %data_1577_V_read)"   --->   Operation 477 'read' 'data_1577_V_read_1' <Predicate = true> <Delay = 0.00>
ST_1 : Operation 478 [1/1] (0.00ns)   --->   "%data_1576_V_read_1 = call i8 @_ssdm_op_Read.ap_auto.i8(i8 %data_1576_V_read)"   --->   Operation 478 'read' 'data_1576_V_read_1' <Predicate = true> <Delay = 0.00>
ST_1 : Operation 479 [1/1] (0.00ns)   --->   "%data_1575_V_read_1 = call i8 @_ssdm_op_Read.ap_auto.i8(i8 %data_1575_V_read)"   --->   Operation 479 'read' 'data_1575_V_read_1' <Predicate = true> <Delay = 0.00>
ST_1 : Operation 480 [1/1] (0.00ns)   --->   "%data_1574_V_read_1 = call i8 @_ssdm_op_Read.ap_auto.i8(i8 %data_1574_V_read)"   --->   Operation 480 'read' 'data_1574_V_read_1' <Predicate = true> <Delay = 0.00>
ST_1 : Operation 481 [1/1] (0.00ns)   --->   "%data_1573_V_read_1 = call i8 @_ssdm_op_Read.ap_auto.i8(i8 %data_1573_V_read)"   --->   Operation 481 'read' 'data_1573_V_read_1' <Predicate = true> <Delay = 0.00>
ST_1 : Operation 482 [1/1] (0.00ns)   --->   "%data_1572_V_read_1 = call i8 @_ssdm_op_Read.ap_auto.i8(i8 %data_1572_V_read)"   --->   Operation 482 'read' 'data_1572_V_read_1' <Predicate = true> <Delay = 0.00>
ST_1 : Operation 483 [1/1] (0.00ns)   --->   "%data_1571_V_read_1 = call i8 @_ssdm_op_Read.ap_auto.i8(i8 %data_1571_V_read)"   --->   Operation 483 'read' 'data_1571_V_read_1' <Predicate = true> <Delay = 0.00>
ST_1 : Operation 484 [1/1] (0.00ns)   --->   "%data_1570_V_read_1 = call i8 @_ssdm_op_Read.ap_auto.i8(i8 %data_1570_V_read)"   --->   Operation 484 'read' 'data_1570_V_read_1' <Predicate = true> <Delay = 0.00>
ST_1 : Operation 485 [1/1] (0.00ns)   --->   "%data_1569_V_read_1 = call i8 @_ssdm_op_Read.ap_auto.i8(i8 %data_1569_V_read)"   --->   Operation 485 'read' 'data_1569_V_read_1' <Predicate = true> <Delay = 0.00>
ST_1 : Operation 486 [1/1] (0.00ns)   --->   "%data_1568_V_read_1 = call i8 @_ssdm_op_Read.ap_auto.i8(i8 %data_1568_V_read)"   --->   Operation 486 'read' 'data_1568_V_read_1' <Predicate = true> <Delay = 0.00>
ST_1 : Operation 487 [1/1] (0.00ns)   --->   "%data_1567_V_read_1 = call i8 @_ssdm_op_Read.ap_auto.i8(i8 %data_1567_V_read)"   --->   Operation 487 'read' 'data_1567_V_read_1' <Predicate = true> <Delay = 0.00>
ST_1 : Operation 488 [1/1] (0.00ns)   --->   "%data_1566_V_read_1 = call i8 @_ssdm_op_Read.ap_auto.i8(i8 %data_1566_V_read)"   --->   Operation 488 'read' 'data_1566_V_read_1' <Predicate = true> <Delay = 0.00>
ST_1 : Operation 489 [1/1] (0.00ns)   --->   "%data_1565_V_read_1 = call i8 @_ssdm_op_Read.ap_auto.i8(i8 %data_1565_V_read)"   --->   Operation 489 'read' 'data_1565_V_read_1' <Predicate = true> <Delay = 0.00>
ST_1 : Operation 490 [1/1] (0.00ns)   --->   "%data_1564_V_read_1 = call i8 @_ssdm_op_Read.ap_auto.i8(i8 %data_1564_V_read)"   --->   Operation 490 'read' 'data_1564_V_read_1' <Predicate = true> <Delay = 0.00>
ST_1 : Operation 491 [1/1] (0.00ns)   --->   "%data_1563_V_read_1 = call i8 @_ssdm_op_Read.ap_auto.i8(i8 %data_1563_V_read)"   --->   Operation 491 'read' 'data_1563_V_read_1' <Predicate = true> <Delay = 0.00>
ST_1 : Operation 492 [1/1] (0.00ns)   --->   "%data_1562_V_read_1 = call i8 @_ssdm_op_Read.ap_auto.i8(i8 %data_1562_V_read)"   --->   Operation 492 'read' 'data_1562_V_read_1' <Predicate = true> <Delay = 0.00>
ST_1 : Operation 493 [1/1] (0.00ns)   --->   "%data_1561_V_read_1 = call i8 @_ssdm_op_Read.ap_auto.i8(i8 %data_1561_V_read)"   --->   Operation 493 'read' 'data_1561_V_read_1' <Predicate = true> <Delay = 0.00>
ST_1 : Operation 494 [1/1] (0.00ns)   --->   "%data_1560_V_read_1 = call i8 @_ssdm_op_Read.ap_auto.i8(i8 %data_1560_V_read)"   --->   Operation 494 'read' 'data_1560_V_read_1' <Predicate = true> <Delay = 0.00>
ST_1 : Operation 495 [1/1] (0.00ns)   --->   "%data_1559_V_read_1 = call i8 @_ssdm_op_Read.ap_auto.i8(i8 %data_1559_V_read)"   --->   Operation 495 'read' 'data_1559_V_read_1' <Predicate = true> <Delay = 0.00>
ST_1 : Operation 496 [1/1] (0.00ns)   --->   "%data_1558_V_read_1 = call i8 @_ssdm_op_Read.ap_auto.i8(i8 %data_1558_V_read)"   --->   Operation 496 'read' 'data_1558_V_read_1' <Predicate = true> <Delay = 0.00>
ST_1 : Operation 497 [1/1] (0.00ns)   --->   "%data_1557_V_read_1 = call i8 @_ssdm_op_Read.ap_auto.i8(i8 %data_1557_V_read)"   --->   Operation 497 'read' 'data_1557_V_read_1' <Predicate = true> <Delay = 0.00>
ST_1 : Operation 498 [1/1] (0.00ns)   --->   "%data_1556_V_read_1 = call i8 @_ssdm_op_Read.ap_auto.i8(i8 %data_1556_V_read)"   --->   Operation 498 'read' 'data_1556_V_read_1' <Predicate = true> <Delay = 0.00>
ST_1 : Operation 499 [1/1] (0.00ns)   --->   "%data_1555_V_read_1 = call i8 @_ssdm_op_Read.ap_auto.i8(i8 %data_1555_V_read)"   --->   Operation 499 'read' 'data_1555_V_read_1' <Predicate = true> <Delay = 0.00>
ST_1 : Operation 500 [1/1] (0.00ns)   --->   "%data_1554_V_read_1 = call i8 @_ssdm_op_Read.ap_auto.i8(i8 %data_1554_V_read)"   --->   Operation 500 'read' 'data_1554_V_read_1' <Predicate = true> <Delay = 0.00>
ST_1 : Operation 501 [1/1] (0.00ns)   --->   "%data_1553_V_read_1 = call i8 @_ssdm_op_Read.ap_auto.i8(i8 %data_1553_V_read)"   --->   Operation 501 'read' 'data_1553_V_read_1' <Predicate = true> <Delay = 0.00>
ST_1 : Operation 502 [1/1] (0.00ns)   --->   "%data_1552_V_read_1 = call i8 @_ssdm_op_Read.ap_auto.i8(i8 %data_1552_V_read)"   --->   Operation 502 'read' 'data_1552_V_read_1' <Predicate = true> <Delay = 0.00>
ST_1 : Operation 503 [1/1] (0.00ns)   --->   "%data_1551_V_read_1 = call i8 @_ssdm_op_Read.ap_auto.i8(i8 %data_1551_V_read)"   --->   Operation 503 'read' 'data_1551_V_read_1' <Predicate = true> <Delay = 0.00>
ST_1 : Operation 504 [1/1] (0.00ns)   --->   "%data_1550_V_read_1 = call i8 @_ssdm_op_Read.ap_auto.i8(i8 %data_1550_V_read)"   --->   Operation 504 'read' 'data_1550_V_read_1' <Predicate = true> <Delay = 0.00>
ST_1 : Operation 505 [1/1] (0.00ns)   --->   "%data_1549_V_read_1 = call i8 @_ssdm_op_Read.ap_auto.i8(i8 %data_1549_V_read)"   --->   Operation 505 'read' 'data_1549_V_read_1' <Predicate = true> <Delay = 0.00>
ST_1 : Operation 506 [1/1] (0.00ns)   --->   "%data_1548_V_read_1 = call i8 @_ssdm_op_Read.ap_auto.i8(i8 %data_1548_V_read)"   --->   Operation 506 'read' 'data_1548_V_read_1' <Predicate = true> <Delay = 0.00>
ST_1 : Operation 507 [1/1] (0.00ns)   --->   "%data_1547_V_read_1 = call i8 @_ssdm_op_Read.ap_auto.i8(i8 %data_1547_V_read)"   --->   Operation 507 'read' 'data_1547_V_read_1' <Predicate = true> <Delay = 0.00>
ST_1 : Operation 508 [1/1] (0.00ns)   --->   "%data_1546_V_read_1 = call i8 @_ssdm_op_Read.ap_auto.i8(i8 %data_1546_V_read)"   --->   Operation 508 'read' 'data_1546_V_read_1' <Predicate = true> <Delay = 0.00>
ST_1 : Operation 509 [1/1] (0.00ns)   --->   "%data_1545_V_read_1 = call i8 @_ssdm_op_Read.ap_auto.i8(i8 %data_1545_V_read)"   --->   Operation 509 'read' 'data_1545_V_read_1' <Predicate = true> <Delay = 0.00>
ST_1 : Operation 510 [1/1] (0.00ns)   --->   "%data_1544_V_read_1 = call i8 @_ssdm_op_Read.ap_auto.i8(i8 %data_1544_V_read)"   --->   Operation 510 'read' 'data_1544_V_read_1' <Predicate = true> <Delay = 0.00>
ST_1 : Operation 511 [1/1] (0.00ns)   --->   "%data_1543_V_read_1 = call i8 @_ssdm_op_Read.ap_auto.i8(i8 %data_1543_V_read)"   --->   Operation 511 'read' 'data_1543_V_read_1' <Predicate = true> <Delay = 0.00>
ST_1 : Operation 512 [1/1] (0.00ns)   --->   "%data_1542_V_read_1 = call i8 @_ssdm_op_Read.ap_auto.i8(i8 %data_1542_V_read)"   --->   Operation 512 'read' 'data_1542_V_read_1' <Predicate = true> <Delay = 0.00>
ST_1 : Operation 513 [1/1] (0.00ns)   --->   "%data_1541_V_read_1 = call i8 @_ssdm_op_Read.ap_auto.i8(i8 %data_1541_V_read)"   --->   Operation 513 'read' 'data_1541_V_read_1' <Predicate = true> <Delay = 0.00>
ST_1 : Operation 514 [1/1] (0.00ns)   --->   "%data_1540_V_read_1 = call i8 @_ssdm_op_Read.ap_auto.i8(i8 %data_1540_V_read)"   --->   Operation 514 'read' 'data_1540_V_read_1' <Predicate = true> <Delay = 0.00>
ST_1 : Operation 515 [1/1] (0.00ns)   --->   "%data_1539_V_read_1 = call i8 @_ssdm_op_Read.ap_auto.i8(i8 %data_1539_V_read)"   --->   Operation 515 'read' 'data_1539_V_read_1' <Predicate = true> <Delay = 0.00>
ST_1 : Operation 516 [1/1] (0.00ns)   --->   "%data_1538_V_read_1 = call i8 @_ssdm_op_Read.ap_auto.i8(i8 %data_1538_V_read)"   --->   Operation 516 'read' 'data_1538_V_read_1' <Predicate = true> <Delay = 0.00>
ST_1 : Operation 517 [1/1] (0.00ns)   --->   "%data_1537_V_read_1 = call i8 @_ssdm_op_Read.ap_auto.i8(i8 %data_1537_V_read)"   --->   Operation 517 'read' 'data_1537_V_read_1' <Predicate = true> <Delay = 0.00>
ST_1 : Operation 518 [1/1] (0.00ns)   --->   "%data_1536_V_read_1 = call i8 @_ssdm_op_Read.ap_auto.i8(i8 %data_1536_V_read)"   --->   Operation 518 'read' 'data_1536_V_read_1' <Predicate = true> <Delay = 0.00>
ST_1 : Operation 519 [1/1] (0.00ns)   --->   "%data_1535_V_read_1 = call i8 @_ssdm_op_Read.ap_auto.i8(i8 %data_1535_V_read)"   --->   Operation 519 'read' 'data_1535_V_read_1' <Predicate = true> <Delay = 0.00>
ST_1 : Operation 520 [1/1] (0.00ns)   --->   "%data_1534_V_read_1 = call i8 @_ssdm_op_Read.ap_auto.i8(i8 %data_1534_V_read)"   --->   Operation 520 'read' 'data_1534_V_read_1' <Predicate = true> <Delay = 0.00>
ST_1 : Operation 521 [1/1] (0.00ns)   --->   "%data_1533_V_read_1 = call i8 @_ssdm_op_Read.ap_auto.i8(i8 %data_1533_V_read)"   --->   Operation 521 'read' 'data_1533_V_read_1' <Predicate = true> <Delay = 0.00>
ST_1 : Operation 522 [1/1] (0.00ns)   --->   "%data_1532_V_read_1 = call i8 @_ssdm_op_Read.ap_auto.i8(i8 %data_1532_V_read)"   --->   Operation 522 'read' 'data_1532_V_read_1' <Predicate = true> <Delay = 0.00>
ST_1 : Operation 523 [1/1] (0.00ns)   --->   "%data_1531_V_read_1 = call i8 @_ssdm_op_Read.ap_auto.i8(i8 %data_1531_V_read)"   --->   Operation 523 'read' 'data_1531_V_read_1' <Predicate = true> <Delay = 0.00>
ST_1 : Operation 524 [1/1] (0.00ns)   --->   "%data_1530_V_read_1 = call i8 @_ssdm_op_Read.ap_auto.i8(i8 %data_1530_V_read)"   --->   Operation 524 'read' 'data_1530_V_read_1' <Predicate = true> <Delay = 0.00>
ST_1 : Operation 525 [1/1] (0.00ns)   --->   "%data_1529_V_read_1 = call i8 @_ssdm_op_Read.ap_auto.i8(i8 %data_1529_V_read)"   --->   Operation 525 'read' 'data_1529_V_read_1' <Predicate = true> <Delay = 0.00>
ST_1 : Operation 526 [1/1] (0.00ns)   --->   "%data_1528_V_read_1 = call i8 @_ssdm_op_Read.ap_auto.i8(i8 %data_1528_V_read)"   --->   Operation 526 'read' 'data_1528_V_read_1' <Predicate = true> <Delay = 0.00>
ST_1 : Operation 527 [1/1] (0.00ns)   --->   "%data_1527_V_read_1 = call i8 @_ssdm_op_Read.ap_auto.i8(i8 %data_1527_V_read)"   --->   Operation 527 'read' 'data_1527_V_read_1' <Predicate = true> <Delay = 0.00>
ST_1 : Operation 528 [1/1] (0.00ns)   --->   "%data_1526_V_read_1 = call i8 @_ssdm_op_Read.ap_auto.i8(i8 %data_1526_V_read)"   --->   Operation 528 'read' 'data_1526_V_read_1' <Predicate = true> <Delay = 0.00>
ST_1 : Operation 529 [1/1] (0.00ns)   --->   "%data_1525_V_read_1 = call i8 @_ssdm_op_Read.ap_auto.i8(i8 %data_1525_V_read)"   --->   Operation 529 'read' 'data_1525_V_read_1' <Predicate = true> <Delay = 0.00>
ST_1 : Operation 530 [1/1] (0.00ns)   --->   "%data_1524_V_read_1 = call i8 @_ssdm_op_Read.ap_auto.i8(i8 %data_1524_V_read)"   --->   Operation 530 'read' 'data_1524_V_read_1' <Predicate = true> <Delay = 0.00>
ST_1 : Operation 531 [1/1] (0.00ns)   --->   "%data_1523_V_read_1 = call i8 @_ssdm_op_Read.ap_auto.i8(i8 %data_1523_V_read)"   --->   Operation 531 'read' 'data_1523_V_read_1' <Predicate = true> <Delay = 0.00>
ST_1 : Operation 532 [1/1] (0.00ns)   --->   "%data_1522_V_read_1 = call i8 @_ssdm_op_Read.ap_auto.i8(i8 %data_1522_V_read)"   --->   Operation 532 'read' 'data_1522_V_read_1' <Predicate = true> <Delay = 0.00>
ST_1 : Operation 533 [1/1] (0.00ns)   --->   "%data_1521_V_read_1 = call i8 @_ssdm_op_Read.ap_auto.i8(i8 %data_1521_V_read)"   --->   Operation 533 'read' 'data_1521_V_read_1' <Predicate = true> <Delay = 0.00>
ST_1 : Operation 534 [1/1] (0.00ns)   --->   "%data_1520_V_read_1 = call i8 @_ssdm_op_Read.ap_auto.i8(i8 %data_1520_V_read)"   --->   Operation 534 'read' 'data_1520_V_read_1' <Predicate = true> <Delay = 0.00>
ST_1 : Operation 535 [1/1] (0.00ns)   --->   "%data_1519_V_read_1 = call i8 @_ssdm_op_Read.ap_auto.i8(i8 %data_1519_V_read)"   --->   Operation 535 'read' 'data_1519_V_read_1' <Predicate = true> <Delay = 0.00>
ST_1 : Operation 536 [1/1] (0.00ns)   --->   "%data_1518_V_read_1 = call i8 @_ssdm_op_Read.ap_auto.i8(i8 %data_1518_V_read)"   --->   Operation 536 'read' 'data_1518_V_read_1' <Predicate = true> <Delay = 0.00>
ST_1 : Operation 537 [1/1] (0.00ns)   --->   "%data_1517_V_read_1 = call i8 @_ssdm_op_Read.ap_auto.i8(i8 %data_1517_V_read)"   --->   Operation 537 'read' 'data_1517_V_read_1' <Predicate = true> <Delay = 0.00>
ST_1 : Operation 538 [1/1] (0.00ns)   --->   "%data_1516_V_read_1 = call i8 @_ssdm_op_Read.ap_auto.i8(i8 %data_1516_V_read)"   --->   Operation 538 'read' 'data_1516_V_read_1' <Predicate = true> <Delay = 0.00>
ST_1 : Operation 539 [1/1] (0.00ns)   --->   "%data_1515_V_read_1 = call i8 @_ssdm_op_Read.ap_auto.i8(i8 %data_1515_V_read)"   --->   Operation 539 'read' 'data_1515_V_read_1' <Predicate = true> <Delay = 0.00>
ST_1 : Operation 540 [1/1] (0.00ns)   --->   "%data_1514_V_read_1 = call i8 @_ssdm_op_Read.ap_auto.i8(i8 %data_1514_V_read)"   --->   Operation 540 'read' 'data_1514_V_read_1' <Predicate = true> <Delay = 0.00>
ST_1 : Operation 541 [1/1] (0.00ns)   --->   "%data_1513_V_read_1 = call i8 @_ssdm_op_Read.ap_auto.i8(i8 %data_1513_V_read)"   --->   Operation 541 'read' 'data_1513_V_read_1' <Predicate = true> <Delay = 0.00>
ST_1 : Operation 542 [1/1] (0.00ns)   --->   "%data_1512_V_read_1 = call i8 @_ssdm_op_Read.ap_auto.i8(i8 %data_1512_V_read)"   --->   Operation 542 'read' 'data_1512_V_read_1' <Predicate = true> <Delay = 0.00>
ST_1 : Operation 543 [1/1] (0.00ns)   --->   "%data_1511_V_read_1 = call i8 @_ssdm_op_Read.ap_auto.i8(i8 %data_1511_V_read)"   --->   Operation 543 'read' 'data_1511_V_read_1' <Predicate = true> <Delay = 0.00>
ST_1 : Operation 544 [1/1] (0.00ns)   --->   "%data_1510_V_read_1 = call i8 @_ssdm_op_Read.ap_auto.i8(i8 %data_1510_V_read)"   --->   Operation 544 'read' 'data_1510_V_read_1' <Predicate = true> <Delay = 0.00>
ST_1 : Operation 545 [1/1] (0.00ns)   --->   "%data_1509_V_read_1 = call i8 @_ssdm_op_Read.ap_auto.i8(i8 %data_1509_V_read)"   --->   Operation 545 'read' 'data_1509_V_read_1' <Predicate = true> <Delay = 0.00>
ST_1 : Operation 546 [1/1] (0.00ns)   --->   "%data_1508_V_read_1 = call i8 @_ssdm_op_Read.ap_auto.i8(i8 %data_1508_V_read)"   --->   Operation 546 'read' 'data_1508_V_read_1' <Predicate = true> <Delay = 0.00>
ST_1 : Operation 547 [1/1] (0.00ns)   --->   "%data_1507_V_read_1 = call i8 @_ssdm_op_Read.ap_auto.i8(i8 %data_1507_V_read)"   --->   Operation 547 'read' 'data_1507_V_read_1' <Predicate = true> <Delay = 0.00>
ST_1 : Operation 548 [1/1] (0.00ns)   --->   "%data_1506_V_read_1 = call i8 @_ssdm_op_Read.ap_auto.i8(i8 %data_1506_V_read)"   --->   Operation 548 'read' 'data_1506_V_read_1' <Predicate = true> <Delay = 0.00>
ST_1 : Operation 549 [1/1] (0.00ns)   --->   "%data_1505_V_read_1 = call i8 @_ssdm_op_Read.ap_auto.i8(i8 %data_1505_V_read)"   --->   Operation 549 'read' 'data_1505_V_read_1' <Predicate = true> <Delay = 0.00>
ST_1 : Operation 550 [1/1] (0.00ns)   --->   "%data_1504_V_read_1 = call i8 @_ssdm_op_Read.ap_auto.i8(i8 %data_1504_V_read)"   --->   Operation 550 'read' 'data_1504_V_read_1' <Predicate = true> <Delay = 0.00>
ST_1 : Operation 551 [1/1] (0.00ns)   --->   "%data_1503_V_read_1 = call i8 @_ssdm_op_Read.ap_auto.i8(i8 %data_1503_V_read)"   --->   Operation 551 'read' 'data_1503_V_read_1' <Predicate = true> <Delay = 0.00>
ST_1 : Operation 552 [1/1] (0.00ns)   --->   "%data_1502_V_read_1 = call i8 @_ssdm_op_Read.ap_auto.i8(i8 %data_1502_V_read)"   --->   Operation 552 'read' 'data_1502_V_read_1' <Predicate = true> <Delay = 0.00>
ST_1 : Operation 553 [1/1] (0.00ns)   --->   "%data_1501_V_read_1 = call i8 @_ssdm_op_Read.ap_auto.i8(i8 %data_1501_V_read)"   --->   Operation 553 'read' 'data_1501_V_read_1' <Predicate = true> <Delay = 0.00>
ST_1 : Operation 554 [1/1] (0.00ns)   --->   "%data_1500_V_read_1 = call i8 @_ssdm_op_Read.ap_auto.i8(i8 %data_1500_V_read)"   --->   Operation 554 'read' 'data_1500_V_read_1' <Predicate = true> <Delay = 0.00>
ST_1 : Operation 555 [1/1] (0.00ns)   --->   "%data_1499_V_read_1 = call i8 @_ssdm_op_Read.ap_auto.i8(i8 %data_1499_V_read)"   --->   Operation 555 'read' 'data_1499_V_read_1' <Predicate = true> <Delay = 0.00>
ST_1 : Operation 556 [1/1] (0.00ns)   --->   "%data_1498_V_read_1 = call i8 @_ssdm_op_Read.ap_auto.i8(i8 %data_1498_V_read)"   --->   Operation 556 'read' 'data_1498_V_read_1' <Predicate = true> <Delay = 0.00>
ST_1 : Operation 557 [1/1] (0.00ns)   --->   "%data_1497_V_read_1 = call i8 @_ssdm_op_Read.ap_auto.i8(i8 %data_1497_V_read)"   --->   Operation 557 'read' 'data_1497_V_read_1' <Predicate = true> <Delay = 0.00>
ST_1 : Operation 558 [1/1] (0.00ns)   --->   "%data_1496_V_read_1 = call i8 @_ssdm_op_Read.ap_auto.i8(i8 %data_1496_V_read)"   --->   Operation 558 'read' 'data_1496_V_read_1' <Predicate = true> <Delay = 0.00>
ST_1 : Operation 559 [1/1] (0.00ns)   --->   "%data_1495_V_read_1 = call i8 @_ssdm_op_Read.ap_auto.i8(i8 %data_1495_V_read)"   --->   Operation 559 'read' 'data_1495_V_read_1' <Predicate = true> <Delay = 0.00>
ST_1 : Operation 560 [1/1] (0.00ns)   --->   "%data_1494_V_read_1 = call i8 @_ssdm_op_Read.ap_auto.i8(i8 %data_1494_V_read)"   --->   Operation 560 'read' 'data_1494_V_read_1' <Predicate = true> <Delay = 0.00>
ST_1 : Operation 561 [1/1] (0.00ns)   --->   "%data_1493_V_read_1 = call i8 @_ssdm_op_Read.ap_auto.i8(i8 %data_1493_V_read)"   --->   Operation 561 'read' 'data_1493_V_read_1' <Predicate = true> <Delay = 0.00>
ST_1 : Operation 562 [1/1] (0.00ns)   --->   "%data_1492_V_read_1 = call i8 @_ssdm_op_Read.ap_auto.i8(i8 %data_1492_V_read)"   --->   Operation 562 'read' 'data_1492_V_read_1' <Predicate = true> <Delay = 0.00>
ST_1 : Operation 563 [1/1] (0.00ns)   --->   "%data_1491_V_read_1 = call i8 @_ssdm_op_Read.ap_auto.i8(i8 %data_1491_V_read)"   --->   Operation 563 'read' 'data_1491_V_read_1' <Predicate = true> <Delay = 0.00>
ST_1 : Operation 564 [1/1] (0.00ns)   --->   "%data_1490_V_read_1 = call i8 @_ssdm_op_Read.ap_auto.i8(i8 %data_1490_V_read)"   --->   Operation 564 'read' 'data_1490_V_read_1' <Predicate = true> <Delay = 0.00>
ST_1 : Operation 565 [1/1] (0.00ns)   --->   "%data_1489_V_read_1 = call i8 @_ssdm_op_Read.ap_auto.i8(i8 %data_1489_V_read)"   --->   Operation 565 'read' 'data_1489_V_read_1' <Predicate = true> <Delay = 0.00>
ST_1 : Operation 566 [1/1] (0.00ns)   --->   "%data_1488_V_read_1 = call i8 @_ssdm_op_Read.ap_auto.i8(i8 %data_1488_V_read)"   --->   Operation 566 'read' 'data_1488_V_read_1' <Predicate = true> <Delay = 0.00>
ST_1 : Operation 567 [1/1] (0.00ns)   --->   "%data_1487_V_read_1 = call i8 @_ssdm_op_Read.ap_auto.i8(i8 %data_1487_V_read)"   --->   Operation 567 'read' 'data_1487_V_read_1' <Predicate = true> <Delay = 0.00>
ST_1 : Operation 568 [1/1] (0.00ns)   --->   "%data_1486_V_read_1 = call i8 @_ssdm_op_Read.ap_auto.i8(i8 %data_1486_V_read)"   --->   Operation 568 'read' 'data_1486_V_read_1' <Predicate = true> <Delay = 0.00>
ST_1 : Operation 569 [1/1] (0.00ns)   --->   "%data_1485_V_read_1 = call i8 @_ssdm_op_Read.ap_auto.i8(i8 %data_1485_V_read)"   --->   Operation 569 'read' 'data_1485_V_read_1' <Predicate = true> <Delay = 0.00>
ST_1 : Operation 570 [1/1] (0.00ns)   --->   "%data_1484_V_read_1 = call i8 @_ssdm_op_Read.ap_auto.i8(i8 %data_1484_V_read)"   --->   Operation 570 'read' 'data_1484_V_read_1' <Predicate = true> <Delay = 0.00>
ST_1 : Operation 571 [1/1] (0.00ns)   --->   "%data_1483_V_read_1 = call i8 @_ssdm_op_Read.ap_auto.i8(i8 %data_1483_V_read)"   --->   Operation 571 'read' 'data_1483_V_read_1' <Predicate = true> <Delay = 0.00>
ST_1 : Operation 572 [1/1] (0.00ns)   --->   "%data_1482_V_read_1 = call i8 @_ssdm_op_Read.ap_auto.i8(i8 %data_1482_V_read)"   --->   Operation 572 'read' 'data_1482_V_read_1' <Predicate = true> <Delay = 0.00>
ST_1 : Operation 573 [1/1] (0.00ns)   --->   "%data_1481_V_read_1 = call i8 @_ssdm_op_Read.ap_auto.i8(i8 %data_1481_V_read)"   --->   Operation 573 'read' 'data_1481_V_read_1' <Predicate = true> <Delay = 0.00>
ST_1 : Operation 574 [1/1] (0.00ns)   --->   "%data_1480_V_read_1 = call i8 @_ssdm_op_Read.ap_auto.i8(i8 %data_1480_V_read)"   --->   Operation 574 'read' 'data_1480_V_read_1' <Predicate = true> <Delay = 0.00>
ST_1 : Operation 575 [1/1] (0.00ns)   --->   "%data_1479_V_read_1 = call i8 @_ssdm_op_Read.ap_auto.i8(i8 %data_1479_V_read)"   --->   Operation 575 'read' 'data_1479_V_read_1' <Predicate = true> <Delay = 0.00>
ST_1 : Operation 576 [1/1] (0.00ns)   --->   "%data_1478_V_read_1 = call i8 @_ssdm_op_Read.ap_auto.i8(i8 %data_1478_V_read)"   --->   Operation 576 'read' 'data_1478_V_read_1' <Predicate = true> <Delay = 0.00>
ST_1 : Operation 577 [1/1] (0.00ns)   --->   "%data_1477_V_read_1 = call i8 @_ssdm_op_Read.ap_auto.i8(i8 %data_1477_V_read)"   --->   Operation 577 'read' 'data_1477_V_read_1' <Predicate = true> <Delay = 0.00>
ST_1 : Operation 578 [1/1] (0.00ns)   --->   "%data_1476_V_read_1 = call i8 @_ssdm_op_Read.ap_auto.i8(i8 %data_1476_V_read)"   --->   Operation 578 'read' 'data_1476_V_read_1' <Predicate = true> <Delay = 0.00>
ST_1 : Operation 579 [1/1] (0.00ns)   --->   "%data_1475_V_read_1 = call i8 @_ssdm_op_Read.ap_auto.i8(i8 %data_1475_V_read)"   --->   Operation 579 'read' 'data_1475_V_read_1' <Predicate = true> <Delay = 0.00>
ST_1 : Operation 580 [1/1] (0.00ns)   --->   "%data_1474_V_read_1 = call i8 @_ssdm_op_Read.ap_auto.i8(i8 %data_1474_V_read)"   --->   Operation 580 'read' 'data_1474_V_read_1' <Predicate = true> <Delay = 0.00>
ST_1 : Operation 581 [1/1] (0.00ns)   --->   "%data_1473_V_read_1 = call i8 @_ssdm_op_Read.ap_auto.i8(i8 %data_1473_V_read)"   --->   Operation 581 'read' 'data_1473_V_read_1' <Predicate = true> <Delay = 0.00>
ST_1 : Operation 582 [1/1] (0.00ns)   --->   "%data_1472_V_read_1 = call i8 @_ssdm_op_Read.ap_auto.i8(i8 %data_1472_V_read)"   --->   Operation 582 'read' 'data_1472_V_read_1' <Predicate = true> <Delay = 0.00>
ST_1 : Operation 583 [1/1] (0.00ns)   --->   "%data_1471_V_read_1 = call i8 @_ssdm_op_Read.ap_auto.i8(i8 %data_1471_V_read)"   --->   Operation 583 'read' 'data_1471_V_read_1' <Predicate = true> <Delay = 0.00>
ST_1 : Operation 584 [1/1] (0.00ns)   --->   "%data_1470_V_read_1 = call i8 @_ssdm_op_Read.ap_auto.i8(i8 %data_1470_V_read)"   --->   Operation 584 'read' 'data_1470_V_read_1' <Predicate = true> <Delay = 0.00>
ST_1 : Operation 585 [1/1] (0.00ns)   --->   "%data_1469_V_read_1 = call i8 @_ssdm_op_Read.ap_auto.i8(i8 %data_1469_V_read)"   --->   Operation 585 'read' 'data_1469_V_read_1' <Predicate = true> <Delay = 0.00>
ST_1 : Operation 586 [1/1] (0.00ns)   --->   "%data_1468_V_read_1 = call i8 @_ssdm_op_Read.ap_auto.i8(i8 %data_1468_V_read)"   --->   Operation 586 'read' 'data_1468_V_read_1' <Predicate = true> <Delay = 0.00>
ST_1 : Operation 587 [1/1] (0.00ns)   --->   "%data_1467_V_read_1 = call i8 @_ssdm_op_Read.ap_auto.i8(i8 %data_1467_V_read)"   --->   Operation 587 'read' 'data_1467_V_read_1' <Predicate = true> <Delay = 0.00>
ST_1 : Operation 588 [1/1] (0.00ns)   --->   "%data_1466_V_read_1 = call i8 @_ssdm_op_Read.ap_auto.i8(i8 %data_1466_V_read)"   --->   Operation 588 'read' 'data_1466_V_read_1' <Predicate = true> <Delay = 0.00>
ST_1 : Operation 589 [1/1] (0.00ns)   --->   "%data_1465_V_read_1 = call i8 @_ssdm_op_Read.ap_auto.i8(i8 %data_1465_V_read)"   --->   Operation 589 'read' 'data_1465_V_read_1' <Predicate = true> <Delay = 0.00>
ST_1 : Operation 590 [1/1] (0.00ns)   --->   "%data_1464_V_read_1 = call i8 @_ssdm_op_Read.ap_auto.i8(i8 %data_1464_V_read)"   --->   Operation 590 'read' 'data_1464_V_read_1' <Predicate = true> <Delay = 0.00>
ST_1 : Operation 591 [1/1] (0.00ns)   --->   "%data_1463_V_read_1 = call i8 @_ssdm_op_Read.ap_auto.i8(i8 %data_1463_V_read)"   --->   Operation 591 'read' 'data_1463_V_read_1' <Predicate = true> <Delay = 0.00>
ST_1 : Operation 592 [1/1] (0.00ns)   --->   "%data_1462_V_read_1 = call i8 @_ssdm_op_Read.ap_auto.i8(i8 %data_1462_V_read)"   --->   Operation 592 'read' 'data_1462_V_read_1' <Predicate = true> <Delay = 0.00>
ST_1 : Operation 593 [1/1] (0.00ns)   --->   "%data_1461_V_read_1 = call i8 @_ssdm_op_Read.ap_auto.i8(i8 %data_1461_V_read)"   --->   Operation 593 'read' 'data_1461_V_read_1' <Predicate = true> <Delay = 0.00>
ST_1 : Operation 594 [1/1] (0.00ns)   --->   "%data_1460_V_read_1 = call i8 @_ssdm_op_Read.ap_auto.i8(i8 %data_1460_V_read)"   --->   Operation 594 'read' 'data_1460_V_read_1' <Predicate = true> <Delay = 0.00>
ST_1 : Operation 595 [1/1] (0.00ns)   --->   "%data_1459_V_read_1 = call i8 @_ssdm_op_Read.ap_auto.i8(i8 %data_1459_V_read)"   --->   Operation 595 'read' 'data_1459_V_read_1' <Predicate = true> <Delay = 0.00>
ST_1 : Operation 596 [1/1] (0.00ns)   --->   "%data_1458_V_read_1 = call i8 @_ssdm_op_Read.ap_auto.i8(i8 %data_1458_V_read)"   --->   Operation 596 'read' 'data_1458_V_read_1' <Predicate = true> <Delay = 0.00>
ST_1 : Operation 597 [1/1] (0.00ns)   --->   "%data_1457_V_read_1 = call i8 @_ssdm_op_Read.ap_auto.i8(i8 %data_1457_V_read)"   --->   Operation 597 'read' 'data_1457_V_read_1' <Predicate = true> <Delay = 0.00>
ST_1 : Operation 598 [1/1] (0.00ns)   --->   "%data_1456_V_read_1 = call i8 @_ssdm_op_Read.ap_auto.i8(i8 %data_1456_V_read)"   --->   Operation 598 'read' 'data_1456_V_read_1' <Predicate = true> <Delay = 0.00>
ST_1 : Operation 599 [1/1] (0.00ns)   --->   "%data_1455_V_read_1 = call i8 @_ssdm_op_Read.ap_auto.i8(i8 %data_1455_V_read)"   --->   Operation 599 'read' 'data_1455_V_read_1' <Predicate = true> <Delay = 0.00>
ST_1 : Operation 600 [1/1] (0.00ns)   --->   "%data_1454_V_read_1 = call i8 @_ssdm_op_Read.ap_auto.i8(i8 %data_1454_V_read)"   --->   Operation 600 'read' 'data_1454_V_read_1' <Predicate = true> <Delay = 0.00>
ST_1 : Operation 601 [1/1] (0.00ns)   --->   "%data_1453_V_read_1 = call i8 @_ssdm_op_Read.ap_auto.i8(i8 %data_1453_V_read)"   --->   Operation 601 'read' 'data_1453_V_read_1' <Predicate = true> <Delay = 0.00>
ST_1 : Operation 602 [1/1] (0.00ns)   --->   "%data_1452_V_read_1 = call i8 @_ssdm_op_Read.ap_auto.i8(i8 %data_1452_V_read)"   --->   Operation 602 'read' 'data_1452_V_read_1' <Predicate = true> <Delay = 0.00>
ST_1 : Operation 603 [1/1] (0.00ns)   --->   "%data_1451_V_read_1 = call i8 @_ssdm_op_Read.ap_auto.i8(i8 %data_1451_V_read)"   --->   Operation 603 'read' 'data_1451_V_read_1' <Predicate = true> <Delay = 0.00>
ST_1 : Operation 604 [1/1] (0.00ns)   --->   "%data_1450_V_read_1 = call i8 @_ssdm_op_Read.ap_auto.i8(i8 %data_1450_V_read)"   --->   Operation 604 'read' 'data_1450_V_read_1' <Predicate = true> <Delay = 0.00>
ST_1 : Operation 605 [1/1] (0.00ns)   --->   "%data_1449_V_read_1 = call i8 @_ssdm_op_Read.ap_auto.i8(i8 %data_1449_V_read)"   --->   Operation 605 'read' 'data_1449_V_read_1' <Predicate = true> <Delay = 0.00>
ST_1 : Operation 606 [1/1] (0.00ns)   --->   "%data_1448_V_read_1 = call i8 @_ssdm_op_Read.ap_auto.i8(i8 %data_1448_V_read)"   --->   Operation 606 'read' 'data_1448_V_read_1' <Predicate = true> <Delay = 0.00>
ST_1 : Operation 607 [1/1] (0.00ns)   --->   "%data_1447_V_read_1 = call i8 @_ssdm_op_Read.ap_auto.i8(i8 %data_1447_V_read)"   --->   Operation 607 'read' 'data_1447_V_read_1' <Predicate = true> <Delay = 0.00>
ST_1 : Operation 608 [1/1] (0.00ns)   --->   "%data_1446_V_read_1 = call i8 @_ssdm_op_Read.ap_auto.i8(i8 %data_1446_V_read)"   --->   Operation 608 'read' 'data_1446_V_read_1' <Predicate = true> <Delay = 0.00>
ST_1 : Operation 609 [1/1] (0.00ns)   --->   "%data_1445_V_read_1 = call i8 @_ssdm_op_Read.ap_auto.i8(i8 %data_1445_V_read)"   --->   Operation 609 'read' 'data_1445_V_read_1' <Predicate = true> <Delay = 0.00>
ST_1 : Operation 610 [1/1] (0.00ns)   --->   "%data_1444_V_read_1 = call i8 @_ssdm_op_Read.ap_auto.i8(i8 %data_1444_V_read)"   --->   Operation 610 'read' 'data_1444_V_read_1' <Predicate = true> <Delay = 0.00>
ST_1 : Operation 611 [1/1] (0.00ns)   --->   "%data_1443_V_read_1 = call i8 @_ssdm_op_Read.ap_auto.i8(i8 %data_1443_V_read)"   --->   Operation 611 'read' 'data_1443_V_read_1' <Predicate = true> <Delay = 0.00>
ST_1 : Operation 612 [1/1] (0.00ns)   --->   "%data_1442_V_read_1 = call i8 @_ssdm_op_Read.ap_auto.i8(i8 %data_1442_V_read)"   --->   Operation 612 'read' 'data_1442_V_read_1' <Predicate = true> <Delay = 0.00>
ST_1 : Operation 613 [1/1] (0.00ns)   --->   "%data_1441_V_read_1 = call i8 @_ssdm_op_Read.ap_auto.i8(i8 %data_1441_V_read)"   --->   Operation 613 'read' 'data_1441_V_read_1' <Predicate = true> <Delay = 0.00>
ST_1 : Operation 614 [1/1] (0.00ns)   --->   "%data_1440_V_read_1 = call i8 @_ssdm_op_Read.ap_auto.i8(i8 %data_1440_V_read)"   --->   Operation 614 'read' 'data_1440_V_read_1' <Predicate = true> <Delay = 0.00>
ST_1 : Operation 615 [1/1] (0.00ns)   --->   "%data_1439_V_read_1 = call i8 @_ssdm_op_Read.ap_auto.i8(i8 %data_1439_V_read)"   --->   Operation 615 'read' 'data_1439_V_read_1' <Predicate = true> <Delay = 0.00>
ST_1 : Operation 616 [1/1] (0.00ns)   --->   "%data_1438_V_read_1 = call i8 @_ssdm_op_Read.ap_auto.i8(i8 %data_1438_V_read)"   --->   Operation 616 'read' 'data_1438_V_read_1' <Predicate = true> <Delay = 0.00>
ST_1 : Operation 617 [1/1] (0.00ns)   --->   "%data_1437_V_read_1 = call i8 @_ssdm_op_Read.ap_auto.i8(i8 %data_1437_V_read)"   --->   Operation 617 'read' 'data_1437_V_read_1' <Predicate = true> <Delay = 0.00>
ST_1 : Operation 618 [1/1] (0.00ns)   --->   "%data_1436_V_read_1 = call i8 @_ssdm_op_Read.ap_auto.i8(i8 %data_1436_V_read)"   --->   Operation 618 'read' 'data_1436_V_read_1' <Predicate = true> <Delay = 0.00>
ST_1 : Operation 619 [1/1] (0.00ns)   --->   "%data_1435_V_read_1 = call i8 @_ssdm_op_Read.ap_auto.i8(i8 %data_1435_V_read)"   --->   Operation 619 'read' 'data_1435_V_read_1' <Predicate = true> <Delay = 0.00>
ST_1 : Operation 620 [1/1] (0.00ns)   --->   "%data_1434_V_read_1 = call i8 @_ssdm_op_Read.ap_auto.i8(i8 %data_1434_V_read)"   --->   Operation 620 'read' 'data_1434_V_read_1' <Predicate = true> <Delay = 0.00>
ST_1 : Operation 621 [1/1] (0.00ns)   --->   "%data_1433_V_read_1 = call i8 @_ssdm_op_Read.ap_auto.i8(i8 %data_1433_V_read)"   --->   Operation 621 'read' 'data_1433_V_read_1' <Predicate = true> <Delay = 0.00>
ST_1 : Operation 622 [1/1] (0.00ns)   --->   "%data_1432_V_read_1 = call i8 @_ssdm_op_Read.ap_auto.i8(i8 %data_1432_V_read)"   --->   Operation 622 'read' 'data_1432_V_read_1' <Predicate = true> <Delay = 0.00>
ST_1 : Operation 623 [1/1] (0.00ns)   --->   "%data_1431_V_read_1 = call i8 @_ssdm_op_Read.ap_auto.i8(i8 %data_1431_V_read)"   --->   Operation 623 'read' 'data_1431_V_read_1' <Predicate = true> <Delay = 0.00>
ST_1 : Operation 624 [1/1] (0.00ns)   --->   "%data_1430_V_read_1 = call i8 @_ssdm_op_Read.ap_auto.i8(i8 %data_1430_V_read)"   --->   Operation 624 'read' 'data_1430_V_read_1' <Predicate = true> <Delay = 0.00>
ST_1 : Operation 625 [1/1] (0.00ns)   --->   "%data_1429_V_read_1 = call i8 @_ssdm_op_Read.ap_auto.i8(i8 %data_1429_V_read)"   --->   Operation 625 'read' 'data_1429_V_read_1' <Predicate = true> <Delay = 0.00>
ST_1 : Operation 626 [1/1] (0.00ns)   --->   "%data_1428_V_read_1 = call i8 @_ssdm_op_Read.ap_auto.i8(i8 %data_1428_V_read)"   --->   Operation 626 'read' 'data_1428_V_read_1' <Predicate = true> <Delay = 0.00>
ST_1 : Operation 627 [1/1] (0.00ns)   --->   "%data_1427_V_read_1 = call i8 @_ssdm_op_Read.ap_auto.i8(i8 %data_1427_V_read)"   --->   Operation 627 'read' 'data_1427_V_read_1' <Predicate = true> <Delay = 0.00>
ST_1 : Operation 628 [1/1] (0.00ns)   --->   "%data_1426_V_read_1 = call i8 @_ssdm_op_Read.ap_auto.i8(i8 %data_1426_V_read)"   --->   Operation 628 'read' 'data_1426_V_read_1' <Predicate = true> <Delay = 0.00>
ST_1 : Operation 629 [1/1] (0.00ns)   --->   "%data_1425_V_read_1 = call i8 @_ssdm_op_Read.ap_auto.i8(i8 %data_1425_V_read)"   --->   Operation 629 'read' 'data_1425_V_read_1' <Predicate = true> <Delay = 0.00>
ST_1 : Operation 630 [1/1] (0.00ns)   --->   "%data_1424_V_read_1 = call i8 @_ssdm_op_Read.ap_auto.i8(i8 %data_1424_V_read)"   --->   Operation 630 'read' 'data_1424_V_read_1' <Predicate = true> <Delay = 0.00>
ST_1 : Operation 631 [1/1] (0.00ns)   --->   "%data_1423_V_read_1 = call i8 @_ssdm_op_Read.ap_auto.i8(i8 %data_1423_V_read)"   --->   Operation 631 'read' 'data_1423_V_read_1' <Predicate = true> <Delay = 0.00>
ST_1 : Operation 632 [1/1] (0.00ns)   --->   "%data_1422_V_read_1 = call i8 @_ssdm_op_Read.ap_auto.i8(i8 %data_1422_V_read)"   --->   Operation 632 'read' 'data_1422_V_read_1' <Predicate = true> <Delay = 0.00>
ST_1 : Operation 633 [1/1] (0.00ns)   --->   "%data_1421_V_read_1 = call i8 @_ssdm_op_Read.ap_auto.i8(i8 %data_1421_V_read)"   --->   Operation 633 'read' 'data_1421_V_read_1' <Predicate = true> <Delay = 0.00>
ST_1 : Operation 634 [1/1] (0.00ns)   --->   "%data_1420_V_read_1 = call i8 @_ssdm_op_Read.ap_auto.i8(i8 %data_1420_V_read)"   --->   Operation 634 'read' 'data_1420_V_read_1' <Predicate = true> <Delay = 0.00>
ST_1 : Operation 635 [1/1] (0.00ns)   --->   "%data_1419_V_read_1 = call i8 @_ssdm_op_Read.ap_auto.i8(i8 %data_1419_V_read)"   --->   Operation 635 'read' 'data_1419_V_read_1' <Predicate = true> <Delay = 0.00>
ST_1 : Operation 636 [1/1] (0.00ns)   --->   "%data_1418_V_read_1 = call i8 @_ssdm_op_Read.ap_auto.i8(i8 %data_1418_V_read)"   --->   Operation 636 'read' 'data_1418_V_read_1' <Predicate = true> <Delay = 0.00>
ST_1 : Operation 637 [1/1] (0.00ns)   --->   "%data_1417_V_read_1 = call i8 @_ssdm_op_Read.ap_auto.i8(i8 %data_1417_V_read)"   --->   Operation 637 'read' 'data_1417_V_read_1' <Predicate = true> <Delay = 0.00>
ST_1 : Operation 638 [1/1] (0.00ns)   --->   "%data_1416_V_read_1 = call i8 @_ssdm_op_Read.ap_auto.i8(i8 %data_1416_V_read)"   --->   Operation 638 'read' 'data_1416_V_read_1' <Predicate = true> <Delay = 0.00>
ST_1 : Operation 639 [1/1] (0.00ns)   --->   "%data_1415_V_read_1 = call i8 @_ssdm_op_Read.ap_auto.i8(i8 %data_1415_V_read)"   --->   Operation 639 'read' 'data_1415_V_read_1' <Predicate = true> <Delay = 0.00>
ST_1 : Operation 640 [1/1] (0.00ns)   --->   "%data_1414_V_read_1 = call i8 @_ssdm_op_Read.ap_auto.i8(i8 %data_1414_V_read)"   --->   Operation 640 'read' 'data_1414_V_read_1' <Predicate = true> <Delay = 0.00>
ST_1 : Operation 641 [1/1] (0.00ns)   --->   "%data_1413_V_read_1 = call i8 @_ssdm_op_Read.ap_auto.i8(i8 %data_1413_V_read)"   --->   Operation 641 'read' 'data_1413_V_read_1' <Predicate = true> <Delay = 0.00>
ST_1 : Operation 642 [1/1] (0.00ns)   --->   "%data_1412_V_read_1 = call i8 @_ssdm_op_Read.ap_auto.i8(i8 %data_1412_V_read)"   --->   Operation 642 'read' 'data_1412_V_read_1' <Predicate = true> <Delay = 0.00>
ST_1 : Operation 643 [1/1] (0.00ns)   --->   "%data_1411_V_read_1 = call i8 @_ssdm_op_Read.ap_auto.i8(i8 %data_1411_V_read)"   --->   Operation 643 'read' 'data_1411_V_read_1' <Predicate = true> <Delay = 0.00>
ST_1 : Operation 644 [1/1] (0.00ns)   --->   "%data_1410_V_read_1 = call i8 @_ssdm_op_Read.ap_auto.i8(i8 %data_1410_V_read)"   --->   Operation 644 'read' 'data_1410_V_read_1' <Predicate = true> <Delay = 0.00>
ST_1 : Operation 645 [1/1] (0.00ns)   --->   "%data_1409_V_read_1 = call i8 @_ssdm_op_Read.ap_auto.i8(i8 %data_1409_V_read)"   --->   Operation 645 'read' 'data_1409_V_read_1' <Predicate = true> <Delay = 0.00>
ST_1 : Operation 646 [1/1] (0.00ns)   --->   "%data_1408_V_read_1 = call i8 @_ssdm_op_Read.ap_auto.i8(i8 %data_1408_V_read)"   --->   Operation 646 'read' 'data_1408_V_read_1' <Predicate = true> <Delay = 0.00>
ST_1 : Operation 647 [1/1] (0.00ns)   --->   "%data_1407_V_read_1 = call i8 @_ssdm_op_Read.ap_auto.i8(i8 %data_1407_V_read)"   --->   Operation 647 'read' 'data_1407_V_read_1' <Predicate = true> <Delay = 0.00>
ST_1 : Operation 648 [1/1] (0.00ns)   --->   "%data_1406_V_read_1 = call i8 @_ssdm_op_Read.ap_auto.i8(i8 %data_1406_V_read)"   --->   Operation 648 'read' 'data_1406_V_read_1' <Predicate = true> <Delay = 0.00>
ST_1 : Operation 649 [1/1] (0.00ns)   --->   "%data_1405_V_read_1 = call i8 @_ssdm_op_Read.ap_auto.i8(i8 %data_1405_V_read)"   --->   Operation 649 'read' 'data_1405_V_read_1' <Predicate = true> <Delay = 0.00>
ST_1 : Operation 650 [1/1] (0.00ns)   --->   "%data_1404_V_read_1 = call i8 @_ssdm_op_Read.ap_auto.i8(i8 %data_1404_V_read)"   --->   Operation 650 'read' 'data_1404_V_read_1' <Predicate = true> <Delay = 0.00>
ST_1 : Operation 651 [1/1] (0.00ns)   --->   "%data_1403_V_read_1 = call i8 @_ssdm_op_Read.ap_auto.i8(i8 %data_1403_V_read)"   --->   Operation 651 'read' 'data_1403_V_read_1' <Predicate = true> <Delay = 0.00>
ST_1 : Operation 652 [1/1] (0.00ns)   --->   "%data_1402_V_read_1 = call i8 @_ssdm_op_Read.ap_auto.i8(i8 %data_1402_V_read)"   --->   Operation 652 'read' 'data_1402_V_read_1' <Predicate = true> <Delay = 0.00>
ST_1 : Operation 653 [1/1] (0.00ns)   --->   "%data_1401_V_read_1 = call i8 @_ssdm_op_Read.ap_auto.i8(i8 %data_1401_V_read)"   --->   Operation 653 'read' 'data_1401_V_read_1' <Predicate = true> <Delay = 0.00>
ST_1 : Operation 654 [1/1] (0.00ns)   --->   "%data_1400_V_read_1 = call i8 @_ssdm_op_Read.ap_auto.i8(i8 %data_1400_V_read)"   --->   Operation 654 'read' 'data_1400_V_read_1' <Predicate = true> <Delay = 0.00>
ST_1 : Operation 655 [1/1] (0.00ns)   --->   "%data_1399_V_read_1 = call i8 @_ssdm_op_Read.ap_auto.i8(i8 %data_1399_V_read)"   --->   Operation 655 'read' 'data_1399_V_read_1' <Predicate = true> <Delay = 0.00>
ST_1 : Operation 656 [1/1] (0.00ns)   --->   "%data_1398_V_read_1 = call i8 @_ssdm_op_Read.ap_auto.i8(i8 %data_1398_V_read)"   --->   Operation 656 'read' 'data_1398_V_read_1' <Predicate = true> <Delay = 0.00>
ST_1 : Operation 657 [1/1] (0.00ns)   --->   "%data_1397_V_read_1 = call i8 @_ssdm_op_Read.ap_auto.i8(i8 %data_1397_V_read)"   --->   Operation 657 'read' 'data_1397_V_read_1' <Predicate = true> <Delay = 0.00>
ST_1 : Operation 658 [1/1] (0.00ns)   --->   "%data_1396_V_read_1 = call i8 @_ssdm_op_Read.ap_auto.i8(i8 %data_1396_V_read)"   --->   Operation 658 'read' 'data_1396_V_read_1' <Predicate = true> <Delay = 0.00>
ST_1 : Operation 659 [1/1] (0.00ns)   --->   "%data_1395_V_read_1 = call i8 @_ssdm_op_Read.ap_auto.i8(i8 %data_1395_V_read)"   --->   Operation 659 'read' 'data_1395_V_read_1' <Predicate = true> <Delay = 0.00>
ST_1 : Operation 660 [1/1] (0.00ns)   --->   "%data_1394_V_read_1 = call i8 @_ssdm_op_Read.ap_auto.i8(i8 %data_1394_V_read)"   --->   Operation 660 'read' 'data_1394_V_read_1' <Predicate = true> <Delay = 0.00>
ST_1 : Operation 661 [1/1] (0.00ns)   --->   "%data_1393_V_read_1 = call i8 @_ssdm_op_Read.ap_auto.i8(i8 %data_1393_V_read)"   --->   Operation 661 'read' 'data_1393_V_read_1' <Predicate = true> <Delay = 0.00>
ST_1 : Operation 662 [1/1] (0.00ns)   --->   "%data_1392_V_read_1 = call i8 @_ssdm_op_Read.ap_auto.i8(i8 %data_1392_V_read)"   --->   Operation 662 'read' 'data_1392_V_read_1' <Predicate = true> <Delay = 0.00>
ST_1 : Operation 663 [1/1] (0.00ns)   --->   "%data_1391_V_read_1 = call i8 @_ssdm_op_Read.ap_auto.i8(i8 %data_1391_V_read)"   --->   Operation 663 'read' 'data_1391_V_read_1' <Predicate = true> <Delay = 0.00>
ST_1 : Operation 664 [1/1] (0.00ns)   --->   "%data_1390_V_read_1 = call i8 @_ssdm_op_Read.ap_auto.i8(i8 %data_1390_V_read)"   --->   Operation 664 'read' 'data_1390_V_read_1' <Predicate = true> <Delay = 0.00>
ST_1 : Operation 665 [1/1] (0.00ns)   --->   "%data_1389_V_read_1 = call i8 @_ssdm_op_Read.ap_auto.i8(i8 %data_1389_V_read)"   --->   Operation 665 'read' 'data_1389_V_read_1' <Predicate = true> <Delay = 0.00>
ST_1 : Operation 666 [1/1] (0.00ns)   --->   "%data_1388_V_read_1 = call i8 @_ssdm_op_Read.ap_auto.i8(i8 %data_1388_V_read)"   --->   Operation 666 'read' 'data_1388_V_read_1' <Predicate = true> <Delay = 0.00>
ST_1 : Operation 667 [1/1] (0.00ns)   --->   "%data_1387_V_read_1 = call i8 @_ssdm_op_Read.ap_auto.i8(i8 %data_1387_V_read)"   --->   Operation 667 'read' 'data_1387_V_read_1' <Predicate = true> <Delay = 0.00>
ST_1 : Operation 668 [1/1] (0.00ns)   --->   "%data_1386_V_read_1 = call i8 @_ssdm_op_Read.ap_auto.i8(i8 %data_1386_V_read)"   --->   Operation 668 'read' 'data_1386_V_read_1' <Predicate = true> <Delay = 0.00>
ST_1 : Operation 669 [1/1] (0.00ns)   --->   "%data_1385_V_read_1 = call i8 @_ssdm_op_Read.ap_auto.i8(i8 %data_1385_V_read)"   --->   Operation 669 'read' 'data_1385_V_read_1' <Predicate = true> <Delay = 0.00>
ST_1 : Operation 670 [1/1] (0.00ns)   --->   "%data_1384_V_read_1 = call i8 @_ssdm_op_Read.ap_auto.i8(i8 %data_1384_V_read)"   --->   Operation 670 'read' 'data_1384_V_read_1' <Predicate = true> <Delay = 0.00>
ST_1 : Operation 671 [1/1] (0.00ns)   --->   "%data_1383_V_read_1 = call i8 @_ssdm_op_Read.ap_auto.i8(i8 %data_1383_V_read)"   --->   Operation 671 'read' 'data_1383_V_read_1' <Predicate = true> <Delay = 0.00>
ST_1 : Operation 672 [1/1] (0.00ns)   --->   "%data_1382_V_read_1 = call i8 @_ssdm_op_Read.ap_auto.i8(i8 %data_1382_V_read)"   --->   Operation 672 'read' 'data_1382_V_read_1' <Predicate = true> <Delay = 0.00>
ST_1 : Operation 673 [1/1] (0.00ns)   --->   "%data_1381_V_read_1 = call i8 @_ssdm_op_Read.ap_auto.i8(i8 %data_1381_V_read)"   --->   Operation 673 'read' 'data_1381_V_read_1' <Predicate = true> <Delay = 0.00>
ST_1 : Operation 674 [1/1] (0.00ns)   --->   "%data_1380_V_read_1 = call i8 @_ssdm_op_Read.ap_auto.i8(i8 %data_1380_V_read)"   --->   Operation 674 'read' 'data_1380_V_read_1' <Predicate = true> <Delay = 0.00>
ST_1 : Operation 675 [1/1] (0.00ns)   --->   "%data_1379_V_read_1 = call i8 @_ssdm_op_Read.ap_auto.i8(i8 %data_1379_V_read)"   --->   Operation 675 'read' 'data_1379_V_read_1' <Predicate = true> <Delay = 0.00>
ST_1 : Operation 676 [1/1] (0.00ns)   --->   "%data_1378_V_read_1 = call i8 @_ssdm_op_Read.ap_auto.i8(i8 %data_1378_V_read)"   --->   Operation 676 'read' 'data_1378_V_read_1' <Predicate = true> <Delay = 0.00>
ST_1 : Operation 677 [1/1] (0.00ns)   --->   "%data_1377_V_read_1 = call i8 @_ssdm_op_Read.ap_auto.i8(i8 %data_1377_V_read)"   --->   Operation 677 'read' 'data_1377_V_read_1' <Predicate = true> <Delay = 0.00>
ST_1 : Operation 678 [1/1] (0.00ns)   --->   "%data_1376_V_read_1 = call i8 @_ssdm_op_Read.ap_auto.i8(i8 %data_1376_V_read)"   --->   Operation 678 'read' 'data_1376_V_read_1' <Predicate = true> <Delay = 0.00>
ST_1 : Operation 679 [1/1] (0.00ns)   --->   "%data_1375_V_read_1 = call i8 @_ssdm_op_Read.ap_auto.i8(i8 %data_1375_V_read)"   --->   Operation 679 'read' 'data_1375_V_read_1' <Predicate = true> <Delay = 0.00>
ST_1 : Operation 680 [1/1] (0.00ns)   --->   "%data_1374_V_read_1 = call i8 @_ssdm_op_Read.ap_auto.i8(i8 %data_1374_V_read)"   --->   Operation 680 'read' 'data_1374_V_read_1' <Predicate = true> <Delay = 0.00>
ST_1 : Operation 681 [1/1] (0.00ns)   --->   "%data_1373_V_read_1 = call i8 @_ssdm_op_Read.ap_auto.i8(i8 %data_1373_V_read)"   --->   Operation 681 'read' 'data_1373_V_read_1' <Predicate = true> <Delay = 0.00>
ST_1 : Operation 682 [1/1] (0.00ns)   --->   "%data_1372_V_read_1 = call i8 @_ssdm_op_Read.ap_auto.i8(i8 %data_1372_V_read)"   --->   Operation 682 'read' 'data_1372_V_read_1' <Predicate = true> <Delay = 0.00>
ST_1 : Operation 683 [1/1] (0.00ns)   --->   "%data_1371_V_read_1 = call i8 @_ssdm_op_Read.ap_auto.i8(i8 %data_1371_V_read)"   --->   Operation 683 'read' 'data_1371_V_read_1' <Predicate = true> <Delay = 0.00>
ST_1 : Operation 684 [1/1] (0.00ns)   --->   "%data_1370_V_read_1 = call i8 @_ssdm_op_Read.ap_auto.i8(i8 %data_1370_V_read)"   --->   Operation 684 'read' 'data_1370_V_read_1' <Predicate = true> <Delay = 0.00>
ST_1 : Operation 685 [1/1] (0.00ns)   --->   "%data_1369_V_read_1 = call i8 @_ssdm_op_Read.ap_auto.i8(i8 %data_1369_V_read)"   --->   Operation 685 'read' 'data_1369_V_read_1' <Predicate = true> <Delay = 0.00>
ST_1 : Operation 686 [1/1] (0.00ns)   --->   "%data_1368_V_read_1 = call i8 @_ssdm_op_Read.ap_auto.i8(i8 %data_1368_V_read)"   --->   Operation 686 'read' 'data_1368_V_read_1' <Predicate = true> <Delay = 0.00>
ST_1 : Operation 687 [1/1] (0.00ns)   --->   "%data_1367_V_read_1 = call i8 @_ssdm_op_Read.ap_auto.i8(i8 %data_1367_V_read)"   --->   Operation 687 'read' 'data_1367_V_read_1' <Predicate = true> <Delay = 0.00>
ST_1 : Operation 688 [1/1] (0.00ns)   --->   "%data_1366_V_read_1 = call i8 @_ssdm_op_Read.ap_auto.i8(i8 %data_1366_V_read)"   --->   Operation 688 'read' 'data_1366_V_read_1' <Predicate = true> <Delay = 0.00>
ST_1 : Operation 689 [1/1] (0.00ns)   --->   "%data_1365_V_read_1 = call i8 @_ssdm_op_Read.ap_auto.i8(i8 %data_1365_V_read)"   --->   Operation 689 'read' 'data_1365_V_read_1' <Predicate = true> <Delay = 0.00>
ST_1 : Operation 690 [1/1] (0.00ns)   --->   "%data_1364_V_read_1 = call i8 @_ssdm_op_Read.ap_auto.i8(i8 %data_1364_V_read)"   --->   Operation 690 'read' 'data_1364_V_read_1' <Predicate = true> <Delay = 0.00>
ST_1 : Operation 691 [1/1] (0.00ns)   --->   "%data_1363_V_read_1 = call i8 @_ssdm_op_Read.ap_auto.i8(i8 %data_1363_V_read)"   --->   Operation 691 'read' 'data_1363_V_read_1' <Predicate = true> <Delay = 0.00>
ST_1 : Operation 692 [1/1] (0.00ns)   --->   "%data_1362_V_read_1 = call i8 @_ssdm_op_Read.ap_auto.i8(i8 %data_1362_V_read)"   --->   Operation 692 'read' 'data_1362_V_read_1' <Predicate = true> <Delay = 0.00>
ST_1 : Operation 693 [1/1] (0.00ns)   --->   "%data_1361_V_read_1 = call i8 @_ssdm_op_Read.ap_auto.i8(i8 %data_1361_V_read)"   --->   Operation 693 'read' 'data_1361_V_read_1' <Predicate = true> <Delay = 0.00>
ST_1 : Operation 694 [1/1] (0.00ns)   --->   "%data_1360_V_read_1 = call i8 @_ssdm_op_Read.ap_auto.i8(i8 %data_1360_V_read)"   --->   Operation 694 'read' 'data_1360_V_read_1' <Predicate = true> <Delay = 0.00>
ST_1 : Operation 695 [1/1] (0.00ns)   --->   "%data_1359_V_read_1 = call i8 @_ssdm_op_Read.ap_auto.i8(i8 %data_1359_V_read)"   --->   Operation 695 'read' 'data_1359_V_read_1' <Predicate = true> <Delay = 0.00>
ST_1 : Operation 696 [1/1] (0.00ns)   --->   "%data_1358_V_read_1 = call i8 @_ssdm_op_Read.ap_auto.i8(i8 %data_1358_V_read)"   --->   Operation 696 'read' 'data_1358_V_read_1' <Predicate = true> <Delay = 0.00>
ST_1 : Operation 697 [1/1] (0.00ns)   --->   "%data_1357_V_read_1 = call i8 @_ssdm_op_Read.ap_auto.i8(i8 %data_1357_V_read)"   --->   Operation 697 'read' 'data_1357_V_read_1' <Predicate = true> <Delay = 0.00>
ST_1 : Operation 698 [1/1] (0.00ns)   --->   "%data_1356_V_read_1 = call i8 @_ssdm_op_Read.ap_auto.i8(i8 %data_1356_V_read)"   --->   Operation 698 'read' 'data_1356_V_read_1' <Predicate = true> <Delay = 0.00>
ST_1 : Operation 699 [1/1] (0.00ns)   --->   "%data_1355_V_read_1 = call i8 @_ssdm_op_Read.ap_auto.i8(i8 %data_1355_V_read)"   --->   Operation 699 'read' 'data_1355_V_read_1' <Predicate = true> <Delay = 0.00>
ST_1 : Operation 700 [1/1] (0.00ns)   --->   "%data_1354_V_read_1 = call i8 @_ssdm_op_Read.ap_auto.i8(i8 %data_1354_V_read)"   --->   Operation 700 'read' 'data_1354_V_read_1' <Predicate = true> <Delay = 0.00>
ST_1 : Operation 701 [1/1] (0.00ns)   --->   "%data_1353_V_read_1 = call i8 @_ssdm_op_Read.ap_auto.i8(i8 %data_1353_V_read)"   --->   Operation 701 'read' 'data_1353_V_read_1' <Predicate = true> <Delay = 0.00>
ST_1 : Operation 702 [1/1] (0.00ns)   --->   "%data_1352_V_read_1 = call i8 @_ssdm_op_Read.ap_auto.i8(i8 %data_1352_V_read)"   --->   Operation 702 'read' 'data_1352_V_read_1' <Predicate = true> <Delay = 0.00>
ST_1 : Operation 703 [1/1] (0.00ns)   --->   "%data_1351_V_read_1 = call i8 @_ssdm_op_Read.ap_auto.i8(i8 %data_1351_V_read)"   --->   Operation 703 'read' 'data_1351_V_read_1' <Predicate = true> <Delay = 0.00>
ST_1 : Operation 704 [1/1] (0.00ns)   --->   "%data_1350_V_read_1 = call i8 @_ssdm_op_Read.ap_auto.i8(i8 %data_1350_V_read)"   --->   Operation 704 'read' 'data_1350_V_read_1' <Predicate = true> <Delay = 0.00>
ST_1 : Operation 705 [1/1] (0.00ns)   --->   "%data_1349_V_read_1 = call i8 @_ssdm_op_Read.ap_auto.i8(i8 %data_1349_V_read)"   --->   Operation 705 'read' 'data_1349_V_read_1' <Predicate = true> <Delay = 0.00>
ST_1 : Operation 706 [1/1] (0.00ns)   --->   "%data_1348_V_read_1 = call i8 @_ssdm_op_Read.ap_auto.i8(i8 %data_1348_V_read)"   --->   Operation 706 'read' 'data_1348_V_read_1' <Predicate = true> <Delay = 0.00>
ST_1 : Operation 707 [1/1] (0.00ns)   --->   "%data_1347_V_read_1 = call i8 @_ssdm_op_Read.ap_auto.i8(i8 %data_1347_V_read)"   --->   Operation 707 'read' 'data_1347_V_read_1' <Predicate = true> <Delay = 0.00>
ST_1 : Operation 708 [1/1] (0.00ns)   --->   "%data_1346_V_read_1 = call i8 @_ssdm_op_Read.ap_auto.i8(i8 %data_1346_V_read)"   --->   Operation 708 'read' 'data_1346_V_read_1' <Predicate = true> <Delay = 0.00>
ST_1 : Operation 709 [1/1] (0.00ns)   --->   "%data_1345_V_read_1 = call i8 @_ssdm_op_Read.ap_auto.i8(i8 %data_1345_V_read)"   --->   Operation 709 'read' 'data_1345_V_read_1' <Predicate = true> <Delay = 0.00>
ST_1 : Operation 710 [1/1] (0.00ns)   --->   "%data_1344_V_read_1 = call i8 @_ssdm_op_Read.ap_auto.i8(i8 %data_1344_V_read)"   --->   Operation 710 'read' 'data_1344_V_read_1' <Predicate = true> <Delay = 0.00>
ST_1 : Operation 711 [1/1] (0.00ns)   --->   "%data_1343_V_read_1 = call i8 @_ssdm_op_Read.ap_auto.i8(i8 %data_1343_V_read)"   --->   Operation 711 'read' 'data_1343_V_read_1' <Predicate = true> <Delay = 0.00>
ST_1 : Operation 712 [1/1] (0.00ns)   --->   "%data_1342_V_read_1 = call i8 @_ssdm_op_Read.ap_auto.i8(i8 %data_1342_V_read)"   --->   Operation 712 'read' 'data_1342_V_read_1' <Predicate = true> <Delay = 0.00>
ST_1 : Operation 713 [1/1] (0.00ns)   --->   "%data_1341_V_read_1 = call i8 @_ssdm_op_Read.ap_auto.i8(i8 %data_1341_V_read)"   --->   Operation 713 'read' 'data_1341_V_read_1' <Predicate = true> <Delay = 0.00>
ST_1 : Operation 714 [1/1] (0.00ns)   --->   "%data_1340_V_read_1 = call i8 @_ssdm_op_Read.ap_auto.i8(i8 %data_1340_V_read)"   --->   Operation 714 'read' 'data_1340_V_read_1' <Predicate = true> <Delay = 0.00>
ST_1 : Operation 715 [1/1] (0.00ns)   --->   "%data_1339_V_read_1 = call i8 @_ssdm_op_Read.ap_auto.i8(i8 %data_1339_V_read)"   --->   Operation 715 'read' 'data_1339_V_read_1' <Predicate = true> <Delay = 0.00>
ST_1 : Operation 716 [1/1] (0.00ns)   --->   "%data_1338_V_read_1 = call i8 @_ssdm_op_Read.ap_auto.i8(i8 %data_1338_V_read)"   --->   Operation 716 'read' 'data_1338_V_read_1' <Predicate = true> <Delay = 0.00>
ST_1 : Operation 717 [1/1] (0.00ns)   --->   "%data_1337_V_read_1 = call i8 @_ssdm_op_Read.ap_auto.i8(i8 %data_1337_V_read)"   --->   Operation 717 'read' 'data_1337_V_read_1' <Predicate = true> <Delay = 0.00>
ST_1 : Operation 718 [1/1] (0.00ns)   --->   "%data_1336_V_read_1 = call i8 @_ssdm_op_Read.ap_auto.i8(i8 %data_1336_V_read)"   --->   Operation 718 'read' 'data_1336_V_read_1' <Predicate = true> <Delay = 0.00>
ST_1 : Operation 719 [1/1] (0.00ns)   --->   "%data_1335_V_read_1 = call i8 @_ssdm_op_Read.ap_auto.i8(i8 %data_1335_V_read)"   --->   Operation 719 'read' 'data_1335_V_read_1' <Predicate = true> <Delay = 0.00>
ST_1 : Operation 720 [1/1] (0.00ns)   --->   "%data_1334_V_read_1 = call i8 @_ssdm_op_Read.ap_auto.i8(i8 %data_1334_V_read)"   --->   Operation 720 'read' 'data_1334_V_read_1' <Predicate = true> <Delay = 0.00>
ST_1 : Operation 721 [1/1] (0.00ns)   --->   "%data_1333_V_read_1 = call i8 @_ssdm_op_Read.ap_auto.i8(i8 %data_1333_V_read)"   --->   Operation 721 'read' 'data_1333_V_read_1' <Predicate = true> <Delay = 0.00>
ST_1 : Operation 722 [1/1] (0.00ns)   --->   "%data_1332_V_read_1 = call i8 @_ssdm_op_Read.ap_auto.i8(i8 %data_1332_V_read)"   --->   Operation 722 'read' 'data_1332_V_read_1' <Predicate = true> <Delay = 0.00>
ST_1 : Operation 723 [1/1] (0.00ns)   --->   "%data_1331_V_read_1 = call i8 @_ssdm_op_Read.ap_auto.i8(i8 %data_1331_V_read)"   --->   Operation 723 'read' 'data_1331_V_read_1' <Predicate = true> <Delay = 0.00>
ST_1 : Operation 724 [1/1] (0.00ns)   --->   "%data_1330_V_read_1 = call i8 @_ssdm_op_Read.ap_auto.i8(i8 %data_1330_V_read)"   --->   Operation 724 'read' 'data_1330_V_read_1' <Predicate = true> <Delay = 0.00>
ST_1 : Operation 725 [1/1] (0.00ns)   --->   "%data_1329_V_read_1 = call i8 @_ssdm_op_Read.ap_auto.i8(i8 %data_1329_V_read)"   --->   Operation 725 'read' 'data_1329_V_read_1' <Predicate = true> <Delay = 0.00>
ST_1 : Operation 726 [1/1] (0.00ns)   --->   "%data_1328_V_read_1 = call i8 @_ssdm_op_Read.ap_auto.i8(i8 %data_1328_V_read)"   --->   Operation 726 'read' 'data_1328_V_read_1' <Predicate = true> <Delay = 0.00>
ST_1 : Operation 727 [1/1] (0.00ns)   --->   "%data_1327_V_read_1 = call i8 @_ssdm_op_Read.ap_auto.i8(i8 %data_1327_V_read)"   --->   Operation 727 'read' 'data_1327_V_read_1' <Predicate = true> <Delay = 0.00>
ST_1 : Operation 728 [1/1] (0.00ns)   --->   "%data_1326_V_read_1 = call i8 @_ssdm_op_Read.ap_auto.i8(i8 %data_1326_V_read)"   --->   Operation 728 'read' 'data_1326_V_read_1' <Predicate = true> <Delay = 0.00>
ST_1 : Operation 729 [1/1] (0.00ns)   --->   "%data_1325_V_read_1 = call i8 @_ssdm_op_Read.ap_auto.i8(i8 %data_1325_V_read)"   --->   Operation 729 'read' 'data_1325_V_read_1' <Predicate = true> <Delay = 0.00>
ST_1 : Operation 730 [1/1] (0.00ns)   --->   "%data_1324_V_read_1 = call i8 @_ssdm_op_Read.ap_auto.i8(i8 %data_1324_V_read)"   --->   Operation 730 'read' 'data_1324_V_read_1' <Predicate = true> <Delay = 0.00>
ST_1 : Operation 731 [1/1] (0.00ns)   --->   "%data_1323_V_read_1 = call i8 @_ssdm_op_Read.ap_auto.i8(i8 %data_1323_V_read)"   --->   Operation 731 'read' 'data_1323_V_read_1' <Predicate = true> <Delay = 0.00>
ST_1 : Operation 732 [1/1] (0.00ns)   --->   "%data_1322_V_read_1 = call i8 @_ssdm_op_Read.ap_auto.i8(i8 %data_1322_V_read)"   --->   Operation 732 'read' 'data_1322_V_read_1' <Predicate = true> <Delay = 0.00>
ST_1 : Operation 733 [1/1] (0.00ns)   --->   "%data_1321_V_read_1 = call i8 @_ssdm_op_Read.ap_auto.i8(i8 %data_1321_V_read)"   --->   Operation 733 'read' 'data_1321_V_read_1' <Predicate = true> <Delay = 0.00>
ST_1 : Operation 734 [1/1] (0.00ns)   --->   "%data_1320_V_read_1 = call i8 @_ssdm_op_Read.ap_auto.i8(i8 %data_1320_V_read)"   --->   Operation 734 'read' 'data_1320_V_read_1' <Predicate = true> <Delay = 0.00>
ST_1 : Operation 735 [1/1] (0.00ns)   --->   "%data_1319_V_read_1 = call i8 @_ssdm_op_Read.ap_auto.i8(i8 %data_1319_V_read)"   --->   Operation 735 'read' 'data_1319_V_read_1' <Predicate = true> <Delay = 0.00>
ST_1 : Operation 736 [1/1] (0.00ns)   --->   "%data_1318_V_read_1 = call i8 @_ssdm_op_Read.ap_auto.i8(i8 %data_1318_V_read)"   --->   Operation 736 'read' 'data_1318_V_read_1' <Predicate = true> <Delay = 0.00>
ST_1 : Operation 737 [1/1] (0.00ns)   --->   "%data_1317_V_read_1 = call i8 @_ssdm_op_Read.ap_auto.i8(i8 %data_1317_V_read)"   --->   Operation 737 'read' 'data_1317_V_read_1' <Predicate = true> <Delay = 0.00>
ST_1 : Operation 738 [1/1] (0.00ns)   --->   "%data_1316_V_read_1 = call i8 @_ssdm_op_Read.ap_auto.i8(i8 %data_1316_V_read)"   --->   Operation 738 'read' 'data_1316_V_read_1' <Predicate = true> <Delay = 0.00>
ST_1 : Operation 739 [1/1] (0.00ns)   --->   "%data_1315_V_read_1 = call i8 @_ssdm_op_Read.ap_auto.i8(i8 %data_1315_V_read)"   --->   Operation 739 'read' 'data_1315_V_read_1' <Predicate = true> <Delay = 0.00>
ST_1 : Operation 740 [1/1] (0.00ns)   --->   "%data_1314_V_read_1 = call i8 @_ssdm_op_Read.ap_auto.i8(i8 %data_1314_V_read)"   --->   Operation 740 'read' 'data_1314_V_read_1' <Predicate = true> <Delay = 0.00>
ST_1 : Operation 741 [1/1] (0.00ns)   --->   "%data_1313_V_read_1 = call i8 @_ssdm_op_Read.ap_auto.i8(i8 %data_1313_V_read)"   --->   Operation 741 'read' 'data_1313_V_read_1' <Predicate = true> <Delay = 0.00>
ST_1 : Operation 742 [1/1] (0.00ns)   --->   "%data_1312_V_read_1 = call i8 @_ssdm_op_Read.ap_auto.i8(i8 %data_1312_V_read)"   --->   Operation 742 'read' 'data_1312_V_read_1' <Predicate = true> <Delay = 0.00>
ST_1 : Operation 743 [1/1] (0.00ns)   --->   "%data_1311_V_read_1 = call i8 @_ssdm_op_Read.ap_auto.i8(i8 %data_1311_V_read)"   --->   Operation 743 'read' 'data_1311_V_read_1' <Predicate = true> <Delay = 0.00>
ST_1 : Operation 744 [1/1] (0.00ns)   --->   "%data_1310_V_read_1 = call i8 @_ssdm_op_Read.ap_auto.i8(i8 %data_1310_V_read)"   --->   Operation 744 'read' 'data_1310_V_read_1' <Predicate = true> <Delay = 0.00>
ST_1 : Operation 745 [1/1] (0.00ns)   --->   "%data_1309_V_read_1 = call i8 @_ssdm_op_Read.ap_auto.i8(i8 %data_1309_V_read)"   --->   Operation 745 'read' 'data_1309_V_read_1' <Predicate = true> <Delay = 0.00>
ST_1 : Operation 746 [1/1] (0.00ns)   --->   "%data_1308_V_read_1 = call i8 @_ssdm_op_Read.ap_auto.i8(i8 %data_1308_V_read)"   --->   Operation 746 'read' 'data_1308_V_read_1' <Predicate = true> <Delay = 0.00>
ST_1 : Operation 747 [1/1] (0.00ns)   --->   "%data_1307_V_read_1 = call i8 @_ssdm_op_Read.ap_auto.i8(i8 %data_1307_V_read)"   --->   Operation 747 'read' 'data_1307_V_read_1' <Predicate = true> <Delay = 0.00>
ST_1 : Operation 748 [1/1] (0.00ns)   --->   "%data_1306_V_read_1 = call i8 @_ssdm_op_Read.ap_auto.i8(i8 %data_1306_V_read)"   --->   Operation 748 'read' 'data_1306_V_read_1' <Predicate = true> <Delay = 0.00>
ST_1 : Operation 749 [1/1] (0.00ns)   --->   "%data_1305_V_read_1 = call i8 @_ssdm_op_Read.ap_auto.i8(i8 %data_1305_V_read)"   --->   Operation 749 'read' 'data_1305_V_read_1' <Predicate = true> <Delay = 0.00>
ST_1 : Operation 750 [1/1] (0.00ns)   --->   "%data_1304_V_read_1 = call i8 @_ssdm_op_Read.ap_auto.i8(i8 %data_1304_V_read)"   --->   Operation 750 'read' 'data_1304_V_read_1' <Predicate = true> <Delay = 0.00>
ST_1 : Operation 751 [1/1] (0.00ns)   --->   "%data_1303_V_read_1 = call i8 @_ssdm_op_Read.ap_auto.i8(i8 %data_1303_V_read)"   --->   Operation 751 'read' 'data_1303_V_read_1' <Predicate = true> <Delay = 0.00>
ST_1 : Operation 752 [1/1] (0.00ns)   --->   "%data_1302_V_read_1 = call i8 @_ssdm_op_Read.ap_auto.i8(i8 %data_1302_V_read)"   --->   Operation 752 'read' 'data_1302_V_read_1' <Predicate = true> <Delay = 0.00>
ST_1 : Operation 753 [1/1] (0.00ns)   --->   "%data_1301_V_read_1 = call i8 @_ssdm_op_Read.ap_auto.i8(i8 %data_1301_V_read)"   --->   Operation 753 'read' 'data_1301_V_read_1' <Predicate = true> <Delay = 0.00>
ST_1 : Operation 754 [1/1] (0.00ns)   --->   "%data_1300_V_read_1 = call i8 @_ssdm_op_Read.ap_auto.i8(i8 %data_1300_V_read)"   --->   Operation 754 'read' 'data_1300_V_read_1' <Predicate = true> <Delay = 0.00>
ST_1 : Operation 755 [1/1] (0.00ns)   --->   "%data_1299_V_read_1 = call i8 @_ssdm_op_Read.ap_auto.i8(i8 %data_1299_V_read)"   --->   Operation 755 'read' 'data_1299_V_read_1' <Predicate = true> <Delay = 0.00>
ST_1 : Operation 756 [1/1] (0.00ns)   --->   "%data_1298_V_read_1 = call i8 @_ssdm_op_Read.ap_auto.i8(i8 %data_1298_V_read)"   --->   Operation 756 'read' 'data_1298_V_read_1' <Predicate = true> <Delay = 0.00>
ST_1 : Operation 757 [1/1] (0.00ns)   --->   "%data_1297_V_read_1 = call i8 @_ssdm_op_Read.ap_auto.i8(i8 %data_1297_V_read)"   --->   Operation 757 'read' 'data_1297_V_read_1' <Predicate = true> <Delay = 0.00>
ST_1 : Operation 758 [1/1] (0.00ns)   --->   "%data_1296_V_read_1 = call i8 @_ssdm_op_Read.ap_auto.i8(i8 %data_1296_V_read)"   --->   Operation 758 'read' 'data_1296_V_read_1' <Predicate = true> <Delay = 0.00>
ST_1 : Operation 759 [1/1] (0.00ns)   --->   "%data_1295_V_read_1 = call i8 @_ssdm_op_Read.ap_auto.i8(i8 %data_1295_V_read)"   --->   Operation 759 'read' 'data_1295_V_read_1' <Predicate = true> <Delay = 0.00>
ST_1 : Operation 760 [1/1] (0.00ns)   --->   "%data_1294_V_read_1 = call i8 @_ssdm_op_Read.ap_auto.i8(i8 %data_1294_V_read)"   --->   Operation 760 'read' 'data_1294_V_read_1' <Predicate = true> <Delay = 0.00>
ST_1 : Operation 761 [1/1] (0.00ns)   --->   "%data_1293_V_read_1 = call i8 @_ssdm_op_Read.ap_auto.i8(i8 %data_1293_V_read)"   --->   Operation 761 'read' 'data_1293_V_read_1' <Predicate = true> <Delay = 0.00>
ST_1 : Operation 762 [1/1] (0.00ns)   --->   "%data_1292_V_read_1 = call i8 @_ssdm_op_Read.ap_auto.i8(i8 %data_1292_V_read)"   --->   Operation 762 'read' 'data_1292_V_read_1' <Predicate = true> <Delay = 0.00>
ST_1 : Operation 763 [1/1] (0.00ns)   --->   "%data_1291_V_read_1 = call i8 @_ssdm_op_Read.ap_auto.i8(i8 %data_1291_V_read)"   --->   Operation 763 'read' 'data_1291_V_read_1' <Predicate = true> <Delay = 0.00>
ST_1 : Operation 764 [1/1] (0.00ns)   --->   "%data_1290_V_read_1 = call i8 @_ssdm_op_Read.ap_auto.i8(i8 %data_1290_V_read)"   --->   Operation 764 'read' 'data_1290_V_read_1' <Predicate = true> <Delay = 0.00>
ST_1 : Operation 765 [1/1] (0.00ns)   --->   "%data_1289_V_read_1 = call i8 @_ssdm_op_Read.ap_auto.i8(i8 %data_1289_V_read)"   --->   Operation 765 'read' 'data_1289_V_read_1' <Predicate = true> <Delay = 0.00>
ST_1 : Operation 766 [1/1] (0.00ns)   --->   "%data_1288_V_read_1 = call i8 @_ssdm_op_Read.ap_auto.i8(i8 %data_1288_V_read)"   --->   Operation 766 'read' 'data_1288_V_read_1' <Predicate = true> <Delay = 0.00>
ST_1 : Operation 767 [1/1] (0.00ns)   --->   "%data_1287_V_read_1 = call i8 @_ssdm_op_Read.ap_auto.i8(i8 %data_1287_V_read)"   --->   Operation 767 'read' 'data_1287_V_read_1' <Predicate = true> <Delay = 0.00>
ST_1 : Operation 768 [1/1] (0.00ns)   --->   "%data_1286_V_read_1 = call i8 @_ssdm_op_Read.ap_auto.i8(i8 %data_1286_V_read)"   --->   Operation 768 'read' 'data_1286_V_read_1' <Predicate = true> <Delay = 0.00>
ST_1 : Operation 769 [1/1] (0.00ns)   --->   "%data_1285_V_read_1 = call i8 @_ssdm_op_Read.ap_auto.i8(i8 %data_1285_V_read)"   --->   Operation 769 'read' 'data_1285_V_read_1' <Predicate = true> <Delay = 0.00>
ST_1 : Operation 770 [1/1] (0.00ns)   --->   "%data_1284_V_read_1 = call i8 @_ssdm_op_Read.ap_auto.i8(i8 %data_1284_V_read)"   --->   Operation 770 'read' 'data_1284_V_read_1' <Predicate = true> <Delay = 0.00>
ST_1 : Operation 771 [1/1] (0.00ns)   --->   "%data_1283_V_read_1 = call i8 @_ssdm_op_Read.ap_auto.i8(i8 %data_1283_V_read)"   --->   Operation 771 'read' 'data_1283_V_read_1' <Predicate = true> <Delay = 0.00>
ST_1 : Operation 772 [1/1] (0.00ns)   --->   "%data_1282_V_read_1 = call i8 @_ssdm_op_Read.ap_auto.i8(i8 %data_1282_V_read)"   --->   Operation 772 'read' 'data_1282_V_read_1' <Predicate = true> <Delay = 0.00>
ST_1 : Operation 773 [1/1] (0.00ns)   --->   "%data_1281_V_read_1 = call i8 @_ssdm_op_Read.ap_auto.i8(i8 %data_1281_V_read)"   --->   Operation 773 'read' 'data_1281_V_read_1' <Predicate = true> <Delay = 0.00>
ST_1 : Operation 774 [1/1] (0.00ns)   --->   "%data_1280_V_read_1 = call i8 @_ssdm_op_Read.ap_auto.i8(i8 %data_1280_V_read)"   --->   Operation 774 'read' 'data_1280_V_read_1' <Predicate = true> <Delay = 0.00>
ST_1 : Operation 775 [1/1] (0.00ns)   --->   "%data_1279_V_read_1 = call i8 @_ssdm_op_Read.ap_auto.i8(i8 %data_1279_V_read)"   --->   Operation 775 'read' 'data_1279_V_read_1' <Predicate = true> <Delay = 0.00>
ST_1 : Operation 776 [1/1] (0.00ns)   --->   "%data_1278_V_read_1 = call i8 @_ssdm_op_Read.ap_auto.i8(i8 %data_1278_V_read)"   --->   Operation 776 'read' 'data_1278_V_read_1' <Predicate = true> <Delay = 0.00>
ST_1 : Operation 777 [1/1] (0.00ns)   --->   "%data_1277_V_read_1 = call i8 @_ssdm_op_Read.ap_auto.i8(i8 %data_1277_V_read)"   --->   Operation 777 'read' 'data_1277_V_read_1' <Predicate = true> <Delay = 0.00>
ST_1 : Operation 778 [1/1] (0.00ns)   --->   "%data_1276_V_read_1 = call i8 @_ssdm_op_Read.ap_auto.i8(i8 %data_1276_V_read)"   --->   Operation 778 'read' 'data_1276_V_read_1' <Predicate = true> <Delay = 0.00>
ST_1 : Operation 779 [1/1] (0.00ns)   --->   "%data_1275_V_read_1 = call i8 @_ssdm_op_Read.ap_auto.i8(i8 %data_1275_V_read)"   --->   Operation 779 'read' 'data_1275_V_read_1' <Predicate = true> <Delay = 0.00>
ST_1 : Operation 780 [1/1] (0.00ns)   --->   "%data_1274_V_read_1 = call i8 @_ssdm_op_Read.ap_auto.i8(i8 %data_1274_V_read)"   --->   Operation 780 'read' 'data_1274_V_read_1' <Predicate = true> <Delay = 0.00>
ST_1 : Operation 781 [1/1] (0.00ns)   --->   "%data_1273_V_read_1 = call i8 @_ssdm_op_Read.ap_auto.i8(i8 %data_1273_V_read)"   --->   Operation 781 'read' 'data_1273_V_read_1' <Predicate = true> <Delay = 0.00>
ST_1 : Operation 782 [1/1] (0.00ns)   --->   "%data_1272_V_read_1 = call i8 @_ssdm_op_Read.ap_auto.i8(i8 %data_1272_V_read)"   --->   Operation 782 'read' 'data_1272_V_read_1' <Predicate = true> <Delay = 0.00>
ST_1 : Operation 783 [1/1] (0.00ns)   --->   "%data_1271_V_read_1 = call i8 @_ssdm_op_Read.ap_auto.i8(i8 %data_1271_V_read)"   --->   Operation 783 'read' 'data_1271_V_read_1' <Predicate = true> <Delay = 0.00>
ST_1 : Operation 784 [1/1] (0.00ns)   --->   "%data_1270_V_read_1 = call i8 @_ssdm_op_Read.ap_auto.i8(i8 %data_1270_V_read)"   --->   Operation 784 'read' 'data_1270_V_read_1' <Predicate = true> <Delay = 0.00>
ST_1 : Operation 785 [1/1] (0.00ns)   --->   "%data_1269_V_read_1 = call i8 @_ssdm_op_Read.ap_auto.i8(i8 %data_1269_V_read)"   --->   Operation 785 'read' 'data_1269_V_read_1' <Predicate = true> <Delay = 0.00>
ST_1 : Operation 786 [1/1] (0.00ns)   --->   "%data_1268_V_read_1 = call i8 @_ssdm_op_Read.ap_auto.i8(i8 %data_1268_V_read)"   --->   Operation 786 'read' 'data_1268_V_read_1' <Predicate = true> <Delay = 0.00>
ST_1 : Operation 787 [1/1] (0.00ns)   --->   "%data_1267_V_read_1 = call i8 @_ssdm_op_Read.ap_auto.i8(i8 %data_1267_V_read)"   --->   Operation 787 'read' 'data_1267_V_read_1' <Predicate = true> <Delay = 0.00>
ST_1 : Operation 788 [1/1] (0.00ns)   --->   "%data_1266_V_read_1 = call i8 @_ssdm_op_Read.ap_auto.i8(i8 %data_1266_V_read)"   --->   Operation 788 'read' 'data_1266_V_read_1' <Predicate = true> <Delay = 0.00>
ST_1 : Operation 789 [1/1] (0.00ns)   --->   "%data_1265_V_read_1 = call i8 @_ssdm_op_Read.ap_auto.i8(i8 %data_1265_V_read)"   --->   Operation 789 'read' 'data_1265_V_read_1' <Predicate = true> <Delay = 0.00>
ST_1 : Operation 790 [1/1] (0.00ns)   --->   "%data_1264_V_read_1 = call i8 @_ssdm_op_Read.ap_auto.i8(i8 %data_1264_V_read)"   --->   Operation 790 'read' 'data_1264_V_read_1' <Predicate = true> <Delay = 0.00>
ST_1 : Operation 791 [1/1] (0.00ns)   --->   "%data_1263_V_read_1 = call i8 @_ssdm_op_Read.ap_auto.i8(i8 %data_1263_V_read)"   --->   Operation 791 'read' 'data_1263_V_read_1' <Predicate = true> <Delay = 0.00>
ST_1 : Operation 792 [1/1] (0.00ns)   --->   "%data_1262_V_read_1 = call i8 @_ssdm_op_Read.ap_auto.i8(i8 %data_1262_V_read)"   --->   Operation 792 'read' 'data_1262_V_read_1' <Predicate = true> <Delay = 0.00>
ST_1 : Operation 793 [1/1] (0.00ns)   --->   "%data_1261_V_read_1 = call i8 @_ssdm_op_Read.ap_auto.i8(i8 %data_1261_V_read)"   --->   Operation 793 'read' 'data_1261_V_read_1' <Predicate = true> <Delay = 0.00>
ST_1 : Operation 794 [1/1] (0.00ns)   --->   "%data_1260_V_read_1 = call i8 @_ssdm_op_Read.ap_auto.i8(i8 %data_1260_V_read)"   --->   Operation 794 'read' 'data_1260_V_read_1' <Predicate = true> <Delay = 0.00>
ST_1 : Operation 795 [1/1] (0.00ns)   --->   "%data_1259_V_read_1 = call i8 @_ssdm_op_Read.ap_auto.i8(i8 %data_1259_V_read)"   --->   Operation 795 'read' 'data_1259_V_read_1' <Predicate = true> <Delay = 0.00>
ST_1 : Operation 796 [1/1] (0.00ns)   --->   "%data_1258_V_read_1 = call i8 @_ssdm_op_Read.ap_auto.i8(i8 %data_1258_V_read)"   --->   Operation 796 'read' 'data_1258_V_read_1' <Predicate = true> <Delay = 0.00>
ST_1 : Operation 797 [1/1] (0.00ns)   --->   "%data_1257_V_read_1 = call i8 @_ssdm_op_Read.ap_auto.i8(i8 %data_1257_V_read)"   --->   Operation 797 'read' 'data_1257_V_read_1' <Predicate = true> <Delay = 0.00>
ST_1 : Operation 798 [1/1] (0.00ns)   --->   "%data_1256_V_read_1 = call i8 @_ssdm_op_Read.ap_auto.i8(i8 %data_1256_V_read)"   --->   Operation 798 'read' 'data_1256_V_read_1' <Predicate = true> <Delay = 0.00>
ST_1 : Operation 799 [1/1] (0.00ns)   --->   "%data_1255_V_read_1 = call i8 @_ssdm_op_Read.ap_auto.i8(i8 %data_1255_V_read)"   --->   Operation 799 'read' 'data_1255_V_read_1' <Predicate = true> <Delay = 0.00>
ST_1 : Operation 800 [1/1] (0.00ns)   --->   "%data_1254_V_read_1 = call i8 @_ssdm_op_Read.ap_auto.i8(i8 %data_1254_V_read)"   --->   Operation 800 'read' 'data_1254_V_read_1' <Predicate = true> <Delay = 0.00>
ST_1 : Operation 801 [1/1] (0.00ns)   --->   "%data_1253_V_read_1 = call i8 @_ssdm_op_Read.ap_auto.i8(i8 %data_1253_V_read)"   --->   Operation 801 'read' 'data_1253_V_read_1' <Predicate = true> <Delay = 0.00>
ST_1 : Operation 802 [1/1] (0.00ns)   --->   "%data_1252_V_read_1 = call i8 @_ssdm_op_Read.ap_auto.i8(i8 %data_1252_V_read)"   --->   Operation 802 'read' 'data_1252_V_read_1' <Predicate = true> <Delay = 0.00>
ST_1 : Operation 803 [1/1] (0.00ns)   --->   "%data_1251_V_read_1 = call i8 @_ssdm_op_Read.ap_auto.i8(i8 %data_1251_V_read)"   --->   Operation 803 'read' 'data_1251_V_read_1' <Predicate = true> <Delay = 0.00>
ST_1 : Operation 804 [1/1] (0.00ns)   --->   "%data_1250_V_read_1 = call i8 @_ssdm_op_Read.ap_auto.i8(i8 %data_1250_V_read)"   --->   Operation 804 'read' 'data_1250_V_read_1' <Predicate = true> <Delay = 0.00>
ST_1 : Operation 805 [1/1] (0.00ns)   --->   "%data_1249_V_read_1 = call i8 @_ssdm_op_Read.ap_auto.i8(i8 %data_1249_V_read)"   --->   Operation 805 'read' 'data_1249_V_read_1' <Predicate = true> <Delay = 0.00>
ST_1 : Operation 806 [1/1] (0.00ns)   --->   "%data_1248_V_read_1 = call i8 @_ssdm_op_Read.ap_auto.i8(i8 %data_1248_V_read)"   --->   Operation 806 'read' 'data_1248_V_read_1' <Predicate = true> <Delay = 0.00>
ST_1 : Operation 807 [1/1] (0.00ns)   --->   "%data_1247_V_read_1 = call i8 @_ssdm_op_Read.ap_auto.i8(i8 %data_1247_V_read)"   --->   Operation 807 'read' 'data_1247_V_read_1' <Predicate = true> <Delay = 0.00>
ST_1 : Operation 808 [1/1] (0.00ns)   --->   "%data_1246_V_read_1 = call i8 @_ssdm_op_Read.ap_auto.i8(i8 %data_1246_V_read)"   --->   Operation 808 'read' 'data_1246_V_read_1' <Predicate = true> <Delay = 0.00>
ST_1 : Operation 809 [1/1] (0.00ns)   --->   "%data_1245_V_read_1 = call i8 @_ssdm_op_Read.ap_auto.i8(i8 %data_1245_V_read)"   --->   Operation 809 'read' 'data_1245_V_read_1' <Predicate = true> <Delay = 0.00>
ST_1 : Operation 810 [1/1] (0.00ns)   --->   "%data_1244_V_read_1 = call i8 @_ssdm_op_Read.ap_auto.i8(i8 %data_1244_V_read)"   --->   Operation 810 'read' 'data_1244_V_read_1' <Predicate = true> <Delay = 0.00>
ST_1 : Operation 811 [1/1] (0.00ns)   --->   "%data_1243_V_read_1 = call i8 @_ssdm_op_Read.ap_auto.i8(i8 %data_1243_V_read)"   --->   Operation 811 'read' 'data_1243_V_read_1' <Predicate = true> <Delay = 0.00>
ST_1 : Operation 812 [1/1] (0.00ns)   --->   "%data_1242_V_read_1 = call i8 @_ssdm_op_Read.ap_auto.i8(i8 %data_1242_V_read)"   --->   Operation 812 'read' 'data_1242_V_read_1' <Predicate = true> <Delay = 0.00>
ST_1 : Operation 813 [1/1] (0.00ns)   --->   "%data_1241_V_read_1 = call i8 @_ssdm_op_Read.ap_auto.i8(i8 %data_1241_V_read)"   --->   Operation 813 'read' 'data_1241_V_read_1' <Predicate = true> <Delay = 0.00>
ST_1 : Operation 814 [1/1] (0.00ns)   --->   "%data_1240_V_read_1 = call i8 @_ssdm_op_Read.ap_auto.i8(i8 %data_1240_V_read)"   --->   Operation 814 'read' 'data_1240_V_read_1' <Predicate = true> <Delay = 0.00>
ST_1 : Operation 815 [1/1] (0.00ns)   --->   "%data_1239_V_read_1 = call i8 @_ssdm_op_Read.ap_auto.i8(i8 %data_1239_V_read)"   --->   Operation 815 'read' 'data_1239_V_read_1' <Predicate = true> <Delay = 0.00>
ST_1 : Operation 816 [1/1] (0.00ns)   --->   "%data_1238_V_read_1 = call i8 @_ssdm_op_Read.ap_auto.i8(i8 %data_1238_V_read)"   --->   Operation 816 'read' 'data_1238_V_read_1' <Predicate = true> <Delay = 0.00>
ST_1 : Operation 817 [1/1] (0.00ns)   --->   "%data_1237_V_read_1 = call i8 @_ssdm_op_Read.ap_auto.i8(i8 %data_1237_V_read)"   --->   Operation 817 'read' 'data_1237_V_read_1' <Predicate = true> <Delay = 0.00>
ST_1 : Operation 818 [1/1] (0.00ns)   --->   "%data_1236_V_read_1 = call i8 @_ssdm_op_Read.ap_auto.i8(i8 %data_1236_V_read)"   --->   Operation 818 'read' 'data_1236_V_read_1' <Predicate = true> <Delay = 0.00>
ST_1 : Operation 819 [1/1] (0.00ns)   --->   "%data_1235_V_read_1 = call i8 @_ssdm_op_Read.ap_auto.i8(i8 %data_1235_V_read)"   --->   Operation 819 'read' 'data_1235_V_read_1' <Predicate = true> <Delay = 0.00>
ST_1 : Operation 820 [1/1] (0.00ns)   --->   "%data_1234_V_read_1 = call i8 @_ssdm_op_Read.ap_auto.i8(i8 %data_1234_V_read)"   --->   Operation 820 'read' 'data_1234_V_read_1' <Predicate = true> <Delay = 0.00>
ST_1 : Operation 821 [1/1] (0.00ns)   --->   "%data_1233_V_read_1 = call i8 @_ssdm_op_Read.ap_auto.i8(i8 %data_1233_V_read)"   --->   Operation 821 'read' 'data_1233_V_read_1' <Predicate = true> <Delay = 0.00>
ST_1 : Operation 822 [1/1] (0.00ns)   --->   "%data_1232_V_read_1 = call i8 @_ssdm_op_Read.ap_auto.i8(i8 %data_1232_V_read)"   --->   Operation 822 'read' 'data_1232_V_read_1' <Predicate = true> <Delay = 0.00>
ST_1 : Operation 823 [1/1] (0.00ns)   --->   "%data_1231_V_read_1 = call i8 @_ssdm_op_Read.ap_auto.i8(i8 %data_1231_V_read)"   --->   Operation 823 'read' 'data_1231_V_read_1' <Predicate = true> <Delay = 0.00>
ST_1 : Operation 824 [1/1] (0.00ns)   --->   "%data_1230_V_read_1 = call i8 @_ssdm_op_Read.ap_auto.i8(i8 %data_1230_V_read)"   --->   Operation 824 'read' 'data_1230_V_read_1' <Predicate = true> <Delay = 0.00>
ST_1 : Operation 825 [1/1] (0.00ns)   --->   "%data_1229_V_read_1 = call i8 @_ssdm_op_Read.ap_auto.i8(i8 %data_1229_V_read)"   --->   Operation 825 'read' 'data_1229_V_read_1' <Predicate = true> <Delay = 0.00>
ST_1 : Operation 826 [1/1] (0.00ns)   --->   "%data_1228_V_read_1 = call i8 @_ssdm_op_Read.ap_auto.i8(i8 %data_1228_V_read)"   --->   Operation 826 'read' 'data_1228_V_read_1' <Predicate = true> <Delay = 0.00>
ST_1 : Operation 827 [1/1] (0.00ns)   --->   "%data_1227_V_read_1 = call i8 @_ssdm_op_Read.ap_auto.i8(i8 %data_1227_V_read)"   --->   Operation 827 'read' 'data_1227_V_read_1' <Predicate = true> <Delay = 0.00>
ST_1 : Operation 828 [1/1] (0.00ns)   --->   "%data_1226_V_read_1 = call i8 @_ssdm_op_Read.ap_auto.i8(i8 %data_1226_V_read)"   --->   Operation 828 'read' 'data_1226_V_read_1' <Predicate = true> <Delay = 0.00>
ST_1 : Operation 829 [1/1] (0.00ns)   --->   "%data_1225_V_read_1 = call i8 @_ssdm_op_Read.ap_auto.i8(i8 %data_1225_V_read)"   --->   Operation 829 'read' 'data_1225_V_read_1' <Predicate = true> <Delay = 0.00>
ST_1 : Operation 830 [1/1] (0.00ns)   --->   "%data_1224_V_read_1 = call i8 @_ssdm_op_Read.ap_auto.i8(i8 %data_1224_V_read)"   --->   Operation 830 'read' 'data_1224_V_read_1' <Predicate = true> <Delay = 0.00>
ST_1 : Operation 831 [1/1] (0.00ns)   --->   "%data_1223_V_read_1 = call i8 @_ssdm_op_Read.ap_auto.i8(i8 %data_1223_V_read)"   --->   Operation 831 'read' 'data_1223_V_read_1' <Predicate = true> <Delay = 0.00>
ST_1 : Operation 832 [1/1] (0.00ns)   --->   "%data_1222_V_read_1 = call i8 @_ssdm_op_Read.ap_auto.i8(i8 %data_1222_V_read)"   --->   Operation 832 'read' 'data_1222_V_read_1' <Predicate = true> <Delay = 0.00>
ST_1 : Operation 833 [1/1] (0.00ns)   --->   "%data_1221_V_read_1 = call i8 @_ssdm_op_Read.ap_auto.i8(i8 %data_1221_V_read)"   --->   Operation 833 'read' 'data_1221_V_read_1' <Predicate = true> <Delay = 0.00>
ST_1 : Operation 834 [1/1] (0.00ns)   --->   "%data_1220_V_read_1 = call i8 @_ssdm_op_Read.ap_auto.i8(i8 %data_1220_V_read)"   --->   Operation 834 'read' 'data_1220_V_read_1' <Predicate = true> <Delay = 0.00>
ST_1 : Operation 835 [1/1] (0.00ns)   --->   "%data_1219_V_read_1 = call i8 @_ssdm_op_Read.ap_auto.i8(i8 %data_1219_V_read)"   --->   Operation 835 'read' 'data_1219_V_read_1' <Predicate = true> <Delay = 0.00>
ST_1 : Operation 836 [1/1] (0.00ns)   --->   "%data_1218_V_read_1 = call i8 @_ssdm_op_Read.ap_auto.i8(i8 %data_1218_V_read)"   --->   Operation 836 'read' 'data_1218_V_read_1' <Predicate = true> <Delay = 0.00>
ST_1 : Operation 837 [1/1] (0.00ns)   --->   "%data_1217_V_read_1 = call i8 @_ssdm_op_Read.ap_auto.i8(i8 %data_1217_V_read)"   --->   Operation 837 'read' 'data_1217_V_read_1' <Predicate = true> <Delay = 0.00>
ST_1 : Operation 838 [1/1] (0.00ns)   --->   "%data_1216_V_read_1 = call i8 @_ssdm_op_Read.ap_auto.i8(i8 %data_1216_V_read)"   --->   Operation 838 'read' 'data_1216_V_read_1' <Predicate = true> <Delay = 0.00>
ST_1 : Operation 839 [1/1] (0.00ns)   --->   "%data_1215_V_read_1 = call i8 @_ssdm_op_Read.ap_auto.i8(i8 %data_1215_V_read)"   --->   Operation 839 'read' 'data_1215_V_read_1' <Predicate = true> <Delay = 0.00>
ST_1 : Operation 840 [1/1] (0.00ns)   --->   "%data_1214_V_read_1 = call i8 @_ssdm_op_Read.ap_auto.i8(i8 %data_1214_V_read)"   --->   Operation 840 'read' 'data_1214_V_read_1' <Predicate = true> <Delay = 0.00>
ST_1 : Operation 841 [1/1] (0.00ns)   --->   "%data_1213_V_read_1 = call i8 @_ssdm_op_Read.ap_auto.i8(i8 %data_1213_V_read)"   --->   Operation 841 'read' 'data_1213_V_read_1' <Predicate = true> <Delay = 0.00>
ST_1 : Operation 842 [1/1] (0.00ns)   --->   "%data_1212_V_read_1 = call i8 @_ssdm_op_Read.ap_auto.i8(i8 %data_1212_V_read)"   --->   Operation 842 'read' 'data_1212_V_read_1' <Predicate = true> <Delay = 0.00>
ST_1 : Operation 843 [1/1] (0.00ns)   --->   "%data_1211_V_read_1 = call i8 @_ssdm_op_Read.ap_auto.i8(i8 %data_1211_V_read)"   --->   Operation 843 'read' 'data_1211_V_read_1' <Predicate = true> <Delay = 0.00>
ST_1 : Operation 844 [1/1] (0.00ns)   --->   "%data_1210_V_read_1 = call i8 @_ssdm_op_Read.ap_auto.i8(i8 %data_1210_V_read)"   --->   Operation 844 'read' 'data_1210_V_read_1' <Predicate = true> <Delay = 0.00>
ST_1 : Operation 845 [1/1] (0.00ns)   --->   "%data_1209_V_read_1 = call i8 @_ssdm_op_Read.ap_auto.i8(i8 %data_1209_V_read)"   --->   Operation 845 'read' 'data_1209_V_read_1' <Predicate = true> <Delay = 0.00>
ST_1 : Operation 846 [1/1] (0.00ns)   --->   "%data_1208_V_read_1 = call i8 @_ssdm_op_Read.ap_auto.i8(i8 %data_1208_V_read)"   --->   Operation 846 'read' 'data_1208_V_read_1' <Predicate = true> <Delay = 0.00>
ST_1 : Operation 847 [1/1] (0.00ns)   --->   "%data_1207_V_read_1 = call i8 @_ssdm_op_Read.ap_auto.i8(i8 %data_1207_V_read)"   --->   Operation 847 'read' 'data_1207_V_read_1' <Predicate = true> <Delay = 0.00>
ST_1 : Operation 848 [1/1] (0.00ns)   --->   "%data_1206_V_read_1 = call i8 @_ssdm_op_Read.ap_auto.i8(i8 %data_1206_V_read)"   --->   Operation 848 'read' 'data_1206_V_read_1' <Predicate = true> <Delay = 0.00>
ST_1 : Operation 849 [1/1] (0.00ns)   --->   "%data_1205_V_read_1 = call i8 @_ssdm_op_Read.ap_auto.i8(i8 %data_1205_V_read)"   --->   Operation 849 'read' 'data_1205_V_read_1' <Predicate = true> <Delay = 0.00>
ST_1 : Operation 850 [1/1] (0.00ns)   --->   "%data_1204_V_read_1 = call i8 @_ssdm_op_Read.ap_auto.i8(i8 %data_1204_V_read)"   --->   Operation 850 'read' 'data_1204_V_read_1' <Predicate = true> <Delay = 0.00>
ST_1 : Operation 851 [1/1] (0.00ns)   --->   "%data_1203_V_read_1 = call i8 @_ssdm_op_Read.ap_auto.i8(i8 %data_1203_V_read)"   --->   Operation 851 'read' 'data_1203_V_read_1' <Predicate = true> <Delay = 0.00>
ST_1 : Operation 852 [1/1] (0.00ns)   --->   "%data_1202_V_read_1 = call i8 @_ssdm_op_Read.ap_auto.i8(i8 %data_1202_V_read)"   --->   Operation 852 'read' 'data_1202_V_read_1' <Predicate = true> <Delay = 0.00>
ST_1 : Operation 853 [1/1] (0.00ns)   --->   "%data_1201_V_read_1 = call i8 @_ssdm_op_Read.ap_auto.i8(i8 %data_1201_V_read)"   --->   Operation 853 'read' 'data_1201_V_read_1' <Predicate = true> <Delay = 0.00>
ST_1 : Operation 854 [1/1] (0.00ns)   --->   "%data_1200_V_read_1 = call i8 @_ssdm_op_Read.ap_auto.i8(i8 %data_1200_V_read)"   --->   Operation 854 'read' 'data_1200_V_read_1' <Predicate = true> <Delay = 0.00>
ST_1 : Operation 855 [1/1] (0.00ns)   --->   "%data_1199_V_read_1 = call i8 @_ssdm_op_Read.ap_auto.i8(i8 %data_1199_V_read)"   --->   Operation 855 'read' 'data_1199_V_read_1' <Predicate = true> <Delay = 0.00>
ST_1 : Operation 856 [1/1] (0.00ns)   --->   "%data_1198_V_read_1 = call i8 @_ssdm_op_Read.ap_auto.i8(i8 %data_1198_V_read)"   --->   Operation 856 'read' 'data_1198_V_read_1' <Predicate = true> <Delay = 0.00>
ST_1 : Operation 857 [1/1] (0.00ns)   --->   "%data_1197_V_read_1 = call i8 @_ssdm_op_Read.ap_auto.i8(i8 %data_1197_V_read)"   --->   Operation 857 'read' 'data_1197_V_read_1' <Predicate = true> <Delay = 0.00>
ST_1 : Operation 858 [1/1] (0.00ns)   --->   "%data_1196_V_read_1 = call i8 @_ssdm_op_Read.ap_auto.i8(i8 %data_1196_V_read)"   --->   Operation 858 'read' 'data_1196_V_read_1' <Predicate = true> <Delay = 0.00>
ST_1 : Operation 859 [1/1] (0.00ns)   --->   "%data_1195_V_read_1 = call i8 @_ssdm_op_Read.ap_auto.i8(i8 %data_1195_V_read)"   --->   Operation 859 'read' 'data_1195_V_read_1' <Predicate = true> <Delay = 0.00>
ST_1 : Operation 860 [1/1] (0.00ns)   --->   "%data_1194_V_read_1 = call i8 @_ssdm_op_Read.ap_auto.i8(i8 %data_1194_V_read)"   --->   Operation 860 'read' 'data_1194_V_read_1' <Predicate = true> <Delay = 0.00>
ST_1 : Operation 861 [1/1] (0.00ns)   --->   "%data_1193_V_read_1 = call i8 @_ssdm_op_Read.ap_auto.i8(i8 %data_1193_V_read)"   --->   Operation 861 'read' 'data_1193_V_read_1' <Predicate = true> <Delay = 0.00>
ST_1 : Operation 862 [1/1] (0.00ns)   --->   "%data_1192_V_read_1 = call i8 @_ssdm_op_Read.ap_auto.i8(i8 %data_1192_V_read)"   --->   Operation 862 'read' 'data_1192_V_read_1' <Predicate = true> <Delay = 0.00>
ST_1 : Operation 863 [1/1] (0.00ns)   --->   "%data_1191_V_read_1 = call i8 @_ssdm_op_Read.ap_auto.i8(i8 %data_1191_V_read)"   --->   Operation 863 'read' 'data_1191_V_read_1' <Predicate = true> <Delay = 0.00>
ST_1 : Operation 864 [1/1] (0.00ns)   --->   "%data_1190_V_read_1 = call i8 @_ssdm_op_Read.ap_auto.i8(i8 %data_1190_V_read)"   --->   Operation 864 'read' 'data_1190_V_read_1' <Predicate = true> <Delay = 0.00>
ST_1 : Operation 865 [1/1] (0.00ns)   --->   "%data_1189_V_read_1 = call i8 @_ssdm_op_Read.ap_auto.i8(i8 %data_1189_V_read)"   --->   Operation 865 'read' 'data_1189_V_read_1' <Predicate = true> <Delay = 0.00>
ST_1 : Operation 866 [1/1] (0.00ns)   --->   "%data_1188_V_read_1 = call i8 @_ssdm_op_Read.ap_auto.i8(i8 %data_1188_V_read)"   --->   Operation 866 'read' 'data_1188_V_read_1' <Predicate = true> <Delay = 0.00>
ST_1 : Operation 867 [1/1] (0.00ns)   --->   "%data_1187_V_read_1 = call i8 @_ssdm_op_Read.ap_auto.i8(i8 %data_1187_V_read)"   --->   Operation 867 'read' 'data_1187_V_read_1' <Predicate = true> <Delay = 0.00>
ST_1 : Operation 868 [1/1] (0.00ns)   --->   "%data_1186_V_read_1 = call i8 @_ssdm_op_Read.ap_auto.i8(i8 %data_1186_V_read)"   --->   Operation 868 'read' 'data_1186_V_read_1' <Predicate = true> <Delay = 0.00>
ST_1 : Operation 869 [1/1] (0.00ns)   --->   "%data_1185_V_read_1 = call i8 @_ssdm_op_Read.ap_auto.i8(i8 %data_1185_V_read)"   --->   Operation 869 'read' 'data_1185_V_read_1' <Predicate = true> <Delay = 0.00>
ST_1 : Operation 870 [1/1] (0.00ns)   --->   "%data_1184_V_read_1 = call i8 @_ssdm_op_Read.ap_auto.i8(i8 %data_1184_V_read)"   --->   Operation 870 'read' 'data_1184_V_read_1' <Predicate = true> <Delay = 0.00>
ST_1 : Operation 871 [1/1] (0.00ns)   --->   "%data_1183_V_read_1 = call i8 @_ssdm_op_Read.ap_auto.i8(i8 %data_1183_V_read)"   --->   Operation 871 'read' 'data_1183_V_read_1' <Predicate = true> <Delay = 0.00>
ST_1 : Operation 872 [1/1] (0.00ns)   --->   "%data_1182_V_read_1 = call i8 @_ssdm_op_Read.ap_auto.i8(i8 %data_1182_V_read)"   --->   Operation 872 'read' 'data_1182_V_read_1' <Predicate = true> <Delay = 0.00>
ST_1 : Operation 873 [1/1] (0.00ns)   --->   "%data_1181_V_read_1 = call i8 @_ssdm_op_Read.ap_auto.i8(i8 %data_1181_V_read)"   --->   Operation 873 'read' 'data_1181_V_read_1' <Predicate = true> <Delay = 0.00>
ST_1 : Operation 874 [1/1] (0.00ns)   --->   "%data_1180_V_read_1 = call i8 @_ssdm_op_Read.ap_auto.i8(i8 %data_1180_V_read)"   --->   Operation 874 'read' 'data_1180_V_read_1' <Predicate = true> <Delay = 0.00>
ST_1 : Operation 875 [1/1] (0.00ns)   --->   "%data_1179_V_read_1 = call i8 @_ssdm_op_Read.ap_auto.i8(i8 %data_1179_V_read)"   --->   Operation 875 'read' 'data_1179_V_read_1' <Predicate = true> <Delay = 0.00>
ST_1 : Operation 876 [1/1] (0.00ns)   --->   "%data_1178_V_read_1 = call i8 @_ssdm_op_Read.ap_auto.i8(i8 %data_1178_V_read)"   --->   Operation 876 'read' 'data_1178_V_read_1' <Predicate = true> <Delay = 0.00>
ST_1 : Operation 877 [1/1] (0.00ns)   --->   "%data_1177_V_read_1 = call i8 @_ssdm_op_Read.ap_auto.i8(i8 %data_1177_V_read)"   --->   Operation 877 'read' 'data_1177_V_read_1' <Predicate = true> <Delay = 0.00>
ST_1 : Operation 878 [1/1] (0.00ns)   --->   "%data_1176_V_read_1 = call i8 @_ssdm_op_Read.ap_auto.i8(i8 %data_1176_V_read)"   --->   Operation 878 'read' 'data_1176_V_read_1' <Predicate = true> <Delay = 0.00>
ST_1 : Operation 879 [1/1] (0.00ns)   --->   "%data_1175_V_read_1 = call i8 @_ssdm_op_Read.ap_auto.i8(i8 %data_1175_V_read)"   --->   Operation 879 'read' 'data_1175_V_read_1' <Predicate = true> <Delay = 0.00>
ST_1 : Operation 880 [1/1] (0.00ns)   --->   "%data_1174_V_read_1 = call i8 @_ssdm_op_Read.ap_auto.i8(i8 %data_1174_V_read)"   --->   Operation 880 'read' 'data_1174_V_read_1' <Predicate = true> <Delay = 0.00>
ST_1 : Operation 881 [1/1] (0.00ns)   --->   "%data_1173_V_read_1 = call i8 @_ssdm_op_Read.ap_auto.i8(i8 %data_1173_V_read)"   --->   Operation 881 'read' 'data_1173_V_read_1' <Predicate = true> <Delay = 0.00>
ST_1 : Operation 882 [1/1] (0.00ns)   --->   "%data_1172_V_read_1 = call i8 @_ssdm_op_Read.ap_auto.i8(i8 %data_1172_V_read)"   --->   Operation 882 'read' 'data_1172_V_read_1' <Predicate = true> <Delay = 0.00>
ST_1 : Operation 883 [1/1] (0.00ns)   --->   "%data_1171_V_read_1 = call i8 @_ssdm_op_Read.ap_auto.i8(i8 %data_1171_V_read)"   --->   Operation 883 'read' 'data_1171_V_read_1' <Predicate = true> <Delay = 0.00>
ST_1 : Operation 884 [1/1] (0.00ns)   --->   "%data_1170_V_read_1 = call i8 @_ssdm_op_Read.ap_auto.i8(i8 %data_1170_V_read)"   --->   Operation 884 'read' 'data_1170_V_read_1' <Predicate = true> <Delay = 0.00>
ST_1 : Operation 885 [1/1] (0.00ns)   --->   "%data_1169_V_read_1 = call i8 @_ssdm_op_Read.ap_auto.i8(i8 %data_1169_V_read)"   --->   Operation 885 'read' 'data_1169_V_read_1' <Predicate = true> <Delay = 0.00>
ST_1 : Operation 886 [1/1] (0.00ns)   --->   "%data_1168_V_read_1 = call i8 @_ssdm_op_Read.ap_auto.i8(i8 %data_1168_V_read)"   --->   Operation 886 'read' 'data_1168_V_read_1' <Predicate = true> <Delay = 0.00>
ST_1 : Operation 887 [1/1] (0.00ns)   --->   "%data_1167_V_read_1 = call i8 @_ssdm_op_Read.ap_auto.i8(i8 %data_1167_V_read)"   --->   Operation 887 'read' 'data_1167_V_read_1' <Predicate = true> <Delay = 0.00>
ST_1 : Operation 888 [1/1] (0.00ns)   --->   "%data_1166_V_read_1 = call i8 @_ssdm_op_Read.ap_auto.i8(i8 %data_1166_V_read)"   --->   Operation 888 'read' 'data_1166_V_read_1' <Predicate = true> <Delay = 0.00>
ST_1 : Operation 889 [1/1] (0.00ns)   --->   "%data_1165_V_read_1 = call i8 @_ssdm_op_Read.ap_auto.i8(i8 %data_1165_V_read)"   --->   Operation 889 'read' 'data_1165_V_read_1' <Predicate = true> <Delay = 0.00>
ST_1 : Operation 890 [1/1] (0.00ns)   --->   "%data_1164_V_read_1 = call i8 @_ssdm_op_Read.ap_auto.i8(i8 %data_1164_V_read)"   --->   Operation 890 'read' 'data_1164_V_read_1' <Predicate = true> <Delay = 0.00>
ST_1 : Operation 891 [1/1] (0.00ns)   --->   "%data_1163_V_read_1 = call i8 @_ssdm_op_Read.ap_auto.i8(i8 %data_1163_V_read)"   --->   Operation 891 'read' 'data_1163_V_read_1' <Predicate = true> <Delay = 0.00>
ST_1 : Operation 892 [1/1] (0.00ns)   --->   "%data_1162_V_read_1 = call i8 @_ssdm_op_Read.ap_auto.i8(i8 %data_1162_V_read)"   --->   Operation 892 'read' 'data_1162_V_read_1' <Predicate = true> <Delay = 0.00>
ST_1 : Operation 893 [1/1] (0.00ns)   --->   "%data_1161_V_read_1 = call i8 @_ssdm_op_Read.ap_auto.i8(i8 %data_1161_V_read)"   --->   Operation 893 'read' 'data_1161_V_read_1' <Predicate = true> <Delay = 0.00>
ST_1 : Operation 894 [1/1] (0.00ns)   --->   "%data_1160_V_read_1 = call i8 @_ssdm_op_Read.ap_auto.i8(i8 %data_1160_V_read)"   --->   Operation 894 'read' 'data_1160_V_read_1' <Predicate = true> <Delay = 0.00>
ST_1 : Operation 895 [1/1] (0.00ns)   --->   "%data_1159_V_read_1 = call i8 @_ssdm_op_Read.ap_auto.i8(i8 %data_1159_V_read)"   --->   Operation 895 'read' 'data_1159_V_read_1' <Predicate = true> <Delay = 0.00>
ST_1 : Operation 896 [1/1] (0.00ns)   --->   "%data_1158_V_read_1 = call i8 @_ssdm_op_Read.ap_auto.i8(i8 %data_1158_V_read)"   --->   Operation 896 'read' 'data_1158_V_read_1' <Predicate = true> <Delay = 0.00>
ST_1 : Operation 897 [1/1] (0.00ns)   --->   "%data_1157_V_read_1 = call i8 @_ssdm_op_Read.ap_auto.i8(i8 %data_1157_V_read)"   --->   Operation 897 'read' 'data_1157_V_read_1' <Predicate = true> <Delay = 0.00>
ST_1 : Operation 898 [1/1] (0.00ns)   --->   "%data_1156_V_read_1 = call i8 @_ssdm_op_Read.ap_auto.i8(i8 %data_1156_V_read)"   --->   Operation 898 'read' 'data_1156_V_read_1' <Predicate = true> <Delay = 0.00>
ST_1 : Operation 899 [1/1] (0.00ns)   --->   "%data_1155_V_read_1 = call i8 @_ssdm_op_Read.ap_auto.i8(i8 %data_1155_V_read)"   --->   Operation 899 'read' 'data_1155_V_read_1' <Predicate = true> <Delay = 0.00>
ST_1 : Operation 900 [1/1] (0.00ns)   --->   "%data_1154_V_read_1 = call i8 @_ssdm_op_Read.ap_auto.i8(i8 %data_1154_V_read)"   --->   Operation 900 'read' 'data_1154_V_read_1' <Predicate = true> <Delay = 0.00>
ST_1 : Operation 901 [1/1] (0.00ns)   --->   "%data_1153_V_read_1 = call i8 @_ssdm_op_Read.ap_auto.i8(i8 %data_1153_V_read)"   --->   Operation 901 'read' 'data_1153_V_read_1' <Predicate = true> <Delay = 0.00>
ST_1 : Operation 902 [1/1] (0.00ns)   --->   "%data_1152_V_read_1 = call i8 @_ssdm_op_Read.ap_auto.i8(i8 %data_1152_V_read)"   --->   Operation 902 'read' 'data_1152_V_read_1' <Predicate = true> <Delay = 0.00>
ST_1 : Operation 903 [1/1] (0.00ns)   --->   "%data_1151_V_read_1 = call i8 @_ssdm_op_Read.ap_auto.i8(i8 %data_1151_V_read)"   --->   Operation 903 'read' 'data_1151_V_read_1' <Predicate = true> <Delay = 0.00>
ST_1 : Operation 904 [1/1] (0.00ns)   --->   "%data_1150_V_read_1 = call i8 @_ssdm_op_Read.ap_auto.i8(i8 %data_1150_V_read)"   --->   Operation 904 'read' 'data_1150_V_read_1' <Predicate = true> <Delay = 0.00>
ST_1 : Operation 905 [1/1] (0.00ns)   --->   "%data_1149_V_read_1 = call i8 @_ssdm_op_Read.ap_auto.i8(i8 %data_1149_V_read)"   --->   Operation 905 'read' 'data_1149_V_read_1' <Predicate = true> <Delay = 0.00>
ST_1 : Operation 906 [1/1] (0.00ns)   --->   "%data_1148_V_read_1 = call i8 @_ssdm_op_Read.ap_auto.i8(i8 %data_1148_V_read)"   --->   Operation 906 'read' 'data_1148_V_read_1' <Predicate = true> <Delay = 0.00>
ST_1 : Operation 907 [1/1] (0.00ns)   --->   "%data_1147_V_read_1 = call i8 @_ssdm_op_Read.ap_auto.i8(i8 %data_1147_V_read)"   --->   Operation 907 'read' 'data_1147_V_read_1' <Predicate = true> <Delay = 0.00>
ST_1 : Operation 908 [1/1] (0.00ns)   --->   "%data_1146_V_read_1 = call i8 @_ssdm_op_Read.ap_auto.i8(i8 %data_1146_V_read)"   --->   Operation 908 'read' 'data_1146_V_read_1' <Predicate = true> <Delay = 0.00>
ST_1 : Operation 909 [1/1] (0.00ns)   --->   "%data_1145_V_read_1 = call i8 @_ssdm_op_Read.ap_auto.i8(i8 %data_1145_V_read)"   --->   Operation 909 'read' 'data_1145_V_read_1' <Predicate = true> <Delay = 0.00>
ST_1 : Operation 910 [1/1] (0.00ns)   --->   "%data_1144_V_read_1 = call i8 @_ssdm_op_Read.ap_auto.i8(i8 %data_1144_V_read)"   --->   Operation 910 'read' 'data_1144_V_read_1' <Predicate = true> <Delay = 0.00>
ST_1 : Operation 911 [1/1] (0.00ns)   --->   "%data_1143_V_read_1 = call i8 @_ssdm_op_Read.ap_auto.i8(i8 %data_1143_V_read)"   --->   Operation 911 'read' 'data_1143_V_read_1' <Predicate = true> <Delay = 0.00>
ST_1 : Operation 912 [1/1] (0.00ns)   --->   "%data_1142_V_read_1 = call i8 @_ssdm_op_Read.ap_auto.i8(i8 %data_1142_V_read)"   --->   Operation 912 'read' 'data_1142_V_read_1' <Predicate = true> <Delay = 0.00>
ST_1 : Operation 913 [1/1] (0.00ns)   --->   "%data_1141_V_read_1 = call i8 @_ssdm_op_Read.ap_auto.i8(i8 %data_1141_V_read)"   --->   Operation 913 'read' 'data_1141_V_read_1' <Predicate = true> <Delay = 0.00>
ST_1 : Operation 914 [1/1] (0.00ns)   --->   "%data_1140_V_read_1 = call i8 @_ssdm_op_Read.ap_auto.i8(i8 %data_1140_V_read)"   --->   Operation 914 'read' 'data_1140_V_read_1' <Predicate = true> <Delay = 0.00>
ST_1 : Operation 915 [1/1] (0.00ns)   --->   "%data_1139_V_read_1 = call i8 @_ssdm_op_Read.ap_auto.i8(i8 %data_1139_V_read)"   --->   Operation 915 'read' 'data_1139_V_read_1' <Predicate = true> <Delay = 0.00>
ST_1 : Operation 916 [1/1] (0.00ns)   --->   "%data_1138_V_read_1 = call i8 @_ssdm_op_Read.ap_auto.i8(i8 %data_1138_V_read)"   --->   Operation 916 'read' 'data_1138_V_read_1' <Predicate = true> <Delay = 0.00>
ST_1 : Operation 917 [1/1] (0.00ns)   --->   "%data_1137_V_read_1 = call i8 @_ssdm_op_Read.ap_auto.i8(i8 %data_1137_V_read)"   --->   Operation 917 'read' 'data_1137_V_read_1' <Predicate = true> <Delay = 0.00>
ST_1 : Operation 918 [1/1] (0.00ns)   --->   "%data_1136_V_read_1 = call i8 @_ssdm_op_Read.ap_auto.i8(i8 %data_1136_V_read)"   --->   Operation 918 'read' 'data_1136_V_read_1' <Predicate = true> <Delay = 0.00>
ST_1 : Operation 919 [1/1] (0.00ns)   --->   "%data_1135_V_read_1 = call i8 @_ssdm_op_Read.ap_auto.i8(i8 %data_1135_V_read)"   --->   Operation 919 'read' 'data_1135_V_read_1' <Predicate = true> <Delay = 0.00>
ST_1 : Operation 920 [1/1] (0.00ns)   --->   "%data_1134_V_read_1 = call i8 @_ssdm_op_Read.ap_auto.i8(i8 %data_1134_V_read)"   --->   Operation 920 'read' 'data_1134_V_read_1' <Predicate = true> <Delay = 0.00>
ST_1 : Operation 921 [1/1] (0.00ns)   --->   "%data_1133_V_read_1 = call i8 @_ssdm_op_Read.ap_auto.i8(i8 %data_1133_V_read)"   --->   Operation 921 'read' 'data_1133_V_read_1' <Predicate = true> <Delay = 0.00>
ST_1 : Operation 922 [1/1] (0.00ns)   --->   "%data_1132_V_read_1 = call i8 @_ssdm_op_Read.ap_auto.i8(i8 %data_1132_V_read)"   --->   Operation 922 'read' 'data_1132_V_read_1' <Predicate = true> <Delay = 0.00>
ST_1 : Operation 923 [1/1] (0.00ns)   --->   "%data_1131_V_read_1 = call i8 @_ssdm_op_Read.ap_auto.i8(i8 %data_1131_V_read)"   --->   Operation 923 'read' 'data_1131_V_read_1' <Predicate = true> <Delay = 0.00>
ST_1 : Operation 924 [1/1] (0.00ns)   --->   "%data_1130_V_read_1 = call i8 @_ssdm_op_Read.ap_auto.i8(i8 %data_1130_V_read)"   --->   Operation 924 'read' 'data_1130_V_read_1' <Predicate = true> <Delay = 0.00>
ST_1 : Operation 925 [1/1] (0.00ns)   --->   "%data_1129_V_read_1 = call i8 @_ssdm_op_Read.ap_auto.i8(i8 %data_1129_V_read)"   --->   Operation 925 'read' 'data_1129_V_read_1' <Predicate = true> <Delay = 0.00>
ST_1 : Operation 926 [1/1] (0.00ns)   --->   "%data_1128_V_read_1 = call i8 @_ssdm_op_Read.ap_auto.i8(i8 %data_1128_V_read)"   --->   Operation 926 'read' 'data_1128_V_read_1' <Predicate = true> <Delay = 0.00>
ST_1 : Operation 927 [1/1] (0.00ns)   --->   "%data_1127_V_read_1 = call i8 @_ssdm_op_Read.ap_auto.i8(i8 %data_1127_V_read)"   --->   Operation 927 'read' 'data_1127_V_read_1' <Predicate = true> <Delay = 0.00>
ST_1 : Operation 928 [1/1] (0.00ns)   --->   "%data_1126_V_read_1 = call i8 @_ssdm_op_Read.ap_auto.i8(i8 %data_1126_V_read)"   --->   Operation 928 'read' 'data_1126_V_read_1' <Predicate = true> <Delay = 0.00>
ST_1 : Operation 929 [1/1] (0.00ns)   --->   "%data_1125_V_read_1 = call i8 @_ssdm_op_Read.ap_auto.i8(i8 %data_1125_V_read)"   --->   Operation 929 'read' 'data_1125_V_read_1' <Predicate = true> <Delay = 0.00>
ST_1 : Operation 930 [1/1] (0.00ns)   --->   "%data_1124_V_read_1 = call i8 @_ssdm_op_Read.ap_auto.i8(i8 %data_1124_V_read)"   --->   Operation 930 'read' 'data_1124_V_read_1' <Predicate = true> <Delay = 0.00>
ST_1 : Operation 931 [1/1] (0.00ns)   --->   "%data_1123_V_read_1 = call i8 @_ssdm_op_Read.ap_auto.i8(i8 %data_1123_V_read)"   --->   Operation 931 'read' 'data_1123_V_read_1' <Predicate = true> <Delay = 0.00>
ST_1 : Operation 932 [1/1] (0.00ns)   --->   "%data_1122_V_read_1 = call i8 @_ssdm_op_Read.ap_auto.i8(i8 %data_1122_V_read)"   --->   Operation 932 'read' 'data_1122_V_read_1' <Predicate = true> <Delay = 0.00>
ST_1 : Operation 933 [1/1] (0.00ns)   --->   "%data_1121_V_read_1 = call i8 @_ssdm_op_Read.ap_auto.i8(i8 %data_1121_V_read)"   --->   Operation 933 'read' 'data_1121_V_read_1' <Predicate = true> <Delay = 0.00>
ST_1 : Operation 934 [1/1] (0.00ns)   --->   "%data_1120_V_read_1 = call i8 @_ssdm_op_Read.ap_auto.i8(i8 %data_1120_V_read)"   --->   Operation 934 'read' 'data_1120_V_read_1' <Predicate = true> <Delay = 0.00>
ST_1 : Operation 935 [1/1] (0.00ns)   --->   "%data_1119_V_read_1 = call i8 @_ssdm_op_Read.ap_auto.i8(i8 %data_1119_V_read)"   --->   Operation 935 'read' 'data_1119_V_read_1' <Predicate = true> <Delay = 0.00>
ST_1 : Operation 936 [1/1] (0.00ns)   --->   "%data_1118_V_read_1 = call i8 @_ssdm_op_Read.ap_auto.i8(i8 %data_1118_V_read)"   --->   Operation 936 'read' 'data_1118_V_read_1' <Predicate = true> <Delay = 0.00>
ST_1 : Operation 937 [1/1] (0.00ns)   --->   "%data_1117_V_read_1 = call i8 @_ssdm_op_Read.ap_auto.i8(i8 %data_1117_V_read)"   --->   Operation 937 'read' 'data_1117_V_read_1' <Predicate = true> <Delay = 0.00>
ST_1 : Operation 938 [1/1] (0.00ns)   --->   "%data_1116_V_read_1 = call i8 @_ssdm_op_Read.ap_auto.i8(i8 %data_1116_V_read)"   --->   Operation 938 'read' 'data_1116_V_read_1' <Predicate = true> <Delay = 0.00>
ST_1 : Operation 939 [1/1] (0.00ns)   --->   "%data_1115_V_read_1 = call i8 @_ssdm_op_Read.ap_auto.i8(i8 %data_1115_V_read)"   --->   Operation 939 'read' 'data_1115_V_read_1' <Predicate = true> <Delay = 0.00>
ST_1 : Operation 940 [1/1] (0.00ns)   --->   "%data_1114_V_read_1 = call i8 @_ssdm_op_Read.ap_auto.i8(i8 %data_1114_V_read)"   --->   Operation 940 'read' 'data_1114_V_read_1' <Predicate = true> <Delay = 0.00>
ST_1 : Operation 941 [1/1] (0.00ns)   --->   "%data_1113_V_read_1 = call i8 @_ssdm_op_Read.ap_auto.i8(i8 %data_1113_V_read)"   --->   Operation 941 'read' 'data_1113_V_read_1' <Predicate = true> <Delay = 0.00>
ST_1 : Operation 942 [1/1] (0.00ns)   --->   "%data_1112_V_read_1 = call i8 @_ssdm_op_Read.ap_auto.i8(i8 %data_1112_V_read)"   --->   Operation 942 'read' 'data_1112_V_read_1' <Predicate = true> <Delay = 0.00>
ST_1 : Operation 943 [1/1] (0.00ns)   --->   "%data_1111_V_read_1 = call i8 @_ssdm_op_Read.ap_auto.i8(i8 %data_1111_V_read)"   --->   Operation 943 'read' 'data_1111_V_read_1' <Predicate = true> <Delay = 0.00>
ST_1 : Operation 944 [1/1] (0.00ns)   --->   "%data_1110_V_read_1 = call i8 @_ssdm_op_Read.ap_auto.i8(i8 %data_1110_V_read)"   --->   Operation 944 'read' 'data_1110_V_read_1' <Predicate = true> <Delay = 0.00>
ST_1 : Operation 945 [1/1] (0.00ns)   --->   "%data_1109_V_read_1 = call i8 @_ssdm_op_Read.ap_auto.i8(i8 %data_1109_V_read)"   --->   Operation 945 'read' 'data_1109_V_read_1' <Predicate = true> <Delay = 0.00>
ST_1 : Operation 946 [1/1] (0.00ns)   --->   "%data_1108_V_read_1 = call i8 @_ssdm_op_Read.ap_auto.i8(i8 %data_1108_V_read)"   --->   Operation 946 'read' 'data_1108_V_read_1' <Predicate = true> <Delay = 0.00>
ST_1 : Operation 947 [1/1] (0.00ns)   --->   "%data_1107_V_read_1 = call i8 @_ssdm_op_Read.ap_auto.i8(i8 %data_1107_V_read)"   --->   Operation 947 'read' 'data_1107_V_read_1' <Predicate = true> <Delay = 0.00>
ST_1 : Operation 948 [1/1] (0.00ns)   --->   "%data_1106_V_read_1 = call i8 @_ssdm_op_Read.ap_auto.i8(i8 %data_1106_V_read)"   --->   Operation 948 'read' 'data_1106_V_read_1' <Predicate = true> <Delay = 0.00>
ST_1 : Operation 949 [1/1] (0.00ns)   --->   "%data_1105_V_read_1 = call i8 @_ssdm_op_Read.ap_auto.i8(i8 %data_1105_V_read)"   --->   Operation 949 'read' 'data_1105_V_read_1' <Predicate = true> <Delay = 0.00>
ST_1 : Operation 950 [1/1] (0.00ns)   --->   "%data_1104_V_read_1 = call i8 @_ssdm_op_Read.ap_auto.i8(i8 %data_1104_V_read)"   --->   Operation 950 'read' 'data_1104_V_read_1' <Predicate = true> <Delay = 0.00>
ST_1 : Operation 951 [1/1] (0.00ns)   --->   "%data_1103_V_read_1 = call i8 @_ssdm_op_Read.ap_auto.i8(i8 %data_1103_V_read)"   --->   Operation 951 'read' 'data_1103_V_read_1' <Predicate = true> <Delay = 0.00>
ST_1 : Operation 952 [1/1] (0.00ns)   --->   "%data_1102_V_read_1 = call i8 @_ssdm_op_Read.ap_auto.i8(i8 %data_1102_V_read)"   --->   Operation 952 'read' 'data_1102_V_read_1' <Predicate = true> <Delay = 0.00>
ST_1 : Operation 953 [1/1] (0.00ns)   --->   "%data_1101_V_read_1 = call i8 @_ssdm_op_Read.ap_auto.i8(i8 %data_1101_V_read)"   --->   Operation 953 'read' 'data_1101_V_read_1' <Predicate = true> <Delay = 0.00>
ST_1 : Operation 954 [1/1] (0.00ns)   --->   "%data_1100_V_read_1 = call i8 @_ssdm_op_Read.ap_auto.i8(i8 %data_1100_V_read)"   --->   Operation 954 'read' 'data_1100_V_read_1' <Predicate = true> <Delay = 0.00>
ST_1 : Operation 955 [1/1] (0.00ns)   --->   "%data_1099_V_read_1 = call i8 @_ssdm_op_Read.ap_auto.i8(i8 %data_1099_V_read)"   --->   Operation 955 'read' 'data_1099_V_read_1' <Predicate = true> <Delay = 0.00>
ST_1 : Operation 956 [1/1] (0.00ns)   --->   "%data_1098_V_read_1 = call i8 @_ssdm_op_Read.ap_auto.i8(i8 %data_1098_V_read)"   --->   Operation 956 'read' 'data_1098_V_read_1' <Predicate = true> <Delay = 0.00>
ST_1 : Operation 957 [1/1] (0.00ns)   --->   "%data_1097_V_read_1 = call i8 @_ssdm_op_Read.ap_auto.i8(i8 %data_1097_V_read)"   --->   Operation 957 'read' 'data_1097_V_read_1' <Predicate = true> <Delay = 0.00>
ST_1 : Operation 958 [1/1] (0.00ns)   --->   "%data_1096_V_read_1 = call i8 @_ssdm_op_Read.ap_auto.i8(i8 %data_1096_V_read)"   --->   Operation 958 'read' 'data_1096_V_read_1' <Predicate = true> <Delay = 0.00>
ST_1 : Operation 959 [1/1] (0.00ns)   --->   "%data_1095_V_read_1 = call i8 @_ssdm_op_Read.ap_auto.i8(i8 %data_1095_V_read)"   --->   Operation 959 'read' 'data_1095_V_read_1' <Predicate = true> <Delay = 0.00>
ST_1 : Operation 960 [1/1] (0.00ns)   --->   "%data_1094_V_read_1 = call i8 @_ssdm_op_Read.ap_auto.i8(i8 %data_1094_V_read)"   --->   Operation 960 'read' 'data_1094_V_read_1' <Predicate = true> <Delay = 0.00>
ST_1 : Operation 961 [1/1] (0.00ns)   --->   "%data_1093_V_read_1 = call i8 @_ssdm_op_Read.ap_auto.i8(i8 %data_1093_V_read)"   --->   Operation 961 'read' 'data_1093_V_read_1' <Predicate = true> <Delay = 0.00>
ST_1 : Operation 962 [1/1] (0.00ns)   --->   "%data_1092_V_read_1 = call i8 @_ssdm_op_Read.ap_auto.i8(i8 %data_1092_V_read)"   --->   Operation 962 'read' 'data_1092_V_read_1' <Predicate = true> <Delay = 0.00>
ST_1 : Operation 963 [1/1] (0.00ns)   --->   "%data_1091_V_read_1 = call i8 @_ssdm_op_Read.ap_auto.i8(i8 %data_1091_V_read)"   --->   Operation 963 'read' 'data_1091_V_read_1' <Predicate = true> <Delay = 0.00>
ST_1 : Operation 964 [1/1] (0.00ns)   --->   "%data_1090_V_read_1 = call i8 @_ssdm_op_Read.ap_auto.i8(i8 %data_1090_V_read)"   --->   Operation 964 'read' 'data_1090_V_read_1' <Predicate = true> <Delay = 0.00>
ST_1 : Operation 965 [1/1] (0.00ns)   --->   "%data_1089_V_read_1 = call i8 @_ssdm_op_Read.ap_auto.i8(i8 %data_1089_V_read)"   --->   Operation 965 'read' 'data_1089_V_read_1' <Predicate = true> <Delay = 0.00>
ST_1 : Operation 966 [1/1] (0.00ns)   --->   "%data_1088_V_read_1 = call i8 @_ssdm_op_Read.ap_auto.i8(i8 %data_1088_V_read)"   --->   Operation 966 'read' 'data_1088_V_read_1' <Predicate = true> <Delay = 0.00>
ST_1 : Operation 967 [1/1] (0.00ns)   --->   "%data_1087_V_read_1 = call i8 @_ssdm_op_Read.ap_auto.i8(i8 %data_1087_V_read)"   --->   Operation 967 'read' 'data_1087_V_read_1' <Predicate = true> <Delay = 0.00>
ST_1 : Operation 968 [1/1] (0.00ns)   --->   "%data_1086_V_read_1 = call i8 @_ssdm_op_Read.ap_auto.i8(i8 %data_1086_V_read)"   --->   Operation 968 'read' 'data_1086_V_read_1' <Predicate = true> <Delay = 0.00>
ST_1 : Operation 969 [1/1] (0.00ns)   --->   "%data_1085_V_read_1 = call i8 @_ssdm_op_Read.ap_auto.i8(i8 %data_1085_V_read)"   --->   Operation 969 'read' 'data_1085_V_read_1' <Predicate = true> <Delay = 0.00>
ST_1 : Operation 970 [1/1] (0.00ns)   --->   "%data_1084_V_read_1 = call i8 @_ssdm_op_Read.ap_auto.i8(i8 %data_1084_V_read)"   --->   Operation 970 'read' 'data_1084_V_read_1' <Predicate = true> <Delay = 0.00>
ST_1 : Operation 971 [1/1] (0.00ns)   --->   "%data_1083_V_read_1 = call i8 @_ssdm_op_Read.ap_auto.i8(i8 %data_1083_V_read)"   --->   Operation 971 'read' 'data_1083_V_read_1' <Predicate = true> <Delay = 0.00>
ST_1 : Operation 972 [1/1] (0.00ns)   --->   "%data_1082_V_read_1 = call i8 @_ssdm_op_Read.ap_auto.i8(i8 %data_1082_V_read)"   --->   Operation 972 'read' 'data_1082_V_read_1' <Predicate = true> <Delay = 0.00>
ST_1 : Operation 973 [1/1] (0.00ns)   --->   "%data_1081_V_read_1 = call i8 @_ssdm_op_Read.ap_auto.i8(i8 %data_1081_V_read)"   --->   Operation 973 'read' 'data_1081_V_read_1' <Predicate = true> <Delay = 0.00>
ST_1 : Operation 974 [1/1] (0.00ns)   --->   "%data_1080_V_read_1 = call i8 @_ssdm_op_Read.ap_auto.i8(i8 %data_1080_V_read)"   --->   Operation 974 'read' 'data_1080_V_read_1' <Predicate = true> <Delay = 0.00>
ST_1 : Operation 975 [1/1] (0.00ns)   --->   "%data_1079_V_read_1 = call i8 @_ssdm_op_Read.ap_auto.i8(i8 %data_1079_V_read)"   --->   Operation 975 'read' 'data_1079_V_read_1' <Predicate = true> <Delay = 0.00>
ST_1 : Operation 976 [1/1] (0.00ns)   --->   "%data_1078_V_read_1 = call i8 @_ssdm_op_Read.ap_auto.i8(i8 %data_1078_V_read)"   --->   Operation 976 'read' 'data_1078_V_read_1' <Predicate = true> <Delay = 0.00>
ST_1 : Operation 977 [1/1] (0.00ns)   --->   "%data_1077_V_read_1 = call i8 @_ssdm_op_Read.ap_auto.i8(i8 %data_1077_V_read)"   --->   Operation 977 'read' 'data_1077_V_read_1' <Predicate = true> <Delay = 0.00>
ST_1 : Operation 978 [1/1] (0.00ns)   --->   "%data_1076_V_read_1 = call i8 @_ssdm_op_Read.ap_auto.i8(i8 %data_1076_V_read)"   --->   Operation 978 'read' 'data_1076_V_read_1' <Predicate = true> <Delay = 0.00>
ST_1 : Operation 979 [1/1] (0.00ns)   --->   "%data_1075_V_read_1 = call i8 @_ssdm_op_Read.ap_auto.i8(i8 %data_1075_V_read)"   --->   Operation 979 'read' 'data_1075_V_read_1' <Predicate = true> <Delay = 0.00>
ST_1 : Operation 980 [1/1] (0.00ns)   --->   "%data_1074_V_read_1 = call i8 @_ssdm_op_Read.ap_auto.i8(i8 %data_1074_V_read)"   --->   Operation 980 'read' 'data_1074_V_read_1' <Predicate = true> <Delay = 0.00>
ST_1 : Operation 981 [1/1] (0.00ns)   --->   "%data_1073_V_read_1 = call i8 @_ssdm_op_Read.ap_auto.i8(i8 %data_1073_V_read)"   --->   Operation 981 'read' 'data_1073_V_read_1' <Predicate = true> <Delay = 0.00>
ST_1 : Operation 982 [1/1] (0.00ns)   --->   "%data_1072_V_read_1 = call i8 @_ssdm_op_Read.ap_auto.i8(i8 %data_1072_V_read)"   --->   Operation 982 'read' 'data_1072_V_read_1' <Predicate = true> <Delay = 0.00>
ST_1 : Operation 983 [1/1] (0.00ns)   --->   "%data_1071_V_read_1 = call i8 @_ssdm_op_Read.ap_auto.i8(i8 %data_1071_V_read)"   --->   Operation 983 'read' 'data_1071_V_read_1' <Predicate = true> <Delay = 0.00>
ST_1 : Operation 984 [1/1] (0.00ns)   --->   "%data_1070_V_read_1 = call i8 @_ssdm_op_Read.ap_auto.i8(i8 %data_1070_V_read)"   --->   Operation 984 'read' 'data_1070_V_read_1' <Predicate = true> <Delay = 0.00>
ST_1 : Operation 985 [1/1] (0.00ns)   --->   "%data_1069_V_read_1 = call i8 @_ssdm_op_Read.ap_auto.i8(i8 %data_1069_V_read)"   --->   Operation 985 'read' 'data_1069_V_read_1' <Predicate = true> <Delay = 0.00>
ST_1 : Operation 986 [1/1] (0.00ns)   --->   "%data_1068_V_read_1 = call i8 @_ssdm_op_Read.ap_auto.i8(i8 %data_1068_V_read)"   --->   Operation 986 'read' 'data_1068_V_read_1' <Predicate = true> <Delay = 0.00>
ST_1 : Operation 987 [1/1] (0.00ns)   --->   "%data_1067_V_read_1 = call i8 @_ssdm_op_Read.ap_auto.i8(i8 %data_1067_V_read)"   --->   Operation 987 'read' 'data_1067_V_read_1' <Predicate = true> <Delay = 0.00>
ST_1 : Operation 988 [1/1] (0.00ns)   --->   "%data_1066_V_read_1 = call i8 @_ssdm_op_Read.ap_auto.i8(i8 %data_1066_V_read)"   --->   Operation 988 'read' 'data_1066_V_read_1' <Predicate = true> <Delay = 0.00>
ST_1 : Operation 989 [1/1] (0.00ns)   --->   "%data_1065_V_read_1 = call i8 @_ssdm_op_Read.ap_auto.i8(i8 %data_1065_V_read)"   --->   Operation 989 'read' 'data_1065_V_read_1' <Predicate = true> <Delay = 0.00>
ST_1 : Operation 990 [1/1] (0.00ns)   --->   "%data_1064_V_read_1 = call i8 @_ssdm_op_Read.ap_auto.i8(i8 %data_1064_V_read)"   --->   Operation 990 'read' 'data_1064_V_read_1' <Predicate = true> <Delay = 0.00>
ST_1 : Operation 991 [1/1] (0.00ns)   --->   "%data_1063_V_read_1 = call i8 @_ssdm_op_Read.ap_auto.i8(i8 %data_1063_V_read)"   --->   Operation 991 'read' 'data_1063_V_read_1' <Predicate = true> <Delay = 0.00>
ST_1 : Operation 992 [1/1] (0.00ns)   --->   "%data_1062_V_read_1 = call i8 @_ssdm_op_Read.ap_auto.i8(i8 %data_1062_V_read)"   --->   Operation 992 'read' 'data_1062_V_read_1' <Predicate = true> <Delay = 0.00>
ST_1 : Operation 993 [1/1] (0.00ns)   --->   "%data_1061_V_read_1 = call i8 @_ssdm_op_Read.ap_auto.i8(i8 %data_1061_V_read)"   --->   Operation 993 'read' 'data_1061_V_read_1' <Predicate = true> <Delay = 0.00>
ST_1 : Operation 994 [1/1] (0.00ns)   --->   "%data_1060_V_read_1 = call i8 @_ssdm_op_Read.ap_auto.i8(i8 %data_1060_V_read)"   --->   Operation 994 'read' 'data_1060_V_read_1' <Predicate = true> <Delay = 0.00>
ST_1 : Operation 995 [1/1] (0.00ns)   --->   "%data_1059_V_read_1 = call i8 @_ssdm_op_Read.ap_auto.i8(i8 %data_1059_V_read)"   --->   Operation 995 'read' 'data_1059_V_read_1' <Predicate = true> <Delay = 0.00>
ST_1 : Operation 996 [1/1] (0.00ns)   --->   "%data_1058_V_read_1 = call i8 @_ssdm_op_Read.ap_auto.i8(i8 %data_1058_V_read)"   --->   Operation 996 'read' 'data_1058_V_read_1' <Predicate = true> <Delay = 0.00>
ST_1 : Operation 997 [1/1] (0.00ns)   --->   "%data_1057_V_read_1 = call i8 @_ssdm_op_Read.ap_auto.i8(i8 %data_1057_V_read)"   --->   Operation 997 'read' 'data_1057_V_read_1' <Predicate = true> <Delay = 0.00>
ST_1 : Operation 998 [1/1] (0.00ns)   --->   "%data_1056_V_read_1 = call i8 @_ssdm_op_Read.ap_auto.i8(i8 %data_1056_V_read)"   --->   Operation 998 'read' 'data_1056_V_read_1' <Predicate = true> <Delay = 0.00>
ST_1 : Operation 999 [1/1] (0.00ns)   --->   "%data_1055_V_read_1 = call i8 @_ssdm_op_Read.ap_auto.i8(i8 %data_1055_V_read)"   --->   Operation 999 'read' 'data_1055_V_read_1' <Predicate = true> <Delay = 0.00>
ST_1 : Operation 1000 [1/1] (0.00ns)   --->   "%data_1054_V_read_1 = call i8 @_ssdm_op_Read.ap_auto.i8(i8 %data_1054_V_read)"   --->   Operation 1000 'read' 'data_1054_V_read_1' <Predicate = true> <Delay = 0.00>
ST_1 : Operation 1001 [1/1] (0.00ns)   --->   "%data_1053_V_read_1 = call i8 @_ssdm_op_Read.ap_auto.i8(i8 %data_1053_V_read)"   --->   Operation 1001 'read' 'data_1053_V_read_1' <Predicate = true> <Delay = 0.00>
ST_1 : Operation 1002 [1/1] (0.00ns)   --->   "%data_1052_V_read_1 = call i8 @_ssdm_op_Read.ap_auto.i8(i8 %data_1052_V_read)"   --->   Operation 1002 'read' 'data_1052_V_read_1' <Predicate = true> <Delay = 0.00>
ST_1 : Operation 1003 [1/1] (0.00ns)   --->   "%data_1051_V_read_1 = call i8 @_ssdm_op_Read.ap_auto.i8(i8 %data_1051_V_read)"   --->   Operation 1003 'read' 'data_1051_V_read_1' <Predicate = true> <Delay = 0.00>
ST_1 : Operation 1004 [1/1] (0.00ns)   --->   "%data_1050_V_read_1 = call i8 @_ssdm_op_Read.ap_auto.i8(i8 %data_1050_V_read)"   --->   Operation 1004 'read' 'data_1050_V_read_1' <Predicate = true> <Delay = 0.00>
ST_1 : Operation 1005 [1/1] (0.00ns)   --->   "%data_1049_V_read_1 = call i8 @_ssdm_op_Read.ap_auto.i8(i8 %data_1049_V_read)"   --->   Operation 1005 'read' 'data_1049_V_read_1' <Predicate = true> <Delay = 0.00>
ST_1 : Operation 1006 [1/1] (0.00ns)   --->   "%data_1048_V_read_1 = call i8 @_ssdm_op_Read.ap_auto.i8(i8 %data_1048_V_read)"   --->   Operation 1006 'read' 'data_1048_V_read_1' <Predicate = true> <Delay = 0.00>
ST_1 : Operation 1007 [1/1] (0.00ns)   --->   "%data_1047_V_read_1 = call i8 @_ssdm_op_Read.ap_auto.i8(i8 %data_1047_V_read)"   --->   Operation 1007 'read' 'data_1047_V_read_1' <Predicate = true> <Delay = 0.00>
ST_1 : Operation 1008 [1/1] (0.00ns)   --->   "%data_1046_V_read_1 = call i8 @_ssdm_op_Read.ap_auto.i8(i8 %data_1046_V_read)"   --->   Operation 1008 'read' 'data_1046_V_read_1' <Predicate = true> <Delay = 0.00>
ST_1 : Operation 1009 [1/1] (0.00ns)   --->   "%data_1045_V_read_1 = call i8 @_ssdm_op_Read.ap_auto.i8(i8 %data_1045_V_read)"   --->   Operation 1009 'read' 'data_1045_V_read_1' <Predicate = true> <Delay = 0.00>
ST_1 : Operation 1010 [1/1] (0.00ns)   --->   "%data_1044_V_read_1 = call i8 @_ssdm_op_Read.ap_auto.i8(i8 %data_1044_V_read)"   --->   Operation 1010 'read' 'data_1044_V_read_1' <Predicate = true> <Delay = 0.00>
ST_1 : Operation 1011 [1/1] (0.00ns)   --->   "%data_1043_V_read_1 = call i8 @_ssdm_op_Read.ap_auto.i8(i8 %data_1043_V_read)"   --->   Operation 1011 'read' 'data_1043_V_read_1' <Predicate = true> <Delay = 0.00>
ST_1 : Operation 1012 [1/1] (0.00ns)   --->   "%data_1042_V_read_1 = call i8 @_ssdm_op_Read.ap_auto.i8(i8 %data_1042_V_read)"   --->   Operation 1012 'read' 'data_1042_V_read_1' <Predicate = true> <Delay = 0.00>
ST_1 : Operation 1013 [1/1] (0.00ns)   --->   "%data_1041_V_read_1 = call i8 @_ssdm_op_Read.ap_auto.i8(i8 %data_1041_V_read)"   --->   Operation 1013 'read' 'data_1041_V_read_1' <Predicate = true> <Delay = 0.00>
ST_1 : Operation 1014 [1/1] (0.00ns)   --->   "%data_1040_V_read_1 = call i8 @_ssdm_op_Read.ap_auto.i8(i8 %data_1040_V_read)"   --->   Operation 1014 'read' 'data_1040_V_read_1' <Predicate = true> <Delay = 0.00>
ST_1 : Operation 1015 [1/1] (0.00ns)   --->   "%data_1039_V_read_1 = call i8 @_ssdm_op_Read.ap_auto.i8(i8 %data_1039_V_read)"   --->   Operation 1015 'read' 'data_1039_V_read_1' <Predicate = true> <Delay = 0.00>
ST_1 : Operation 1016 [1/1] (0.00ns)   --->   "%data_1038_V_read_1 = call i8 @_ssdm_op_Read.ap_auto.i8(i8 %data_1038_V_read)"   --->   Operation 1016 'read' 'data_1038_V_read_1' <Predicate = true> <Delay = 0.00>
ST_1 : Operation 1017 [1/1] (0.00ns)   --->   "%data_1037_V_read_1 = call i8 @_ssdm_op_Read.ap_auto.i8(i8 %data_1037_V_read)"   --->   Operation 1017 'read' 'data_1037_V_read_1' <Predicate = true> <Delay = 0.00>
ST_1 : Operation 1018 [1/1] (0.00ns)   --->   "%data_1036_V_read_1 = call i8 @_ssdm_op_Read.ap_auto.i8(i8 %data_1036_V_read)"   --->   Operation 1018 'read' 'data_1036_V_read_1' <Predicate = true> <Delay = 0.00>
ST_1 : Operation 1019 [1/1] (0.00ns)   --->   "%data_1035_V_read_1 = call i8 @_ssdm_op_Read.ap_auto.i8(i8 %data_1035_V_read)"   --->   Operation 1019 'read' 'data_1035_V_read_1' <Predicate = true> <Delay = 0.00>
ST_1 : Operation 1020 [1/1] (0.00ns)   --->   "%data_1034_V_read_1 = call i8 @_ssdm_op_Read.ap_auto.i8(i8 %data_1034_V_read)"   --->   Operation 1020 'read' 'data_1034_V_read_1' <Predicate = true> <Delay = 0.00>
ST_1 : Operation 1021 [1/1] (0.00ns)   --->   "%data_1033_V_read_1 = call i8 @_ssdm_op_Read.ap_auto.i8(i8 %data_1033_V_read)"   --->   Operation 1021 'read' 'data_1033_V_read_1' <Predicate = true> <Delay = 0.00>
ST_1 : Operation 1022 [1/1] (0.00ns)   --->   "%data_1032_V_read_1 = call i8 @_ssdm_op_Read.ap_auto.i8(i8 %data_1032_V_read)"   --->   Operation 1022 'read' 'data_1032_V_read_1' <Predicate = true> <Delay = 0.00>
ST_1 : Operation 1023 [1/1] (0.00ns)   --->   "%data_1031_V_read_1 = call i8 @_ssdm_op_Read.ap_auto.i8(i8 %data_1031_V_read)"   --->   Operation 1023 'read' 'data_1031_V_read_1' <Predicate = true> <Delay = 0.00>
ST_1 : Operation 1024 [1/1] (0.00ns)   --->   "%data_1030_V_read_1 = call i8 @_ssdm_op_Read.ap_auto.i8(i8 %data_1030_V_read)"   --->   Operation 1024 'read' 'data_1030_V_read_1' <Predicate = true> <Delay = 0.00>
ST_1 : Operation 1025 [1/1] (0.00ns)   --->   "%data_1029_V_read_1 = call i8 @_ssdm_op_Read.ap_auto.i8(i8 %data_1029_V_read)"   --->   Operation 1025 'read' 'data_1029_V_read_1' <Predicate = true> <Delay = 0.00>
ST_1 : Operation 1026 [1/1] (0.00ns)   --->   "%data_1028_V_read_1 = call i8 @_ssdm_op_Read.ap_auto.i8(i8 %data_1028_V_read)"   --->   Operation 1026 'read' 'data_1028_V_read_1' <Predicate = true> <Delay = 0.00>
ST_1 : Operation 1027 [1/1] (0.00ns)   --->   "%data_1027_V_read_1 = call i8 @_ssdm_op_Read.ap_auto.i8(i8 %data_1027_V_read)"   --->   Operation 1027 'read' 'data_1027_V_read_1' <Predicate = true> <Delay = 0.00>
ST_1 : Operation 1028 [1/1] (0.00ns)   --->   "%data_1026_V_read_1 = call i8 @_ssdm_op_Read.ap_auto.i8(i8 %data_1026_V_read)"   --->   Operation 1028 'read' 'data_1026_V_read_1' <Predicate = true> <Delay = 0.00>
ST_1 : Operation 1029 [1/1] (0.00ns)   --->   "%data_1025_V_read_1 = call i8 @_ssdm_op_Read.ap_auto.i8(i8 %data_1025_V_read)"   --->   Operation 1029 'read' 'data_1025_V_read_1' <Predicate = true> <Delay = 0.00>
ST_1 : Operation 1030 [1/1] (0.00ns)   --->   "%data_1024_V_read_1 = call i8 @_ssdm_op_Read.ap_auto.i8(i8 %data_1024_V_read)"   --->   Operation 1030 'read' 'data_1024_V_read_1' <Predicate = true> <Delay = 0.00>
ST_1 : Operation 1031 [1/1] (0.00ns)   --->   "%data_1023_V_read_1 = call i8 @_ssdm_op_Read.ap_auto.i8(i8 %data_1023_V_read)"   --->   Operation 1031 'read' 'data_1023_V_read_1' <Predicate = true> <Delay = 0.00>
ST_1 : Operation 1032 [1/1] (0.00ns)   --->   "%data_1022_V_read_1 = call i8 @_ssdm_op_Read.ap_auto.i8(i8 %data_1022_V_read)"   --->   Operation 1032 'read' 'data_1022_V_read_1' <Predicate = true> <Delay = 0.00>
ST_1 : Operation 1033 [1/1] (0.00ns)   --->   "%data_1021_V_read_1 = call i8 @_ssdm_op_Read.ap_auto.i8(i8 %data_1021_V_read)"   --->   Operation 1033 'read' 'data_1021_V_read_1' <Predicate = true> <Delay = 0.00>
ST_1 : Operation 1034 [1/1] (0.00ns)   --->   "%data_1020_V_read_1 = call i8 @_ssdm_op_Read.ap_auto.i8(i8 %data_1020_V_read)"   --->   Operation 1034 'read' 'data_1020_V_read_1' <Predicate = true> <Delay = 0.00>
ST_1 : Operation 1035 [1/1] (0.00ns)   --->   "%data_1019_V_read_1 = call i8 @_ssdm_op_Read.ap_auto.i8(i8 %data_1019_V_read)"   --->   Operation 1035 'read' 'data_1019_V_read_1' <Predicate = true> <Delay = 0.00>
ST_1 : Operation 1036 [1/1] (0.00ns)   --->   "%data_1018_V_read_1 = call i8 @_ssdm_op_Read.ap_auto.i8(i8 %data_1018_V_read)"   --->   Operation 1036 'read' 'data_1018_V_read_1' <Predicate = true> <Delay = 0.00>
ST_1 : Operation 1037 [1/1] (0.00ns)   --->   "%data_1017_V_read_1 = call i8 @_ssdm_op_Read.ap_auto.i8(i8 %data_1017_V_read)"   --->   Operation 1037 'read' 'data_1017_V_read_1' <Predicate = true> <Delay = 0.00>
ST_1 : Operation 1038 [1/1] (0.00ns)   --->   "%data_1016_V_read_1 = call i8 @_ssdm_op_Read.ap_auto.i8(i8 %data_1016_V_read)"   --->   Operation 1038 'read' 'data_1016_V_read_1' <Predicate = true> <Delay = 0.00>
ST_1 : Operation 1039 [1/1] (0.00ns)   --->   "%data_1015_V_read_1 = call i8 @_ssdm_op_Read.ap_auto.i8(i8 %data_1015_V_read)"   --->   Operation 1039 'read' 'data_1015_V_read_1' <Predicate = true> <Delay = 0.00>
ST_1 : Operation 1040 [1/1] (0.00ns)   --->   "%data_1014_V_read_1 = call i8 @_ssdm_op_Read.ap_auto.i8(i8 %data_1014_V_read)"   --->   Operation 1040 'read' 'data_1014_V_read_1' <Predicate = true> <Delay = 0.00>
ST_1 : Operation 1041 [1/1] (0.00ns)   --->   "%data_1013_V_read_1 = call i8 @_ssdm_op_Read.ap_auto.i8(i8 %data_1013_V_read)"   --->   Operation 1041 'read' 'data_1013_V_read_1' <Predicate = true> <Delay = 0.00>
ST_1 : Operation 1042 [1/1] (0.00ns)   --->   "%data_1012_V_read_1 = call i8 @_ssdm_op_Read.ap_auto.i8(i8 %data_1012_V_read)"   --->   Operation 1042 'read' 'data_1012_V_read_1' <Predicate = true> <Delay = 0.00>
ST_1 : Operation 1043 [1/1] (0.00ns)   --->   "%data_1011_V_read_1 = call i8 @_ssdm_op_Read.ap_auto.i8(i8 %data_1011_V_read)"   --->   Operation 1043 'read' 'data_1011_V_read_1' <Predicate = true> <Delay = 0.00>
ST_1 : Operation 1044 [1/1] (0.00ns)   --->   "%data_1010_V_read_1 = call i8 @_ssdm_op_Read.ap_auto.i8(i8 %data_1010_V_read)"   --->   Operation 1044 'read' 'data_1010_V_read_1' <Predicate = true> <Delay = 0.00>
ST_1 : Operation 1045 [1/1] (0.00ns)   --->   "%data_1009_V_read_1 = call i8 @_ssdm_op_Read.ap_auto.i8(i8 %data_1009_V_read)"   --->   Operation 1045 'read' 'data_1009_V_read_1' <Predicate = true> <Delay = 0.00>
ST_1 : Operation 1046 [1/1] (0.00ns)   --->   "%data_1008_V_read_1 = call i8 @_ssdm_op_Read.ap_auto.i8(i8 %data_1008_V_read)"   --->   Operation 1046 'read' 'data_1008_V_read_1' <Predicate = true> <Delay = 0.00>
ST_1 : Operation 1047 [1/1] (0.00ns)   --->   "%data_1007_V_read_1 = call i8 @_ssdm_op_Read.ap_auto.i8(i8 %data_1007_V_read)"   --->   Operation 1047 'read' 'data_1007_V_read_1' <Predicate = true> <Delay = 0.00>
ST_1 : Operation 1048 [1/1] (0.00ns)   --->   "%data_1006_V_read_1 = call i8 @_ssdm_op_Read.ap_auto.i8(i8 %data_1006_V_read)"   --->   Operation 1048 'read' 'data_1006_V_read_1' <Predicate = true> <Delay = 0.00>
ST_1 : Operation 1049 [1/1] (0.00ns)   --->   "%data_1005_V_read_1 = call i8 @_ssdm_op_Read.ap_auto.i8(i8 %data_1005_V_read)"   --->   Operation 1049 'read' 'data_1005_V_read_1' <Predicate = true> <Delay = 0.00>
ST_1 : Operation 1050 [1/1] (0.00ns)   --->   "%data_1004_V_read_1 = call i8 @_ssdm_op_Read.ap_auto.i8(i8 %data_1004_V_read)"   --->   Operation 1050 'read' 'data_1004_V_read_1' <Predicate = true> <Delay = 0.00>
ST_1 : Operation 1051 [1/1] (0.00ns)   --->   "%data_1003_V_read_1 = call i8 @_ssdm_op_Read.ap_auto.i8(i8 %data_1003_V_read)"   --->   Operation 1051 'read' 'data_1003_V_read_1' <Predicate = true> <Delay = 0.00>
ST_1 : Operation 1052 [1/1] (0.00ns)   --->   "%data_1002_V_read_1 = call i8 @_ssdm_op_Read.ap_auto.i8(i8 %data_1002_V_read)"   --->   Operation 1052 'read' 'data_1002_V_read_1' <Predicate = true> <Delay = 0.00>
ST_1 : Operation 1053 [1/1] (0.00ns)   --->   "%data_1001_V_read_1 = call i8 @_ssdm_op_Read.ap_auto.i8(i8 %data_1001_V_read)"   --->   Operation 1053 'read' 'data_1001_V_read_1' <Predicate = true> <Delay = 0.00>
ST_1 : Operation 1054 [1/1] (0.00ns)   --->   "%data_1000_V_read_1 = call i8 @_ssdm_op_Read.ap_auto.i8(i8 %data_1000_V_read)"   --->   Operation 1054 'read' 'data_1000_V_read_1' <Predicate = true> <Delay = 0.00>
ST_1 : Operation 1055 [1/1] (0.00ns)   --->   "%data_999_V_read_1 = call i8 @_ssdm_op_Read.ap_auto.i8(i8 %data_999_V_read)"   --->   Operation 1055 'read' 'data_999_V_read_1' <Predicate = true> <Delay = 0.00>
ST_1 : Operation 1056 [1/1] (0.00ns)   --->   "%data_998_V_read_1 = call i8 @_ssdm_op_Read.ap_auto.i8(i8 %data_998_V_read)"   --->   Operation 1056 'read' 'data_998_V_read_1' <Predicate = true> <Delay = 0.00>
ST_1 : Operation 1057 [1/1] (0.00ns)   --->   "%data_997_V_read_1 = call i8 @_ssdm_op_Read.ap_auto.i8(i8 %data_997_V_read)"   --->   Operation 1057 'read' 'data_997_V_read_1' <Predicate = true> <Delay = 0.00>
ST_1 : Operation 1058 [1/1] (0.00ns)   --->   "%data_996_V_read_1 = call i8 @_ssdm_op_Read.ap_auto.i8(i8 %data_996_V_read)"   --->   Operation 1058 'read' 'data_996_V_read_1' <Predicate = true> <Delay = 0.00>
ST_1 : Operation 1059 [1/1] (0.00ns)   --->   "%data_995_V_read_1 = call i8 @_ssdm_op_Read.ap_auto.i8(i8 %data_995_V_read)"   --->   Operation 1059 'read' 'data_995_V_read_1' <Predicate = true> <Delay = 0.00>
ST_1 : Operation 1060 [1/1] (0.00ns)   --->   "%data_994_V_read_1 = call i8 @_ssdm_op_Read.ap_auto.i8(i8 %data_994_V_read)"   --->   Operation 1060 'read' 'data_994_V_read_1' <Predicate = true> <Delay = 0.00>
ST_1 : Operation 1061 [1/1] (0.00ns)   --->   "%data_993_V_read_1 = call i8 @_ssdm_op_Read.ap_auto.i8(i8 %data_993_V_read)"   --->   Operation 1061 'read' 'data_993_V_read_1' <Predicate = true> <Delay = 0.00>
ST_1 : Operation 1062 [1/1] (0.00ns)   --->   "%data_992_V_read_1 = call i8 @_ssdm_op_Read.ap_auto.i8(i8 %data_992_V_read)"   --->   Operation 1062 'read' 'data_992_V_read_1' <Predicate = true> <Delay = 0.00>
ST_1 : Operation 1063 [1/1] (0.00ns)   --->   "%data_991_V_read_1 = call i8 @_ssdm_op_Read.ap_auto.i8(i8 %data_991_V_read)"   --->   Operation 1063 'read' 'data_991_V_read_1' <Predicate = true> <Delay = 0.00>
ST_1 : Operation 1064 [1/1] (0.00ns)   --->   "%data_990_V_read_1 = call i8 @_ssdm_op_Read.ap_auto.i8(i8 %data_990_V_read)"   --->   Operation 1064 'read' 'data_990_V_read_1' <Predicate = true> <Delay = 0.00>
ST_1 : Operation 1065 [1/1] (0.00ns)   --->   "%data_989_V_read_1 = call i8 @_ssdm_op_Read.ap_auto.i8(i8 %data_989_V_read)"   --->   Operation 1065 'read' 'data_989_V_read_1' <Predicate = true> <Delay = 0.00>
ST_1 : Operation 1066 [1/1] (0.00ns)   --->   "%data_988_V_read_1 = call i8 @_ssdm_op_Read.ap_auto.i8(i8 %data_988_V_read)"   --->   Operation 1066 'read' 'data_988_V_read_1' <Predicate = true> <Delay = 0.00>
ST_1 : Operation 1067 [1/1] (0.00ns)   --->   "%data_987_V_read_1 = call i8 @_ssdm_op_Read.ap_auto.i8(i8 %data_987_V_read)"   --->   Operation 1067 'read' 'data_987_V_read_1' <Predicate = true> <Delay = 0.00>
ST_1 : Operation 1068 [1/1] (0.00ns)   --->   "%data_986_V_read_1 = call i8 @_ssdm_op_Read.ap_auto.i8(i8 %data_986_V_read)"   --->   Operation 1068 'read' 'data_986_V_read_1' <Predicate = true> <Delay = 0.00>
ST_1 : Operation 1069 [1/1] (0.00ns)   --->   "%data_985_V_read_1 = call i8 @_ssdm_op_Read.ap_auto.i8(i8 %data_985_V_read)"   --->   Operation 1069 'read' 'data_985_V_read_1' <Predicate = true> <Delay = 0.00>
ST_1 : Operation 1070 [1/1] (0.00ns)   --->   "%data_984_V_read_1 = call i8 @_ssdm_op_Read.ap_auto.i8(i8 %data_984_V_read)"   --->   Operation 1070 'read' 'data_984_V_read_1' <Predicate = true> <Delay = 0.00>
ST_1 : Operation 1071 [1/1] (0.00ns)   --->   "%data_983_V_read_1 = call i8 @_ssdm_op_Read.ap_auto.i8(i8 %data_983_V_read)"   --->   Operation 1071 'read' 'data_983_V_read_1' <Predicate = true> <Delay = 0.00>
ST_1 : Operation 1072 [1/1] (0.00ns)   --->   "%data_982_V_read_1 = call i8 @_ssdm_op_Read.ap_auto.i8(i8 %data_982_V_read)"   --->   Operation 1072 'read' 'data_982_V_read_1' <Predicate = true> <Delay = 0.00>
ST_1 : Operation 1073 [1/1] (0.00ns)   --->   "%data_981_V_read_1 = call i8 @_ssdm_op_Read.ap_auto.i8(i8 %data_981_V_read)"   --->   Operation 1073 'read' 'data_981_V_read_1' <Predicate = true> <Delay = 0.00>
ST_1 : Operation 1074 [1/1] (0.00ns)   --->   "%data_980_V_read_1 = call i8 @_ssdm_op_Read.ap_auto.i8(i8 %data_980_V_read)"   --->   Operation 1074 'read' 'data_980_V_read_1' <Predicate = true> <Delay = 0.00>
ST_1 : Operation 1075 [1/1] (0.00ns)   --->   "%data_979_V_read_1 = call i8 @_ssdm_op_Read.ap_auto.i8(i8 %data_979_V_read)"   --->   Operation 1075 'read' 'data_979_V_read_1' <Predicate = true> <Delay = 0.00>
ST_1 : Operation 1076 [1/1] (0.00ns)   --->   "%data_978_V_read_1 = call i8 @_ssdm_op_Read.ap_auto.i8(i8 %data_978_V_read)"   --->   Operation 1076 'read' 'data_978_V_read_1' <Predicate = true> <Delay = 0.00>
ST_1 : Operation 1077 [1/1] (0.00ns)   --->   "%data_977_V_read_1 = call i8 @_ssdm_op_Read.ap_auto.i8(i8 %data_977_V_read)"   --->   Operation 1077 'read' 'data_977_V_read_1' <Predicate = true> <Delay = 0.00>
ST_1 : Operation 1078 [1/1] (0.00ns)   --->   "%data_976_V_read_1 = call i8 @_ssdm_op_Read.ap_auto.i8(i8 %data_976_V_read)"   --->   Operation 1078 'read' 'data_976_V_read_1' <Predicate = true> <Delay = 0.00>
ST_1 : Operation 1079 [1/1] (0.00ns)   --->   "%data_975_V_read_1 = call i8 @_ssdm_op_Read.ap_auto.i8(i8 %data_975_V_read)"   --->   Operation 1079 'read' 'data_975_V_read_1' <Predicate = true> <Delay = 0.00>
ST_1 : Operation 1080 [1/1] (0.00ns)   --->   "%data_974_V_read_1 = call i8 @_ssdm_op_Read.ap_auto.i8(i8 %data_974_V_read)"   --->   Operation 1080 'read' 'data_974_V_read_1' <Predicate = true> <Delay = 0.00>
ST_1 : Operation 1081 [1/1] (0.00ns)   --->   "%data_973_V_read_1 = call i8 @_ssdm_op_Read.ap_auto.i8(i8 %data_973_V_read)"   --->   Operation 1081 'read' 'data_973_V_read_1' <Predicate = true> <Delay = 0.00>
ST_1 : Operation 1082 [1/1] (0.00ns)   --->   "%data_972_V_read_1 = call i8 @_ssdm_op_Read.ap_auto.i8(i8 %data_972_V_read)"   --->   Operation 1082 'read' 'data_972_V_read_1' <Predicate = true> <Delay = 0.00>
ST_1 : Operation 1083 [1/1] (0.00ns)   --->   "%data_971_V_read_1 = call i8 @_ssdm_op_Read.ap_auto.i8(i8 %data_971_V_read)"   --->   Operation 1083 'read' 'data_971_V_read_1' <Predicate = true> <Delay = 0.00>
ST_1 : Operation 1084 [1/1] (0.00ns)   --->   "%data_970_V_read_1 = call i8 @_ssdm_op_Read.ap_auto.i8(i8 %data_970_V_read)"   --->   Operation 1084 'read' 'data_970_V_read_1' <Predicate = true> <Delay = 0.00>
ST_1 : Operation 1085 [1/1] (0.00ns)   --->   "%data_969_V_read_1 = call i8 @_ssdm_op_Read.ap_auto.i8(i8 %data_969_V_read)"   --->   Operation 1085 'read' 'data_969_V_read_1' <Predicate = true> <Delay = 0.00>
ST_1 : Operation 1086 [1/1] (0.00ns)   --->   "%data_968_V_read_1 = call i8 @_ssdm_op_Read.ap_auto.i8(i8 %data_968_V_read)"   --->   Operation 1086 'read' 'data_968_V_read_1' <Predicate = true> <Delay = 0.00>
ST_1 : Operation 1087 [1/1] (0.00ns)   --->   "%data_967_V_read_1 = call i8 @_ssdm_op_Read.ap_auto.i8(i8 %data_967_V_read)"   --->   Operation 1087 'read' 'data_967_V_read_1' <Predicate = true> <Delay = 0.00>
ST_1 : Operation 1088 [1/1] (0.00ns)   --->   "%data_966_V_read_1 = call i8 @_ssdm_op_Read.ap_auto.i8(i8 %data_966_V_read)"   --->   Operation 1088 'read' 'data_966_V_read_1' <Predicate = true> <Delay = 0.00>
ST_1 : Operation 1089 [1/1] (0.00ns)   --->   "%data_965_V_read_1 = call i8 @_ssdm_op_Read.ap_auto.i8(i8 %data_965_V_read)"   --->   Operation 1089 'read' 'data_965_V_read_1' <Predicate = true> <Delay = 0.00>
ST_1 : Operation 1090 [1/1] (0.00ns)   --->   "%data_964_V_read_1 = call i8 @_ssdm_op_Read.ap_auto.i8(i8 %data_964_V_read)"   --->   Operation 1090 'read' 'data_964_V_read_1' <Predicate = true> <Delay = 0.00>
ST_1 : Operation 1091 [1/1] (0.00ns)   --->   "%data_963_V_read_1 = call i8 @_ssdm_op_Read.ap_auto.i8(i8 %data_963_V_read)"   --->   Operation 1091 'read' 'data_963_V_read_1' <Predicate = true> <Delay = 0.00>
ST_1 : Operation 1092 [1/1] (0.00ns)   --->   "%data_962_V_read_1 = call i8 @_ssdm_op_Read.ap_auto.i8(i8 %data_962_V_read)"   --->   Operation 1092 'read' 'data_962_V_read_1' <Predicate = true> <Delay = 0.00>
ST_1 : Operation 1093 [1/1] (0.00ns)   --->   "%data_961_V_read_1 = call i8 @_ssdm_op_Read.ap_auto.i8(i8 %data_961_V_read)"   --->   Operation 1093 'read' 'data_961_V_read_1' <Predicate = true> <Delay = 0.00>
ST_1 : Operation 1094 [1/1] (0.00ns)   --->   "%data_960_V_read_1 = call i8 @_ssdm_op_Read.ap_auto.i8(i8 %data_960_V_read)"   --->   Operation 1094 'read' 'data_960_V_read_1' <Predicate = true> <Delay = 0.00>
ST_1 : Operation 1095 [1/1] (0.00ns)   --->   "%data_959_V_read_1 = call i8 @_ssdm_op_Read.ap_auto.i8(i8 %data_959_V_read)"   --->   Operation 1095 'read' 'data_959_V_read_1' <Predicate = true> <Delay = 0.00>
ST_1 : Operation 1096 [1/1] (0.00ns)   --->   "%data_958_V_read_1 = call i8 @_ssdm_op_Read.ap_auto.i8(i8 %data_958_V_read)"   --->   Operation 1096 'read' 'data_958_V_read_1' <Predicate = true> <Delay = 0.00>
ST_1 : Operation 1097 [1/1] (0.00ns)   --->   "%data_957_V_read_1 = call i8 @_ssdm_op_Read.ap_auto.i8(i8 %data_957_V_read)"   --->   Operation 1097 'read' 'data_957_V_read_1' <Predicate = true> <Delay = 0.00>
ST_1 : Operation 1098 [1/1] (0.00ns)   --->   "%data_956_V_read_1 = call i8 @_ssdm_op_Read.ap_auto.i8(i8 %data_956_V_read)"   --->   Operation 1098 'read' 'data_956_V_read_1' <Predicate = true> <Delay = 0.00>
ST_1 : Operation 1099 [1/1] (0.00ns)   --->   "%data_955_V_read_1 = call i8 @_ssdm_op_Read.ap_auto.i8(i8 %data_955_V_read)"   --->   Operation 1099 'read' 'data_955_V_read_1' <Predicate = true> <Delay = 0.00>
ST_1 : Operation 1100 [1/1] (0.00ns)   --->   "%data_954_V_read_1 = call i8 @_ssdm_op_Read.ap_auto.i8(i8 %data_954_V_read)"   --->   Operation 1100 'read' 'data_954_V_read_1' <Predicate = true> <Delay = 0.00>
ST_1 : Operation 1101 [1/1] (0.00ns)   --->   "%data_953_V_read_1 = call i8 @_ssdm_op_Read.ap_auto.i8(i8 %data_953_V_read)"   --->   Operation 1101 'read' 'data_953_V_read_1' <Predicate = true> <Delay = 0.00>
ST_1 : Operation 1102 [1/1] (0.00ns)   --->   "%data_952_V_read_1 = call i8 @_ssdm_op_Read.ap_auto.i8(i8 %data_952_V_read)"   --->   Operation 1102 'read' 'data_952_V_read_1' <Predicate = true> <Delay = 0.00>
ST_1 : Operation 1103 [1/1] (0.00ns)   --->   "%data_951_V_read_1 = call i8 @_ssdm_op_Read.ap_auto.i8(i8 %data_951_V_read)"   --->   Operation 1103 'read' 'data_951_V_read_1' <Predicate = true> <Delay = 0.00>
ST_1 : Operation 1104 [1/1] (0.00ns)   --->   "%data_950_V_read_1 = call i8 @_ssdm_op_Read.ap_auto.i8(i8 %data_950_V_read)"   --->   Operation 1104 'read' 'data_950_V_read_1' <Predicate = true> <Delay = 0.00>
ST_1 : Operation 1105 [1/1] (0.00ns)   --->   "%data_949_V_read_1 = call i8 @_ssdm_op_Read.ap_auto.i8(i8 %data_949_V_read)"   --->   Operation 1105 'read' 'data_949_V_read_1' <Predicate = true> <Delay = 0.00>
ST_1 : Operation 1106 [1/1] (0.00ns)   --->   "%data_948_V_read_1 = call i8 @_ssdm_op_Read.ap_auto.i8(i8 %data_948_V_read)"   --->   Operation 1106 'read' 'data_948_V_read_1' <Predicate = true> <Delay = 0.00>
ST_1 : Operation 1107 [1/1] (0.00ns)   --->   "%data_947_V_read_1 = call i8 @_ssdm_op_Read.ap_auto.i8(i8 %data_947_V_read)"   --->   Operation 1107 'read' 'data_947_V_read_1' <Predicate = true> <Delay = 0.00>
ST_1 : Operation 1108 [1/1] (0.00ns)   --->   "%data_946_V_read_1 = call i8 @_ssdm_op_Read.ap_auto.i8(i8 %data_946_V_read)"   --->   Operation 1108 'read' 'data_946_V_read_1' <Predicate = true> <Delay = 0.00>
ST_1 : Operation 1109 [1/1] (0.00ns)   --->   "%data_945_V_read_1 = call i8 @_ssdm_op_Read.ap_auto.i8(i8 %data_945_V_read)"   --->   Operation 1109 'read' 'data_945_V_read_1' <Predicate = true> <Delay = 0.00>
ST_1 : Operation 1110 [1/1] (0.00ns)   --->   "%data_944_V_read_1 = call i8 @_ssdm_op_Read.ap_auto.i8(i8 %data_944_V_read)"   --->   Operation 1110 'read' 'data_944_V_read_1' <Predicate = true> <Delay = 0.00>
ST_1 : Operation 1111 [1/1] (0.00ns)   --->   "%data_943_V_read_1 = call i8 @_ssdm_op_Read.ap_auto.i8(i8 %data_943_V_read)"   --->   Operation 1111 'read' 'data_943_V_read_1' <Predicate = true> <Delay = 0.00>
ST_1 : Operation 1112 [1/1] (0.00ns)   --->   "%data_942_V_read_1 = call i8 @_ssdm_op_Read.ap_auto.i8(i8 %data_942_V_read)"   --->   Operation 1112 'read' 'data_942_V_read_1' <Predicate = true> <Delay = 0.00>
ST_1 : Operation 1113 [1/1] (0.00ns)   --->   "%data_941_V_read_1 = call i8 @_ssdm_op_Read.ap_auto.i8(i8 %data_941_V_read)"   --->   Operation 1113 'read' 'data_941_V_read_1' <Predicate = true> <Delay = 0.00>
ST_1 : Operation 1114 [1/1] (0.00ns)   --->   "%data_940_V_read_1 = call i8 @_ssdm_op_Read.ap_auto.i8(i8 %data_940_V_read)"   --->   Operation 1114 'read' 'data_940_V_read_1' <Predicate = true> <Delay = 0.00>
ST_1 : Operation 1115 [1/1] (0.00ns)   --->   "%data_939_V_read_1 = call i8 @_ssdm_op_Read.ap_auto.i8(i8 %data_939_V_read)"   --->   Operation 1115 'read' 'data_939_V_read_1' <Predicate = true> <Delay = 0.00>
ST_1 : Operation 1116 [1/1] (0.00ns)   --->   "%data_938_V_read_1 = call i8 @_ssdm_op_Read.ap_auto.i8(i8 %data_938_V_read)"   --->   Operation 1116 'read' 'data_938_V_read_1' <Predicate = true> <Delay = 0.00>
ST_1 : Operation 1117 [1/1] (0.00ns)   --->   "%data_937_V_read_1 = call i8 @_ssdm_op_Read.ap_auto.i8(i8 %data_937_V_read)"   --->   Operation 1117 'read' 'data_937_V_read_1' <Predicate = true> <Delay = 0.00>
ST_1 : Operation 1118 [1/1] (0.00ns)   --->   "%data_936_V_read_1 = call i8 @_ssdm_op_Read.ap_auto.i8(i8 %data_936_V_read)"   --->   Operation 1118 'read' 'data_936_V_read_1' <Predicate = true> <Delay = 0.00>
ST_1 : Operation 1119 [1/1] (0.00ns)   --->   "%data_935_V_read_1 = call i8 @_ssdm_op_Read.ap_auto.i8(i8 %data_935_V_read)"   --->   Operation 1119 'read' 'data_935_V_read_1' <Predicate = true> <Delay = 0.00>
ST_1 : Operation 1120 [1/1] (0.00ns)   --->   "%data_934_V_read_1 = call i8 @_ssdm_op_Read.ap_auto.i8(i8 %data_934_V_read)"   --->   Operation 1120 'read' 'data_934_V_read_1' <Predicate = true> <Delay = 0.00>
ST_1 : Operation 1121 [1/1] (0.00ns)   --->   "%data_933_V_read_1 = call i8 @_ssdm_op_Read.ap_auto.i8(i8 %data_933_V_read)"   --->   Operation 1121 'read' 'data_933_V_read_1' <Predicate = true> <Delay = 0.00>
ST_1 : Operation 1122 [1/1] (0.00ns)   --->   "%data_932_V_read_1 = call i8 @_ssdm_op_Read.ap_auto.i8(i8 %data_932_V_read)"   --->   Operation 1122 'read' 'data_932_V_read_1' <Predicate = true> <Delay = 0.00>
ST_1 : Operation 1123 [1/1] (0.00ns)   --->   "%data_931_V_read_1 = call i8 @_ssdm_op_Read.ap_auto.i8(i8 %data_931_V_read)"   --->   Operation 1123 'read' 'data_931_V_read_1' <Predicate = true> <Delay = 0.00>
ST_1 : Operation 1124 [1/1] (0.00ns)   --->   "%data_930_V_read_1 = call i8 @_ssdm_op_Read.ap_auto.i8(i8 %data_930_V_read)"   --->   Operation 1124 'read' 'data_930_V_read_1' <Predicate = true> <Delay = 0.00>
ST_1 : Operation 1125 [1/1] (0.00ns)   --->   "%data_929_V_read_1 = call i8 @_ssdm_op_Read.ap_auto.i8(i8 %data_929_V_read)"   --->   Operation 1125 'read' 'data_929_V_read_1' <Predicate = true> <Delay = 0.00>
ST_1 : Operation 1126 [1/1] (0.00ns)   --->   "%data_928_V_read_1 = call i8 @_ssdm_op_Read.ap_auto.i8(i8 %data_928_V_read)"   --->   Operation 1126 'read' 'data_928_V_read_1' <Predicate = true> <Delay = 0.00>
ST_1 : Operation 1127 [1/1] (0.00ns)   --->   "%data_927_V_read_1 = call i8 @_ssdm_op_Read.ap_auto.i8(i8 %data_927_V_read)"   --->   Operation 1127 'read' 'data_927_V_read_1' <Predicate = true> <Delay = 0.00>
ST_1 : Operation 1128 [1/1] (0.00ns)   --->   "%data_926_V_read_1 = call i8 @_ssdm_op_Read.ap_auto.i8(i8 %data_926_V_read)"   --->   Operation 1128 'read' 'data_926_V_read_1' <Predicate = true> <Delay = 0.00>
ST_1 : Operation 1129 [1/1] (0.00ns)   --->   "%data_925_V_read_1 = call i8 @_ssdm_op_Read.ap_auto.i8(i8 %data_925_V_read)"   --->   Operation 1129 'read' 'data_925_V_read_1' <Predicate = true> <Delay = 0.00>
ST_1 : Operation 1130 [1/1] (0.00ns)   --->   "%data_924_V_read_1 = call i8 @_ssdm_op_Read.ap_auto.i8(i8 %data_924_V_read)"   --->   Operation 1130 'read' 'data_924_V_read_1' <Predicate = true> <Delay = 0.00>
ST_1 : Operation 1131 [1/1] (0.00ns)   --->   "%data_923_V_read_1 = call i8 @_ssdm_op_Read.ap_auto.i8(i8 %data_923_V_read)"   --->   Operation 1131 'read' 'data_923_V_read_1' <Predicate = true> <Delay = 0.00>
ST_1 : Operation 1132 [1/1] (0.00ns)   --->   "%data_922_V_read_1 = call i8 @_ssdm_op_Read.ap_auto.i8(i8 %data_922_V_read)"   --->   Operation 1132 'read' 'data_922_V_read_1' <Predicate = true> <Delay = 0.00>
ST_1 : Operation 1133 [1/1] (0.00ns)   --->   "%data_921_V_read_1 = call i8 @_ssdm_op_Read.ap_auto.i8(i8 %data_921_V_read)"   --->   Operation 1133 'read' 'data_921_V_read_1' <Predicate = true> <Delay = 0.00>
ST_1 : Operation 1134 [1/1] (0.00ns)   --->   "%data_920_V_read_1 = call i8 @_ssdm_op_Read.ap_auto.i8(i8 %data_920_V_read)"   --->   Operation 1134 'read' 'data_920_V_read_1' <Predicate = true> <Delay = 0.00>
ST_1 : Operation 1135 [1/1] (0.00ns)   --->   "%data_919_V_read_1 = call i8 @_ssdm_op_Read.ap_auto.i8(i8 %data_919_V_read)"   --->   Operation 1135 'read' 'data_919_V_read_1' <Predicate = true> <Delay = 0.00>
ST_1 : Operation 1136 [1/1] (0.00ns)   --->   "%data_918_V_read_1 = call i8 @_ssdm_op_Read.ap_auto.i8(i8 %data_918_V_read)"   --->   Operation 1136 'read' 'data_918_V_read_1' <Predicate = true> <Delay = 0.00>
ST_1 : Operation 1137 [1/1] (0.00ns)   --->   "%data_917_V_read_1 = call i8 @_ssdm_op_Read.ap_auto.i8(i8 %data_917_V_read)"   --->   Operation 1137 'read' 'data_917_V_read_1' <Predicate = true> <Delay = 0.00>
ST_1 : Operation 1138 [1/1] (0.00ns)   --->   "%data_916_V_read_1 = call i8 @_ssdm_op_Read.ap_auto.i8(i8 %data_916_V_read)"   --->   Operation 1138 'read' 'data_916_V_read_1' <Predicate = true> <Delay = 0.00>
ST_1 : Operation 1139 [1/1] (0.00ns)   --->   "%data_915_V_read_1 = call i8 @_ssdm_op_Read.ap_auto.i8(i8 %data_915_V_read)"   --->   Operation 1139 'read' 'data_915_V_read_1' <Predicate = true> <Delay = 0.00>
ST_1 : Operation 1140 [1/1] (0.00ns)   --->   "%data_914_V_read_1 = call i8 @_ssdm_op_Read.ap_auto.i8(i8 %data_914_V_read)"   --->   Operation 1140 'read' 'data_914_V_read_1' <Predicate = true> <Delay = 0.00>
ST_1 : Operation 1141 [1/1] (0.00ns)   --->   "%data_913_V_read_1 = call i8 @_ssdm_op_Read.ap_auto.i8(i8 %data_913_V_read)"   --->   Operation 1141 'read' 'data_913_V_read_1' <Predicate = true> <Delay = 0.00>
ST_1 : Operation 1142 [1/1] (0.00ns)   --->   "%data_912_V_read_1 = call i8 @_ssdm_op_Read.ap_auto.i8(i8 %data_912_V_read)"   --->   Operation 1142 'read' 'data_912_V_read_1' <Predicate = true> <Delay = 0.00>
ST_1 : Operation 1143 [1/1] (0.00ns)   --->   "%data_911_V_read_1 = call i8 @_ssdm_op_Read.ap_auto.i8(i8 %data_911_V_read)"   --->   Operation 1143 'read' 'data_911_V_read_1' <Predicate = true> <Delay = 0.00>
ST_1 : Operation 1144 [1/1] (0.00ns)   --->   "%data_910_V_read_1 = call i8 @_ssdm_op_Read.ap_auto.i8(i8 %data_910_V_read)"   --->   Operation 1144 'read' 'data_910_V_read_1' <Predicate = true> <Delay = 0.00>
ST_1 : Operation 1145 [1/1] (0.00ns)   --->   "%data_909_V_read_1 = call i8 @_ssdm_op_Read.ap_auto.i8(i8 %data_909_V_read)"   --->   Operation 1145 'read' 'data_909_V_read_1' <Predicate = true> <Delay = 0.00>
ST_1 : Operation 1146 [1/1] (0.00ns)   --->   "%data_908_V_read_1 = call i8 @_ssdm_op_Read.ap_auto.i8(i8 %data_908_V_read)"   --->   Operation 1146 'read' 'data_908_V_read_1' <Predicate = true> <Delay = 0.00>
ST_1 : Operation 1147 [1/1] (0.00ns)   --->   "%data_907_V_read_1 = call i8 @_ssdm_op_Read.ap_auto.i8(i8 %data_907_V_read)"   --->   Operation 1147 'read' 'data_907_V_read_1' <Predicate = true> <Delay = 0.00>
ST_1 : Operation 1148 [1/1] (0.00ns)   --->   "%data_906_V_read_1 = call i8 @_ssdm_op_Read.ap_auto.i8(i8 %data_906_V_read)"   --->   Operation 1148 'read' 'data_906_V_read_1' <Predicate = true> <Delay = 0.00>
ST_1 : Operation 1149 [1/1] (0.00ns)   --->   "%data_905_V_read_1 = call i8 @_ssdm_op_Read.ap_auto.i8(i8 %data_905_V_read)"   --->   Operation 1149 'read' 'data_905_V_read_1' <Predicate = true> <Delay = 0.00>
ST_1 : Operation 1150 [1/1] (0.00ns)   --->   "%data_904_V_read_1 = call i8 @_ssdm_op_Read.ap_auto.i8(i8 %data_904_V_read)"   --->   Operation 1150 'read' 'data_904_V_read_1' <Predicate = true> <Delay = 0.00>
ST_1 : Operation 1151 [1/1] (0.00ns)   --->   "%data_903_V_read_1 = call i8 @_ssdm_op_Read.ap_auto.i8(i8 %data_903_V_read)"   --->   Operation 1151 'read' 'data_903_V_read_1' <Predicate = true> <Delay = 0.00>
ST_1 : Operation 1152 [1/1] (0.00ns)   --->   "%data_902_V_read_1 = call i8 @_ssdm_op_Read.ap_auto.i8(i8 %data_902_V_read)"   --->   Operation 1152 'read' 'data_902_V_read_1' <Predicate = true> <Delay = 0.00>
ST_1 : Operation 1153 [1/1] (0.00ns)   --->   "%data_901_V_read_1 = call i8 @_ssdm_op_Read.ap_auto.i8(i8 %data_901_V_read)"   --->   Operation 1153 'read' 'data_901_V_read_1' <Predicate = true> <Delay = 0.00>
ST_1 : Operation 1154 [1/1] (0.00ns)   --->   "%data_900_V_read_1 = call i8 @_ssdm_op_Read.ap_auto.i8(i8 %data_900_V_read)"   --->   Operation 1154 'read' 'data_900_V_read_1' <Predicate = true> <Delay = 0.00>
ST_1 : Operation 1155 [1/1] (0.00ns)   --->   "%data_899_V_read_1 = call i8 @_ssdm_op_Read.ap_auto.i8(i8 %data_899_V_read)"   --->   Operation 1155 'read' 'data_899_V_read_1' <Predicate = true> <Delay = 0.00>
ST_1 : Operation 1156 [1/1] (0.00ns)   --->   "%data_898_V_read_1 = call i8 @_ssdm_op_Read.ap_auto.i8(i8 %data_898_V_read)"   --->   Operation 1156 'read' 'data_898_V_read_1' <Predicate = true> <Delay = 0.00>
ST_1 : Operation 1157 [1/1] (0.00ns)   --->   "%data_897_V_read_1 = call i8 @_ssdm_op_Read.ap_auto.i8(i8 %data_897_V_read)"   --->   Operation 1157 'read' 'data_897_V_read_1' <Predicate = true> <Delay = 0.00>
ST_1 : Operation 1158 [1/1] (0.00ns)   --->   "%data_896_V_read_1 = call i8 @_ssdm_op_Read.ap_auto.i8(i8 %data_896_V_read)"   --->   Operation 1158 'read' 'data_896_V_read_1' <Predicate = true> <Delay = 0.00>
ST_1 : Operation 1159 [1/1] (0.00ns)   --->   "%data_895_V_read_1 = call i8 @_ssdm_op_Read.ap_auto.i8(i8 %data_895_V_read)"   --->   Operation 1159 'read' 'data_895_V_read_1' <Predicate = true> <Delay = 0.00>
ST_1 : Operation 1160 [1/1] (0.00ns)   --->   "%data_894_V_read_1 = call i8 @_ssdm_op_Read.ap_auto.i8(i8 %data_894_V_read)"   --->   Operation 1160 'read' 'data_894_V_read_1' <Predicate = true> <Delay = 0.00>
ST_1 : Operation 1161 [1/1] (0.00ns)   --->   "%data_893_V_read_1 = call i8 @_ssdm_op_Read.ap_auto.i8(i8 %data_893_V_read)"   --->   Operation 1161 'read' 'data_893_V_read_1' <Predicate = true> <Delay = 0.00>
ST_1 : Operation 1162 [1/1] (0.00ns)   --->   "%data_892_V_read_1 = call i8 @_ssdm_op_Read.ap_auto.i8(i8 %data_892_V_read)"   --->   Operation 1162 'read' 'data_892_V_read_1' <Predicate = true> <Delay = 0.00>
ST_1 : Operation 1163 [1/1] (0.00ns)   --->   "%data_891_V_read_1 = call i8 @_ssdm_op_Read.ap_auto.i8(i8 %data_891_V_read)"   --->   Operation 1163 'read' 'data_891_V_read_1' <Predicate = true> <Delay = 0.00>
ST_1 : Operation 1164 [1/1] (0.00ns)   --->   "%data_890_V_read_1 = call i8 @_ssdm_op_Read.ap_auto.i8(i8 %data_890_V_read)"   --->   Operation 1164 'read' 'data_890_V_read_1' <Predicate = true> <Delay = 0.00>
ST_1 : Operation 1165 [1/1] (0.00ns)   --->   "%data_889_V_read_1 = call i8 @_ssdm_op_Read.ap_auto.i8(i8 %data_889_V_read)"   --->   Operation 1165 'read' 'data_889_V_read_1' <Predicate = true> <Delay = 0.00>
ST_1 : Operation 1166 [1/1] (0.00ns)   --->   "%data_888_V_read_1 = call i8 @_ssdm_op_Read.ap_auto.i8(i8 %data_888_V_read)"   --->   Operation 1166 'read' 'data_888_V_read_1' <Predicate = true> <Delay = 0.00>
ST_1 : Operation 1167 [1/1] (0.00ns)   --->   "%data_887_V_read_1 = call i8 @_ssdm_op_Read.ap_auto.i8(i8 %data_887_V_read)"   --->   Operation 1167 'read' 'data_887_V_read_1' <Predicate = true> <Delay = 0.00>
ST_1 : Operation 1168 [1/1] (0.00ns)   --->   "%data_886_V_read_1 = call i8 @_ssdm_op_Read.ap_auto.i8(i8 %data_886_V_read)"   --->   Operation 1168 'read' 'data_886_V_read_1' <Predicate = true> <Delay = 0.00>
ST_1 : Operation 1169 [1/1] (0.00ns)   --->   "%data_885_V_read_1 = call i8 @_ssdm_op_Read.ap_auto.i8(i8 %data_885_V_read)"   --->   Operation 1169 'read' 'data_885_V_read_1' <Predicate = true> <Delay = 0.00>
ST_1 : Operation 1170 [1/1] (0.00ns)   --->   "%data_884_V_read_1 = call i8 @_ssdm_op_Read.ap_auto.i8(i8 %data_884_V_read)"   --->   Operation 1170 'read' 'data_884_V_read_1' <Predicate = true> <Delay = 0.00>
ST_1 : Operation 1171 [1/1] (0.00ns)   --->   "%data_883_V_read_1 = call i8 @_ssdm_op_Read.ap_auto.i8(i8 %data_883_V_read)"   --->   Operation 1171 'read' 'data_883_V_read_1' <Predicate = true> <Delay = 0.00>
ST_1 : Operation 1172 [1/1] (0.00ns)   --->   "%data_882_V_read_1 = call i8 @_ssdm_op_Read.ap_auto.i8(i8 %data_882_V_read)"   --->   Operation 1172 'read' 'data_882_V_read_1' <Predicate = true> <Delay = 0.00>
ST_1 : Operation 1173 [1/1] (0.00ns)   --->   "%data_881_V_read_1 = call i8 @_ssdm_op_Read.ap_auto.i8(i8 %data_881_V_read)"   --->   Operation 1173 'read' 'data_881_V_read_1' <Predicate = true> <Delay = 0.00>
ST_1 : Operation 1174 [1/1] (0.00ns)   --->   "%data_880_V_read_1 = call i8 @_ssdm_op_Read.ap_auto.i8(i8 %data_880_V_read)"   --->   Operation 1174 'read' 'data_880_V_read_1' <Predicate = true> <Delay = 0.00>
ST_1 : Operation 1175 [1/1] (0.00ns)   --->   "%data_879_V_read_1 = call i8 @_ssdm_op_Read.ap_auto.i8(i8 %data_879_V_read)"   --->   Operation 1175 'read' 'data_879_V_read_1' <Predicate = true> <Delay = 0.00>
ST_1 : Operation 1176 [1/1] (0.00ns)   --->   "%data_878_V_read_1 = call i8 @_ssdm_op_Read.ap_auto.i8(i8 %data_878_V_read)"   --->   Operation 1176 'read' 'data_878_V_read_1' <Predicate = true> <Delay = 0.00>
ST_1 : Operation 1177 [1/1] (0.00ns)   --->   "%data_877_V_read_1 = call i8 @_ssdm_op_Read.ap_auto.i8(i8 %data_877_V_read)"   --->   Operation 1177 'read' 'data_877_V_read_1' <Predicate = true> <Delay = 0.00>
ST_1 : Operation 1178 [1/1] (0.00ns)   --->   "%data_876_V_read_1 = call i8 @_ssdm_op_Read.ap_auto.i8(i8 %data_876_V_read)"   --->   Operation 1178 'read' 'data_876_V_read_1' <Predicate = true> <Delay = 0.00>
ST_1 : Operation 1179 [1/1] (0.00ns)   --->   "%data_875_V_read_1 = call i8 @_ssdm_op_Read.ap_auto.i8(i8 %data_875_V_read)"   --->   Operation 1179 'read' 'data_875_V_read_1' <Predicate = true> <Delay = 0.00>
ST_1 : Operation 1180 [1/1] (0.00ns)   --->   "%data_874_V_read_1 = call i8 @_ssdm_op_Read.ap_auto.i8(i8 %data_874_V_read)"   --->   Operation 1180 'read' 'data_874_V_read_1' <Predicate = true> <Delay = 0.00>
ST_1 : Operation 1181 [1/1] (0.00ns)   --->   "%data_873_V_read_1 = call i8 @_ssdm_op_Read.ap_auto.i8(i8 %data_873_V_read)"   --->   Operation 1181 'read' 'data_873_V_read_1' <Predicate = true> <Delay = 0.00>
ST_1 : Operation 1182 [1/1] (0.00ns)   --->   "%data_872_V_read_1 = call i8 @_ssdm_op_Read.ap_auto.i8(i8 %data_872_V_read)"   --->   Operation 1182 'read' 'data_872_V_read_1' <Predicate = true> <Delay = 0.00>
ST_1 : Operation 1183 [1/1] (0.00ns)   --->   "%data_871_V_read_1 = call i8 @_ssdm_op_Read.ap_auto.i8(i8 %data_871_V_read)"   --->   Operation 1183 'read' 'data_871_V_read_1' <Predicate = true> <Delay = 0.00>
ST_1 : Operation 1184 [1/1] (0.00ns)   --->   "%data_870_V_read_1 = call i8 @_ssdm_op_Read.ap_auto.i8(i8 %data_870_V_read)"   --->   Operation 1184 'read' 'data_870_V_read_1' <Predicate = true> <Delay = 0.00>
ST_1 : Operation 1185 [1/1] (0.00ns)   --->   "%data_869_V_read_1 = call i8 @_ssdm_op_Read.ap_auto.i8(i8 %data_869_V_read)"   --->   Operation 1185 'read' 'data_869_V_read_1' <Predicate = true> <Delay = 0.00>
ST_1 : Operation 1186 [1/1] (0.00ns)   --->   "%data_868_V_read_1 = call i8 @_ssdm_op_Read.ap_auto.i8(i8 %data_868_V_read)"   --->   Operation 1186 'read' 'data_868_V_read_1' <Predicate = true> <Delay = 0.00>
ST_1 : Operation 1187 [1/1] (0.00ns)   --->   "%data_867_V_read_1 = call i8 @_ssdm_op_Read.ap_auto.i8(i8 %data_867_V_read)"   --->   Operation 1187 'read' 'data_867_V_read_1' <Predicate = true> <Delay = 0.00>
ST_1 : Operation 1188 [1/1] (0.00ns)   --->   "%data_866_V_read_1 = call i8 @_ssdm_op_Read.ap_auto.i8(i8 %data_866_V_read)"   --->   Operation 1188 'read' 'data_866_V_read_1' <Predicate = true> <Delay = 0.00>
ST_1 : Operation 1189 [1/1] (0.00ns)   --->   "%data_865_V_read_1 = call i8 @_ssdm_op_Read.ap_auto.i8(i8 %data_865_V_read)"   --->   Operation 1189 'read' 'data_865_V_read_1' <Predicate = true> <Delay = 0.00>
ST_1 : Operation 1190 [1/1] (0.00ns)   --->   "%data_864_V_read_1 = call i8 @_ssdm_op_Read.ap_auto.i8(i8 %data_864_V_read)"   --->   Operation 1190 'read' 'data_864_V_read_1' <Predicate = true> <Delay = 0.00>
ST_1 : Operation 1191 [1/1] (0.00ns)   --->   "%data_863_V_read_1 = call i8 @_ssdm_op_Read.ap_auto.i8(i8 %data_863_V_read)"   --->   Operation 1191 'read' 'data_863_V_read_1' <Predicate = true> <Delay = 0.00>
ST_1 : Operation 1192 [1/1] (0.00ns)   --->   "%data_862_V_read_1 = call i8 @_ssdm_op_Read.ap_auto.i8(i8 %data_862_V_read)"   --->   Operation 1192 'read' 'data_862_V_read_1' <Predicate = true> <Delay = 0.00>
ST_1 : Operation 1193 [1/1] (0.00ns)   --->   "%data_861_V_read_1 = call i8 @_ssdm_op_Read.ap_auto.i8(i8 %data_861_V_read)"   --->   Operation 1193 'read' 'data_861_V_read_1' <Predicate = true> <Delay = 0.00>
ST_1 : Operation 1194 [1/1] (0.00ns)   --->   "%data_860_V_read_1 = call i8 @_ssdm_op_Read.ap_auto.i8(i8 %data_860_V_read)"   --->   Operation 1194 'read' 'data_860_V_read_1' <Predicate = true> <Delay = 0.00>
ST_1 : Operation 1195 [1/1] (0.00ns)   --->   "%data_859_V_read_1 = call i8 @_ssdm_op_Read.ap_auto.i8(i8 %data_859_V_read)"   --->   Operation 1195 'read' 'data_859_V_read_1' <Predicate = true> <Delay = 0.00>
ST_1 : Operation 1196 [1/1] (0.00ns)   --->   "%data_858_V_read_1 = call i8 @_ssdm_op_Read.ap_auto.i8(i8 %data_858_V_read)"   --->   Operation 1196 'read' 'data_858_V_read_1' <Predicate = true> <Delay = 0.00>
ST_1 : Operation 1197 [1/1] (0.00ns)   --->   "%data_857_V_read_1 = call i8 @_ssdm_op_Read.ap_auto.i8(i8 %data_857_V_read)"   --->   Operation 1197 'read' 'data_857_V_read_1' <Predicate = true> <Delay = 0.00>
ST_1 : Operation 1198 [1/1] (0.00ns)   --->   "%data_856_V_read_1 = call i8 @_ssdm_op_Read.ap_auto.i8(i8 %data_856_V_read)"   --->   Operation 1198 'read' 'data_856_V_read_1' <Predicate = true> <Delay = 0.00>
ST_1 : Operation 1199 [1/1] (0.00ns)   --->   "%data_855_V_read_1 = call i8 @_ssdm_op_Read.ap_auto.i8(i8 %data_855_V_read)"   --->   Operation 1199 'read' 'data_855_V_read_1' <Predicate = true> <Delay = 0.00>
ST_1 : Operation 1200 [1/1] (0.00ns)   --->   "%data_854_V_read_1 = call i8 @_ssdm_op_Read.ap_auto.i8(i8 %data_854_V_read)"   --->   Operation 1200 'read' 'data_854_V_read_1' <Predicate = true> <Delay = 0.00>
ST_1 : Operation 1201 [1/1] (0.00ns)   --->   "%data_853_V_read_1 = call i8 @_ssdm_op_Read.ap_auto.i8(i8 %data_853_V_read)"   --->   Operation 1201 'read' 'data_853_V_read_1' <Predicate = true> <Delay = 0.00>
ST_1 : Operation 1202 [1/1] (0.00ns)   --->   "%data_852_V_read_1 = call i8 @_ssdm_op_Read.ap_auto.i8(i8 %data_852_V_read)"   --->   Operation 1202 'read' 'data_852_V_read_1' <Predicate = true> <Delay = 0.00>
ST_1 : Operation 1203 [1/1] (0.00ns)   --->   "%data_851_V_read_1 = call i8 @_ssdm_op_Read.ap_auto.i8(i8 %data_851_V_read)"   --->   Operation 1203 'read' 'data_851_V_read_1' <Predicate = true> <Delay = 0.00>
ST_1 : Operation 1204 [1/1] (0.00ns)   --->   "%data_850_V_read_1 = call i8 @_ssdm_op_Read.ap_auto.i8(i8 %data_850_V_read)"   --->   Operation 1204 'read' 'data_850_V_read_1' <Predicate = true> <Delay = 0.00>
ST_1 : Operation 1205 [1/1] (0.00ns)   --->   "%data_849_V_read_1 = call i8 @_ssdm_op_Read.ap_auto.i8(i8 %data_849_V_read)"   --->   Operation 1205 'read' 'data_849_V_read_1' <Predicate = true> <Delay = 0.00>
ST_1 : Operation 1206 [1/1] (0.00ns)   --->   "%data_848_V_read_1 = call i8 @_ssdm_op_Read.ap_auto.i8(i8 %data_848_V_read)"   --->   Operation 1206 'read' 'data_848_V_read_1' <Predicate = true> <Delay = 0.00>
ST_1 : Operation 1207 [1/1] (0.00ns)   --->   "%data_847_V_read_1 = call i8 @_ssdm_op_Read.ap_auto.i8(i8 %data_847_V_read)"   --->   Operation 1207 'read' 'data_847_V_read_1' <Predicate = true> <Delay = 0.00>
ST_1 : Operation 1208 [1/1] (0.00ns)   --->   "%data_846_V_read_1 = call i8 @_ssdm_op_Read.ap_auto.i8(i8 %data_846_V_read)"   --->   Operation 1208 'read' 'data_846_V_read_1' <Predicate = true> <Delay = 0.00>
ST_1 : Operation 1209 [1/1] (0.00ns)   --->   "%data_845_V_read_1 = call i8 @_ssdm_op_Read.ap_auto.i8(i8 %data_845_V_read)"   --->   Operation 1209 'read' 'data_845_V_read_1' <Predicate = true> <Delay = 0.00>
ST_1 : Operation 1210 [1/1] (0.00ns)   --->   "%data_844_V_read_1 = call i8 @_ssdm_op_Read.ap_auto.i8(i8 %data_844_V_read)"   --->   Operation 1210 'read' 'data_844_V_read_1' <Predicate = true> <Delay = 0.00>
ST_1 : Operation 1211 [1/1] (0.00ns)   --->   "%data_843_V_read_1 = call i8 @_ssdm_op_Read.ap_auto.i8(i8 %data_843_V_read)"   --->   Operation 1211 'read' 'data_843_V_read_1' <Predicate = true> <Delay = 0.00>
ST_1 : Operation 1212 [1/1] (0.00ns)   --->   "%data_842_V_read_1 = call i8 @_ssdm_op_Read.ap_auto.i8(i8 %data_842_V_read)"   --->   Operation 1212 'read' 'data_842_V_read_1' <Predicate = true> <Delay = 0.00>
ST_1 : Operation 1213 [1/1] (0.00ns)   --->   "%data_841_V_read_1 = call i8 @_ssdm_op_Read.ap_auto.i8(i8 %data_841_V_read)"   --->   Operation 1213 'read' 'data_841_V_read_1' <Predicate = true> <Delay = 0.00>
ST_1 : Operation 1214 [1/1] (0.00ns)   --->   "%data_840_V_read_1 = call i8 @_ssdm_op_Read.ap_auto.i8(i8 %data_840_V_read)"   --->   Operation 1214 'read' 'data_840_V_read_1' <Predicate = true> <Delay = 0.00>
ST_1 : Operation 1215 [1/1] (0.00ns)   --->   "%data_839_V_read_1 = call i8 @_ssdm_op_Read.ap_auto.i8(i8 %data_839_V_read)"   --->   Operation 1215 'read' 'data_839_V_read_1' <Predicate = true> <Delay = 0.00>
ST_1 : Operation 1216 [1/1] (0.00ns)   --->   "%data_838_V_read_1 = call i8 @_ssdm_op_Read.ap_auto.i8(i8 %data_838_V_read)"   --->   Operation 1216 'read' 'data_838_V_read_1' <Predicate = true> <Delay = 0.00>
ST_1 : Operation 1217 [1/1] (0.00ns)   --->   "%data_837_V_read_1 = call i8 @_ssdm_op_Read.ap_auto.i8(i8 %data_837_V_read)"   --->   Operation 1217 'read' 'data_837_V_read_1' <Predicate = true> <Delay = 0.00>
ST_1 : Operation 1218 [1/1] (0.00ns)   --->   "%data_836_V_read_1 = call i8 @_ssdm_op_Read.ap_auto.i8(i8 %data_836_V_read)"   --->   Operation 1218 'read' 'data_836_V_read_1' <Predicate = true> <Delay = 0.00>
ST_1 : Operation 1219 [1/1] (0.00ns)   --->   "%data_835_V_read_1 = call i8 @_ssdm_op_Read.ap_auto.i8(i8 %data_835_V_read)"   --->   Operation 1219 'read' 'data_835_V_read_1' <Predicate = true> <Delay = 0.00>
ST_1 : Operation 1220 [1/1] (0.00ns)   --->   "%data_834_V_read_1 = call i8 @_ssdm_op_Read.ap_auto.i8(i8 %data_834_V_read)"   --->   Operation 1220 'read' 'data_834_V_read_1' <Predicate = true> <Delay = 0.00>
ST_1 : Operation 1221 [1/1] (0.00ns)   --->   "%data_833_V_read_1 = call i8 @_ssdm_op_Read.ap_auto.i8(i8 %data_833_V_read)"   --->   Operation 1221 'read' 'data_833_V_read_1' <Predicate = true> <Delay = 0.00>
ST_1 : Operation 1222 [1/1] (0.00ns)   --->   "%data_832_V_read_1 = call i8 @_ssdm_op_Read.ap_auto.i8(i8 %data_832_V_read)"   --->   Operation 1222 'read' 'data_832_V_read_1' <Predicate = true> <Delay = 0.00>
ST_1 : Operation 1223 [1/1] (0.00ns)   --->   "%data_831_V_read_1 = call i8 @_ssdm_op_Read.ap_auto.i8(i8 %data_831_V_read)"   --->   Operation 1223 'read' 'data_831_V_read_1' <Predicate = true> <Delay = 0.00>
ST_1 : Operation 1224 [1/1] (0.00ns)   --->   "%data_830_V_read_1 = call i8 @_ssdm_op_Read.ap_auto.i8(i8 %data_830_V_read)"   --->   Operation 1224 'read' 'data_830_V_read_1' <Predicate = true> <Delay = 0.00>
ST_1 : Operation 1225 [1/1] (0.00ns)   --->   "%data_829_V_read_1 = call i8 @_ssdm_op_Read.ap_auto.i8(i8 %data_829_V_read)"   --->   Operation 1225 'read' 'data_829_V_read_1' <Predicate = true> <Delay = 0.00>
ST_1 : Operation 1226 [1/1] (0.00ns)   --->   "%data_828_V_read_1 = call i8 @_ssdm_op_Read.ap_auto.i8(i8 %data_828_V_read)"   --->   Operation 1226 'read' 'data_828_V_read_1' <Predicate = true> <Delay = 0.00>
ST_1 : Operation 1227 [1/1] (0.00ns)   --->   "%data_827_V_read_1 = call i8 @_ssdm_op_Read.ap_auto.i8(i8 %data_827_V_read)"   --->   Operation 1227 'read' 'data_827_V_read_1' <Predicate = true> <Delay = 0.00>
ST_1 : Operation 1228 [1/1] (0.00ns)   --->   "%data_826_V_read_1 = call i8 @_ssdm_op_Read.ap_auto.i8(i8 %data_826_V_read)"   --->   Operation 1228 'read' 'data_826_V_read_1' <Predicate = true> <Delay = 0.00>
ST_1 : Operation 1229 [1/1] (0.00ns)   --->   "%data_825_V_read_1 = call i8 @_ssdm_op_Read.ap_auto.i8(i8 %data_825_V_read)"   --->   Operation 1229 'read' 'data_825_V_read_1' <Predicate = true> <Delay = 0.00>
ST_1 : Operation 1230 [1/1] (0.00ns)   --->   "%data_824_V_read_1 = call i8 @_ssdm_op_Read.ap_auto.i8(i8 %data_824_V_read)"   --->   Operation 1230 'read' 'data_824_V_read_1' <Predicate = true> <Delay = 0.00>
ST_1 : Operation 1231 [1/1] (0.00ns)   --->   "%data_823_V_read_1 = call i8 @_ssdm_op_Read.ap_auto.i8(i8 %data_823_V_read)"   --->   Operation 1231 'read' 'data_823_V_read_1' <Predicate = true> <Delay = 0.00>
ST_1 : Operation 1232 [1/1] (0.00ns)   --->   "%data_822_V_read_1 = call i8 @_ssdm_op_Read.ap_auto.i8(i8 %data_822_V_read)"   --->   Operation 1232 'read' 'data_822_V_read_1' <Predicate = true> <Delay = 0.00>
ST_1 : Operation 1233 [1/1] (0.00ns)   --->   "%data_821_V_read_1 = call i8 @_ssdm_op_Read.ap_auto.i8(i8 %data_821_V_read)"   --->   Operation 1233 'read' 'data_821_V_read_1' <Predicate = true> <Delay = 0.00>
ST_1 : Operation 1234 [1/1] (0.00ns)   --->   "%data_820_V_read_1 = call i8 @_ssdm_op_Read.ap_auto.i8(i8 %data_820_V_read)"   --->   Operation 1234 'read' 'data_820_V_read_1' <Predicate = true> <Delay = 0.00>
ST_1 : Operation 1235 [1/1] (0.00ns)   --->   "%data_819_V_read_1 = call i8 @_ssdm_op_Read.ap_auto.i8(i8 %data_819_V_read)"   --->   Operation 1235 'read' 'data_819_V_read_1' <Predicate = true> <Delay = 0.00>
ST_1 : Operation 1236 [1/1] (0.00ns)   --->   "%data_818_V_read_1 = call i8 @_ssdm_op_Read.ap_auto.i8(i8 %data_818_V_read)"   --->   Operation 1236 'read' 'data_818_V_read_1' <Predicate = true> <Delay = 0.00>
ST_1 : Operation 1237 [1/1] (0.00ns)   --->   "%data_817_V_read_1 = call i8 @_ssdm_op_Read.ap_auto.i8(i8 %data_817_V_read)"   --->   Operation 1237 'read' 'data_817_V_read_1' <Predicate = true> <Delay = 0.00>
ST_1 : Operation 1238 [1/1] (0.00ns)   --->   "%data_816_V_read_1 = call i8 @_ssdm_op_Read.ap_auto.i8(i8 %data_816_V_read)"   --->   Operation 1238 'read' 'data_816_V_read_1' <Predicate = true> <Delay = 0.00>
ST_1 : Operation 1239 [1/1] (0.00ns)   --->   "%data_815_V_read_1 = call i8 @_ssdm_op_Read.ap_auto.i8(i8 %data_815_V_read)"   --->   Operation 1239 'read' 'data_815_V_read_1' <Predicate = true> <Delay = 0.00>
ST_1 : Operation 1240 [1/1] (0.00ns)   --->   "%data_814_V_read_1 = call i8 @_ssdm_op_Read.ap_auto.i8(i8 %data_814_V_read)"   --->   Operation 1240 'read' 'data_814_V_read_1' <Predicate = true> <Delay = 0.00>
ST_1 : Operation 1241 [1/1] (0.00ns)   --->   "%data_813_V_read_1 = call i8 @_ssdm_op_Read.ap_auto.i8(i8 %data_813_V_read)"   --->   Operation 1241 'read' 'data_813_V_read_1' <Predicate = true> <Delay = 0.00>
ST_1 : Operation 1242 [1/1] (0.00ns)   --->   "%data_812_V_read_1 = call i8 @_ssdm_op_Read.ap_auto.i8(i8 %data_812_V_read)"   --->   Operation 1242 'read' 'data_812_V_read_1' <Predicate = true> <Delay = 0.00>
ST_1 : Operation 1243 [1/1] (0.00ns)   --->   "%data_811_V_read_1 = call i8 @_ssdm_op_Read.ap_auto.i8(i8 %data_811_V_read)"   --->   Operation 1243 'read' 'data_811_V_read_1' <Predicate = true> <Delay = 0.00>
ST_1 : Operation 1244 [1/1] (0.00ns)   --->   "%data_810_V_read_1 = call i8 @_ssdm_op_Read.ap_auto.i8(i8 %data_810_V_read)"   --->   Operation 1244 'read' 'data_810_V_read_1' <Predicate = true> <Delay = 0.00>
ST_1 : Operation 1245 [1/1] (0.00ns)   --->   "%data_809_V_read_1 = call i8 @_ssdm_op_Read.ap_auto.i8(i8 %data_809_V_read)"   --->   Operation 1245 'read' 'data_809_V_read_1' <Predicate = true> <Delay = 0.00>
ST_1 : Operation 1246 [1/1] (0.00ns)   --->   "%data_808_V_read_1 = call i8 @_ssdm_op_Read.ap_auto.i8(i8 %data_808_V_read)"   --->   Operation 1246 'read' 'data_808_V_read_1' <Predicate = true> <Delay = 0.00>
ST_1 : Operation 1247 [1/1] (0.00ns)   --->   "%data_807_V_read_1 = call i8 @_ssdm_op_Read.ap_auto.i8(i8 %data_807_V_read)"   --->   Operation 1247 'read' 'data_807_V_read_1' <Predicate = true> <Delay = 0.00>
ST_1 : Operation 1248 [1/1] (0.00ns)   --->   "%data_806_V_read_1 = call i8 @_ssdm_op_Read.ap_auto.i8(i8 %data_806_V_read)"   --->   Operation 1248 'read' 'data_806_V_read_1' <Predicate = true> <Delay = 0.00>
ST_1 : Operation 1249 [1/1] (0.00ns)   --->   "%data_805_V_read_1 = call i8 @_ssdm_op_Read.ap_auto.i8(i8 %data_805_V_read)"   --->   Operation 1249 'read' 'data_805_V_read_1' <Predicate = true> <Delay = 0.00>
ST_1 : Operation 1250 [1/1] (0.00ns)   --->   "%data_804_V_read_1 = call i8 @_ssdm_op_Read.ap_auto.i8(i8 %data_804_V_read)"   --->   Operation 1250 'read' 'data_804_V_read_1' <Predicate = true> <Delay = 0.00>
ST_1 : Operation 1251 [1/1] (0.00ns)   --->   "%data_803_V_read_1 = call i8 @_ssdm_op_Read.ap_auto.i8(i8 %data_803_V_read)"   --->   Operation 1251 'read' 'data_803_V_read_1' <Predicate = true> <Delay = 0.00>
ST_1 : Operation 1252 [1/1] (0.00ns)   --->   "%data_802_V_read_1 = call i8 @_ssdm_op_Read.ap_auto.i8(i8 %data_802_V_read)"   --->   Operation 1252 'read' 'data_802_V_read_1' <Predicate = true> <Delay = 0.00>
ST_1 : Operation 1253 [1/1] (0.00ns)   --->   "%data_801_V_read_1 = call i8 @_ssdm_op_Read.ap_auto.i8(i8 %data_801_V_read)"   --->   Operation 1253 'read' 'data_801_V_read_1' <Predicate = true> <Delay = 0.00>
ST_1 : Operation 1254 [1/1] (0.00ns)   --->   "%data_800_V_read_1 = call i8 @_ssdm_op_Read.ap_auto.i8(i8 %data_800_V_read)"   --->   Operation 1254 'read' 'data_800_V_read_1' <Predicate = true> <Delay = 0.00>
ST_1 : Operation 1255 [1/1] (0.00ns)   --->   "%data_799_V_read_1 = call i8 @_ssdm_op_Read.ap_auto.i8(i8 %data_799_V_read)"   --->   Operation 1255 'read' 'data_799_V_read_1' <Predicate = true> <Delay = 0.00>
ST_1 : Operation 1256 [1/1] (0.00ns)   --->   "%data_798_V_read_1 = call i8 @_ssdm_op_Read.ap_auto.i8(i8 %data_798_V_read)"   --->   Operation 1256 'read' 'data_798_V_read_1' <Predicate = true> <Delay = 0.00>
ST_1 : Operation 1257 [1/1] (0.00ns)   --->   "%data_797_V_read_1 = call i8 @_ssdm_op_Read.ap_auto.i8(i8 %data_797_V_read)"   --->   Operation 1257 'read' 'data_797_V_read_1' <Predicate = true> <Delay = 0.00>
ST_1 : Operation 1258 [1/1] (0.00ns)   --->   "%data_796_V_read_1 = call i8 @_ssdm_op_Read.ap_auto.i8(i8 %data_796_V_read)"   --->   Operation 1258 'read' 'data_796_V_read_1' <Predicate = true> <Delay = 0.00>
ST_1 : Operation 1259 [1/1] (0.00ns)   --->   "%data_795_V_read_1 = call i8 @_ssdm_op_Read.ap_auto.i8(i8 %data_795_V_read)"   --->   Operation 1259 'read' 'data_795_V_read_1' <Predicate = true> <Delay = 0.00>
ST_1 : Operation 1260 [1/1] (0.00ns)   --->   "%data_794_V_read_1 = call i8 @_ssdm_op_Read.ap_auto.i8(i8 %data_794_V_read)"   --->   Operation 1260 'read' 'data_794_V_read_1' <Predicate = true> <Delay = 0.00>
ST_1 : Operation 1261 [1/1] (0.00ns)   --->   "%data_793_V_read_1 = call i8 @_ssdm_op_Read.ap_auto.i8(i8 %data_793_V_read)"   --->   Operation 1261 'read' 'data_793_V_read_1' <Predicate = true> <Delay = 0.00>
ST_1 : Operation 1262 [1/1] (0.00ns)   --->   "%data_792_V_read_1 = call i8 @_ssdm_op_Read.ap_auto.i8(i8 %data_792_V_read)"   --->   Operation 1262 'read' 'data_792_V_read_1' <Predicate = true> <Delay = 0.00>
ST_1 : Operation 1263 [1/1] (0.00ns)   --->   "%data_791_V_read_1 = call i8 @_ssdm_op_Read.ap_auto.i8(i8 %data_791_V_read)"   --->   Operation 1263 'read' 'data_791_V_read_1' <Predicate = true> <Delay = 0.00>
ST_1 : Operation 1264 [1/1] (0.00ns)   --->   "%data_790_V_read_1 = call i8 @_ssdm_op_Read.ap_auto.i8(i8 %data_790_V_read)"   --->   Operation 1264 'read' 'data_790_V_read_1' <Predicate = true> <Delay = 0.00>
ST_1 : Operation 1265 [1/1] (0.00ns)   --->   "%data_789_V_read_1 = call i8 @_ssdm_op_Read.ap_auto.i8(i8 %data_789_V_read)"   --->   Operation 1265 'read' 'data_789_V_read_1' <Predicate = true> <Delay = 0.00>
ST_1 : Operation 1266 [1/1] (0.00ns)   --->   "%data_788_V_read_1 = call i8 @_ssdm_op_Read.ap_auto.i8(i8 %data_788_V_read)"   --->   Operation 1266 'read' 'data_788_V_read_1' <Predicate = true> <Delay = 0.00>
ST_1 : Operation 1267 [1/1] (0.00ns)   --->   "%data_787_V_read_1 = call i8 @_ssdm_op_Read.ap_auto.i8(i8 %data_787_V_read)"   --->   Operation 1267 'read' 'data_787_V_read_1' <Predicate = true> <Delay = 0.00>
ST_1 : Operation 1268 [1/1] (0.00ns)   --->   "%data_786_V_read_1 = call i8 @_ssdm_op_Read.ap_auto.i8(i8 %data_786_V_read)"   --->   Operation 1268 'read' 'data_786_V_read_1' <Predicate = true> <Delay = 0.00>
ST_1 : Operation 1269 [1/1] (0.00ns)   --->   "%data_785_V_read_1 = call i8 @_ssdm_op_Read.ap_auto.i8(i8 %data_785_V_read)"   --->   Operation 1269 'read' 'data_785_V_read_1' <Predicate = true> <Delay = 0.00>
ST_1 : Operation 1270 [1/1] (0.00ns)   --->   "%data_784_V_read_1 = call i8 @_ssdm_op_Read.ap_auto.i8(i8 %data_784_V_read)"   --->   Operation 1270 'read' 'data_784_V_read_1' <Predicate = true> <Delay = 0.00>
ST_1 : Operation 1271 [1/1] (0.00ns)   --->   "%data_783_V_read_1 = call i8 @_ssdm_op_Read.ap_auto.i8(i8 %data_783_V_read)"   --->   Operation 1271 'read' 'data_783_V_read_1' <Predicate = true> <Delay = 0.00>
ST_1 : Operation 1272 [1/1] (0.00ns)   --->   "%data_782_V_read_1 = call i8 @_ssdm_op_Read.ap_auto.i8(i8 %data_782_V_read)"   --->   Operation 1272 'read' 'data_782_V_read_1' <Predicate = true> <Delay = 0.00>
ST_1 : Operation 1273 [1/1] (0.00ns)   --->   "%data_781_V_read_1 = call i8 @_ssdm_op_Read.ap_auto.i8(i8 %data_781_V_read)"   --->   Operation 1273 'read' 'data_781_V_read_1' <Predicate = true> <Delay = 0.00>
ST_1 : Operation 1274 [1/1] (0.00ns)   --->   "%data_780_V_read_1 = call i8 @_ssdm_op_Read.ap_auto.i8(i8 %data_780_V_read)"   --->   Operation 1274 'read' 'data_780_V_read_1' <Predicate = true> <Delay = 0.00>
ST_1 : Operation 1275 [1/1] (0.00ns)   --->   "%data_779_V_read_1 = call i8 @_ssdm_op_Read.ap_auto.i8(i8 %data_779_V_read)"   --->   Operation 1275 'read' 'data_779_V_read_1' <Predicate = true> <Delay = 0.00>
ST_1 : Operation 1276 [1/1] (0.00ns)   --->   "%data_778_V_read_1 = call i8 @_ssdm_op_Read.ap_auto.i8(i8 %data_778_V_read)"   --->   Operation 1276 'read' 'data_778_V_read_1' <Predicate = true> <Delay = 0.00>
ST_1 : Operation 1277 [1/1] (0.00ns)   --->   "%data_777_V_read_1 = call i8 @_ssdm_op_Read.ap_auto.i8(i8 %data_777_V_read)"   --->   Operation 1277 'read' 'data_777_V_read_1' <Predicate = true> <Delay = 0.00>
ST_1 : Operation 1278 [1/1] (0.00ns)   --->   "%data_776_V_read_1 = call i8 @_ssdm_op_Read.ap_auto.i8(i8 %data_776_V_read)"   --->   Operation 1278 'read' 'data_776_V_read_1' <Predicate = true> <Delay = 0.00>
ST_1 : Operation 1279 [1/1] (0.00ns)   --->   "%data_775_V_read_1 = call i8 @_ssdm_op_Read.ap_auto.i8(i8 %data_775_V_read)"   --->   Operation 1279 'read' 'data_775_V_read_1' <Predicate = true> <Delay = 0.00>
ST_1 : Operation 1280 [1/1] (0.00ns)   --->   "%data_774_V_read_1 = call i8 @_ssdm_op_Read.ap_auto.i8(i8 %data_774_V_read)"   --->   Operation 1280 'read' 'data_774_V_read_1' <Predicate = true> <Delay = 0.00>
ST_1 : Operation 1281 [1/1] (0.00ns)   --->   "%data_773_V_read_1 = call i8 @_ssdm_op_Read.ap_auto.i8(i8 %data_773_V_read)"   --->   Operation 1281 'read' 'data_773_V_read_1' <Predicate = true> <Delay = 0.00>
ST_1 : Operation 1282 [1/1] (0.00ns)   --->   "%data_772_V_read_1 = call i8 @_ssdm_op_Read.ap_auto.i8(i8 %data_772_V_read)"   --->   Operation 1282 'read' 'data_772_V_read_1' <Predicate = true> <Delay = 0.00>
ST_1 : Operation 1283 [1/1] (0.00ns)   --->   "%data_771_V_read_1 = call i8 @_ssdm_op_Read.ap_auto.i8(i8 %data_771_V_read)"   --->   Operation 1283 'read' 'data_771_V_read_1' <Predicate = true> <Delay = 0.00>
ST_1 : Operation 1284 [1/1] (0.00ns)   --->   "%data_770_V_read_1 = call i8 @_ssdm_op_Read.ap_auto.i8(i8 %data_770_V_read)"   --->   Operation 1284 'read' 'data_770_V_read_1' <Predicate = true> <Delay = 0.00>
ST_1 : Operation 1285 [1/1] (0.00ns)   --->   "%data_769_V_read_1 = call i8 @_ssdm_op_Read.ap_auto.i8(i8 %data_769_V_read)"   --->   Operation 1285 'read' 'data_769_V_read_1' <Predicate = true> <Delay = 0.00>
ST_1 : Operation 1286 [1/1] (0.00ns)   --->   "%data_768_V_read_1 = call i8 @_ssdm_op_Read.ap_auto.i8(i8 %data_768_V_read)"   --->   Operation 1286 'read' 'data_768_V_read_1' <Predicate = true> <Delay = 0.00>
ST_1 : Operation 1287 [1/1] (0.00ns)   --->   "%data_767_V_read_1 = call i8 @_ssdm_op_Read.ap_auto.i8(i8 %data_767_V_read)"   --->   Operation 1287 'read' 'data_767_V_read_1' <Predicate = true> <Delay = 0.00>
ST_1 : Operation 1288 [1/1] (0.00ns)   --->   "%data_766_V_read_1 = call i8 @_ssdm_op_Read.ap_auto.i8(i8 %data_766_V_read)"   --->   Operation 1288 'read' 'data_766_V_read_1' <Predicate = true> <Delay = 0.00>
ST_1 : Operation 1289 [1/1] (0.00ns)   --->   "%data_765_V_read_1 = call i8 @_ssdm_op_Read.ap_auto.i8(i8 %data_765_V_read)"   --->   Operation 1289 'read' 'data_765_V_read_1' <Predicate = true> <Delay = 0.00>
ST_1 : Operation 1290 [1/1] (0.00ns)   --->   "%data_764_V_read_1 = call i8 @_ssdm_op_Read.ap_auto.i8(i8 %data_764_V_read)"   --->   Operation 1290 'read' 'data_764_V_read_1' <Predicate = true> <Delay = 0.00>
ST_1 : Operation 1291 [1/1] (0.00ns)   --->   "%data_763_V_read_1 = call i8 @_ssdm_op_Read.ap_auto.i8(i8 %data_763_V_read)"   --->   Operation 1291 'read' 'data_763_V_read_1' <Predicate = true> <Delay = 0.00>
ST_1 : Operation 1292 [1/1] (0.00ns)   --->   "%data_762_V_read_1 = call i8 @_ssdm_op_Read.ap_auto.i8(i8 %data_762_V_read)"   --->   Operation 1292 'read' 'data_762_V_read_1' <Predicate = true> <Delay = 0.00>
ST_1 : Operation 1293 [1/1] (0.00ns)   --->   "%data_761_V_read_1 = call i8 @_ssdm_op_Read.ap_auto.i8(i8 %data_761_V_read)"   --->   Operation 1293 'read' 'data_761_V_read_1' <Predicate = true> <Delay = 0.00>
ST_1 : Operation 1294 [1/1] (0.00ns)   --->   "%data_760_V_read_1 = call i8 @_ssdm_op_Read.ap_auto.i8(i8 %data_760_V_read)"   --->   Operation 1294 'read' 'data_760_V_read_1' <Predicate = true> <Delay = 0.00>
ST_1 : Operation 1295 [1/1] (0.00ns)   --->   "%data_759_V_read_1 = call i8 @_ssdm_op_Read.ap_auto.i8(i8 %data_759_V_read)"   --->   Operation 1295 'read' 'data_759_V_read_1' <Predicate = true> <Delay = 0.00>
ST_1 : Operation 1296 [1/1] (0.00ns)   --->   "%data_758_V_read_1 = call i8 @_ssdm_op_Read.ap_auto.i8(i8 %data_758_V_read)"   --->   Operation 1296 'read' 'data_758_V_read_1' <Predicate = true> <Delay = 0.00>
ST_1 : Operation 1297 [1/1] (0.00ns)   --->   "%data_757_V_read_1 = call i8 @_ssdm_op_Read.ap_auto.i8(i8 %data_757_V_read)"   --->   Operation 1297 'read' 'data_757_V_read_1' <Predicate = true> <Delay = 0.00>
ST_1 : Operation 1298 [1/1] (0.00ns)   --->   "%data_756_V_read_1 = call i8 @_ssdm_op_Read.ap_auto.i8(i8 %data_756_V_read)"   --->   Operation 1298 'read' 'data_756_V_read_1' <Predicate = true> <Delay = 0.00>
ST_1 : Operation 1299 [1/1] (0.00ns)   --->   "%data_755_V_read_1 = call i8 @_ssdm_op_Read.ap_auto.i8(i8 %data_755_V_read)"   --->   Operation 1299 'read' 'data_755_V_read_1' <Predicate = true> <Delay = 0.00>
ST_1 : Operation 1300 [1/1] (0.00ns)   --->   "%data_754_V_read_1 = call i8 @_ssdm_op_Read.ap_auto.i8(i8 %data_754_V_read)"   --->   Operation 1300 'read' 'data_754_V_read_1' <Predicate = true> <Delay = 0.00>
ST_1 : Operation 1301 [1/1] (0.00ns)   --->   "%data_753_V_read_1 = call i8 @_ssdm_op_Read.ap_auto.i8(i8 %data_753_V_read)"   --->   Operation 1301 'read' 'data_753_V_read_1' <Predicate = true> <Delay = 0.00>
ST_1 : Operation 1302 [1/1] (0.00ns)   --->   "%data_752_V_read_1 = call i8 @_ssdm_op_Read.ap_auto.i8(i8 %data_752_V_read)"   --->   Operation 1302 'read' 'data_752_V_read_1' <Predicate = true> <Delay = 0.00>
ST_1 : Operation 1303 [1/1] (0.00ns)   --->   "%data_751_V_read_1 = call i8 @_ssdm_op_Read.ap_auto.i8(i8 %data_751_V_read)"   --->   Operation 1303 'read' 'data_751_V_read_1' <Predicate = true> <Delay = 0.00>
ST_1 : Operation 1304 [1/1] (0.00ns)   --->   "%data_750_V_read_1 = call i8 @_ssdm_op_Read.ap_auto.i8(i8 %data_750_V_read)"   --->   Operation 1304 'read' 'data_750_V_read_1' <Predicate = true> <Delay = 0.00>
ST_1 : Operation 1305 [1/1] (0.00ns)   --->   "%data_749_V_read_1 = call i8 @_ssdm_op_Read.ap_auto.i8(i8 %data_749_V_read)"   --->   Operation 1305 'read' 'data_749_V_read_1' <Predicate = true> <Delay = 0.00>
ST_1 : Operation 1306 [1/1] (0.00ns)   --->   "%data_748_V_read_1 = call i8 @_ssdm_op_Read.ap_auto.i8(i8 %data_748_V_read)"   --->   Operation 1306 'read' 'data_748_V_read_1' <Predicate = true> <Delay = 0.00>
ST_1 : Operation 1307 [1/1] (0.00ns)   --->   "%data_747_V_read_1 = call i8 @_ssdm_op_Read.ap_auto.i8(i8 %data_747_V_read)"   --->   Operation 1307 'read' 'data_747_V_read_1' <Predicate = true> <Delay = 0.00>
ST_1 : Operation 1308 [1/1] (0.00ns)   --->   "%data_746_V_read_1 = call i8 @_ssdm_op_Read.ap_auto.i8(i8 %data_746_V_read)"   --->   Operation 1308 'read' 'data_746_V_read_1' <Predicate = true> <Delay = 0.00>
ST_1 : Operation 1309 [1/1] (0.00ns)   --->   "%data_745_V_read_1 = call i8 @_ssdm_op_Read.ap_auto.i8(i8 %data_745_V_read)"   --->   Operation 1309 'read' 'data_745_V_read_1' <Predicate = true> <Delay = 0.00>
ST_1 : Operation 1310 [1/1] (0.00ns)   --->   "%data_744_V_read_1 = call i8 @_ssdm_op_Read.ap_auto.i8(i8 %data_744_V_read)"   --->   Operation 1310 'read' 'data_744_V_read_1' <Predicate = true> <Delay = 0.00>
ST_1 : Operation 1311 [1/1] (0.00ns)   --->   "%data_743_V_read_1 = call i8 @_ssdm_op_Read.ap_auto.i8(i8 %data_743_V_read)"   --->   Operation 1311 'read' 'data_743_V_read_1' <Predicate = true> <Delay = 0.00>
ST_1 : Operation 1312 [1/1] (0.00ns)   --->   "%data_742_V_read_1 = call i8 @_ssdm_op_Read.ap_auto.i8(i8 %data_742_V_read)"   --->   Operation 1312 'read' 'data_742_V_read_1' <Predicate = true> <Delay = 0.00>
ST_1 : Operation 1313 [1/1] (0.00ns)   --->   "%data_741_V_read_1 = call i8 @_ssdm_op_Read.ap_auto.i8(i8 %data_741_V_read)"   --->   Operation 1313 'read' 'data_741_V_read_1' <Predicate = true> <Delay = 0.00>
ST_1 : Operation 1314 [1/1] (0.00ns)   --->   "%data_740_V_read_1 = call i8 @_ssdm_op_Read.ap_auto.i8(i8 %data_740_V_read)"   --->   Operation 1314 'read' 'data_740_V_read_1' <Predicate = true> <Delay = 0.00>
ST_1 : Operation 1315 [1/1] (0.00ns)   --->   "%data_739_V_read_1 = call i8 @_ssdm_op_Read.ap_auto.i8(i8 %data_739_V_read)"   --->   Operation 1315 'read' 'data_739_V_read_1' <Predicate = true> <Delay = 0.00>
ST_1 : Operation 1316 [1/1] (0.00ns)   --->   "%data_738_V_read_1 = call i8 @_ssdm_op_Read.ap_auto.i8(i8 %data_738_V_read)"   --->   Operation 1316 'read' 'data_738_V_read_1' <Predicate = true> <Delay = 0.00>
ST_1 : Operation 1317 [1/1] (0.00ns)   --->   "%data_737_V_read_1 = call i8 @_ssdm_op_Read.ap_auto.i8(i8 %data_737_V_read)"   --->   Operation 1317 'read' 'data_737_V_read_1' <Predicate = true> <Delay = 0.00>
ST_1 : Operation 1318 [1/1] (0.00ns)   --->   "%data_736_V_read_1 = call i8 @_ssdm_op_Read.ap_auto.i8(i8 %data_736_V_read)"   --->   Operation 1318 'read' 'data_736_V_read_1' <Predicate = true> <Delay = 0.00>
ST_1 : Operation 1319 [1/1] (0.00ns)   --->   "%data_735_V_read_1 = call i8 @_ssdm_op_Read.ap_auto.i8(i8 %data_735_V_read)"   --->   Operation 1319 'read' 'data_735_V_read_1' <Predicate = true> <Delay = 0.00>
ST_1 : Operation 1320 [1/1] (0.00ns)   --->   "%data_734_V_read_1 = call i8 @_ssdm_op_Read.ap_auto.i8(i8 %data_734_V_read)"   --->   Operation 1320 'read' 'data_734_V_read_1' <Predicate = true> <Delay = 0.00>
ST_1 : Operation 1321 [1/1] (0.00ns)   --->   "%data_733_V_read_1 = call i8 @_ssdm_op_Read.ap_auto.i8(i8 %data_733_V_read)"   --->   Operation 1321 'read' 'data_733_V_read_1' <Predicate = true> <Delay = 0.00>
ST_1 : Operation 1322 [1/1] (0.00ns)   --->   "%data_732_V_read_1 = call i8 @_ssdm_op_Read.ap_auto.i8(i8 %data_732_V_read)"   --->   Operation 1322 'read' 'data_732_V_read_1' <Predicate = true> <Delay = 0.00>
ST_1 : Operation 1323 [1/1] (0.00ns)   --->   "%data_731_V_read_1 = call i8 @_ssdm_op_Read.ap_auto.i8(i8 %data_731_V_read)"   --->   Operation 1323 'read' 'data_731_V_read_1' <Predicate = true> <Delay = 0.00>
ST_1 : Operation 1324 [1/1] (0.00ns)   --->   "%data_730_V_read_1 = call i8 @_ssdm_op_Read.ap_auto.i8(i8 %data_730_V_read)"   --->   Operation 1324 'read' 'data_730_V_read_1' <Predicate = true> <Delay = 0.00>
ST_1 : Operation 1325 [1/1] (0.00ns)   --->   "%data_729_V_read_1 = call i8 @_ssdm_op_Read.ap_auto.i8(i8 %data_729_V_read)"   --->   Operation 1325 'read' 'data_729_V_read_1' <Predicate = true> <Delay = 0.00>
ST_1 : Operation 1326 [1/1] (0.00ns)   --->   "%data_728_V_read_1 = call i8 @_ssdm_op_Read.ap_auto.i8(i8 %data_728_V_read)"   --->   Operation 1326 'read' 'data_728_V_read_1' <Predicate = true> <Delay = 0.00>
ST_1 : Operation 1327 [1/1] (0.00ns)   --->   "%data_727_V_read_1 = call i8 @_ssdm_op_Read.ap_auto.i8(i8 %data_727_V_read)"   --->   Operation 1327 'read' 'data_727_V_read_1' <Predicate = true> <Delay = 0.00>
ST_1 : Operation 1328 [1/1] (0.00ns)   --->   "%data_726_V_read_1 = call i8 @_ssdm_op_Read.ap_auto.i8(i8 %data_726_V_read)"   --->   Operation 1328 'read' 'data_726_V_read_1' <Predicate = true> <Delay = 0.00>
ST_1 : Operation 1329 [1/1] (0.00ns)   --->   "%data_725_V_read_1 = call i8 @_ssdm_op_Read.ap_auto.i8(i8 %data_725_V_read)"   --->   Operation 1329 'read' 'data_725_V_read_1' <Predicate = true> <Delay = 0.00>
ST_1 : Operation 1330 [1/1] (0.00ns)   --->   "%data_724_V_read_1 = call i8 @_ssdm_op_Read.ap_auto.i8(i8 %data_724_V_read)"   --->   Operation 1330 'read' 'data_724_V_read_1' <Predicate = true> <Delay = 0.00>
ST_1 : Operation 1331 [1/1] (0.00ns)   --->   "%data_723_V_read_1 = call i8 @_ssdm_op_Read.ap_auto.i8(i8 %data_723_V_read)"   --->   Operation 1331 'read' 'data_723_V_read_1' <Predicate = true> <Delay = 0.00>
ST_1 : Operation 1332 [1/1] (0.00ns)   --->   "%data_722_V_read_1 = call i8 @_ssdm_op_Read.ap_auto.i8(i8 %data_722_V_read)"   --->   Operation 1332 'read' 'data_722_V_read_1' <Predicate = true> <Delay = 0.00>
ST_1 : Operation 1333 [1/1] (0.00ns)   --->   "%data_721_V_read_1 = call i8 @_ssdm_op_Read.ap_auto.i8(i8 %data_721_V_read)"   --->   Operation 1333 'read' 'data_721_V_read_1' <Predicate = true> <Delay = 0.00>
ST_1 : Operation 1334 [1/1] (0.00ns)   --->   "%data_720_V_read_1 = call i8 @_ssdm_op_Read.ap_auto.i8(i8 %data_720_V_read)"   --->   Operation 1334 'read' 'data_720_V_read_1' <Predicate = true> <Delay = 0.00>
ST_1 : Operation 1335 [1/1] (0.00ns)   --->   "%data_719_V_read_1 = call i8 @_ssdm_op_Read.ap_auto.i8(i8 %data_719_V_read)"   --->   Operation 1335 'read' 'data_719_V_read_1' <Predicate = true> <Delay = 0.00>
ST_1 : Operation 1336 [1/1] (0.00ns)   --->   "%data_718_V_read_1 = call i8 @_ssdm_op_Read.ap_auto.i8(i8 %data_718_V_read)"   --->   Operation 1336 'read' 'data_718_V_read_1' <Predicate = true> <Delay = 0.00>
ST_1 : Operation 1337 [1/1] (0.00ns)   --->   "%data_717_V_read_1 = call i8 @_ssdm_op_Read.ap_auto.i8(i8 %data_717_V_read)"   --->   Operation 1337 'read' 'data_717_V_read_1' <Predicate = true> <Delay = 0.00>
ST_1 : Operation 1338 [1/1] (0.00ns)   --->   "%data_716_V_read_1 = call i8 @_ssdm_op_Read.ap_auto.i8(i8 %data_716_V_read)"   --->   Operation 1338 'read' 'data_716_V_read_1' <Predicate = true> <Delay = 0.00>
ST_1 : Operation 1339 [1/1] (0.00ns)   --->   "%data_715_V_read_1 = call i8 @_ssdm_op_Read.ap_auto.i8(i8 %data_715_V_read)"   --->   Operation 1339 'read' 'data_715_V_read_1' <Predicate = true> <Delay = 0.00>
ST_1 : Operation 1340 [1/1] (0.00ns)   --->   "%data_714_V_read_1 = call i8 @_ssdm_op_Read.ap_auto.i8(i8 %data_714_V_read)"   --->   Operation 1340 'read' 'data_714_V_read_1' <Predicate = true> <Delay = 0.00>
ST_1 : Operation 1341 [1/1] (0.00ns)   --->   "%data_713_V_read_1 = call i8 @_ssdm_op_Read.ap_auto.i8(i8 %data_713_V_read)"   --->   Operation 1341 'read' 'data_713_V_read_1' <Predicate = true> <Delay = 0.00>
ST_1 : Operation 1342 [1/1] (0.00ns)   --->   "%data_712_V_read_1 = call i8 @_ssdm_op_Read.ap_auto.i8(i8 %data_712_V_read)"   --->   Operation 1342 'read' 'data_712_V_read_1' <Predicate = true> <Delay = 0.00>
ST_1 : Operation 1343 [1/1] (0.00ns)   --->   "%data_711_V_read_1 = call i8 @_ssdm_op_Read.ap_auto.i8(i8 %data_711_V_read)"   --->   Operation 1343 'read' 'data_711_V_read_1' <Predicate = true> <Delay = 0.00>
ST_1 : Operation 1344 [1/1] (0.00ns)   --->   "%data_710_V_read_1 = call i8 @_ssdm_op_Read.ap_auto.i8(i8 %data_710_V_read)"   --->   Operation 1344 'read' 'data_710_V_read_1' <Predicate = true> <Delay = 0.00>
ST_1 : Operation 1345 [1/1] (0.00ns)   --->   "%data_709_V_read_1 = call i8 @_ssdm_op_Read.ap_auto.i8(i8 %data_709_V_read)"   --->   Operation 1345 'read' 'data_709_V_read_1' <Predicate = true> <Delay = 0.00>
ST_1 : Operation 1346 [1/1] (0.00ns)   --->   "%data_708_V_read_1 = call i8 @_ssdm_op_Read.ap_auto.i8(i8 %data_708_V_read)"   --->   Operation 1346 'read' 'data_708_V_read_1' <Predicate = true> <Delay = 0.00>
ST_1 : Operation 1347 [1/1] (0.00ns)   --->   "%data_707_V_read_1 = call i8 @_ssdm_op_Read.ap_auto.i8(i8 %data_707_V_read)"   --->   Operation 1347 'read' 'data_707_V_read_1' <Predicate = true> <Delay = 0.00>
ST_1 : Operation 1348 [1/1] (0.00ns)   --->   "%data_706_V_read_1 = call i8 @_ssdm_op_Read.ap_auto.i8(i8 %data_706_V_read)"   --->   Operation 1348 'read' 'data_706_V_read_1' <Predicate = true> <Delay = 0.00>
ST_1 : Operation 1349 [1/1] (0.00ns)   --->   "%data_705_V_read_1 = call i8 @_ssdm_op_Read.ap_auto.i8(i8 %data_705_V_read)"   --->   Operation 1349 'read' 'data_705_V_read_1' <Predicate = true> <Delay = 0.00>
ST_1 : Operation 1350 [1/1] (0.00ns)   --->   "%data_704_V_read_1 = call i8 @_ssdm_op_Read.ap_auto.i8(i8 %data_704_V_read)"   --->   Operation 1350 'read' 'data_704_V_read_1' <Predicate = true> <Delay = 0.00>
ST_1 : Operation 1351 [1/1] (0.00ns)   --->   "%data_703_V_read_1 = call i8 @_ssdm_op_Read.ap_auto.i8(i8 %data_703_V_read)"   --->   Operation 1351 'read' 'data_703_V_read_1' <Predicate = true> <Delay = 0.00>
ST_1 : Operation 1352 [1/1] (0.00ns)   --->   "%data_702_V_read_1 = call i8 @_ssdm_op_Read.ap_auto.i8(i8 %data_702_V_read)"   --->   Operation 1352 'read' 'data_702_V_read_1' <Predicate = true> <Delay = 0.00>
ST_1 : Operation 1353 [1/1] (0.00ns)   --->   "%data_701_V_read_1 = call i8 @_ssdm_op_Read.ap_auto.i8(i8 %data_701_V_read)"   --->   Operation 1353 'read' 'data_701_V_read_1' <Predicate = true> <Delay = 0.00>
ST_1 : Operation 1354 [1/1] (0.00ns)   --->   "%data_700_V_read_1 = call i8 @_ssdm_op_Read.ap_auto.i8(i8 %data_700_V_read)"   --->   Operation 1354 'read' 'data_700_V_read_1' <Predicate = true> <Delay = 0.00>
ST_1 : Operation 1355 [1/1] (0.00ns)   --->   "%data_699_V_read_1 = call i8 @_ssdm_op_Read.ap_auto.i8(i8 %data_699_V_read)"   --->   Operation 1355 'read' 'data_699_V_read_1' <Predicate = true> <Delay = 0.00>
ST_1 : Operation 1356 [1/1] (0.00ns)   --->   "%data_698_V_read_1 = call i8 @_ssdm_op_Read.ap_auto.i8(i8 %data_698_V_read)"   --->   Operation 1356 'read' 'data_698_V_read_1' <Predicate = true> <Delay = 0.00>
ST_1 : Operation 1357 [1/1] (0.00ns)   --->   "%data_697_V_read_1 = call i8 @_ssdm_op_Read.ap_auto.i8(i8 %data_697_V_read)"   --->   Operation 1357 'read' 'data_697_V_read_1' <Predicate = true> <Delay = 0.00>
ST_1 : Operation 1358 [1/1] (0.00ns)   --->   "%data_696_V_read_1 = call i8 @_ssdm_op_Read.ap_auto.i8(i8 %data_696_V_read)"   --->   Operation 1358 'read' 'data_696_V_read_1' <Predicate = true> <Delay = 0.00>
ST_1 : Operation 1359 [1/1] (0.00ns)   --->   "%data_695_V_read_1 = call i8 @_ssdm_op_Read.ap_auto.i8(i8 %data_695_V_read)"   --->   Operation 1359 'read' 'data_695_V_read_1' <Predicate = true> <Delay = 0.00>
ST_1 : Operation 1360 [1/1] (0.00ns)   --->   "%data_694_V_read_1 = call i8 @_ssdm_op_Read.ap_auto.i8(i8 %data_694_V_read)"   --->   Operation 1360 'read' 'data_694_V_read_1' <Predicate = true> <Delay = 0.00>
ST_1 : Operation 1361 [1/1] (0.00ns)   --->   "%data_693_V_read_1 = call i8 @_ssdm_op_Read.ap_auto.i8(i8 %data_693_V_read)"   --->   Operation 1361 'read' 'data_693_V_read_1' <Predicate = true> <Delay = 0.00>
ST_1 : Operation 1362 [1/1] (0.00ns)   --->   "%data_692_V_read_1 = call i8 @_ssdm_op_Read.ap_auto.i8(i8 %data_692_V_read)"   --->   Operation 1362 'read' 'data_692_V_read_1' <Predicate = true> <Delay = 0.00>
ST_1 : Operation 1363 [1/1] (0.00ns)   --->   "%data_691_V_read_1 = call i8 @_ssdm_op_Read.ap_auto.i8(i8 %data_691_V_read)"   --->   Operation 1363 'read' 'data_691_V_read_1' <Predicate = true> <Delay = 0.00>
ST_1 : Operation 1364 [1/1] (0.00ns)   --->   "%data_690_V_read_1 = call i8 @_ssdm_op_Read.ap_auto.i8(i8 %data_690_V_read)"   --->   Operation 1364 'read' 'data_690_V_read_1' <Predicate = true> <Delay = 0.00>
ST_1 : Operation 1365 [1/1] (0.00ns)   --->   "%data_689_V_read_1 = call i8 @_ssdm_op_Read.ap_auto.i8(i8 %data_689_V_read)"   --->   Operation 1365 'read' 'data_689_V_read_1' <Predicate = true> <Delay = 0.00>
ST_1 : Operation 1366 [1/1] (0.00ns)   --->   "%data_688_V_read_1 = call i8 @_ssdm_op_Read.ap_auto.i8(i8 %data_688_V_read)"   --->   Operation 1366 'read' 'data_688_V_read_1' <Predicate = true> <Delay = 0.00>
ST_1 : Operation 1367 [1/1] (0.00ns)   --->   "%data_687_V_read_1 = call i8 @_ssdm_op_Read.ap_auto.i8(i8 %data_687_V_read)"   --->   Operation 1367 'read' 'data_687_V_read_1' <Predicate = true> <Delay = 0.00>
ST_1 : Operation 1368 [1/1] (0.00ns)   --->   "%data_686_V_read_1 = call i8 @_ssdm_op_Read.ap_auto.i8(i8 %data_686_V_read)"   --->   Operation 1368 'read' 'data_686_V_read_1' <Predicate = true> <Delay = 0.00>
ST_1 : Operation 1369 [1/1] (0.00ns)   --->   "%data_685_V_read_1 = call i8 @_ssdm_op_Read.ap_auto.i8(i8 %data_685_V_read)"   --->   Operation 1369 'read' 'data_685_V_read_1' <Predicate = true> <Delay = 0.00>
ST_1 : Operation 1370 [1/1] (0.00ns)   --->   "%data_684_V_read_1 = call i8 @_ssdm_op_Read.ap_auto.i8(i8 %data_684_V_read)"   --->   Operation 1370 'read' 'data_684_V_read_1' <Predicate = true> <Delay = 0.00>
ST_1 : Operation 1371 [1/1] (0.00ns)   --->   "%data_683_V_read_1 = call i8 @_ssdm_op_Read.ap_auto.i8(i8 %data_683_V_read)"   --->   Operation 1371 'read' 'data_683_V_read_1' <Predicate = true> <Delay = 0.00>
ST_1 : Operation 1372 [1/1] (0.00ns)   --->   "%data_682_V_read_1 = call i8 @_ssdm_op_Read.ap_auto.i8(i8 %data_682_V_read)"   --->   Operation 1372 'read' 'data_682_V_read_1' <Predicate = true> <Delay = 0.00>
ST_1 : Operation 1373 [1/1] (0.00ns)   --->   "%data_681_V_read_1 = call i8 @_ssdm_op_Read.ap_auto.i8(i8 %data_681_V_read)"   --->   Operation 1373 'read' 'data_681_V_read_1' <Predicate = true> <Delay = 0.00>
ST_1 : Operation 1374 [1/1] (0.00ns)   --->   "%data_680_V_read_1 = call i8 @_ssdm_op_Read.ap_auto.i8(i8 %data_680_V_read)"   --->   Operation 1374 'read' 'data_680_V_read_1' <Predicate = true> <Delay = 0.00>
ST_1 : Operation 1375 [1/1] (0.00ns)   --->   "%data_679_V_read_1 = call i8 @_ssdm_op_Read.ap_auto.i8(i8 %data_679_V_read)"   --->   Operation 1375 'read' 'data_679_V_read_1' <Predicate = true> <Delay = 0.00>
ST_1 : Operation 1376 [1/1] (0.00ns)   --->   "%data_678_V_read_1 = call i8 @_ssdm_op_Read.ap_auto.i8(i8 %data_678_V_read)"   --->   Operation 1376 'read' 'data_678_V_read_1' <Predicate = true> <Delay = 0.00>
ST_1 : Operation 1377 [1/1] (0.00ns)   --->   "%data_677_V_read_1 = call i8 @_ssdm_op_Read.ap_auto.i8(i8 %data_677_V_read)"   --->   Operation 1377 'read' 'data_677_V_read_1' <Predicate = true> <Delay = 0.00>
ST_1 : Operation 1378 [1/1] (0.00ns)   --->   "%data_676_V_read_1 = call i8 @_ssdm_op_Read.ap_auto.i8(i8 %data_676_V_read)"   --->   Operation 1378 'read' 'data_676_V_read_1' <Predicate = true> <Delay = 0.00>
ST_1 : Operation 1379 [1/1] (0.00ns)   --->   "%data_675_V_read_1 = call i8 @_ssdm_op_Read.ap_auto.i8(i8 %data_675_V_read)"   --->   Operation 1379 'read' 'data_675_V_read_1' <Predicate = true> <Delay = 0.00>
ST_1 : Operation 1380 [1/1] (0.00ns)   --->   "%data_674_V_read_1 = call i8 @_ssdm_op_Read.ap_auto.i8(i8 %data_674_V_read)"   --->   Operation 1380 'read' 'data_674_V_read_1' <Predicate = true> <Delay = 0.00>
ST_1 : Operation 1381 [1/1] (0.00ns)   --->   "%data_673_V_read_1 = call i8 @_ssdm_op_Read.ap_auto.i8(i8 %data_673_V_read)"   --->   Operation 1381 'read' 'data_673_V_read_1' <Predicate = true> <Delay = 0.00>
ST_1 : Operation 1382 [1/1] (0.00ns)   --->   "%data_672_V_read_1 = call i8 @_ssdm_op_Read.ap_auto.i8(i8 %data_672_V_read)"   --->   Operation 1382 'read' 'data_672_V_read_1' <Predicate = true> <Delay = 0.00>
ST_1 : Operation 1383 [1/1] (0.00ns)   --->   "%data_671_V_read_1 = call i8 @_ssdm_op_Read.ap_auto.i8(i8 %data_671_V_read)"   --->   Operation 1383 'read' 'data_671_V_read_1' <Predicate = true> <Delay = 0.00>
ST_1 : Operation 1384 [1/1] (0.00ns)   --->   "%data_670_V_read_1 = call i8 @_ssdm_op_Read.ap_auto.i8(i8 %data_670_V_read)"   --->   Operation 1384 'read' 'data_670_V_read_1' <Predicate = true> <Delay = 0.00>
ST_1 : Operation 1385 [1/1] (0.00ns)   --->   "%data_669_V_read_1 = call i8 @_ssdm_op_Read.ap_auto.i8(i8 %data_669_V_read)"   --->   Operation 1385 'read' 'data_669_V_read_1' <Predicate = true> <Delay = 0.00>
ST_1 : Operation 1386 [1/1] (0.00ns)   --->   "%data_668_V_read_1 = call i8 @_ssdm_op_Read.ap_auto.i8(i8 %data_668_V_read)"   --->   Operation 1386 'read' 'data_668_V_read_1' <Predicate = true> <Delay = 0.00>
ST_1 : Operation 1387 [1/1] (0.00ns)   --->   "%data_667_V_read_1 = call i8 @_ssdm_op_Read.ap_auto.i8(i8 %data_667_V_read)"   --->   Operation 1387 'read' 'data_667_V_read_1' <Predicate = true> <Delay = 0.00>
ST_1 : Operation 1388 [1/1] (0.00ns)   --->   "%data_666_V_read_1 = call i8 @_ssdm_op_Read.ap_auto.i8(i8 %data_666_V_read)"   --->   Operation 1388 'read' 'data_666_V_read_1' <Predicate = true> <Delay = 0.00>
ST_1 : Operation 1389 [1/1] (0.00ns)   --->   "%data_665_V_read_1 = call i8 @_ssdm_op_Read.ap_auto.i8(i8 %data_665_V_read)"   --->   Operation 1389 'read' 'data_665_V_read_1' <Predicate = true> <Delay = 0.00>
ST_1 : Operation 1390 [1/1] (0.00ns)   --->   "%data_664_V_read_1 = call i8 @_ssdm_op_Read.ap_auto.i8(i8 %data_664_V_read)"   --->   Operation 1390 'read' 'data_664_V_read_1' <Predicate = true> <Delay = 0.00>
ST_1 : Operation 1391 [1/1] (0.00ns)   --->   "%data_663_V_read_1 = call i8 @_ssdm_op_Read.ap_auto.i8(i8 %data_663_V_read)"   --->   Operation 1391 'read' 'data_663_V_read_1' <Predicate = true> <Delay = 0.00>
ST_1 : Operation 1392 [1/1] (0.00ns)   --->   "%data_662_V_read_1 = call i8 @_ssdm_op_Read.ap_auto.i8(i8 %data_662_V_read)"   --->   Operation 1392 'read' 'data_662_V_read_1' <Predicate = true> <Delay = 0.00>
ST_1 : Operation 1393 [1/1] (0.00ns)   --->   "%data_661_V_read_1 = call i8 @_ssdm_op_Read.ap_auto.i8(i8 %data_661_V_read)"   --->   Operation 1393 'read' 'data_661_V_read_1' <Predicate = true> <Delay = 0.00>
ST_1 : Operation 1394 [1/1] (0.00ns)   --->   "%data_660_V_read_1 = call i8 @_ssdm_op_Read.ap_auto.i8(i8 %data_660_V_read)"   --->   Operation 1394 'read' 'data_660_V_read_1' <Predicate = true> <Delay = 0.00>
ST_1 : Operation 1395 [1/1] (0.00ns)   --->   "%data_659_V_read_1 = call i8 @_ssdm_op_Read.ap_auto.i8(i8 %data_659_V_read)"   --->   Operation 1395 'read' 'data_659_V_read_1' <Predicate = true> <Delay = 0.00>
ST_1 : Operation 1396 [1/1] (0.00ns)   --->   "%data_658_V_read_1 = call i8 @_ssdm_op_Read.ap_auto.i8(i8 %data_658_V_read)"   --->   Operation 1396 'read' 'data_658_V_read_1' <Predicate = true> <Delay = 0.00>
ST_1 : Operation 1397 [1/1] (0.00ns)   --->   "%data_657_V_read_1 = call i8 @_ssdm_op_Read.ap_auto.i8(i8 %data_657_V_read)"   --->   Operation 1397 'read' 'data_657_V_read_1' <Predicate = true> <Delay = 0.00>
ST_1 : Operation 1398 [1/1] (0.00ns)   --->   "%data_656_V_read_1 = call i8 @_ssdm_op_Read.ap_auto.i8(i8 %data_656_V_read)"   --->   Operation 1398 'read' 'data_656_V_read_1' <Predicate = true> <Delay = 0.00>
ST_1 : Operation 1399 [1/1] (0.00ns)   --->   "%data_655_V_read_1 = call i8 @_ssdm_op_Read.ap_auto.i8(i8 %data_655_V_read)"   --->   Operation 1399 'read' 'data_655_V_read_1' <Predicate = true> <Delay = 0.00>
ST_1 : Operation 1400 [1/1] (0.00ns)   --->   "%data_654_V_read_1 = call i8 @_ssdm_op_Read.ap_auto.i8(i8 %data_654_V_read)"   --->   Operation 1400 'read' 'data_654_V_read_1' <Predicate = true> <Delay = 0.00>
ST_1 : Operation 1401 [1/1] (0.00ns)   --->   "%data_653_V_read_1 = call i8 @_ssdm_op_Read.ap_auto.i8(i8 %data_653_V_read)"   --->   Operation 1401 'read' 'data_653_V_read_1' <Predicate = true> <Delay = 0.00>
ST_1 : Operation 1402 [1/1] (0.00ns)   --->   "%data_652_V_read_1 = call i8 @_ssdm_op_Read.ap_auto.i8(i8 %data_652_V_read)"   --->   Operation 1402 'read' 'data_652_V_read_1' <Predicate = true> <Delay = 0.00>
ST_1 : Operation 1403 [1/1] (0.00ns)   --->   "%data_651_V_read_1 = call i8 @_ssdm_op_Read.ap_auto.i8(i8 %data_651_V_read)"   --->   Operation 1403 'read' 'data_651_V_read_1' <Predicate = true> <Delay = 0.00>
ST_1 : Operation 1404 [1/1] (0.00ns)   --->   "%data_650_V_read_1 = call i8 @_ssdm_op_Read.ap_auto.i8(i8 %data_650_V_read)"   --->   Operation 1404 'read' 'data_650_V_read_1' <Predicate = true> <Delay = 0.00>
ST_1 : Operation 1405 [1/1] (0.00ns)   --->   "%data_649_V_read_1 = call i8 @_ssdm_op_Read.ap_auto.i8(i8 %data_649_V_read)"   --->   Operation 1405 'read' 'data_649_V_read_1' <Predicate = true> <Delay = 0.00>
ST_1 : Operation 1406 [1/1] (0.00ns)   --->   "%data_648_V_read_1 = call i8 @_ssdm_op_Read.ap_auto.i8(i8 %data_648_V_read)"   --->   Operation 1406 'read' 'data_648_V_read_1' <Predicate = true> <Delay = 0.00>
ST_1 : Operation 1407 [1/1] (0.00ns)   --->   "%data_647_V_read_1 = call i8 @_ssdm_op_Read.ap_auto.i8(i8 %data_647_V_read)"   --->   Operation 1407 'read' 'data_647_V_read_1' <Predicate = true> <Delay = 0.00>
ST_1 : Operation 1408 [1/1] (0.00ns)   --->   "%data_646_V_read_1 = call i8 @_ssdm_op_Read.ap_auto.i8(i8 %data_646_V_read)"   --->   Operation 1408 'read' 'data_646_V_read_1' <Predicate = true> <Delay = 0.00>
ST_1 : Operation 1409 [1/1] (0.00ns)   --->   "%data_645_V_read_1 = call i8 @_ssdm_op_Read.ap_auto.i8(i8 %data_645_V_read)"   --->   Operation 1409 'read' 'data_645_V_read_1' <Predicate = true> <Delay = 0.00>
ST_1 : Operation 1410 [1/1] (0.00ns)   --->   "%data_644_V_read_1 = call i8 @_ssdm_op_Read.ap_auto.i8(i8 %data_644_V_read)"   --->   Operation 1410 'read' 'data_644_V_read_1' <Predicate = true> <Delay = 0.00>
ST_1 : Operation 1411 [1/1] (0.00ns)   --->   "%data_643_V_read_1 = call i8 @_ssdm_op_Read.ap_auto.i8(i8 %data_643_V_read)"   --->   Operation 1411 'read' 'data_643_V_read_1' <Predicate = true> <Delay = 0.00>
ST_1 : Operation 1412 [1/1] (0.00ns)   --->   "%data_642_V_read_1 = call i8 @_ssdm_op_Read.ap_auto.i8(i8 %data_642_V_read)"   --->   Operation 1412 'read' 'data_642_V_read_1' <Predicate = true> <Delay = 0.00>
ST_1 : Operation 1413 [1/1] (0.00ns)   --->   "%data_641_V_read_1 = call i8 @_ssdm_op_Read.ap_auto.i8(i8 %data_641_V_read)"   --->   Operation 1413 'read' 'data_641_V_read_1' <Predicate = true> <Delay = 0.00>
ST_1 : Operation 1414 [1/1] (0.00ns)   --->   "%data_640_V_read_1 = call i8 @_ssdm_op_Read.ap_auto.i8(i8 %data_640_V_read)"   --->   Operation 1414 'read' 'data_640_V_read_1' <Predicate = true> <Delay = 0.00>
ST_1 : Operation 1415 [1/1] (0.00ns)   --->   "%data_639_V_read_1 = call i8 @_ssdm_op_Read.ap_auto.i8(i8 %data_639_V_read)"   --->   Operation 1415 'read' 'data_639_V_read_1' <Predicate = true> <Delay = 0.00>
ST_1 : Operation 1416 [1/1] (0.00ns)   --->   "%data_638_V_read_1 = call i8 @_ssdm_op_Read.ap_auto.i8(i8 %data_638_V_read)"   --->   Operation 1416 'read' 'data_638_V_read_1' <Predicate = true> <Delay = 0.00>
ST_1 : Operation 1417 [1/1] (0.00ns)   --->   "%data_637_V_read_1 = call i8 @_ssdm_op_Read.ap_auto.i8(i8 %data_637_V_read)"   --->   Operation 1417 'read' 'data_637_V_read_1' <Predicate = true> <Delay = 0.00>
ST_1 : Operation 1418 [1/1] (0.00ns)   --->   "%data_636_V_read_1 = call i8 @_ssdm_op_Read.ap_auto.i8(i8 %data_636_V_read)"   --->   Operation 1418 'read' 'data_636_V_read_1' <Predicate = true> <Delay = 0.00>
ST_1 : Operation 1419 [1/1] (0.00ns)   --->   "%data_635_V_read_1 = call i8 @_ssdm_op_Read.ap_auto.i8(i8 %data_635_V_read)"   --->   Operation 1419 'read' 'data_635_V_read_1' <Predicate = true> <Delay = 0.00>
ST_1 : Operation 1420 [1/1] (0.00ns)   --->   "%data_634_V_read_1 = call i8 @_ssdm_op_Read.ap_auto.i8(i8 %data_634_V_read)"   --->   Operation 1420 'read' 'data_634_V_read_1' <Predicate = true> <Delay = 0.00>
ST_1 : Operation 1421 [1/1] (0.00ns)   --->   "%data_633_V_read_1 = call i8 @_ssdm_op_Read.ap_auto.i8(i8 %data_633_V_read)"   --->   Operation 1421 'read' 'data_633_V_read_1' <Predicate = true> <Delay = 0.00>
ST_1 : Operation 1422 [1/1] (0.00ns)   --->   "%data_632_V_read_1 = call i8 @_ssdm_op_Read.ap_auto.i8(i8 %data_632_V_read)"   --->   Operation 1422 'read' 'data_632_V_read_1' <Predicate = true> <Delay = 0.00>
ST_1 : Operation 1423 [1/1] (0.00ns)   --->   "%data_631_V_read_1 = call i8 @_ssdm_op_Read.ap_auto.i8(i8 %data_631_V_read)"   --->   Operation 1423 'read' 'data_631_V_read_1' <Predicate = true> <Delay = 0.00>
ST_1 : Operation 1424 [1/1] (0.00ns)   --->   "%data_630_V_read_1 = call i8 @_ssdm_op_Read.ap_auto.i8(i8 %data_630_V_read)"   --->   Operation 1424 'read' 'data_630_V_read_1' <Predicate = true> <Delay = 0.00>
ST_1 : Operation 1425 [1/1] (0.00ns)   --->   "%data_629_V_read_1 = call i8 @_ssdm_op_Read.ap_auto.i8(i8 %data_629_V_read)"   --->   Operation 1425 'read' 'data_629_V_read_1' <Predicate = true> <Delay = 0.00>
ST_1 : Operation 1426 [1/1] (0.00ns)   --->   "%data_628_V_read_1 = call i8 @_ssdm_op_Read.ap_auto.i8(i8 %data_628_V_read)"   --->   Operation 1426 'read' 'data_628_V_read_1' <Predicate = true> <Delay = 0.00>
ST_1 : Operation 1427 [1/1] (0.00ns)   --->   "%data_627_V_read_1 = call i8 @_ssdm_op_Read.ap_auto.i8(i8 %data_627_V_read)"   --->   Operation 1427 'read' 'data_627_V_read_1' <Predicate = true> <Delay = 0.00>
ST_1 : Operation 1428 [1/1] (0.00ns)   --->   "%data_626_V_read_1 = call i8 @_ssdm_op_Read.ap_auto.i8(i8 %data_626_V_read)"   --->   Operation 1428 'read' 'data_626_V_read_1' <Predicate = true> <Delay = 0.00>
ST_1 : Operation 1429 [1/1] (0.00ns)   --->   "%data_625_V_read_1 = call i8 @_ssdm_op_Read.ap_auto.i8(i8 %data_625_V_read)"   --->   Operation 1429 'read' 'data_625_V_read_1' <Predicate = true> <Delay = 0.00>
ST_1 : Operation 1430 [1/1] (0.00ns)   --->   "%data_624_V_read_1 = call i8 @_ssdm_op_Read.ap_auto.i8(i8 %data_624_V_read)"   --->   Operation 1430 'read' 'data_624_V_read_1' <Predicate = true> <Delay = 0.00>
ST_1 : Operation 1431 [1/1] (0.00ns)   --->   "%data_623_V_read_1 = call i8 @_ssdm_op_Read.ap_auto.i8(i8 %data_623_V_read)"   --->   Operation 1431 'read' 'data_623_V_read_1' <Predicate = true> <Delay = 0.00>
ST_1 : Operation 1432 [1/1] (0.00ns)   --->   "%data_622_V_read_1 = call i8 @_ssdm_op_Read.ap_auto.i8(i8 %data_622_V_read)"   --->   Operation 1432 'read' 'data_622_V_read_1' <Predicate = true> <Delay = 0.00>
ST_1 : Operation 1433 [1/1] (0.00ns)   --->   "%data_621_V_read_1 = call i8 @_ssdm_op_Read.ap_auto.i8(i8 %data_621_V_read)"   --->   Operation 1433 'read' 'data_621_V_read_1' <Predicate = true> <Delay = 0.00>
ST_1 : Operation 1434 [1/1] (0.00ns)   --->   "%data_620_V_read_1 = call i8 @_ssdm_op_Read.ap_auto.i8(i8 %data_620_V_read)"   --->   Operation 1434 'read' 'data_620_V_read_1' <Predicate = true> <Delay = 0.00>
ST_1 : Operation 1435 [1/1] (0.00ns)   --->   "%data_619_V_read_1 = call i8 @_ssdm_op_Read.ap_auto.i8(i8 %data_619_V_read)"   --->   Operation 1435 'read' 'data_619_V_read_1' <Predicate = true> <Delay = 0.00>
ST_1 : Operation 1436 [1/1] (0.00ns)   --->   "%data_618_V_read_1 = call i8 @_ssdm_op_Read.ap_auto.i8(i8 %data_618_V_read)"   --->   Operation 1436 'read' 'data_618_V_read_1' <Predicate = true> <Delay = 0.00>
ST_1 : Operation 1437 [1/1] (0.00ns)   --->   "%data_617_V_read_1 = call i8 @_ssdm_op_Read.ap_auto.i8(i8 %data_617_V_read)"   --->   Operation 1437 'read' 'data_617_V_read_1' <Predicate = true> <Delay = 0.00>
ST_1 : Operation 1438 [1/1] (0.00ns)   --->   "%data_616_V_read_1 = call i8 @_ssdm_op_Read.ap_auto.i8(i8 %data_616_V_read)"   --->   Operation 1438 'read' 'data_616_V_read_1' <Predicate = true> <Delay = 0.00>
ST_1 : Operation 1439 [1/1] (0.00ns)   --->   "%data_615_V_read_1 = call i8 @_ssdm_op_Read.ap_auto.i8(i8 %data_615_V_read)"   --->   Operation 1439 'read' 'data_615_V_read_1' <Predicate = true> <Delay = 0.00>
ST_1 : Operation 1440 [1/1] (0.00ns)   --->   "%data_614_V_read_1 = call i8 @_ssdm_op_Read.ap_auto.i8(i8 %data_614_V_read)"   --->   Operation 1440 'read' 'data_614_V_read_1' <Predicate = true> <Delay = 0.00>
ST_1 : Operation 1441 [1/1] (0.00ns)   --->   "%data_613_V_read_1 = call i8 @_ssdm_op_Read.ap_auto.i8(i8 %data_613_V_read)"   --->   Operation 1441 'read' 'data_613_V_read_1' <Predicate = true> <Delay = 0.00>
ST_1 : Operation 1442 [1/1] (0.00ns)   --->   "%data_612_V_read_1 = call i8 @_ssdm_op_Read.ap_auto.i8(i8 %data_612_V_read)"   --->   Operation 1442 'read' 'data_612_V_read_1' <Predicate = true> <Delay = 0.00>
ST_1 : Operation 1443 [1/1] (0.00ns)   --->   "%data_611_V_read_1 = call i8 @_ssdm_op_Read.ap_auto.i8(i8 %data_611_V_read)"   --->   Operation 1443 'read' 'data_611_V_read_1' <Predicate = true> <Delay = 0.00>
ST_1 : Operation 1444 [1/1] (0.00ns)   --->   "%data_610_V_read_1 = call i8 @_ssdm_op_Read.ap_auto.i8(i8 %data_610_V_read)"   --->   Operation 1444 'read' 'data_610_V_read_1' <Predicate = true> <Delay = 0.00>
ST_1 : Operation 1445 [1/1] (0.00ns)   --->   "%data_609_V_read_1 = call i8 @_ssdm_op_Read.ap_auto.i8(i8 %data_609_V_read)"   --->   Operation 1445 'read' 'data_609_V_read_1' <Predicate = true> <Delay = 0.00>
ST_1 : Operation 1446 [1/1] (0.00ns)   --->   "%data_608_V_read_1 = call i8 @_ssdm_op_Read.ap_auto.i8(i8 %data_608_V_read)"   --->   Operation 1446 'read' 'data_608_V_read_1' <Predicate = true> <Delay = 0.00>
ST_1 : Operation 1447 [1/1] (0.00ns)   --->   "%data_607_V_read_1 = call i8 @_ssdm_op_Read.ap_auto.i8(i8 %data_607_V_read)"   --->   Operation 1447 'read' 'data_607_V_read_1' <Predicate = true> <Delay = 0.00>
ST_1 : Operation 1448 [1/1] (0.00ns)   --->   "%data_606_V_read_1 = call i8 @_ssdm_op_Read.ap_auto.i8(i8 %data_606_V_read)"   --->   Operation 1448 'read' 'data_606_V_read_1' <Predicate = true> <Delay = 0.00>
ST_1 : Operation 1449 [1/1] (0.00ns)   --->   "%data_605_V_read_1 = call i8 @_ssdm_op_Read.ap_auto.i8(i8 %data_605_V_read)"   --->   Operation 1449 'read' 'data_605_V_read_1' <Predicate = true> <Delay = 0.00>
ST_1 : Operation 1450 [1/1] (0.00ns)   --->   "%data_604_V_read_1 = call i8 @_ssdm_op_Read.ap_auto.i8(i8 %data_604_V_read)"   --->   Operation 1450 'read' 'data_604_V_read_1' <Predicate = true> <Delay = 0.00>
ST_1 : Operation 1451 [1/1] (0.00ns)   --->   "%data_603_V_read_1 = call i8 @_ssdm_op_Read.ap_auto.i8(i8 %data_603_V_read)"   --->   Operation 1451 'read' 'data_603_V_read_1' <Predicate = true> <Delay = 0.00>
ST_1 : Operation 1452 [1/1] (0.00ns)   --->   "%data_602_V_read_1 = call i8 @_ssdm_op_Read.ap_auto.i8(i8 %data_602_V_read)"   --->   Operation 1452 'read' 'data_602_V_read_1' <Predicate = true> <Delay = 0.00>
ST_1 : Operation 1453 [1/1] (0.00ns)   --->   "%data_601_V_read_1 = call i8 @_ssdm_op_Read.ap_auto.i8(i8 %data_601_V_read)"   --->   Operation 1453 'read' 'data_601_V_read_1' <Predicate = true> <Delay = 0.00>
ST_1 : Operation 1454 [1/1] (0.00ns)   --->   "%data_600_V_read_1 = call i8 @_ssdm_op_Read.ap_auto.i8(i8 %data_600_V_read)"   --->   Operation 1454 'read' 'data_600_V_read_1' <Predicate = true> <Delay = 0.00>
ST_1 : Operation 1455 [1/1] (0.00ns)   --->   "%data_599_V_read_1 = call i8 @_ssdm_op_Read.ap_auto.i8(i8 %data_599_V_read)"   --->   Operation 1455 'read' 'data_599_V_read_1' <Predicate = true> <Delay = 0.00>
ST_1 : Operation 1456 [1/1] (0.00ns)   --->   "%data_598_V_read_1 = call i8 @_ssdm_op_Read.ap_auto.i8(i8 %data_598_V_read)"   --->   Operation 1456 'read' 'data_598_V_read_1' <Predicate = true> <Delay = 0.00>
ST_1 : Operation 1457 [1/1] (0.00ns)   --->   "%data_597_V_read_1 = call i8 @_ssdm_op_Read.ap_auto.i8(i8 %data_597_V_read)"   --->   Operation 1457 'read' 'data_597_V_read_1' <Predicate = true> <Delay = 0.00>
ST_1 : Operation 1458 [1/1] (0.00ns)   --->   "%data_596_V_read_1 = call i8 @_ssdm_op_Read.ap_auto.i8(i8 %data_596_V_read)"   --->   Operation 1458 'read' 'data_596_V_read_1' <Predicate = true> <Delay = 0.00>
ST_1 : Operation 1459 [1/1] (0.00ns)   --->   "%data_595_V_read_1 = call i8 @_ssdm_op_Read.ap_auto.i8(i8 %data_595_V_read)"   --->   Operation 1459 'read' 'data_595_V_read_1' <Predicate = true> <Delay = 0.00>
ST_1 : Operation 1460 [1/1] (0.00ns)   --->   "%data_594_V_read_1 = call i8 @_ssdm_op_Read.ap_auto.i8(i8 %data_594_V_read)"   --->   Operation 1460 'read' 'data_594_V_read_1' <Predicate = true> <Delay = 0.00>
ST_1 : Operation 1461 [1/1] (0.00ns)   --->   "%data_593_V_read_1 = call i8 @_ssdm_op_Read.ap_auto.i8(i8 %data_593_V_read)"   --->   Operation 1461 'read' 'data_593_V_read_1' <Predicate = true> <Delay = 0.00>
ST_1 : Operation 1462 [1/1] (0.00ns)   --->   "%data_592_V_read_1 = call i8 @_ssdm_op_Read.ap_auto.i8(i8 %data_592_V_read)"   --->   Operation 1462 'read' 'data_592_V_read_1' <Predicate = true> <Delay = 0.00>
ST_1 : Operation 1463 [1/1] (0.00ns)   --->   "%data_591_V_read_1 = call i8 @_ssdm_op_Read.ap_auto.i8(i8 %data_591_V_read)"   --->   Operation 1463 'read' 'data_591_V_read_1' <Predicate = true> <Delay = 0.00>
ST_1 : Operation 1464 [1/1] (0.00ns)   --->   "%data_590_V_read_1 = call i8 @_ssdm_op_Read.ap_auto.i8(i8 %data_590_V_read)"   --->   Operation 1464 'read' 'data_590_V_read_1' <Predicate = true> <Delay = 0.00>
ST_1 : Operation 1465 [1/1] (0.00ns)   --->   "%data_589_V_read_1 = call i8 @_ssdm_op_Read.ap_auto.i8(i8 %data_589_V_read)"   --->   Operation 1465 'read' 'data_589_V_read_1' <Predicate = true> <Delay = 0.00>
ST_1 : Operation 1466 [1/1] (0.00ns)   --->   "%data_588_V_read_1 = call i8 @_ssdm_op_Read.ap_auto.i8(i8 %data_588_V_read)"   --->   Operation 1466 'read' 'data_588_V_read_1' <Predicate = true> <Delay = 0.00>
ST_1 : Operation 1467 [1/1] (0.00ns)   --->   "%data_587_V_read_1 = call i8 @_ssdm_op_Read.ap_auto.i8(i8 %data_587_V_read)"   --->   Operation 1467 'read' 'data_587_V_read_1' <Predicate = true> <Delay = 0.00>
ST_1 : Operation 1468 [1/1] (0.00ns)   --->   "%data_586_V_read_1 = call i8 @_ssdm_op_Read.ap_auto.i8(i8 %data_586_V_read)"   --->   Operation 1468 'read' 'data_586_V_read_1' <Predicate = true> <Delay = 0.00>
ST_1 : Operation 1469 [1/1] (0.00ns)   --->   "%data_585_V_read_1 = call i8 @_ssdm_op_Read.ap_auto.i8(i8 %data_585_V_read)"   --->   Operation 1469 'read' 'data_585_V_read_1' <Predicate = true> <Delay = 0.00>
ST_1 : Operation 1470 [1/1] (0.00ns)   --->   "%data_584_V_read_1 = call i8 @_ssdm_op_Read.ap_auto.i8(i8 %data_584_V_read)"   --->   Operation 1470 'read' 'data_584_V_read_1' <Predicate = true> <Delay = 0.00>
ST_1 : Operation 1471 [1/1] (0.00ns)   --->   "%data_583_V_read_1 = call i8 @_ssdm_op_Read.ap_auto.i8(i8 %data_583_V_read)"   --->   Operation 1471 'read' 'data_583_V_read_1' <Predicate = true> <Delay = 0.00>
ST_1 : Operation 1472 [1/1] (0.00ns)   --->   "%data_582_V_read_1 = call i8 @_ssdm_op_Read.ap_auto.i8(i8 %data_582_V_read)"   --->   Operation 1472 'read' 'data_582_V_read_1' <Predicate = true> <Delay = 0.00>
ST_1 : Operation 1473 [1/1] (0.00ns)   --->   "%data_581_V_read_1 = call i8 @_ssdm_op_Read.ap_auto.i8(i8 %data_581_V_read)"   --->   Operation 1473 'read' 'data_581_V_read_1' <Predicate = true> <Delay = 0.00>
ST_1 : Operation 1474 [1/1] (0.00ns)   --->   "%data_580_V_read_1 = call i8 @_ssdm_op_Read.ap_auto.i8(i8 %data_580_V_read)"   --->   Operation 1474 'read' 'data_580_V_read_1' <Predicate = true> <Delay = 0.00>
ST_1 : Operation 1475 [1/1] (0.00ns)   --->   "%data_579_V_read_1 = call i8 @_ssdm_op_Read.ap_auto.i8(i8 %data_579_V_read)"   --->   Operation 1475 'read' 'data_579_V_read_1' <Predicate = true> <Delay = 0.00>
ST_1 : Operation 1476 [1/1] (0.00ns)   --->   "%data_578_V_read_1 = call i8 @_ssdm_op_Read.ap_auto.i8(i8 %data_578_V_read)"   --->   Operation 1476 'read' 'data_578_V_read_1' <Predicate = true> <Delay = 0.00>
ST_1 : Operation 1477 [1/1] (0.00ns)   --->   "%data_577_V_read_1 = call i8 @_ssdm_op_Read.ap_auto.i8(i8 %data_577_V_read)"   --->   Operation 1477 'read' 'data_577_V_read_1' <Predicate = true> <Delay = 0.00>
ST_1 : Operation 1478 [1/1] (0.00ns)   --->   "%data_576_V_read_1 = call i8 @_ssdm_op_Read.ap_auto.i8(i8 %data_576_V_read)"   --->   Operation 1478 'read' 'data_576_V_read_1' <Predicate = true> <Delay = 0.00>
ST_1 : Operation 1479 [1/1] (0.00ns)   --->   "%data_575_V_read_1 = call i8 @_ssdm_op_Read.ap_auto.i8(i8 %data_575_V_read)"   --->   Operation 1479 'read' 'data_575_V_read_1' <Predicate = true> <Delay = 0.00>
ST_1 : Operation 1480 [1/1] (0.00ns)   --->   "%data_574_V_read_1 = call i8 @_ssdm_op_Read.ap_auto.i8(i8 %data_574_V_read)"   --->   Operation 1480 'read' 'data_574_V_read_1' <Predicate = true> <Delay = 0.00>
ST_1 : Operation 1481 [1/1] (0.00ns)   --->   "%data_573_V_read_1 = call i8 @_ssdm_op_Read.ap_auto.i8(i8 %data_573_V_read)"   --->   Operation 1481 'read' 'data_573_V_read_1' <Predicate = true> <Delay = 0.00>
ST_1 : Operation 1482 [1/1] (0.00ns)   --->   "%data_572_V_read_1 = call i8 @_ssdm_op_Read.ap_auto.i8(i8 %data_572_V_read)"   --->   Operation 1482 'read' 'data_572_V_read_1' <Predicate = true> <Delay = 0.00>
ST_1 : Operation 1483 [1/1] (0.00ns)   --->   "%data_571_V_read_1 = call i8 @_ssdm_op_Read.ap_auto.i8(i8 %data_571_V_read)"   --->   Operation 1483 'read' 'data_571_V_read_1' <Predicate = true> <Delay = 0.00>
ST_1 : Operation 1484 [1/1] (0.00ns)   --->   "%data_570_V_read_1 = call i8 @_ssdm_op_Read.ap_auto.i8(i8 %data_570_V_read)"   --->   Operation 1484 'read' 'data_570_V_read_1' <Predicate = true> <Delay = 0.00>
ST_1 : Operation 1485 [1/1] (0.00ns)   --->   "%data_569_V_read_1 = call i8 @_ssdm_op_Read.ap_auto.i8(i8 %data_569_V_read)"   --->   Operation 1485 'read' 'data_569_V_read_1' <Predicate = true> <Delay = 0.00>
ST_1 : Operation 1486 [1/1] (0.00ns)   --->   "%data_568_V_read_1 = call i8 @_ssdm_op_Read.ap_auto.i8(i8 %data_568_V_read)"   --->   Operation 1486 'read' 'data_568_V_read_1' <Predicate = true> <Delay = 0.00>
ST_1 : Operation 1487 [1/1] (0.00ns)   --->   "%data_567_V_read_1 = call i8 @_ssdm_op_Read.ap_auto.i8(i8 %data_567_V_read)"   --->   Operation 1487 'read' 'data_567_V_read_1' <Predicate = true> <Delay = 0.00>
ST_1 : Operation 1488 [1/1] (0.00ns)   --->   "%data_566_V_read_1 = call i8 @_ssdm_op_Read.ap_auto.i8(i8 %data_566_V_read)"   --->   Operation 1488 'read' 'data_566_V_read_1' <Predicate = true> <Delay = 0.00>
ST_1 : Operation 1489 [1/1] (0.00ns)   --->   "%data_565_V_read_1 = call i8 @_ssdm_op_Read.ap_auto.i8(i8 %data_565_V_read)"   --->   Operation 1489 'read' 'data_565_V_read_1' <Predicate = true> <Delay = 0.00>
ST_1 : Operation 1490 [1/1] (0.00ns)   --->   "%data_564_V_read_1 = call i8 @_ssdm_op_Read.ap_auto.i8(i8 %data_564_V_read)"   --->   Operation 1490 'read' 'data_564_V_read_1' <Predicate = true> <Delay = 0.00>
ST_1 : Operation 1491 [1/1] (0.00ns)   --->   "%data_563_V_read_1 = call i8 @_ssdm_op_Read.ap_auto.i8(i8 %data_563_V_read)"   --->   Operation 1491 'read' 'data_563_V_read_1' <Predicate = true> <Delay = 0.00>
ST_1 : Operation 1492 [1/1] (0.00ns)   --->   "%data_562_V_read_1 = call i8 @_ssdm_op_Read.ap_auto.i8(i8 %data_562_V_read)"   --->   Operation 1492 'read' 'data_562_V_read_1' <Predicate = true> <Delay = 0.00>
ST_1 : Operation 1493 [1/1] (0.00ns)   --->   "%data_561_V_read_1 = call i8 @_ssdm_op_Read.ap_auto.i8(i8 %data_561_V_read)"   --->   Operation 1493 'read' 'data_561_V_read_1' <Predicate = true> <Delay = 0.00>
ST_1 : Operation 1494 [1/1] (0.00ns)   --->   "%data_560_V_read_1 = call i8 @_ssdm_op_Read.ap_auto.i8(i8 %data_560_V_read)"   --->   Operation 1494 'read' 'data_560_V_read_1' <Predicate = true> <Delay = 0.00>
ST_1 : Operation 1495 [1/1] (0.00ns)   --->   "%data_559_V_read_1 = call i8 @_ssdm_op_Read.ap_auto.i8(i8 %data_559_V_read)"   --->   Operation 1495 'read' 'data_559_V_read_1' <Predicate = true> <Delay = 0.00>
ST_1 : Operation 1496 [1/1] (0.00ns)   --->   "%data_558_V_read_1 = call i8 @_ssdm_op_Read.ap_auto.i8(i8 %data_558_V_read)"   --->   Operation 1496 'read' 'data_558_V_read_1' <Predicate = true> <Delay = 0.00>
ST_1 : Operation 1497 [1/1] (0.00ns)   --->   "%data_557_V_read_1 = call i8 @_ssdm_op_Read.ap_auto.i8(i8 %data_557_V_read)"   --->   Operation 1497 'read' 'data_557_V_read_1' <Predicate = true> <Delay = 0.00>
ST_1 : Operation 1498 [1/1] (0.00ns)   --->   "%data_556_V_read_1 = call i8 @_ssdm_op_Read.ap_auto.i8(i8 %data_556_V_read)"   --->   Operation 1498 'read' 'data_556_V_read_1' <Predicate = true> <Delay = 0.00>
ST_1 : Operation 1499 [1/1] (0.00ns)   --->   "%data_555_V_read_1 = call i8 @_ssdm_op_Read.ap_auto.i8(i8 %data_555_V_read)"   --->   Operation 1499 'read' 'data_555_V_read_1' <Predicate = true> <Delay = 0.00>
ST_1 : Operation 1500 [1/1] (0.00ns)   --->   "%data_554_V_read_1 = call i8 @_ssdm_op_Read.ap_auto.i8(i8 %data_554_V_read)"   --->   Operation 1500 'read' 'data_554_V_read_1' <Predicate = true> <Delay = 0.00>
ST_1 : Operation 1501 [1/1] (0.00ns)   --->   "%data_553_V_read_1 = call i8 @_ssdm_op_Read.ap_auto.i8(i8 %data_553_V_read)"   --->   Operation 1501 'read' 'data_553_V_read_1' <Predicate = true> <Delay = 0.00>
ST_1 : Operation 1502 [1/1] (0.00ns)   --->   "%data_552_V_read_1 = call i8 @_ssdm_op_Read.ap_auto.i8(i8 %data_552_V_read)"   --->   Operation 1502 'read' 'data_552_V_read_1' <Predicate = true> <Delay = 0.00>
ST_1 : Operation 1503 [1/1] (0.00ns)   --->   "%data_551_V_read_1 = call i8 @_ssdm_op_Read.ap_auto.i8(i8 %data_551_V_read)"   --->   Operation 1503 'read' 'data_551_V_read_1' <Predicate = true> <Delay = 0.00>
ST_1 : Operation 1504 [1/1] (0.00ns)   --->   "%data_550_V_read_1 = call i8 @_ssdm_op_Read.ap_auto.i8(i8 %data_550_V_read)"   --->   Operation 1504 'read' 'data_550_V_read_1' <Predicate = true> <Delay = 0.00>
ST_1 : Operation 1505 [1/1] (0.00ns)   --->   "%data_549_V_read_1 = call i8 @_ssdm_op_Read.ap_auto.i8(i8 %data_549_V_read)"   --->   Operation 1505 'read' 'data_549_V_read_1' <Predicate = true> <Delay = 0.00>
ST_1 : Operation 1506 [1/1] (0.00ns)   --->   "%data_548_V_read_1 = call i8 @_ssdm_op_Read.ap_auto.i8(i8 %data_548_V_read)"   --->   Operation 1506 'read' 'data_548_V_read_1' <Predicate = true> <Delay = 0.00>
ST_1 : Operation 1507 [1/1] (0.00ns)   --->   "%data_547_V_read_1 = call i8 @_ssdm_op_Read.ap_auto.i8(i8 %data_547_V_read)"   --->   Operation 1507 'read' 'data_547_V_read_1' <Predicate = true> <Delay = 0.00>
ST_1 : Operation 1508 [1/1] (0.00ns)   --->   "%data_546_V_read_1 = call i8 @_ssdm_op_Read.ap_auto.i8(i8 %data_546_V_read)"   --->   Operation 1508 'read' 'data_546_V_read_1' <Predicate = true> <Delay = 0.00>
ST_1 : Operation 1509 [1/1] (0.00ns)   --->   "%data_545_V_read_1 = call i8 @_ssdm_op_Read.ap_auto.i8(i8 %data_545_V_read)"   --->   Operation 1509 'read' 'data_545_V_read_1' <Predicate = true> <Delay = 0.00>
ST_1 : Operation 1510 [1/1] (0.00ns)   --->   "%data_544_V_read_1 = call i8 @_ssdm_op_Read.ap_auto.i8(i8 %data_544_V_read)"   --->   Operation 1510 'read' 'data_544_V_read_1' <Predicate = true> <Delay = 0.00>
ST_1 : Operation 1511 [1/1] (0.00ns)   --->   "%data_543_V_read_1 = call i8 @_ssdm_op_Read.ap_auto.i8(i8 %data_543_V_read)"   --->   Operation 1511 'read' 'data_543_V_read_1' <Predicate = true> <Delay = 0.00>
ST_1 : Operation 1512 [1/1] (0.00ns)   --->   "%data_542_V_read_1 = call i8 @_ssdm_op_Read.ap_auto.i8(i8 %data_542_V_read)"   --->   Operation 1512 'read' 'data_542_V_read_1' <Predicate = true> <Delay = 0.00>
ST_1 : Operation 1513 [1/1] (0.00ns)   --->   "%data_541_V_read_1 = call i8 @_ssdm_op_Read.ap_auto.i8(i8 %data_541_V_read)"   --->   Operation 1513 'read' 'data_541_V_read_1' <Predicate = true> <Delay = 0.00>
ST_1 : Operation 1514 [1/1] (0.00ns)   --->   "%data_540_V_read_1 = call i8 @_ssdm_op_Read.ap_auto.i8(i8 %data_540_V_read)"   --->   Operation 1514 'read' 'data_540_V_read_1' <Predicate = true> <Delay = 0.00>
ST_1 : Operation 1515 [1/1] (0.00ns)   --->   "%data_539_V_read_1 = call i8 @_ssdm_op_Read.ap_auto.i8(i8 %data_539_V_read)"   --->   Operation 1515 'read' 'data_539_V_read_1' <Predicate = true> <Delay = 0.00>
ST_1 : Operation 1516 [1/1] (0.00ns)   --->   "%data_538_V_read_1 = call i8 @_ssdm_op_Read.ap_auto.i8(i8 %data_538_V_read)"   --->   Operation 1516 'read' 'data_538_V_read_1' <Predicate = true> <Delay = 0.00>
ST_1 : Operation 1517 [1/1] (0.00ns)   --->   "%data_537_V_read_1 = call i8 @_ssdm_op_Read.ap_auto.i8(i8 %data_537_V_read)"   --->   Operation 1517 'read' 'data_537_V_read_1' <Predicate = true> <Delay = 0.00>
ST_1 : Operation 1518 [1/1] (0.00ns)   --->   "%data_536_V_read_1 = call i8 @_ssdm_op_Read.ap_auto.i8(i8 %data_536_V_read)"   --->   Operation 1518 'read' 'data_536_V_read_1' <Predicate = true> <Delay = 0.00>
ST_1 : Operation 1519 [1/1] (0.00ns)   --->   "%data_535_V_read_1 = call i8 @_ssdm_op_Read.ap_auto.i8(i8 %data_535_V_read)"   --->   Operation 1519 'read' 'data_535_V_read_1' <Predicate = true> <Delay = 0.00>
ST_1 : Operation 1520 [1/1] (0.00ns)   --->   "%data_534_V_read_1 = call i8 @_ssdm_op_Read.ap_auto.i8(i8 %data_534_V_read)"   --->   Operation 1520 'read' 'data_534_V_read_1' <Predicate = true> <Delay = 0.00>
ST_1 : Operation 1521 [1/1] (0.00ns)   --->   "%data_533_V_read_1 = call i8 @_ssdm_op_Read.ap_auto.i8(i8 %data_533_V_read)"   --->   Operation 1521 'read' 'data_533_V_read_1' <Predicate = true> <Delay = 0.00>
ST_1 : Operation 1522 [1/1] (0.00ns)   --->   "%data_532_V_read_1 = call i8 @_ssdm_op_Read.ap_auto.i8(i8 %data_532_V_read)"   --->   Operation 1522 'read' 'data_532_V_read_1' <Predicate = true> <Delay = 0.00>
ST_1 : Operation 1523 [1/1] (0.00ns)   --->   "%data_531_V_read_1 = call i8 @_ssdm_op_Read.ap_auto.i8(i8 %data_531_V_read)"   --->   Operation 1523 'read' 'data_531_V_read_1' <Predicate = true> <Delay = 0.00>
ST_1 : Operation 1524 [1/1] (0.00ns)   --->   "%data_530_V_read_1 = call i8 @_ssdm_op_Read.ap_auto.i8(i8 %data_530_V_read)"   --->   Operation 1524 'read' 'data_530_V_read_1' <Predicate = true> <Delay = 0.00>
ST_1 : Operation 1525 [1/1] (0.00ns)   --->   "%data_529_V_read_1 = call i8 @_ssdm_op_Read.ap_auto.i8(i8 %data_529_V_read)"   --->   Operation 1525 'read' 'data_529_V_read_1' <Predicate = true> <Delay = 0.00>
ST_1 : Operation 1526 [1/1] (0.00ns)   --->   "%data_528_V_read_1 = call i8 @_ssdm_op_Read.ap_auto.i8(i8 %data_528_V_read)"   --->   Operation 1526 'read' 'data_528_V_read_1' <Predicate = true> <Delay = 0.00>
ST_1 : Operation 1527 [1/1] (0.00ns)   --->   "%data_527_V_read_1 = call i8 @_ssdm_op_Read.ap_auto.i8(i8 %data_527_V_read)"   --->   Operation 1527 'read' 'data_527_V_read_1' <Predicate = true> <Delay = 0.00>
ST_1 : Operation 1528 [1/1] (0.00ns)   --->   "%data_526_V_read_1 = call i8 @_ssdm_op_Read.ap_auto.i8(i8 %data_526_V_read)"   --->   Operation 1528 'read' 'data_526_V_read_1' <Predicate = true> <Delay = 0.00>
ST_1 : Operation 1529 [1/1] (0.00ns)   --->   "%data_525_V_read_1 = call i8 @_ssdm_op_Read.ap_auto.i8(i8 %data_525_V_read)"   --->   Operation 1529 'read' 'data_525_V_read_1' <Predicate = true> <Delay = 0.00>
ST_1 : Operation 1530 [1/1] (0.00ns)   --->   "%data_524_V_read_1 = call i8 @_ssdm_op_Read.ap_auto.i8(i8 %data_524_V_read)"   --->   Operation 1530 'read' 'data_524_V_read_1' <Predicate = true> <Delay = 0.00>
ST_1 : Operation 1531 [1/1] (0.00ns)   --->   "%data_523_V_read_1 = call i8 @_ssdm_op_Read.ap_auto.i8(i8 %data_523_V_read)"   --->   Operation 1531 'read' 'data_523_V_read_1' <Predicate = true> <Delay = 0.00>
ST_1 : Operation 1532 [1/1] (0.00ns)   --->   "%data_522_V_read_1 = call i8 @_ssdm_op_Read.ap_auto.i8(i8 %data_522_V_read)"   --->   Operation 1532 'read' 'data_522_V_read_1' <Predicate = true> <Delay = 0.00>
ST_1 : Operation 1533 [1/1] (0.00ns)   --->   "%data_521_V_read_1 = call i8 @_ssdm_op_Read.ap_auto.i8(i8 %data_521_V_read)"   --->   Operation 1533 'read' 'data_521_V_read_1' <Predicate = true> <Delay = 0.00>
ST_1 : Operation 1534 [1/1] (0.00ns)   --->   "%data_520_V_read_1 = call i8 @_ssdm_op_Read.ap_auto.i8(i8 %data_520_V_read)"   --->   Operation 1534 'read' 'data_520_V_read_1' <Predicate = true> <Delay = 0.00>
ST_1 : Operation 1535 [1/1] (0.00ns)   --->   "%data_519_V_read_1 = call i8 @_ssdm_op_Read.ap_auto.i8(i8 %data_519_V_read)"   --->   Operation 1535 'read' 'data_519_V_read_1' <Predicate = true> <Delay = 0.00>
ST_1 : Operation 1536 [1/1] (0.00ns)   --->   "%data_518_V_read_1 = call i8 @_ssdm_op_Read.ap_auto.i8(i8 %data_518_V_read)"   --->   Operation 1536 'read' 'data_518_V_read_1' <Predicate = true> <Delay = 0.00>
ST_1 : Operation 1537 [1/1] (0.00ns)   --->   "%data_517_V_read_1 = call i8 @_ssdm_op_Read.ap_auto.i8(i8 %data_517_V_read)"   --->   Operation 1537 'read' 'data_517_V_read_1' <Predicate = true> <Delay = 0.00>
ST_1 : Operation 1538 [1/1] (0.00ns)   --->   "%data_516_V_read_1 = call i8 @_ssdm_op_Read.ap_auto.i8(i8 %data_516_V_read)"   --->   Operation 1538 'read' 'data_516_V_read_1' <Predicate = true> <Delay = 0.00>
ST_1 : Operation 1539 [1/1] (0.00ns)   --->   "%data_515_V_read_1 = call i8 @_ssdm_op_Read.ap_auto.i8(i8 %data_515_V_read)"   --->   Operation 1539 'read' 'data_515_V_read_1' <Predicate = true> <Delay = 0.00>
ST_1 : Operation 1540 [1/1] (0.00ns)   --->   "%data_514_V_read_1 = call i8 @_ssdm_op_Read.ap_auto.i8(i8 %data_514_V_read)"   --->   Operation 1540 'read' 'data_514_V_read_1' <Predicate = true> <Delay = 0.00>
ST_1 : Operation 1541 [1/1] (0.00ns)   --->   "%data_513_V_read_1 = call i8 @_ssdm_op_Read.ap_auto.i8(i8 %data_513_V_read)"   --->   Operation 1541 'read' 'data_513_V_read_1' <Predicate = true> <Delay = 0.00>
ST_1 : Operation 1542 [1/1] (0.00ns)   --->   "%data_512_V_read_1 = call i8 @_ssdm_op_Read.ap_auto.i8(i8 %data_512_V_read)"   --->   Operation 1542 'read' 'data_512_V_read_1' <Predicate = true> <Delay = 0.00>
ST_1 : Operation 1543 [1/1] (0.00ns)   --->   "%data_511_V_read_1 = call i8 @_ssdm_op_Read.ap_auto.i8(i8 %data_511_V_read)"   --->   Operation 1543 'read' 'data_511_V_read_1' <Predicate = true> <Delay = 0.00>
ST_1 : Operation 1544 [1/1] (0.00ns)   --->   "%data_510_V_read_1 = call i8 @_ssdm_op_Read.ap_auto.i8(i8 %data_510_V_read)"   --->   Operation 1544 'read' 'data_510_V_read_1' <Predicate = true> <Delay = 0.00>
ST_1 : Operation 1545 [1/1] (0.00ns)   --->   "%data_509_V_read_1 = call i8 @_ssdm_op_Read.ap_auto.i8(i8 %data_509_V_read)"   --->   Operation 1545 'read' 'data_509_V_read_1' <Predicate = true> <Delay = 0.00>
ST_1 : Operation 1546 [1/1] (0.00ns)   --->   "%data_508_V_read_1 = call i8 @_ssdm_op_Read.ap_auto.i8(i8 %data_508_V_read)"   --->   Operation 1546 'read' 'data_508_V_read_1' <Predicate = true> <Delay = 0.00>
ST_1 : Operation 1547 [1/1] (0.00ns)   --->   "%data_507_V_read_1 = call i8 @_ssdm_op_Read.ap_auto.i8(i8 %data_507_V_read)"   --->   Operation 1547 'read' 'data_507_V_read_1' <Predicate = true> <Delay = 0.00>
ST_1 : Operation 1548 [1/1] (0.00ns)   --->   "%data_506_V_read_1 = call i8 @_ssdm_op_Read.ap_auto.i8(i8 %data_506_V_read)"   --->   Operation 1548 'read' 'data_506_V_read_1' <Predicate = true> <Delay = 0.00>
ST_1 : Operation 1549 [1/1] (0.00ns)   --->   "%data_505_V_read_1 = call i8 @_ssdm_op_Read.ap_auto.i8(i8 %data_505_V_read)"   --->   Operation 1549 'read' 'data_505_V_read_1' <Predicate = true> <Delay = 0.00>
ST_1 : Operation 1550 [1/1] (0.00ns)   --->   "%data_504_V_read_1 = call i8 @_ssdm_op_Read.ap_auto.i8(i8 %data_504_V_read)"   --->   Operation 1550 'read' 'data_504_V_read_1' <Predicate = true> <Delay = 0.00>
ST_1 : Operation 1551 [1/1] (0.00ns)   --->   "%data_503_V_read_1 = call i8 @_ssdm_op_Read.ap_auto.i8(i8 %data_503_V_read)"   --->   Operation 1551 'read' 'data_503_V_read_1' <Predicate = true> <Delay = 0.00>
ST_1 : Operation 1552 [1/1] (0.00ns)   --->   "%data_502_V_read_1 = call i8 @_ssdm_op_Read.ap_auto.i8(i8 %data_502_V_read)"   --->   Operation 1552 'read' 'data_502_V_read_1' <Predicate = true> <Delay = 0.00>
ST_1 : Operation 1553 [1/1] (0.00ns)   --->   "%data_501_V_read_1 = call i8 @_ssdm_op_Read.ap_auto.i8(i8 %data_501_V_read)"   --->   Operation 1553 'read' 'data_501_V_read_1' <Predicate = true> <Delay = 0.00>
ST_1 : Operation 1554 [1/1] (0.00ns)   --->   "%data_500_V_read_1 = call i8 @_ssdm_op_Read.ap_auto.i8(i8 %data_500_V_read)"   --->   Operation 1554 'read' 'data_500_V_read_1' <Predicate = true> <Delay = 0.00>
ST_1 : Operation 1555 [1/1] (0.00ns)   --->   "%data_499_V_read_1 = call i8 @_ssdm_op_Read.ap_auto.i8(i8 %data_499_V_read)"   --->   Operation 1555 'read' 'data_499_V_read_1' <Predicate = true> <Delay = 0.00>
ST_1 : Operation 1556 [1/1] (0.00ns)   --->   "%data_498_V_read_1 = call i8 @_ssdm_op_Read.ap_auto.i8(i8 %data_498_V_read)"   --->   Operation 1556 'read' 'data_498_V_read_1' <Predicate = true> <Delay = 0.00>
ST_1 : Operation 1557 [1/1] (0.00ns)   --->   "%data_497_V_read_1 = call i8 @_ssdm_op_Read.ap_auto.i8(i8 %data_497_V_read)"   --->   Operation 1557 'read' 'data_497_V_read_1' <Predicate = true> <Delay = 0.00>
ST_1 : Operation 1558 [1/1] (0.00ns)   --->   "%data_496_V_read_1 = call i8 @_ssdm_op_Read.ap_auto.i8(i8 %data_496_V_read)"   --->   Operation 1558 'read' 'data_496_V_read_1' <Predicate = true> <Delay = 0.00>
ST_1 : Operation 1559 [1/1] (0.00ns)   --->   "%data_495_V_read_1 = call i8 @_ssdm_op_Read.ap_auto.i8(i8 %data_495_V_read)"   --->   Operation 1559 'read' 'data_495_V_read_1' <Predicate = true> <Delay = 0.00>
ST_1 : Operation 1560 [1/1] (0.00ns)   --->   "%data_494_V_read_1 = call i8 @_ssdm_op_Read.ap_auto.i8(i8 %data_494_V_read)"   --->   Operation 1560 'read' 'data_494_V_read_1' <Predicate = true> <Delay = 0.00>
ST_1 : Operation 1561 [1/1] (0.00ns)   --->   "%data_493_V_read_1 = call i8 @_ssdm_op_Read.ap_auto.i8(i8 %data_493_V_read)"   --->   Operation 1561 'read' 'data_493_V_read_1' <Predicate = true> <Delay = 0.00>
ST_1 : Operation 1562 [1/1] (0.00ns)   --->   "%data_492_V_read_1 = call i8 @_ssdm_op_Read.ap_auto.i8(i8 %data_492_V_read)"   --->   Operation 1562 'read' 'data_492_V_read_1' <Predicate = true> <Delay = 0.00>
ST_1 : Operation 1563 [1/1] (0.00ns)   --->   "%data_491_V_read_1 = call i8 @_ssdm_op_Read.ap_auto.i8(i8 %data_491_V_read)"   --->   Operation 1563 'read' 'data_491_V_read_1' <Predicate = true> <Delay = 0.00>
ST_1 : Operation 1564 [1/1] (0.00ns)   --->   "%data_490_V_read_1 = call i8 @_ssdm_op_Read.ap_auto.i8(i8 %data_490_V_read)"   --->   Operation 1564 'read' 'data_490_V_read_1' <Predicate = true> <Delay = 0.00>
ST_1 : Operation 1565 [1/1] (0.00ns)   --->   "%data_489_V_read_1 = call i8 @_ssdm_op_Read.ap_auto.i8(i8 %data_489_V_read)"   --->   Operation 1565 'read' 'data_489_V_read_1' <Predicate = true> <Delay = 0.00>
ST_1 : Operation 1566 [1/1] (0.00ns)   --->   "%data_488_V_read_1 = call i8 @_ssdm_op_Read.ap_auto.i8(i8 %data_488_V_read)"   --->   Operation 1566 'read' 'data_488_V_read_1' <Predicate = true> <Delay = 0.00>
ST_1 : Operation 1567 [1/1] (0.00ns)   --->   "%data_487_V_read_1 = call i8 @_ssdm_op_Read.ap_auto.i8(i8 %data_487_V_read)"   --->   Operation 1567 'read' 'data_487_V_read_1' <Predicate = true> <Delay = 0.00>
ST_1 : Operation 1568 [1/1] (0.00ns)   --->   "%data_486_V_read_1 = call i8 @_ssdm_op_Read.ap_auto.i8(i8 %data_486_V_read)"   --->   Operation 1568 'read' 'data_486_V_read_1' <Predicate = true> <Delay = 0.00>
ST_1 : Operation 1569 [1/1] (0.00ns)   --->   "%data_485_V_read_1 = call i8 @_ssdm_op_Read.ap_auto.i8(i8 %data_485_V_read)"   --->   Operation 1569 'read' 'data_485_V_read_1' <Predicate = true> <Delay = 0.00>
ST_1 : Operation 1570 [1/1] (0.00ns)   --->   "%data_484_V_read_1 = call i8 @_ssdm_op_Read.ap_auto.i8(i8 %data_484_V_read)"   --->   Operation 1570 'read' 'data_484_V_read_1' <Predicate = true> <Delay = 0.00>
ST_1 : Operation 1571 [1/1] (0.00ns)   --->   "%data_483_V_read_1 = call i8 @_ssdm_op_Read.ap_auto.i8(i8 %data_483_V_read)"   --->   Operation 1571 'read' 'data_483_V_read_1' <Predicate = true> <Delay = 0.00>
ST_1 : Operation 1572 [1/1] (0.00ns)   --->   "%data_482_V_read_1 = call i8 @_ssdm_op_Read.ap_auto.i8(i8 %data_482_V_read)"   --->   Operation 1572 'read' 'data_482_V_read_1' <Predicate = true> <Delay = 0.00>
ST_1 : Operation 1573 [1/1] (0.00ns)   --->   "%data_481_V_read_1 = call i8 @_ssdm_op_Read.ap_auto.i8(i8 %data_481_V_read)"   --->   Operation 1573 'read' 'data_481_V_read_1' <Predicate = true> <Delay = 0.00>
ST_1 : Operation 1574 [1/1] (0.00ns)   --->   "%data_480_V_read_1 = call i8 @_ssdm_op_Read.ap_auto.i8(i8 %data_480_V_read)"   --->   Operation 1574 'read' 'data_480_V_read_1' <Predicate = true> <Delay = 0.00>
ST_1 : Operation 1575 [1/1] (0.00ns)   --->   "%data_479_V_read_1 = call i8 @_ssdm_op_Read.ap_auto.i8(i8 %data_479_V_read)"   --->   Operation 1575 'read' 'data_479_V_read_1' <Predicate = true> <Delay = 0.00>
ST_1 : Operation 1576 [1/1] (0.00ns)   --->   "%data_478_V_read_1 = call i8 @_ssdm_op_Read.ap_auto.i8(i8 %data_478_V_read)"   --->   Operation 1576 'read' 'data_478_V_read_1' <Predicate = true> <Delay = 0.00>
ST_1 : Operation 1577 [1/1] (0.00ns)   --->   "%data_477_V_read_1 = call i8 @_ssdm_op_Read.ap_auto.i8(i8 %data_477_V_read)"   --->   Operation 1577 'read' 'data_477_V_read_1' <Predicate = true> <Delay = 0.00>
ST_1 : Operation 1578 [1/1] (0.00ns)   --->   "%data_476_V_read_1 = call i8 @_ssdm_op_Read.ap_auto.i8(i8 %data_476_V_read)"   --->   Operation 1578 'read' 'data_476_V_read_1' <Predicate = true> <Delay = 0.00>
ST_1 : Operation 1579 [1/1] (0.00ns)   --->   "%data_475_V_read_1 = call i8 @_ssdm_op_Read.ap_auto.i8(i8 %data_475_V_read)"   --->   Operation 1579 'read' 'data_475_V_read_1' <Predicate = true> <Delay = 0.00>
ST_1 : Operation 1580 [1/1] (0.00ns)   --->   "%data_474_V_read_1 = call i8 @_ssdm_op_Read.ap_auto.i8(i8 %data_474_V_read)"   --->   Operation 1580 'read' 'data_474_V_read_1' <Predicate = true> <Delay = 0.00>
ST_1 : Operation 1581 [1/1] (0.00ns)   --->   "%data_473_V_read_1 = call i8 @_ssdm_op_Read.ap_auto.i8(i8 %data_473_V_read)"   --->   Operation 1581 'read' 'data_473_V_read_1' <Predicate = true> <Delay = 0.00>
ST_1 : Operation 1582 [1/1] (0.00ns)   --->   "%data_472_V_read_1 = call i8 @_ssdm_op_Read.ap_auto.i8(i8 %data_472_V_read)"   --->   Operation 1582 'read' 'data_472_V_read_1' <Predicate = true> <Delay = 0.00>
ST_1 : Operation 1583 [1/1] (0.00ns)   --->   "%data_471_V_read_1 = call i8 @_ssdm_op_Read.ap_auto.i8(i8 %data_471_V_read)"   --->   Operation 1583 'read' 'data_471_V_read_1' <Predicate = true> <Delay = 0.00>
ST_1 : Operation 1584 [1/1] (0.00ns)   --->   "%data_470_V_read_1 = call i8 @_ssdm_op_Read.ap_auto.i8(i8 %data_470_V_read)"   --->   Operation 1584 'read' 'data_470_V_read_1' <Predicate = true> <Delay = 0.00>
ST_1 : Operation 1585 [1/1] (0.00ns)   --->   "%data_469_V_read_1 = call i8 @_ssdm_op_Read.ap_auto.i8(i8 %data_469_V_read)"   --->   Operation 1585 'read' 'data_469_V_read_1' <Predicate = true> <Delay = 0.00>
ST_1 : Operation 1586 [1/1] (0.00ns)   --->   "%data_468_V_read_1 = call i8 @_ssdm_op_Read.ap_auto.i8(i8 %data_468_V_read)"   --->   Operation 1586 'read' 'data_468_V_read_1' <Predicate = true> <Delay = 0.00>
ST_1 : Operation 1587 [1/1] (0.00ns)   --->   "%data_467_V_read_1 = call i8 @_ssdm_op_Read.ap_auto.i8(i8 %data_467_V_read)"   --->   Operation 1587 'read' 'data_467_V_read_1' <Predicate = true> <Delay = 0.00>
ST_1 : Operation 1588 [1/1] (0.00ns)   --->   "%data_466_V_read_1 = call i8 @_ssdm_op_Read.ap_auto.i8(i8 %data_466_V_read)"   --->   Operation 1588 'read' 'data_466_V_read_1' <Predicate = true> <Delay = 0.00>
ST_1 : Operation 1589 [1/1] (0.00ns)   --->   "%data_465_V_read_1 = call i8 @_ssdm_op_Read.ap_auto.i8(i8 %data_465_V_read)"   --->   Operation 1589 'read' 'data_465_V_read_1' <Predicate = true> <Delay = 0.00>
ST_1 : Operation 1590 [1/1] (0.00ns)   --->   "%data_464_V_read_1 = call i8 @_ssdm_op_Read.ap_auto.i8(i8 %data_464_V_read)"   --->   Operation 1590 'read' 'data_464_V_read_1' <Predicate = true> <Delay = 0.00>
ST_1 : Operation 1591 [1/1] (0.00ns)   --->   "%data_463_V_read_1 = call i8 @_ssdm_op_Read.ap_auto.i8(i8 %data_463_V_read)"   --->   Operation 1591 'read' 'data_463_V_read_1' <Predicate = true> <Delay = 0.00>
ST_1 : Operation 1592 [1/1] (0.00ns)   --->   "%data_462_V_read_1 = call i8 @_ssdm_op_Read.ap_auto.i8(i8 %data_462_V_read)"   --->   Operation 1592 'read' 'data_462_V_read_1' <Predicate = true> <Delay = 0.00>
ST_1 : Operation 1593 [1/1] (0.00ns)   --->   "%data_461_V_read_1 = call i8 @_ssdm_op_Read.ap_auto.i8(i8 %data_461_V_read)"   --->   Operation 1593 'read' 'data_461_V_read_1' <Predicate = true> <Delay = 0.00>
ST_1 : Operation 1594 [1/1] (0.00ns)   --->   "%data_460_V_read_1 = call i8 @_ssdm_op_Read.ap_auto.i8(i8 %data_460_V_read)"   --->   Operation 1594 'read' 'data_460_V_read_1' <Predicate = true> <Delay = 0.00>
ST_1 : Operation 1595 [1/1] (0.00ns)   --->   "%data_459_V_read_1 = call i8 @_ssdm_op_Read.ap_auto.i8(i8 %data_459_V_read)"   --->   Operation 1595 'read' 'data_459_V_read_1' <Predicate = true> <Delay = 0.00>
ST_1 : Operation 1596 [1/1] (0.00ns)   --->   "%data_458_V_read_1 = call i8 @_ssdm_op_Read.ap_auto.i8(i8 %data_458_V_read)"   --->   Operation 1596 'read' 'data_458_V_read_1' <Predicate = true> <Delay = 0.00>
ST_1 : Operation 1597 [1/1] (0.00ns)   --->   "%data_457_V_read_1 = call i8 @_ssdm_op_Read.ap_auto.i8(i8 %data_457_V_read)"   --->   Operation 1597 'read' 'data_457_V_read_1' <Predicate = true> <Delay = 0.00>
ST_1 : Operation 1598 [1/1] (0.00ns)   --->   "%data_456_V_read_1 = call i8 @_ssdm_op_Read.ap_auto.i8(i8 %data_456_V_read)"   --->   Operation 1598 'read' 'data_456_V_read_1' <Predicate = true> <Delay = 0.00>
ST_1 : Operation 1599 [1/1] (0.00ns)   --->   "%data_455_V_read_1 = call i8 @_ssdm_op_Read.ap_auto.i8(i8 %data_455_V_read)"   --->   Operation 1599 'read' 'data_455_V_read_1' <Predicate = true> <Delay = 0.00>
ST_1 : Operation 1600 [1/1] (0.00ns)   --->   "%data_454_V_read_1 = call i8 @_ssdm_op_Read.ap_auto.i8(i8 %data_454_V_read)"   --->   Operation 1600 'read' 'data_454_V_read_1' <Predicate = true> <Delay = 0.00>
ST_1 : Operation 1601 [1/1] (0.00ns)   --->   "%data_453_V_read_1 = call i8 @_ssdm_op_Read.ap_auto.i8(i8 %data_453_V_read)"   --->   Operation 1601 'read' 'data_453_V_read_1' <Predicate = true> <Delay = 0.00>
ST_1 : Operation 1602 [1/1] (0.00ns)   --->   "%data_452_V_read_1 = call i8 @_ssdm_op_Read.ap_auto.i8(i8 %data_452_V_read)"   --->   Operation 1602 'read' 'data_452_V_read_1' <Predicate = true> <Delay = 0.00>
ST_1 : Operation 1603 [1/1] (0.00ns)   --->   "%data_451_V_read_1 = call i8 @_ssdm_op_Read.ap_auto.i8(i8 %data_451_V_read)"   --->   Operation 1603 'read' 'data_451_V_read_1' <Predicate = true> <Delay = 0.00>
ST_1 : Operation 1604 [1/1] (0.00ns)   --->   "%data_450_V_read_1 = call i8 @_ssdm_op_Read.ap_auto.i8(i8 %data_450_V_read)"   --->   Operation 1604 'read' 'data_450_V_read_1' <Predicate = true> <Delay = 0.00>
ST_1 : Operation 1605 [1/1] (0.00ns)   --->   "%data_449_V_read_1 = call i8 @_ssdm_op_Read.ap_auto.i8(i8 %data_449_V_read)"   --->   Operation 1605 'read' 'data_449_V_read_1' <Predicate = true> <Delay = 0.00>
ST_1 : Operation 1606 [1/1] (0.00ns)   --->   "%data_448_V_read_1 = call i8 @_ssdm_op_Read.ap_auto.i8(i8 %data_448_V_read)"   --->   Operation 1606 'read' 'data_448_V_read_1' <Predicate = true> <Delay = 0.00>
ST_1 : Operation 1607 [1/1] (0.00ns)   --->   "%data_447_V_read_1 = call i8 @_ssdm_op_Read.ap_auto.i8(i8 %data_447_V_read)"   --->   Operation 1607 'read' 'data_447_V_read_1' <Predicate = true> <Delay = 0.00>
ST_1 : Operation 1608 [1/1] (0.00ns)   --->   "%data_446_V_read_1 = call i8 @_ssdm_op_Read.ap_auto.i8(i8 %data_446_V_read)"   --->   Operation 1608 'read' 'data_446_V_read_1' <Predicate = true> <Delay = 0.00>
ST_1 : Operation 1609 [1/1] (0.00ns)   --->   "%data_445_V_read_1 = call i8 @_ssdm_op_Read.ap_auto.i8(i8 %data_445_V_read)"   --->   Operation 1609 'read' 'data_445_V_read_1' <Predicate = true> <Delay = 0.00>
ST_1 : Operation 1610 [1/1] (0.00ns)   --->   "%data_444_V_read_1 = call i8 @_ssdm_op_Read.ap_auto.i8(i8 %data_444_V_read)"   --->   Operation 1610 'read' 'data_444_V_read_1' <Predicate = true> <Delay = 0.00>
ST_1 : Operation 1611 [1/1] (0.00ns)   --->   "%data_443_V_read_1 = call i8 @_ssdm_op_Read.ap_auto.i8(i8 %data_443_V_read)"   --->   Operation 1611 'read' 'data_443_V_read_1' <Predicate = true> <Delay = 0.00>
ST_1 : Operation 1612 [1/1] (0.00ns)   --->   "%data_442_V_read_1 = call i8 @_ssdm_op_Read.ap_auto.i8(i8 %data_442_V_read)"   --->   Operation 1612 'read' 'data_442_V_read_1' <Predicate = true> <Delay = 0.00>
ST_1 : Operation 1613 [1/1] (0.00ns)   --->   "%data_441_V_read_1 = call i8 @_ssdm_op_Read.ap_auto.i8(i8 %data_441_V_read)"   --->   Operation 1613 'read' 'data_441_V_read_1' <Predicate = true> <Delay = 0.00>
ST_1 : Operation 1614 [1/1] (0.00ns)   --->   "%data_440_V_read_1 = call i8 @_ssdm_op_Read.ap_auto.i8(i8 %data_440_V_read)"   --->   Operation 1614 'read' 'data_440_V_read_1' <Predicate = true> <Delay = 0.00>
ST_1 : Operation 1615 [1/1] (0.00ns)   --->   "%data_439_V_read_1 = call i8 @_ssdm_op_Read.ap_auto.i8(i8 %data_439_V_read)"   --->   Operation 1615 'read' 'data_439_V_read_1' <Predicate = true> <Delay = 0.00>
ST_1 : Operation 1616 [1/1] (0.00ns)   --->   "%data_438_V_read_1 = call i8 @_ssdm_op_Read.ap_auto.i8(i8 %data_438_V_read)"   --->   Operation 1616 'read' 'data_438_V_read_1' <Predicate = true> <Delay = 0.00>
ST_1 : Operation 1617 [1/1] (0.00ns)   --->   "%data_437_V_read_1 = call i8 @_ssdm_op_Read.ap_auto.i8(i8 %data_437_V_read)"   --->   Operation 1617 'read' 'data_437_V_read_1' <Predicate = true> <Delay = 0.00>
ST_1 : Operation 1618 [1/1] (0.00ns)   --->   "%data_436_V_read_1 = call i8 @_ssdm_op_Read.ap_auto.i8(i8 %data_436_V_read)"   --->   Operation 1618 'read' 'data_436_V_read_1' <Predicate = true> <Delay = 0.00>
ST_1 : Operation 1619 [1/1] (0.00ns)   --->   "%data_435_V_read_1 = call i8 @_ssdm_op_Read.ap_auto.i8(i8 %data_435_V_read)"   --->   Operation 1619 'read' 'data_435_V_read_1' <Predicate = true> <Delay = 0.00>
ST_1 : Operation 1620 [1/1] (0.00ns)   --->   "%data_434_V_read_1 = call i8 @_ssdm_op_Read.ap_auto.i8(i8 %data_434_V_read)"   --->   Operation 1620 'read' 'data_434_V_read_1' <Predicate = true> <Delay = 0.00>
ST_1 : Operation 1621 [1/1] (0.00ns)   --->   "%data_433_V_read_1 = call i8 @_ssdm_op_Read.ap_auto.i8(i8 %data_433_V_read)"   --->   Operation 1621 'read' 'data_433_V_read_1' <Predicate = true> <Delay = 0.00>
ST_1 : Operation 1622 [1/1] (0.00ns)   --->   "%data_432_V_read_1 = call i8 @_ssdm_op_Read.ap_auto.i8(i8 %data_432_V_read)"   --->   Operation 1622 'read' 'data_432_V_read_1' <Predicate = true> <Delay = 0.00>
ST_1 : Operation 1623 [1/1] (0.00ns)   --->   "%data_431_V_read_1 = call i8 @_ssdm_op_Read.ap_auto.i8(i8 %data_431_V_read)"   --->   Operation 1623 'read' 'data_431_V_read_1' <Predicate = true> <Delay = 0.00>
ST_1 : Operation 1624 [1/1] (0.00ns)   --->   "%data_430_V_read_1 = call i8 @_ssdm_op_Read.ap_auto.i8(i8 %data_430_V_read)"   --->   Operation 1624 'read' 'data_430_V_read_1' <Predicate = true> <Delay = 0.00>
ST_1 : Operation 1625 [1/1] (0.00ns)   --->   "%data_429_V_read_1 = call i8 @_ssdm_op_Read.ap_auto.i8(i8 %data_429_V_read)"   --->   Operation 1625 'read' 'data_429_V_read_1' <Predicate = true> <Delay = 0.00>
ST_1 : Operation 1626 [1/1] (0.00ns)   --->   "%data_428_V_read_1 = call i8 @_ssdm_op_Read.ap_auto.i8(i8 %data_428_V_read)"   --->   Operation 1626 'read' 'data_428_V_read_1' <Predicate = true> <Delay = 0.00>
ST_1 : Operation 1627 [1/1] (0.00ns)   --->   "%data_427_V_read_1 = call i8 @_ssdm_op_Read.ap_auto.i8(i8 %data_427_V_read)"   --->   Operation 1627 'read' 'data_427_V_read_1' <Predicate = true> <Delay = 0.00>
ST_1 : Operation 1628 [1/1] (0.00ns)   --->   "%data_426_V_read_1 = call i8 @_ssdm_op_Read.ap_auto.i8(i8 %data_426_V_read)"   --->   Operation 1628 'read' 'data_426_V_read_1' <Predicate = true> <Delay = 0.00>
ST_1 : Operation 1629 [1/1] (0.00ns)   --->   "%data_425_V_read_1 = call i8 @_ssdm_op_Read.ap_auto.i8(i8 %data_425_V_read)"   --->   Operation 1629 'read' 'data_425_V_read_1' <Predicate = true> <Delay = 0.00>
ST_1 : Operation 1630 [1/1] (0.00ns)   --->   "%data_424_V_read_1 = call i8 @_ssdm_op_Read.ap_auto.i8(i8 %data_424_V_read)"   --->   Operation 1630 'read' 'data_424_V_read_1' <Predicate = true> <Delay = 0.00>
ST_1 : Operation 1631 [1/1] (0.00ns)   --->   "%data_423_V_read_1 = call i8 @_ssdm_op_Read.ap_auto.i8(i8 %data_423_V_read)"   --->   Operation 1631 'read' 'data_423_V_read_1' <Predicate = true> <Delay = 0.00>
ST_1 : Operation 1632 [1/1] (0.00ns)   --->   "%data_422_V_read_1 = call i8 @_ssdm_op_Read.ap_auto.i8(i8 %data_422_V_read)"   --->   Operation 1632 'read' 'data_422_V_read_1' <Predicate = true> <Delay = 0.00>
ST_1 : Operation 1633 [1/1] (0.00ns)   --->   "%data_421_V_read_1 = call i8 @_ssdm_op_Read.ap_auto.i8(i8 %data_421_V_read)"   --->   Operation 1633 'read' 'data_421_V_read_1' <Predicate = true> <Delay = 0.00>
ST_1 : Operation 1634 [1/1] (0.00ns)   --->   "%data_420_V_read_1 = call i8 @_ssdm_op_Read.ap_auto.i8(i8 %data_420_V_read)"   --->   Operation 1634 'read' 'data_420_V_read_1' <Predicate = true> <Delay = 0.00>
ST_1 : Operation 1635 [1/1] (0.00ns)   --->   "%data_419_V_read_1 = call i8 @_ssdm_op_Read.ap_auto.i8(i8 %data_419_V_read)"   --->   Operation 1635 'read' 'data_419_V_read_1' <Predicate = true> <Delay = 0.00>
ST_1 : Operation 1636 [1/1] (0.00ns)   --->   "%data_418_V_read_1 = call i8 @_ssdm_op_Read.ap_auto.i8(i8 %data_418_V_read)"   --->   Operation 1636 'read' 'data_418_V_read_1' <Predicate = true> <Delay = 0.00>
ST_1 : Operation 1637 [1/1] (0.00ns)   --->   "%data_417_V_read_1 = call i8 @_ssdm_op_Read.ap_auto.i8(i8 %data_417_V_read)"   --->   Operation 1637 'read' 'data_417_V_read_1' <Predicate = true> <Delay = 0.00>
ST_1 : Operation 1638 [1/1] (0.00ns)   --->   "%data_416_V_read_1 = call i8 @_ssdm_op_Read.ap_auto.i8(i8 %data_416_V_read)"   --->   Operation 1638 'read' 'data_416_V_read_1' <Predicate = true> <Delay = 0.00>
ST_1 : Operation 1639 [1/1] (0.00ns)   --->   "%data_415_V_read_1 = call i8 @_ssdm_op_Read.ap_auto.i8(i8 %data_415_V_read)"   --->   Operation 1639 'read' 'data_415_V_read_1' <Predicate = true> <Delay = 0.00>
ST_1 : Operation 1640 [1/1] (0.00ns)   --->   "%data_414_V_read_1 = call i8 @_ssdm_op_Read.ap_auto.i8(i8 %data_414_V_read)"   --->   Operation 1640 'read' 'data_414_V_read_1' <Predicate = true> <Delay = 0.00>
ST_1 : Operation 1641 [1/1] (0.00ns)   --->   "%data_413_V_read_1 = call i8 @_ssdm_op_Read.ap_auto.i8(i8 %data_413_V_read)"   --->   Operation 1641 'read' 'data_413_V_read_1' <Predicate = true> <Delay = 0.00>
ST_1 : Operation 1642 [1/1] (0.00ns)   --->   "%data_412_V_read_1 = call i8 @_ssdm_op_Read.ap_auto.i8(i8 %data_412_V_read)"   --->   Operation 1642 'read' 'data_412_V_read_1' <Predicate = true> <Delay = 0.00>
ST_1 : Operation 1643 [1/1] (0.00ns)   --->   "%data_411_V_read_1 = call i8 @_ssdm_op_Read.ap_auto.i8(i8 %data_411_V_read)"   --->   Operation 1643 'read' 'data_411_V_read_1' <Predicate = true> <Delay = 0.00>
ST_1 : Operation 1644 [1/1] (0.00ns)   --->   "%data_410_V_read_1 = call i8 @_ssdm_op_Read.ap_auto.i8(i8 %data_410_V_read)"   --->   Operation 1644 'read' 'data_410_V_read_1' <Predicate = true> <Delay = 0.00>
ST_1 : Operation 1645 [1/1] (0.00ns)   --->   "%data_409_V_read_1 = call i8 @_ssdm_op_Read.ap_auto.i8(i8 %data_409_V_read)"   --->   Operation 1645 'read' 'data_409_V_read_1' <Predicate = true> <Delay = 0.00>
ST_1 : Operation 1646 [1/1] (0.00ns)   --->   "%data_408_V_read_1 = call i8 @_ssdm_op_Read.ap_auto.i8(i8 %data_408_V_read)"   --->   Operation 1646 'read' 'data_408_V_read_1' <Predicate = true> <Delay = 0.00>
ST_1 : Operation 1647 [1/1] (0.00ns)   --->   "%data_407_V_read_1 = call i8 @_ssdm_op_Read.ap_auto.i8(i8 %data_407_V_read)"   --->   Operation 1647 'read' 'data_407_V_read_1' <Predicate = true> <Delay = 0.00>
ST_1 : Operation 1648 [1/1] (0.00ns)   --->   "%data_406_V_read_1 = call i8 @_ssdm_op_Read.ap_auto.i8(i8 %data_406_V_read)"   --->   Operation 1648 'read' 'data_406_V_read_1' <Predicate = true> <Delay = 0.00>
ST_1 : Operation 1649 [1/1] (0.00ns)   --->   "%data_405_V_read_1 = call i8 @_ssdm_op_Read.ap_auto.i8(i8 %data_405_V_read)"   --->   Operation 1649 'read' 'data_405_V_read_1' <Predicate = true> <Delay = 0.00>
ST_1 : Operation 1650 [1/1] (0.00ns)   --->   "%data_404_V_read_1 = call i8 @_ssdm_op_Read.ap_auto.i8(i8 %data_404_V_read)"   --->   Operation 1650 'read' 'data_404_V_read_1' <Predicate = true> <Delay = 0.00>
ST_1 : Operation 1651 [1/1] (0.00ns)   --->   "%data_403_V_read_1 = call i8 @_ssdm_op_Read.ap_auto.i8(i8 %data_403_V_read)"   --->   Operation 1651 'read' 'data_403_V_read_1' <Predicate = true> <Delay = 0.00>
ST_1 : Operation 1652 [1/1] (0.00ns)   --->   "%data_402_V_read_1 = call i8 @_ssdm_op_Read.ap_auto.i8(i8 %data_402_V_read)"   --->   Operation 1652 'read' 'data_402_V_read_1' <Predicate = true> <Delay = 0.00>
ST_1 : Operation 1653 [1/1] (0.00ns)   --->   "%data_401_V_read_1 = call i8 @_ssdm_op_Read.ap_auto.i8(i8 %data_401_V_read)"   --->   Operation 1653 'read' 'data_401_V_read_1' <Predicate = true> <Delay = 0.00>
ST_1 : Operation 1654 [1/1] (0.00ns)   --->   "%data_400_V_read_1 = call i8 @_ssdm_op_Read.ap_auto.i8(i8 %data_400_V_read)"   --->   Operation 1654 'read' 'data_400_V_read_1' <Predicate = true> <Delay = 0.00>
ST_1 : Operation 1655 [1/1] (0.00ns)   --->   "%data_399_V_read_1 = call i8 @_ssdm_op_Read.ap_auto.i8(i8 %data_399_V_read)"   --->   Operation 1655 'read' 'data_399_V_read_1' <Predicate = true> <Delay = 0.00>
ST_1 : Operation 1656 [1/1] (0.00ns)   --->   "%data_398_V_read_1 = call i8 @_ssdm_op_Read.ap_auto.i8(i8 %data_398_V_read)"   --->   Operation 1656 'read' 'data_398_V_read_1' <Predicate = true> <Delay = 0.00>
ST_1 : Operation 1657 [1/1] (0.00ns)   --->   "%data_397_V_read_1 = call i8 @_ssdm_op_Read.ap_auto.i8(i8 %data_397_V_read)"   --->   Operation 1657 'read' 'data_397_V_read_1' <Predicate = true> <Delay = 0.00>
ST_1 : Operation 1658 [1/1] (0.00ns)   --->   "%data_396_V_read_1 = call i8 @_ssdm_op_Read.ap_auto.i8(i8 %data_396_V_read)"   --->   Operation 1658 'read' 'data_396_V_read_1' <Predicate = true> <Delay = 0.00>
ST_1 : Operation 1659 [1/1] (0.00ns)   --->   "%data_395_V_read_1 = call i8 @_ssdm_op_Read.ap_auto.i8(i8 %data_395_V_read)"   --->   Operation 1659 'read' 'data_395_V_read_1' <Predicate = true> <Delay = 0.00>
ST_1 : Operation 1660 [1/1] (0.00ns)   --->   "%data_394_V_read_1 = call i8 @_ssdm_op_Read.ap_auto.i8(i8 %data_394_V_read)"   --->   Operation 1660 'read' 'data_394_V_read_1' <Predicate = true> <Delay = 0.00>
ST_1 : Operation 1661 [1/1] (0.00ns)   --->   "%data_393_V_read_1 = call i8 @_ssdm_op_Read.ap_auto.i8(i8 %data_393_V_read)"   --->   Operation 1661 'read' 'data_393_V_read_1' <Predicate = true> <Delay = 0.00>
ST_1 : Operation 1662 [1/1] (0.00ns)   --->   "%data_392_V_read_1 = call i8 @_ssdm_op_Read.ap_auto.i8(i8 %data_392_V_read)"   --->   Operation 1662 'read' 'data_392_V_read_1' <Predicate = true> <Delay = 0.00>
ST_1 : Operation 1663 [1/1] (0.00ns)   --->   "%data_391_V_read_1 = call i8 @_ssdm_op_Read.ap_auto.i8(i8 %data_391_V_read)"   --->   Operation 1663 'read' 'data_391_V_read_1' <Predicate = true> <Delay = 0.00>
ST_1 : Operation 1664 [1/1] (0.00ns)   --->   "%data_390_V_read_1 = call i8 @_ssdm_op_Read.ap_auto.i8(i8 %data_390_V_read)"   --->   Operation 1664 'read' 'data_390_V_read_1' <Predicate = true> <Delay = 0.00>
ST_1 : Operation 1665 [1/1] (0.00ns)   --->   "%data_389_V_read_1 = call i8 @_ssdm_op_Read.ap_auto.i8(i8 %data_389_V_read)"   --->   Operation 1665 'read' 'data_389_V_read_1' <Predicate = true> <Delay = 0.00>
ST_1 : Operation 1666 [1/1] (0.00ns)   --->   "%data_388_V_read_1 = call i8 @_ssdm_op_Read.ap_auto.i8(i8 %data_388_V_read)"   --->   Operation 1666 'read' 'data_388_V_read_1' <Predicate = true> <Delay = 0.00>
ST_1 : Operation 1667 [1/1] (0.00ns)   --->   "%data_387_V_read_1 = call i8 @_ssdm_op_Read.ap_auto.i8(i8 %data_387_V_read)"   --->   Operation 1667 'read' 'data_387_V_read_1' <Predicate = true> <Delay = 0.00>
ST_1 : Operation 1668 [1/1] (0.00ns)   --->   "%data_386_V_read_1 = call i8 @_ssdm_op_Read.ap_auto.i8(i8 %data_386_V_read)"   --->   Operation 1668 'read' 'data_386_V_read_1' <Predicate = true> <Delay = 0.00>
ST_1 : Operation 1669 [1/1] (0.00ns)   --->   "%data_385_V_read_1 = call i8 @_ssdm_op_Read.ap_auto.i8(i8 %data_385_V_read)"   --->   Operation 1669 'read' 'data_385_V_read_1' <Predicate = true> <Delay = 0.00>
ST_1 : Operation 1670 [1/1] (0.00ns)   --->   "%data_384_V_read_1 = call i8 @_ssdm_op_Read.ap_auto.i8(i8 %data_384_V_read)"   --->   Operation 1670 'read' 'data_384_V_read_1' <Predicate = true> <Delay = 0.00>
ST_1 : Operation 1671 [1/1] (0.00ns)   --->   "%data_383_V_read_1 = call i8 @_ssdm_op_Read.ap_auto.i8(i8 %data_383_V_read)"   --->   Operation 1671 'read' 'data_383_V_read_1' <Predicate = true> <Delay = 0.00>
ST_1 : Operation 1672 [1/1] (0.00ns)   --->   "%data_382_V_read_1 = call i8 @_ssdm_op_Read.ap_auto.i8(i8 %data_382_V_read)"   --->   Operation 1672 'read' 'data_382_V_read_1' <Predicate = true> <Delay = 0.00>
ST_1 : Operation 1673 [1/1] (0.00ns)   --->   "%data_381_V_read_1 = call i8 @_ssdm_op_Read.ap_auto.i8(i8 %data_381_V_read)"   --->   Operation 1673 'read' 'data_381_V_read_1' <Predicate = true> <Delay = 0.00>
ST_1 : Operation 1674 [1/1] (0.00ns)   --->   "%data_380_V_read_1 = call i8 @_ssdm_op_Read.ap_auto.i8(i8 %data_380_V_read)"   --->   Operation 1674 'read' 'data_380_V_read_1' <Predicate = true> <Delay = 0.00>
ST_1 : Operation 1675 [1/1] (0.00ns)   --->   "%data_379_V_read_1 = call i8 @_ssdm_op_Read.ap_auto.i8(i8 %data_379_V_read)"   --->   Operation 1675 'read' 'data_379_V_read_1' <Predicate = true> <Delay = 0.00>
ST_1 : Operation 1676 [1/1] (0.00ns)   --->   "%data_378_V_read_1 = call i8 @_ssdm_op_Read.ap_auto.i8(i8 %data_378_V_read)"   --->   Operation 1676 'read' 'data_378_V_read_1' <Predicate = true> <Delay = 0.00>
ST_1 : Operation 1677 [1/1] (0.00ns)   --->   "%data_377_V_read_1 = call i8 @_ssdm_op_Read.ap_auto.i8(i8 %data_377_V_read)"   --->   Operation 1677 'read' 'data_377_V_read_1' <Predicate = true> <Delay = 0.00>
ST_1 : Operation 1678 [1/1] (0.00ns)   --->   "%data_376_V_read_1 = call i8 @_ssdm_op_Read.ap_auto.i8(i8 %data_376_V_read)"   --->   Operation 1678 'read' 'data_376_V_read_1' <Predicate = true> <Delay = 0.00>
ST_1 : Operation 1679 [1/1] (0.00ns)   --->   "%data_375_V_read_1 = call i8 @_ssdm_op_Read.ap_auto.i8(i8 %data_375_V_read)"   --->   Operation 1679 'read' 'data_375_V_read_1' <Predicate = true> <Delay = 0.00>
ST_1 : Operation 1680 [1/1] (0.00ns)   --->   "%data_374_V_read_1 = call i8 @_ssdm_op_Read.ap_auto.i8(i8 %data_374_V_read)"   --->   Operation 1680 'read' 'data_374_V_read_1' <Predicate = true> <Delay = 0.00>
ST_1 : Operation 1681 [1/1] (0.00ns)   --->   "%data_373_V_read_1 = call i8 @_ssdm_op_Read.ap_auto.i8(i8 %data_373_V_read)"   --->   Operation 1681 'read' 'data_373_V_read_1' <Predicate = true> <Delay = 0.00>
ST_1 : Operation 1682 [1/1] (0.00ns)   --->   "%data_372_V_read_1 = call i8 @_ssdm_op_Read.ap_auto.i8(i8 %data_372_V_read)"   --->   Operation 1682 'read' 'data_372_V_read_1' <Predicate = true> <Delay = 0.00>
ST_1 : Operation 1683 [1/1] (0.00ns)   --->   "%data_371_V_read_1 = call i8 @_ssdm_op_Read.ap_auto.i8(i8 %data_371_V_read)"   --->   Operation 1683 'read' 'data_371_V_read_1' <Predicate = true> <Delay = 0.00>
ST_1 : Operation 1684 [1/1] (0.00ns)   --->   "%data_370_V_read_1 = call i8 @_ssdm_op_Read.ap_auto.i8(i8 %data_370_V_read)"   --->   Operation 1684 'read' 'data_370_V_read_1' <Predicate = true> <Delay = 0.00>
ST_1 : Operation 1685 [1/1] (0.00ns)   --->   "%data_369_V_read_1 = call i8 @_ssdm_op_Read.ap_auto.i8(i8 %data_369_V_read)"   --->   Operation 1685 'read' 'data_369_V_read_1' <Predicate = true> <Delay = 0.00>
ST_1 : Operation 1686 [1/1] (0.00ns)   --->   "%data_368_V_read_1 = call i8 @_ssdm_op_Read.ap_auto.i8(i8 %data_368_V_read)"   --->   Operation 1686 'read' 'data_368_V_read_1' <Predicate = true> <Delay = 0.00>
ST_1 : Operation 1687 [1/1] (0.00ns)   --->   "%data_367_V_read_1 = call i8 @_ssdm_op_Read.ap_auto.i8(i8 %data_367_V_read)"   --->   Operation 1687 'read' 'data_367_V_read_1' <Predicate = true> <Delay = 0.00>
ST_1 : Operation 1688 [1/1] (0.00ns)   --->   "%data_366_V_read_1 = call i8 @_ssdm_op_Read.ap_auto.i8(i8 %data_366_V_read)"   --->   Operation 1688 'read' 'data_366_V_read_1' <Predicate = true> <Delay = 0.00>
ST_1 : Operation 1689 [1/1] (0.00ns)   --->   "%data_365_V_read_1 = call i8 @_ssdm_op_Read.ap_auto.i8(i8 %data_365_V_read)"   --->   Operation 1689 'read' 'data_365_V_read_1' <Predicate = true> <Delay = 0.00>
ST_1 : Operation 1690 [1/1] (0.00ns)   --->   "%data_364_V_read_1 = call i8 @_ssdm_op_Read.ap_auto.i8(i8 %data_364_V_read)"   --->   Operation 1690 'read' 'data_364_V_read_1' <Predicate = true> <Delay = 0.00>
ST_1 : Operation 1691 [1/1] (0.00ns)   --->   "%data_363_V_read_1 = call i8 @_ssdm_op_Read.ap_auto.i8(i8 %data_363_V_read)"   --->   Operation 1691 'read' 'data_363_V_read_1' <Predicate = true> <Delay = 0.00>
ST_1 : Operation 1692 [1/1] (0.00ns)   --->   "%data_362_V_read_1 = call i8 @_ssdm_op_Read.ap_auto.i8(i8 %data_362_V_read)"   --->   Operation 1692 'read' 'data_362_V_read_1' <Predicate = true> <Delay = 0.00>
ST_1 : Operation 1693 [1/1] (0.00ns)   --->   "%data_361_V_read_1 = call i8 @_ssdm_op_Read.ap_auto.i8(i8 %data_361_V_read)"   --->   Operation 1693 'read' 'data_361_V_read_1' <Predicate = true> <Delay = 0.00>
ST_1 : Operation 1694 [1/1] (0.00ns)   --->   "%data_360_V_read_1 = call i8 @_ssdm_op_Read.ap_auto.i8(i8 %data_360_V_read)"   --->   Operation 1694 'read' 'data_360_V_read_1' <Predicate = true> <Delay = 0.00>
ST_1 : Operation 1695 [1/1] (0.00ns)   --->   "%data_359_V_read_1 = call i8 @_ssdm_op_Read.ap_auto.i8(i8 %data_359_V_read)"   --->   Operation 1695 'read' 'data_359_V_read_1' <Predicate = true> <Delay = 0.00>
ST_1 : Operation 1696 [1/1] (0.00ns)   --->   "%data_358_V_read_1 = call i8 @_ssdm_op_Read.ap_auto.i8(i8 %data_358_V_read)"   --->   Operation 1696 'read' 'data_358_V_read_1' <Predicate = true> <Delay = 0.00>
ST_1 : Operation 1697 [1/1] (0.00ns)   --->   "%data_357_V_read_1 = call i8 @_ssdm_op_Read.ap_auto.i8(i8 %data_357_V_read)"   --->   Operation 1697 'read' 'data_357_V_read_1' <Predicate = true> <Delay = 0.00>
ST_1 : Operation 1698 [1/1] (0.00ns)   --->   "%data_356_V_read_1 = call i8 @_ssdm_op_Read.ap_auto.i8(i8 %data_356_V_read)"   --->   Operation 1698 'read' 'data_356_V_read_1' <Predicate = true> <Delay = 0.00>
ST_1 : Operation 1699 [1/1] (0.00ns)   --->   "%data_355_V_read_1 = call i8 @_ssdm_op_Read.ap_auto.i8(i8 %data_355_V_read)"   --->   Operation 1699 'read' 'data_355_V_read_1' <Predicate = true> <Delay = 0.00>
ST_1 : Operation 1700 [1/1] (0.00ns)   --->   "%data_354_V_read_1 = call i8 @_ssdm_op_Read.ap_auto.i8(i8 %data_354_V_read)"   --->   Operation 1700 'read' 'data_354_V_read_1' <Predicate = true> <Delay = 0.00>
ST_1 : Operation 1701 [1/1] (0.00ns)   --->   "%data_353_V_read_1 = call i8 @_ssdm_op_Read.ap_auto.i8(i8 %data_353_V_read)"   --->   Operation 1701 'read' 'data_353_V_read_1' <Predicate = true> <Delay = 0.00>
ST_1 : Operation 1702 [1/1] (0.00ns)   --->   "%data_352_V_read_1 = call i8 @_ssdm_op_Read.ap_auto.i8(i8 %data_352_V_read)"   --->   Operation 1702 'read' 'data_352_V_read_1' <Predicate = true> <Delay = 0.00>
ST_1 : Operation 1703 [1/1] (0.00ns)   --->   "%data_351_V_read_1 = call i8 @_ssdm_op_Read.ap_auto.i8(i8 %data_351_V_read)"   --->   Operation 1703 'read' 'data_351_V_read_1' <Predicate = true> <Delay = 0.00>
ST_1 : Operation 1704 [1/1] (0.00ns)   --->   "%data_350_V_read_1 = call i8 @_ssdm_op_Read.ap_auto.i8(i8 %data_350_V_read)"   --->   Operation 1704 'read' 'data_350_V_read_1' <Predicate = true> <Delay = 0.00>
ST_1 : Operation 1705 [1/1] (0.00ns)   --->   "%data_349_V_read_1 = call i8 @_ssdm_op_Read.ap_auto.i8(i8 %data_349_V_read)"   --->   Operation 1705 'read' 'data_349_V_read_1' <Predicate = true> <Delay = 0.00>
ST_1 : Operation 1706 [1/1] (0.00ns)   --->   "%data_348_V_read_1 = call i8 @_ssdm_op_Read.ap_auto.i8(i8 %data_348_V_read)"   --->   Operation 1706 'read' 'data_348_V_read_1' <Predicate = true> <Delay = 0.00>
ST_1 : Operation 1707 [1/1] (0.00ns)   --->   "%data_347_V_read_1 = call i8 @_ssdm_op_Read.ap_auto.i8(i8 %data_347_V_read)"   --->   Operation 1707 'read' 'data_347_V_read_1' <Predicate = true> <Delay = 0.00>
ST_1 : Operation 1708 [1/1] (0.00ns)   --->   "%data_346_V_read_1 = call i8 @_ssdm_op_Read.ap_auto.i8(i8 %data_346_V_read)"   --->   Operation 1708 'read' 'data_346_V_read_1' <Predicate = true> <Delay = 0.00>
ST_1 : Operation 1709 [1/1] (0.00ns)   --->   "%data_345_V_read_1 = call i8 @_ssdm_op_Read.ap_auto.i8(i8 %data_345_V_read)"   --->   Operation 1709 'read' 'data_345_V_read_1' <Predicate = true> <Delay = 0.00>
ST_1 : Operation 1710 [1/1] (0.00ns)   --->   "%data_344_V_read_1 = call i8 @_ssdm_op_Read.ap_auto.i8(i8 %data_344_V_read)"   --->   Operation 1710 'read' 'data_344_V_read_1' <Predicate = true> <Delay = 0.00>
ST_1 : Operation 1711 [1/1] (0.00ns)   --->   "%data_343_V_read_1 = call i8 @_ssdm_op_Read.ap_auto.i8(i8 %data_343_V_read)"   --->   Operation 1711 'read' 'data_343_V_read_1' <Predicate = true> <Delay = 0.00>
ST_1 : Operation 1712 [1/1] (0.00ns)   --->   "%data_342_V_read_1 = call i8 @_ssdm_op_Read.ap_auto.i8(i8 %data_342_V_read)"   --->   Operation 1712 'read' 'data_342_V_read_1' <Predicate = true> <Delay = 0.00>
ST_1 : Operation 1713 [1/1] (0.00ns)   --->   "%data_341_V_read_1 = call i8 @_ssdm_op_Read.ap_auto.i8(i8 %data_341_V_read)"   --->   Operation 1713 'read' 'data_341_V_read_1' <Predicate = true> <Delay = 0.00>
ST_1 : Operation 1714 [1/1] (0.00ns)   --->   "%data_340_V_read_1 = call i8 @_ssdm_op_Read.ap_auto.i8(i8 %data_340_V_read)"   --->   Operation 1714 'read' 'data_340_V_read_1' <Predicate = true> <Delay = 0.00>
ST_1 : Operation 1715 [1/1] (0.00ns)   --->   "%data_339_V_read_1 = call i8 @_ssdm_op_Read.ap_auto.i8(i8 %data_339_V_read)"   --->   Operation 1715 'read' 'data_339_V_read_1' <Predicate = true> <Delay = 0.00>
ST_1 : Operation 1716 [1/1] (0.00ns)   --->   "%data_338_V_read_1 = call i8 @_ssdm_op_Read.ap_auto.i8(i8 %data_338_V_read)"   --->   Operation 1716 'read' 'data_338_V_read_1' <Predicate = true> <Delay = 0.00>
ST_1 : Operation 1717 [1/1] (0.00ns)   --->   "%data_337_V_read_1 = call i8 @_ssdm_op_Read.ap_auto.i8(i8 %data_337_V_read)"   --->   Operation 1717 'read' 'data_337_V_read_1' <Predicate = true> <Delay = 0.00>
ST_1 : Operation 1718 [1/1] (0.00ns)   --->   "%data_336_V_read_1 = call i8 @_ssdm_op_Read.ap_auto.i8(i8 %data_336_V_read)"   --->   Operation 1718 'read' 'data_336_V_read_1' <Predicate = true> <Delay = 0.00>
ST_1 : Operation 1719 [1/1] (0.00ns)   --->   "%data_335_V_read_1 = call i8 @_ssdm_op_Read.ap_auto.i8(i8 %data_335_V_read)"   --->   Operation 1719 'read' 'data_335_V_read_1' <Predicate = true> <Delay = 0.00>
ST_1 : Operation 1720 [1/1] (0.00ns)   --->   "%data_334_V_read_1 = call i8 @_ssdm_op_Read.ap_auto.i8(i8 %data_334_V_read)"   --->   Operation 1720 'read' 'data_334_V_read_1' <Predicate = true> <Delay = 0.00>
ST_1 : Operation 1721 [1/1] (0.00ns)   --->   "%data_333_V_read_1 = call i8 @_ssdm_op_Read.ap_auto.i8(i8 %data_333_V_read)"   --->   Operation 1721 'read' 'data_333_V_read_1' <Predicate = true> <Delay = 0.00>
ST_1 : Operation 1722 [1/1] (0.00ns)   --->   "%data_332_V_read_1 = call i8 @_ssdm_op_Read.ap_auto.i8(i8 %data_332_V_read)"   --->   Operation 1722 'read' 'data_332_V_read_1' <Predicate = true> <Delay = 0.00>
ST_1 : Operation 1723 [1/1] (0.00ns)   --->   "%data_331_V_read_1 = call i8 @_ssdm_op_Read.ap_auto.i8(i8 %data_331_V_read)"   --->   Operation 1723 'read' 'data_331_V_read_1' <Predicate = true> <Delay = 0.00>
ST_1 : Operation 1724 [1/1] (0.00ns)   --->   "%data_330_V_read_1 = call i8 @_ssdm_op_Read.ap_auto.i8(i8 %data_330_V_read)"   --->   Operation 1724 'read' 'data_330_V_read_1' <Predicate = true> <Delay = 0.00>
ST_1 : Operation 1725 [1/1] (0.00ns)   --->   "%data_329_V_read_1 = call i8 @_ssdm_op_Read.ap_auto.i8(i8 %data_329_V_read)"   --->   Operation 1725 'read' 'data_329_V_read_1' <Predicate = true> <Delay = 0.00>
ST_1 : Operation 1726 [1/1] (0.00ns)   --->   "%data_328_V_read_1 = call i8 @_ssdm_op_Read.ap_auto.i8(i8 %data_328_V_read)"   --->   Operation 1726 'read' 'data_328_V_read_1' <Predicate = true> <Delay = 0.00>
ST_1 : Operation 1727 [1/1] (0.00ns)   --->   "%data_327_V_read_1 = call i8 @_ssdm_op_Read.ap_auto.i8(i8 %data_327_V_read)"   --->   Operation 1727 'read' 'data_327_V_read_1' <Predicate = true> <Delay = 0.00>
ST_1 : Operation 1728 [1/1] (0.00ns)   --->   "%data_326_V_read_1 = call i8 @_ssdm_op_Read.ap_auto.i8(i8 %data_326_V_read)"   --->   Operation 1728 'read' 'data_326_V_read_1' <Predicate = true> <Delay = 0.00>
ST_1 : Operation 1729 [1/1] (0.00ns)   --->   "%data_325_V_read_1 = call i8 @_ssdm_op_Read.ap_auto.i8(i8 %data_325_V_read)"   --->   Operation 1729 'read' 'data_325_V_read_1' <Predicate = true> <Delay = 0.00>
ST_1 : Operation 1730 [1/1] (0.00ns)   --->   "%data_324_V_read_1 = call i8 @_ssdm_op_Read.ap_auto.i8(i8 %data_324_V_read)"   --->   Operation 1730 'read' 'data_324_V_read_1' <Predicate = true> <Delay = 0.00>
ST_1 : Operation 1731 [1/1] (0.00ns)   --->   "%data_323_V_read_1 = call i8 @_ssdm_op_Read.ap_auto.i8(i8 %data_323_V_read)"   --->   Operation 1731 'read' 'data_323_V_read_1' <Predicate = true> <Delay = 0.00>
ST_1 : Operation 1732 [1/1] (0.00ns)   --->   "%data_322_V_read_1 = call i8 @_ssdm_op_Read.ap_auto.i8(i8 %data_322_V_read)"   --->   Operation 1732 'read' 'data_322_V_read_1' <Predicate = true> <Delay = 0.00>
ST_1 : Operation 1733 [1/1] (0.00ns)   --->   "%data_321_V_read_1 = call i8 @_ssdm_op_Read.ap_auto.i8(i8 %data_321_V_read)"   --->   Operation 1733 'read' 'data_321_V_read_1' <Predicate = true> <Delay = 0.00>
ST_1 : Operation 1734 [1/1] (0.00ns)   --->   "%data_320_V_read_1 = call i8 @_ssdm_op_Read.ap_auto.i8(i8 %data_320_V_read)"   --->   Operation 1734 'read' 'data_320_V_read_1' <Predicate = true> <Delay = 0.00>
ST_1 : Operation 1735 [1/1] (0.00ns)   --->   "%data_319_V_read_1 = call i8 @_ssdm_op_Read.ap_auto.i8(i8 %data_319_V_read)"   --->   Operation 1735 'read' 'data_319_V_read_1' <Predicate = true> <Delay = 0.00>
ST_1 : Operation 1736 [1/1] (0.00ns)   --->   "%data_318_V_read_1 = call i8 @_ssdm_op_Read.ap_auto.i8(i8 %data_318_V_read)"   --->   Operation 1736 'read' 'data_318_V_read_1' <Predicate = true> <Delay = 0.00>
ST_1 : Operation 1737 [1/1] (0.00ns)   --->   "%data_317_V_read_1 = call i8 @_ssdm_op_Read.ap_auto.i8(i8 %data_317_V_read)"   --->   Operation 1737 'read' 'data_317_V_read_1' <Predicate = true> <Delay = 0.00>
ST_1 : Operation 1738 [1/1] (0.00ns)   --->   "%data_316_V_read_1 = call i8 @_ssdm_op_Read.ap_auto.i8(i8 %data_316_V_read)"   --->   Operation 1738 'read' 'data_316_V_read_1' <Predicate = true> <Delay = 0.00>
ST_1 : Operation 1739 [1/1] (0.00ns)   --->   "%data_315_V_read_1 = call i8 @_ssdm_op_Read.ap_auto.i8(i8 %data_315_V_read)"   --->   Operation 1739 'read' 'data_315_V_read_1' <Predicate = true> <Delay = 0.00>
ST_1 : Operation 1740 [1/1] (0.00ns)   --->   "%data_314_V_read_1 = call i8 @_ssdm_op_Read.ap_auto.i8(i8 %data_314_V_read)"   --->   Operation 1740 'read' 'data_314_V_read_1' <Predicate = true> <Delay = 0.00>
ST_1 : Operation 1741 [1/1] (0.00ns)   --->   "%data_313_V_read_1 = call i8 @_ssdm_op_Read.ap_auto.i8(i8 %data_313_V_read)"   --->   Operation 1741 'read' 'data_313_V_read_1' <Predicate = true> <Delay = 0.00>
ST_1 : Operation 1742 [1/1] (0.00ns)   --->   "%data_312_V_read_1 = call i8 @_ssdm_op_Read.ap_auto.i8(i8 %data_312_V_read)"   --->   Operation 1742 'read' 'data_312_V_read_1' <Predicate = true> <Delay = 0.00>
ST_1 : Operation 1743 [1/1] (0.00ns)   --->   "%data_311_V_read_1 = call i8 @_ssdm_op_Read.ap_auto.i8(i8 %data_311_V_read)"   --->   Operation 1743 'read' 'data_311_V_read_1' <Predicate = true> <Delay = 0.00>
ST_1 : Operation 1744 [1/1] (0.00ns)   --->   "%data_310_V_read_1 = call i8 @_ssdm_op_Read.ap_auto.i8(i8 %data_310_V_read)"   --->   Operation 1744 'read' 'data_310_V_read_1' <Predicate = true> <Delay = 0.00>
ST_1 : Operation 1745 [1/1] (0.00ns)   --->   "%data_309_V_read_1 = call i8 @_ssdm_op_Read.ap_auto.i8(i8 %data_309_V_read)"   --->   Operation 1745 'read' 'data_309_V_read_1' <Predicate = true> <Delay = 0.00>
ST_1 : Operation 1746 [1/1] (0.00ns)   --->   "%data_308_V_read_1 = call i8 @_ssdm_op_Read.ap_auto.i8(i8 %data_308_V_read)"   --->   Operation 1746 'read' 'data_308_V_read_1' <Predicate = true> <Delay = 0.00>
ST_1 : Operation 1747 [1/1] (0.00ns)   --->   "%data_307_V_read_1 = call i8 @_ssdm_op_Read.ap_auto.i8(i8 %data_307_V_read)"   --->   Operation 1747 'read' 'data_307_V_read_1' <Predicate = true> <Delay = 0.00>
ST_1 : Operation 1748 [1/1] (0.00ns)   --->   "%data_306_V_read_1 = call i8 @_ssdm_op_Read.ap_auto.i8(i8 %data_306_V_read)"   --->   Operation 1748 'read' 'data_306_V_read_1' <Predicate = true> <Delay = 0.00>
ST_1 : Operation 1749 [1/1] (0.00ns)   --->   "%data_305_V_read_1 = call i8 @_ssdm_op_Read.ap_auto.i8(i8 %data_305_V_read)"   --->   Operation 1749 'read' 'data_305_V_read_1' <Predicate = true> <Delay = 0.00>
ST_1 : Operation 1750 [1/1] (0.00ns)   --->   "%data_304_V_read_1 = call i8 @_ssdm_op_Read.ap_auto.i8(i8 %data_304_V_read)"   --->   Operation 1750 'read' 'data_304_V_read_1' <Predicate = true> <Delay = 0.00>
ST_1 : Operation 1751 [1/1] (0.00ns)   --->   "%data_303_V_read_1 = call i8 @_ssdm_op_Read.ap_auto.i8(i8 %data_303_V_read)"   --->   Operation 1751 'read' 'data_303_V_read_1' <Predicate = true> <Delay = 0.00>
ST_1 : Operation 1752 [1/1] (0.00ns)   --->   "%data_302_V_read_1 = call i8 @_ssdm_op_Read.ap_auto.i8(i8 %data_302_V_read)"   --->   Operation 1752 'read' 'data_302_V_read_1' <Predicate = true> <Delay = 0.00>
ST_1 : Operation 1753 [1/1] (0.00ns)   --->   "%data_301_V_read_1 = call i8 @_ssdm_op_Read.ap_auto.i8(i8 %data_301_V_read)"   --->   Operation 1753 'read' 'data_301_V_read_1' <Predicate = true> <Delay = 0.00>
ST_1 : Operation 1754 [1/1] (0.00ns)   --->   "%data_300_V_read_1 = call i8 @_ssdm_op_Read.ap_auto.i8(i8 %data_300_V_read)"   --->   Operation 1754 'read' 'data_300_V_read_1' <Predicate = true> <Delay = 0.00>
ST_1 : Operation 1755 [1/1] (0.00ns)   --->   "%data_299_V_read_1 = call i8 @_ssdm_op_Read.ap_auto.i8(i8 %data_299_V_read)"   --->   Operation 1755 'read' 'data_299_V_read_1' <Predicate = true> <Delay = 0.00>
ST_1 : Operation 1756 [1/1] (0.00ns)   --->   "%data_298_V_read_1 = call i8 @_ssdm_op_Read.ap_auto.i8(i8 %data_298_V_read)"   --->   Operation 1756 'read' 'data_298_V_read_1' <Predicate = true> <Delay = 0.00>
ST_1 : Operation 1757 [1/1] (0.00ns)   --->   "%data_297_V_read_1 = call i8 @_ssdm_op_Read.ap_auto.i8(i8 %data_297_V_read)"   --->   Operation 1757 'read' 'data_297_V_read_1' <Predicate = true> <Delay = 0.00>
ST_1 : Operation 1758 [1/1] (0.00ns)   --->   "%data_296_V_read_1 = call i8 @_ssdm_op_Read.ap_auto.i8(i8 %data_296_V_read)"   --->   Operation 1758 'read' 'data_296_V_read_1' <Predicate = true> <Delay = 0.00>
ST_1 : Operation 1759 [1/1] (0.00ns)   --->   "%data_295_V_read_1 = call i8 @_ssdm_op_Read.ap_auto.i8(i8 %data_295_V_read)"   --->   Operation 1759 'read' 'data_295_V_read_1' <Predicate = true> <Delay = 0.00>
ST_1 : Operation 1760 [1/1] (0.00ns)   --->   "%data_294_V_read_1 = call i8 @_ssdm_op_Read.ap_auto.i8(i8 %data_294_V_read)"   --->   Operation 1760 'read' 'data_294_V_read_1' <Predicate = true> <Delay = 0.00>
ST_1 : Operation 1761 [1/1] (0.00ns)   --->   "%data_293_V_read_1 = call i8 @_ssdm_op_Read.ap_auto.i8(i8 %data_293_V_read)"   --->   Operation 1761 'read' 'data_293_V_read_1' <Predicate = true> <Delay = 0.00>
ST_1 : Operation 1762 [1/1] (0.00ns)   --->   "%data_292_V_read_1 = call i8 @_ssdm_op_Read.ap_auto.i8(i8 %data_292_V_read)"   --->   Operation 1762 'read' 'data_292_V_read_1' <Predicate = true> <Delay = 0.00>
ST_1 : Operation 1763 [1/1] (0.00ns)   --->   "%data_291_V_read_1 = call i8 @_ssdm_op_Read.ap_auto.i8(i8 %data_291_V_read)"   --->   Operation 1763 'read' 'data_291_V_read_1' <Predicate = true> <Delay = 0.00>
ST_1 : Operation 1764 [1/1] (0.00ns)   --->   "%data_290_V_read_1 = call i8 @_ssdm_op_Read.ap_auto.i8(i8 %data_290_V_read)"   --->   Operation 1764 'read' 'data_290_V_read_1' <Predicate = true> <Delay = 0.00>
ST_1 : Operation 1765 [1/1] (0.00ns)   --->   "%data_289_V_read_1 = call i8 @_ssdm_op_Read.ap_auto.i8(i8 %data_289_V_read)"   --->   Operation 1765 'read' 'data_289_V_read_1' <Predicate = true> <Delay = 0.00>
ST_1 : Operation 1766 [1/1] (0.00ns)   --->   "%data_288_V_read_1 = call i8 @_ssdm_op_Read.ap_auto.i8(i8 %data_288_V_read)"   --->   Operation 1766 'read' 'data_288_V_read_1' <Predicate = true> <Delay = 0.00>
ST_1 : Operation 1767 [1/1] (0.00ns)   --->   "%data_287_V_read_1 = call i8 @_ssdm_op_Read.ap_auto.i8(i8 %data_287_V_read)"   --->   Operation 1767 'read' 'data_287_V_read_1' <Predicate = true> <Delay = 0.00>
ST_1 : Operation 1768 [1/1] (0.00ns)   --->   "%data_286_V_read_1 = call i8 @_ssdm_op_Read.ap_auto.i8(i8 %data_286_V_read)"   --->   Operation 1768 'read' 'data_286_V_read_1' <Predicate = true> <Delay = 0.00>
ST_1 : Operation 1769 [1/1] (0.00ns)   --->   "%data_285_V_read_1 = call i8 @_ssdm_op_Read.ap_auto.i8(i8 %data_285_V_read)"   --->   Operation 1769 'read' 'data_285_V_read_1' <Predicate = true> <Delay = 0.00>
ST_1 : Operation 1770 [1/1] (0.00ns)   --->   "%data_284_V_read_1 = call i8 @_ssdm_op_Read.ap_auto.i8(i8 %data_284_V_read)"   --->   Operation 1770 'read' 'data_284_V_read_1' <Predicate = true> <Delay = 0.00>
ST_1 : Operation 1771 [1/1] (0.00ns)   --->   "%data_283_V_read_1 = call i8 @_ssdm_op_Read.ap_auto.i8(i8 %data_283_V_read)"   --->   Operation 1771 'read' 'data_283_V_read_1' <Predicate = true> <Delay = 0.00>
ST_1 : Operation 1772 [1/1] (0.00ns)   --->   "%data_282_V_read_1 = call i8 @_ssdm_op_Read.ap_auto.i8(i8 %data_282_V_read)"   --->   Operation 1772 'read' 'data_282_V_read_1' <Predicate = true> <Delay = 0.00>
ST_1 : Operation 1773 [1/1] (0.00ns)   --->   "%data_281_V_read_1 = call i8 @_ssdm_op_Read.ap_auto.i8(i8 %data_281_V_read)"   --->   Operation 1773 'read' 'data_281_V_read_1' <Predicate = true> <Delay = 0.00>
ST_1 : Operation 1774 [1/1] (0.00ns)   --->   "%data_280_V_read_1 = call i8 @_ssdm_op_Read.ap_auto.i8(i8 %data_280_V_read)"   --->   Operation 1774 'read' 'data_280_V_read_1' <Predicate = true> <Delay = 0.00>
ST_1 : Operation 1775 [1/1] (0.00ns)   --->   "%data_279_V_read_1 = call i8 @_ssdm_op_Read.ap_auto.i8(i8 %data_279_V_read)"   --->   Operation 1775 'read' 'data_279_V_read_1' <Predicate = true> <Delay = 0.00>
ST_1 : Operation 1776 [1/1] (0.00ns)   --->   "%data_278_V_read_1 = call i8 @_ssdm_op_Read.ap_auto.i8(i8 %data_278_V_read)"   --->   Operation 1776 'read' 'data_278_V_read_1' <Predicate = true> <Delay = 0.00>
ST_1 : Operation 1777 [1/1] (0.00ns)   --->   "%data_277_V_read_1 = call i8 @_ssdm_op_Read.ap_auto.i8(i8 %data_277_V_read)"   --->   Operation 1777 'read' 'data_277_V_read_1' <Predicate = true> <Delay = 0.00>
ST_1 : Operation 1778 [1/1] (0.00ns)   --->   "%data_276_V_read_1 = call i8 @_ssdm_op_Read.ap_auto.i8(i8 %data_276_V_read)"   --->   Operation 1778 'read' 'data_276_V_read_1' <Predicate = true> <Delay = 0.00>
ST_1 : Operation 1779 [1/1] (0.00ns)   --->   "%data_275_V_read_1 = call i8 @_ssdm_op_Read.ap_auto.i8(i8 %data_275_V_read)"   --->   Operation 1779 'read' 'data_275_V_read_1' <Predicate = true> <Delay = 0.00>
ST_1 : Operation 1780 [1/1] (0.00ns)   --->   "%data_274_V_read_1 = call i8 @_ssdm_op_Read.ap_auto.i8(i8 %data_274_V_read)"   --->   Operation 1780 'read' 'data_274_V_read_1' <Predicate = true> <Delay = 0.00>
ST_1 : Operation 1781 [1/1] (0.00ns)   --->   "%data_273_V_read_1 = call i8 @_ssdm_op_Read.ap_auto.i8(i8 %data_273_V_read)"   --->   Operation 1781 'read' 'data_273_V_read_1' <Predicate = true> <Delay = 0.00>
ST_1 : Operation 1782 [1/1] (0.00ns)   --->   "%data_272_V_read_1 = call i8 @_ssdm_op_Read.ap_auto.i8(i8 %data_272_V_read)"   --->   Operation 1782 'read' 'data_272_V_read_1' <Predicate = true> <Delay = 0.00>
ST_1 : Operation 1783 [1/1] (0.00ns)   --->   "%data_271_V_read_1 = call i8 @_ssdm_op_Read.ap_auto.i8(i8 %data_271_V_read)"   --->   Operation 1783 'read' 'data_271_V_read_1' <Predicate = true> <Delay = 0.00>
ST_1 : Operation 1784 [1/1] (0.00ns)   --->   "%data_270_V_read_1 = call i8 @_ssdm_op_Read.ap_auto.i8(i8 %data_270_V_read)"   --->   Operation 1784 'read' 'data_270_V_read_1' <Predicate = true> <Delay = 0.00>
ST_1 : Operation 1785 [1/1] (0.00ns)   --->   "%data_269_V_read_1 = call i8 @_ssdm_op_Read.ap_auto.i8(i8 %data_269_V_read)"   --->   Operation 1785 'read' 'data_269_V_read_1' <Predicate = true> <Delay = 0.00>
ST_1 : Operation 1786 [1/1] (0.00ns)   --->   "%data_268_V_read_1 = call i8 @_ssdm_op_Read.ap_auto.i8(i8 %data_268_V_read)"   --->   Operation 1786 'read' 'data_268_V_read_1' <Predicate = true> <Delay = 0.00>
ST_1 : Operation 1787 [1/1] (0.00ns)   --->   "%data_267_V_read_1 = call i8 @_ssdm_op_Read.ap_auto.i8(i8 %data_267_V_read)"   --->   Operation 1787 'read' 'data_267_V_read_1' <Predicate = true> <Delay = 0.00>
ST_1 : Operation 1788 [1/1] (0.00ns)   --->   "%data_266_V_read_1 = call i8 @_ssdm_op_Read.ap_auto.i8(i8 %data_266_V_read)"   --->   Operation 1788 'read' 'data_266_V_read_1' <Predicate = true> <Delay = 0.00>
ST_1 : Operation 1789 [1/1] (0.00ns)   --->   "%data_265_V_read_1 = call i8 @_ssdm_op_Read.ap_auto.i8(i8 %data_265_V_read)"   --->   Operation 1789 'read' 'data_265_V_read_1' <Predicate = true> <Delay = 0.00>
ST_1 : Operation 1790 [1/1] (0.00ns)   --->   "%data_264_V_read_1 = call i8 @_ssdm_op_Read.ap_auto.i8(i8 %data_264_V_read)"   --->   Operation 1790 'read' 'data_264_V_read_1' <Predicate = true> <Delay = 0.00>
ST_1 : Operation 1791 [1/1] (0.00ns)   --->   "%data_263_V_read_1 = call i8 @_ssdm_op_Read.ap_auto.i8(i8 %data_263_V_read)"   --->   Operation 1791 'read' 'data_263_V_read_1' <Predicate = true> <Delay = 0.00>
ST_1 : Operation 1792 [1/1] (0.00ns)   --->   "%data_262_V_read_1 = call i8 @_ssdm_op_Read.ap_auto.i8(i8 %data_262_V_read)"   --->   Operation 1792 'read' 'data_262_V_read_1' <Predicate = true> <Delay = 0.00>
ST_1 : Operation 1793 [1/1] (0.00ns)   --->   "%data_261_V_read_1 = call i8 @_ssdm_op_Read.ap_auto.i8(i8 %data_261_V_read)"   --->   Operation 1793 'read' 'data_261_V_read_1' <Predicate = true> <Delay = 0.00>
ST_1 : Operation 1794 [1/1] (0.00ns)   --->   "%data_260_V_read_1 = call i8 @_ssdm_op_Read.ap_auto.i8(i8 %data_260_V_read)"   --->   Operation 1794 'read' 'data_260_V_read_1' <Predicate = true> <Delay = 0.00>
ST_1 : Operation 1795 [1/1] (0.00ns)   --->   "%data_259_V_read_1 = call i8 @_ssdm_op_Read.ap_auto.i8(i8 %data_259_V_read)"   --->   Operation 1795 'read' 'data_259_V_read_1' <Predicate = true> <Delay = 0.00>
ST_1 : Operation 1796 [1/1] (0.00ns)   --->   "%data_258_V_read_1 = call i8 @_ssdm_op_Read.ap_auto.i8(i8 %data_258_V_read)"   --->   Operation 1796 'read' 'data_258_V_read_1' <Predicate = true> <Delay = 0.00>
ST_1 : Operation 1797 [1/1] (0.00ns)   --->   "%data_257_V_read_1 = call i8 @_ssdm_op_Read.ap_auto.i8(i8 %data_257_V_read)"   --->   Operation 1797 'read' 'data_257_V_read_1' <Predicate = true> <Delay = 0.00>
ST_1 : Operation 1798 [1/1] (0.00ns)   --->   "%data_256_V_read_1 = call i8 @_ssdm_op_Read.ap_auto.i8(i8 %data_256_V_read)"   --->   Operation 1798 'read' 'data_256_V_read_1' <Predicate = true> <Delay = 0.00>
ST_1 : Operation 1799 [1/1] (0.00ns)   --->   "%data_255_V_read_1 = call i8 @_ssdm_op_Read.ap_auto.i8(i8 %data_255_V_read)"   --->   Operation 1799 'read' 'data_255_V_read_1' <Predicate = true> <Delay = 0.00>
ST_1 : Operation 1800 [1/1] (0.00ns)   --->   "%data_254_V_read_1 = call i8 @_ssdm_op_Read.ap_auto.i8(i8 %data_254_V_read)"   --->   Operation 1800 'read' 'data_254_V_read_1' <Predicate = true> <Delay = 0.00>
ST_1 : Operation 1801 [1/1] (0.00ns)   --->   "%data_253_V_read_1 = call i8 @_ssdm_op_Read.ap_auto.i8(i8 %data_253_V_read)"   --->   Operation 1801 'read' 'data_253_V_read_1' <Predicate = true> <Delay = 0.00>
ST_1 : Operation 1802 [1/1] (0.00ns)   --->   "%data_252_V_read_1 = call i8 @_ssdm_op_Read.ap_auto.i8(i8 %data_252_V_read)"   --->   Operation 1802 'read' 'data_252_V_read_1' <Predicate = true> <Delay = 0.00>
ST_1 : Operation 1803 [1/1] (0.00ns)   --->   "%data_251_V_read_1 = call i8 @_ssdm_op_Read.ap_auto.i8(i8 %data_251_V_read)"   --->   Operation 1803 'read' 'data_251_V_read_1' <Predicate = true> <Delay = 0.00>
ST_1 : Operation 1804 [1/1] (0.00ns)   --->   "%data_250_V_read_1 = call i8 @_ssdm_op_Read.ap_auto.i8(i8 %data_250_V_read)"   --->   Operation 1804 'read' 'data_250_V_read_1' <Predicate = true> <Delay = 0.00>
ST_1 : Operation 1805 [1/1] (0.00ns)   --->   "%data_249_V_read_1 = call i8 @_ssdm_op_Read.ap_auto.i8(i8 %data_249_V_read)"   --->   Operation 1805 'read' 'data_249_V_read_1' <Predicate = true> <Delay = 0.00>
ST_1 : Operation 1806 [1/1] (0.00ns)   --->   "%data_248_V_read_1 = call i8 @_ssdm_op_Read.ap_auto.i8(i8 %data_248_V_read)"   --->   Operation 1806 'read' 'data_248_V_read_1' <Predicate = true> <Delay = 0.00>
ST_1 : Operation 1807 [1/1] (0.00ns)   --->   "%data_247_V_read_1 = call i8 @_ssdm_op_Read.ap_auto.i8(i8 %data_247_V_read)"   --->   Operation 1807 'read' 'data_247_V_read_1' <Predicate = true> <Delay = 0.00>
ST_1 : Operation 1808 [1/1] (0.00ns)   --->   "%data_246_V_read_1 = call i8 @_ssdm_op_Read.ap_auto.i8(i8 %data_246_V_read)"   --->   Operation 1808 'read' 'data_246_V_read_1' <Predicate = true> <Delay = 0.00>
ST_1 : Operation 1809 [1/1] (0.00ns)   --->   "%data_245_V_read_1 = call i8 @_ssdm_op_Read.ap_auto.i8(i8 %data_245_V_read)"   --->   Operation 1809 'read' 'data_245_V_read_1' <Predicate = true> <Delay = 0.00>
ST_1 : Operation 1810 [1/1] (0.00ns)   --->   "%data_244_V_read_1 = call i8 @_ssdm_op_Read.ap_auto.i8(i8 %data_244_V_read)"   --->   Operation 1810 'read' 'data_244_V_read_1' <Predicate = true> <Delay = 0.00>
ST_1 : Operation 1811 [1/1] (0.00ns)   --->   "%data_243_V_read_1 = call i8 @_ssdm_op_Read.ap_auto.i8(i8 %data_243_V_read)"   --->   Operation 1811 'read' 'data_243_V_read_1' <Predicate = true> <Delay = 0.00>
ST_1 : Operation 1812 [1/1] (0.00ns)   --->   "%data_242_V_read_1 = call i8 @_ssdm_op_Read.ap_auto.i8(i8 %data_242_V_read)"   --->   Operation 1812 'read' 'data_242_V_read_1' <Predicate = true> <Delay = 0.00>
ST_1 : Operation 1813 [1/1] (0.00ns)   --->   "%data_241_V_read_1 = call i8 @_ssdm_op_Read.ap_auto.i8(i8 %data_241_V_read)"   --->   Operation 1813 'read' 'data_241_V_read_1' <Predicate = true> <Delay = 0.00>
ST_1 : Operation 1814 [1/1] (0.00ns)   --->   "%data_240_V_read_1 = call i8 @_ssdm_op_Read.ap_auto.i8(i8 %data_240_V_read)"   --->   Operation 1814 'read' 'data_240_V_read_1' <Predicate = true> <Delay = 0.00>
ST_1 : Operation 1815 [1/1] (0.00ns)   --->   "%data_239_V_read_1 = call i8 @_ssdm_op_Read.ap_auto.i8(i8 %data_239_V_read)"   --->   Operation 1815 'read' 'data_239_V_read_1' <Predicate = true> <Delay = 0.00>
ST_1 : Operation 1816 [1/1] (0.00ns)   --->   "%data_238_V_read_1 = call i8 @_ssdm_op_Read.ap_auto.i8(i8 %data_238_V_read)"   --->   Operation 1816 'read' 'data_238_V_read_1' <Predicate = true> <Delay = 0.00>
ST_1 : Operation 1817 [1/1] (0.00ns)   --->   "%data_237_V_read_1 = call i8 @_ssdm_op_Read.ap_auto.i8(i8 %data_237_V_read)"   --->   Operation 1817 'read' 'data_237_V_read_1' <Predicate = true> <Delay = 0.00>
ST_1 : Operation 1818 [1/1] (0.00ns)   --->   "%data_236_V_read_1 = call i8 @_ssdm_op_Read.ap_auto.i8(i8 %data_236_V_read)"   --->   Operation 1818 'read' 'data_236_V_read_1' <Predicate = true> <Delay = 0.00>
ST_1 : Operation 1819 [1/1] (0.00ns)   --->   "%data_235_V_read_1 = call i8 @_ssdm_op_Read.ap_auto.i8(i8 %data_235_V_read)"   --->   Operation 1819 'read' 'data_235_V_read_1' <Predicate = true> <Delay = 0.00>
ST_1 : Operation 1820 [1/1] (0.00ns)   --->   "%data_234_V_read_1 = call i8 @_ssdm_op_Read.ap_auto.i8(i8 %data_234_V_read)"   --->   Operation 1820 'read' 'data_234_V_read_1' <Predicate = true> <Delay = 0.00>
ST_1 : Operation 1821 [1/1] (0.00ns)   --->   "%data_233_V_read_1 = call i8 @_ssdm_op_Read.ap_auto.i8(i8 %data_233_V_read)"   --->   Operation 1821 'read' 'data_233_V_read_1' <Predicate = true> <Delay = 0.00>
ST_1 : Operation 1822 [1/1] (0.00ns)   --->   "%data_232_V_read_1 = call i8 @_ssdm_op_Read.ap_auto.i8(i8 %data_232_V_read)"   --->   Operation 1822 'read' 'data_232_V_read_1' <Predicate = true> <Delay = 0.00>
ST_1 : Operation 1823 [1/1] (0.00ns)   --->   "%data_231_V_read_1 = call i8 @_ssdm_op_Read.ap_auto.i8(i8 %data_231_V_read)"   --->   Operation 1823 'read' 'data_231_V_read_1' <Predicate = true> <Delay = 0.00>
ST_1 : Operation 1824 [1/1] (0.00ns)   --->   "%data_230_V_read_1 = call i8 @_ssdm_op_Read.ap_auto.i8(i8 %data_230_V_read)"   --->   Operation 1824 'read' 'data_230_V_read_1' <Predicate = true> <Delay = 0.00>
ST_1 : Operation 1825 [1/1] (0.00ns)   --->   "%data_229_V_read_1 = call i8 @_ssdm_op_Read.ap_auto.i8(i8 %data_229_V_read)"   --->   Operation 1825 'read' 'data_229_V_read_1' <Predicate = true> <Delay = 0.00>
ST_1 : Operation 1826 [1/1] (0.00ns)   --->   "%data_228_V_read_1 = call i8 @_ssdm_op_Read.ap_auto.i8(i8 %data_228_V_read)"   --->   Operation 1826 'read' 'data_228_V_read_1' <Predicate = true> <Delay = 0.00>
ST_1 : Operation 1827 [1/1] (0.00ns)   --->   "%data_227_V_read_1 = call i8 @_ssdm_op_Read.ap_auto.i8(i8 %data_227_V_read)"   --->   Operation 1827 'read' 'data_227_V_read_1' <Predicate = true> <Delay = 0.00>
ST_1 : Operation 1828 [1/1] (0.00ns)   --->   "%data_226_V_read_1 = call i8 @_ssdm_op_Read.ap_auto.i8(i8 %data_226_V_read)"   --->   Operation 1828 'read' 'data_226_V_read_1' <Predicate = true> <Delay = 0.00>
ST_1 : Operation 1829 [1/1] (0.00ns)   --->   "%data_225_V_read_1 = call i8 @_ssdm_op_Read.ap_auto.i8(i8 %data_225_V_read)"   --->   Operation 1829 'read' 'data_225_V_read_1' <Predicate = true> <Delay = 0.00>
ST_1 : Operation 1830 [1/1] (0.00ns)   --->   "%data_224_V_read_1 = call i8 @_ssdm_op_Read.ap_auto.i8(i8 %data_224_V_read)"   --->   Operation 1830 'read' 'data_224_V_read_1' <Predicate = true> <Delay = 0.00>
ST_1 : Operation 1831 [1/1] (0.00ns)   --->   "%data_223_V_read_1 = call i8 @_ssdm_op_Read.ap_auto.i8(i8 %data_223_V_read)"   --->   Operation 1831 'read' 'data_223_V_read_1' <Predicate = true> <Delay = 0.00>
ST_1 : Operation 1832 [1/1] (0.00ns)   --->   "%data_222_V_read_1 = call i8 @_ssdm_op_Read.ap_auto.i8(i8 %data_222_V_read)"   --->   Operation 1832 'read' 'data_222_V_read_1' <Predicate = true> <Delay = 0.00>
ST_1 : Operation 1833 [1/1] (0.00ns)   --->   "%data_221_V_read_1 = call i8 @_ssdm_op_Read.ap_auto.i8(i8 %data_221_V_read)"   --->   Operation 1833 'read' 'data_221_V_read_1' <Predicate = true> <Delay = 0.00>
ST_1 : Operation 1834 [1/1] (0.00ns)   --->   "%data_220_V_read_1 = call i8 @_ssdm_op_Read.ap_auto.i8(i8 %data_220_V_read)"   --->   Operation 1834 'read' 'data_220_V_read_1' <Predicate = true> <Delay = 0.00>
ST_1 : Operation 1835 [1/1] (0.00ns)   --->   "%data_219_V_read_1 = call i8 @_ssdm_op_Read.ap_auto.i8(i8 %data_219_V_read)"   --->   Operation 1835 'read' 'data_219_V_read_1' <Predicate = true> <Delay = 0.00>
ST_1 : Operation 1836 [1/1] (0.00ns)   --->   "%data_218_V_read_1 = call i8 @_ssdm_op_Read.ap_auto.i8(i8 %data_218_V_read)"   --->   Operation 1836 'read' 'data_218_V_read_1' <Predicate = true> <Delay = 0.00>
ST_1 : Operation 1837 [1/1] (0.00ns)   --->   "%data_217_V_read_1 = call i8 @_ssdm_op_Read.ap_auto.i8(i8 %data_217_V_read)"   --->   Operation 1837 'read' 'data_217_V_read_1' <Predicate = true> <Delay = 0.00>
ST_1 : Operation 1838 [1/1] (0.00ns)   --->   "%data_216_V_read_1 = call i8 @_ssdm_op_Read.ap_auto.i8(i8 %data_216_V_read)"   --->   Operation 1838 'read' 'data_216_V_read_1' <Predicate = true> <Delay = 0.00>
ST_1 : Operation 1839 [1/1] (0.00ns)   --->   "%data_215_V_read_1 = call i8 @_ssdm_op_Read.ap_auto.i8(i8 %data_215_V_read)"   --->   Operation 1839 'read' 'data_215_V_read_1' <Predicate = true> <Delay = 0.00>
ST_1 : Operation 1840 [1/1] (0.00ns)   --->   "%data_214_V_read_1 = call i8 @_ssdm_op_Read.ap_auto.i8(i8 %data_214_V_read)"   --->   Operation 1840 'read' 'data_214_V_read_1' <Predicate = true> <Delay = 0.00>
ST_1 : Operation 1841 [1/1] (0.00ns)   --->   "%data_213_V_read_1 = call i8 @_ssdm_op_Read.ap_auto.i8(i8 %data_213_V_read)"   --->   Operation 1841 'read' 'data_213_V_read_1' <Predicate = true> <Delay = 0.00>
ST_1 : Operation 1842 [1/1] (0.00ns)   --->   "%data_212_V_read_1 = call i8 @_ssdm_op_Read.ap_auto.i8(i8 %data_212_V_read)"   --->   Operation 1842 'read' 'data_212_V_read_1' <Predicate = true> <Delay = 0.00>
ST_1 : Operation 1843 [1/1] (0.00ns)   --->   "%data_211_V_read_1 = call i8 @_ssdm_op_Read.ap_auto.i8(i8 %data_211_V_read)"   --->   Operation 1843 'read' 'data_211_V_read_1' <Predicate = true> <Delay = 0.00>
ST_1 : Operation 1844 [1/1] (0.00ns)   --->   "%data_210_V_read_1 = call i8 @_ssdm_op_Read.ap_auto.i8(i8 %data_210_V_read)"   --->   Operation 1844 'read' 'data_210_V_read_1' <Predicate = true> <Delay = 0.00>
ST_1 : Operation 1845 [1/1] (0.00ns)   --->   "%data_209_V_read_1 = call i8 @_ssdm_op_Read.ap_auto.i8(i8 %data_209_V_read)"   --->   Operation 1845 'read' 'data_209_V_read_1' <Predicate = true> <Delay = 0.00>
ST_1 : Operation 1846 [1/1] (0.00ns)   --->   "%data_208_V_read_1 = call i8 @_ssdm_op_Read.ap_auto.i8(i8 %data_208_V_read)"   --->   Operation 1846 'read' 'data_208_V_read_1' <Predicate = true> <Delay = 0.00>
ST_1 : Operation 1847 [1/1] (0.00ns)   --->   "%data_207_V_read_1 = call i8 @_ssdm_op_Read.ap_auto.i8(i8 %data_207_V_read)"   --->   Operation 1847 'read' 'data_207_V_read_1' <Predicate = true> <Delay = 0.00>
ST_1 : Operation 1848 [1/1] (0.00ns)   --->   "%data_206_V_read_1 = call i8 @_ssdm_op_Read.ap_auto.i8(i8 %data_206_V_read)"   --->   Operation 1848 'read' 'data_206_V_read_1' <Predicate = true> <Delay = 0.00>
ST_1 : Operation 1849 [1/1] (0.00ns)   --->   "%data_205_V_read_1 = call i8 @_ssdm_op_Read.ap_auto.i8(i8 %data_205_V_read)"   --->   Operation 1849 'read' 'data_205_V_read_1' <Predicate = true> <Delay = 0.00>
ST_1 : Operation 1850 [1/1] (0.00ns)   --->   "%data_204_V_read_1 = call i8 @_ssdm_op_Read.ap_auto.i8(i8 %data_204_V_read)"   --->   Operation 1850 'read' 'data_204_V_read_1' <Predicate = true> <Delay = 0.00>
ST_1 : Operation 1851 [1/1] (0.00ns)   --->   "%data_203_V_read_1 = call i8 @_ssdm_op_Read.ap_auto.i8(i8 %data_203_V_read)"   --->   Operation 1851 'read' 'data_203_V_read_1' <Predicate = true> <Delay = 0.00>
ST_1 : Operation 1852 [1/1] (0.00ns)   --->   "%data_202_V_read_1 = call i8 @_ssdm_op_Read.ap_auto.i8(i8 %data_202_V_read)"   --->   Operation 1852 'read' 'data_202_V_read_1' <Predicate = true> <Delay = 0.00>
ST_1 : Operation 1853 [1/1] (0.00ns)   --->   "%data_201_V_read_1 = call i8 @_ssdm_op_Read.ap_auto.i8(i8 %data_201_V_read)"   --->   Operation 1853 'read' 'data_201_V_read_1' <Predicate = true> <Delay = 0.00>
ST_1 : Operation 1854 [1/1] (0.00ns)   --->   "%data_200_V_read_1 = call i8 @_ssdm_op_Read.ap_auto.i8(i8 %data_200_V_read)"   --->   Operation 1854 'read' 'data_200_V_read_1' <Predicate = true> <Delay = 0.00>
ST_1 : Operation 1855 [1/1] (0.00ns)   --->   "%data_199_V_read_1 = call i8 @_ssdm_op_Read.ap_auto.i8(i8 %data_199_V_read)"   --->   Operation 1855 'read' 'data_199_V_read_1' <Predicate = true> <Delay = 0.00>
ST_1 : Operation 1856 [1/1] (0.00ns)   --->   "%data_198_V_read_1 = call i8 @_ssdm_op_Read.ap_auto.i8(i8 %data_198_V_read)"   --->   Operation 1856 'read' 'data_198_V_read_1' <Predicate = true> <Delay = 0.00>
ST_1 : Operation 1857 [1/1] (0.00ns)   --->   "%data_197_V_read_1 = call i8 @_ssdm_op_Read.ap_auto.i8(i8 %data_197_V_read)"   --->   Operation 1857 'read' 'data_197_V_read_1' <Predicate = true> <Delay = 0.00>
ST_1 : Operation 1858 [1/1] (0.00ns)   --->   "%data_196_V_read_1 = call i8 @_ssdm_op_Read.ap_auto.i8(i8 %data_196_V_read)"   --->   Operation 1858 'read' 'data_196_V_read_1' <Predicate = true> <Delay = 0.00>
ST_1 : Operation 1859 [1/1] (0.00ns)   --->   "%data_195_V_read_1 = call i8 @_ssdm_op_Read.ap_auto.i8(i8 %data_195_V_read)"   --->   Operation 1859 'read' 'data_195_V_read_1' <Predicate = true> <Delay = 0.00>
ST_1 : Operation 1860 [1/1] (0.00ns)   --->   "%data_194_V_read_1 = call i8 @_ssdm_op_Read.ap_auto.i8(i8 %data_194_V_read)"   --->   Operation 1860 'read' 'data_194_V_read_1' <Predicate = true> <Delay = 0.00>
ST_1 : Operation 1861 [1/1] (0.00ns)   --->   "%data_193_V_read_1 = call i8 @_ssdm_op_Read.ap_auto.i8(i8 %data_193_V_read)"   --->   Operation 1861 'read' 'data_193_V_read_1' <Predicate = true> <Delay = 0.00>
ST_1 : Operation 1862 [1/1] (0.00ns)   --->   "%data_192_V_read_1 = call i8 @_ssdm_op_Read.ap_auto.i8(i8 %data_192_V_read)"   --->   Operation 1862 'read' 'data_192_V_read_1' <Predicate = true> <Delay = 0.00>
ST_1 : Operation 1863 [1/1] (0.00ns)   --->   "%data_191_V_read_1 = call i8 @_ssdm_op_Read.ap_auto.i8(i8 %data_191_V_read)"   --->   Operation 1863 'read' 'data_191_V_read_1' <Predicate = true> <Delay = 0.00>
ST_1 : Operation 1864 [1/1] (0.00ns)   --->   "%data_190_V_read_1 = call i8 @_ssdm_op_Read.ap_auto.i8(i8 %data_190_V_read)"   --->   Operation 1864 'read' 'data_190_V_read_1' <Predicate = true> <Delay = 0.00>
ST_1 : Operation 1865 [1/1] (0.00ns)   --->   "%data_189_V_read_1 = call i8 @_ssdm_op_Read.ap_auto.i8(i8 %data_189_V_read)"   --->   Operation 1865 'read' 'data_189_V_read_1' <Predicate = true> <Delay = 0.00>
ST_1 : Operation 1866 [1/1] (0.00ns)   --->   "%data_188_V_read_1 = call i8 @_ssdm_op_Read.ap_auto.i8(i8 %data_188_V_read)"   --->   Operation 1866 'read' 'data_188_V_read_1' <Predicate = true> <Delay = 0.00>
ST_1 : Operation 1867 [1/1] (0.00ns)   --->   "%data_187_V_read_1 = call i8 @_ssdm_op_Read.ap_auto.i8(i8 %data_187_V_read)"   --->   Operation 1867 'read' 'data_187_V_read_1' <Predicate = true> <Delay = 0.00>
ST_1 : Operation 1868 [1/1] (0.00ns)   --->   "%data_186_V_read_1 = call i8 @_ssdm_op_Read.ap_auto.i8(i8 %data_186_V_read)"   --->   Operation 1868 'read' 'data_186_V_read_1' <Predicate = true> <Delay = 0.00>
ST_1 : Operation 1869 [1/1] (0.00ns)   --->   "%data_185_V_read_1 = call i8 @_ssdm_op_Read.ap_auto.i8(i8 %data_185_V_read)"   --->   Operation 1869 'read' 'data_185_V_read_1' <Predicate = true> <Delay = 0.00>
ST_1 : Operation 1870 [1/1] (0.00ns)   --->   "%data_184_V_read_1 = call i8 @_ssdm_op_Read.ap_auto.i8(i8 %data_184_V_read)"   --->   Operation 1870 'read' 'data_184_V_read_1' <Predicate = true> <Delay = 0.00>
ST_1 : Operation 1871 [1/1] (0.00ns)   --->   "%data_183_V_read_1 = call i8 @_ssdm_op_Read.ap_auto.i8(i8 %data_183_V_read)"   --->   Operation 1871 'read' 'data_183_V_read_1' <Predicate = true> <Delay = 0.00>
ST_1 : Operation 1872 [1/1] (0.00ns)   --->   "%data_182_V_read_1 = call i8 @_ssdm_op_Read.ap_auto.i8(i8 %data_182_V_read)"   --->   Operation 1872 'read' 'data_182_V_read_1' <Predicate = true> <Delay = 0.00>
ST_1 : Operation 1873 [1/1] (0.00ns)   --->   "%data_181_V_read_1 = call i8 @_ssdm_op_Read.ap_auto.i8(i8 %data_181_V_read)"   --->   Operation 1873 'read' 'data_181_V_read_1' <Predicate = true> <Delay = 0.00>
ST_1 : Operation 1874 [1/1] (0.00ns)   --->   "%data_180_V_read_1 = call i8 @_ssdm_op_Read.ap_auto.i8(i8 %data_180_V_read)"   --->   Operation 1874 'read' 'data_180_V_read_1' <Predicate = true> <Delay = 0.00>
ST_1 : Operation 1875 [1/1] (0.00ns)   --->   "%data_179_V_read_1 = call i8 @_ssdm_op_Read.ap_auto.i8(i8 %data_179_V_read)"   --->   Operation 1875 'read' 'data_179_V_read_1' <Predicate = true> <Delay = 0.00>
ST_1 : Operation 1876 [1/1] (0.00ns)   --->   "%data_178_V_read_1 = call i8 @_ssdm_op_Read.ap_auto.i8(i8 %data_178_V_read)"   --->   Operation 1876 'read' 'data_178_V_read_1' <Predicate = true> <Delay = 0.00>
ST_1 : Operation 1877 [1/1] (0.00ns)   --->   "%data_177_V_read_1 = call i8 @_ssdm_op_Read.ap_auto.i8(i8 %data_177_V_read)"   --->   Operation 1877 'read' 'data_177_V_read_1' <Predicate = true> <Delay = 0.00>
ST_1 : Operation 1878 [1/1] (0.00ns)   --->   "%data_176_V_read_1 = call i8 @_ssdm_op_Read.ap_auto.i8(i8 %data_176_V_read)"   --->   Operation 1878 'read' 'data_176_V_read_1' <Predicate = true> <Delay = 0.00>
ST_1 : Operation 1879 [1/1] (0.00ns)   --->   "%data_175_V_read_1 = call i8 @_ssdm_op_Read.ap_auto.i8(i8 %data_175_V_read)"   --->   Operation 1879 'read' 'data_175_V_read_1' <Predicate = true> <Delay = 0.00>
ST_1 : Operation 1880 [1/1] (0.00ns)   --->   "%data_174_V_read_1 = call i8 @_ssdm_op_Read.ap_auto.i8(i8 %data_174_V_read)"   --->   Operation 1880 'read' 'data_174_V_read_1' <Predicate = true> <Delay = 0.00>
ST_1 : Operation 1881 [1/1] (0.00ns)   --->   "%data_173_V_read_1 = call i8 @_ssdm_op_Read.ap_auto.i8(i8 %data_173_V_read)"   --->   Operation 1881 'read' 'data_173_V_read_1' <Predicate = true> <Delay = 0.00>
ST_1 : Operation 1882 [1/1] (0.00ns)   --->   "%data_172_V_read_1 = call i8 @_ssdm_op_Read.ap_auto.i8(i8 %data_172_V_read)"   --->   Operation 1882 'read' 'data_172_V_read_1' <Predicate = true> <Delay = 0.00>
ST_1 : Operation 1883 [1/1] (0.00ns)   --->   "%data_171_V_read_1 = call i8 @_ssdm_op_Read.ap_auto.i8(i8 %data_171_V_read)"   --->   Operation 1883 'read' 'data_171_V_read_1' <Predicate = true> <Delay = 0.00>
ST_1 : Operation 1884 [1/1] (0.00ns)   --->   "%data_170_V_read_1 = call i8 @_ssdm_op_Read.ap_auto.i8(i8 %data_170_V_read)"   --->   Operation 1884 'read' 'data_170_V_read_1' <Predicate = true> <Delay = 0.00>
ST_1 : Operation 1885 [1/1] (0.00ns)   --->   "%data_169_V_read_1 = call i8 @_ssdm_op_Read.ap_auto.i8(i8 %data_169_V_read)"   --->   Operation 1885 'read' 'data_169_V_read_1' <Predicate = true> <Delay = 0.00>
ST_1 : Operation 1886 [1/1] (0.00ns)   --->   "%data_168_V_read_1 = call i8 @_ssdm_op_Read.ap_auto.i8(i8 %data_168_V_read)"   --->   Operation 1886 'read' 'data_168_V_read_1' <Predicate = true> <Delay = 0.00>
ST_1 : Operation 1887 [1/1] (0.00ns)   --->   "%data_167_V_read_1 = call i8 @_ssdm_op_Read.ap_auto.i8(i8 %data_167_V_read)"   --->   Operation 1887 'read' 'data_167_V_read_1' <Predicate = true> <Delay = 0.00>
ST_1 : Operation 1888 [1/1] (0.00ns)   --->   "%data_166_V_read_1 = call i8 @_ssdm_op_Read.ap_auto.i8(i8 %data_166_V_read)"   --->   Operation 1888 'read' 'data_166_V_read_1' <Predicate = true> <Delay = 0.00>
ST_1 : Operation 1889 [1/1] (0.00ns)   --->   "%data_165_V_read_1 = call i8 @_ssdm_op_Read.ap_auto.i8(i8 %data_165_V_read)"   --->   Operation 1889 'read' 'data_165_V_read_1' <Predicate = true> <Delay = 0.00>
ST_1 : Operation 1890 [1/1] (0.00ns)   --->   "%data_164_V_read_1 = call i8 @_ssdm_op_Read.ap_auto.i8(i8 %data_164_V_read)"   --->   Operation 1890 'read' 'data_164_V_read_1' <Predicate = true> <Delay = 0.00>
ST_1 : Operation 1891 [1/1] (0.00ns)   --->   "%data_163_V_read_1 = call i8 @_ssdm_op_Read.ap_auto.i8(i8 %data_163_V_read)"   --->   Operation 1891 'read' 'data_163_V_read_1' <Predicate = true> <Delay = 0.00>
ST_1 : Operation 1892 [1/1] (0.00ns)   --->   "%data_162_V_read_1 = call i8 @_ssdm_op_Read.ap_auto.i8(i8 %data_162_V_read)"   --->   Operation 1892 'read' 'data_162_V_read_1' <Predicate = true> <Delay = 0.00>
ST_1 : Operation 1893 [1/1] (0.00ns)   --->   "%data_161_V_read_1 = call i8 @_ssdm_op_Read.ap_auto.i8(i8 %data_161_V_read)"   --->   Operation 1893 'read' 'data_161_V_read_1' <Predicate = true> <Delay = 0.00>
ST_1 : Operation 1894 [1/1] (0.00ns)   --->   "%data_160_V_read_1 = call i8 @_ssdm_op_Read.ap_auto.i8(i8 %data_160_V_read)"   --->   Operation 1894 'read' 'data_160_V_read_1' <Predicate = true> <Delay = 0.00>
ST_1 : Operation 1895 [1/1] (0.00ns)   --->   "%data_159_V_read_1 = call i8 @_ssdm_op_Read.ap_auto.i8(i8 %data_159_V_read)"   --->   Operation 1895 'read' 'data_159_V_read_1' <Predicate = true> <Delay = 0.00>
ST_1 : Operation 1896 [1/1] (0.00ns)   --->   "%data_158_V_read_1 = call i8 @_ssdm_op_Read.ap_auto.i8(i8 %data_158_V_read)"   --->   Operation 1896 'read' 'data_158_V_read_1' <Predicate = true> <Delay = 0.00>
ST_1 : Operation 1897 [1/1] (0.00ns)   --->   "%data_157_V_read_1 = call i8 @_ssdm_op_Read.ap_auto.i8(i8 %data_157_V_read)"   --->   Operation 1897 'read' 'data_157_V_read_1' <Predicate = true> <Delay = 0.00>
ST_1 : Operation 1898 [1/1] (0.00ns)   --->   "%data_156_V_read_1 = call i8 @_ssdm_op_Read.ap_auto.i8(i8 %data_156_V_read)"   --->   Operation 1898 'read' 'data_156_V_read_1' <Predicate = true> <Delay = 0.00>
ST_1 : Operation 1899 [1/1] (0.00ns)   --->   "%data_155_V_read_1 = call i8 @_ssdm_op_Read.ap_auto.i8(i8 %data_155_V_read)"   --->   Operation 1899 'read' 'data_155_V_read_1' <Predicate = true> <Delay = 0.00>
ST_1 : Operation 1900 [1/1] (0.00ns)   --->   "%data_154_V_read_1 = call i8 @_ssdm_op_Read.ap_auto.i8(i8 %data_154_V_read)"   --->   Operation 1900 'read' 'data_154_V_read_1' <Predicate = true> <Delay = 0.00>
ST_1 : Operation 1901 [1/1] (0.00ns)   --->   "%data_153_V_read_1 = call i8 @_ssdm_op_Read.ap_auto.i8(i8 %data_153_V_read)"   --->   Operation 1901 'read' 'data_153_V_read_1' <Predicate = true> <Delay = 0.00>
ST_1 : Operation 1902 [1/1] (0.00ns)   --->   "%data_152_V_read_1 = call i8 @_ssdm_op_Read.ap_auto.i8(i8 %data_152_V_read)"   --->   Operation 1902 'read' 'data_152_V_read_1' <Predicate = true> <Delay = 0.00>
ST_1 : Operation 1903 [1/1] (0.00ns)   --->   "%data_151_V_read_1 = call i8 @_ssdm_op_Read.ap_auto.i8(i8 %data_151_V_read)"   --->   Operation 1903 'read' 'data_151_V_read_1' <Predicate = true> <Delay = 0.00>
ST_1 : Operation 1904 [1/1] (0.00ns)   --->   "%data_150_V_read_1 = call i8 @_ssdm_op_Read.ap_auto.i8(i8 %data_150_V_read)"   --->   Operation 1904 'read' 'data_150_V_read_1' <Predicate = true> <Delay = 0.00>
ST_1 : Operation 1905 [1/1] (0.00ns)   --->   "%data_149_V_read_1 = call i8 @_ssdm_op_Read.ap_auto.i8(i8 %data_149_V_read)"   --->   Operation 1905 'read' 'data_149_V_read_1' <Predicate = true> <Delay = 0.00>
ST_1 : Operation 1906 [1/1] (0.00ns)   --->   "%data_148_V_read_1 = call i8 @_ssdm_op_Read.ap_auto.i8(i8 %data_148_V_read)"   --->   Operation 1906 'read' 'data_148_V_read_1' <Predicate = true> <Delay = 0.00>
ST_1 : Operation 1907 [1/1] (0.00ns)   --->   "%data_147_V_read_1 = call i8 @_ssdm_op_Read.ap_auto.i8(i8 %data_147_V_read)"   --->   Operation 1907 'read' 'data_147_V_read_1' <Predicate = true> <Delay = 0.00>
ST_1 : Operation 1908 [1/1] (0.00ns)   --->   "%data_146_V_read_1 = call i8 @_ssdm_op_Read.ap_auto.i8(i8 %data_146_V_read)"   --->   Operation 1908 'read' 'data_146_V_read_1' <Predicate = true> <Delay = 0.00>
ST_1 : Operation 1909 [1/1] (0.00ns)   --->   "%data_145_V_read_1 = call i8 @_ssdm_op_Read.ap_auto.i8(i8 %data_145_V_read)"   --->   Operation 1909 'read' 'data_145_V_read_1' <Predicate = true> <Delay = 0.00>
ST_1 : Operation 1910 [1/1] (0.00ns)   --->   "%data_144_V_read_1 = call i8 @_ssdm_op_Read.ap_auto.i8(i8 %data_144_V_read)"   --->   Operation 1910 'read' 'data_144_V_read_1' <Predicate = true> <Delay = 0.00>
ST_1 : Operation 1911 [1/1] (0.00ns)   --->   "%data_143_V_read_1 = call i8 @_ssdm_op_Read.ap_auto.i8(i8 %data_143_V_read)"   --->   Operation 1911 'read' 'data_143_V_read_1' <Predicate = true> <Delay = 0.00>
ST_1 : Operation 1912 [1/1] (0.00ns)   --->   "%data_142_V_read_1 = call i8 @_ssdm_op_Read.ap_auto.i8(i8 %data_142_V_read)"   --->   Operation 1912 'read' 'data_142_V_read_1' <Predicate = true> <Delay = 0.00>
ST_1 : Operation 1913 [1/1] (0.00ns)   --->   "%data_141_V_read_1 = call i8 @_ssdm_op_Read.ap_auto.i8(i8 %data_141_V_read)"   --->   Operation 1913 'read' 'data_141_V_read_1' <Predicate = true> <Delay = 0.00>
ST_1 : Operation 1914 [1/1] (0.00ns)   --->   "%data_140_V_read_1 = call i8 @_ssdm_op_Read.ap_auto.i8(i8 %data_140_V_read)"   --->   Operation 1914 'read' 'data_140_V_read_1' <Predicate = true> <Delay = 0.00>
ST_1 : Operation 1915 [1/1] (0.00ns)   --->   "%data_139_V_read_1 = call i8 @_ssdm_op_Read.ap_auto.i8(i8 %data_139_V_read)"   --->   Operation 1915 'read' 'data_139_V_read_1' <Predicate = true> <Delay = 0.00>
ST_1 : Operation 1916 [1/1] (0.00ns)   --->   "%data_138_V_read_1 = call i8 @_ssdm_op_Read.ap_auto.i8(i8 %data_138_V_read)"   --->   Operation 1916 'read' 'data_138_V_read_1' <Predicate = true> <Delay = 0.00>
ST_1 : Operation 1917 [1/1] (0.00ns)   --->   "%data_137_V_read_1 = call i8 @_ssdm_op_Read.ap_auto.i8(i8 %data_137_V_read)"   --->   Operation 1917 'read' 'data_137_V_read_1' <Predicate = true> <Delay = 0.00>
ST_1 : Operation 1918 [1/1] (0.00ns)   --->   "%data_136_V_read_1 = call i8 @_ssdm_op_Read.ap_auto.i8(i8 %data_136_V_read)"   --->   Operation 1918 'read' 'data_136_V_read_1' <Predicate = true> <Delay = 0.00>
ST_1 : Operation 1919 [1/1] (0.00ns)   --->   "%data_135_V_read_1 = call i8 @_ssdm_op_Read.ap_auto.i8(i8 %data_135_V_read)"   --->   Operation 1919 'read' 'data_135_V_read_1' <Predicate = true> <Delay = 0.00>
ST_1 : Operation 1920 [1/1] (0.00ns)   --->   "%data_134_V_read_1 = call i8 @_ssdm_op_Read.ap_auto.i8(i8 %data_134_V_read)"   --->   Operation 1920 'read' 'data_134_V_read_1' <Predicate = true> <Delay = 0.00>
ST_1 : Operation 1921 [1/1] (0.00ns)   --->   "%data_133_V_read_1 = call i8 @_ssdm_op_Read.ap_auto.i8(i8 %data_133_V_read)"   --->   Operation 1921 'read' 'data_133_V_read_1' <Predicate = true> <Delay = 0.00>
ST_1 : Operation 1922 [1/1] (0.00ns)   --->   "%data_132_V_read_1 = call i8 @_ssdm_op_Read.ap_auto.i8(i8 %data_132_V_read)"   --->   Operation 1922 'read' 'data_132_V_read_1' <Predicate = true> <Delay = 0.00>
ST_1 : Operation 1923 [1/1] (0.00ns)   --->   "%data_131_V_read_1 = call i8 @_ssdm_op_Read.ap_auto.i8(i8 %data_131_V_read)"   --->   Operation 1923 'read' 'data_131_V_read_1' <Predicate = true> <Delay = 0.00>
ST_1 : Operation 1924 [1/1] (0.00ns)   --->   "%data_130_V_read_1 = call i8 @_ssdm_op_Read.ap_auto.i8(i8 %data_130_V_read)"   --->   Operation 1924 'read' 'data_130_V_read_1' <Predicate = true> <Delay = 0.00>
ST_1 : Operation 1925 [1/1] (0.00ns)   --->   "%data_129_V_read_1 = call i8 @_ssdm_op_Read.ap_auto.i8(i8 %data_129_V_read)"   --->   Operation 1925 'read' 'data_129_V_read_1' <Predicate = true> <Delay = 0.00>
ST_1 : Operation 1926 [1/1] (0.00ns)   --->   "%data_128_V_read_1 = call i8 @_ssdm_op_Read.ap_auto.i8(i8 %data_128_V_read)"   --->   Operation 1926 'read' 'data_128_V_read_1' <Predicate = true> <Delay = 0.00>
ST_1 : Operation 1927 [1/1] (0.00ns)   --->   "%data_127_V_read_1 = call i8 @_ssdm_op_Read.ap_auto.i8(i8 %data_127_V_read)"   --->   Operation 1927 'read' 'data_127_V_read_1' <Predicate = true> <Delay = 0.00>
ST_1 : Operation 1928 [1/1] (0.00ns)   --->   "%data_126_V_read_1 = call i8 @_ssdm_op_Read.ap_auto.i8(i8 %data_126_V_read)"   --->   Operation 1928 'read' 'data_126_V_read_1' <Predicate = true> <Delay = 0.00>
ST_1 : Operation 1929 [1/1] (0.00ns)   --->   "%data_125_V_read_1 = call i8 @_ssdm_op_Read.ap_auto.i8(i8 %data_125_V_read)"   --->   Operation 1929 'read' 'data_125_V_read_1' <Predicate = true> <Delay = 0.00>
ST_1 : Operation 1930 [1/1] (0.00ns)   --->   "%data_124_V_read_1 = call i8 @_ssdm_op_Read.ap_auto.i8(i8 %data_124_V_read)"   --->   Operation 1930 'read' 'data_124_V_read_1' <Predicate = true> <Delay = 0.00>
ST_1 : Operation 1931 [1/1] (0.00ns)   --->   "%data_123_V_read_1 = call i8 @_ssdm_op_Read.ap_auto.i8(i8 %data_123_V_read)"   --->   Operation 1931 'read' 'data_123_V_read_1' <Predicate = true> <Delay = 0.00>
ST_1 : Operation 1932 [1/1] (0.00ns)   --->   "%data_122_V_read_1 = call i8 @_ssdm_op_Read.ap_auto.i8(i8 %data_122_V_read)"   --->   Operation 1932 'read' 'data_122_V_read_1' <Predicate = true> <Delay = 0.00>
ST_1 : Operation 1933 [1/1] (0.00ns)   --->   "%data_121_V_read_1 = call i8 @_ssdm_op_Read.ap_auto.i8(i8 %data_121_V_read)"   --->   Operation 1933 'read' 'data_121_V_read_1' <Predicate = true> <Delay = 0.00>
ST_1 : Operation 1934 [1/1] (0.00ns)   --->   "%data_120_V_read_1 = call i8 @_ssdm_op_Read.ap_auto.i8(i8 %data_120_V_read)"   --->   Operation 1934 'read' 'data_120_V_read_1' <Predicate = true> <Delay = 0.00>
ST_1 : Operation 1935 [1/1] (0.00ns)   --->   "%data_119_V_read_1 = call i8 @_ssdm_op_Read.ap_auto.i8(i8 %data_119_V_read)"   --->   Operation 1935 'read' 'data_119_V_read_1' <Predicate = true> <Delay = 0.00>
ST_1 : Operation 1936 [1/1] (0.00ns)   --->   "%data_118_V_read_1 = call i8 @_ssdm_op_Read.ap_auto.i8(i8 %data_118_V_read)"   --->   Operation 1936 'read' 'data_118_V_read_1' <Predicate = true> <Delay = 0.00>
ST_1 : Operation 1937 [1/1] (0.00ns)   --->   "%data_117_V_read_1 = call i8 @_ssdm_op_Read.ap_auto.i8(i8 %data_117_V_read)"   --->   Operation 1937 'read' 'data_117_V_read_1' <Predicate = true> <Delay = 0.00>
ST_1 : Operation 1938 [1/1] (0.00ns)   --->   "%data_116_V_read_1 = call i8 @_ssdm_op_Read.ap_auto.i8(i8 %data_116_V_read)"   --->   Operation 1938 'read' 'data_116_V_read_1' <Predicate = true> <Delay = 0.00>
ST_1 : Operation 1939 [1/1] (0.00ns)   --->   "%data_115_V_read_1 = call i8 @_ssdm_op_Read.ap_auto.i8(i8 %data_115_V_read)"   --->   Operation 1939 'read' 'data_115_V_read_1' <Predicate = true> <Delay = 0.00>
ST_1 : Operation 1940 [1/1] (0.00ns)   --->   "%data_114_V_read_1 = call i8 @_ssdm_op_Read.ap_auto.i8(i8 %data_114_V_read)"   --->   Operation 1940 'read' 'data_114_V_read_1' <Predicate = true> <Delay = 0.00>
ST_1 : Operation 1941 [1/1] (0.00ns)   --->   "%data_113_V_read_1 = call i8 @_ssdm_op_Read.ap_auto.i8(i8 %data_113_V_read)"   --->   Operation 1941 'read' 'data_113_V_read_1' <Predicate = true> <Delay = 0.00>
ST_1 : Operation 1942 [1/1] (0.00ns)   --->   "%data_112_V_read_1 = call i8 @_ssdm_op_Read.ap_auto.i8(i8 %data_112_V_read)"   --->   Operation 1942 'read' 'data_112_V_read_1' <Predicate = true> <Delay = 0.00>
ST_1 : Operation 1943 [1/1] (0.00ns)   --->   "%data_111_V_read_1 = call i8 @_ssdm_op_Read.ap_auto.i8(i8 %data_111_V_read)"   --->   Operation 1943 'read' 'data_111_V_read_1' <Predicate = true> <Delay = 0.00>
ST_1 : Operation 1944 [1/1] (0.00ns)   --->   "%data_110_V_read_1 = call i8 @_ssdm_op_Read.ap_auto.i8(i8 %data_110_V_read)"   --->   Operation 1944 'read' 'data_110_V_read_1' <Predicate = true> <Delay = 0.00>
ST_1 : Operation 1945 [1/1] (0.00ns)   --->   "%data_109_V_read_1 = call i8 @_ssdm_op_Read.ap_auto.i8(i8 %data_109_V_read)"   --->   Operation 1945 'read' 'data_109_V_read_1' <Predicate = true> <Delay = 0.00>
ST_1 : Operation 1946 [1/1] (0.00ns)   --->   "%data_108_V_read_1 = call i8 @_ssdm_op_Read.ap_auto.i8(i8 %data_108_V_read)"   --->   Operation 1946 'read' 'data_108_V_read_1' <Predicate = true> <Delay = 0.00>
ST_1 : Operation 1947 [1/1] (0.00ns)   --->   "%data_107_V_read_1 = call i8 @_ssdm_op_Read.ap_auto.i8(i8 %data_107_V_read)"   --->   Operation 1947 'read' 'data_107_V_read_1' <Predicate = true> <Delay = 0.00>
ST_1 : Operation 1948 [1/1] (0.00ns)   --->   "%data_106_V_read_1 = call i8 @_ssdm_op_Read.ap_auto.i8(i8 %data_106_V_read)"   --->   Operation 1948 'read' 'data_106_V_read_1' <Predicate = true> <Delay = 0.00>
ST_1 : Operation 1949 [1/1] (0.00ns)   --->   "%data_105_V_read_1 = call i8 @_ssdm_op_Read.ap_auto.i8(i8 %data_105_V_read)"   --->   Operation 1949 'read' 'data_105_V_read_1' <Predicate = true> <Delay = 0.00>
ST_1 : Operation 1950 [1/1] (0.00ns)   --->   "%data_104_V_read_1 = call i8 @_ssdm_op_Read.ap_auto.i8(i8 %data_104_V_read)"   --->   Operation 1950 'read' 'data_104_V_read_1' <Predicate = true> <Delay = 0.00>
ST_1 : Operation 1951 [1/1] (0.00ns)   --->   "%data_103_V_read_1 = call i8 @_ssdm_op_Read.ap_auto.i8(i8 %data_103_V_read)"   --->   Operation 1951 'read' 'data_103_V_read_1' <Predicate = true> <Delay = 0.00>
ST_1 : Operation 1952 [1/1] (0.00ns)   --->   "%data_102_V_read_1 = call i8 @_ssdm_op_Read.ap_auto.i8(i8 %data_102_V_read)"   --->   Operation 1952 'read' 'data_102_V_read_1' <Predicate = true> <Delay = 0.00>
ST_1 : Operation 1953 [1/1] (0.00ns)   --->   "%data_101_V_read_1 = call i8 @_ssdm_op_Read.ap_auto.i8(i8 %data_101_V_read)"   --->   Operation 1953 'read' 'data_101_V_read_1' <Predicate = true> <Delay = 0.00>
ST_1 : Operation 1954 [1/1] (0.00ns)   --->   "%data_100_V_read_1 = call i8 @_ssdm_op_Read.ap_auto.i8(i8 %data_100_V_read)"   --->   Operation 1954 'read' 'data_100_V_read_1' <Predicate = true> <Delay = 0.00>
ST_1 : Operation 1955 [1/1] (0.00ns)   --->   "%data_99_V_read_1 = call i8 @_ssdm_op_Read.ap_auto.i8(i8 %data_99_V_read)"   --->   Operation 1955 'read' 'data_99_V_read_1' <Predicate = true> <Delay = 0.00>
ST_1 : Operation 1956 [1/1] (0.00ns)   --->   "%data_98_V_read_1 = call i8 @_ssdm_op_Read.ap_auto.i8(i8 %data_98_V_read)"   --->   Operation 1956 'read' 'data_98_V_read_1' <Predicate = true> <Delay = 0.00>
ST_1 : Operation 1957 [1/1] (0.00ns)   --->   "%data_97_V_read_1 = call i8 @_ssdm_op_Read.ap_auto.i8(i8 %data_97_V_read)"   --->   Operation 1957 'read' 'data_97_V_read_1' <Predicate = true> <Delay = 0.00>
ST_1 : Operation 1958 [1/1] (0.00ns)   --->   "%data_96_V_read_1 = call i8 @_ssdm_op_Read.ap_auto.i8(i8 %data_96_V_read)"   --->   Operation 1958 'read' 'data_96_V_read_1' <Predicate = true> <Delay = 0.00>
ST_1 : Operation 1959 [1/1] (0.00ns)   --->   "%data_95_V_read_1 = call i8 @_ssdm_op_Read.ap_auto.i8(i8 %data_95_V_read)"   --->   Operation 1959 'read' 'data_95_V_read_1' <Predicate = true> <Delay = 0.00>
ST_1 : Operation 1960 [1/1] (0.00ns)   --->   "%data_94_V_read_1 = call i8 @_ssdm_op_Read.ap_auto.i8(i8 %data_94_V_read)"   --->   Operation 1960 'read' 'data_94_V_read_1' <Predicate = true> <Delay = 0.00>
ST_1 : Operation 1961 [1/1] (0.00ns)   --->   "%data_93_V_read_1 = call i8 @_ssdm_op_Read.ap_auto.i8(i8 %data_93_V_read)"   --->   Operation 1961 'read' 'data_93_V_read_1' <Predicate = true> <Delay = 0.00>
ST_1 : Operation 1962 [1/1] (0.00ns)   --->   "%data_92_V_read_1 = call i8 @_ssdm_op_Read.ap_auto.i8(i8 %data_92_V_read)"   --->   Operation 1962 'read' 'data_92_V_read_1' <Predicate = true> <Delay = 0.00>
ST_1 : Operation 1963 [1/1] (0.00ns)   --->   "%data_91_V_read_1 = call i8 @_ssdm_op_Read.ap_auto.i8(i8 %data_91_V_read)"   --->   Operation 1963 'read' 'data_91_V_read_1' <Predicate = true> <Delay = 0.00>
ST_1 : Operation 1964 [1/1] (0.00ns)   --->   "%data_90_V_read_1 = call i8 @_ssdm_op_Read.ap_auto.i8(i8 %data_90_V_read)"   --->   Operation 1964 'read' 'data_90_V_read_1' <Predicate = true> <Delay = 0.00>
ST_1 : Operation 1965 [1/1] (0.00ns)   --->   "%data_89_V_read_1 = call i8 @_ssdm_op_Read.ap_auto.i8(i8 %data_89_V_read)"   --->   Operation 1965 'read' 'data_89_V_read_1' <Predicate = true> <Delay = 0.00>
ST_1 : Operation 1966 [1/1] (0.00ns)   --->   "%data_88_V_read_1 = call i8 @_ssdm_op_Read.ap_auto.i8(i8 %data_88_V_read)"   --->   Operation 1966 'read' 'data_88_V_read_1' <Predicate = true> <Delay = 0.00>
ST_1 : Operation 1967 [1/1] (0.00ns)   --->   "%data_87_V_read_1 = call i8 @_ssdm_op_Read.ap_auto.i8(i8 %data_87_V_read)"   --->   Operation 1967 'read' 'data_87_V_read_1' <Predicate = true> <Delay = 0.00>
ST_1 : Operation 1968 [1/1] (0.00ns)   --->   "%data_86_V_read_1 = call i8 @_ssdm_op_Read.ap_auto.i8(i8 %data_86_V_read)"   --->   Operation 1968 'read' 'data_86_V_read_1' <Predicate = true> <Delay = 0.00>
ST_1 : Operation 1969 [1/1] (0.00ns)   --->   "%data_85_V_read_1 = call i8 @_ssdm_op_Read.ap_auto.i8(i8 %data_85_V_read)"   --->   Operation 1969 'read' 'data_85_V_read_1' <Predicate = true> <Delay = 0.00>
ST_1 : Operation 1970 [1/1] (0.00ns)   --->   "%data_84_V_read_1 = call i8 @_ssdm_op_Read.ap_auto.i8(i8 %data_84_V_read)"   --->   Operation 1970 'read' 'data_84_V_read_1' <Predicate = true> <Delay = 0.00>
ST_1 : Operation 1971 [1/1] (0.00ns)   --->   "%data_83_V_read_1 = call i8 @_ssdm_op_Read.ap_auto.i8(i8 %data_83_V_read)"   --->   Operation 1971 'read' 'data_83_V_read_1' <Predicate = true> <Delay = 0.00>
ST_1 : Operation 1972 [1/1] (0.00ns)   --->   "%data_82_V_read_1 = call i8 @_ssdm_op_Read.ap_auto.i8(i8 %data_82_V_read)"   --->   Operation 1972 'read' 'data_82_V_read_1' <Predicate = true> <Delay = 0.00>
ST_1 : Operation 1973 [1/1] (0.00ns)   --->   "%data_81_V_read_1 = call i8 @_ssdm_op_Read.ap_auto.i8(i8 %data_81_V_read)"   --->   Operation 1973 'read' 'data_81_V_read_1' <Predicate = true> <Delay = 0.00>
ST_1 : Operation 1974 [1/1] (0.00ns)   --->   "%data_80_V_read_1 = call i8 @_ssdm_op_Read.ap_auto.i8(i8 %data_80_V_read)"   --->   Operation 1974 'read' 'data_80_V_read_1' <Predicate = true> <Delay = 0.00>
ST_1 : Operation 1975 [1/1] (0.00ns)   --->   "%data_79_V_read_1 = call i8 @_ssdm_op_Read.ap_auto.i8(i8 %data_79_V_read)"   --->   Operation 1975 'read' 'data_79_V_read_1' <Predicate = true> <Delay = 0.00>
ST_1 : Operation 1976 [1/1] (0.00ns)   --->   "%data_78_V_read_1 = call i8 @_ssdm_op_Read.ap_auto.i8(i8 %data_78_V_read)"   --->   Operation 1976 'read' 'data_78_V_read_1' <Predicate = true> <Delay = 0.00>
ST_1 : Operation 1977 [1/1] (0.00ns)   --->   "%data_77_V_read_1 = call i8 @_ssdm_op_Read.ap_auto.i8(i8 %data_77_V_read)"   --->   Operation 1977 'read' 'data_77_V_read_1' <Predicate = true> <Delay = 0.00>
ST_1 : Operation 1978 [1/1] (0.00ns)   --->   "%data_76_V_read_1 = call i8 @_ssdm_op_Read.ap_auto.i8(i8 %data_76_V_read)"   --->   Operation 1978 'read' 'data_76_V_read_1' <Predicate = true> <Delay = 0.00>
ST_1 : Operation 1979 [1/1] (0.00ns)   --->   "%data_75_V_read_1 = call i8 @_ssdm_op_Read.ap_auto.i8(i8 %data_75_V_read)"   --->   Operation 1979 'read' 'data_75_V_read_1' <Predicate = true> <Delay = 0.00>
ST_1 : Operation 1980 [1/1] (0.00ns)   --->   "%data_74_V_read_1 = call i8 @_ssdm_op_Read.ap_auto.i8(i8 %data_74_V_read)"   --->   Operation 1980 'read' 'data_74_V_read_1' <Predicate = true> <Delay = 0.00>
ST_1 : Operation 1981 [1/1] (0.00ns)   --->   "%data_73_V_read_1 = call i8 @_ssdm_op_Read.ap_auto.i8(i8 %data_73_V_read)"   --->   Operation 1981 'read' 'data_73_V_read_1' <Predicate = true> <Delay = 0.00>
ST_1 : Operation 1982 [1/1] (0.00ns)   --->   "%data_72_V_read_1 = call i8 @_ssdm_op_Read.ap_auto.i8(i8 %data_72_V_read)"   --->   Operation 1982 'read' 'data_72_V_read_1' <Predicate = true> <Delay = 0.00>
ST_1 : Operation 1983 [1/1] (0.00ns)   --->   "%data_71_V_read_1 = call i8 @_ssdm_op_Read.ap_auto.i8(i8 %data_71_V_read)"   --->   Operation 1983 'read' 'data_71_V_read_1' <Predicate = true> <Delay = 0.00>
ST_1 : Operation 1984 [1/1] (0.00ns)   --->   "%data_70_V_read_1 = call i8 @_ssdm_op_Read.ap_auto.i8(i8 %data_70_V_read)"   --->   Operation 1984 'read' 'data_70_V_read_1' <Predicate = true> <Delay = 0.00>
ST_1 : Operation 1985 [1/1] (0.00ns)   --->   "%data_69_V_read_1 = call i8 @_ssdm_op_Read.ap_auto.i8(i8 %data_69_V_read)"   --->   Operation 1985 'read' 'data_69_V_read_1' <Predicate = true> <Delay = 0.00>
ST_1 : Operation 1986 [1/1] (0.00ns)   --->   "%data_68_V_read_1 = call i8 @_ssdm_op_Read.ap_auto.i8(i8 %data_68_V_read)"   --->   Operation 1986 'read' 'data_68_V_read_1' <Predicate = true> <Delay = 0.00>
ST_1 : Operation 1987 [1/1] (0.00ns)   --->   "%data_67_V_read_1 = call i8 @_ssdm_op_Read.ap_auto.i8(i8 %data_67_V_read)"   --->   Operation 1987 'read' 'data_67_V_read_1' <Predicate = true> <Delay = 0.00>
ST_1 : Operation 1988 [1/1] (0.00ns)   --->   "%data_66_V_read_1 = call i8 @_ssdm_op_Read.ap_auto.i8(i8 %data_66_V_read)"   --->   Operation 1988 'read' 'data_66_V_read_1' <Predicate = true> <Delay = 0.00>
ST_1 : Operation 1989 [1/1] (0.00ns)   --->   "%data_65_V_read_1 = call i8 @_ssdm_op_Read.ap_auto.i8(i8 %data_65_V_read)"   --->   Operation 1989 'read' 'data_65_V_read_1' <Predicate = true> <Delay = 0.00>
ST_1 : Operation 1990 [1/1] (0.00ns)   --->   "%data_64_V_read_1 = call i8 @_ssdm_op_Read.ap_auto.i8(i8 %data_64_V_read)"   --->   Operation 1990 'read' 'data_64_V_read_1' <Predicate = true> <Delay = 0.00>
ST_1 : Operation 1991 [1/1] (0.00ns)   --->   "%data_63_V_read_1 = call i8 @_ssdm_op_Read.ap_auto.i8(i8 %data_63_V_read)"   --->   Operation 1991 'read' 'data_63_V_read_1' <Predicate = true> <Delay = 0.00>
ST_1 : Operation 1992 [1/1] (0.00ns)   --->   "%data_62_V_read_1 = call i8 @_ssdm_op_Read.ap_auto.i8(i8 %data_62_V_read)"   --->   Operation 1992 'read' 'data_62_V_read_1' <Predicate = true> <Delay = 0.00>
ST_1 : Operation 1993 [1/1] (0.00ns)   --->   "%data_61_V_read_1 = call i8 @_ssdm_op_Read.ap_auto.i8(i8 %data_61_V_read)"   --->   Operation 1993 'read' 'data_61_V_read_1' <Predicate = true> <Delay = 0.00>
ST_1 : Operation 1994 [1/1] (0.00ns)   --->   "%data_60_V_read_1 = call i8 @_ssdm_op_Read.ap_auto.i8(i8 %data_60_V_read)"   --->   Operation 1994 'read' 'data_60_V_read_1' <Predicate = true> <Delay = 0.00>
ST_1 : Operation 1995 [1/1] (0.00ns)   --->   "%data_59_V_read_1 = call i8 @_ssdm_op_Read.ap_auto.i8(i8 %data_59_V_read)"   --->   Operation 1995 'read' 'data_59_V_read_1' <Predicate = true> <Delay = 0.00>
ST_1 : Operation 1996 [1/1] (0.00ns)   --->   "%data_58_V_read_1 = call i8 @_ssdm_op_Read.ap_auto.i8(i8 %data_58_V_read)"   --->   Operation 1996 'read' 'data_58_V_read_1' <Predicate = true> <Delay = 0.00>
ST_1 : Operation 1997 [1/1] (0.00ns)   --->   "%data_57_V_read_1 = call i8 @_ssdm_op_Read.ap_auto.i8(i8 %data_57_V_read)"   --->   Operation 1997 'read' 'data_57_V_read_1' <Predicate = true> <Delay = 0.00>
ST_1 : Operation 1998 [1/1] (0.00ns)   --->   "%data_56_V_read_1 = call i8 @_ssdm_op_Read.ap_auto.i8(i8 %data_56_V_read)"   --->   Operation 1998 'read' 'data_56_V_read_1' <Predicate = true> <Delay = 0.00>
ST_1 : Operation 1999 [1/1] (0.00ns)   --->   "%data_55_V_read_1 = call i8 @_ssdm_op_Read.ap_auto.i8(i8 %data_55_V_read)"   --->   Operation 1999 'read' 'data_55_V_read_1' <Predicate = true> <Delay = 0.00>
ST_1 : Operation 2000 [1/1] (0.00ns)   --->   "%data_54_V_read_1 = call i8 @_ssdm_op_Read.ap_auto.i8(i8 %data_54_V_read)"   --->   Operation 2000 'read' 'data_54_V_read_1' <Predicate = true> <Delay = 0.00>
ST_1 : Operation 2001 [1/1] (0.00ns)   --->   "%data_53_V_read_1 = call i8 @_ssdm_op_Read.ap_auto.i8(i8 %data_53_V_read)"   --->   Operation 2001 'read' 'data_53_V_read_1' <Predicate = true> <Delay = 0.00>
ST_1 : Operation 2002 [1/1] (0.00ns)   --->   "%data_52_V_read_1 = call i8 @_ssdm_op_Read.ap_auto.i8(i8 %data_52_V_read)"   --->   Operation 2002 'read' 'data_52_V_read_1' <Predicate = true> <Delay = 0.00>
ST_1 : Operation 2003 [1/1] (0.00ns)   --->   "%data_51_V_read_1 = call i8 @_ssdm_op_Read.ap_auto.i8(i8 %data_51_V_read)"   --->   Operation 2003 'read' 'data_51_V_read_1' <Predicate = true> <Delay = 0.00>
ST_1 : Operation 2004 [1/1] (0.00ns)   --->   "%data_50_V_read_1 = call i8 @_ssdm_op_Read.ap_auto.i8(i8 %data_50_V_read)"   --->   Operation 2004 'read' 'data_50_V_read_1' <Predicate = true> <Delay = 0.00>
ST_1 : Operation 2005 [1/1] (0.00ns)   --->   "%data_49_V_read_1 = call i8 @_ssdm_op_Read.ap_auto.i8(i8 %data_49_V_read)"   --->   Operation 2005 'read' 'data_49_V_read_1' <Predicate = true> <Delay = 0.00>
ST_1 : Operation 2006 [1/1] (0.00ns)   --->   "%data_48_V_read_1 = call i8 @_ssdm_op_Read.ap_auto.i8(i8 %data_48_V_read)"   --->   Operation 2006 'read' 'data_48_V_read_1' <Predicate = true> <Delay = 0.00>
ST_1 : Operation 2007 [1/1] (0.00ns)   --->   "%data_47_V_read_1 = call i8 @_ssdm_op_Read.ap_auto.i8(i8 %data_47_V_read)"   --->   Operation 2007 'read' 'data_47_V_read_1' <Predicate = true> <Delay = 0.00>
ST_1 : Operation 2008 [1/1] (0.00ns)   --->   "%data_46_V_read_1 = call i8 @_ssdm_op_Read.ap_auto.i8(i8 %data_46_V_read)"   --->   Operation 2008 'read' 'data_46_V_read_1' <Predicate = true> <Delay = 0.00>
ST_1 : Operation 2009 [1/1] (0.00ns)   --->   "%data_45_V_read_1 = call i8 @_ssdm_op_Read.ap_auto.i8(i8 %data_45_V_read)"   --->   Operation 2009 'read' 'data_45_V_read_1' <Predicate = true> <Delay = 0.00>
ST_1 : Operation 2010 [1/1] (0.00ns)   --->   "%data_44_V_read_1 = call i8 @_ssdm_op_Read.ap_auto.i8(i8 %data_44_V_read)"   --->   Operation 2010 'read' 'data_44_V_read_1' <Predicate = true> <Delay = 0.00>
ST_1 : Operation 2011 [1/1] (0.00ns)   --->   "%data_43_V_read_1 = call i8 @_ssdm_op_Read.ap_auto.i8(i8 %data_43_V_read)"   --->   Operation 2011 'read' 'data_43_V_read_1' <Predicate = true> <Delay = 0.00>
ST_1 : Operation 2012 [1/1] (0.00ns)   --->   "%data_42_V_read_1 = call i8 @_ssdm_op_Read.ap_auto.i8(i8 %data_42_V_read)"   --->   Operation 2012 'read' 'data_42_V_read_1' <Predicate = true> <Delay = 0.00>
ST_1 : Operation 2013 [1/1] (0.00ns)   --->   "%data_41_V_read_1 = call i8 @_ssdm_op_Read.ap_auto.i8(i8 %data_41_V_read)"   --->   Operation 2013 'read' 'data_41_V_read_1' <Predicate = true> <Delay = 0.00>
ST_1 : Operation 2014 [1/1] (0.00ns)   --->   "%data_40_V_read_1 = call i8 @_ssdm_op_Read.ap_auto.i8(i8 %data_40_V_read)"   --->   Operation 2014 'read' 'data_40_V_read_1' <Predicate = true> <Delay = 0.00>
ST_1 : Operation 2015 [1/1] (0.00ns)   --->   "%data_39_V_read_1 = call i8 @_ssdm_op_Read.ap_auto.i8(i8 %data_39_V_read)"   --->   Operation 2015 'read' 'data_39_V_read_1' <Predicate = true> <Delay = 0.00>
ST_1 : Operation 2016 [1/1] (0.00ns)   --->   "%data_38_V_read_1 = call i8 @_ssdm_op_Read.ap_auto.i8(i8 %data_38_V_read)"   --->   Operation 2016 'read' 'data_38_V_read_1' <Predicate = true> <Delay = 0.00>
ST_1 : Operation 2017 [1/1] (0.00ns)   --->   "%data_37_V_read_1 = call i8 @_ssdm_op_Read.ap_auto.i8(i8 %data_37_V_read)"   --->   Operation 2017 'read' 'data_37_V_read_1' <Predicate = true> <Delay = 0.00>
ST_1 : Operation 2018 [1/1] (0.00ns)   --->   "%data_36_V_read_1 = call i8 @_ssdm_op_Read.ap_auto.i8(i8 %data_36_V_read)"   --->   Operation 2018 'read' 'data_36_V_read_1' <Predicate = true> <Delay = 0.00>
ST_1 : Operation 2019 [1/1] (0.00ns)   --->   "%data_35_V_read_1 = call i8 @_ssdm_op_Read.ap_auto.i8(i8 %data_35_V_read)"   --->   Operation 2019 'read' 'data_35_V_read_1' <Predicate = true> <Delay = 0.00>
ST_1 : Operation 2020 [1/1] (0.00ns)   --->   "%data_34_V_read_1 = call i8 @_ssdm_op_Read.ap_auto.i8(i8 %data_34_V_read)"   --->   Operation 2020 'read' 'data_34_V_read_1' <Predicate = true> <Delay = 0.00>
ST_1 : Operation 2021 [1/1] (0.00ns)   --->   "%data_33_V_read_1 = call i8 @_ssdm_op_Read.ap_auto.i8(i8 %data_33_V_read)"   --->   Operation 2021 'read' 'data_33_V_read_1' <Predicate = true> <Delay = 0.00>
ST_1 : Operation 2022 [1/1] (0.00ns)   --->   "%data_32_V_read_1 = call i8 @_ssdm_op_Read.ap_auto.i8(i8 %data_32_V_read)"   --->   Operation 2022 'read' 'data_32_V_read_1' <Predicate = true> <Delay = 0.00>
ST_1 : Operation 2023 [1/1] (0.00ns)   --->   "%data_31_V_read_1 = call i8 @_ssdm_op_Read.ap_auto.i8(i8 %data_31_V_read)"   --->   Operation 2023 'read' 'data_31_V_read_1' <Predicate = true> <Delay = 0.00>
ST_1 : Operation 2024 [1/1] (0.00ns)   --->   "%data_30_V_read_1 = call i8 @_ssdm_op_Read.ap_auto.i8(i8 %data_30_V_read)"   --->   Operation 2024 'read' 'data_30_V_read_1' <Predicate = true> <Delay = 0.00>
ST_1 : Operation 2025 [1/1] (0.00ns)   --->   "%data_29_V_read_1 = call i8 @_ssdm_op_Read.ap_auto.i8(i8 %data_29_V_read)"   --->   Operation 2025 'read' 'data_29_V_read_1' <Predicate = true> <Delay = 0.00>
ST_1 : Operation 2026 [1/1] (0.00ns)   --->   "%data_28_V_read_1 = call i8 @_ssdm_op_Read.ap_auto.i8(i8 %data_28_V_read)"   --->   Operation 2026 'read' 'data_28_V_read_1' <Predicate = true> <Delay = 0.00>
ST_1 : Operation 2027 [1/1] (0.00ns)   --->   "%data_27_V_read_1 = call i8 @_ssdm_op_Read.ap_auto.i8(i8 %data_27_V_read)"   --->   Operation 2027 'read' 'data_27_V_read_1' <Predicate = true> <Delay = 0.00>
ST_1 : Operation 2028 [1/1] (0.00ns)   --->   "%data_26_V_read_1 = call i8 @_ssdm_op_Read.ap_auto.i8(i8 %data_26_V_read)"   --->   Operation 2028 'read' 'data_26_V_read_1' <Predicate = true> <Delay = 0.00>
ST_1 : Operation 2029 [1/1] (0.00ns)   --->   "%data_25_V_read_1 = call i8 @_ssdm_op_Read.ap_auto.i8(i8 %data_25_V_read)"   --->   Operation 2029 'read' 'data_25_V_read_1' <Predicate = true> <Delay = 0.00>
ST_1 : Operation 2030 [1/1] (0.00ns)   --->   "%data_24_V_read_1 = call i8 @_ssdm_op_Read.ap_auto.i8(i8 %data_24_V_read)"   --->   Operation 2030 'read' 'data_24_V_read_1' <Predicate = true> <Delay = 0.00>
ST_1 : Operation 2031 [1/1] (0.00ns)   --->   "%data_23_V_read_1 = call i8 @_ssdm_op_Read.ap_auto.i8(i8 %data_23_V_read)"   --->   Operation 2031 'read' 'data_23_V_read_1' <Predicate = true> <Delay = 0.00>
ST_1 : Operation 2032 [1/1] (0.00ns)   --->   "%data_22_V_read_1 = call i8 @_ssdm_op_Read.ap_auto.i8(i8 %data_22_V_read)"   --->   Operation 2032 'read' 'data_22_V_read_1' <Predicate = true> <Delay = 0.00>
ST_1 : Operation 2033 [1/1] (0.00ns)   --->   "%data_21_V_read_1 = call i8 @_ssdm_op_Read.ap_auto.i8(i8 %data_21_V_read)"   --->   Operation 2033 'read' 'data_21_V_read_1' <Predicate = true> <Delay = 0.00>
ST_1 : Operation 2034 [1/1] (0.00ns)   --->   "%data_20_V_read_1 = call i8 @_ssdm_op_Read.ap_auto.i8(i8 %data_20_V_read)"   --->   Operation 2034 'read' 'data_20_V_read_1' <Predicate = true> <Delay = 0.00>
ST_1 : Operation 2035 [1/1] (0.00ns)   --->   "%data_19_V_read_1 = call i8 @_ssdm_op_Read.ap_auto.i8(i8 %data_19_V_read)"   --->   Operation 2035 'read' 'data_19_V_read_1' <Predicate = true> <Delay = 0.00>
ST_1 : Operation 2036 [1/1] (0.00ns)   --->   "%data_18_V_read_1 = call i8 @_ssdm_op_Read.ap_auto.i8(i8 %data_18_V_read)"   --->   Operation 2036 'read' 'data_18_V_read_1' <Predicate = true> <Delay = 0.00>
ST_1 : Operation 2037 [1/1] (0.00ns)   --->   "%data_17_V_read_1 = call i8 @_ssdm_op_Read.ap_auto.i8(i8 %data_17_V_read)"   --->   Operation 2037 'read' 'data_17_V_read_1' <Predicate = true> <Delay = 0.00>
ST_1 : Operation 2038 [1/1] (0.00ns)   --->   "%data_16_V_read_1 = call i8 @_ssdm_op_Read.ap_auto.i8(i8 %data_16_V_read)"   --->   Operation 2038 'read' 'data_16_V_read_1' <Predicate = true> <Delay = 0.00>
ST_1 : Operation 2039 [1/1] (0.00ns)   --->   "%data_15_V_read_1 = call i8 @_ssdm_op_Read.ap_auto.i8(i8 %data_15_V_read)"   --->   Operation 2039 'read' 'data_15_V_read_1' <Predicate = true> <Delay = 0.00>
ST_1 : Operation 2040 [1/1] (0.00ns)   --->   "%data_14_V_read_1 = call i8 @_ssdm_op_Read.ap_auto.i8(i8 %data_14_V_read)"   --->   Operation 2040 'read' 'data_14_V_read_1' <Predicate = true> <Delay = 0.00>
ST_1 : Operation 2041 [1/1] (0.00ns)   --->   "%data_13_V_read_1 = call i8 @_ssdm_op_Read.ap_auto.i8(i8 %data_13_V_read)"   --->   Operation 2041 'read' 'data_13_V_read_1' <Predicate = true> <Delay = 0.00>
ST_1 : Operation 2042 [1/1] (0.00ns)   --->   "%data_12_V_read_1 = call i8 @_ssdm_op_Read.ap_auto.i8(i8 %data_12_V_read)"   --->   Operation 2042 'read' 'data_12_V_read_1' <Predicate = true> <Delay = 0.00>
ST_1 : Operation 2043 [1/1] (0.00ns)   --->   "%data_11_V_read_1 = call i8 @_ssdm_op_Read.ap_auto.i8(i8 %data_11_V_read)"   --->   Operation 2043 'read' 'data_11_V_read_1' <Predicate = true> <Delay = 0.00>
ST_1 : Operation 2044 [1/1] (0.00ns)   --->   "%data_10_V_read_1 = call i8 @_ssdm_op_Read.ap_auto.i8(i8 %data_10_V_read)"   --->   Operation 2044 'read' 'data_10_V_read_1' <Predicate = true> <Delay = 0.00>
ST_1 : Operation 2045 [1/1] (0.00ns)   --->   "%data_9_V_read_1 = call i8 @_ssdm_op_Read.ap_auto.i8(i8 %data_9_V_read)"   --->   Operation 2045 'read' 'data_9_V_read_1' <Predicate = true> <Delay = 0.00>
ST_1 : Operation 2046 [1/1] (0.00ns)   --->   "%data_8_V_read_1 = call i8 @_ssdm_op_Read.ap_auto.i8(i8 %data_8_V_read)"   --->   Operation 2046 'read' 'data_8_V_read_1' <Predicate = true> <Delay = 0.00>
ST_1 : Operation 2047 [1/1] (0.00ns)   --->   "%data_7_V_read_1 = call i8 @_ssdm_op_Read.ap_auto.i8(i8 %data_7_V_read)"   --->   Operation 2047 'read' 'data_7_V_read_1' <Predicate = true> <Delay = 0.00>
ST_1 : Operation 2048 [1/1] (0.00ns)   --->   "%data_6_V_read_1 = call i8 @_ssdm_op_Read.ap_auto.i8(i8 %data_6_V_read)"   --->   Operation 2048 'read' 'data_6_V_read_1' <Predicate = true> <Delay = 0.00>
ST_1 : Operation 2049 [1/1] (0.00ns)   --->   "%data_5_V_read_1 = call i8 @_ssdm_op_Read.ap_auto.i8(i8 %data_5_V_read)"   --->   Operation 2049 'read' 'data_5_V_read_1' <Predicate = true> <Delay = 0.00>
ST_1 : Operation 2050 [1/1] (0.00ns)   --->   "%data_4_V_read_1 = call i8 @_ssdm_op_Read.ap_auto.i8(i8 %data_4_V_read)"   --->   Operation 2050 'read' 'data_4_V_read_1' <Predicate = true> <Delay = 0.00>
ST_1 : Operation 2051 [1/1] (0.00ns)   --->   "%data_3_V_read_1 = call i8 @_ssdm_op_Read.ap_auto.i8(i8 %data_3_V_read)"   --->   Operation 2051 'read' 'data_3_V_read_1' <Predicate = true> <Delay = 0.00>
ST_1 : Operation 2052 [1/1] (0.00ns)   --->   "%data_2_V_read_1 = call i8 @_ssdm_op_Read.ap_auto.i8(i8 %data_2_V_read)"   --->   Operation 2052 'read' 'data_2_V_read_1' <Predicate = true> <Delay = 0.00>
ST_1 : Operation 2053 [1/1] (0.00ns)   --->   "%data_1_V_read_1 = call i8 @_ssdm_op_Read.ap_auto.i8(i8 %data_1_V_read)"   --->   Operation 2053 'read' 'data_1_V_read_1' <Predicate = true> <Delay = 0.00>
ST_1 : Operation 2054 [1/1] (0.00ns)   --->   "%data_0_V_read_1 = call i8 @_ssdm_op_Read.ap_auto.i8(i8 %data_0_V_read)"   --->   Operation 2054 'read' 'data_0_V_read_1' <Predicate = true> <Delay = 0.00>
ST_1 : Operation 2055 [1/1] (0.00ns)   --->   "%outidx_1 = alloca [20480 x i32], align 16" [firmware/nnet_utils/nnet_dense_resource.h:119->firmware/nnet_utils/nnet_dense_resource.h:255->firmware/nnet_utils/nnet_dense_stream.h:21]   --->   Operation 2055 'alloca' 'outidx_1' <Predicate = true> <Delay = 0.00> <Core = "RAM">   --->   Core 37 'RAM' <Latency = 1> <II = 1> <Delay = 3.25> <Storage> <Opcode : 'load' 'store'> <Ports = 2> <Width = 32> <Depth = 20480> <RAM>
ST_1 : Operation 2056 [1/1] (1.76ns)   --->   "br label %.preheader100.i.i" [firmware/nnet_utils/nnet_dense_resource.h:121->firmware/nnet_utils/nnet_dense_resource.h:255->firmware/nnet_utils/nnet_dense_stream.h:21]   --->   Operation 2056 'br' <Predicate = true> <Delay = 1.76>

State 2 <SV = 1> <Delay = 3.25>
ST_2 : Operation 2057 [1/1] (0.00ns)   --->   "%outstep_0_i_i = phi i32 [ %select_ln123, %0 ], [ 0, %_ZN8ap_fixedILi14ELi8EL9ap_q_mode5EL9ap_o_mode3ELi0EEC1ILi8ELi3ELb1ELS0_5ELS1_3ELi0EEERK13ap_fixed_baseIXT_EXT0_EXT1_EXT2_EXT3_EXT4_EE.exit.i.i.0 ]" [firmware/nnet_utils/nnet_dense_resource.h:123->firmware/nnet_utils/nnet_dense_resource.h:255->firmware/nnet_utils/nnet_dense_stream.h:21]   --->   Operation 2057 'phi' 'outstep_0_i_i' <Predicate = true> <Delay = 0.00>
ST_2 : Operation 2058 [1/1] (0.00ns)   --->   "%ir_0_i_i = phi i15 [ %ir, %0 ], [ 0, %_ZN8ap_fixedILi14ELi8EL9ap_q_mode5EL9ap_o_mode3ELi0EEC1ILi8ELi3ELb1ELS0_5ELS1_3ELi0EEERK13ap_fixed_baseIXT_EXT0_EXT1_EXT2_EXT3_EXT4_EE.exit.i.i.0 ]"   --->   Operation 2058 'phi' 'ir_0_i_i' <Predicate = true> <Delay = 0.00>
ST_2 : Operation 2059 [1/1] (2.31ns)   --->   "%icmp_ln121 = icmp eq i15 %ir_0_i_i, -12288" [firmware/nnet_utils/nnet_dense_resource.h:121->firmware/nnet_utils/nnet_dense_resource.h:255->firmware/nnet_utils/nnet_dense_stream.h:21]   --->   Operation 2059 'icmp' 'icmp_ln121' <Predicate = true> <Delay = 2.31> <Core = "Cmp">   --->   Core 25 'Cmp' <Latency = 0> <II = 1> <Delay = 1.88> <FuncUnit> <Opcode : 'icmp'> <InPorts = 2> <OutPorts = 1>
ST_2 : Operation 2060 [1/1] (0.00ns)   --->   "%empty = call i32 (...)* @_ssdm_op_SpecLoopTripCount(i64 20480, i64 20480, i64 20480)"   --->   Operation 2060 'speclooptripcount' 'empty' <Predicate = true> <Delay = 0.00>
ST_2 : Operation 2061 [1/1] (1.94ns)   --->   "%ir = add i15 %ir_0_i_i, 1" [firmware/nnet_utils/nnet_dense_resource.h:123->firmware/nnet_utils/nnet_dense_resource.h:255->firmware/nnet_utils/nnet_dense_stream.h:21]   --->   Operation 2061 'add' 'ir' <Predicate = true> <Delay = 1.94> <Core = "AddSub">   --->   Core 14 'AddSub' <Latency = 0> <II = 1> <Delay = 2.55> <FuncUnit> <Opcode : 'add' 'sub'> <InPorts = 2> <OutPorts = 1>
ST_2 : Operation 2062 [1/1] (0.00ns)   --->   "br i1 %icmp_ln121, label %.preheader99.i.i.preheader, label %0" [firmware/nnet_utils/nnet_dense_resource.h:121->firmware/nnet_utils/nnet_dense_resource.h:255->firmware/nnet_utils/nnet_dense_stream.h:21]   --->   Operation 2062 'br' <Predicate = true> <Delay = 0.00>
ST_2 : Operation 2063 [1/1] (0.00ns)   --->   "call void (...)* @_ssdm_op_SpecLoopName([10 x i8]* @p_str33) nounwind" [firmware/nnet_utils/nnet_dense_resource.h:121->firmware/nnet_utils/nnet_dense_resource.h:255->firmware/nnet_utils/nnet_dense_stream.h:21]   --->   Operation 2063 'specloopname' <Predicate = (!icmp_ln121)> <Delay = 0.00>
ST_2 : Operation 2064 [1/1] (0.00ns)   --->   "%zext_ln122 = zext i15 %ir_0_i_i to i64" [firmware/nnet_utils/nnet_dense_resource.h:122->firmware/nnet_utils/nnet_dense_resource.h:255->firmware/nnet_utils/nnet_dense_stream.h:21]   --->   Operation 2064 'zext' 'zext_ln122' <Predicate = (!icmp_ln121)> <Delay = 0.00>
ST_2 : Operation 2065 [1/1] (0.00ns)   --->   "%outidx_addr = getelementptr inbounds [20480 x i32]* %outidx_1, i64 0, i64 %zext_ln122" [firmware/nnet_utils/nnet_dense_resource.h:122->firmware/nnet_utils/nnet_dense_resource.h:255->firmware/nnet_utils/nnet_dense_stream.h:21]   --->   Operation 2065 'getelementptr' 'outidx_addr' <Predicate = (!icmp_ln121)> <Delay = 0.00>
ST_2 : Operation 2066 [1/1] (3.25ns)   --->   "store i32 %outstep_0_i_i, i32* %outidx_addr, align 4" [firmware/nnet_utils/nnet_dense_resource.h:122->firmware/nnet_utils/nnet_dense_resource.h:255->firmware/nnet_utils/nnet_dense_stream.h:21]   --->   Operation 2066 'store' <Predicate = (!icmp_ln121)> <Delay = 3.25> <Core = "RAM">   --->   Core 37 'RAM' <Latency = 1> <II = 1> <Delay = 3.25> <Storage> <Opcode : 'load' 'store'> <Ports = 2> <Width = 32> <Depth = 20480> <RAM>
ST_2 : Operation 2067 [1/1] (0.00ns)   --->   "%trunc_ln123 = trunc i15 %ir_0_i_i to i11" [firmware/nnet_utils/nnet_dense_resource.h:123->firmware/nnet_utils/nnet_dense_resource.h:255->firmware/nnet_utils/nnet_dense_stream.h:21]   --->   Operation 2067 'trunc' 'trunc_ln123' <Predicate = (!icmp_ln121)> <Delay = 0.00>
ST_2 : Operation 2068 [1/1] (1.88ns)   --->   "%icmp_ln123 = icmp eq i11 %trunc_ln123, -1" [firmware/nnet_utils/nnet_dense_resource.h:123->firmware/nnet_utils/nnet_dense_resource.h:255->firmware/nnet_utils/nnet_dense_stream.h:21]   --->   Operation 2068 'icmp' 'icmp_ln123' <Predicate = (!icmp_ln121)> <Delay = 1.88> <Core = "Cmp">   --->   Core 25 'Cmp' <Latency = 0> <II = 1> <Delay = 1.88> <FuncUnit> <Opcode : 'icmp'> <InPorts = 2> <OutPorts = 1>
ST_2 : Operation 2069 [1/1] (2.55ns)   --->   "%outstep = add nsw i32 1, %outstep_0_i_i" [firmware/nnet_utils/nnet_dense_resource.h:124->firmware/nnet_utils/nnet_dense_resource.h:255->firmware/nnet_utils/nnet_dense_stream.h:21]   --->   Operation 2069 'add' 'outstep' <Predicate = (!icmp_ln121)> <Delay = 2.55> <Core = "AddSub">   --->   Core 14 'AddSub' <Latency = 0> <II = 1> <Delay = 2.55> <FuncUnit> <Opcode : 'add' 'sub'> <InPorts = 2> <OutPorts = 1>
ST_2 : Operation 2070 [1/1] (0.69ns)   --->   "%select_ln123 = select i1 %icmp_ln123, i32 %outstep, i32 %outstep_0_i_i" [firmware/nnet_utils/nnet_dense_resource.h:123->firmware/nnet_utils/nnet_dense_resource.h:255->firmware/nnet_utils/nnet_dense_stream.h:21]   --->   Operation 2070 'select' 'select_ln123' <Predicate = (!icmp_ln121)> <Delay = 0.69> <Core = "Sel">   --->   Core 26 'Sel' <Latency = 0> <II = 1> <Delay = 0.69> <FuncUnit> <Opcode : 'select'> <InPorts = 3> <OutPorts = 1>
ST_2 : Operation 2071 [1/1] (0.00ns)   --->   "br label %.preheader100.i.i" [firmware/nnet_utils/nnet_dense_resource.h:121->firmware/nnet_utils/nnet_dense_resource.h:255->firmware/nnet_utils/nnet_dense_stream.h:21]   --->   Operation 2071 'br' <Predicate = (!icmp_ln121)> <Delay = 0.00>
ST_2 : Operation 2072 [1/1] (0.00ns)   --->   "%empty_321 = call i32 (...)* @_ssdm_op_SpecLoopTripCount(i64 20480, i64 20480, i64 20480)"   --->   Operation 2072 'speclooptripcount' 'empty_321' <Predicate = (icmp_ln121)> <Delay = 0.00>
ST_2 : Operation 2073 [1/1] (1.76ns)   --->   "br label %ReuseLoop_begin" [firmware/nnet_utils/nnet_dense_resource.h:129->firmware/nnet_utils/nnet_dense_resource.h:255->firmware/nnet_utils/nnet_dense_stream.h:21]   --->   Operation 2073 'br' <Predicate = (icmp_ln121)> <Delay = 1.76>

State 3 <SV = 2> <Delay = 5.69>
ST_3 : Operation 2074 [1/1] (0.00ns)   --->   "%w_index60 = phi i15 [ 0, %.preheader99.i.i.preheader ], [ %w_index, %ReuseLoop_end ]"   --->   Operation 2074 'phi' 'w_index60' <Predicate = true> <Delay = 0.00>
ST_3 : Operation 2075 [1/1] (0.00ns)   --->   "%in_index_0_i_i59 = phi i32 [ 0, %.preheader99.i.i.preheader ], [ %select_ln148, %ReuseLoop_end ]" [firmware/nnet_utils/nnet_dense_resource.h:148->firmware/nnet_utils/nnet_dense_resource.h:255->firmware/nnet_utils/nnet_dense_stream.h:21]   --->   Operation 2075 'phi' 'in_index_0_i_i59' <Predicate = true> <Delay = 0.00>
ST_3 : Operation 2076 [1/1] (0.00ns)   --->   "%tmp = call i32 (...)* @_ssdm_op_SpecRegionBegin([10 x i8]* @p_str34)" [firmware/nnet_utils/nnet_dense_resource.h:129->firmware/nnet_utils/nnet_dense_resource.h:255->firmware/nnet_utils/nnet_dense_stream.h:21]   --->   Operation 2076 'specregionbegin' 'tmp' <Predicate = true> <Delay = 0.00>
ST_3 : Operation 2077 [1/1] (0.00ns)   --->   "%zext_ln133 = zext i15 %w_index60 to i64" [firmware/nnet_utils/nnet_dense_resource.h:133->firmware/nnet_utils/nnet_dense_resource.h:255->firmware/nnet_utils/nnet_dense_stream.h:21]   --->   Operation 2077 'zext' 'zext_ln133' <Predicate = true> <Delay = 0.00>
ST_3 : Operation 2078 [1/1] (0.00ns)   --->   "%outidx_addr_1 = getelementptr inbounds [20480 x i32]* %outidx_1, i64 0, i64 %zext_ln133" [firmware/nnet_utils/nnet_dense_resource.h:133->firmware/nnet_utils/nnet_dense_resource.h:255->firmware/nnet_utils/nnet_dense_stream.h:21]   --->   Operation 2078 'getelementptr' 'outidx_addr_1' <Predicate = true> <Delay = 0.00>
ST_3 : Operation 2079 [2/2] (3.25ns)   --->   "%out_index = load i32* %outidx_addr_1, align 4" [firmware/nnet_utils/nnet_dense_resource.h:133->firmware/nnet_utils/nnet_dense_resource.h:255->firmware/nnet_utils/nnet_dense_stream.h:21]   --->   Operation 2079 'load' 'out_index' <Predicate = true> <Delay = 3.25> <Core = "RAM">   --->   Core 37 'RAM' <Latency = 1> <II = 1> <Delay = 3.25> <Storage> <Opcode : 'load' 'store'> <Ports = 2> <Width = 32> <Depth = 20480> <RAM>
ST_3 : Operation 2080 [1/1] (0.00ns)   --->   "%trunc_ln139 = trunc i32 %in_index_0_i_i59 to i11" [firmware/nnet_utils/nnet_dense_resource.h:139->firmware/nnet_utils/nnet_dense_resource.h:255->firmware/nnet_utils/nnet_dense_stream.h:21]   --->   Operation 2080 'trunc' 'trunc_ln139' <Predicate = true> <Delay = 0.00>
ST_3 : Operation 2081 [1/1] (5.34ns)   --->   "%tmp_1 = call i8 @_ssdm_op_Mux.ap_auto.2048i8.i11(i8 %data_0_V_read_1, i8 %data_1_V_read_1, i8 %data_2_V_read_1, i8 %data_3_V_read_1, i8 %data_4_V_read_1, i8 %data_5_V_read_1, i8 %data_6_V_read_1, i8 %data_7_V_read_1, i8 %data_8_V_read_1, i8 %data_9_V_read_1, i8 %data_10_V_read_1, i8 %data_11_V_read_1, i8 %data_12_V_read_1, i8 %data_13_V_read_1, i8 %data_14_V_read_1, i8 %data_15_V_read_1, i8 %data_16_V_read_1, i8 %data_17_V_read_1, i8 %data_18_V_read_1, i8 %data_19_V_read_1, i8 %data_20_V_read_1, i8 %data_21_V_read_1, i8 %data_22_V_read_1, i8 %data_23_V_read_1, i8 %data_24_V_read_1, i8 %data_25_V_read_1, i8 %data_26_V_read_1, i8 %data_27_V_read_1, i8 %data_28_V_read_1, i8 %data_29_V_read_1, i8 %data_30_V_read_1, i8 %data_31_V_read_1, i8 %data_32_V_read_1, i8 %data_33_V_read_1, i8 %data_34_V_read_1, i8 %data_35_V_read_1, i8 %data_36_V_read_1, i8 %data_37_V_read_1, i8 %data_38_V_read_1, i8 %data_39_V_read_1, i8 %data_40_V_read_1, i8 %data_41_V_read_1, i8 %data_42_V_read_1, i8 %data_43_V_read_1, i8 %data_44_V_read_1, i8 %data_45_V_read_1, i8 %data_46_V_read_1, i8 %data_47_V_read_1, i8 %data_48_V_read_1, i8 %data_49_V_read_1, i8 %data_50_V_read_1, i8 %data_51_V_read_1, i8 %data_52_V_read_1, i8 %data_53_V_read_1, i8 %data_54_V_read_1, i8 %data_55_V_read_1, i8 %data_56_V_read_1, i8 %data_57_V_read_1, i8 %data_58_V_read_1, i8 %data_59_V_read_1, i8 %data_60_V_read_1, i8 %data_61_V_read_1, i8 %data_62_V_read_1, i8 %data_63_V_read_1, i8 %data_64_V_read_1, i8 %data_65_V_read_1, i8 %data_66_V_read_1, i8 %data_67_V_read_1, i8 %data_68_V_read_1, i8 %data_69_V_read_1, i8 %data_70_V_read_1, i8 %data_71_V_read_1, i8 %data_72_V_read_1, i8 %data_73_V_read_1, i8 %data_74_V_read_1, i8 %data_75_V_read_1, i8 %data_76_V_read_1, i8 %data_77_V_read_1, i8 %data_78_V_read_1, i8 %data_79_V_read_1, i8 %data_80_V_read_1, i8 %data_81_V_read_1, i8 %data_82_V_read_1, i8 %data_83_V_read_1, i8 %data_84_V_read_1, i8 %data_85_V_read_1, i8 %data_86_V_read_1, i8 %data_87_V_read_1, i8 %data_88_V_read_1, i8 %data_89_V_read_1, i8 %data_90_V_read_1, i8 %data_91_V_read_1, i8 %data_92_V_read_1, i8 %data_93_V_read_1, i8 %data_94_V_read_1, i8 %data_95_V_read_1, i8 %data_96_V_read_1, i8 %data_97_V_read_1, i8 %data_98_V_read_1, i8 %data_99_V_read_1, i8 %data_100_V_read_1, i8 %data_101_V_read_1, i8 %data_102_V_read_1, i8 %data_103_V_read_1, i8 %data_104_V_read_1, i8 %data_105_V_read_1, i8 %data_106_V_read_1, i8 %data_107_V_read_1, i8 %data_108_V_read_1, i8 %data_109_V_read_1, i8 %data_110_V_read_1, i8 %data_111_V_read_1, i8 %data_112_V_read_1, i8 %data_113_V_read_1, i8 %data_114_V_read_1, i8 %data_115_V_read_1, i8 %data_116_V_read_1, i8 %data_117_V_read_1, i8 %data_118_V_read_1, i8 %data_119_V_read_1, i8 %data_120_V_read_1, i8 %data_121_V_read_1, i8 %data_122_V_read_1, i8 %data_123_V_read_1, i8 %data_124_V_read_1, i8 %data_125_V_read_1, i8 %data_126_V_read_1, i8 %data_127_V_read_1, i8 %data_128_V_read_1, i8 %data_129_V_read_1, i8 %data_130_V_read_1, i8 %data_131_V_read_1, i8 %data_132_V_read_1, i8 %data_133_V_read_1, i8 %data_134_V_read_1, i8 %data_135_V_read_1, i8 %data_136_V_read_1, i8 %data_137_V_read_1, i8 %data_138_V_read_1, i8 %data_139_V_read_1, i8 %data_140_V_read_1, i8 %data_141_V_read_1, i8 %data_142_V_read_1, i8 %data_143_V_read_1, i8 %data_144_V_read_1, i8 %data_145_V_read_1, i8 %data_146_V_read_1, i8 %data_147_V_read_1, i8 %data_148_V_read_1, i8 %data_149_V_read_1, i8 %data_150_V_read_1, i8 %data_151_V_read_1, i8 %data_152_V_read_1, i8 %data_153_V_read_1, i8 %data_154_V_read_1, i8 %data_155_V_read_1, i8 %data_156_V_read_1, i8 %data_157_V_read_1, i8 %data_158_V_read_1, i8 %data_159_V_read_1, i8 %data_160_V_read_1, i8 %data_161_V_read_1, i8 %data_162_V_read_1, i8 %data_163_V_read_1, i8 %data_164_V_read_1, i8 %data_165_V_read_1, i8 %data_166_V_read_1, i8 %data_167_V_read_1, i8 %data_168_V_read_1, i8 %data_169_V_read_1, i8 %data_170_V_read_1, i8 %data_171_V_read_1, i8 %data_172_V_read_1, i8 %data_173_V_read_1, i8 %data_174_V_read_1, i8 %data_175_V_read_1, i8 %data_176_V_read_1, i8 %data_177_V_read_1, i8 %data_178_V_read_1, i8 %data_179_V_read_1, i8 %data_180_V_read_1, i8 %data_181_V_read_1, i8 %data_182_V_read_1, i8 %data_183_V_read_1, i8 %data_184_V_read_1, i8 %data_185_V_read_1, i8 %data_186_V_read_1, i8 %data_187_V_read_1, i8 %data_188_V_read_1, i8 %data_189_V_read_1, i8 %data_190_V_read_1, i8 %data_191_V_read_1, i8 %data_192_V_read_1, i8 %data_193_V_read_1, i8 %data_194_V_read_1, i8 %data_195_V_read_1, i8 %data_196_V_read_1, i8 %data_197_V_read_1, i8 %data_198_V_read_1, i8 %data_199_V_read_1, i8 %data_200_V_read_1, i8 %data_201_V_read_1, i8 %data_202_V_read_1, i8 %data_203_V_read_1, i8 %data_204_V_read_1, i8 %data_205_V_read_1, i8 %data_206_V_read_1, i8 %data_207_V_read_1, i8 %data_208_V_read_1, i8 %data_209_V_read_1, i8 %data_210_V_read_1, i8 %data_211_V_read_1, i8 %data_212_V_read_1, i8 %data_213_V_read_1, i8 %data_214_V_read_1, i8 %data_215_V_read_1, i8 %data_216_V_read_1, i8 %data_217_V_read_1, i8 %data_218_V_read_1, i8 %data_219_V_read_1, i8 %data_220_V_read_1, i8 %data_221_V_read_1, i8 %data_222_V_read_1, i8 %data_223_V_read_1, i8 %data_224_V_read_1, i8 %data_225_V_read_1, i8 %data_226_V_read_1, i8 %data_227_V_read_1, i8 %data_228_V_read_1, i8 %data_229_V_read_1, i8 %data_230_V_read_1, i8 %data_231_V_read_1, i8 %data_232_V_read_1, i8 %data_233_V_read_1, i8 %data_234_V_read_1, i8 %data_235_V_read_1, i8 %data_236_V_read_1, i8 %data_237_V_read_1, i8 %data_238_V_read_1, i8 %data_239_V_read_1, i8 %data_240_V_read_1, i8 %data_241_V_read_1, i8 %data_242_V_read_1, i8 %data_243_V_read_1, i8 %data_244_V_read_1, i8 %data_245_V_read_1, i8 %data_246_V_read_1, i8 %data_247_V_read_1, i8 %data_248_V_read_1, i8 %data_249_V_read_1, i8 %data_250_V_read_1, i8 %data_251_V_read_1, i8 %data_252_V_read_1, i8 %data_253_V_read_1, i8 %data_254_V_read_1, i8 %data_255_V_read_1, i8 %data_256_V_read_1, i8 %data_257_V_read_1, i8 %data_258_V_read_1, i8 %data_259_V_read_1, i8 %data_260_V_read_1, i8 %data_261_V_read_1, i8 %data_262_V_read_1, i8 %data_263_V_read_1, i8 %data_264_V_read_1, i8 %data_265_V_read_1, i8 %data_266_V_read_1, i8 %data_267_V_read_1, i8 %data_268_V_read_1, i8 %data_269_V_read_1, i8 %data_270_V_read_1, i8 %data_271_V_read_1, i8 %data_272_V_read_1, i8 %data_273_V_read_1, i8 %data_274_V_read_1, i8 %data_275_V_read_1, i8 %data_276_V_read_1, i8 %data_277_V_read_1, i8 %data_278_V_read_1, i8 %data_279_V_read_1, i8 %data_280_V_read_1, i8 %data_281_V_read_1, i8 %data_282_V_read_1, i8 %data_283_V_read_1, i8 %data_284_V_read_1, i8 %data_285_V_read_1, i8 %data_286_V_read_1, i8 %data_287_V_read_1, i8 %data_288_V_read_1, i8 %data_289_V_read_1, i8 %data_290_V_read_1, i8 %data_291_V_read_1, i8 %data_292_V_read_1, i8 %data_293_V_read_1, i8 %data_294_V_read_1, i8 %data_295_V_read_1, i8 %data_296_V_read_1, i8 %data_297_V_read_1, i8 %data_298_V_read_1, i8 %data_299_V_read_1, i8 %data_300_V_read_1, i8 %data_301_V_read_1, i8 %data_302_V_read_1, i8 %data_303_V_read_1, i8 %data_304_V_read_1, i8 %data_305_V_read_1, i8 %data_306_V_read_1, i8 %data_307_V_read_1, i8 %data_308_V_read_1, i8 %data_309_V_read_1, i8 %data_310_V_read_1, i8 %data_311_V_read_1, i8 %data_312_V_read_1, i8 %data_313_V_read_1, i8 %data_314_V_read_1, i8 %data_315_V_read_1, i8 %data_316_V_read_1, i8 %data_317_V_read_1, i8 %data_318_V_read_1, i8 %data_319_V_read_1, i8 %data_320_V_read_1, i8 %data_321_V_read_1, i8 %data_322_V_read_1, i8 %data_323_V_read_1, i8 %data_324_V_read_1, i8 %data_325_V_read_1, i8 %data_326_V_read_1, i8 %data_327_V_read_1, i8 %data_328_V_read_1, i8 %data_329_V_read_1, i8 %data_330_V_read_1, i8 %data_331_V_read_1, i8 %data_332_V_read_1, i8 %data_333_V_read_1, i8 %data_334_V_read_1, i8 %data_335_V_read_1, i8 %data_336_V_read_1, i8 %data_337_V_read_1, i8 %data_338_V_read_1, i8 %data_339_V_read_1, i8 %data_340_V_read_1, i8 %data_341_V_read_1, i8 %data_342_V_read_1, i8 %data_343_V_read_1, i8 %data_344_V_read_1, i8 %data_345_V_read_1, i8 %data_346_V_read_1, i8 %data_347_V_read_1, i8 %data_348_V_read_1, i8 %data_349_V_read_1, i8 %data_350_V_read_1, i8 %data_351_V_read_1, i8 %data_352_V_read_1, i8 %data_353_V_read_1, i8 %data_354_V_read_1, i8 %data_355_V_read_1, i8 %data_356_V_read_1, i8 %data_357_V_read_1, i8 %data_358_V_read_1, i8 %data_359_V_read_1, i8 %data_360_V_read_1, i8 %data_361_V_read_1, i8 %data_362_V_read_1, i8 %data_363_V_read_1, i8 %data_364_V_read_1, i8 %data_365_V_read_1, i8 %data_366_V_read_1, i8 %data_367_V_read_1, i8 %data_368_V_read_1, i8 %data_369_V_read_1, i8 %data_370_V_read_1, i8 %data_371_V_read_1, i8 %data_372_V_read_1, i8 %data_373_V_read_1, i8 %data_374_V_read_1, i8 %data_375_V_read_1, i8 %data_376_V_read_1, i8 %data_377_V_read_1, i8 %data_378_V_read_1, i8 %data_379_V_read_1, i8 %data_380_V_read_1, i8 %data_381_V_read_1, i8 %data_382_V_read_1, i8 %data_383_V_read_1, i8 %data_384_V_read_1, i8 %data_385_V_read_1, i8 %data_386_V_read_1, i8 %data_387_V_read_1, i8 %data_388_V_read_1, i8 %data_389_V_read_1, i8 %data_390_V_read_1, i8 %data_391_V_read_1, i8 %data_392_V_read_1, i8 %data_393_V_read_1, i8 %data_394_V_read_1, i8 %data_395_V_read_1, i8 %data_396_V_read_1, i8 %data_397_V_read_1, i8 %data_398_V_read_1, i8 %data_399_V_read_1, i8 %data_400_V_read_1, i8 %data_401_V_read_1, i8 %data_402_V_read_1, i8 %data_403_V_read_1, i8 %data_404_V_read_1, i8 %data_405_V_read_1, i8 %data_406_V_read_1, i8 %data_407_V_read_1, i8 %data_408_V_read_1, i8 %data_409_V_read_1, i8 %data_410_V_read_1, i8 %data_411_V_read_1, i8 %data_412_V_read_1, i8 %data_413_V_read_1, i8 %data_414_V_read_1, i8 %data_415_V_read_1, i8 %data_416_V_read_1, i8 %data_417_V_read_1, i8 %data_418_V_read_1, i8 %data_419_V_read_1, i8 %data_420_V_read_1, i8 %data_421_V_read_1, i8 %data_422_V_read_1, i8 %data_423_V_read_1, i8 %data_424_V_read_1, i8 %data_425_V_read_1, i8 %data_426_V_read_1, i8 %data_427_V_read_1, i8 %data_428_V_read_1, i8 %data_429_V_read_1, i8 %data_430_V_read_1, i8 %data_431_V_read_1, i8 %data_432_V_read_1, i8 %data_433_V_read_1, i8 %data_434_V_read_1, i8 %data_435_V_read_1, i8 %data_436_V_read_1, i8 %data_437_V_read_1, i8 %data_438_V_read_1, i8 %data_439_V_read_1, i8 %data_440_V_read_1, i8 %data_441_V_read_1, i8 %data_442_V_read_1, i8 %data_443_V_read_1, i8 %data_444_V_read_1, i8 %data_445_V_read_1, i8 %data_446_V_read_1, i8 %data_447_V_read_1, i8 %data_448_V_read_1, i8 %data_449_V_read_1, i8 %data_450_V_read_1, i8 %data_451_V_read_1, i8 %data_452_V_read_1, i8 %data_453_V_read_1, i8 %data_454_V_read_1, i8 %data_455_V_read_1, i8 %data_456_V_read_1, i8 %data_457_V_read_1, i8 %data_458_V_read_1, i8 %data_459_V_read_1, i8 %data_460_V_read_1, i8 %data_461_V_read_1, i8 %data_462_V_read_1, i8 %data_463_V_read_1, i8 %data_464_V_read_1, i8 %data_465_V_read_1, i8 %data_466_V_read_1, i8 %data_467_V_read_1, i8 %data_468_V_read_1, i8 %data_469_V_read_1, i8 %data_470_V_read_1, i8 %data_471_V_read_1, i8 %data_472_V_read_1, i8 %data_473_V_read_1, i8 %data_474_V_read_1, i8 %data_475_V_read_1, i8 %data_476_V_read_1, i8 %data_477_V_read_1, i8 %data_478_V_read_1, i8 %data_479_V_read_1, i8 %data_480_V_read_1, i8 %data_481_V_read_1, i8 %data_482_V_read_1, i8 %data_483_V_read_1, i8 %data_484_V_read_1, i8 %data_485_V_read_1, i8 %data_486_V_read_1, i8 %data_487_V_read_1, i8 %data_488_V_read_1, i8 %data_489_V_read_1, i8 %data_490_V_read_1, i8 %data_491_V_read_1, i8 %data_492_V_read_1, i8 %data_493_V_read_1, i8 %data_494_V_read_1, i8 %data_495_V_read_1, i8 %data_496_V_read_1, i8 %data_497_V_read_1, i8 %data_498_V_read_1, i8 %data_499_V_read_1, i8 %data_500_V_read_1, i8 %data_501_V_read_1, i8 %data_502_V_read_1, i8 %data_503_V_read_1, i8 %data_504_V_read_1, i8 %data_505_V_read_1, i8 %data_506_V_read_1, i8 %data_507_V_read_1, i8 %data_508_V_read_1, i8 %data_509_V_read_1, i8 %data_510_V_read_1, i8 %data_511_V_read_1, i8 %data_512_V_read_1, i8 %data_513_V_read_1, i8 %data_514_V_read_1, i8 %data_515_V_read_1, i8 %data_516_V_read_1, i8 %data_517_V_read_1, i8 %data_518_V_read_1, i8 %data_519_V_read_1, i8 %data_520_V_read_1, i8 %data_521_V_read_1, i8 %data_522_V_read_1, i8 %data_523_V_read_1, i8 %data_524_V_read_1, i8 %data_525_V_read_1, i8 %data_526_V_read_1, i8 %data_527_V_read_1, i8 %data_528_V_read_1, i8 %data_529_V_read_1, i8 %data_530_V_read_1, i8 %data_531_V_read_1, i8 %data_532_V_read_1, i8 %data_533_V_read_1, i8 %data_534_V_read_1, i8 %data_535_V_read_1, i8 %data_536_V_read_1, i8 %data_537_V_read_1, i8 %data_538_V_read_1, i8 %data_539_V_read_1, i8 %data_540_V_read_1, i8 %data_541_V_read_1, i8 %data_542_V_read_1, i8 %data_543_V_read_1, i8 %data_544_V_read_1, i8 %data_545_V_read_1, i8 %data_546_V_read_1, i8 %data_547_V_read_1, i8 %data_548_V_read_1, i8 %data_549_V_read_1, i8 %data_550_V_read_1, i8 %data_551_V_read_1, i8 %data_552_V_read_1, i8 %data_553_V_read_1, i8 %data_554_V_read_1, i8 %data_555_V_read_1, i8 %data_556_V_read_1, i8 %data_557_V_read_1, i8 %data_558_V_read_1, i8 %data_559_V_read_1, i8 %data_560_V_read_1, i8 %data_561_V_read_1, i8 %data_562_V_read_1, i8 %data_563_V_read_1, i8 %data_564_V_read_1, i8 %data_565_V_read_1, i8 %data_566_V_read_1, i8 %data_567_V_read_1, i8 %data_568_V_read_1, i8 %data_569_V_read_1, i8 %data_570_V_read_1, i8 %data_571_V_read_1, i8 %data_572_V_read_1, i8 %data_573_V_read_1, i8 %data_574_V_read_1, i8 %data_575_V_read_1, i8 %data_576_V_read_1, i8 %data_577_V_read_1, i8 %data_578_V_read_1, i8 %data_579_V_read_1, i8 %data_580_V_read_1, i8 %data_581_V_read_1, i8 %data_582_V_read_1, i8 %data_583_V_read_1, i8 %data_584_V_read_1, i8 %data_585_V_read_1, i8 %data_586_V_read_1, i8 %data_587_V_read_1, i8 %data_588_V_read_1, i8 %data_589_V_read_1, i8 %data_590_V_read_1, i8 %data_591_V_read_1, i8 %data_592_V_read_1, i8 %data_593_V_read_1, i8 %data_594_V_read_1, i8 %data_595_V_read_1, i8 %data_596_V_read_1, i8 %data_597_V_read_1, i8 %data_598_V_read_1, i8 %data_599_V_read_1, i8 %data_600_V_read_1, i8 %data_601_V_read_1, i8 %data_602_V_read_1, i8 %data_603_V_read_1, i8 %data_604_V_read_1, i8 %data_605_V_read_1, i8 %data_606_V_read_1, i8 %data_607_V_read_1, i8 %data_608_V_read_1, i8 %data_609_V_read_1, i8 %data_610_V_read_1, i8 %data_611_V_read_1, i8 %data_612_V_read_1, i8 %data_613_V_read_1, i8 %data_614_V_read_1, i8 %data_615_V_read_1, i8 %data_616_V_read_1, i8 %data_617_V_read_1, i8 %data_618_V_read_1, i8 %data_619_V_read_1, i8 %data_620_V_read_1, i8 %data_621_V_read_1, i8 %data_622_V_read_1, i8 %data_623_V_read_1, i8 %data_624_V_read_1, i8 %data_625_V_read_1, i8 %data_626_V_read_1, i8 %data_627_V_read_1, i8 %data_628_V_read_1, i8 %data_629_V_read_1, i8 %data_630_V_read_1, i8 %data_631_V_read_1, i8 %data_632_V_read_1, i8 %data_633_V_read_1, i8 %data_634_V_read_1, i8 %data_635_V_read_1, i8 %data_636_V_read_1, i8 %data_637_V_read_1, i8 %data_638_V_read_1, i8 %data_639_V_read_1, i8 %data_640_V_read_1, i8 %data_641_V_read_1, i8 %data_642_V_read_1, i8 %data_643_V_read_1, i8 %data_644_V_read_1, i8 %data_645_V_read_1, i8 %data_646_V_read_1, i8 %data_647_V_read_1, i8 %data_648_V_read_1, i8 %data_649_V_read_1, i8 %data_650_V_read_1, i8 %data_651_V_read_1, i8 %data_652_V_read_1, i8 %data_653_V_read_1, i8 %data_654_V_read_1, i8 %data_655_V_read_1, i8 %data_656_V_read_1, i8 %data_657_V_read_1, i8 %data_658_V_read_1, i8 %data_659_V_read_1, i8 %data_660_V_read_1, i8 %data_661_V_read_1, i8 %data_662_V_read_1, i8 %data_663_V_read_1, i8 %data_664_V_read_1, i8 %data_665_V_read_1, i8 %data_666_V_read_1, i8 %data_667_V_read_1, i8 %data_668_V_read_1, i8 %data_669_V_read_1, i8 %data_670_V_read_1, i8 %data_671_V_read_1, i8 %data_672_V_read_1, i8 %data_673_V_read_1, i8 %data_674_V_read_1, i8 %data_675_V_read_1, i8 %data_676_V_read_1, i8 %data_677_V_read_1, i8 %data_678_V_read_1, i8 %data_679_V_read_1, i8 %data_680_V_read_1, i8 %data_681_V_read_1, i8 %data_682_V_read_1, i8 %data_683_V_read_1, i8 %data_684_V_read_1, i8 %data_685_V_read_1, i8 %data_686_V_read_1, i8 %data_687_V_read_1, i8 %data_688_V_read_1, i8 %data_689_V_read_1, i8 %data_690_V_read_1, i8 %data_691_V_read_1, i8 %data_692_V_read_1, i8 %data_693_V_read_1, i8 %data_694_V_read_1, i8 %data_695_V_read_1, i8 %data_696_V_read_1, i8 %data_697_V_read_1, i8 %data_698_V_read_1, i8 %data_699_V_read_1, i8 %data_700_V_read_1, i8 %data_701_V_read_1, i8 %data_702_V_read_1, i8 %data_703_V_read_1, i8 %data_704_V_read_1, i8 %data_705_V_read_1, i8 %data_706_V_read_1, i8 %data_707_V_read_1, i8 %data_708_V_read_1, i8 %data_709_V_read_1, i8 %data_710_V_read_1, i8 %data_711_V_read_1, i8 %data_712_V_read_1, i8 %data_713_V_read_1, i8 %data_714_V_read_1, i8 %data_715_V_read_1, i8 %data_716_V_read_1, i8 %data_717_V_read_1, i8 %data_718_V_read_1, i8 %data_719_V_read_1, i8 %data_720_V_read_1, i8 %data_721_V_read_1, i8 %data_722_V_read_1, i8 %data_723_V_read_1, i8 %data_724_V_read_1, i8 %data_725_V_read_1, i8 %data_726_V_read_1, i8 %data_727_V_read_1, i8 %data_728_V_read_1, i8 %data_729_V_read_1, i8 %data_730_V_read_1, i8 %data_731_V_read_1, i8 %data_732_V_read_1, i8 %data_733_V_read_1, i8 %data_734_V_read_1, i8 %data_735_V_read_1, i8 %data_736_V_read_1, i8 %data_737_V_read_1, i8 %data_738_V_read_1, i8 %data_739_V_read_1, i8 %data_740_V_read_1, i8 %data_741_V_read_1, i8 %data_742_V_read_1, i8 %data_743_V_read_1, i8 %data_744_V_read_1, i8 %data_745_V_read_1, i8 %data_746_V_read_1, i8 %data_747_V_read_1, i8 %data_748_V_read_1, i8 %data_749_V_read_1, i8 %data_750_V_read_1, i8 %data_751_V_read_1, i8 %data_752_V_read_1, i8 %data_753_V_read_1, i8 %data_754_V_read_1, i8 %data_755_V_read_1, i8 %data_756_V_read_1, i8 %data_757_V_read_1, i8 %data_758_V_read_1, i8 %data_759_V_read_1, i8 %data_760_V_read_1, i8 %data_761_V_read_1, i8 %data_762_V_read_1, i8 %data_763_V_read_1, i8 %data_764_V_read_1, i8 %data_765_V_read_1, i8 %data_766_V_read_1, i8 %data_767_V_read_1, i8 %data_768_V_read_1, i8 %data_769_V_read_1, i8 %data_770_V_read_1, i8 %data_771_V_read_1, i8 %data_772_V_read_1, i8 %data_773_V_read_1, i8 %data_774_V_read_1, i8 %data_775_V_read_1, i8 %data_776_V_read_1, i8 %data_777_V_read_1, i8 %data_778_V_read_1, i8 %data_779_V_read_1, i8 %data_780_V_read_1, i8 %data_781_V_read_1, i8 %data_782_V_read_1, i8 %data_783_V_read_1, i8 %data_784_V_read_1, i8 %data_785_V_read_1, i8 %data_786_V_read_1, i8 %data_787_V_read_1, i8 %data_788_V_read_1, i8 %data_789_V_read_1, i8 %data_790_V_read_1, i8 %data_791_V_read_1, i8 %data_792_V_read_1, i8 %data_793_V_read_1, i8 %data_794_V_read_1, i8 %data_795_V_read_1, i8 %data_796_V_read_1, i8 %data_797_V_read_1, i8 %data_798_V_read_1, i8 %data_799_V_read_1, i8 %data_800_V_read_1, i8 %data_801_V_read_1, i8 %data_802_V_read_1, i8 %data_803_V_read_1, i8 %data_804_V_read_1, i8 %data_805_V_read_1, i8 %data_806_V_read_1, i8 %data_807_V_read_1, i8 %data_808_V_read_1, i8 %data_809_V_read_1, i8 %data_810_V_read_1, i8 %data_811_V_read_1, i8 %data_812_V_read_1, i8 %data_813_V_read_1, i8 %data_814_V_read_1, i8 %data_815_V_read_1, i8 %data_816_V_read_1, i8 %data_817_V_read_1, i8 %data_818_V_read_1, i8 %data_819_V_read_1, i8 %data_820_V_read_1, i8 %data_821_V_read_1, i8 %data_822_V_read_1, i8 %data_823_V_read_1, i8 %data_824_V_read_1, i8 %data_825_V_read_1, i8 %data_826_V_read_1, i8 %data_827_V_read_1, i8 %data_828_V_read_1, i8 %data_829_V_read_1, i8 %data_830_V_read_1, i8 %data_831_V_read_1, i8 %data_832_V_read_1, i8 %data_833_V_read_1, i8 %data_834_V_read_1, i8 %data_835_V_read_1, i8 %data_836_V_read_1, i8 %data_837_V_read_1, i8 %data_838_V_read_1, i8 %data_839_V_read_1, i8 %data_840_V_read_1, i8 %data_841_V_read_1, i8 %data_842_V_read_1, i8 %data_843_V_read_1, i8 %data_844_V_read_1, i8 %data_845_V_read_1, i8 %data_846_V_read_1, i8 %data_847_V_read_1, i8 %data_848_V_read_1, i8 %data_849_V_read_1, i8 %data_850_V_read_1, i8 %data_851_V_read_1, i8 %data_852_V_read_1, i8 %data_853_V_read_1, i8 %data_854_V_read_1, i8 %data_855_V_read_1, i8 %data_856_V_read_1, i8 %data_857_V_read_1, i8 %data_858_V_read_1, i8 %data_859_V_read_1, i8 %data_860_V_read_1, i8 %data_861_V_read_1, i8 %data_862_V_read_1, i8 %data_863_V_read_1, i8 %data_864_V_read_1, i8 %data_865_V_read_1, i8 %data_866_V_read_1, i8 %data_867_V_read_1, i8 %data_868_V_read_1, i8 %data_869_V_read_1, i8 %data_870_V_read_1, i8 %data_871_V_read_1, i8 %data_872_V_read_1, i8 %data_873_V_read_1, i8 %data_874_V_read_1, i8 %data_875_V_read_1, i8 %data_876_V_read_1, i8 %data_877_V_read_1, i8 %data_878_V_read_1, i8 %data_879_V_read_1, i8 %data_880_V_read_1, i8 %data_881_V_read_1, i8 %data_882_V_read_1, i8 %data_883_V_read_1, i8 %data_884_V_read_1, i8 %data_885_V_read_1, i8 %data_886_V_read_1, i8 %data_887_V_read_1, i8 %data_888_V_read_1, i8 %data_889_V_read_1, i8 %data_890_V_read_1, i8 %data_891_V_read_1, i8 %data_892_V_read_1, i8 %data_893_V_read_1, i8 %data_894_V_read_1, i8 %data_895_V_read_1, i8 %data_896_V_read_1, i8 %data_897_V_read_1, i8 %data_898_V_read_1, i8 %data_899_V_read_1, i8 %data_900_V_read_1, i8 %data_901_V_read_1, i8 %data_902_V_read_1, i8 %data_903_V_read_1, i8 %data_904_V_read_1, i8 %data_905_V_read_1, i8 %data_906_V_read_1, i8 %data_907_V_read_1, i8 %data_908_V_read_1, i8 %data_909_V_read_1, i8 %data_910_V_read_1, i8 %data_911_V_read_1, i8 %data_912_V_read_1, i8 %data_913_V_read_1, i8 %data_914_V_read_1, i8 %data_915_V_read_1, i8 %data_916_V_read_1, i8 %data_917_V_read_1, i8 %data_918_V_read_1, i8 %data_919_V_read_1, i8 %data_920_V_read_1, i8 %data_921_V_read_1, i8 %data_922_V_read_1, i8 %data_923_V_read_1, i8 %data_924_V_read_1, i8 %data_925_V_read_1, i8 %data_926_V_read_1, i8 %data_927_V_read_1, i8 %data_928_V_read_1, i8 %data_929_V_read_1, i8 %data_930_V_read_1, i8 %data_931_V_read_1, i8 %data_932_V_read_1, i8 %data_933_V_read_1, i8 %data_934_V_read_1, i8 %data_935_V_read_1, i8 %data_936_V_read_1, i8 %data_937_V_read_1, i8 %data_938_V_read_1, i8 %data_939_V_read_1, i8 %data_940_V_read_1, i8 %data_941_V_read_1, i8 %data_942_V_read_1, i8 %data_943_V_read_1, i8 %data_944_V_read_1, i8 %data_945_V_read_1, i8 %data_946_V_read_1, i8 %data_947_V_read_1, i8 %data_948_V_read_1, i8 %data_949_V_read_1, i8 %data_950_V_read_1, i8 %data_951_V_read_1, i8 %data_952_V_read_1, i8 %data_953_V_read_1, i8 %data_954_V_read_1, i8 %data_955_V_read_1, i8 %data_956_V_read_1, i8 %data_957_V_read_1, i8 %data_958_V_read_1, i8 %data_959_V_read_1, i8 %data_960_V_read_1, i8 %data_961_V_read_1, i8 %data_962_V_read_1, i8 %data_963_V_read_1, i8 %data_964_V_read_1, i8 %data_965_V_read_1, i8 %data_966_V_read_1, i8 %data_967_V_read_1, i8 %data_968_V_read_1, i8 %data_969_V_read_1, i8 %data_970_V_read_1, i8 %data_971_V_read_1, i8 %data_972_V_read_1, i8 %data_973_V_read_1, i8 %data_974_V_read_1, i8 %data_975_V_read_1, i8 %data_976_V_read_1, i8 %data_977_V_read_1, i8 %data_978_V_read_1, i8 %data_979_V_read_1, i8 %data_980_V_read_1, i8 %data_981_V_read_1, i8 %data_982_V_read_1, i8 %data_983_V_read_1, i8 %data_984_V_read_1, i8 %data_985_V_read_1, i8 %data_986_V_read_1, i8 %data_987_V_read_1, i8 %data_988_V_read_1, i8 %data_989_V_read_1, i8 %data_990_V_read_1, i8 %data_991_V_read_1, i8 %data_992_V_read_1, i8 %data_993_V_read_1, i8 %data_994_V_read_1, i8 %data_995_V_read_1, i8 %data_996_V_read_1, i8 %data_997_V_read_1, i8 %data_998_V_read_1, i8 %data_999_V_read_1, i8 %data_1000_V_read_1, i8 %data_1001_V_read_1, i8 %data_1002_V_read_1, i8 %data_1003_V_read_1, i8 %data_1004_V_read_1, i8 %data_1005_V_read_1, i8 %data_1006_V_read_1, i8 %data_1007_V_read_1, i8 %data_1008_V_read_1, i8 %data_1009_V_read_1, i8 %data_1010_V_read_1, i8 %data_1011_V_read_1, i8 %data_1012_V_read_1, i8 %data_1013_V_read_1, i8 %data_1014_V_read_1, i8 %data_1015_V_read_1, i8 %data_1016_V_read_1, i8 %data_1017_V_read_1, i8 %data_1018_V_read_1, i8 %data_1019_V_read_1, i8 %data_1020_V_read_1, i8 %data_1021_V_read_1, i8 %data_1022_V_read_1, i8 %data_1023_V_read_1, i8 %data_1024_V_read_1, i8 %data_1025_V_read_1, i8 %data_1026_V_read_1, i8 %data_1027_V_read_1, i8 %data_1028_V_read_1, i8 %data_1029_V_read_1, i8 %data_1030_V_read_1, i8 %data_1031_V_read_1, i8 %data_1032_V_read_1, i8 %data_1033_V_read_1, i8 %data_1034_V_read_1, i8 %data_1035_V_read_1, i8 %data_1036_V_read_1, i8 %data_1037_V_read_1, i8 %data_1038_V_read_1, i8 %data_1039_V_read_1, i8 %data_1040_V_read_1, i8 %data_1041_V_read_1, i8 %data_1042_V_read_1, i8 %data_1043_V_read_1, i8 %data_1044_V_read_1, i8 %data_1045_V_read_1, i8 %data_1046_V_read_1, i8 %data_1047_V_read_1, i8 %data_1048_V_read_1, i8 %data_1049_V_read_1, i8 %data_1050_V_read_1, i8 %data_1051_V_read_1, i8 %data_1052_V_read_1, i8 %data_1053_V_read_1, i8 %data_1054_V_read_1, i8 %data_1055_V_read_1, i8 %data_1056_V_read_1, i8 %data_1057_V_read_1, i8 %data_1058_V_read_1, i8 %data_1059_V_read_1, i8 %data_1060_V_read_1, i8 %data_1061_V_read_1, i8 %data_1062_V_read_1, i8 %data_1063_V_read_1, i8 %data_1064_V_read_1, i8 %data_1065_V_read_1, i8 %data_1066_V_read_1, i8 %data_1067_V_read_1, i8 %data_1068_V_read_1, i8 %data_1069_V_read_1, i8 %data_1070_V_read_1, i8 %data_1071_V_read_1, i8 %data_1072_V_read_1, i8 %data_1073_V_read_1, i8 %data_1074_V_read_1, i8 %data_1075_V_read_1, i8 %data_1076_V_read_1, i8 %data_1077_V_read_1, i8 %data_1078_V_read_1, i8 %data_1079_V_read_1, i8 %data_1080_V_read_1, i8 %data_1081_V_read_1, i8 %data_1082_V_read_1, i8 %data_1083_V_read_1, i8 %data_1084_V_read_1, i8 %data_1085_V_read_1, i8 %data_1086_V_read_1, i8 %data_1087_V_read_1, i8 %data_1088_V_read_1, i8 %data_1089_V_read_1, i8 %data_1090_V_read_1, i8 %data_1091_V_read_1, i8 %data_1092_V_read_1, i8 %data_1093_V_read_1, i8 %data_1094_V_read_1, i8 %data_1095_V_read_1, i8 %data_1096_V_read_1, i8 %data_1097_V_read_1, i8 %data_1098_V_read_1, i8 %data_1099_V_read_1, i8 %data_1100_V_read_1, i8 %data_1101_V_read_1, i8 %data_1102_V_read_1, i8 %data_1103_V_read_1, i8 %data_1104_V_read_1, i8 %data_1105_V_read_1, i8 %data_1106_V_read_1, i8 %data_1107_V_read_1, i8 %data_1108_V_read_1, i8 %data_1109_V_read_1, i8 %data_1110_V_read_1, i8 %data_1111_V_read_1, i8 %data_1112_V_read_1, i8 %data_1113_V_read_1, i8 %data_1114_V_read_1, i8 %data_1115_V_read_1, i8 %data_1116_V_read_1, i8 %data_1117_V_read_1, i8 %data_1118_V_read_1, i8 %data_1119_V_read_1, i8 %data_1120_V_read_1, i8 %data_1121_V_read_1, i8 %data_1122_V_read_1, i8 %data_1123_V_read_1, i8 %data_1124_V_read_1, i8 %data_1125_V_read_1, i8 %data_1126_V_read_1, i8 %data_1127_V_read_1, i8 %data_1128_V_read_1, i8 %data_1129_V_read_1, i8 %data_1130_V_read_1, i8 %data_1131_V_read_1, i8 %data_1132_V_read_1, i8 %data_1133_V_read_1, i8 %data_1134_V_read_1, i8 %data_1135_V_read_1, i8 %data_1136_V_read_1, i8 %data_1137_V_read_1, i8 %data_1138_V_read_1, i8 %data_1139_V_read_1, i8 %data_1140_V_read_1, i8 %data_1141_V_read_1, i8 %data_1142_V_read_1, i8 %data_1143_V_read_1, i8 %data_1144_V_read_1, i8 %data_1145_V_read_1, i8 %data_1146_V_read_1, i8 %data_1147_V_read_1, i8 %data_1148_V_read_1, i8 %data_1149_V_read_1, i8 %data_1150_V_read_1, i8 %data_1151_V_read_1, i8 %data_1152_V_read_1, i8 %data_1153_V_read_1, i8 %data_1154_V_read_1, i8 %data_1155_V_read_1, i8 %data_1156_V_read_1, i8 %data_1157_V_read_1, i8 %data_1158_V_read_1, i8 %data_1159_V_read_1, i8 %data_1160_V_read_1, i8 %data_1161_V_read_1, i8 %data_1162_V_read_1, i8 %data_1163_V_read_1, i8 %data_1164_V_read_1, i8 %data_1165_V_read_1, i8 %data_1166_V_read_1, i8 %data_1167_V_read_1, i8 %data_1168_V_read_1, i8 %data_1169_V_read_1, i8 %data_1170_V_read_1, i8 %data_1171_V_read_1, i8 %data_1172_V_read_1, i8 %data_1173_V_read_1, i8 %data_1174_V_read_1, i8 %data_1175_V_read_1, i8 %data_1176_V_read_1, i8 %data_1177_V_read_1, i8 %data_1178_V_read_1, i8 %data_1179_V_read_1, i8 %data_1180_V_read_1, i8 %data_1181_V_read_1, i8 %data_1182_V_read_1, i8 %data_1183_V_read_1, i8 %data_1184_V_read_1, i8 %data_1185_V_read_1, i8 %data_1186_V_read_1, i8 %data_1187_V_read_1, i8 %data_1188_V_read_1, i8 %data_1189_V_read_1, i8 %data_1190_V_read_1, i8 %data_1191_V_read_1, i8 %data_1192_V_read_1, i8 %data_1193_V_read_1, i8 %data_1194_V_read_1, i8 %data_1195_V_read_1, i8 %data_1196_V_read_1, i8 %data_1197_V_read_1, i8 %data_1198_V_read_1, i8 %data_1199_V_read_1, i8 %data_1200_V_read_1, i8 %data_1201_V_read_1, i8 %data_1202_V_read_1, i8 %data_1203_V_read_1, i8 %data_1204_V_read_1, i8 %data_1205_V_read_1, i8 %data_1206_V_read_1, i8 %data_1207_V_read_1, i8 %data_1208_V_read_1, i8 %data_1209_V_read_1, i8 %data_1210_V_read_1, i8 %data_1211_V_read_1, i8 %data_1212_V_read_1, i8 %data_1213_V_read_1, i8 %data_1214_V_read_1, i8 %data_1215_V_read_1, i8 %data_1216_V_read_1, i8 %data_1217_V_read_1, i8 %data_1218_V_read_1, i8 %data_1219_V_read_1, i8 %data_1220_V_read_1, i8 %data_1221_V_read_1, i8 %data_1222_V_read_1, i8 %data_1223_V_read_1, i8 %data_1224_V_read_1, i8 %data_1225_V_read_1, i8 %data_1226_V_read_1, i8 %data_1227_V_read_1, i8 %data_1228_V_read_1, i8 %data_1229_V_read_1, i8 %data_1230_V_read_1, i8 %data_1231_V_read_1, i8 %data_1232_V_read_1, i8 %data_1233_V_read_1, i8 %data_1234_V_read_1, i8 %data_1235_V_read_1, i8 %data_1236_V_read_1, i8 %data_1237_V_read_1, i8 %data_1238_V_read_1, i8 %data_1239_V_read_1, i8 %data_1240_V_read_1, i8 %data_1241_V_read_1, i8 %data_1242_V_read_1, i8 %data_1243_V_read_1, i8 %data_1244_V_read_1, i8 %data_1245_V_read_1, i8 %data_1246_V_read_1, i8 %data_1247_V_read_1, i8 %data_1248_V_read_1, i8 %data_1249_V_read_1, i8 %data_1250_V_read_1, i8 %data_1251_V_read_1, i8 %data_1252_V_read_1, i8 %data_1253_V_read_1, i8 %data_1254_V_read_1, i8 %data_1255_V_read_1, i8 %data_1256_V_read_1, i8 %data_1257_V_read_1, i8 %data_1258_V_read_1, i8 %data_1259_V_read_1, i8 %data_1260_V_read_1, i8 %data_1261_V_read_1, i8 %data_1262_V_read_1, i8 %data_1263_V_read_1, i8 %data_1264_V_read_1, i8 %data_1265_V_read_1, i8 %data_1266_V_read_1, i8 %data_1267_V_read_1, i8 %data_1268_V_read_1, i8 %data_1269_V_read_1, i8 %data_1270_V_read_1, i8 %data_1271_V_read_1, i8 %data_1272_V_read_1, i8 %data_1273_V_read_1, i8 %data_1274_V_read_1, i8 %data_1275_V_read_1, i8 %data_1276_V_read_1, i8 %data_1277_V_read_1, i8 %data_1278_V_read_1, i8 %data_1279_V_read_1, i8 %data_1280_V_read_1, i8 %data_1281_V_read_1, i8 %data_1282_V_read_1, i8 %data_1283_V_read_1, i8 %data_1284_V_read_1, i8 %data_1285_V_read_1, i8 %data_1286_V_read_1, i8 %data_1287_V_read_1, i8 %data_1288_V_read_1, i8 %data_1289_V_read_1, i8 %data_1290_V_read_1, i8 %data_1291_V_read_1, i8 %data_1292_V_read_1, i8 %data_1293_V_read_1, i8 %data_1294_V_read_1, i8 %data_1295_V_read_1, i8 %data_1296_V_read_1, i8 %data_1297_V_read_1, i8 %data_1298_V_read_1, i8 %data_1299_V_read_1, i8 %data_1300_V_read_1, i8 %data_1301_V_read_1, i8 %data_1302_V_read_1, i8 %data_1303_V_read_1, i8 %data_1304_V_read_1, i8 %data_1305_V_read_1, i8 %data_1306_V_read_1, i8 %data_1307_V_read_1, i8 %data_1308_V_read_1, i8 %data_1309_V_read_1, i8 %data_1310_V_read_1, i8 %data_1311_V_read_1, i8 %data_1312_V_read_1, i8 %data_1313_V_read_1, i8 %data_1314_V_read_1, i8 %data_1315_V_read_1, i8 %data_1316_V_read_1, i8 %data_1317_V_read_1, i8 %data_1318_V_read_1, i8 %data_1319_V_read_1, i8 %data_1320_V_read_1, i8 %data_1321_V_read_1, i8 %data_1322_V_read_1, i8 %data_1323_V_read_1, i8 %data_1324_V_read_1, i8 %data_1325_V_read_1, i8 %data_1326_V_read_1, i8 %data_1327_V_read_1, i8 %data_1328_V_read_1, i8 %data_1329_V_read_1, i8 %data_1330_V_read_1, i8 %data_1331_V_read_1, i8 %data_1332_V_read_1, i8 %data_1333_V_read_1, i8 %data_1334_V_read_1, i8 %data_1335_V_read_1, i8 %data_1336_V_read_1, i8 %data_1337_V_read_1, i8 %data_1338_V_read_1, i8 %data_1339_V_read_1, i8 %data_1340_V_read_1, i8 %data_1341_V_read_1, i8 %data_1342_V_read_1, i8 %data_1343_V_read_1, i8 %data_1344_V_read_1, i8 %data_1345_V_read_1, i8 %data_1346_V_read_1, i8 %data_1347_V_read_1, i8 %data_1348_V_read_1, i8 %data_1349_V_read_1, i8 %data_1350_V_read_1, i8 %data_1351_V_read_1, i8 %data_1352_V_read_1, i8 %data_1353_V_read_1, i8 %data_1354_V_read_1, i8 %data_1355_V_read_1, i8 %data_1356_V_read_1, i8 %data_1357_V_read_1, i8 %data_1358_V_read_1, i8 %data_1359_V_read_1, i8 %data_1360_V_read_1, i8 %data_1361_V_read_1, i8 %data_1362_V_read_1, i8 %data_1363_V_read_1, i8 %data_1364_V_read_1, i8 %data_1365_V_read_1, i8 %data_1366_V_read_1, i8 %data_1367_V_read_1, i8 %data_1368_V_read_1, i8 %data_1369_V_read_1, i8 %data_1370_V_read_1, i8 %data_1371_V_read_1, i8 %data_1372_V_read_1, i8 %data_1373_V_read_1, i8 %data_1374_V_read_1, i8 %data_1375_V_read_1, i8 %data_1376_V_read_1, i8 %data_1377_V_read_1, i8 %data_1378_V_read_1, i8 %data_1379_V_read_1, i8 %data_1380_V_read_1, i8 %data_1381_V_read_1, i8 %data_1382_V_read_1, i8 %data_1383_V_read_1, i8 %data_1384_V_read_1, i8 %data_1385_V_read_1, i8 %data_1386_V_read_1, i8 %data_1387_V_read_1, i8 %data_1388_V_read_1, i8 %data_1389_V_read_1, i8 %data_1390_V_read_1, i8 %data_1391_V_read_1, i8 %data_1392_V_read_1, i8 %data_1393_V_read_1, i8 %data_1394_V_read_1, i8 %data_1395_V_read_1, i8 %data_1396_V_read_1, i8 %data_1397_V_read_1, i8 %data_1398_V_read_1, i8 %data_1399_V_read_1, i8 %data_1400_V_read_1, i8 %data_1401_V_read_1, i8 %data_1402_V_read_1, i8 %data_1403_V_read_1, i8 %data_1404_V_read_1, i8 %data_1405_V_read_1, i8 %data_1406_V_read_1, i8 %data_1407_V_read_1, i8 %data_1408_V_read_1, i8 %data_1409_V_read_1, i8 %data_1410_V_read_1, i8 %data_1411_V_read_1, i8 %data_1412_V_read_1, i8 %data_1413_V_read_1, i8 %data_1414_V_read_1, i8 %data_1415_V_read_1, i8 %data_1416_V_read_1, i8 %data_1417_V_read_1, i8 %data_1418_V_read_1, i8 %data_1419_V_read_1, i8 %data_1420_V_read_1, i8 %data_1421_V_read_1, i8 %data_1422_V_read_1, i8 %data_1423_V_read_1, i8 %data_1424_V_read_1, i8 %data_1425_V_read_1, i8 %data_1426_V_read_1, i8 %data_1427_V_read_1, i8 %data_1428_V_read_1, i8 %data_1429_V_read_1, i8 %data_1430_V_read_1, i8 %data_1431_V_read_1, i8 %data_1432_V_read_1, i8 %data_1433_V_read_1, i8 %data_1434_V_read_1, i8 %data_1435_V_read_1, i8 %data_1436_V_read_1, i8 %data_1437_V_read_1, i8 %data_1438_V_read_1, i8 %data_1439_V_read_1, i8 %data_1440_V_read_1, i8 %data_1441_V_read_1, i8 %data_1442_V_read_1, i8 %data_1443_V_read_1, i8 %data_1444_V_read_1, i8 %data_1445_V_read_1, i8 %data_1446_V_read_1, i8 %data_1447_V_read_1, i8 %data_1448_V_read_1, i8 %data_1449_V_read_1, i8 %data_1450_V_read_1, i8 %data_1451_V_read_1, i8 %data_1452_V_read_1, i8 %data_1453_V_read_1, i8 %data_1454_V_read_1, i8 %data_1455_V_read_1, i8 %data_1456_V_read_1, i8 %data_1457_V_read_1, i8 %data_1458_V_read_1, i8 %data_1459_V_read_1, i8 %data_1460_V_read_1, i8 %data_1461_V_read_1, i8 %data_1462_V_read_1, i8 %data_1463_V_read_1, i8 %data_1464_V_read_1, i8 %data_1465_V_read_1, i8 %data_1466_V_read_1, i8 %data_1467_V_read_1, i8 %data_1468_V_read_1, i8 %data_1469_V_read_1, i8 %data_1470_V_read_1, i8 %data_1471_V_read_1, i8 %data_1472_V_read_1, i8 %data_1473_V_read_1, i8 %data_1474_V_read_1, i8 %data_1475_V_read_1, i8 %data_1476_V_read_1, i8 %data_1477_V_read_1, i8 %data_1478_V_read_1, i8 %data_1479_V_read_1, i8 %data_1480_V_read_1, i8 %data_1481_V_read_1, i8 %data_1482_V_read_1, i8 %data_1483_V_read_1, i8 %data_1484_V_read_1, i8 %data_1485_V_read_1, i8 %data_1486_V_read_1, i8 %data_1487_V_read_1, i8 %data_1488_V_read_1, i8 %data_1489_V_read_1, i8 %data_1490_V_read_1, i8 %data_1491_V_read_1, i8 %data_1492_V_read_1, i8 %data_1493_V_read_1, i8 %data_1494_V_read_1, i8 %data_1495_V_read_1, i8 %data_1496_V_read_1, i8 %data_1497_V_read_1, i8 %data_1498_V_read_1, i8 %data_1499_V_read_1, i8 %data_1500_V_read_1, i8 %data_1501_V_read_1, i8 %data_1502_V_read_1, i8 %data_1503_V_read_1, i8 %data_1504_V_read_1, i8 %data_1505_V_read_1, i8 %data_1506_V_read_1, i8 %data_1507_V_read_1, i8 %data_1508_V_read_1, i8 %data_1509_V_read_1, i8 %data_1510_V_read_1, i8 %data_1511_V_read_1, i8 %data_1512_V_read_1, i8 %data_1513_V_read_1, i8 %data_1514_V_read_1, i8 %data_1515_V_read_1, i8 %data_1516_V_read_1, i8 %data_1517_V_read_1, i8 %data_1518_V_read_1, i8 %data_1519_V_read_1, i8 %data_1520_V_read_1, i8 %data_1521_V_read_1, i8 %data_1522_V_read_1, i8 %data_1523_V_read_1, i8 %data_1524_V_read_1, i8 %data_1525_V_read_1, i8 %data_1526_V_read_1, i8 %data_1527_V_read_1, i8 %data_1528_V_read_1, i8 %data_1529_V_read_1, i8 %data_1530_V_read_1, i8 %data_1531_V_read_1, i8 %data_1532_V_read_1, i8 %data_1533_V_read_1, i8 %data_1534_V_read_1, i8 %data_1535_V_read_1, i8 %data_1536_V_read_1, i8 %data_1537_V_read_1, i8 %data_1538_V_read_1, i8 %data_1539_V_read_1, i8 %data_1540_V_read_1, i8 %data_1541_V_read_1, i8 %data_1542_V_read_1, i8 %data_1543_V_read_1, i8 %data_1544_V_read_1, i8 %data_1545_V_read_1, i8 %data_1546_V_read_1, i8 %data_1547_V_read_1, i8 %data_1548_V_read_1, i8 %data_1549_V_read_1, i8 %data_1550_V_read_1, i8 %data_1551_V_read_1, i8 %data_1552_V_read_1, i8 %data_1553_V_read_1, i8 %data_1554_V_read_1, i8 %data_1555_V_read_1, i8 %data_1556_V_read_1, i8 %data_1557_V_read_1, i8 %data_1558_V_read_1, i8 %data_1559_V_read_1, i8 %data_1560_V_read_1, i8 %data_1561_V_read_1, i8 %data_1562_V_read_1, i8 %data_1563_V_read_1, i8 %data_1564_V_read_1, i8 %data_1565_V_read_1, i8 %data_1566_V_read_1, i8 %data_1567_V_read_1, i8 %data_1568_V_read_1, i8 %data_1569_V_read_1, i8 %data_1570_V_read_1, i8 %data_1571_V_read_1, i8 %data_1572_V_read_1, i8 %data_1573_V_read_1, i8 %data_1574_V_read_1, i8 %data_1575_V_read_1, i8 %data_1576_V_read_1, i8 %data_1577_V_read_1, i8 %data_1578_V_read_1, i8 %data_1579_V_read_1, i8 %data_1580_V_read_1, i8 %data_1581_V_read_1, i8 %data_1582_V_read_1, i8 %data_1583_V_read_1, i8 %data_1584_V_read_1, i8 %data_1585_V_read_1, i8 %data_1586_V_read_1, i8 %data_1587_V_read_1, i8 %data_1588_V_read_1, i8 %data_1589_V_read_1, i8 %data_1590_V_read_1, i8 %data_1591_V_read_1, i8 %data_1592_V_read_1, i8 %data_1593_V_read_1, i8 %data_1594_V_read_1, i8 %data_1595_V_read_1, i8 %data_1596_V_read_1, i8 %data_1597_V_read_1, i8 %data_1598_V_read_1, i8 %data_1599_V_read_1, i8 %data_1600_V_read_1, i8 %data_1601_V_read_1, i8 %data_1602_V_read_1, i8 %data_1603_V_read_1, i8 %data_1604_V_read_1, i8 %data_1605_V_read_1, i8 %data_1606_V_read_1, i8 %data_1607_V_read_1, i8 %data_1608_V_read_1, i8 %data_1609_V_read_1, i8 %data_1610_V_read_1, i8 %data_1611_V_read_1, i8 %data_1612_V_read_1, i8 %data_1613_V_read_1, i8 %data_1614_V_read_1, i8 %data_1615_V_read_1, i8 %data_1616_V_read_1, i8 %data_1617_V_read_1, i8 %data_1618_V_read_1, i8 %data_1619_V_read_1, i8 %data_1620_V_read_1, i8 %data_1621_V_read_1, i8 %data_1622_V_read_1, i8 %data_1623_V_read_1, i8 %data_1624_V_read_1, i8 %data_1625_V_read_1, i8 %data_1626_V_read_1, i8 %data_1627_V_read_1, i8 %data_1628_V_read_1, i8 %data_1629_V_read_1, i8 %data_1630_V_read_1, i8 %data_1631_V_read_1, i8 %data_1632_V_read_1, i8 %data_1633_V_read_1, i8 %data_1634_V_read_1, i8 %data_1635_V_read_1, i8 %data_1636_V_read_1, i8 %data_1637_V_read_1, i8 %data_1638_V_read_1, i8 %data_1639_V_read_1, i8 %data_1640_V_read_1, i8 %data_1641_V_read_1, i8 %data_1642_V_read_1, i8 %data_1643_V_read_1, i8 %data_1644_V_read_1, i8 %data_1645_V_read_1, i8 %data_1646_V_read_1, i8 %data_1647_V_read_1, i8 %data_1648_V_read_1, i8 %data_1649_V_read_1, i8 %data_1650_V_read_1, i8 %data_1651_V_read_1, i8 %data_1652_V_read_1, i8 %data_1653_V_read_1, i8 %data_1654_V_read_1, i8 %data_1655_V_read_1, i8 %data_1656_V_read_1, i8 %data_1657_V_read_1, i8 %data_1658_V_read_1, i8 %data_1659_V_read_1, i8 %data_1660_V_read_1, i8 %data_1661_V_read_1, i8 %data_1662_V_read_1, i8 %data_1663_V_read_1, i8 %data_1664_V_read_1, i8 %data_1665_V_read_1, i8 %data_1666_V_read_1, i8 %data_1667_V_read_1, i8 %data_1668_V_read_1, i8 %data_1669_V_read_1, i8 %data_1670_V_read_1, i8 %data_1671_V_read_1, i8 %data_1672_V_read_1, i8 %data_1673_V_read_1, i8 %data_1674_V_read_1, i8 %data_1675_V_read_1, i8 %data_1676_V_read_1, i8 %data_1677_V_read_1, i8 %data_1678_V_read_1, i8 %data_1679_V_read_1, i8 %data_1680_V_read_1, i8 %data_1681_V_read_1, i8 %data_1682_V_read_1, i8 %data_1683_V_read_1, i8 %data_1684_V_read_1, i8 %data_1685_V_read_1, i8 %data_1686_V_read_1, i8 %data_1687_V_read_1, i8 %data_1688_V_read_1, i8 %data_1689_V_read_1, i8 %data_1690_V_read_1, i8 %data_1691_V_read_1, i8 %data_1692_V_read_1, i8 %data_1693_V_read_1, i8 %data_1694_V_read_1, i8 %data_1695_V_read_1, i8 %data_1696_V_read_1, i8 %data_1697_V_read_1, i8 %data_1698_V_read_1, i8 %data_1699_V_read_1, i8 %data_1700_V_read_1, i8 %data_1701_V_read_1, i8 %data_1702_V_read_1, i8 %data_1703_V_read_1, i8 %data_1704_V_read_1, i8 %data_1705_V_read_1, i8 %data_1706_V_read_1, i8 %data_1707_V_read_1, i8 %data_1708_V_read_1, i8 %data_1709_V_read_1, i8 %data_1710_V_read_1, i8 %data_1711_V_read_1, i8 %data_1712_V_read_1, i8 %data_1713_V_read_1, i8 %data_1714_V_read_1, i8 %data_1715_V_read_1, i8 %data_1716_V_read_1, i8 %data_1717_V_read_1, i8 %data_1718_V_read_1, i8 %data_1719_V_read_1, i8 %data_1720_V_read_1, i8 %data_1721_V_read_1, i8 %data_1722_V_read_1, i8 %data_1723_V_read_1, i8 %data_1724_V_read_1, i8 %data_1725_V_read_1, i8 %data_1726_V_read_1, i8 %data_1727_V_read_1, i8 %data_1728_V_read_1, i8 %data_1729_V_read_1, i8 %data_1730_V_read_1, i8 %data_1731_V_read_1, i8 %data_1732_V_read_1, i8 %data_1733_V_read_1, i8 %data_1734_V_read_1, i8 %data_1735_V_read_1, i8 %data_1736_V_read_1, i8 %data_1737_V_read_1, i8 %data_1738_V_read_1, i8 %data_1739_V_read_1, i8 %data_1740_V_read_1, i8 %data_1741_V_read_1, i8 %data_1742_V_read_1, i8 %data_1743_V_read_1, i8 %data_1744_V_read_1, i8 %data_1745_V_read_1, i8 %data_1746_V_read_1, i8 %data_1747_V_read_1, i8 %data_1748_V_read_1, i8 %data_1749_V_read_1, i8 %data_1750_V_read_1, i8 %data_1751_V_read_1, i8 %data_1752_V_read_1, i8 %data_1753_V_read_1, i8 %data_1754_V_read_1, i8 %data_1755_V_read_1, i8 %data_1756_V_read_1, i8 %data_1757_V_read_1, i8 %data_1758_V_read_1, i8 %data_1759_V_read_1, i8 %data_1760_V_read_1, i8 %data_1761_V_read_1, i8 %data_1762_V_read_1, i8 %data_1763_V_read_1, i8 %data_1764_V_read_1, i8 %data_1765_V_read_1, i8 %data_1766_V_read_1, i8 %data_1767_V_read_1, i8 %data_1768_V_read_1, i8 %data_1769_V_read_1, i8 %data_1770_V_read_1, i8 %data_1771_V_read_1, i8 %data_1772_V_read_1, i8 %data_1773_V_read_1, i8 %data_1774_V_read_1, i8 %data_1775_V_read_1, i8 %data_1776_V_read_1, i8 %data_1777_V_read_1, i8 %data_1778_V_read_1, i8 %data_1779_V_read_1, i8 %data_1780_V_read_1, i8 %data_1781_V_read_1, i8 %data_1782_V_read_1, i8 %data_1783_V_read_1, i8 %data_1784_V_read_1, i8 %data_1785_V_read_1, i8 %data_1786_V_read_1, i8 %data_1787_V_read_1, i8 %data_1788_V_read_1, i8 %data_1789_V_read_1, i8 %data_1790_V_read_1, i8 %data_1791_V_read_1, i8 %data_1792_V_read_1, i8 %data_1793_V_read_1, i8 %data_1794_V_read_1, i8 %data_1795_V_read_1, i8 %data_1796_V_read_1, i8 %data_1797_V_read_1, i8 %data_1798_V_read_1, i8 %data_1799_V_read_1, i8 %data_1800_V_read_1, i8 %data_1801_V_read_1, i8 %data_1802_V_read_1, i8 %data_1803_V_read_1, i8 %data_1804_V_read_1, i8 %data_1805_V_read_1, i8 %data_1806_V_read_1, i8 %data_1807_V_read_1, i8 %data_1808_V_read_1, i8 %data_1809_V_read_1, i8 %data_1810_V_read_1, i8 %data_1811_V_read_1, i8 %data_1812_V_read_1, i8 %data_1813_V_read_1, i8 %data_1814_V_read_1, i8 %data_1815_V_read_1, i8 %data_1816_V_read_1, i8 %data_1817_V_read_1, i8 %data_1818_V_read_1, i8 %data_1819_V_read_1, i8 %data_1820_V_read_1, i8 %data_1821_V_read_1, i8 %data_1822_V_read_1, i8 %data_1823_V_read_1, i8 %data_1824_V_read_1, i8 %data_1825_V_read_1, i8 %data_1826_V_read_1, i8 %data_1827_V_read_1, i8 %data_1828_V_read_1, i8 %data_1829_V_read_1, i8 %data_1830_V_read_1, i8 %data_1831_V_read_1, i8 %data_1832_V_read_1, i8 %data_1833_V_read_1, i8 %data_1834_V_read_1, i8 %data_1835_V_read_1, i8 %data_1836_V_read_1, i8 %data_1837_V_read_1, i8 %data_1838_V_read_1, i8 %data_1839_V_read_1, i8 %data_1840_V_read_1, i8 %data_1841_V_read_1, i8 %data_1842_V_read_1, i8 %data_1843_V_read_1, i8 %data_1844_V_read_1, i8 %data_1845_V_read_1, i8 %data_1846_V_read_1, i8 %data_1847_V_read_1, i8 %data_1848_V_read_1, i8 %data_1849_V_read_1, i8 %data_1850_V_read_1, i8 %data_1851_V_read_1, i8 %data_1852_V_read_1, i8 %data_1853_V_read_1, i8 %data_1854_V_read_1, i8 %data_1855_V_read_1, i8 %data_1856_V_read_1, i8 %data_1857_V_read_1, i8 %data_1858_V_read_1, i8 %data_1859_V_read_1, i8 %data_1860_V_read_1, i8 %data_1861_V_read_1, i8 %data_1862_V_read_1, i8 %data_1863_V_read_1, i8 %data_1864_V_read_1, i8 %data_1865_V_read_1, i8 %data_1866_V_read_1, i8 %data_1867_V_read_1, i8 %data_1868_V_read_1, i8 %data_1869_V_read_1, i8 %data_1870_V_read_1, i8 %data_1871_V_read_1, i8 %data_1872_V_read_1, i8 %data_1873_V_read_1, i8 %data_1874_V_read_1, i8 %data_1875_V_read_1, i8 %data_1876_V_read_1, i8 %data_1877_V_read_1, i8 %data_1878_V_read_1, i8 %data_1879_V_read_1, i8 %data_1880_V_read_1, i8 %data_1881_V_read_1, i8 %data_1882_V_read_1, i8 %data_1883_V_read_1, i8 %data_1884_V_read_1, i8 %data_1885_V_read_1, i8 %data_1886_V_read_1, i8 %data_1887_V_read_1, i8 %data_1888_V_read_1, i8 %data_1889_V_read_1, i8 %data_1890_V_read_1, i8 %data_1891_V_read_1, i8 %data_1892_V_read_1, i8 %data_1893_V_read_1, i8 %data_1894_V_read_1, i8 %data_1895_V_read_1, i8 %data_1896_V_read_1, i8 %data_1897_V_read_1, i8 %data_1898_V_read_1, i8 %data_1899_V_read_1, i8 %data_1900_V_read_1, i8 %data_1901_V_read_1, i8 %data_1902_V_read_1, i8 %data_1903_V_read_1, i8 %data_1904_V_read_1, i8 %data_1905_V_read_1, i8 %data_1906_V_read_1, i8 %data_1907_V_read_1, i8 %data_1908_V_read_1, i8 %data_1909_V_read_1, i8 %data_1910_V_read_1, i8 %data_1911_V_read_1, i8 %data_1912_V_read_1, i8 %data_1913_V_read_1, i8 %data_1914_V_read_1, i8 %data_1915_V_read_1, i8 %data_1916_V_read_1, i8 %data_1917_V_read_1, i8 %data_1918_V_read_1, i8 %data_1919_V_read_1, i8 %data_1920_V_read_1, i8 %data_1921_V_read_1, i8 %data_1922_V_read_1, i8 %data_1923_V_read_1, i8 %data_1924_V_read_1, i8 %data_1925_V_read_1, i8 %data_1926_V_read_1, i8 %data_1927_V_read_1, i8 %data_1928_V_read_1, i8 %data_1929_V_read_1, i8 %data_1930_V_read_1, i8 %data_1931_V_read_1, i8 %data_1932_V_read_1, i8 %data_1933_V_read_1, i8 %data_1934_V_read_1, i8 %data_1935_V_read_1, i8 %data_1936_V_read_1, i8 %data_1937_V_read_1, i8 %data_1938_V_read_1, i8 %data_1939_V_read_1, i8 %data_1940_V_read_1, i8 %data_1941_V_read_1, i8 %data_1942_V_read_1, i8 %data_1943_V_read_1, i8 %data_1944_V_read_1, i8 %data_1945_V_read_1, i8 %data_1946_V_read_1, i8 %data_1947_V_read_1, i8 %data_1948_V_read_1, i8 %data_1949_V_read_1, i8 %data_1950_V_read_1, i8 %data_1951_V_read_1, i8 %data_1952_V_read_1, i8 %data_1953_V_read_1, i8 %data_1954_V_read_1, i8 %data_1955_V_read_1, i8 %data_1956_V_read_1, i8 %data_1957_V_read_1, i8 %data_1958_V_read_1, i8 %data_1959_V_read_1, i8 %data_1960_V_read_1, i8 %data_1961_V_read_1, i8 %data_1962_V_read_1, i8 %data_1963_V_read_1, i8 %data_1964_V_read_1, i8 %data_1965_V_read_1, i8 %data_1966_V_read_1, i8 %data_1967_V_read_1, i8 %data_1968_V_read_1, i8 %data_1969_V_read_1, i8 %data_1970_V_read_1, i8 %data_1971_V_read_1, i8 %data_1972_V_read_1, i8 %data_1973_V_read_1, i8 %data_1974_V_read_1, i8 %data_1975_V_read_1, i8 %data_1976_V_read_1, i8 %data_1977_V_read_1, i8 %data_1978_V_read_1, i8 %data_1979_V_read_1, i8 %data_1980_V_read_1, i8 %data_1981_V_read_1, i8 %data_1982_V_read_1, i8 %data_1983_V_read_1, i8 %data_1984_V_read_1, i8 %data_1985_V_read_1, i8 %data_1986_V_read_1, i8 %data_1987_V_read_1, i8 %data_1988_V_read_1, i8 %data_1989_V_read_1, i8 %data_1990_V_read_1, i8 %data_1991_V_read_1, i8 %data_1992_V_read_1, i8 %data_1993_V_read_1, i8 %data_1994_V_read_1, i8 %data_1995_V_read_1, i8 %data_1996_V_read_1, i8 %data_1997_V_read_1, i8 %data_1998_V_read_1, i8 %data_1999_V_read_1, i8 %data_2000_V_read_1, i8 %data_2001_V_read_1, i8 %data_2002_V_read_1, i8 %data_2003_V_read_1, i8 %data_2004_V_read_1, i8 %data_2005_V_read_1, i8 %data_2006_V_read_1, i8 %data_2007_V_read_1, i8 %data_2008_V_read_1, i8 %data_2009_V_read_1, i8 %data_2010_V_read_1, i8 %data_2011_V_read_1, i8 %data_2012_V_read_1, i8 %data_2013_V_read_1, i8 %data_2014_V_read_1, i8 %data_2015_V_read_1, i8 %data_2016_V_read_1, i8 %data_2017_V_read_1, i8 %data_2018_V_read_1, i8 %data_2019_V_read_1, i8 %data_2020_V_read_1, i8 %data_2021_V_read_1, i8 %data_2022_V_read_1, i8 %data_2023_V_read_1, i8 %data_2024_V_read_1, i8 %data_2025_V_read_1, i8 %data_2026_V_read_1, i8 %data_2027_V_read_1, i8 %data_2028_V_read_1, i8 %data_2029_V_read_1, i8 %data_2030_V_read_1, i8 %data_2031_V_read_1, i8 %data_2032_V_read_1, i8 %data_2033_V_read_1, i8 %data_2034_V_read_1, i8 %data_2035_V_read_1, i8 %data_2036_V_read_1, i8 %data_2037_V_read_1, i8 %data_2038_V_read_1, i8 %data_2039_V_read_1, i8 %data_2040_V_read_1, i8 %data_2041_V_read_1, i8 %data_2042_V_read_1, i8 %data_2043_V_read_1, i8 %data_2044_V_read_1, i8 %data_2045_V_read_1, i8 %data_2046_V_read_1, i8 %data_2047_V_read_1, i11 %trunc_ln139)" [firmware/nnet_utils/nnet_dense_resource.h:139->firmware/nnet_utils/nnet_dense_resource.h:255->firmware/nnet_utils/nnet_dense_stream.h:21]   --->   Operation 2081 'mux' 'tmp_1' <Predicate = true> <Delay = 5.34> <Core = "MuxnS">   --->   Core 31 'MuxnS' <Latency = 0> <II = 1> <Delay = 2.63> <FuncUnit> <Opcode : 'mux'> <InPorts = 2> <OutPorts = 1>
ST_3 : Operation 2082 [1/1] (0.00ns)   --->   "%w12_V_addr = getelementptr [20480 x i7]* @w12_V, i64 0, i64 %zext_ln133" [firmware/nnet_utils/nnet_dense_resource.h:139->firmware/nnet_utils/nnet_dense_resource.h:255->firmware/nnet_utils/nnet_dense_stream.h:21]   --->   Operation 2082 'getelementptr' 'w12_V_addr' <Predicate = true> <Delay = 0.00>
ST_3 : Operation 2083 [2/2] (3.25ns)   --->   "%w12_V_load = load i7* %w12_V_addr, align 1" [firmware/nnet_utils/nnet_dense_resource.h:139->firmware/nnet_utils/nnet_dense_resource.h:255->firmware/nnet_utils/nnet_dense_stream.h:21]   --->   Operation 2083 'load' 'w12_V_load' <Predicate = true> <Delay = 3.25> <Core = "ROM_nP">   --->   Core 52 'ROM_nP' <Latency = 1> <II = 1> <Delay = 3.25> <Storage> <Opcode : 'load'> <Ports = 0> <Width = 7> <Depth = 20480> <ROM>
ST_3 : Operation 2084 [1/1] (1.94ns)   --->   "%w_index = add i15 1, %w_index60" [firmware/nnet_utils/nnet_dense_resource.h:129->firmware/nnet_utils/nnet_dense_resource.h:255->firmware/nnet_utils/nnet_dense_stream.h:21]   --->   Operation 2084 'add' 'w_index' <Predicate = true> <Delay = 1.94> <Core = "AddSub">   --->   Core 14 'AddSub' <Latency = 0> <II = 1> <Delay = 2.55> <FuncUnit> <Opcode : 'add' 'sub'> <InPorts = 2> <OutPorts = 1>
ST_3 : Operation 2085 [1/1] (2.55ns)   --->   "%in_index = add nsw i32 %in_index_0_i_i59, 1" [firmware/nnet_utils/nnet_dense_resource.h:147->firmware/nnet_utils/nnet_dense_resource.h:255->firmware/nnet_utils/nnet_dense_stream.h:21]   --->   Operation 2085 'add' 'in_index' <Predicate = true> <Delay = 2.55> <Core = "AddSub">   --->   Core 14 'AddSub' <Latency = 0> <II = 1> <Delay = 2.55> <FuncUnit> <Opcode : 'add' 'sub'> <InPorts = 2> <OutPorts = 1>
ST_3 : Operation 2086 [1/1] (0.00ns)   --->   "%tmp_385 = call i21 @_ssdm_op_PartSelect.i21.i32.i32.i32(i32 %in_index, i32 11, i32 31)" [firmware/nnet_utils/nnet_dense_resource.h:148->firmware/nnet_utils/nnet_dense_resource.h:255->firmware/nnet_utils/nnet_dense_stream.h:21]   --->   Operation 2086 'partselect' 'tmp_385' <Predicate = true> <Delay = 0.00>
ST_3 : Operation 2087 [1/1] (2.44ns)   --->   "%icmp_ln148 = icmp sgt i21 %tmp_385, 0" [firmware/nnet_utils/nnet_dense_resource.h:148->firmware/nnet_utils/nnet_dense_resource.h:255->firmware/nnet_utils/nnet_dense_stream.h:21]   --->   Operation 2087 'icmp' 'icmp_ln148' <Predicate = true> <Delay = 2.44> <Core = "Cmp">   --->   Core 25 'Cmp' <Latency = 0> <II = 1> <Delay = 1.88> <FuncUnit> <Opcode : 'icmp'> <InPorts = 2> <OutPorts = 1>
ST_3 : Operation 2088 [1/1] (0.69ns)   --->   "%select_ln148 = select i1 %icmp_ln148, i32 0, i32 %in_index" [firmware/nnet_utils/nnet_dense_resource.h:148->firmware/nnet_utils/nnet_dense_resource.h:255->firmware/nnet_utils/nnet_dense_stream.h:21]   --->   Operation 2088 'select' 'select_ln148' <Predicate = true> <Delay = 0.69> <Core = "Sel">   --->   Core 26 'Sel' <Latency = 0> <II = 1> <Delay = 0.69> <FuncUnit> <Opcode : 'select'> <InPorts = 3> <OutPorts = 1>
ST_3 : Operation 2089 [1/1] (2.31ns)   --->   "%icmp_ln129 = icmp eq i15 %w_index60, -12289" [firmware/nnet_utils/nnet_dense_resource.h:129->firmware/nnet_utils/nnet_dense_resource.h:255->firmware/nnet_utils/nnet_dense_stream.h:21]   --->   Operation 2089 'icmp' 'icmp_ln129' <Predicate = true> <Delay = 2.31> <Core = "Cmp">   --->   Core 25 'Cmp' <Latency = 0> <II = 1> <Delay = 1.88> <FuncUnit> <Opcode : 'icmp'> <InPorts = 2> <OutPorts = 1>
ST_3 : Operation 2090 [1/1] (0.00ns)   --->   "br i1 %icmp_ln129, label %.preheader.i.i.0, label %ReuseLoop_begin" [firmware/nnet_utils/nnet_dense_resource.h:129->firmware/nnet_utils/nnet_dense_resource.h:255->firmware/nnet_utils/nnet_dense_stream.h:21]   --->   Operation 2090 'br' <Predicate = true> <Delay = 0.00>

State 4 <SV = 3> <Delay = 7.42>
ST_4 : Operation 2091 [1/2] (3.25ns)   --->   "%out_index = load i32* %outidx_addr_1, align 4" [firmware/nnet_utils/nnet_dense_resource.h:133->firmware/nnet_utils/nnet_dense_resource.h:255->firmware/nnet_utils/nnet_dense_stream.h:21]   --->   Operation 2091 'load' 'out_index' <Predicate = true> <Delay = 3.25> <Core = "RAM">   --->   Core 37 'RAM' <Latency = 1> <II = 1> <Delay = 3.25> <Storage> <Opcode : 'load' 'store'> <Ports = 2> <Width = 32> <Depth = 20480> <RAM>
ST_4 : Operation 2092 [1/2] (3.25ns)   --->   "%w12_V_load = load i7* %w12_V_addr, align 1" [firmware/nnet_utils/nnet_dense_resource.h:139->firmware/nnet_utils/nnet_dense_resource.h:255->firmware/nnet_utils/nnet_dense_stream.h:21]   --->   Operation 2092 'load' 'w12_V_load' <Predicate = true> <Delay = 3.25> <Core = "ROM_nP">   --->   Core 52 'ROM_nP' <Latency = 1> <II = 1> <Delay = 3.25> <Storage> <Opcode : 'load'> <Ports = 0> <Width = 7> <Depth = 20480> <ROM>
ST_4 : Operation 2093 [1/1] (0.00ns)   --->   "%sext_ln1116 = sext i8 %tmp_1 to i15" [firmware/nnet_utils/nnet_mult.h:73->firmware/nnet_utils/nnet_dense_resource.h:139->firmware/nnet_utils/nnet_dense_resource.h:255->firmware/nnet_utils/nnet_dense_stream.h:21]   --->   Operation 2093 'sext' 'sext_ln1116' <Predicate = true> <Delay = 0.00>
ST_4 : Operation 2094 [1/1] (0.00ns)   --->   "%sext_ln1118 = sext i7 %w12_V_load to i15" [firmware/nnet_utils/nnet_mult.h:73->firmware/nnet_utils/nnet_dense_resource.h:139->firmware/nnet_utils/nnet_dense_resource.h:255->firmware/nnet_utils/nnet_dense_stream.h:21]   --->   Operation 2094 'sext' 'sext_ln1118' <Predicate = true> <Delay = 0.00>
ST_4 : Operation 2095 [1/1] (4.17ns)   --->   "%r_V = mul i15 %sext_ln1118, %sext_ln1116" [firmware/nnet_utils/nnet_mult.h:73->firmware/nnet_utils/nnet_dense_resource.h:139->firmware/nnet_utils/nnet_dense_resource.h:255->firmware/nnet_utils/nnet_dense_stream.h:21]   --->   Operation 2095 'mul' 'r_V' <Predicate = true> <Delay = 4.17> <Core = "Mul">   --->   Core 16 'Mul' <Latency = 0> <II = 1> <Delay = 4.17> <FuncUnit> <Opcode : 'mul'> <InPorts = 2> <OutPorts = 1>
ST_4 : Operation 2096 [1/1] (0.00ns)   --->   "%trunc_ln5 = call i12 @_ssdm_op_PartSelect.i12.i15.i32.i32(i15 %r_V, i32 3, i32 14)" [firmware/nnet_utils/nnet_dense_resource.h:139->firmware/nnet_utils/nnet_dense_resource.h:255->firmware/nnet_utils/nnet_dense_stream.h:21]   --->   Operation 2096 'partselect' 'trunc_ln5' <Predicate = true> <Delay = 0.00>
ST_4 : Operation 2097 [1/1] (0.00ns)   --->   "%trunc_ln1265 = trunc i32 %out_index to i4" [firmware/nnet_utils/nnet_dense_resource.h:139->firmware/nnet_utils/nnet_dense_resource.h:255->firmware/nnet_utils/nnet_dense_stream.h:21]   --->   Operation 2097 'trunc' 'trunc_ln1265' <Predicate = true> <Delay = 0.00>

State 5 <SV = 4> <Delay = 6.21>
ST_5 : Operation 2098 [1/1] (0.00ns)   --->   "%res_0_V_write_assign58 = phi i14 [ 32, %.preheader99.i.i.preheader ], [ %res_V_01, %ReuseLoop_end ]" [firmware/nnet_utils/nnet_dense_resource.h:139->firmware/nnet_utils/nnet_dense_resource.h:255->firmware/nnet_utils/nnet_dense_stream.h:21]   --->   Operation 2098 'phi' 'res_0_V_write_assign58' <Predicate = true> <Delay = 0.00>
ST_5 : Operation 2099 [1/1] (0.00ns)   --->   "%res_1_V_write_assign56 = phi i14 [ -40, %.preheader99.i.i.preheader ], [ %res_V2048_03, %ReuseLoop_end ]" [firmware/nnet_utils/nnet_dense_resource.h:139->firmware/nnet_utils/nnet_dense_resource.h:255->firmware/nnet_utils/nnet_dense_stream.h:21]   --->   Operation 2099 'phi' 'res_1_V_write_assign56' <Predicate = true> <Delay = 0.00>
ST_5 : Operation 2100 [1/1] (0.00ns)   --->   "%res_2_V_write_assign54 = phi i14 [ 2, %.preheader99.i.i.preheader ], [ %res_V2049_05, %ReuseLoop_end ]" [firmware/nnet_utils/nnet_dense_resource.h:139->firmware/nnet_utils/nnet_dense_resource.h:255->firmware/nnet_utils/nnet_dense_stream.h:21]   --->   Operation 2100 'phi' 'res_2_V_write_assign54' <Predicate = true> <Delay = 0.00>
ST_5 : Operation 2101 [1/1] (0.00ns)   --->   "%res_3_V_write_assign52 = phi i14 [ 0, %.preheader99.i.i.preheader ], [ %res_V2050_07, %ReuseLoop_end ]" [firmware/nnet_utils/nnet_dense_resource.h:139->firmware/nnet_utils/nnet_dense_resource.h:255->firmware/nnet_utils/nnet_dense_stream.h:21]   --->   Operation 2101 'phi' 'res_3_V_write_assign52' <Predicate = true> <Delay = 0.00>
ST_5 : Operation 2102 [1/1] (0.00ns)   --->   "%res_4_V_write_assign50 = phi i14 [ 28, %.preheader99.i.i.preheader ], [ %res_V2051_09, %ReuseLoop_end ]" [firmware/nnet_utils/nnet_dense_resource.h:139->firmware/nnet_utils/nnet_dense_resource.h:255->firmware/nnet_utils/nnet_dense_stream.h:21]   --->   Operation 2102 'phi' 'res_4_V_write_assign50' <Predicate = true> <Delay = 0.00>
ST_5 : Operation 2103 [1/1] (0.00ns)   --->   "%res_5_V_write_assign48 = phi i14 [ -18, %.preheader99.i.i.preheader ], [ %res_V2052_011, %ReuseLoop_end ]" [firmware/nnet_utils/nnet_dense_resource.h:139->firmware/nnet_utils/nnet_dense_resource.h:255->firmware/nnet_utils/nnet_dense_stream.h:21]   --->   Operation 2103 'phi' 'res_5_V_write_assign48' <Predicate = true> <Delay = 0.00>
ST_5 : Operation 2104 [1/1] (0.00ns)   --->   "%res_6_V_write_assign46 = phi i14 [ 28, %.preheader99.i.i.preheader ], [ %res_V2053_013, %ReuseLoop_end ]" [firmware/nnet_utils/nnet_dense_resource.h:139->firmware/nnet_utils/nnet_dense_resource.h:255->firmware/nnet_utils/nnet_dense_stream.h:21]   --->   Operation 2104 'phi' 'res_6_V_write_assign46' <Predicate = true> <Delay = 0.00>
ST_5 : Operation 2105 [1/1] (0.00ns)   --->   "%res_7_V_write_assign44 = phi i14 [ -6, %.preheader99.i.i.preheader ], [ %res_V2054_015, %ReuseLoop_end ]" [firmware/nnet_utils/nnet_dense_resource.h:139->firmware/nnet_utils/nnet_dense_resource.h:255->firmware/nnet_utils/nnet_dense_stream.h:21]   --->   Operation 2105 'phi' 'res_7_V_write_assign44' <Predicate = true> <Delay = 0.00>
ST_5 : Operation 2106 [1/1] (0.00ns)   --->   "%res_8_V_write_assign42 = phi i14 [ 8, %.preheader99.i.i.preheader ], [ %res_V2055_017, %ReuseLoop_end ]" [firmware/nnet_utils/nnet_dense_resource.h:139->firmware/nnet_utils/nnet_dense_resource.h:255->firmware/nnet_utils/nnet_dense_stream.h:21]   --->   Operation 2106 'phi' 'res_8_V_write_assign42' <Predicate = true> <Delay = 0.00>
ST_5 : Operation 2107 [1/1] (0.00ns)   --->   "%res_9_V_write_assign40 = phi i14 [ -36, %.preheader99.i.i.preheader ], [ %res_V2056_019, %ReuseLoop_end ]" [firmware/nnet_utils/nnet_dense_resource.h:139->firmware/nnet_utils/nnet_dense_resource.h:255->firmware/nnet_utils/nnet_dense_stream.h:21]   --->   Operation 2107 'phi' 'res_9_V_write_assign40' <Predicate = true> <Delay = 0.00>
ST_5 : Operation 2108 [1/1] (0.00ns)   --->   "%acc_0_V_038 = phi i14 [ 32, %.preheader99.i.i.preheader ], [ %acc_0_V_1, %ReuseLoop_end ]" [firmware/nnet_utils/nnet_dense_resource.h:139->firmware/nnet_utils/nnet_dense_resource.h:255->firmware/nnet_utils/nnet_dense_stream.h:21]   --->   Operation 2108 'phi' 'acc_0_V_038' <Predicate = true> <Delay = 0.00>
ST_5 : Operation 2109 [1/1] (0.00ns)   --->   "%acc_1_V_037 = phi i14 [ -40, %.preheader99.i.i.preheader ], [ %acc_1_V_1, %ReuseLoop_end ]" [firmware/nnet_utils/nnet_dense_resource.h:139->firmware/nnet_utils/nnet_dense_resource.h:255->firmware/nnet_utils/nnet_dense_stream.h:21]   --->   Operation 2109 'phi' 'acc_1_V_037' <Predicate = true> <Delay = 0.00>
ST_5 : Operation 2110 [1/1] (0.00ns)   --->   "%acc_2_V_036 = phi i14 [ 2, %.preheader99.i.i.preheader ], [ %acc_2_V_1, %ReuseLoop_end ]" [firmware/nnet_utils/nnet_dense_resource.h:139->firmware/nnet_utils/nnet_dense_resource.h:255->firmware/nnet_utils/nnet_dense_stream.h:21]   --->   Operation 2110 'phi' 'acc_2_V_036' <Predicate = true> <Delay = 0.00>
ST_5 : Operation 2111 [1/1] (0.00ns)   --->   "%acc_3_V_035 = phi i14 [ 0, %.preheader99.i.i.preheader ], [ %acc_3_V_1, %ReuseLoop_end ]" [firmware/nnet_utils/nnet_dense_resource.h:139->firmware/nnet_utils/nnet_dense_resource.h:255->firmware/nnet_utils/nnet_dense_stream.h:21]   --->   Operation 2111 'phi' 'acc_3_V_035' <Predicate = true> <Delay = 0.00>
ST_5 : Operation 2112 [1/1] (0.00ns)   --->   "%acc_4_V_034 = phi i14 [ 28, %.preheader99.i.i.preheader ], [ %acc_4_V_1, %ReuseLoop_end ]" [firmware/nnet_utils/nnet_dense_resource.h:139->firmware/nnet_utils/nnet_dense_resource.h:255->firmware/nnet_utils/nnet_dense_stream.h:21]   --->   Operation 2112 'phi' 'acc_4_V_034' <Predicate = true> <Delay = 0.00>
ST_5 : Operation 2113 [1/1] (0.00ns)   --->   "%acc_5_V_033 = phi i14 [ -18, %.preheader99.i.i.preheader ], [ %acc_5_V_1, %ReuseLoop_end ]" [firmware/nnet_utils/nnet_dense_resource.h:139->firmware/nnet_utils/nnet_dense_resource.h:255->firmware/nnet_utils/nnet_dense_stream.h:21]   --->   Operation 2113 'phi' 'acc_5_V_033' <Predicate = true> <Delay = 0.00>
ST_5 : Operation 2114 [1/1] (0.00ns)   --->   "%acc_6_V_032 = phi i14 [ 28, %.preheader99.i.i.preheader ], [ %acc_6_V_1, %ReuseLoop_end ]" [firmware/nnet_utils/nnet_dense_resource.h:139->firmware/nnet_utils/nnet_dense_resource.h:255->firmware/nnet_utils/nnet_dense_stream.h:21]   --->   Operation 2114 'phi' 'acc_6_V_032' <Predicate = true> <Delay = 0.00>
ST_5 : Operation 2115 [1/1] (0.00ns)   --->   "%acc_7_V_031 = phi i14 [ -6, %.preheader99.i.i.preheader ], [ %acc_7_V_1, %ReuseLoop_end ]" [firmware/nnet_utils/nnet_dense_resource.h:139->firmware/nnet_utils/nnet_dense_resource.h:255->firmware/nnet_utils/nnet_dense_stream.h:21]   --->   Operation 2115 'phi' 'acc_7_V_031' <Predicate = true> <Delay = 0.00>
ST_5 : Operation 2116 [1/1] (0.00ns)   --->   "%acc_8_V_030 = phi i14 [ 8, %.preheader99.i.i.preheader ], [ %acc_8_V_1, %ReuseLoop_end ]" [firmware/nnet_utils/nnet_dense_resource.h:139->firmware/nnet_utils/nnet_dense_resource.h:255->firmware/nnet_utils/nnet_dense_stream.h:21]   --->   Operation 2116 'phi' 'acc_8_V_030' <Predicate = true> <Delay = 0.00>
ST_5 : Operation 2117 [1/1] (0.00ns)   --->   "%acc_9_V_029 = phi i14 [ -36, %.preheader99.i.i.preheader ], [ %acc_9_V_1, %ReuseLoop_end ]" [firmware/nnet_utils/nnet_dense_resource.h:139->firmware/nnet_utils/nnet_dense_resource.h:255->firmware/nnet_utils/nnet_dense_stream.h:21]   --->   Operation 2117 'phi' 'acc_9_V_029' <Predicate = true> <Delay = 0.00>
ST_5 : Operation 2118 [1/1] (0.00ns)   --->   "call void (...)* @_ssdm_op_SpecLoopName([10 x i8]* @p_str34) nounwind" [firmware/nnet_utils/nnet_dense_resource.h:129->firmware/nnet_utils/nnet_dense_resource.h:255->firmware/nnet_utils/nnet_dense_stream.h:21]   --->   Operation 2118 'specloopname' <Predicate = true> <Delay = 0.00>
ST_5 : Operation 2119 [1/1] (0.00ns)   --->   "call void (...)* @_ssdm_op_SpecPipeline(i32 1, i32 1, i32 1, i32 0, [1 x i8]* @p_str13) nounwind" [firmware/nnet_utils/nnet_dense_resource.h:130->firmware/nnet_utils/nnet_dense_resource.h:255->firmware/nnet_utils/nnet_dense_stream.h:21]   --->   Operation 2119 'specpipeline' <Predicate = true> <Delay = 0.00>
ST_5 : Operation 2120 [1/1] (0.00ns)   --->   "%sext_ln708 = sext i12 %trunc_ln5 to i14" [firmware/nnet_utils/nnet_dense_resource.h:139->firmware/nnet_utils/nnet_dense_resource.h:255->firmware/nnet_utils/nnet_dense_stream.h:21]   --->   Operation 2120 'sext' 'sext_ln708' <Predicate = true> <Delay = 0.00>
ST_5 : Operation 2121 [1/1] (2.63ns)   --->   "%tmp_2 = call i14 @_ssdm_op_Mux.ap_auto.10i14.i4(i14 %acc_0_V_038, i14 %acc_1_V_037, i14 %acc_2_V_036, i14 %acc_3_V_035, i14 %acc_4_V_034, i14 %acc_5_V_033, i14 %acc_6_V_032, i14 %acc_7_V_031, i14 %acc_8_V_030, i14 %acc_9_V_029, i4 %trunc_ln1265)" [firmware/nnet_utils/nnet_dense_resource.h:139->firmware/nnet_utils/nnet_dense_resource.h:255->firmware/nnet_utils/nnet_dense_stream.h:21]   --->   Operation 2121 'mux' 'tmp_2' <Predicate = true> <Delay = 2.63> <Core = "MuxnS">   --->   Core 31 'MuxnS' <Latency = 0> <II = 1> <Delay = 2.63> <FuncUnit> <Opcode : 'mux'> <InPorts = 2> <OutPorts = 1>
ST_5 : Operation 2122 [1/1] (1.81ns)   --->   "%acc_0_V = add i14 %sext_ln708, %tmp_2" [firmware/nnet_utils/nnet_dense_resource.h:139->firmware/nnet_utils/nnet_dense_resource.h:255->firmware/nnet_utils/nnet_dense_stream.h:21]   --->   Operation 2122 'add' 'acc_0_V' <Predicate = true> <Delay = 1.81> <Core = "AddSub">   --->   Core 14 'AddSub' <Latency = 0> <II = 1> <Delay = 2.55> <FuncUnit> <Opcode : 'add' 'sub'> <InPorts = 2> <OutPorts = 1>
ST_5 : Operation 2123 [1/1] (1.76ns)   --->   "switch i4 %trunc_ln1265, label %branch9 [
    i4 0, label %ReuseLoop_end
    i4 1, label %branch1
    i4 2, label %branch2
    i4 3, label %branch3
    i4 4, label %branch4
    i4 5, label %branch5
    i4 6, label %branch6
    i4 7, label %branch7
    i4 -8, label %branch8
  ]" [firmware/nnet_utils/nnet_dense_resource.h:139->firmware/nnet_utils/nnet_dense_resource.h:255->firmware/nnet_utils/nnet_dense_stream.h:21]   --->   Operation 2123 'switch' <Predicate = true> <Delay = 1.76>
ST_5 : Operation 2124 [1/1] (1.76ns)   --->   "br label %ReuseLoop_end" [firmware/nnet_utils/nnet_dense_resource.h:139->firmware/nnet_utils/nnet_dense_resource.h:255->firmware/nnet_utils/nnet_dense_stream.h:21]   --->   Operation 2124 'br' <Predicate = (trunc_ln1265 == 8)> <Delay = 1.76>
ST_5 : Operation 2125 [1/1] (1.76ns)   --->   "br label %ReuseLoop_end" [firmware/nnet_utils/nnet_dense_resource.h:139->firmware/nnet_utils/nnet_dense_resource.h:255->firmware/nnet_utils/nnet_dense_stream.h:21]   --->   Operation 2125 'br' <Predicate = (trunc_ln1265 == 7)> <Delay = 1.76>
ST_5 : Operation 2126 [1/1] (1.76ns)   --->   "br label %ReuseLoop_end" [firmware/nnet_utils/nnet_dense_resource.h:139->firmware/nnet_utils/nnet_dense_resource.h:255->firmware/nnet_utils/nnet_dense_stream.h:21]   --->   Operation 2126 'br' <Predicate = (trunc_ln1265 == 6)> <Delay = 1.76>
ST_5 : Operation 2127 [1/1] (1.76ns)   --->   "br label %ReuseLoop_end" [firmware/nnet_utils/nnet_dense_resource.h:139->firmware/nnet_utils/nnet_dense_resource.h:255->firmware/nnet_utils/nnet_dense_stream.h:21]   --->   Operation 2127 'br' <Predicate = (trunc_ln1265 == 5)> <Delay = 1.76>
ST_5 : Operation 2128 [1/1] (1.76ns)   --->   "br label %ReuseLoop_end" [firmware/nnet_utils/nnet_dense_resource.h:139->firmware/nnet_utils/nnet_dense_resource.h:255->firmware/nnet_utils/nnet_dense_stream.h:21]   --->   Operation 2128 'br' <Predicate = (trunc_ln1265 == 4)> <Delay = 1.76>
ST_5 : Operation 2129 [1/1] (1.76ns)   --->   "br label %ReuseLoop_end" [firmware/nnet_utils/nnet_dense_resource.h:139->firmware/nnet_utils/nnet_dense_resource.h:255->firmware/nnet_utils/nnet_dense_stream.h:21]   --->   Operation 2129 'br' <Predicate = (trunc_ln1265 == 3)> <Delay = 1.76>
ST_5 : Operation 2130 [1/1] (1.76ns)   --->   "br label %ReuseLoop_end" [firmware/nnet_utils/nnet_dense_resource.h:139->firmware/nnet_utils/nnet_dense_resource.h:255->firmware/nnet_utils/nnet_dense_stream.h:21]   --->   Operation 2130 'br' <Predicate = (trunc_ln1265 == 2)> <Delay = 1.76>
ST_5 : Operation 2131 [1/1] (1.76ns)   --->   "br label %ReuseLoop_end" [firmware/nnet_utils/nnet_dense_resource.h:139->firmware/nnet_utils/nnet_dense_resource.h:255->firmware/nnet_utils/nnet_dense_stream.h:21]   --->   Operation 2131 'br' <Predicate = (trunc_ln1265 == 1)> <Delay = 1.76>
ST_5 : Operation 2132 [1/1] (1.76ns)   --->   "br label %ReuseLoop_end" [firmware/nnet_utils/nnet_dense_resource.h:139->firmware/nnet_utils/nnet_dense_resource.h:255->firmware/nnet_utils/nnet_dense_stream.h:21]   --->   Operation 2132 'br' <Predicate = (trunc_ln1265 == 15) | (trunc_ln1265 == 14) | (trunc_ln1265 == 13) | (trunc_ln1265 == 12) | (trunc_ln1265 == 11) | (trunc_ln1265 == 10) | (trunc_ln1265 == 9)> <Delay = 1.76>
ST_5 : Operation 2133 [1/1] (0.00ns)   --->   "%acc_9_V_1 = phi i14 [ %acc_0_V, %branch9 ], [ %acc_9_V_029, %branch8 ], [ %acc_9_V_029, %branch7 ], [ %acc_9_V_029, %branch6 ], [ %acc_9_V_029, %branch5 ], [ %acc_9_V_029, %branch4 ], [ %acc_9_V_029, %branch3 ], [ %acc_9_V_029, %branch2 ], [ %acc_9_V_029, %branch1 ], [ %acc_9_V_029, %ReuseLoop_begin ]"   --->   Operation 2133 'phi' 'acc_9_V_1' <Predicate = true> <Delay = 0.00>
ST_5 : Operation 2134 [1/1] (0.00ns)   --->   "%acc_8_V_1 = phi i14 [ %acc_8_V_030, %branch9 ], [ %acc_0_V, %branch8 ], [ %acc_8_V_030, %branch7 ], [ %acc_8_V_030, %branch6 ], [ %acc_8_V_030, %branch5 ], [ %acc_8_V_030, %branch4 ], [ %acc_8_V_030, %branch3 ], [ %acc_8_V_030, %branch2 ], [ %acc_8_V_030, %branch1 ], [ %acc_8_V_030, %ReuseLoop_begin ]"   --->   Operation 2134 'phi' 'acc_8_V_1' <Predicate = true> <Delay = 0.00>
ST_5 : Operation 2135 [1/1] (0.00ns)   --->   "%acc_7_V_1 = phi i14 [ %acc_7_V_031, %branch9 ], [ %acc_7_V_031, %branch8 ], [ %acc_0_V, %branch7 ], [ %acc_7_V_031, %branch6 ], [ %acc_7_V_031, %branch5 ], [ %acc_7_V_031, %branch4 ], [ %acc_7_V_031, %branch3 ], [ %acc_7_V_031, %branch2 ], [ %acc_7_V_031, %branch1 ], [ %acc_7_V_031, %ReuseLoop_begin ]"   --->   Operation 2135 'phi' 'acc_7_V_1' <Predicate = true> <Delay = 0.00>
ST_5 : Operation 2136 [1/1] (0.00ns)   --->   "%acc_6_V_1 = phi i14 [ %acc_6_V_032, %branch9 ], [ %acc_6_V_032, %branch8 ], [ %acc_6_V_032, %branch7 ], [ %acc_0_V, %branch6 ], [ %acc_6_V_032, %branch5 ], [ %acc_6_V_032, %branch4 ], [ %acc_6_V_032, %branch3 ], [ %acc_6_V_032, %branch2 ], [ %acc_6_V_032, %branch1 ], [ %acc_6_V_032, %ReuseLoop_begin ]"   --->   Operation 2136 'phi' 'acc_6_V_1' <Predicate = true> <Delay = 0.00>
ST_5 : Operation 2137 [1/1] (0.00ns)   --->   "%acc_5_V_1 = phi i14 [ %acc_5_V_033, %branch9 ], [ %acc_5_V_033, %branch8 ], [ %acc_5_V_033, %branch7 ], [ %acc_5_V_033, %branch6 ], [ %acc_0_V, %branch5 ], [ %acc_5_V_033, %branch4 ], [ %acc_5_V_033, %branch3 ], [ %acc_5_V_033, %branch2 ], [ %acc_5_V_033, %branch1 ], [ %acc_5_V_033, %ReuseLoop_begin ]"   --->   Operation 2137 'phi' 'acc_5_V_1' <Predicate = true> <Delay = 0.00>
ST_5 : Operation 2138 [1/1] (0.00ns)   --->   "%acc_4_V_1 = phi i14 [ %acc_4_V_034, %branch9 ], [ %acc_4_V_034, %branch8 ], [ %acc_4_V_034, %branch7 ], [ %acc_4_V_034, %branch6 ], [ %acc_4_V_034, %branch5 ], [ %acc_0_V, %branch4 ], [ %acc_4_V_034, %branch3 ], [ %acc_4_V_034, %branch2 ], [ %acc_4_V_034, %branch1 ], [ %acc_4_V_034, %ReuseLoop_begin ]"   --->   Operation 2138 'phi' 'acc_4_V_1' <Predicate = true> <Delay = 0.00>
ST_5 : Operation 2139 [1/1] (0.00ns)   --->   "%acc_3_V_1 = phi i14 [ %acc_3_V_035, %branch9 ], [ %acc_3_V_035, %branch8 ], [ %acc_3_V_035, %branch7 ], [ %acc_3_V_035, %branch6 ], [ %acc_3_V_035, %branch5 ], [ %acc_3_V_035, %branch4 ], [ %acc_0_V, %branch3 ], [ %acc_3_V_035, %branch2 ], [ %acc_3_V_035, %branch1 ], [ %acc_3_V_035, %ReuseLoop_begin ]"   --->   Operation 2139 'phi' 'acc_3_V_1' <Predicate = true> <Delay = 0.00>
ST_5 : Operation 2140 [1/1] (0.00ns)   --->   "%acc_2_V_1 = phi i14 [ %acc_2_V_036, %branch9 ], [ %acc_2_V_036, %branch8 ], [ %acc_2_V_036, %branch7 ], [ %acc_2_V_036, %branch6 ], [ %acc_2_V_036, %branch5 ], [ %acc_2_V_036, %branch4 ], [ %acc_2_V_036, %branch3 ], [ %acc_0_V, %branch2 ], [ %acc_2_V_036, %branch1 ], [ %acc_2_V_036, %ReuseLoop_begin ]"   --->   Operation 2140 'phi' 'acc_2_V_1' <Predicate = true> <Delay = 0.00>
ST_5 : Operation 2141 [1/1] (0.00ns)   --->   "%acc_1_V_1 = phi i14 [ %acc_1_V_037, %branch9 ], [ %acc_1_V_037, %branch8 ], [ %acc_1_V_037, %branch7 ], [ %acc_1_V_037, %branch6 ], [ %acc_1_V_037, %branch5 ], [ %acc_1_V_037, %branch4 ], [ %acc_1_V_037, %branch3 ], [ %acc_1_V_037, %branch2 ], [ %acc_0_V, %branch1 ], [ %acc_1_V_037, %ReuseLoop_begin ]"   --->   Operation 2141 'phi' 'acc_1_V_1' <Predicate = true> <Delay = 0.00>
ST_5 : Operation 2142 [1/1] (0.00ns)   --->   "%acc_0_V_1 = phi i14 [ %acc_0_V_038, %branch9 ], [ %acc_0_V_038, %branch8 ], [ %acc_0_V_038, %branch7 ], [ %acc_0_V_038, %branch6 ], [ %acc_0_V_038, %branch5 ], [ %acc_0_V_038, %branch4 ], [ %acc_0_V_038, %branch3 ], [ %acc_0_V_038, %branch2 ], [ %acc_0_V_038, %branch1 ], [ %acc_0_V, %ReuseLoop_begin ]"   --->   Operation 2142 'phi' 'acc_0_V_1' <Predicate = true> <Delay = 0.00>
ST_5 : Operation 2143 [1/1] (0.00ns)   --->   "%res_V2056_019 = phi i14 [ %acc_0_V, %branch9 ], [ %res_9_V_write_assign40, %branch8 ], [ %res_9_V_write_assign40, %branch7 ], [ %res_9_V_write_assign40, %branch6 ], [ %res_9_V_write_assign40, %branch5 ], [ %res_9_V_write_assign40, %branch4 ], [ %res_9_V_write_assign40, %branch3 ], [ %res_9_V_write_assign40, %branch2 ], [ %res_9_V_write_assign40, %branch1 ], [ %res_9_V_write_assign40, %ReuseLoop_begin ]"   --->   Operation 2143 'phi' 'res_V2056_019' <Predicate = true> <Delay = 0.00>
ST_5 : Operation 2144 [1/1] (0.00ns)   --->   "%res_V2055_017 = phi i14 [ %res_8_V_write_assign42, %branch9 ], [ %acc_0_V, %branch8 ], [ %res_8_V_write_assign42, %branch7 ], [ %res_8_V_write_assign42, %branch6 ], [ %res_8_V_write_assign42, %branch5 ], [ %res_8_V_write_assign42, %branch4 ], [ %res_8_V_write_assign42, %branch3 ], [ %res_8_V_write_assign42, %branch2 ], [ %res_8_V_write_assign42, %branch1 ], [ %res_8_V_write_assign42, %ReuseLoop_begin ]"   --->   Operation 2144 'phi' 'res_V2055_017' <Predicate = true> <Delay = 0.00>
ST_5 : Operation 2145 [1/1] (0.00ns)   --->   "%res_V2054_015 = phi i14 [ %res_7_V_write_assign44, %branch9 ], [ %res_7_V_write_assign44, %branch8 ], [ %acc_0_V, %branch7 ], [ %res_7_V_write_assign44, %branch6 ], [ %res_7_V_write_assign44, %branch5 ], [ %res_7_V_write_assign44, %branch4 ], [ %res_7_V_write_assign44, %branch3 ], [ %res_7_V_write_assign44, %branch2 ], [ %res_7_V_write_assign44, %branch1 ], [ %res_7_V_write_assign44, %ReuseLoop_begin ]"   --->   Operation 2145 'phi' 'res_V2054_015' <Predicate = true> <Delay = 0.00>
ST_5 : Operation 2146 [1/1] (0.00ns)   --->   "%res_V2053_013 = phi i14 [ %res_6_V_write_assign46, %branch9 ], [ %res_6_V_write_assign46, %branch8 ], [ %res_6_V_write_assign46, %branch7 ], [ %acc_0_V, %branch6 ], [ %res_6_V_write_assign46, %branch5 ], [ %res_6_V_write_assign46, %branch4 ], [ %res_6_V_write_assign46, %branch3 ], [ %res_6_V_write_assign46, %branch2 ], [ %res_6_V_write_assign46, %branch1 ], [ %res_6_V_write_assign46, %ReuseLoop_begin ]"   --->   Operation 2146 'phi' 'res_V2053_013' <Predicate = true> <Delay = 0.00>
ST_5 : Operation 2147 [1/1] (0.00ns)   --->   "%res_V2052_011 = phi i14 [ %res_5_V_write_assign48, %branch9 ], [ %res_5_V_write_assign48, %branch8 ], [ %res_5_V_write_assign48, %branch7 ], [ %res_5_V_write_assign48, %branch6 ], [ %acc_0_V, %branch5 ], [ %res_5_V_write_assign48, %branch4 ], [ %res_5_V_write_assign48, %branch3 ], [ %res_5_V_write_assign48, %branch2 ], [ %res_5_V_write_assign48, %branch1 ], [ %res_5_V_write_assign48, %ReuseLoop_begin ]"   --->   Operation 2147 'phi' 'res_V2052_011' <Predicate = true> <Delay = 0.00>
ST_5 : Operation 2148 [1/1] (0.00ns)   --->   "%res_V2051_09 = phi i14 [ %res_4_V_write_assign50, %branch9 ], [ %res_4_V_write_assign50, %branch8 ], [ %res_4_V_write_assign50, %branch7 ], [ %res_4_V_write_assign50, %branch6 ], [ %res_4_V_write_assign50, %branch5 ], [ %acc_0_V, %branch4 ], [ %res_4_V_write_assign50, %branch3 ], [ %res_4_V_write_assign50, %branch2 ], [ %res_4_V_write_assign50, %branch1 ], [ %res_4_V_write_assign50, %ReuseLoop_begin ]"   --->   Operation 2148 'phi' 'res_V2051_09' <Predicate = true> <Delay = 0.00>
ST_5 : Operation 2149 [1/1] (0.00ns)   --->   "%res_V2050_07 = phi i14 [ %res_3_V_write_assign52, %branch9 ], [ %res_3_V_write_assign52, %branch8 ], [ %res_3_V_write_assign52, %branch7 ], [ %res_3_V_write_assign52, %branch6 ], [ %res_3_V_write_assign52, %branch5 ], [ %res_3_V_write_assign52, %branch4 ], [ %acc_0_V, %branch3 ], [ %res_3_V_write_assign52, %branch2 ], [ %res_3_V_write_assign52, %branch1 ], [ %res_3_V_write_assign52, %ReuseLoop_begin ]"   --->   Operation 2149 'phi' 'res_V2050_07' <Predicate = true> <Delay = 0.00>
ST_5 : Operation 2150 [1/1] (0.00ns)   --->   "%res_V2049_05 = phi i14 [ %res_2_V_write_assign54, %branch9 ], [ %res_2_V_write_assign54, %branch8 ], [ %res_2_V_write_assign54, %branch7 ], [ %res_2_V_write_assign54, %branch6 ], [ %res_2_V_write_assign54, %branch5 ], [ %res_2_V_write_assign54, %branch4 ], [ %res_2_V_write_assign54, %branch3 ], [ %acc_0_V, %branch2 ], [ %res_2_V_write_assign54, %branch1 ], [ %res_2_V_write_assign54, %ReuseLoop_begin ]"   --->   Operation 2150 'phi' 'res_V2049_05' <Predicate = true> <Delay = 0.00>
ST_5 : Operation 2151 [1/1] (0.00ns)   --->   "%res_V2048_03 = phi i14 [ %res_1_V_write_assign56, %branch9 ], [ %res_1_V_write_assign56, %branch8 ], [ %res_1_V_write_assign56, %branch7 ], [ %res_1_V_write_assign56, %branch6 ], [ %res_1_V_write_assign56, %branch5 ], [ %res_1_V_write_assign56, %branch4 ], [ %res_1_V_write_assign56, %branch3 ], [ %res_1_V_write_assign56, %branch2 ], [ %acc_0_V, %branch1 ], [ %res_1_V_write_assign56, %ReuseLoop_begin ]"   --->   Operation 2151 'phi' 'res_V2048_03' <Predicate = true> <Delay = 0.00>
ST_5 : Operation 2152 [1/1] (0.00ns)   --->   "%res_V_01 = phi i14 [ %res_0_V_write_assign58, %branch9 ], [ %res_0_V_write_assign58, %branch8 ], [ %res_0_V_write_assign58, %branch7 ], [ %res_0_V_write_assign58, %branch6 ], [ %res_0_V_write_assign58, %branch5 ], [ %res_0_V_write_assign58, %branch4 ], [ %res_0_V_write_assign58, %branch3 ], [ %res_0_V_write_assign58, %branch2 ], [ %res_0_V_write_assign58, %branch1 ], [ %acc_0_V, %ReuseLoop_begin ]"   --->   Operation 2152 'phi' 'res_V_01' <Predicate = true> <Delay = 0.00>
ST_5 : Operation 2153 [1/1] (0.00ns)   --->   "%empty_322 = call i32 (...)* @_ssdm_op_SpecRegionEnd([10 x i8]* @p_str34, i32 %tmp)" [firmware/nnet_utils/nnet_dense_resource.h:152->firmware/nnet_utils/nnet_dense_resource.h:255->firmware/nnet_utils/nnet_dense_stream.h:21]   --->   Operation 2153 'specregionend' 'empty_322' <Predicate = true> <Delay = 0.00>
ST_5 : Operation 2154 [1/1] (0.00ns)   --->   "%empty_323 = call i32 (...)* @_ssdm_op_SpecLoopTripCount(i64 20480, i64 20480, i64 20480)"   --->   Operation 2154 'speclooptripcount' 'empty_323' <Predicate = true> <Delay = 0.00>

State 6 <SV = 5> <Delay = 0.00>
ST_6 : Operation 2155 [1/1] (0.00ns)   --->   "%mrv = insertvalue { i14, i14, i14, i14, i14, i14, i14, i14, i14, i14 } undef, i14 %res_V_01, 0" [firmware/nnet_utils/nnet_dense_stream.h:23]   --->   Operation 2155 'insertvalue' 'mrv' <Predicate = true> <Delay = 0.00>
ST_6 : Operation 2156 [1/1] (0.00ns)   --->   "%mrv_1 = insertvalue { i14, i14, i14, i14, i14, i14, i14, i14, i14, i14 } %mrv, i14 %res_V2048_03, 1" [firmware/nnet_utils/nnet_dense_stream.h:23]   --->   Operation 2156 'insertvalue' 'mrv_1' <Predicate = true> <Delay = 0.00>
ST_6 : Operation 2157 [1/1] (0.00ns)   --->   "%mrv_2 = insertvalue { i14, i14, i14, i14, i14, i14, i14, i14, i14, i14 } %mrv_1, i14 %res_V2049_05, 2" [firmware/nnet_utils/nnet_dense_stream.h:23]   --->   Operation 2157 'insertvalue' 'mrv_2' <Predicate = true> <Delay = 0.00>
ST_6 : Operation 2158 [1/1] (0.00ns)   --->   "%mrv_3 = insertvalue { i14, i14, i14, i14, i14, i14, i14, i14, i14, i14 } %mrv_2, i14 %res_V2050_07, 3" [firmware/nnet_utils/nnet_dense_stream.h:23]   --->   Operation 2158 'insertvalue' 'mrv_3' <Predicate = true> <Delay = 0.00>
ST_6 : Operation 2159 [1/1] (0.00ns)   --->   "%mrv_4 = insertvalue { i14, i14, i14, i14, i14, i14, i14, i14, i14, i14 } %mrv_3, i14 %res_V2051_09, 4" [firmware/nnet_utils/nnet_dense_stream.h:23]   --->   Operation 2159 'insertvalue' 'mrv_4' <Predicate = true> <Delay = 0.00>
ST_6 : Operation 2160 [1/1] (0.00ns)   --->   "%mrv_5 = insertvalue { i14, i14, i14, i14, i14, i14, i14, i14, i14, i14 } %mrv_4, i14 %res_V2052_011, 5" [firmware/nnet_utils/nnet_dense_stream.h:23]   --->   Operation 2160 'insertvalue' 'mrv_5' <Predicate = true> <Delay = 0.00>
ST_6 : Operation 2161 [1/1] (0.00ns)   --->   "%mrv_6 = insertvalue { i14, i14, i14, i14, i14, i14, i14, i14, i14, i14 } %mrv_5, i14 %res_V2053_013, 6" [firmware/nnet_utils/nnet_dense_stream.h:23]   --->   Operation 2161 'insertvalue' 'mrv_6' <Predicate = true> <Delay = 0.00>
ST_6 : Operation 2162 [1/1] (0.00ns)   --->   "%mrv_7 = insertvalue { i14, i14, i14, i14, i14, i14, i14, i14, i14, i14 } %mrv_6, i14 %res_V2054_015, 7" [firmware/nnet_utils/nnet_dense_stream.h:23]   --->   Operation 2162 'insertvalue' 'mrv_7' <Predicate = true> <Delay = 0.00>
ST_6 : Operation 2163 [1/1] (0.00ns)   --->   "%mrv_8 = insertvalue { i14, i14, i14, i14, i14, i14, i14, i14, i14, i14 } %mrv_7, i14 %res_V2055_017, 8" [firmware/nnet_utils/nnet_dense_stream.h:23]   --->   Operation 2163 'insertvalue' 'mrv_8' <Predicate = true> <Delay = 0.00>
ST_6 : Operation 2164 [1/1] (0.00ns)   --->   "%mrv_9 = insertvalue { i14, i14, i14, i14, i14, i14, i14, i14, i14, i14 } %mrv_8, i14 %res_V2056_019, 9" [firmware/nnet_utils/nnet_dense_stream.h:23]   --->   Operation 2164 'insertvalue' 'mrv_9' <Predicate = true> <Delay = 0.00>
ST_6 : Operation 2165 [1/1] (0.00ns)   --->   "ret { i14, i14, i14, i14, i14, i14, i14, i14, i14, i14 } %mrv_9" [firmware/nnet_utils/nnet_dense_stream.h:23]   --->   Operation 2165 'ret' <Predicate = true> <Delay = 0.00>


============================================================
+ Verbose Summary: Timing violations
============================================================
Target clock period: 10ns, clock uncertainty: 1.25ns.

 <State 1>: 1.77ns
The critical path consists of the following:
	multiplexor before 'phi' operation ('outstep_0_i_i', firmware/nnet_utils/nnet_dense_resource.h:123->firmware/nnet_utils/nnet_dense_resource.h:255->firmware/nnet_utils/nnet_dense_stream.h:21) with incoming values : ('select_ln123', firmware/nnet_utils/nnet_dense_resource.h:123->firmware/nnet_utils/nnet_dense_resource.h:255->firmware/nnet_utils/nnet_dense_stream.h:21) [4102]  (1.77 ns)

 <State 2>: 3.25ns
The critical path consists of the following:
	'phi' operation ('outstep_0_i_i', firmware/nnet_utils/nnet_dense_resource.h:123->firmware/nnet_utils/nnet_dense_resource.h:255->firmware/nnet_utils/nnet_dense_stream.h:21) with incoming values : ('select_ln123', firmware/nnet_utils/nnet_dense_resource.h:123->firmware/nnet_utils/nnet_dense_resource.h:255->firmware/nnet_utils/nnet_dense_stream.h:21) [4102]  (0 ns)
	'store' operation ('store_ln122', firmware/nnet_utils/nnet_dense_resource.h:122->firmware/nnet_utils/nnet_dense_resource.h:255->firmware/nnet_utils/nnet_dense_stream.h:21) of variable 'outstep_0_i_i', firmware/nnet_utils/nnet_dense_resource.h:123->firmware/nnet_utils/nnet_dense_resource.h:255->firmware/nnet_utils/nnet_dense_stream.h:21 on array 'outidx', firmware/nnet_utils/nnet_dense_resource.h:119->firmware/nnet_utils/nnet_dense_resource.h:255->firmware/nnet_utils/nnet_dense_stream.h:21 [4112]  (3.25 ns)

 <State 3>: 5.69ns
The critical path consists of the following:
	'phi' operation ('in_index_0_i_i59', firmware/nnet_utils/nnet_dense_resource.h:148->firmware/nnet_utils/nnet_dense_resource.h:255->firmware/nnet_utils/nnet_dense_stream.h:21) with incoming values : ('select_ln148', firmware/nnet_utils/nnet_dense_resource.h:148->firmware/nnet_utils/nnet_dense_resource.h:255->firmware/nnet_utils/nnet_dense_stream.h:21) [4123]  (0 ns)
	'add' operation ('in_index', firmware/nnet_utils/nnet_dense_resource.h:147->firmware/nnet_utils/nnet_dense_resource.h:255->firmware/nnet_utils/nnet_dense_stream.h:21) [4203]  (2.55 ns)
	'icmp' operation ('icmp_ln148', firmware/nnet_utils/nnet_dense_resource.h:148->firmware/nnet_utils/nnet_dense_resource.h:255->firmware/nnet_utils/nnet_dense_stream.h:21) [4205]  (2.44 ns)
	'select' operation ('select_ln148', firmware/nnet_utils/nnet_dense_resource.h:148->firmware/nnet_utils/nnet_dense_resource.h:255->firmware/nnet_utils/nnet_dense_stream.h:21) [4206]  (0.698 ns)

 <State 4>: 7.42ns
The critical path consists of the following:
	'load' operation ('w12_V_load', firmware/nnet_utils/nnet_dense_resource.h:139->firmware/nnet_utils/nnet_dense_resource.h:255->firmware/nnet_utils/nnet_dense_stream.h:21) on array 'w12_V' [4153]  (3.25 ns)
	'mul' operation ('r.V', firmware/nnet_utils/nnet_mult.h:73->firmware/nnet_utils/nnet_dense_resource.h:139->firmware/nnet_utils/nnet_dense_resource.h:255->firmware/nnet_utils/nnet_dense_stream.h:21) [4156]  (4.17 ns)

 <State 5>: 6.21ns
The critical path consists of the following:
	'phi' operation ('acc_0_V_038', firmware/nnet_utils/nnet_dense_resource.h:139->firmware/nnet_utils/nnet_dense_resource.h:255->firmware/nnet_utils/nnet_dense_stream.h:21) with incoming values : ('acc[0].V', firmware/nnet_utils/nnet_dense_resource.h:139->firmware/nnet_utils/nnet_dense_resource.h:255->firmware/nnet_utils/nnet_dense_stream.h:21) [4134]  (0 ns)
	'mux' operation ('tmp_2', firmware/nnet_utils/nnet_dense_resource.h:139->firmware/nnet_utils/nnet_dense_resource.h:255->firmware/nnet_utils/nnet_dense_stream.h:21) [4160]  (2.63 ns)
	'add' operation ('acc[0].V', firmware/nnet_utils/nnet_dense_resource.h:139->firmware/nnet_utils/nnet_dense_resource.h:255->firmware/nnet_utils/nnet_dense_stream.h:21) [4161]  (1.81 ns)
	multiplexor before 'phi' operation ('acc[9].V') with incoming values : ('acc[0].V', firmware/nnet_utils/nnet_dense_resource.h:139->firmware/nnet_utils/nnet_dense_resource.h:255->firmware/nnet_utils/nnet_dense_stream.h:21) [4183]  (1.77 ns)
	'phi' operation ('acc[9].V') with incoming values : ('acc[0].V', firmware/nnet_utils/nnet_dense_resource.h:139->firmware/nnet_utils/nnet_dense_resource.h:255->firmware/nnet_utils/nnet_dense_stream.h:21) [4183]  (0 ns)

 <State 6>: 0ns
The critical path consists of the following:


============================================================
+ Verbose Summary: Binding
============================================================
N/A
* FSMD analyzer results:
  - Output states:
 - Input state : 
  - Chain level:
	State 1
	State 2
	State 3
	State 4
	State 5
	State 6


============================================================
+ Verbose Summary: Datapath Resource usage 
============================================================
N/A
