

================================================================
== Vivado HLS Report for 'linear_array_array_ap_fixed_14_6_5_3_0_32u_linear_config6_s'
================================================================
* Date:           Thu Jul 11 01:22:13 2024

* Version:        2020.1 (Build 2897737 on Wed May 27 20:21:37 MDT 2020)
* Project:        myproject_prj
* Solution:       solution1
* Product family: zynq
* Target device:  xc7z020-clg400-1


================================================================
== Performance Estimates
================================================================
+ Timing: 
    * Summary: 
    +--------+----------+----------+------------+
    |  Clock |  Target  | Estimated| Uncertainty|
    +--------+----------+----------+------------+
    |ap_clk  | 10.00 ns | 7.268 ns |   1.25 ns  |
    +--------+----------+----------+------------+

+ Latency: 
    * Summary: 
    +---------+---------+----------+----------+-----+-----+---------+
    |  Latency (cycles) |  Latency (absolute) |  Interval | Pipeline|
    |   min   |   max   |    min   |    max   | min | max |   Type  |
    +---------+---------+----------+----------+-----+-----+---------+
    |       66|       66| 0.660 us | 0.660 us |   66|   66|   none  |
    +---------+---------+----------+----------+-----+-----+---------+

    + Detail: 
        * Instance: 
        N/A

        * Loop: 
        +-----------------+---------+---------+----------+-----------+-----------+------+----------+
        |                 |  Latency (cycles) | Iteration|  Initiation Interval  | Trip |          |
        |    Loop Name    |   min   |   max   |  Latency |  achieved |   target  | Count| Pipelined|
        +-----------------+---------+---------+----------+-----------+-----------+------+----------+
        |- LinearActLoop  |       64|       64|         2|          1|          1|    64|    yes   |
        +-----------------+---------+---------+----------+-----------+-----------+------+----------+

============================================================
+ Verbose Summary: Synthesis Manager
============================================================
InlineROM: 1
ExposeGlobal: 0
============================================================
+ Verbose Summary: CDFG Model
============================================================
IsTopModel: 0
ResetActiveHigh: 1
IsCombinational: 2
IsDatapathOnly: 0
HasWiredReturn: 1
HasMFsm: 0
HasVarLatency: 1
IsPipeline: 0
IsRtlPipelined: 0
IsInstanceOverlapped: 0
IsDontTouch: 0
HasImplIP: 0
IsGatedGlobalClock: 0

+ Individual pipeline summary: 
  * Pipeline-0: initiation interval (II) = 1, depth = 2


============================================================
+ Verbose Summary: Schedule
============================================================
* Number of FSM states : 4
* Pipeline : 1
  Pipeline-0 : II = 1, D = 2, States = { 2 3 }
* Dataflow Pipeline: 0

* FSM state transitions: 
1 --> 2 
2 --> 4 3 
3 --> 2 
4 --> 

* FSM state operations: 

State 1 <SV = 0> <Delay = 1.76>
ST_1 : Operation 5 [1/1] (0.00ns)   --->   "call void (...)* @_ssdm_op_SpecInterface(i14* %res_V_data_31_V, [8 x i8]* @ap_fifo_str, i32 0, i32 0, [1 x i8]* @p_str, i32 0, i32 0, [1 x i8]* @p_str, [1 x i8]* @p_str, [1 x i8]* @p_str, i32 2, i32 2, i32 16, i32 16, [1 x i8]* @p_str, [1 x i8]* @p_str)"   --->   Operation 5 'specinterface' <Predicate = true> <Delay = 0.00>
ST_1 : Operation 6 [1/1] (0.00ns)   --->   "call void (...)* @_ssdm_op_SpecInterface(i14* %res_V_data_30_V, [8 x i8]* @ap_fifo_str, i32 0, i32 0, [1 x i8]* @p_str, i32 0, i32 0, [1 x i8]* @p_str, [1 x i8]* @p_str, [1 x i8]* @p_str, i32 2, i32 2, i32 16, i32 16, [1 x i8]* @p_str, [1 x i8]* @p_str)"   --->   Operation 6 'specinterface' <Predicate = true> <Delay = 0.00>
ST_1 : Operation 7 [1/1] (0.00ns)   --->   "call void (...)* @_ssdm_op_SpecInterface(i14* %res_V_data_29_V, [8 x i8]* @ap_fifo_str, i32 0, i32 0, [1 x i8]* @p_str, i32 0, i32 0, [1 x i8]* @p_str, [1 x i8]* @p_str, [1 x i8]* @p_str, i32 2, i32 2, i32 16, i32 16, [1 x i8]* @p_str, [1 x i8]* @p_str)"   --->   Operation 7 'specinterface' <Predicate = true> <Delay = 0.00>
ST_1 : Operation 8 [1/1] (0.00ns)   --->   "call void (...)* @_ssdm_op_SpecInterface(i14* %res_V_data_28_V, [8 x i8]* @ap_fifo_str, i32 0, i32 0, [1 x i8]* @p_str, i32 0, i32 0, [1 x i8]* @p_str, [1 x i8]* @p_str, [1 x i8]* @p_str, i32 2, i32 2, i32 16, i32 16, [1 x i8]* @p_str, [1 x i8]* @p_str)"   --->   Operation 8 'specinterface' <Predicate = true> <Delay = 0.00>
ST_1 : Operation 9 [1/1] (0.00ns)   --->   "call void (...)* @_ssdm_op_SpecInterface(i14* %res_V_data_27_V, [8 x i8]* @ap_fifo_str, i32 0, i32 0, [1 x i8]* @p_str, i32 0, i32 0, [1 x i8]* @p_str, [1 x i8]* @p_str, [1 x i8]* @p_str, i32 2, i32 2, i32 16, i32 16, [1 x i8]* @p_str, [1 x i8]* @p_str)"   --->   Operation 9 'specinterface' <Predicate = true> <Delay = 0.00>
ST_1 : Operation 10 [1/1] (0.00ns)   --->   "call void (...)* @_ssdm_op_SpecInterface(i14* %res_V_data_26_V, [8 x i8]* @ap_fifo_str, i32 0, i32 0, [1 x i8]* @p_str, i32 0, i32 0, [1 x i8]* @p_str, [1 x i8]* @p_str, [1 x i8]* @p_str, i32 2, i32 2, i32 16, i32 16, [1 x i8]* @p_str, [1 x i8]* @p_str)"   --->   Operation 10 'specinterface' <Predicate = true> <Delay = 0.00>
ST_1 : Operation 11 [1/1] (0.00ns)   --->   "call void (...)* @_ssdm_op_SpecInterface(i14* %res_V_data_25_V, [8 x i8]* @ap_fifo_str, i32 0, i32 0, [1 x i8]* @p_str, i32 0, i32 0, [1 x i8]* @p_str, [1 x i8]* @p_str, [1 x i8]* @p_str, i32 2, i32 2, i32 16, i32 16, [1 x i8]* @p_str, [1 x i8]* @p_str)"   --->   Operation 11 'specinterface' <Predicate = true> <Delay = 0.00>
ST_1 : Operation 12 [1/1] (0.00ns)   --->   "call void (...)* @_ssdm_op_SpecInterface(i14* %res_V_data_24_V, [8 x i8]* @ap_fifo_str, i32 0, i32 0, [1 x i8]* @p_str, i32 0, i32 0, [1 x i8]* @p_str, [1 x i8]* @p_str, [1 x i8]* @p_str, i32 2, i32 2, i32 16, i32 16, [1 x i8]* @p_str, [1 x i8]* @p_str)"   --->   Operation 12 'specinterface' <Predicate = true> <Delay = 0.00>
ST_1 : Operation 13 [1/1] (0.00ns)   --->   "call void (...)* @_ssdm_op_SpecInterface(i14* %res_V_data_23_V, [8 x i8]* @ap_fifo_str, i32 0, i32 0, [1 x i8]* @p_str, i32 0, i32 0, [1 x i8]* @p_str, [1 x i8]* @p_str, [1 x i8]* @p_str, i32 2, i32 2, i32 16, i32 16, [1 x i8]* @p_str, [1 x i8]* @p_str)"   --->   Operation 13 'specinterface' <Predicate = true> <Delay = 0.00>
ST_1 : Operation 14 [1/1] (0.00ns)   --->   "call void (...)* @_ssdm_op_SpecInterface(i14* %res_V_data_22_V, [8 x i8]* @ap_fifo_str, i32 0, i32 0, [1 x i8]* @p_str, i32 0, i32 0, [1 x i8]* @p_str, [1 x i8]* @p_str, [1 x i8]* @p_str, i32 2, i32 2, i32 16, i32 16, [1 x i8]* @p_str, [1 x i8]* @p_str)"   --->   Operation 14 'specinterface' <Predicate = true> <Delay = 0.00>
ST_1 : Operation 15 [1/1] (0.00ns)   --->   "call void (...)* @_ssdm_op_SpecInterface(i14* %res_V_data_21_V, [8 x i8]* @ap_fifo_str, i32 0, i32 0, [1 x i8]* @p_str, i32 0, i32 0, [1 x i8]* @p_str, [1 x i8]* @p_str, [1 x i8]* @p_str, i32 2, i32 2, i32 16, i32 16, [1 x i8]* @p_str, [1 x i8]* @p_str)"   --->   Operation 15 'specinterface' <Predicate = true> <Delay = 0.00>
ST_1 : Operation 16 [1/1] (0.00ns)   --->   "call void (...)* @_ssdm_op_SpecInterface(i14* %res_V_data_20_V, [8 x i8]* @ap_fifo_str, i32 0, i32 0, [1 x i8]* @p_str, i32 0, i32 0, [1 x i8]* @p_str, [1 x i8]* @p_str, [1 x i8]* @p_str, i32 2, i32 2, i32 16, i32 16, [1 x i8]* @p_str, [1 x i8]* @p_str)"   --->   Operation 16 'specinterface' <Predicate = true> <Delay = 0.00>
ST_1 : Operation 17 [1/1] (0.00ns)   --->   "call void (...)* @_ssdm_op_SpecInterface(i14* %res_V_data_19_V, [8 x i8]* @ap_fifo_str, i32 0, i32 0, [1 x i8]* @p_str, i32 0, i32 0, [1 x i8]* @p_str, [1 x i8]* @p_str, [1 x i8]* @p_str, i32 2, i32 2, i32 16, i32 16, [1 x i8]* @p_str, [1 x i8]* @p_str)"   --->   Operation 17 'specinterface' <Predicate = true> <Delay = 0.00>
ST_1 : Operation 18 [1/1] (0.00ns)   --->   "call void (...)* @_ssdm_op_SpecInterface(i14* %res_V_data_18_V, [8 x i8]* @ap_fifo_str, i32 0, i32 0, [1 x i8]* @p_str, i32 0, i32 0, [1 x i8]* @p_str, [1 x i8]* @p_str, [1 x i8]* @p_str, i32 2, i32 2, i32 16, i32 16, [1 x i8]* @p_str, [1 x i8]* @p_str)"   --->   Operation 18 'specinterface' <Predicate = true> <Delay = 0.00>
ST_1 : Operation 19 [1/1] (0.00ns)   --->   "call void (...)* @_ssdm_op_SpecInterface(i14* %res_V_data_17_V, [8 x i8]* @ap_fifo_str, i32 0, i32 0, [1 x i8]* @p_str, i32 0, i32 0, [1 x i8]* @p_str, [1 x i8]* @p_str, [1 x i8]* @p_str, i32 2, i32 2, i32 16, i32 16, [1 x i8]* @p_str, [1 x i8]* @p_str)"   --->   Operation 19 'specinterface' <Predicate = true> <Delay = 0.00>
ST_1 : Operation 20 [1/1] (0.00ns)   --->   "call void (...)* @_ssdm_op_SpecInterface(i14* %res_V_data_16_V, [8 x i8]* @ap_fifo_str, i32 0, i32 0, [1 x i8]* @p_str, i32 0, i32 0, [1 x i8]* @p_str, [1 x i8]* @p_str, [1 x i8]* @p_str, i32 2, i32 2, i32 16, i32 16, [1 x i8]* @p_str, [1 x i8]* @p_str)"   --->   Operation 20 'specinterface' <Predicate = true> <Delay = 0.00>
ST_1 : Operation 21 [1/1] (0.00ns)   --->   "call void (...)* @_ssdm_op_SpecInterface(i14* %res_V_data_15_V, [8 x i8]* @ap_fifo_str, i32 0, i32 0, [1 x i8]* @p_str, i32 0, i32 0, [1 x i8]* @p_str, [1 x i8]* @p_str, [1 x i8]* @p_str, i32 2, i32 2, i32 16, i32 16, [1 x i8]* @p_str, [1 x i8]* @p_str)"   --->   Operation 21 'specinterface' <Predicate = true> <Delay = 0.00>
ST_1 : Operation 22 [1/1] (0.00ns)   --->   "call void (...)* @_ssdm_op_SpecInterface(i14* %res_V_data_14_V, [8 x i8]* @ap_fifo_str, i32 0, i32 0, [1 x i8]* @p_str, i32 0, i32 0, [1 x i8]* @p_str, [1 x i8]* @p_str, [1 x i8]* @p_str, i32 2, i32 2, i32 16, i32 16, [1 x i8]* @p_str, [1 x i8]* @p_str)"   --->   Operation 22 'specinterface' <Predicate = true> <Delay = 0.00>
ST_1 : Operation 23 [1/1] (0.00ns)   --->   "call void (...)* @_ssdm_op_SpecInterface(i14* %res_V_data_13_V, [8 x i8]* @ap_fifo_str, i32 0, i32 0, [1 x i8]* @p_str, i32 0, i32 0, [1 x i8]* @p_str, [1 x i8]* @p_str, [1 x i8]* @p_str, i32 2, i32 2, i32 16, i32 16, [1 x i8]* @p_str, [1 x i8]* @p_str)"   --->   Operation 23 'specinterface' <Predicate = true> <Delay = 0.00>
ST_1 : Operation 24 [1/1] (0.00ns)   --->   "call void (...)* @_ssdm_op_SpecInterface(i14* %res_V_data_12_V, [8 x i8]* @ap_fifo_str, i32 0, i32 0, [1 x i8]* @p_str, i32 0, i32 0, [1 x i8]* @p_str, [1 x i8]* @p_str, [1 x i8]* @p_str, i32 2, i32 2, i32 16, i32 16, [1 x i8]* @p_str, [1 x i8]* @p_str)"   --->   Operation 24 'specinterface' <Predicate = true> <Delay = 0.00>
ST_1 : Operation 25 [1/1] (0.00ns)   --->   "call void (...)* @_ssdm_op_SpecInterface(i14* %res_V_data_11_V, [8 x i8]* @ap_fifo_str, i32 0, i32 0, [1 x i8]* @p_str, i32 0, i32 0, [1 x i8]* @p_str, [1 x i8]* @p_str, [1 x i8]* @p_str, i32 2, i32 2, i32 16, i32 16, [1 x i8]* @p_str, [1 x i8]* @p_str)"   --->   Operation 25 'specinterface' <Predicate = true> <Delay = 0.00>
ST_1 : Operation 26 [1/1] (0.00ns)   --->   "call void (...)* @_ssdm_op_SpecInterface(i14* %res_V_data_10_V, [8 x i8]* @ap_fifo_str, i32 0, i32 0, [1 x i8]* @p_str, i32 0, i32 0, [1 x i8]* @p_str, [1 x i8]* @p_str, [1 x i8]* @p_str, i32 2, i32 2, i32 16, i32 16, [1 x i8]* @p_str, [1 x i8]* @p_str)"   --->   Operation 26 'specinterface' <Predicate = true> <Delay = 0.00>
ST_1 : Operation 27 [1/1] (0.00ns)   --->   "call void (...)* @_ssdm_op_SpecInterface(i14* %res_V_data_9_V, [8 x i8]* @ap_fifo_str, i32 0, i32 0, [1 x i8]* @p_str, i32 0, i32 0, [1 x i8]* @p_str, [1 x i8]* @p_str, [1 x i8]* @p_str, i32 2, i32 2, i32 16, i32 16, [1 x i8]* @p_str, [1 x i8]* @p_str)"   --->   Operation 27 'specinterface' <Predicate = true> <Delay = 0.00>
ST_1 : Operation 28 [1/1] (0.00ns)   --->   "call void (...)* @_ssdm_op_SpecInterface(i14* %res_V_data_8_V, [8 x i8]* @ap_fifo_str, i32 0, i32 0, [1 x i8]* @p_str, i32 0, i32 0, [1 x i8]* @p_str, [1 x i8]* @p_str, [1 x i8]* @p_str, i32 2, i32 2, i32 16, i32 16, [1 x i8]* @p_str, [1 x i8]* @p_str)"   --->   Operation 28 'specinterface' <Predicate = true> <Delay = 0.00>
ST_1 : Operation 29 [1/1] (0.00ns)   --->   "call void (...)* @_ssdm_op_SpecInterface(i14* %res_V_data_7_V, [8 x i8]* @ap_fifo_str, i32 0, i32 0, [1 x i8]* @p_str, i32 0, i32 0, [1 x i8]* @p_str, [1 x i8]* @p_str, [1 x i8]* @p_str, i32 2, i32 2, i32 16, i32 16, [1 x i8]* @p_str, [1 x i8]* @p_str)"   --->   Operation 29 'specinterface' <Predicate = true> <Delay = 0.00>
ST_1 : Operation 30 [1/1] (0.00ns)   --->   "call void (...)* @_ssdm_op_SpecInterface(i14* %res_V_data_6_V, [8 x i8]* @ap_fifo_str, i32 0, i32 0, [1 x i8]* @p_str, i32 0, i32 0, [1 x i8]* @p_str, [1 x i8]* @p_str, [1 x i8]* @p_str, i32 2, i32 2, i32 16, i32 16, [1 x i8]* @p_str, [1 x i8]* @p_str)"   --->   Operation 30 'specinterface' <Predicate = true> <Delay = 0.00>
ST_1 : Operation 31 [1/1] (0.00ns)   --->   "call void (...)* @_ssdm_op_SpecInterface(i14* %res_V_data_5_V, [8 x i8]* @ap_fifo_str, i32 0, i32 0, [1 x i8]* @p_str, i32 0, i32 0, [1 x i8]* @p_str, [1 x i8]* @p_str, [1 x i8]* @p_str, i32 2, i32 2, i32 16, i32 16, [1 x i8]* @p_str, [1 x i8]* @p_str)"   --->   Operation 31 'specinterface' <Predicate = true> <Delay = 0.00>
ST_1 : Operation 32 [1/1] (0.00ns)   --->   "call void (...)* @_ssdm_op_SpecInterface(i14* %res_V_data_4_V, [8 x i8]* @ap_fifo_str, i32 0, i32 0, [1 x i8]* @p_str, i32 0, i32 0, [1 x i8]* @p_str, [1 x i8]* @p_str, [1 x i8]* @p_str, i32 2, i32 2, i32 16, i32 16, [1 x i8]* @p_str, [1 x i8]* @p_str)"   --->   Operation 32 'specinterface' <Predicate = true> <Delay = 0.00>
ST_1 : Operation 33 [1/1] (0.00ns)   --->   "call void (...)* @_ssdm_op_SpecInterface(i14* %res_V_data_3_V, [8 x i8]* @ap_fifo_str, i32 0, i32 0, [1 x i8]* @p_str, i32 0, i32 0, [1 x i8]* @p_str, [1 x i8]* @p_str, [1 x i8]* @p_str, i32 2, i32 2, i32 16, i32 16, [1 x i8]* @p_str, [1 x i8]* @p_str)"   --->   Operation 33 'specinterface' <Predicate = true> <Delay = 0.00>
ST_1 : Operation 34 [1/1] (0.00ns)   --->   "call void (...)* @_ssdm_op_SpecInterface(i14* %res_V_data_2_V, [8 x i8]* @ap_fifo_str, i32 0, i32 0, [1 x i8]* @p_str, i32 0, i32 0, [1 x i8]* @p_str, [1 x i8]* @p_str, [1 x i8]* @p_str, i32 2, i32 2, i32 16, i32 16, [1 x i8]* @p_str, [1 x i8]* @p_str)"   --->   Operation 34 'specinterface' <Predicate = true> <Delay = 0.00>
ST_1 : Operation 35 [1/1] (0.00ns)   --->   "call void (...)* @_ssdm_op_SpecInterface(i14* %res_V_data_1_V, [8 x i8]* @ap_fifo_str, i32 0, i32 0, [1 x i8]* @p_str, i32 0, i32 0, [1 x i8]* @p_str, [1 x i8]* @p_str, [1 x i8]* @p_str, i32 2, i32 2, i32 16, i32 16, [1 x i8]* @p_str, [1 x i8]* @p_str)"   --->   Operation 35 'specinterface' <Predicate = true> <Delay = 0.00>
ST_1 : Operation 36 [1/1] (0.00ns)   --->   "call void (...)* @_ssdm_op_SpecInterface(i14* %res_V_data_0_V, [8 x i8]* @ap_fifo_str, i32 0, i32 0, [1 x i8]* @p_str, i32 0, i32 0, [1 x i8]* @p_str, [1 x i8]* @p_str, [1 x i8]* @p_str, i32 2, i32 2, i32 16, i32 16, [1 x i8]* @p_str, [1 x i8]* @p_str)"   --->   Operation 36 'specinterface' <Predicate = true> <Delay = 0.00>
ST_1 : Operation 37 [1/1] (0.00ns)   --->   "call void (...)* @_ssdm_op_SpecInterface(i14* %data_V_data_31_V, [8 x i8]* @ap_fifo_str, i32 0, i32 0, [1 x i8]* @p_str, i32 0, i32 0, [1 x i8]* @p_str, [1 x i8]* @p_str, [1 x i8]* @p_str, i32 2, i32 2, i32 16, i32 16, [1 x i8]* @p_str, [1 x i8]* @p_str)"   --->   Operation 37 'specinterface' <Predicate = true> <Delay = 0.00>
ST_1 : Operation 38 [1/1] (0.00ns)   --->   "call void (...)* @_ssdm_op_SpecInterface(i14* %data_V_data_30_V, [8 x i8]* @ap_fifo_str, i32 0, i32 0, [1 x i8]* @p_str, i32 0, i32 0, [1 x i8]* @p_str, [1 x i8]* @p_str, [1 x i8]* @p_str, i32 2, i32 2, i32 16, i32 16, [1 x i8]* @p_str, [1 x i8]* @p_str)"   --->   Operation 38 'specinterface' <Predicate = true> <Delay = 0.00>
ST_1 : Operation 39 [1/1] (0.00ns)   --->   "call void (...)* @_ssdm_op_SpecInterface(i14* %data_V_data_29_V, [8 x i8]* @ap_fifo_str, i32 0, i32 0, [1 x i8]* @p_str, i32 0, i32 0, [1 x i8]* @p_str, [1 x i8]* @p_str, [1 x i8]* @p_str, i32 2, i32 2, i32 16, i32 16, [1 x i8]* @p_str, [1 x i8]* @p_str)"   --->   Operation 39 'specinterface' <Predicate = true> <Delay = 0.00>
ST_1 : Operation 40 [1/1] (0.00ns)   --->   "call void (...)* @_ssdm_op_SpecInterface(i14* %data_V_data_28_V, [8 x i8]* @ap_fifo_str, i32 0, i32 0, [1 x i8]* @p_str, i32 0, i32 0, [1 x i8]* @p_str, [1 x i8]* @p_str, [1 x i8]* @p_str, i32 2, i32 2, i32 16, i32 16, [1 x i8]* @p_str, [1 x i8]* @p_str)"   --->   Operation 40 'specinterface' <Predicate = true> <Delay = 0.00>
ST_1 : Operation 41 [1/1] (0.00ns)   --->   "call void (...)* @_ssdm_op_SpecInterface(i14* %data_V_data_27_V, [8 x i8]* @ap_fifo_str, i32 0, i32 0, [1 x i8]* @p_str, i32 0, i32 0, [1 x i8]* @p_str, [1 x i8]* @p_str, [1 x i8]* @p_str, i32 2, i32 2, i32 16, i32 16, [1 x i8]* @p_str, [1 x i8]* @p_str)"   --->   Operation 41 'specinterface' <Predicate = true> <Delay = 0.00>
ST_1 : Operation 42 [1/1] (0.00ns)   --->   "call void (...)* @_ssdm_op_SpecInterface(i14* %data_V_data_26_V, [8 x i8]* @ap_fifo_str, i32 0, i32 0, [1 x i8]* @p_str, i32 0, i32 0, [1 x i8]* @p_str, [1 x i8]* @p_str, [1 x i8]* @p_str, i32 2, i32 2, i32 16, i32 16, [1 x i8]* @p_str, [1 x i8]* @p_str)"   --->   Operation 42 'specinterface' <Predicate = true> <Delay = 0.00>
ST_1 : Operation 43 [1/1] (0.00ns)   --->   "call void (...)* @_ssdm_op_SpecInterface(i14* %data_V_data_25_V, [8 x i8]* @ap_fifo_str, i32 0, i32 0, [1 x i8]* @p_str, i32 0, i32 0, [1 x i8]* @p_str, [1 x i8]* @p_str, [1 x i8]* @p_str, i32 2, i32 2, i32 16, i32 16, [1 x i8]* @p_str, [1 x i8]* @p_str)"   --->   Operation 43 'specinterface' <Predicate = true> <Delay = 0.00>
ST_1 : Operation 44 [1/1] (0.00ns)   --->   "call void (...)* @_ssdm_op_SpecInterface(i14* %data_V_data_24_V, [8 x i8]* @ap_fifo_str, i32 0, i32 0, [1 x i8]* @p_str, i32 0, i32 0, [1 x i8]* @p_str, [1 x i8]* @p_str, [1 x i8]* @p_str, i32 2, i32 2, i32 16, i32 16, [1 x i8]* @p_str, [1 x i8]* @p_str)"   --->   Operation 44 'specinterface' <Predicate = true> <Delay = 0.00>
ST_1 : Operation 45 [1/1] (0.00ns)   --->   "call void (...)* @_ssdm_op_SpecInterface(i14* %data_V_data_23_V, [8 x i8]* @ap_fifo_str, i32 0, i32 0, [1 x i8]* @p_str, i32 0, i32 0, [1 x i8]* @p_str, [1 x i8]* @p_str, [1 x i8]* @p_str, i32 2, i32 2, i32 16, i32 16, [1 x i8]* @p_str, [1 x i8]* @p_str)"   --->   Operation 45 'specinterface' <Predicate = true> <Delay = 0.00>
ST_1 : Operation 46 [1/1] (0.00ns)   --->   "call void (...)* @_ssdm_op_SpecInterface(i14* %data_V_data_22_V, [8 x i8]* @ap_fifo_str, i32 0, i32 0, [1 x i8]* @p_str, i32 0, i32 0, [1 x i8]* @p_str, [1 x i8]* @p_str, [1 x i8]* @p_str, i32 2, i32 2, i32 16, i32 16, [1 x i8]* @p_str, [1 x i8]* @p_str)"   --->   Operation 46 'specinterface' <Predicate = true> <Delay = 0.00>
ST_1 : Operation 47 [1/1] (0.00ns)   --->   "call void (...)* @_ssdm_op_SpecInterface(i14* %data_V_data_21_V, [8 x i8]* @ap_fifo_str, i32 0, i32 0, [1 x i8]* @p_str, i32 0, i32 0, [1 x i8]* @p_str, [1 x i8]* @p_str, [1 x i8]* @p_str, i32 2, i32 2, i32 16, i32 16, [1 x i8]* @p_str, [1 x i8]* @p_str)"   --->   Operation 47 'specinterface' <Predicate = true> <Delay = 0.00>
ST_1 : Operation 48 [1/1] (0.00ns)   --->   "call void (...)* @_ssdm_op_SpecInterface(i14* %data_V_data_20_V, [8 x i8]* @ap_fifo_str, i32 0, i32 0, [1 x i8]* @p_str, i32 0, i32 0, [1 x i8]* @p_str, [1 x i8]* @p_str, [1 x i8]* @p_str, i32 2, i32 2, i32 16, i32 16, [1 x i8]* @p_str, [1 x i8]* @p_str)"   --->   Operation 48 'specinterface' <Predicate = true> <Delay = 0.00>
ST_1 : Operation 49 [1/1] (0.00ns)   --->   "call void (...)* @_ssdm_op_SpecInterface(i14* %data_V_data_19_V, [8 x i8]* @ap_fifo_str, i32 0, i32 0, [1 x i8]* @p_str, i32 0, i32 0, [1 x i8]* @p_str, [1 x i8]* @p_str, [1 x i8]* @p_str, i32 2, i32 2, i32 16, i32 16, [1 x i8]* @p_str, [1 x i8]* @p_str)"   --->   Operation 49 'specinterface' <Predicate = true> <Delay = 0.00>
ST_1 : Operation 50 [1/1] (0.00ns)   --->   "call void (...)* @_ssdm_op_SpecInterface(i14* %data_V_data_18_V, [8 x i8]* @ap_fifo_str, i32 0, i32 0, [1 x i8]* @p_str, i32 0, i32 0, [1 x i8]* @p_str, [1 x i8]* @p_str, [1 x i8]* @p_str, i32 2, i32 2, i32 16, i32 16, [1 x i8]* @p_str, [1 x i8]* @p_str)"   --->   Operation 50 'specinterface' <Predicate = true> <Delay = 0.00>
ST_1 : Operation 51 [1/1] (0.00ns)   --->   "call void (...)* @_ssdm_op_SpecInterface(i14* %data_V_data_17_V, [8 x i8]* @ap_fifo_str, i32 0, i32 0, [1 x i8]* @p_str, i32 0, i32 0, [1 x i8]* @p_str, [1 x i8]* @p_str, [1 x i8]* @p_str, i32 2, i32 2, i32 16, i32 16, [1 x i8]* @p_str, [1 x i8]* @p_str)"   --->   Operation 51 'specinterface' <Predicate = true> <Delay = 0.00>
ST_1 : Operation 52 [1/1] (0.00ns)   --->   "call void (...)* @_ssdm_op_SpecInterface(i14* %data_V_data_16_V, [8 x i8]* @ap_fifo_str, i32 0, i32 0, [1 x i8]* @p_str, i32 0, i32 0, [1 x i8]* @p_str, [1 x i8]* @p_str, [1 x i8]* @p_str, i32 2, i32 2, i32 16, i32 16, [1 x i8]* @p_str, [1 x i8]* @p_str)"   --->   Operation 52 'specinterface' <Predicate = true> <Delay = 0.00>
ST_1 : Operation 53 [1/1] (0.00ns)   --->   "call void (...)* @_ssdm_op_SpecInterface(i14* %data_V_data_15_V, [8 x i8]* @ap_fifo_str, i32 0, i32 0, [1 x i8]* @p_str, i32 0, i32 0, [1 x i8]* @p_str, [1 x i8]* @p_str, [1 x i8]* @p_str, i32 2, i32 2, i32 16, i32 16, [1 x i8]* @p_str, [1 x i8]* @p_str)"   --->   Operation 53 'specinterface' <Predicate = true> <Delay = 0.00>
ST_1 : Operation 54 [1/1] (0.00ns)   --->   "call void (...)* @_ssdm_op_SpecInterface(i14* %data_V_data_14_V, [8 x i8]* @ap_fifo_str, i32 0, i32 0, [1 x i8]* @p_str, i32 0, i32 0, [1 x i8]* @p_str, [1 x i8]* @p_str, [1 x i8]* @p_str, i32 2, i32 2, i32 16, i32 16, [1 x i8]* @p_str, [1 x i8]* @p_str)"   --->   Operation 54 'specinterface' <Predicate = true> <Delay = 0.00>
ST_1 : Operation 55 [1/1] (0.00ns)   --->   "call void (...)* @_ssdm_op_SpecInterface(i14* %data_V_data_13_V, [8 x i8]* @ap_fifo_str, i32 0, i32 0, [1 x i8]* @p_str, i32 0, i32 0, [1 x i8]* @p_str, [1 x i8]* @p_str, [1 x i8]* @p_str, i32 2, i32 2, i32 16, i32 16, [1 x i8]* @p_str, [1 x i8]* @p_str)"   --->   Operation 55 'specinterface' <Predicate = true> <Delay = 0.00>
ST_1 : Operation 56 [1/1] (0.00ns)   --->   "call void (...)* @_ssdm_op_SpecInterface(i14* %data_V_data_12_V, [8 x i8]* @ap_fifo_str, i32 0, i32 0, [1 x i8]* @p_str, i32 0, i32 0, [1 x i8]* @p_str, [1 x i8]* @p_str, [1 x i8]* @p_str, i32 2, i32 2, i32 16, i32 16, [1 x i8]* @p_str, [1 x i8]* @p_str)"   --->   Operation 56 'specinterface' <Predicate = true> <Delay = 0.00>
ST_1 : Operation 57 [1/1] (0.00ns)   --->   "call void (...)* @_ssdm_op_SpecInterface(i14* %data_V_data_11_V, [8 x i8]* @ap_fifo_str, i32 0, i32 0, [1 x i8]* @p_str, i32 0, i32 0, [1 x i8]* @p_str, [1 x i8]* @p_str, [1 x i8]* @p_str, i32 2, i32 2, i32 16, i32 16, [1 x i8]* @p_str, [1 x i8]* @p_str)"   --->   Operation 57 'specinterface' <Predicate = true> <Delay = 0.00>
ST_1 : Operation 58 [1/1] (0.00ns)   --->   "call void (...)* @_ssdm_op_SpecInterface(i14* %data_V_data_10_V, [8 x i8]* @ap_fifo_str, i32 0, i32 0, [1 x i8]* @p_str, i32 0, i32 0, [1 x i8]* @p_str, [1 x i8]* @p_str, [1 x i8]* @p_str, i32 2, i32 2, i32 16, i32 16, [1 x i8]* @p_str, [1 x i8]* @p_str)"   --->   Operation 58 'specinterface' <Predicate = true> <Delay = 0.00>
ST_1 : Operation 59 [1/1] (0.00ns)   --->   "call void (...)* @_ssdm_op_SpecInterface(i14* %data_V_data_9_V, [8 x i8]* @ap_fifo_str, i32 0, i32 0, [1 x i8]* @p_str, i32 0, i32 0, [1 x i8]* @p_str, [1 x i8]* @p_str, [1 x i8]* @p_str, i32 2, i32 2, i32 16, i32 16, [1 x i8]* @p_str, [1 x i8]* @p_str)"   --->   Operation 59 'specinterface' <Predicate = true> <Delay = 0.00>
ST_1 : Operation 60 [1/1] (0.00ns)   --->   "call void (...)* @_ssdm_op_SpecInterface(i14* %data_V_data_8_V, [8 x i8]* @ap_fifo_str, i32 0, i32 0, [1 x i8]* @p_str, i32 0, i32 0, [1 x i8]* @p_str, [1 x i8]* @p_str, [1 x i8]* @p_str, i32 2, i32 2, i32 16, i32 16, [1 x i8]* @p_str, [1 x i8]* @p_str)"   --->   Operation 60 'specinterface' <Predicate = true> <Delay = 0.00>
ST_1 : Operation 61 [1/1] (0.00ns)   --->   "call void (...)* @_ssdm_op_SpecInterface(i14* %data_V_data_7_V, [8 x i8]* @ap_fifo_str, i32 0, i32 0, [1 x i8]* @p_str, i32 0, i32 0, [1 x i8]* @p_str, [1 x i8]* @p_str, [1 x i8]* @p_str, i32 2, i32 2, i32 16, i32 16, [1 x i8]* @p_str, [1 x i8]* @p_str)"   --->   Operation 61 'specinterface' <Predicate = true> <Delay = 0.00>
ST_1 : Operation 62 [1/1] (0.00ns)   --->   "call void (...)* @_ssdm_op_SpecInterface(i14* %data_V_data_6_V, [8 x i8]* @ap_fifo_str, i32 0, i32 0, [1 x i8]* @p_str, i32 0, i32 0, [1 x i8]* @p_str, [1 x i8]* @p_str, [1 x i8]* @p_str, i32 2, i32 2, i32 16, i32 16, [1 x i8]* @p_str, [1 x i8]* @p_str)"   --->   Operation 62 'specinterface' <Predicate = true> <Delay = 0.00>
ST_1 : Operation 63 [1/1] (0.00ns)   --->   "call void (...)* @_ssdm_op_SpecInterface(i14* %data_V_data_5_V, [8 x i8]* @ap_fifo_str, i32 0, i32 0, [1 x i8]* @p_str, i32 0, i32 0, [1 x i8]* @p_str, [1 x i8]* @p_str, [1 x i8]* @p_str, i32 2, i32 2, i32 16, i32 16, [1 x i8]* @p_str, [1 x i8]* @p_str)"   --->   Operation 63 'specinterface' <Predicate = true> <Delay = 0.00>
ST_1 : Operation 64 [1/1] (0.00ns)   --->   "call void (...)* @_ssdm_op_SpecInterface(i14* %data_V_data_4_V, [8 x i8]* @ap_fifo_str, i32 0, i32 0, [1 x i8]* @p_str, i32 0, i32 0, [1 x i8]* @p_str, [1 x i8]* @p_str, [1 x i8]* @p_str, i32 2, i32 2, i32 16, i32 16, [1 x i8]* @p_str, [1 x i8]* @p_str)"   --->   Operation 64 'specinterface' <Predicate = true> <Delay = 0.00>
ST_1 : Operation 65 [1/1] (0.00ns)   --->   "call void (...)* @_ssdm_op_SpecInterface(i14* %data_V_data_3_V, [8 x i8]* @ap_fifo_str, i32 0, i32 0, [1 x i8]* @p_str, i32 0, i32 0, [1 x i8]* @p_str, [1 x i8]* @p_str, [1 x i8]* @p_str, i32 2, i32 2, i32 16, i32 16, [1 x i8]* @p_str, [1 x i8]* @p_str)"   --->   Operation 65 'specinterface' <Predicate = true> <Delay = 0.00>
ST_1 : Operation 66 [1/1] (0.00ns)   --->   "call void (...)* @_ssdm_op_SpecInterface(i14* %data_V_data_2_V, [8 x i8]* @ap_fifo_str, i32 0, i32 0, [1 x i8]* @p_str, i32 0, i32 0, [1 x i8]* @p_str, [1 x i8]* @p_str, [1 x i8]* @p_str, i32 2, i32 2, i32 16, i32 16, [1 x i8]* @p_str, [1 x i8]* @p_str)"   --->   Operation 66 'specinterface' <Predicate = true> <Delay = 0.00>
ST_1 : Operation 67 [1/1] (0.00ns)   --->   "call void (...)* @_ssdm_op_SpecInterface(i14* %data_V_data_1_V, [8 x i8]* @ap_fifo_str, i32 0, i32 0, [1 x i8]* @p_str, i32 0, i32 0, [1 x i8]* @p_str, [1 x i8]* @p_str, [1 x i8]* @p_str, i32 2, i32 2, i32 16, i32 16, [1 x i8]* @p_str, [1 x i8]* @p_str)"   --->   Operation 67 'specinterface' <Predicate = true> <Delay = 0.00>
ST_1 : Operation 68 [1/1] (0.00ns)   --->   "call void (...)* @_ssdm_op_SpecInterface(i14* %data_V_data_0_V, [8 x i8]* @ap_fifo_str, i32 0, i32 0, [1 x i8]* @p_str, i32 0, i32 0, [1 x i8]* @p_str, [1 x i8]* @p_str, [1 x i8]* @p_str, i32 2, i32 2, i32 16, i32 16, [1 x i8]* @p_str, [1 x i8]* @p_str)"   --->   Operation 68 'specinterface' <Predicate = true> <Delay = 0.00>
ST_1 : Operation 69 [1/1] (1.76ns)   --->   "br label %1" [firmware/nnet_utils/nnet_activation_stream.h:19]   --->   Operation 69 'br' <Predicate = true> <Delay = 1.76>

State 2 <SV = 1> <Delay = 1.87>
ST_2 : Operation 70 [1/1] (0.00ns)   --->   "%i_0 = phi i7 [ 0, %0 ], [ %i, %LinearActLoop ]"   --->   Operation 70 'phi' 'i_0' <Predicate = true> <Delay = 0.00>
ST_2 : Operation 71 [1/1] (1.48ns)   --->   "%icmp_ln19 = icmp eq i7 %i_0, -64" [firmware/nnet_utils/nnet_activation_stream.h:19]   --->   Operation 71 'icmp' 'icmp_ln19' <Predicate = true> <Delay = 1.48> <Core = "Cmp">   --->   Core 25 'Cmp' <Latency = 0> <II = 1> <Delay = 1.48> <FuncUnit> <Opcode : 'icmp'> <InPorts = 2> <OutPorts = 1>
ST_2 : Operation 72 [1/1] (0.00ns)   --->   "%empty = call i32 (...)* @_ssdm_op_SpecLoopTripCount(i64 64, i64 64, i64 64)"   --->   Operation 72 'speclooptripcount' 'empty' <Predicate = true> <Delay = 0.00>
ST_2 : Operation 73 [1/1] (1.87ns)   --->   "%i = add i7 %i_0, 1" [firmware/nnet_utils/nnet_activation_stream.h:19]   --->   Operation 73 'add' 'i' <Predicate = true> <Delay = 1.87> <Core = "AddSub">   --->   Core 14 'AddSub' <Latency = 0> <II = 1> <Delay = 1.87> <FuncUnit> <Opcode : 'add' 'sub'> <InPorts = 2> <OutPorts = 1>
ST_2 : Operation 74 [1/1] (0.00ns)   --->   "br i1 %icmp_ln19, label %2, label %LinearActLoop" [firmware/nnet_utils/nnet_activation_stream.h:19]   --->   Operation 74 'br' <Predicate = true> <Delay = 0.00>

State 3 <SV = 2> <Delay = 7.26>
ST_3 : Operation 75 [1/1] (0.00ns)   --->   "call void (...)* @_ssdm_op_SpecLoopName([14 x i8]* @p_str24) nounwind" [firmware/nnet_utils/nnet_activation_stream.h:19]   --->   Operation 75 'specloopname' <Predicate = (!icmp_ln19)> <Delay = 0.00>
ST_3 : Operation 76 [1/1] (0.00ns)   --->   "%tmp = call i32 (...)* @_ssdm_op_SpecRegionBegin([14 x i8]* @p_str24)" [firmware/nnet_utils/nnet_activation_stream.h:19]   --->   Operation 76 'specregionbegin' 'tmp' <Predicate = (!icmp_ln19)> <Delay = 0.00>
ST_3 : Operation 77 [1/1] (0.00ns)   --->   "call void (...)* @_ssdm_op_SpecPipeline(i32 -1, i32 1, i32 1, i32 0, [1 x i8]* @p_str13) nounwind" [firmware/nnet_utils/nnet_activation_stream.h:20]   --->   Operation 77 'specpipeline' <Predicate = (!icmp_ln19)> <Delay = 0.00>
ST_3 : Operation 78 [1/1] (3.63ns)   --->   "%empty_353 = call { i14, i14, i14, i14, i14, i14, i14, i14, i14, i14, i14, i14, i14, i14, i14, i14, i14, i14, i14, i14, i14, i14, i14, i14, i14, i14, i14, i14, i14, i14, i14, i14 } @_ssdm_op_Read.ap_fifo.volatile.i14P.i14P.i14P.i14P.i14P.i14P.i14P.i14P.i14P.i14P.i14P.i14P.i14P.i14P.i14P.i14P.i14P.i14P.i14P.i14P.i14P.i14P.i14P.i14P.i14P.i14P.i14P.i14P.i14P.i14P.i14P.i14P(i14* %data_V_data_0_V, i14* %data_V_data_1_V, i14* %data_V_data_2_V, i14* %data_V_data_3_V, i14* %data_V_data_4_V, i14* %data_V_data_5_V, i14* %data_V_data_6_V, i14* %data_V_data_7_V, i14* %data_V_data_8_V, i14* %data_V_data_9_V, i14* %data_V_data_10_V, i14* %data_V_data_11_V, i14* %data_V_data_12_V, i14* %data_V_data_13_V, i14* %data_V_data_14_V, i14* %data_V_data_15_V, i14* %data_V_data_16_V, i14* %data_V_data_17_V, i14* %data_V_data_18_V, i14* %data_V_data_19_V, i14* %data_V_data_20_V, i14* %data_V_data_21_V, i14* %data_V_data_22_V, i14* %data_V_data_23_V, i14* %data_V_data_24_V, i14* %data_V_data_25_V, i14* %data_V_data_26_V, i14* %data_V_data_27_V, i14* %data_V_data_28_V, i14* %data_V_data_29_V, i14* %data_V_data_30_V, i14* %data_V_data_31_V)" [firmware/nnet_utils/nnet_activation_stream.h:22]   --->   Operation 78 'read' 'empty_353' <Predicate = (!icmp_ln19)> <Delay = 3.63> <Core = "FIFO">   --->   Core 32 'FIFO' <Latency = 0> <II = 1> <Delay = 3.63> <Storage> <Opcode : 'read' 'write' 'nbread' 'nbwrite'> <Ports = 0> <Width = 14> <Depth = 1> <FIFO>
ST_3 : Operation 79 [1/1] (0.00ns)   --->   "%tmp_data_V_0 = extractvalue { i14, i14, i14, i14, i14, i14, i14, i14, i14, i14, i14, i14, i14, i14, i14, i14, i14, i14, i14, i14, i14, i14, i14, i14, i14, i14, i14, i14, i14, i14, i14, i14 } %empty_353, 0" [firmware/nnet_utils/nnet_activation_stream.h:22]   --->   Operation 79 'extractvalue' 'tmp_data_V_0' <Predicate = (!icmp_ln19)> <Delay = 0.00>
ST_3 : Operation 80 [1/1] (0.00ns)   --->   "%tmp_data_V_1 = extractvalue { i14, i14, i14, i14, i14, i14, i14, i14, i14, i14, i14, i14, i14, i14, i14, i14, i14, i14, i14, i14, i14, i14, i14, i14, i14, i14, i14, i14, i14, i14, i14, i14 } %empty_353, 1" [firmware/nnet_utils/nnet_activation_stream.h:22]   --->   Operation 80 'extractvalue' 'tmp_data_V_1' <Predicate = (!icmp_ln19)> <Delay = 0.00>
ST_3 : Operation 81 [1/1] (0.00ns)   --->   "%tmp_data_V_2 = extractvalue { i14, i14, i14, i14, i14, i14, i14, i14, i14, i14, i14, i14, i14, i14, i14, i14, i14, i14, i14, i14, i14, i14, i14, i14, i14, i14, i14, i14, i14, i14, i14, i14 } %empty_353, 2" [firmware/nnet_utils/nnet_activation_stream.h:22]   --->   Operation 81 'extractvalue' 'tmp_data_V_2' <Predicate = (!icmp_ln19)> <Delay = 0.00>
ST_3 : Operation 82 [1/1] (0.00ns)   --->   "%tmp_data_V_3 = extractvalue { i14, i14, i14, i14, i14, i14, i14, i14, i14, i14, i14, i14, i14, i14, i14, i14, i14, i14, i14, i14, i14, i14, i14, i14, i14, i14, i14, i14, i14, i14, i14, i14 } %empty_353, 3" [firmware/nnet_utils/nnet_activation_stream.h:22]   --->   Operation 82 'extractvalue' 'tmp_data_V_3' <Predicate = (!icmp_ln19)> <Delay = 0.00>
ST_3 : Operation 83 [1/1] (0.00ns)   --->   "%tmp_data_V_4 = extractvalue { i14, i14, i14, i14, i14, i14, i14, i14, i14, i14, i14, i14, i14, i14, i14, i14, i14, i14, i14, i14, i14, i14, i14, i14, i14, i14, i14, i14, i14, i14, i14, i14 } %empty_353, 4" [firmware/nnet_utils/nnet_activation_stream.h:22]   --->   Operation 83 'extractvalue' 'tmp_data_V_4' <Predicate = (!icmp_ln19)> <Delay = 0.00>
ST_3 : Operation 84 [1/1] (0.00ns)   --->   "%tmp_data_V_5 = extractvalue { i14, i14, i14, i14, i14, i14, i14, i14, i14, i14, i14, i14, i14, i14, i14, i14, i14, i14, i14, i14, i14, i14, i14, i14, i14, i14, i14, i14, i14, i14, i14, i14 } %empty_353, 5" [firmware/nnet_utils/nnet_activation_stream.h:22]   --->   Operation 84 'extractvalue' 'tmp_data_V_5' <Predicate = (!icmp_ln19)> <Delay = 0.00>
ST_3 : Operation 85 [1/1] (0.00ns)   --->   "%tmp_data_V_6 = extractvalue { i14, i14, i14, i14, i14, i14, i14, i14, i14, i14, i14, i14, i14, i14, i14, i14, i14, i14, i14, i14, i14, i14, i14, i14, i14, i14, i14, i14, i14, i14, i14, i14 } %empty_353, 6" [firmware/nnet_utils/nnet_activation_stream.h:22]   --->   Operation 85 'extractvalue' 'tmp_data_V_6' <Predicate = (!icmp_ln19)> <Delay = 0.00>
ST_3 : Operation 86 [1/1] (0.00ns)   --->   "%tmp_data_V_7 = extractvalue { i14, i14, i14, i14, i14, i14, i14, i14, i14, i14, i14, i14, i14, i14, i14, i14, i14, i14, i14, i14, i14, i14, i14, i14, i14, i14, i14, i14, i14, i14, i14, i14 } %empty_353, 7" [firmware/nnet_utils/nnet_activation_stream.h:22]   --->   Operation 86 'extractvalue' 'tmp_data_V_7' <Predicate = (!icmp_ln19)> <Delay = 0.00>
ST_3 : Operation 87 [1/1] (0.00ns)   --->   "%tmp_data_V_8 = extractvalue { i14, i14, i14, i14, i14, i14, i14, i14, i14, i14, i14, i14, i14, i14, i14, i14, i14, i14, i14, i14, i14, i14, i14, i14, i14, i14, i14, i14, i14, i14, i14, i14 } %empty_353, 8" [firmware/nnet_utils/nnet_activation_stream.h:22]   --->   Operation 87 'extractvalue' 'tmp_data_V_8' <Predicate = (!icmp_ln19)> <Delay = 0.00>
ST_3 : Operation 88 [1/1] (0.00ns)   --->   "%tmp_data_V_9 = extractvalue { i14, i14, i14, i14, i14, i14, i14, i14, i14, i14, i14, i14, i14, i14, i14, i14, i14, i14, i14, i14, i14, i14, i14, i14, i14, i14, i14, i14, i14, i14, i14, i14 } %empty_353, 9" [firmware/nnet_utils/nnet_activation_stream.h:22]   --->   Operation 88 'extractvalue' 'tmp_data_V_9' <Predicate = (!icmp_ln19)> <Delay = 0.00>
ST_3 : Operation 89 [1/1] (0.00ns)   --->   "%tmp_data_V_10 = extractvalue { i14, i14, i14, i14, i14, i14, i14, i14, i14, i14, i14, i14, i14, i14, i14, i14, i14, i14, i14, i14, i14, i14, i14, i14, i14, i14, i14, i14, i14, i14, i14, i14 } %empty_353, 10" [firmware/nnet_utils/nnet_activation_stream.h:22]   --->   Operation 89 'extractvalue' 'tmp_data_V_10' <Predicate = (!icmp_ln19)> <Delay = 0.00>
ST_3 : Operation 90 [1/1] (0.00ns)   --->   "%tmp_data_V_11 = extractvalue { i14, i14, i14, i14, i14, i14, i14, i14, i14, i14, i14, i14, i14, i14, i14, i14, i14, i14, i14, i14, i14, i14, i14, i14, i14, i14, i14, i14, i14, i14, i14, i14 } %empty_353, 11" [firmware/nnet_utils/nnet_activation_stream.h:22]   --->   Operation 90 'extractvalue' 'tmp_data_V_11' <Predicate = (!icmp_ln19)> <Delay = 0.00>
ST_3 : Operation 91 [1/1] (0.00ns)   --->   "%tmp_data_V_12 = extractvalue { i14, i14, i14, i14, i14, i14, i14, i14, i14, i14, i14, i14, i14, i14, i14, i14, i14, i14, i14, i14, i14, i14, i14, i14, i14, i14, i14, i14, i14, i14, i14, i14 } %empty_353, 12" [firmware/nnet_utils/nnet_activation_stream.h:22]   --->   Operation 91 'extractvalue' 'tmp_data_V_12' <Predicate = (!icmp_ln19)> <Delay = 0.00>
ST_3 : Operation 92 [1/1] (0.00ns)   --->   "%tmp_data_V_13 = extractvalue { i14, i14, i14, i14, i14, i14, i14, i14, i14, i14, i14, i14, i14, i14, i14, i14, i14, i14, i14, i14, i14, i14, i14, i14, i14, i14, i14, i14, i14, i14, i14, i14 } %empty_353, 13" [firmware/nnet_utils/nnet_activation_stream.h:22]   --->   Operation 92 'extractvalue' 'tmp_data_V_13' <Predicate = (!icmp_ln19)> <Delay = 0.00>
ST_3 : Operation 93 [1/1] (0.00ns)   --->   "%tmp_data_V_1437 = extractvalue { i14, i14, i14, i14, i14, i14, i14, i14, i14, i14, i14, i14, i14, i14, i14, i14, i14, i14, i14, i14, i14, i14, i14, i14, i14, i14, i14, i14, i14, i14, i14, i14 } %empty_353, 14" [firmware/nnet_utils/nnet_activation_stream.h:22]   --->   Operation 93 'extractvalue' 'tmp_data_V_1437' <Predicate = (!icmp_ln19)> <Delay = 0.00>
ST_3 : Operation 94 [1/1] (0.00ns)   --->   "%tmp_data_V_15 = extractvalue { i14, i14, i14, i14, i14, i14, i14, i14, i14, i14, i14, i14, i14, i14, i14, i14, i14, i14, i14, i14, i14, i14, i14, i14, i14, i14, i14, i14, i14, i14, i14, i14 } %empty_353, 15" [firmware/nnet_utils/nnet_activation_stream.h:22]   --->   Operation 94 'extractvalue' 'tmp_data_V_15' <Predicate = (!icmp_ln19)> <Delay = 0.00>
ST_3 : Operation 95 [1/1] (0.00ns)   --->   "%tmp_data_V_16 = extractvalue { i14, i14, i14, i14, i14, i14, i14, i14, i14, i14, i14, i14, i14, i14, i14, i14, i14, i14, i14, i14, i14, i14, i14, i14, i14, i14, i14, i14, i14, i14, i14, i14 } %empty_353, 16" [firmware/nnet_utils/nnet_activation_stream.h:22]   --->   Operation 95 'extractvalue' 'tmp_data_V_16' <Predicate = (!icmp_ln19)> <Delay = 0.00>
ST_3 : Operation 96 [1/1] (0.00ns)   --->   "%tmp_data_V_17 = extractvalue { i14, i14, i14, i14, i14, i14, i14, i14, i14, i14, i14, i14, i14, i14, i14, i14, i14, i14, i14, i14, i14, i14, i14, i14, i14, i14, i14, i14, i14, i14, i14, i14 } %empty_353, 17" [firmware/nnet_utils/nnet_activation_stream.h:22]   --->   Operation 96 'extractvalue' 'tmp_data_V_17' <Predicate = (!icmp_ln19)> <Delay = 0.00>
ST_3 : Operation 97 [1/1] (0.00ns)   --->   "%tmp_data_V_18 = extractvalue { i14, i14, i14, i14, i14, i14, i14, i14, i14, i14, i14, i14, i14, i14, i14, i14, i14, i14, i14, i14, i14, i14, i14, i14, i14, i14, i14, i14, i14, i14, i14, i14 } %empty_353, 18" [firmware/nnet_utils/nnet_activation_stream.h:22]   --->   Operation 97 'extractvalue' 'tmp_data_V_18' <Predicate = (!icmp_ln19)> <Delay = 0.00>
ST_3 : Operation 98 [1/1] (0.00ns)   --->   "%tmp_data_V_19 = extractvalue { i14, i14, i14, i14, i14, i14, i14, i14, i14, i14, i14, i14, i14, i14, i14, i14, i14, i14, i14, i14, i14, i14, i14, i14, i14, i14, i14, i14, i14, i14, i14, i14 } %empty_353, 19" [firmware/nnet_utils/nnet_activation_stream.h:22]   --->   Operation 98 'extractvalue' 'tmp_data_V_19' <Predicate = (!icmp_ln19)> <Delay = 0.00>
ST_3 : Operation 99 [1/1] (0.00ns)   --->   "%tmp_data_V_20 = extractvalue { i14, i14, i14, i14, i14, i14, i14, i14, i14, i14, i14, i14, i14, i14, i14, i14, i14, i14, i14, i14, i14, i14, i14, i14, i14, i14, i14, i14, i14, i14, i14, i14 } %empty_353, 20" [firmware/nnet_utils/nnet_activation_stream.h:22]   --->   Operation 99 'extractvalue' 'tmp_data_V_20' <Predicate = (!icmp_ln19)> <Delay = 0.00>
ST_3 : Operation 100 [1/1] (0.00ns)   --->   "%tmp_data_V_21 = extractvalue { i14, i14, i14, i14, i14, i14, i14, i14, i14, i14, i14, i14, i14, i14, i14, i14, i14, i14, i14, i14, i14, i14, i14, i14, i14, i14, i14, i14, i14, i14, i14, i14 } %empty_353, 21" [firmware/nnet_utils/nnet_activation_stream.h:22]   --->   Operation 100 'extractvalue' 'tmp_data_V_21' <Predicate = (!icmp_ln19)> <Delay = 0.00>
ST_3 : Operation 101 [1/1] (0.00ns)   --->   "%tmp_data_V_22 = extractvalue { i14, i14, i14, i14, i14, i14, i14, i14, i14, i14, i14, i14, i14, i14, i14, i14, i14, i14, i14, i14, i14, i14, i14, i14, i14, i14, i14, i14, i14, i14, i14, i14 } %empty_353, 22" [firmware/nnet_utils/nnet_activation_stream.h:22]   --->   Operation 101 'extractvalue' 'tmp_data_V_22' <Predicate = (!icmp_ln19)> <Delay = 0.00>
ST_3 : Operation 102 [1/1] (0.00ns)   --->   "%tmp_data_V_23 = extractvalue { i14, i14, i14, i14, i14, i14, i14, i14, i14, i14, i14, i14, i14, i14, i14, i14, i14, i14, i14, i14, i14, i14, i14, i14, i14, i14, i14, i14, i14, i14, i14, i14 } %empty_353, 23" [firmware/nnet_utils/nnet_activation_stream.h:22]   --->   Operation 102 'extractvalue' 'tmp_data_V_23' <Predicate = (!icmp_ln19)> <Delay = 0.00>
ST_3 : Operation 103 [1/1] (0.00ns)   --->   "%tmp_data_V_24 = extractvalue { i14, i14, i14, i14, i14, i14, i14, i14, i14, i14, i14, i14, i14, i14, i14, i14, i14, i14, i14, i14, i14, i14, i14, i14, i14, i14, i14, i14, i14, i14, i14, i14 } %empty_353, 24" [firmware/nnet_utils/nnet_activation_stream.h:22]   --->   Operation 103 'extractvalue' 'tmp_data_V_24' <Predicate = (!icmp_ln19)> <Delay = 0.00>
ST_3 : Operation 104 [1/1] (0.00ns)   --->   "%tmp_data_V_25 = extractvalue { i14, i14, i14, i14, i14, i14, i14, i14, i14, i14, i14, i14, i14, i14, i14, i14, i14, i14, i14, i14, i14, i14, i14, i14, i14, i14, i14, i14, i14, i14, i14, i14 } %empty_353, 25" [firmware/nnet_utils/nnet_activation_stream.h:22]   --->   Operation 104 'extractvalue' 'tmp_data_V_25' <Predicate = (!icmp_ln19)> <Delay = 0.00>
ST_3 : Operation 105 [1/1] (0.00ns)   --->   "%tmp_data_V_26 = extractvalue { i14, i14, i14, i14, i14, i14, i14, i14, i14, i14, i14, i14, i14, i14, i14, i14, i14, i14, i14, i14, i14, i14, i14, i14, i14, i14, i14, i14, i14, i14, i14, i14 } %empty_353, 26" [firmware/nnet_utils/nnet_activation_stream.h:22]   --->   Operation 105 'extractvalue' 'tmp_data_V_26' <Predicate = (!icmp_ln19)> <Delay = 0.00>
ST_3 : Operation 106 [1/1] (0.00ns)   --->   "%tmp_data_V_27 = extractvalue { i14, i14, i14, i14, i14, i14, i14, i14, i14, i14, i14, i14, i14, i14, i14, i14, i14, i14, i14, i14, i14, i14, i14, i14, i14, i14, i14, i14, i14, i14, i14, i14 } %empty_353, 27" [firmware/nnet_utils/nnet_activation_stream.h:22]   --->   Operation 106 'extractvalue' 'tmp_data_V_27' <Predicate = (!icmp_ln19)> <Delay = 0.00>
ST_3 : Operation 107 [1/1] (0.00ns)   --->   "%tmp_data_V_28 = extractvalue { i14, i14, i14, i14, i14, i14, i14, i14, i14, i14, i14, i14, i14, i14, i14, i14, i14, i14, i14, i14, i14, i14, i14, i14, i14, i14, i14, i14, i14, i14, i14, i14 } %empty_353, 28" [firmware/nnet_utils/nnet_activation_stream.h:22]   --->   Operation 107 'extractvalue' 'tmp_data_V_28' <Predicate = (!icmp_ln19)> <Delay = 0.00>
ST_3 : Operation 108 [1/1] (0.00ns)   --->   "%tmp_data_V_29 = extractvalue { i14, i14, i14, i14, i14, i14, i14, i14, i14, i14, i14, i14, i14, i14, i14, i14, i14, i14, i14, i14, i14, i14, i14, i14, i14, i14, i14, i14, i14, i14, i14, i14 } %empty_353, 29" [firmware/nnet_utils/nnet_activation_stream.h:22]   --->   Operation 108 'extractvalue' 'tmp_data_V_29' <Predicate = (!icmp_ln19)> <Delay = 0.00>
ST_3 : Operation 109 [1/1] (0.00ns)   --->   "%tmp_data_V_30 = extractvalue { i14, i14, i14, i14, i14, i14, i14, i14, i14, i14, i14, i14, i14, i14, i14, i14, i14, i14, i14, i14, i14, i14, i14, i14, i14, i14, i14, i14, i14, i14, i14, i14 } %empty_353, 30" [firmware/nnet_utils/nnet_activation_stream.h:22]   --->   Operation 109 'extractvalue' 'tmp_data_V_30' <Predicate = (!icmp_ln19)> <Delay = 0.00>
ST_3 : Operation 110 [1/1] (0.00ns)   --->   "%tmp_data_V_31 = extractvalue { i14, i14, i14, i14, i14, i14, i14, i14, i14, i14, i14, i14, i14, i14, i14, i14, i14, i14, i14, i14, i14, i14, i14, i14, i14, i14, i14, i14, i14, i14, i14, i14 } %empty_353, 31" [firmware/nnet_utils/nnet_activation_stream.h:22]   --->   Operation 110 'extractvalue' 'tmp_data_V_31' <Predicate = (!icmp_ln19)> <Delay = 0.00>
ST_3 : Operation 111 [1/1] (0.00ns)   --->   "%tmp_data_0_V = shl i14 %tmp_data_V_0, 2" [firmware/nnet_utils/nnet_activation_stream.h:29]   --->   Operation 111 'shl' 'tmp_data_0_V' <Predicate = (!icmp_ln19)> <Delay = 0.00>
ST_3 : Operation 112 [1/1] (0.00ns)   --->   "%tmp_data_1_V = shl i14 %tmp_data_V_1, 2" [firmware/nnet_utils/nnet_activation_stream.h:29]   --->   Operation 112 'shl' 'tmp_data_1_V' <Predicate = (!icmp_ln19)> <Delay = 0.00>
ST_3 : Operation 113 [1/1] (0.00ns)   --->   "%tmp_data_2_V = shl i14 %tmp_data_V_2, 2" [firmware/nnet_utils/nnet_activation_stream.h:29]   --->   Operation 113 'shl' 'tmp_data_2_V' <Predicate = (!icmp_ln19)> <Delay = 0.00>
ST_3 : Operation 114 [1/1] (0.00ns)   --->   "%tmp_data_3_V = shl i14 %tmp_data_V_3, 2" [firmware/nnet_utils/nnet_activation_stream.h:29]   --->   Operation 114 'shl' 'tmp_data_3_V' <Predicate = (!icmp_ln19)> <Delay = 0.00>
ST_3 : Operation 115 [1/1] (0.00ns)   --->   "%tmp_data_4_V = shl i14 %tmp_data_V_4, 2" [firmware/nnet_utils/nnet_activation_stream.h:29]   --->   Operation 115 'shl' 'tmp_data_4_V' <Predicate = (!icmp_ln19)> <Delay = 0.00>
ST_3 : Operation 116 [1/1] (0.00ns)   --->   "%tmp_data_5_V = shl i14 %tmp_data_V_5, 2" [firmware/nnet_utils/nnet_activation_stream.h:29]   --->   Operation 116 'shl' 'tmp_data_5_V' <Predicate = (!icmp_ln19)> <Delay = 0.00>
ST_3 : Operation 117 [1/1] (0.00ns)   --->   "%tmp_data_6_V = shl i14 %tmp_data_V_6, 2" [firmware/nnet_utils/nnet_activation_stream.h:29]   --->   Operation 117 'shl' 'tmp_data_6_V' <Predicate = (!icmp_ln19)> <Delay = 0.00>
ST_3 : Operation 118 [1/1] (0.00ns)   --->   "%tmp_data_7_V = shl i14 %tmp_data_V_7, 2" [firmware/nnet_utils/nnet_activation_stream.h:29]   --->   Operation 118 'shl' 'tmp_data_7_V' <Predicate = (!icmp_ln19)> <Delay = 0.00>
ST_3 : Operation 119 [1/1] (0.00ns)   --->   "%tmp_data_8_V = shl i14 %tmp_data_V_8, 2" [firmware/nnet_utils/nnet_activation_stream.h:29]   --->   Operation 119 'shl' 'tmp_data_8_V' <Predicate = (!icmp_ln19)> <Delay = 0.00>
ST_3 : Operation 120 [1/1] (0.00ns)   --->   "%tmp_data_9_V = shl i14 %tmp_data_V_9, 2" [firmware/nnet_utils/nnet_activation_stream.h:29]   --->   Operation 120 'shl' 'tmp_data_9_V' <Predicate = (!icmp_ln19)> <Delay = 0.00>
ST_3 : Operation 121 [1/1] (0.00ns)   --->   "%tmp_data_10_V = shl i14 %tmp_data_V_10, 2" [firmware/nnet_utils/nnet_activation_stream.h:29]   --->   Operation 121 'shl' 'tmp_data_10_V' <Predicate = (!icmp_ln19)> <Delay = 0.00>
ST_3 : Operation 122 [1/1] (0.00ns)   --->   "%tmp_data_11_V = shl i14 %tmp_data_V_11, 2" [firmware/nnet_utils/nnet_activation_stream.h:29]   --->   Operation 122 'shl' 'tmp_data_11_V' <Predicate = (!icmp_ln19)> <Delay = 0.00>
ST_3 : Operation 123 [1/1] (0.00ns)   --->   "%tmp_data_12_V = shl i14 %tmp_data_V_12, 2" [firmware/nnet_utils/nnet_activation_stream.h:29]   --->   Operation 123 'shl' 'tmp_data_12_V' <Predicate = (!icmp_ln19)> <Delay = 0.00>
ST_3 : Operation 124 [1/1] (0.00ns)   --->   "%tmp_data_13_V = shl i14 %tmp_data_V_13, 2" [firmware/nnet_utils/nnet_activation_stream.h:29]   --->   Operation 124 'shl' 'tmp_data_13_V' <Predicate = (!icmp_ln19)> <Delay = 0.00>
ST_3 : Operation 125 [1/1] (0.00ns)   --->   "%tmp_data_14_V = shl i14 %tmp_data_V_1437, 2" [firmware/nnet_utils/nnet_activation_stream.h:29]   --->   Operation 125 'shl' 'tmp_data_14_V' <Predicate = (!icmp_ln19)> <Delay = 0.00>
ST_3 : Operation 126 [1/1] (0.00ns)   --->   "%tmp_data_15_V = shl i14 %tmp_data_V_15, 2" [firmware/nnet_utils/nnet_activation_stream.h:29]   --->   Operation 126 'shl' 'tmp_data_15_V' <Predicate = (!icmp_ln19)> <Delay = 0.00>
ST_3 : Operation 127 [1/1] (0.00ns)   --->   "%tmp_data_16_V = shl i14 %tmp_data_V_16, 2" [firmware/nnet_utils/nnet_activation_stream.h:29]   --->   Operation 127 'shl' 'tmp_data_16_V' <Predicate = (!icmp_ln19)> <Delay = 0.00>
ST_3 : Operation 128 [1/1] (0.00ns)   --->   "%tmp_data_17_V = shl i14 %tmp_data_V_17, 2" [firmware/nnet_utils/nnet_activation_stream.h:29]   --->   Operation 128 'shl' 'tmp_data_17_V' <Predicate = (!icmp_ln19)> <Delay = 0.00>
ST_3 : Operation 129 [1/1] (0.00ns)   --->   "%tmp_data_18_V = shl i14 %tmp_data_V_18, 2" [firmware/nnet_utils/nnet_activation_stream.h:29]   --->   Operation 129 'shl' 'tmp_data_18_V' <Predicate = (!icmp_ln19)> <Delay = 0.00>
ST_3 : Operation 130 [1/1] (0.00ns)   --->   "%tmp_data_19_V = shl i14 %tmp_data_V_19, 2" [firmware/nnet_utils/nnet_activation_stream.h:29]   --->   Operation 130 'shl' 'tmp_data_19_V' <Predicate = (!icmp_ln19)> <Delay = 0.00>
ST_3 : Operation 131 [1/1] (0.00ns)   --->   "%tmp_data_20_V = shl i14 %tmp_data_V_20, 2" [firmware/nnet_utils/nnet_activation_stream.h:29]   --->   Operation 131 'shl' 'tmp_data_20_V' <Predicate = (!icmp_ln19)> <Delay = 0.00>
ST_3 : Operation 132 [1/1] (0.00ns)   --->   "%tmp_data_21_V = shl i14 %tmp_data_V_21, 2" [firmware/nnet_utils/nnet_activation_stream.h:29]   --->   Operation 132 'shl' 'tmp_data_21_V' <Predicate = (!icmp_ln19)> <Delay = 0.00>
ST_3 : Operation 133 [1/1] (0.00ns)   --->   "%tmp_data_22_V = shl i14 %tmp_data_V_22, 2" [firmware/nnet_utils/nnet_activation_stream.h:29]   --->   Operation 133 'shl' 'tmp_data_22_V' <Predicate = (!icmp_ln19)> <Delay = 0.00>
ST_3 : Operation 134 [1/1] (0.00ns)   --->   "%tmp_data_23_V = shl i14 %tmp_data_V_23, 2" [firmware/nnet_utils/nnet_activation_stream.h:29]   --->   Operation 134 'shl' 'tmp_data_23_V' <Predicate = (!icmp_ln19)> <Delay = 0.00>
ST_3 : Operation 135 [1/1] (0.00ns)   --->   "%tmp_data_24_V = shl i14 %tmp_data_V_24, 2" [firmware/nnet_utils/nnet_activation_stream.h:29]   --->   Operation 135 'shl' 'tmp_data_24_V' <Predicate = (!icmp_ln19)> <Delay = 0.00>
ST_3 : Operation 136 [1/1] (0.00ns)   --->   "%tmp_data_25_V = shl i14 %tmp_data_V_25, 2" [firmware/nnet_utils/nnet_activation_stream.h:29]   --->   Operation 136 'shl' 'tmp_data_25_V' <Predicate = (!icmp_ln19)> <Delay = 0.00>
ST_3 : Operation 137 [1/1] (0.00ns)   --->   "%tmp_data_26_V = shl i14 %tmp_data_V_26, 2" [firmware/nnet_utils/nnet_activation_stream.h:29]   --->   Operation 137 'shl' 'tmp_data_26_V' <Predicate = (!icmp_ln19)> <Delay = 0.00>
ST_3 : Operation 138 [1/1] (0.00ns)   --->   "%tmp_data_27_V = shl i14 %tmp_data_V_27, 2" [firmware/nnet_utils/nnet_activation_stream.h:29]   --->   Operation 138 'shl' 'tmp_data_27_V' <Predicate = (!icmp_ln19)> <Delay = 0.00>
ST_3 : Operation 139 [1/1] (0.00ns)   --->   "%tmp_data_28_V = shl i14 %tmp_data_V_28, 2" [firmware/nnet_utils/nnet_activation_stream.h:29]   --->   Operation 139 'shl' 'tmp_data_28_V' <Predicate = (!icmp_ln19)> <Delay = 0.00>
ST_3 : Operation 140 [1/1] (0.00ns)   --->   "%tmp_data_29_V = shl i14 %tmp_data_V_29, 2" [firmware/nnet_utils/nnet_activation_stream.h:29]   --->   Operation 140 'shl' 'tmp_data_29_V' <Predicate = (!icmp_ln19)> <Delay = 0.00>
ST_3 : Operation 141 [1/1] (0.00ns)   --->   "%tmp_data_30_V = shl i14 %tmp_data_V_30, 2" [firmware/nnet_utils/nnet_activation_stream.h:29]   --->   Operation 141 'shl' 'tmp_data_30_V' <Predicate = (!icmp_ln19)> <Delay = 0.00>
ST_3 : Operation 142 [1/1] (0.00ns)   --->   "%tmp_data_31_V = shl i14 %tmp_data_V_31, 2" [firmware/nnet_utils/nnet_activation_stream.h:29]   --->   Operation 142 'shl' 'tmp_data_31_V' <Predicate = (!icmp_ln19)> <Delay = 0.00>
ST_3 : Operation 143 [1/1] (3.63ns)   --->   "call void @_ssdm_op_Write.ap_fifo.volatile.i14P.i14P.i14P.i14P.i14P.i14P.i14P.i14P.i14P.i14P.i14P.i14P.i14P.i14P.i14P.i14P.i14P.i14P.i14P.i14P.i14P.i14P.i14P.i14P.i14P.i14P.i14P.i14P.i14P.i14P.i14P.i14P(i14* %res_V_data_0_V, i14* %res_V_data_1_V, i14* %res_V_data_2_V, i14* %res_V_data_3_V, i14* %res_V_data_4_V, i14* %res_V_data_5_V, i14* %res_V_data_6_V, i14* %res_V_data_7_V, i14* %res_V_data_8_V, i14* %res_V_data_9_V, i14* %res_V_data_10_V, i14* %res_V_data_11_V, i14* %res_V_data_12_V, i14* %res_V_data_13_V, i14* %res_V_data_14_V, i14* %res_V_data_15_V, i14* %res_V_data_16_V, i14* %res_V_data_17_V, i14* %res_V_data_18_V, i14* %res_V_data_19_V, i14* %res_V_data_20_V, i14* %res_V_data_21_V, i14* %res_V_data_22_V, i14* %res_V_data_23_V, i14* %res_V_data_24_V, i14* %res_V_data_25_V, i14* %res_V_data_26_V, i14* %res_V_data_27_V, i14* %res_V_data_28_V, i14* %res_V_data_29_V, i14* %res_V_data_30_V, i14* %res_V_data_31_V, i14 %tmp_data_0_V, i14 %tmp_data_1_V, i14 %tmp_data_2_V, i14 %tmp_data_3_V, i14 %tmp_data_4_V, i14 %tmp_data_5_V, i14 %tmp_data_6_V, i14 %tmp_data_7_V, i14 %tmp_data_8_V, i14 %tmp_data_9_V, i14 %tmp_data_10_V, i14 %tmp_data_11_V, i14 %tmp_data_12_V, i14 %tmp_data_13_V, i14 %tmp_data_14_V, i14 %tmp_data_15_V, i14 %tmp_data_16_V, i14 %tmp_data_17_V, i14 %tmp_data_18_V, i14 %tmp_data_19_V, i14 %tmp_data_20_V, i14 %tmp_data_21_V, i14 %tmp_data_22_V, i14 %tmp_data_23_V, i14 %tmp_data_24_V, i14 %tmp_data_25_V, i14 %tmp_data_26_V, i14 %tmp_data_27_V, i14 %tmp_data_28_V, i14 %tmp_data_29_V, i14 %tmp_data_30_V, i14 %tmp_data_31_V)" [firmware/nnet_utils/nnet_activation_stream.h:32]   --->   Operation 143 'write' <Predicate = (!icmp_ln19)> <Delay = 3.63> <Core = "FIFO">   --->   Core 32 'FIFO' <Latency = 0> <II = 1> <Delay = 3.63> <Storage> <Opcode : 'read' 'write' 'nbread' 'nbwrite'> <Ports = 0> <Width = 14> <Depth = 1> <FIFO>
ST_3 : Operation 144 [1/1] (0.00ns)   --->   "%empty_354 = call i32 (...)* @_ssdm_op_SpecRegionEnd([14 x i8]* @p_str24, i32 %tmp)" [firmware/nnet_utils/nnet_activation_stream.h:33]   --->   Operation 144 'specregionend' 'empty_354' <Predicate = (!icmp_ln19)> <Delay = 0.00>
ST_3 : Operation 145 [1/1] (0.00ns)   --->   "br label %1" [firmware/nnet_utils/nnet_activation_stream.h:19]   --->   Operation 145 'br' <Predicate = (!icmp_ln19)> <Delay = 0.00>

State 4 <SV = 2> <Delay = 0.00>
ST_4 : Operation 146 [1/1] (0.00ns)   --->   "ret void" [firmware/nnet_utils/nnet_activation_stream.h:34]   --->   Operation 146 'ret' <Predicate = true> <Delay = 0.00>


============================================================
+ Verbose Summary: Binding
============================================================
STG Binding: 
---------------- STG Properties BEGIN ----------------
- Is combinational: 0
- Is one-state seq: 0
- Is datapath-only: 0
- Is pipelined: 0
- Is top level: 0
Port [ Return ] is wired: 1; IO mode=ap_ctrl_hs:ce=0
Port [ data_V_data_0_V]:  wired=1; compound=1; hidden=0; nouse=0; global=0; static=0; extern=0; dir=0; type=3; pingpong=0; private_global=0; IO mode=ap_fifo:ce=0
Port [ data_V_data_1_V]:  wired=1; compound=1; hidden=0; nouse=0; global=0; static=0; extern=0; dir=0; type=3; pingpong=0; private_global=0; IO mode=ap_fifo:ce=0
Port [ data_V_data_2_V]:  wired=1; compound=1; hidden=0; nouse=0; global=0; static=0; extern=0; dir=0; type=3; pingpong=0; private_global=0; IO mode=ap_fifo:ce=0
Port [ data_V_data_3_V]:  wired=1; compound=1; hidden=0; nouse=0; global=0; static=0; extern=0; dir=0; type=3; pingpong=0; private_global=0; IO mode=ap_fifo:ce=0
Port [ data_V_data_4_V]:  wired=1; compound=1; hidden=0; nouse=0; global=0; static=0; extern=0; dir=0; type=3; pingpong=0; private_global=0; IO mode=ap_fifo:ce=0
Port [ data_V_data_5_V]:  wired=1; compound=1; hidden=0; nouse=0; global=0; static=0; extern=0; dir=0; type=3; pingpong=0; private_global=0; IO mode=ap_fifo:ce=0
Port [ data_V_data_6_V]:  wired=1; compound=1; hidden=0; nouse=0; global=0; static=0; extern=0; dir=0; type=3; pingpong=0; private_global=0; IO mode=ap_fifo:ce=0
Port [ data_V_data_7_V]:  wired=1; compound=1; hidden=0; nouse=0; global=0; static=0; extern=0; dir=0; type=3; pingpong=0; private_global=0; IO mode=ap_fifo:ce=0
Port [ data_V_data_8_V]:  wired=1; compound=1; hidden=0; nouse=0; global=0; static=0; extern=0; dir=0; type=3; pingpong=0; private_global=0; IO mode=ap_fifo:ce=0
Port [ data_V_data_9_V]:  wired=1; compound=1; hidden=0; nouse=0; global=0; static=0; extern=0; dir=0; type=3; pingpong=0; private_global=0; IO mode=ap_fifo:ce=0
Port [ data_V_data_10_V]:  wired=1; compound=1; hidden=0; nouse=0; global=0; static=0; extern=0; dir=0; type=3; pingpong=0; private_global=0; IO mode=ap_fifo:ce=0
Port [ data_V_data_11_V]:  wired=1; compound=1; hidden=0; nouse=0; global=0; static=0; extern=0; dir=0; type=3; pingpong=0; private_global=0; IO mode=ap_fifo:ce=0
Port [ data_V_data_12_V]:  wired=1; compound=1; hidden=0; nouse=0; global=0; static=0; extern=0; dir=0; type=3; pingpong=0; private_global=0; IO mode=ap_fifo:ce=0
Port [ data_V_data_13_V]:  wired=1; compound=1; hidden=0; nouse=0; global=0; static=0; extern=0; dir=0; type=3; pingpong=0; private_global=0; IO mode=ap_fifo:ce=0
Port [ data_V_data_14_V]:  wired=1; compound=1; hidden=0; nouse=0; global=0; static=0; extern=0; dir=0; type=3; pingpong=0; private_global=0; IO mode=ap_fifo:ce=0
Port [ data_V_data_15_V]:  wired=1; compound=1; hidden=0; nouse=0; global=0; static=0; extern=0; dir=0; type=3; pingpong=0; private_global=0; IO mode=ap_fifo:ce=0
Port [ data_V_data_16_V]:  wired=1; compound=1; hidden=0; nouse=0; global=0; static=0; extern=0; dir=0; type=3; pingpong=0; private_global=0; IO mode=ap_fifo:ce=0
Port [ data_V_data_17_V]:  wired=1; compound=1; hidden=0; nouse=0; global=0; static=0; extern=0; dir=0; type=3; pingpong=0; private_global=0; IO mode=ap_fifo:ce=0
Port [ data_V_data_18_V]:  wired=1; compound=1; hidden=0; nouse=0; global=0; static=0; extern=0; dir=0; type=3; pingpong=0; private_global=0; IO mode=ap_fifo:ce=0
Port [ data_V_data_19_V]:  wired=1; compound=1; hidden=0; nouse=0; global=0; static=0; extern=0; dir=0; type=3; pingpong=0; private_global=0; IO mode=ap_fifo:ce=0
Port [ data_V_data_20_V]:  wired=1; compound=1; hidden=0; nouse=0; global=0; static=0; extern=0; dir=0; type=3; pingpong=0; private_global=0; IO mode=ap_fifo:ce=0
Port [ data_V_data_21_V]:  wired=1; compound=1; hidden=0; nouse=0; global=0; static=0; extern=0; dir=0; type=3; pingpong=0; private_global=0; IO mode=ap_fifo:ce=0
Port [ data_V_data_22_V]:  wired=1; compound=1; hidden=0; nouse=0; global=0; static=0; extern=0; dir=0; type=3; pingpong=0; private_global=0; IO mode=ap_fifo:ce=0
Port [ data_V_data_23_V]:  wired=1; compound=1; hidden=0; nouse=0; global=0; static=0; extern=0; dir=0; type=3; pingpong=0; private_global=0; IO mode=ap_fifo:ce=0
Port [ data_V_data_24_V]:  wired=1; compound=1; hidden=0; nouse=0; global=0; static=0; extern=0; dir=0; type=3; pingpong=0; private_global=0; IO mode=ap_fifo:ce=0
Port [ data_V_data_25_V]:  wired=1; compound=1; hidden=0; nouse=0; global=0; static=0; extern=0; dir=0; type=3; pingpong=0; private_global=0; IO mode=ap_fifo:ce=0
Port [ data_V_data_26_V]:  wired=1; compound=1; hidden=0; nouse=0; global=0; static=0; extern=0; dir=0; type=3; pingpong=0; private_global=0; IO mode=ap_fifo:ce=0
Port [ data_V_data_27_V]:  wired=1; compound=1; hidden=0; nouse=0; global=0; static=0; extern=0; dir=0; type=3; pingpong=0; private_global=0; IO mode=ap_fifo:ce=0
Port [ data_V_data_28_V]:  wired=1; compound=1; hidden=0; nouse=0; global=0; static=0; extern=0; dir=0; type=3; pingpong=0; private_global=0; IO mode=ap_fifo:ce=0
Port [ data_V_data_29_V]:  wired=1; compound=1; hidden=0; nouse=0; global=0; static=0; extern=0; dir=0; type=3; pingpong=0; private_global=0; IO mode=ap_fifo:ce=0
Port [ data_V_data_30_V]:  wired=1; compound=1; hidden=0; nouse=0; global=0; static=0; extern=0; dir=0; type=3; pingpong=0; private_global=0; IO mode=ap_fifo:ce=0
Port [ data_V_data_31_V]:  wired=1; compound=1; hidden=0; nouse=0; global=0; static=0; extern=0; dir=0; type=3; pingpong=0; private_global=0; IO mode=ap_fifo:ce=0
Port [ res_V_data_0_V]:  wired=1; compound=1; hidden=0; nouse=0; global=0; static=0; extern=0; dir=1; type=3; pingpong=0; private_global=0; IO mode=ap_fifo:ce=0
Port [ res_V_data_1_V]:  wired=1; compound=1; hidden=0; nouse=0; global=0; static=0; extern=0; dir=1; type=3; pingpong=0; private_global=0; IO mode=ap_fifo:ce=0
Port [ res_V_data_2_V]:  wired=1; compound=1; hidden=0; nouse=0; global=0; static=0; extern=0; dir=1; type=3; pingpong=0; private_global=0; IO mode=ap_fifo:ce=0
Port [ res_V_data_3_V]:  wired=1; compound=1; hidden=0; nouse=0; global=0; static=0; extern=0; dir=1; type=3; pingpong=0; private_global=0; IO mode=ap_fifo:ce=0
Port [ res_V_data_4_V]:  wired=1; compound=1; hidden=0; nouse=0; global=0; static=0; extern=0; dir=1; type=3; pingpong=0; private_global=0; IO mode=ap_fifo:ce=0
Port [ res_V_data_5_V]:  wired=1; compound=1; hidden=0; nouse=0; global=0; static=0; extern=0; dir=1; type=3; pingpong=0; private_global=0; IO mode=ap_fifo:ce=0
Port [ res_V_data_6_V]:  wired=1; compound=1; hidden=0; nouse=0; global=0; static=0; extern=0; dir=1; type=3; pingpong=0; private_global=0; IO mode=ap_fifo:ce=0
Port [ res_V_data_7_V]:  wired=1; compound=1; hidden=0; nouse=0; global=0; static=0; extern=0; dir=1; type=3; pingpong=0; private_global=0; IO mode=ap_fifo:ce=0
Port [ res_V_data_8_V]:  wired=1; compound=1; hidden=0; nouse=0; global=0; static=0; extern=0; dir=1; type=3; pingpong=0; private_global=0; IO mode=ap_fifo:ce=0
Port [ res_V_data_9_V]:  wired=1; compound=1; hidden=0; nouse=0; global=0; static=0; extern=0; dir=1; type=3; pingpong=0; private_global=0; IO mode=ap_fifo:ce=0
Port [ res_V_data_10_V]:  wired=1; compound=1; hidden=0; nouse=0; global=0; static=0; extern=0; dir=1; type=3; pingpong=0; private_global=0; IO mode=ap_fifo:ce=0
Port [ res_V_data_11_V]:  wired=1; compound=1; hidden=0; nouse=0; global=0; static=0; extern=0; dir=1; type=3; pingpong=0; private_global=0; IO mode=ap_fifo:ce=0
Port [ res_V_data_12_V]:  wired=1; compound=1; hidden=0; nouse=0; global=0; static=0; extern=0; dir=1; type=3; pingpong=0; private_global=0; IO mode=ap_fifo:ce=0
Port [ res_V_data_13_V]:  wired=1; compound=1; hidden=0; nouse=0; global=0; static=0; extern=0; dir=1; type=3; pingpong=0; private_global=0; IO mode=ap_fifo:ce=0
Port [ res_V_data_14_V]:  wired=1; compound=1; hidden=0; nouse=0; global=0; static=0; extern=0; dir=1; type=3; pingpong=0; private_global=0; IO mode=ap_fifo:ce=0
Port [ res_V_data_15_V]:  wired=1; compound=1; hidden=0; nouse=0; global=0; static=0; extern=0; dir=1; type=3; pingpong=0; private_global=0; IO mode=ap_fifo:ce=0
Port [ res_V_data_16_V]:  wired=1; compound=1; hidden=0; nouse=0; global=0; static=0; extern=0; dir=1; type=3; pingpong=0; private_global=0; IO mode=ap_fifo:ce=0
Port [ res_V_data_17_V]:  wired=1; compound=1; hidden=0; nouse=0; global=0; static=0; extern=0; dir=1; type=3; pingpong=0; private_global=0; IO mode=ap_fifo:ce=0
Port [ res_V_data_18_V]:  wired=1; compound=1; hidden=0; nouse=0; global=0; static=0; extern=0; dir=1; type=3; pingpong=0; private_global=0; IO mode=ap_fifo:ce=0
Port [ res_V_data_19_V]:  wired=1; compound=1; hidden=0; nouse=0; global=0; static=0; extern=0; dir=1; type=3; pingpong=0; private_global=0; IO mode=ap_fifo:ce=0
Port [ res_V_data_20_V]:  wired=1; compound=1; hidden=0; nouse=0; global=0; static=0; extern=0; dir=1; type=3; pingpong=0; private_global=0; IO mode=ap_fifo:ce=0
Port [ res_V_data_21_V]:  wired=1; compound=1; hidden=0; nouse=0; global=0; static=0; extern=0; dir=1; type=3; pingpong=0; private_global=0; IO mode=ap_fifo:ce=0
Port [ res_V_data_22_V]:  wired=1; compound=1; hidden=0; nouse=0; global=0; static=0; extern=0; dir=1; type=3; pingpong=0; private_global=0; IO mode=ap_fifo:ce=0
Port [ res_V_data_23_V]:  wired=1; compound=1; hidden=0; nouse=0; global=0; static=0; extern=0; dir=1; type=3; pingpong=0; private_global=0; IO mode=ap_fifo:ce=0
Port [ res_V_data_24_V]:  wired=1; compound=1; hidden=0; nouse=0; global=0; static=0; extern=0; dir=1; type=3; pingpong=0; private_global=0; IO mode=ap_fifo:ce=0
Port [ res_V_data_25_V]:  wired=1; compound=1; hidden=0; nouse=0; global=0; static=0; extern=0; dir=1; type=3; pingpong=0; private_global=0; IO mode=ap_fifo:ce=0
Port [ res_V_data_26_V]:  wired=1; compound=1; hidden=0; nouse=0; global=0; static=0; extern=0; dir=1; type=3; pingpong=0; private_global=0; IO mode=ap_fifo:ce=0
Port [ res_V_data_27_V]:  wired=1; compound=1; hidden=0; nouse=0; global=0; static=0; extern=0; dir=1; type=3; pingpong=0; private_global=0; IO mode=ap_fifo:ce=0
Port [ res_V_data_28_V]:  wired=1; compound=1; hidden=0; nouse=0; global=0; static=0; extern=0; dir=1; type=3; pingpong=0; private_global=0; IO mode=ap_fifo:ce=0
Port [ res_V_data_29_V]:  wired=1; compound=1; hidden=0; nouse=0; global=0; static=0; extern=0; dir=1; type=3; pingpong=0; private_global=0; IO mode=ap_fifo:ce=0
Port [ res_V_data_30_V]:  wired=1; compound=1; hidden=0; nouse=0; global=0; static=0; extern=0; dir=1; type=3; pingpong=0; private_global=0; IO mode=ap_fifo:ce=0
Port [ res_V_data_31_V]:  wired=1; compound=1; hidden=0; nouse=0; global=0; static=0; extern=0; dir=1; type=3; pingpong=0; private_global=0; IO mode=ap_fifo:ce=0
---------------- STG Properties END ------------------

---------------- Datapath Model BEGIN ----------------

<LifeTime>
<method=bitvector/>
specinterface_ln0 (specinterface    ) [ 00000]
specinterface_ln0 (specinterface    ) [ 00000]
specinterface_ln0 (specinterface    ) [ 00000]
specinterface_ln0 (specinterface    ) [ 00000]
specinterface_ln0 (specinterface    ) [ 00000]
specinterface_ln0 (specinterface    ) [ 00000]
specinterface_ln0 (specinterface    ) [ 00000]
specinterface_ln0 (specinterface    ) [ 00000]
specinterface_ln0 (specinterface    ) [ 00000]
specinterface_ln0 (specinterface    ) [ 00000]
specinterface_ln0 (specinterface    ) [ 00000]
specinterface_ln0 (specinterface    ) [ 00000]
specinterface_ln0 (specinterface    ) [ 00000]
specinterface_ln0 (specinterface    ) [ 00000]
specinterface_ln0 (specinterface    ) [ 00000]
specinterface_ln0 (specinterface    ) [ 00000]
specinterface_ln0 (specinterface    ) [ 00000]
specinterface_ln0 (specinterface    ) [ 00000]
specinterface_ln0 (specinterface    ) [ 00000]
specinterface_ln0 (specinterface    ) [ 00000]
specinterface_ln0 (specinterface    ) [ 00000]
specinterface_ln0 (specinterface    ) [ 00000]
specinterface_ln0 (specinterface    ) [ 00000]
specinterface_ln0 (specinterface    ) [ 00000]
specinterface_ln0 (specinterface    ) [ 00000]
specinterface_ln0 (specinterface    ) [ 00000]
specinterface_ln0 (specinterface    ) [ 00000]
specinterface_ln0 (specinterface    ) [ 00000]
specinterface_ln0 (specinterface    ) [ 00000]
specinterface_ln0 (specinterface    ) [ 00000]
specinterface_ln0 (specinterface    ) [ 00000]
specinterface_ln0 (specinterface    ) [ 00000]
specinterface_ln0 (specinterface    ) [ 00000]
specinterface_ln0 (specinterface    ) [ 00000]
specinterface_ln0 (specinterface    ) [ 00000]
specinterface_ln0 (specinterface    ) [ 00000]
specinterface_ln0 (specinterface    ) [ 00000]
specinterface_ln0 (specinterface    ) [ 00000]
specinterface_ln0 (specinterface    ) [ 00000]
specinterface_ln0 (specinterface    ) [ 00000]
specinterface_ln0 (specinterface    ) [ 00000]
specinterface_ln0 (specinterface    ) [ 00000]
specinterface_ln0 (specinterface    ) [ 00000]
specinterface_ln0 (specinterface    ) [ 00000]
specinterface_ln0 (specinterface    ) [ 00000]
specinterface_ln0 (specinterface    ) [ 00000]
specinterface_ln0 (specinterface    ) [ 00000]
specinterface_ln0 (specinterface    ) [ 00000]
specinterface_ln0 (specinterface    ) [ 00000]
specinterface_ln0 (specinterface    ) [ 00000]
specinterface_ln0 (specinterface    ) [ 00000]
specinterface_ln0 (specinterface    ) [ 00000]
specinterface_ln0 (specinterface    ) [ 00000]
specinterface_ln0 (specinterface    ) [ 00000]
specinterface_ln0 (specinterface    ) [ 00000]
specinterface_ln0 (specinterface    ) [ 00000]
specinterface_ln0 (specinterface    ) [ 00000]
specinterface_ln0 (specinterface    ) [ 00000]
specinterface_ln0 (specinterface    ) [ 00000]
specinterface_ln0 (specinterface    ) [ 00000]
specinterface_ln0 (specinterface    ) [ 00000]
specinterface_ln0 (specinterface    ) [ 00000]
specinterface_ln0 (specinterface    ) [ 00000]
specinterface_ln0 (specinterface    ) [ 00000]
br_ln19           (br               ) [ 01110]
i_0               (phi              ) [ 00100]
icmp_ln19         (icmp             ) [ 00110]
empty             (speclooptripcount) [ 00000]
i                 (add              ) [ 01110]
br_ln19           (br               ) [ 00000]
specloopname_ln19 (specloopname     ) [ 00000]
tmp               (specregionbegin  ) [ 00000]
specpipeline_ln20 (specpipeline     ) [ 00000]
empty_353         (read             ) [ 00000]
tmp_data_V_0      (extractvalue     ) [ 00000]
tmp_data_V_1      (extractvalue     ) [ 00000]
tmp_data_V_2      (extractvalue     ) [ 00000]
tmp_data_V_3      (extractvalue     ) [ 00000]
tmp_data_V_4      (extractvalue     ) [ 00000]
tmp_data_V_5      (extractvalue     ) [ 00000]
tmp_data_V_6      (extractvalue     ) [ 00000]
tmp_data_V_7      (extractvalue     ) [ 00000]
tmp_data_V_8      (extractvalue     ) [ 00000]
tmp_data_V_9      (extractvalue     ) [ 00000]
tmp_data_V_10     (extractvalue     ) [ 00000]
tmp_data_V_11     (extractvalue     ) [ 00000]
tmp_data_V_12     (extractvalue     ) [ 00000]
tmp_data_V_13     (extractvalue     ) [ 00000]
tmp_data_V_1437   (extractvalue     ) [ 00000]
tmp_data_V_15     (extractvalue     ) [ 00000]
tmp_data_V_16     (extractvalue     ) [ 00000]
tmp_data_V_17     (extractvalue     ) [ 00000]
tmp_data_V_18     (extractvalue     ) [ 00000]
tmp_data_V_19     (extractvalue     ) [ 00000]
tmp_data_V_20     (extractvalue     ) [ 00000]
tmp_data_V_21     (extractvalue     ) [ 00000]
tmp_data_V_22     (extractvalue     ) [ 00000]
tmp_data_V_23     (extractvalue     ) [ 00000]
tmp_data_V_24     (extractvalue     ) [ 00000]
tmp_data_V_25     (extractvalue     ) [ 00000]
tmp_data_V_26     (extractvalue     ) [ 00000]
tmp_data_V_27     (extractvalue     ) [ 00000]
tmp_data_V_28     (extractvalue     ) [ 00000]
tmp_data_V_29     (extractvalue     ) [ 00000]
tmp_data_V_30     (extractvalue     ) [ 00000]
tmp_data_V_31     (extractvalue     ) [ 00000]
tmp_data_0_V      (shl              ) [ 00000]
tmp_data_1_V      (shl              ) [ 00000]
tmp_data_2_V      (shl              ) [ 00000]
tmp_data_3_V      (shl              ) [ 00000]
tmp_data_4_V      (shl              ) [ 00000]
tmp_data_5_V      (shl              ) [ 00000]
tmp_data_6_V      (shl              ) [ 00000]
tmp_data_7_V      (shl              ) [ 00000]
tmp_data_8_V      (shl              ) [ 00000]
tmp_data_9_V      (shl              ) [ 00000]
tmp_data_10_V     (shl              ) [ 00000]
tmp_data_11_V     (shl              ) [ 00000]
tmp_data_12_V     (shl              ) [ 00000]
tmp_data_13_V     (shl              ) [ 00000]
tmp_data_14_V     (shl              ) [ 00000]
tmp_data_15_V     (shl              ) [ 00000]
tmp_data_16_V     (shl              ) [ 00000]
tmp_data_17_V     (shl              ) [ 00000]
tmp_data_18_V     (shl              ) [ 00000]
tmp_data_19_V     (shl              ) [ 00000]
tmp_data_20_V     (shl              ) [ 00000]
tmp_data_21_V     (shl              ) [ 00000]
tmp_data_22_V     (shl              ) [ 00000]
tmp_data_23_V     (shl              ) [ 00000]
tmp_data_24_V     (shl              ) [ 00000]
tmp_data_25_V     (shl              ) [ 00000]
tmp_data_26_V     (shl              ) [ 00000]
tmp_data_27_V     (shl              ) [ 00000]
tmp_data_28_V     (shl              ) [ 00000]
tmp_data_29_V     (shl              ) [ 00000]
tmp_data_30_V     (shl              ) [ 00000]
tmp_data_31_V     (shl              ) [ 00000]
write_ln32        (write            ) [ 00000]
empty_354         (specregionend    ) [ 00000]
br_ln19           (br               ) [ 01110]
ret_ln34          (ret              ) [ 00000]
</LifeTime>

<model>

<comp_list>
<comp id="0" class="1000" name="data_V_data_0_V">
<pin_list>
<pin id="1" dir="1" index="0" bw="1" slack="0"/>
</pin_list>
<bind>
<StgValue><ssdm name="data_V_data_0_V"/></StgValue>
</bind>
</comp>

<comp id="2" class="1000" name="data_V_data_1_V">
<pin_list>
<pin id="3" dir="1" index="0" bw="1" slack="0"/>
</pin_list>
<bind>
<StgValue><ssdm name="data_V_data_1_V"/></StgValue>
</bind>
</comp>

<comp id="4" class="1000" name="data_V_data_2_V">
<pin_list>
<pin id="5" dir="1" index="0" bw="1" slack="0"/>
</pin_list>
<bind>
<StgValue><ssdm name="data_V_data_2_V"/></StgValue>
</bind>
</comp>

<comp id="6" class="1000" name="data_V_data_3_V">
<pin_list>
<pin id="7" dir="1" index="0" bw="1" slack="0"/>
</pin_list>
<bind>
<StgValue><ssdm name="data_V_data_3_V"/></StgValue>
</bind>
</comp>

<comp id="8" class="1000" name="data_V_data_4_V">
<pin_list>
<pin id="9" dir="1" index="0" bw="1" slack="0"/>
</pin_list>
<bind>
<StgValue><ssdm name="data_V_data_4_V"/></StgValue>
</bind>
</comp>

<comp id="10" class="1000" name="data_V_data_5_V">
<pin_list>
<pin id="11" dir="1" index="0" bw="1" slack="0"/>
</pin_list>
<bind>
<StgValue><ssdm name="data_V_data_5_V"/></StgValue>
</bind>
</comp>

<comp id="12" class="1000" name="data_V_data_6_V">
<pin_list>
<pin id="13" dir="1" index="0" bw="1" slack="0"/>
</pin_list>
<bind>
<StgValue><ssdm name="data_V_data_6_V"/></StgValue>
</bind>
</comp>

<comp id="14" class="1000" name="data_V_data_7_V">
<pin_list>
<pin id="15" dir="1" index="0" bw="1" slack="0"/>
</pin_list>
<bind>
<StgValue><ssdm name="data_V_data_7_V"/></StgValue>
</bind>
</comp>

<comp id="16" class="1000" name="data_V_data_8_V">
<pin_list>
<pin id="17" dir="1" index="0" bw="1" slack="0"/>
</pin_list>
<bind>
<StgValue><ssdm name="data_V_data_8_V"/></StgValue>
</bind>
</comp>

<comp id="18" class="1000" name="data_V_data_9_V">
<pin_list>
<pin id="19" dir="1" index="0" bw="1" slack="0"/>
</pin_list>
<bind>
<StgValue><ssdm name="data_V_data_9_V"/></StgValue>
</bind>
</comp>

<comp id="20" class="1000" name="data_V_data_10_V">
<pin_list>
<pin id="21" dir="1" index="0" bw="1" slack="0"/>
</pin_list>
<bind>
<StgValue><ssdm name="data_V_data_10_V"/></StgValue>
</bind>
</comp>

<comp id="22" class="1000" name="data_V_data_11_V">
<pin_list>
<pin id="23" dir="1" index="0" bw="1" slack="0"/>
</pin_list>
<bind>
<StgValue><ssdm name="data_V_data_11_V"/></StgValue>
</bind>
</comp>

<comp id="24" class="1000" name="data_V_data_12_V">
<pin_list>
<pin id="25" dir="1" index="0" bw="1" slack="0"/>
</pin_list>
<bind>
<StgValue><ssdm name="data_V_data_12_V"/></StgValue>
</bind>
</comp>

<comp id="26" class="1000" name="data_V_data_13_V">
<pin_list>
<pin id="27" dir="1" index="0" bw="1" slack="0"/>
</pin_list>
<bind>
<StgValue><ssdm name="data_V_data_13_V"/></StgValue>
</bind>
</comp>

<comp id="28" class="1000" name="data_V_data_14_V">
<pin_list>
<pin id="29" dir="1" index="0" bw="1" slack="0"/>
</pin_list>
<bind>
<StgValue><ssdm name="data_V_data_14_V"/></StgValue>
</bind>
</comp>

<comp id="30" class="1000" name="data_V_data_15_V">
<pin_list>
<pin id="31" dir="1" index="0" bw="1" slack="0"/>
</pin_list>
<bind>
<StgValue><ssdm name="data_V_data_15_V"/></StgValue>
</bind>
</comp>

<comp id="32" class="1000" name="data_V_data_16_V">
<pin_list>
<pin id="33" dir="1" index="0" bw="1" slack="0"/>
</pin_list>
<bind>
<StgValue><ssdm name="data_V_data_16_V"/></StgValue>
</bind>
</comp>

<comp id="34" class="1000" name="data_V_data_17_V">
<pin_list>
<pin id="35" dir="1" index="0" bw="1" slack="0"/>
</pin_list>
<bind>
<StgValue><ssdm name="data_V_data_17_V"/></StgValue>
</bind>
</comp>

<comp id="36" class="1000" name="data_V_data_18_V">
<pin_list>
<pin id="37" dir="1" index="0" bw="1" slack="0"/>
</pin_list>
<bind>
<StgValue><ssdm name="data_V_data_18_V"/></StgValue>
</bind>
</comp>

<comp id="38" class="1000" name="data_V_data_19_V">
<pin_list>
<pin id="39" dir="1" index="0" bw="1" slack="0"/>
</pin_list>
<bind>
<StgValue><ssdm name="data_V_data_19_V"/></StgValue>
</bind>
</comp>

<comp id="40" class="1000" name="data_V_data_20_V">
<pin_list>
<pin id="41" dir="1" index="0" bw="1" slack="0"/>
</pin_list>
<bind>
<StgValue><ssdm name="data_V_data_20_V"/></StgValue>
</bind>
</comp>

<comp id="42" class="1000" name="data_V_data_21_V">
<pin_list>
<pin id="43" dir="1" index="0" bw="1" slack="0"/>
</pin_list>
<bind>
<StgValue><ssdm name="data_V_data_21_V"/></StgValue>
</bind>
</comp>

<comp id="44" class="1000" name="data_V_data_22_V">
<pin_list>
<pin id="45" dir="1" index="0" bw="1" slack="0"/>
</pin_list>
<bind>
<StgValue><ssdm name="data_V_data_22_V"/></StgValue>
</bind>
</comp>

<comp id="46" class="1000" name="data_V_data_23_V">
<pin_list>
<pin id="47" dir="1" index="0" bw="1" slack="0"/>
</pin_list>
<bind>
<StgValue><ssdm name="data_V_data_23_V"/></StgValue>
</bind>
</comp>

<comp id="48" class="1000" name="data_V_data_24_V">
<pin_list>
<pin id="49" dir="1" index="0" bw="1" slack="0"/>
</pin_list>
<bind>
<StgValue><ssdm name="data_V_data_24_V"/></StgValue>
</bind>
</comp>

<comp id="50" class="1000" name="data_V_data_25_V">
<pin_list>
<pin id="51" dir="1" index="0" bw="1" slack="0"/>
</pin_list>
<bind>
<StgValue><ssdm name="data_V_data_25_V"/></StgValue>
</bind>
</comp>

<comp id="52" class="1000" name="data_V_data_26_V">
<pin_list>
<pin id="53" dir="1" index="0" bw="1" slack="0"/>
</pin_list>
<bind>
<StgValue><ssdm name="data_V_data_26_V"/></StgValue>
</bind>
</comp>

<comp id="54" class="1000" name="data_V_data_27_V">
<pin_list>
<pin id="55" dir="1" index="0" bw="1" slack="0"/>
</pin_list>
<bind>
<StgValue><ssdm name="data_V_data_27_V"/></StgValue>
</bind>
</comp>

<comp id="56" class="1000" name="data_V_data_28_V">
<pin_list>
<pin id="57" dir="1" index="0" bw="1" slack="0"/>
</pin_list>
<bind>
<StgValue><ssdm name="data_V_data_28_V"/></StgValue>
</bind>
</comp>

<comp id="58" class="1000" name="data_V_data_29_V">
<pin_list>
<pin id="59" dir="1" index="0" bw="1" slack="0"/>
</pin_list>
<bind>
<StgValue><ssdm name="data_V_data_29_V"/></StgValue>
</bind>
</comp>

<comp id="60" class="1000" name="data_V_data_30_V">
<pin_list>
<pin id="61" dir="1" index="0" bw="1" slack="0"/>
</pin_list>
<bind>
<StgValue><ssdm name="data_V_data_30_V"/></StgValue>
</bind>
</comp>

<comp id="62" class="1000" name="data_V_data_31_V">
<pin_list>
<pin id="63" dir="1" index="0" bw="1" slack="0"/>
</pin_list>
<bind>
<StgValue><ssdm name="data_V_data_31_V"/></StgValue>
</bind>
</comp>

<comp id="64" class="1000" name="res_V_data_0_V">
<pin_list>
<pin id="65" dir="1" index="0" bw="1" slack="0"/>
</pin_list>
<bind>
<StgValue><ssdm name="res_V_data_0_V"/></StgValue>
</bind>
</comp>

<comp id="66" class="1000" name="res_V_data_1_V">
<pin_list>
<pin id="67" dir="1" index="0" bw="1" slack="0"/>
</pin_list>
<bind>
<StgValue><ssdm name="res_V_data_1_V"/></StgValue>
</bind>
</comp>

<comp id="68" class="1000" name="res_V_data_2_V">
<pin_list>
<pin id="69" dir="1" index="0" bw="1" slack="0"/>
</pin_list>
<bind>
<StgValue><ssdm name="res_V_data_2_V"/></StgValue>
</bind>
</comp>

<comp id="70" class="1000" name="res_V_data_3_V">
<pin_list>
<pin id="71" dir="1" index="0" bw="1" slack="0"/>
</pin_list>
<bind>
<StgValue><ssdm name="res_V_data_3_V"/></StgValue>
</bind>
</comp>

<comp id="72" class="1000" name="res_V_data_4_V">
<pin_list>
<pin id="73" dir="1" index="0" bw="1" slack="0"/>
</pin_list>
<bind>
<StgValue><ssdm name="res_V_data_4_V"/></StgValue>
</bind>
</comp>

<comp id="74" class="1000" name="res_V_data_5_V">
<pin_list>
<pin id="75" dir="1" index="0" bw="1" slack="0"/>
</pin_list>
<bind>
<StgValue><ssdm name="res_V_data_5_V"/></StgValue>
</bind>
</comp>

<comp id="76" class="1000" name="res_V_data_6_V">
<pin_list>
<pin id="77" dir="1" index="0" bw="1" slack="0"/>
</pin_list>
<bind>
<StgValue><ssdm name="res_V_data_6_V"/></StgValue>
</bind>
</comp>

<comp id="78" class="1000" name="res_V_data_7_V">
<pin_list>
<pin id="79" dir="1" index="0" bw="1" slack="0"/>
</pin_list>
<bind>
<StgValue><ssdm name="res_V_data_7_V"/></StgValue>
</bind>
</comp>

<comp id="80" class="1000" name="res_V_data_8_V">
<pin_list>
<pin id="81" dir="1" index="0" bw="1" slack="0"/>
</pin_list>
<bind>
<StgValue><ssdm name="res_V_data_8_V"/></StgValue>
</bind>
</comp>

<comp id="82" class="1000" name="res_V_data_9_V">
<pin_list>
<pin id="83" dir="1" index="0" bw="1" slack="0"/>
</pin_list>
<bind>
<StgValue><ssdm name="res_V_data_9_V"/></StgValue>
</bind>
</comp>

<comp id="84" class="1000" name="res_V_data_10_V">
<pin_list>
<pin id="85" dir="1" index="0" bw="1" slack="0"/>
</pin_list>
<bind>
<StgValue><ssdm name="res_V_data_10_V"/></StgValue>
</bind>
</comp>

<comp id="86" class="1000" name="res_V_data_11_V">
<pin_list>
<pin id="87" dir="1" index="0" bw="1" slack="0"/>
</pin_list>
<bind>
<StgValue><ssdm name="res_V_data_11_V"/></StgValue>
</bind>
</comp>

<comp id="88" class="1000" name="res_V_data_12_V">
<pin_list>
<pin id="89" dir="1" index="0" bw="1" slack="0"/>
</pin_list>
<bind>
<StgValue><ssdm name="res_V_data_12_V"/></StgValue>
</bind>
</comp>

<comp id="90" class="1000" name="res_V_data_13_V">
<pin_list>
<pin id="91" dir="1" index="0" bw="1" slack="0"/>
</pin_list>
<bind>
<StgValue><ssdm name="res_V_data_13_V"/></StgValue>
</bind>
</comp>

<comp id="92" class="1000" name="res_V_data_14_V">
<pin_list>
<pin id="93" dir="1" index="0" bw="1" slack="0"/>
</pin_list>
<bind>
<StgValue><ssdm name="res_V_data_14_V"/></StgValue>
</bind>
</comp>

<comp id="94" class="1000" name="res_V_data_15_V">
<pin_list>
<pin id="95" dir="1" index="0" bw="1" slack="0"/>
</pin_list>
<bind>
<StgValue><ssdm name="res_V_data_15_V"/></StgValue>
</bind>
</comp>

<comp id="96" class="1000" name="res_V_data_16_V">
<pin_list>
<pin id="97" dir="1" index="0" bw="1" slack="0"/>
</pin_list>
<bind>
<StgValue><ssdm name="res_V_data_16_V"/></StgValue>
</bind>
</comp>

<comp id="98" class="1000" name="res_V_data_17_V">
<pin_list>
<pin id="99" dir="1" index="0" bw="1" slack="0"/>
</pin_list>
<bind>
<StgValue><ssdm name="res_V_data_17_V"/></StgValue>
</bind>
</comp>

<comp id="100" class="1000" name="res_V_data_18_V">
<pin_list>
<pin id="101" dir="1" index="0" bw="1" slack="0"/>
</pin_list>
<bind>
<StgValue><ssdm name="res_V_data_18_V"/></StgValue>
</bind>
</comp>

<comp id="102" class="1000" name="res_V_data_19_V">
<pin_list>
<pin id="103" dir="1" index="0" bw="1" slack="0"/>
</pin_list>
<bind>
<StgValue><ssdm name="res_V_data_19_V"/></StgValue>
</bind>
</comp>

<comp id="104" class="1000" name="res_V_data_20_V">
<pin_list>
<pin id="105" dir="1" index="0" bw="1" slack="0"/>
</pin_list>
<bind>
<StgValue><ssdm name="res_V_data_20_V"/></StgValue>
</bind>
</comp>

<comp id="106" class="1000" name="res_V_data_21_V">
<pin_list>
<pin id="107" dir="1" index="0" bw="1" slack="0"/>
</pin_list>
<bind>
<StgValue><ssdm name="res_V_data_21_V"/></StgValue>
</bind>
</comp>

<comp id="108" class="1000" name="res_V_data_22_V">
<pin_list>
<pin id="109" dir="1" index="0" bw="1" slack="0"/>
</pin_list>
<bind>
<StgValue><ssdm name="res_V_data_22_V"/></StgValue>
</bind>
</comp>

<comp id="110" class="1000" name="res_V_data_23_V">
<pin_list>
<pin id="111" dir="1" index="0" bw="1" slack="0"/>
</pin_list>
<bind>
<StgValue><ssdm name="res_V_data_23_V"/></StgValue>
</bind>
</comp>

<comp id="112" class="1000" name="res_V_data_24_V">
<pin_list>
<pin id="113" dir="1" index="0" bw="1" slack="0"/>
</pin_list>
<bind>
<StgValue><ssdm name="res_V_data_24_V"/></StgValue>
</bind>
</comp>

<comp id="114" class="1000" name="res_V_data_25_V">
<pin_list>
<pin id="115" dir="1" index="0" bw="1" slack="0"/>
</pin_list>
<bind>
<StgValue><ssdm name="res_V_data_25_V"/></StgValue>
</bind>
</comp>

<comp id="116" class="1000" name="res_V_data_26_V">
<pin_list>
<pin id="117" dir="1" index="0" bw="1" slack="0"/>
</pin_list>
<bind>
<StgValue><ssdm name="res_V_data_26_V"/></StgValue>
</bind>
</comp>

<comp id="118" class="1000" name="res_V_data_27_V">
<pin_list>
<pin id="119" dir="1" index="0" bw="1" slack="0"/>
</pin_list>
<bind>
<StgValue><ssdm name="res_V_data_27_V"/></StgValue>
</bind>
</comp>

<comp id="120" class="1000" name="res_V_data_28_V">
<pin_list>
<pin id="121" dir="1" index="0" bw="1" slack="0"/>
</pin_list>
<bind>
<StgValue><ssdm name="res_V_data_28_V"/></StgValue>
</bind>
</comp>

<comp id="122" class="1000" name="res_V_data_29_V">
<pin_list>
<pin id="123" dir="1" index="0" bw="1" slack="0"/>
</pin_list>
<bind>
<StgValue><ssdm name="res_V_data_29_V"/></StgValue>
</bind>
</comp>

<comp id="124" class="1000" name="res_V_data_30_V">
<pin_list>
<pin id="125" dir="1" index="0" bw="1" slack="0"/>
</pin_list>
<bind>
<StgValue><ssdm name="res_V_data_30_V"/></StgValue>
</bind>
</comp>

<comp id="126" class="1000" name="res_V_data_31_V">
<pin_list>
<pin id="127" dir="1" index="0" bw="1" slack="0"/>
</pin_list>
<bind>
<StgValue><ssdm name="res_V_data_31_V"/></StgValue>
</bind>
</comp>

<comp id="128" class="1001" name="const_128">
<pin_list>
<pin id="129" dir="1" index="0" bw="1" slack="2147483647"/>
</pin_list>
<bind>
<StgValue><ssdm name="_ssdm_op_SpecInterface"/></StgValue>
</bind>
</comp>

<comp id="130" class="1001" name="const_130">
<pin_list>
<pin id="131" dir="1" index="0" bw="1" slack="2147483647"/>
</pin_list>
<bind>
<StgValue><ssdm name="ap_fifo_str"/></StgValue>
</bind>
</comp>

<comp id="132" class="1001" name="const_132">
<pin_list>
<pin id="133" dir="1" index="0" bw="1" slack="2147483647"/>
</pin_list>
<bind>
<StgValue><ssdm name=""/></StgValue>
</bind>
</comp>

<comp id="134" class="1001" name="const_134">
<pin_list>
<pin id="135" dir="1" index="0" bw="1" slack="2147483647"/>
</pin_list>
<bind>
<StgValue><ssdm name="p_str"/></StgValue>
</bind>
</comp>

<comp id="136" class="1001" name="const_136">
<pin_list>
<pin id="137" dir="1" index="0" bw="1" slack="2147483647"/>
</pin_list>
<bind>
<StgValue><ssdm name=""/></StgValue>
</bind>
</comp>

<comp id="138" class="1001" name="const_138">
<pin_list>
<pin id="139" dir="1" index="0" bw="1" slack="2147483647"/>
</pin_list>
<bind>
<StgValue><ssdm name=""/></StgValue>
</bind>
</comp>

<comp id="140" class="1001" name="const_140">
<pin_list>
<pin id="141" dir="1" index="0" bw="1" slack="1"/>
</pin_list>
<bind>
<StgValue><ssdm name=""/></StgValue>
</bind>
</comp>

<comp id="142" class="1001" name="const_142">
<pin_list>
<pin id="143" dir="1" index="0" bw="1" slack="0"/>
</pin_list>
<bind>
<StgValue><ssdm name=""/></StgValue>
</bind>
</comp>

<comp id="144" class="1001" name="const_144">
<pin_list>
<pin id="145" dir="1" index="0" bw="1" slack="2147483647"/>
</pin_list>
<bind>
<StgValue><ssdm name="_ssdm_op_SpecLoopTripCount"/></StgValue>
</bind>
</comp>

<comp id="146" class="1001" name="const_146">
<pin_list>
<pin id="147" dir="1" index="0" bw="1" slack="2147483647"/>
</pin_list>
<bind>
<StgValue><ssdm name=""/></StgValue>
</bind>
</comp>

<comp id="148" class="1001" name="const_148">
<pin_list>
<pin id="149" dir="1" index="0" bw="1" slack="0"/>
</pin_list>
<bind>
<StgValue><ssdm name=""/></StgValue>
</bind>
</comp>

<comp id="150" class="1001" name="const_150">
<pin_list>
<pin id="151" dir="1" index="0" bw="1" slack="2147483647"/>
</pin_list>
<bind>
<StgValue><ssdm name="_ssdm_op_SpecLoopName"/></StgValue>
</bind>
</comp>

<comp id="152" class="1001" name="const_152">
<pin_list>
<pin id="153" dir="1" index="0" bw="1" slack="2147483647"/>
</pin_list>
<bind>
<StgValue><ssdm name="p_str24"/></StgValue>
</bind>
</comp>

<comp id="154" class="1001" name="const_154">
<pin_list>
<pin id="155" dir="1" index="0" bw="1" slack="2147483647"/>
</pin_list>
<bind>
<StgValue><ssdm name="_ssdm_op_SpecRegionBegin"/></StgValue>
</bind>
</comp>

<comp id="156" class="1001" name="const_156">
<pin_list>
<pin id="157" dir="1" index="0" bw="1" slack="2147483647"/>
</pin_list>
<bind>
<StgValue><ssdm name="_ssdm_op_SpecPipeline"/></StgValue>
</bind>
</comp>

<comp id="158" class="1001" name="const_158">
<pin_list>
<pin id="159" dir="1" index="0" bw="1" slack="2147483647"/>
</pin_list>
<bind>
<StgValue><ssdm name=""/></StgValue>
</bind>
</comp>

<comp id="160" class="1001" name="const_160">
<pin_list>
<pin id="161" dir="1" index="0" bw="1" slack="2147483647"/>
</pin_list>
<bind>
<StgValue><ssdm name=""/></StgValue>
</bind>
</comp>

<comp id="162" class="1001" name="const_162">
<pin_list>
<pin id="163" dir="1" index="0" bw="1" slack="2147483647"/>
</pin_list>
<bind>
<StgValue><ssdm name="p_str13"/></StgValue>
</bind>
</comp>

<comp id="164" class="1001" name="const_164">
<pin_list>
<pin id="165" dir="1" index="0" bw="1" slack="0"/>
</pin_list>
<bind>
<StgValue><ssdm name="_ssdm_op_Read.ap_fifo.volatile.i14P.i14P.i14P.i14P.i14P.i14P.i14P.i14P.i14P.i14P.i14P.i14P.i14P.i14P.i14P.i14P.i14P.i14P.i14P.i14P.i14P.i14P.i14P.i14P.i14P.i14P.i14P.i14P.i14P.i14P.i14P.i14P"/></StgValue>
</bind>
</comp>

<comp id="166" class="1001" name="const_166">
<pin_list>
<pin id="167" dir="1" index="0" bw="1" slack="0"/>
</pin_list>
<bind>
<StgValue><ssdm name=""/></StgValue>
</bind>
</comp>

<comp id="168" class="1001" name="const_168">
<pin_list>
<pin id="169" dir="1" index="0" bw="1" slack="0"/>
</pin_list>
<bind>
<StgValue><ssdm name="_ssdm_op_Write.ap_fifo.volatile.i14P.i14P.i14P.i14P.i14P.i14P.i14P.i14P.i14P.i14P.i14P.i14P.i14P.i14P.i14P.i14P.i14P.i14P.i14P.i14P.i14P.i14P.i14P.i14P.i14P.i14P.i14P.i14P.i14P.i14P.i14P.i14P"/></StgValue>
</bind>
</comp>

<comp id="170" class="1001" name="const_170">
<pin_list>
<pin id="171" dir="1" index="0" bw="1" slack="2147483647"/>
</pin_list>
<bind>
<StgValue><ssdm name="_ssdm_op_SpecRegionEnd"/></StgValue>
</bind>
</comp>

<comp id="172" class="1004" name="empty_353_read_fu_172">
<pin_list>
<pin id="173" dir="0" index="0" bw="448" slack="0"/>
<pin id="174" dir="0" index="1" bw="14" slack="0"/>
<pin id="175" dir="0" index="2" bw="14" slack="0"/>
<pin id="176" dir="0" index="3" bw="14" slack="0"/>
<pin id="177" dir="0" index="4" bw="14" slack="0"/>
<pin id="178" dir="0" index="5" bw="14" slack="0"/>
<pin id="179" dir="0" index="6" bw="14" slack="0"/>
<pin id="180" dir="0" index="7" bw="14" slack="0"/>
<pin id="181" dir="0" index="8" bw="14" slack="0"/>
<pin id="182" dir="0" index="9" bw="14" slack="0"/>
<pin id="183" dir="0" index="10" bw="14" slack="0"/>
<pin id="184" dir="0" index="11" bw="14" slack="0"/>
<pin id="185" dir="0" index="12" bw="14" slack="0"/>
<pin id="186" dir="0" index="13" bw="14" slack="0"/>
<pin id="187" dir="0" index="14" bw="14" slack="0"/>
<pin id="188" dir="0" index="15" bw="14" slack="0"/>
<pin id="189" dir="0" index="16" bw="14" slack="0"/>
<pin id="190" dir="0" index="17" bw="14" slack="0"/>
<pin id="191" dir="0" index="18" bw="14" slack="0"/>
<pin id="192" dir="0" index="19" bw="14" slack="0"/>
<pin id="193" dir="0" index="20" bw="14" slack="0"/>
<pin id="194" dir="0" index="21" bw="14" slack="0"/>
<pin id="195" dir="0" index="22" bw="14" slack="0"/>
<pin id="196" dir="0" index="23" bw="14" slack="0"/>
<pin id="197" dir="0" index="24" bw="14" slack="0"/>
<pin id="198" dir="0" index="25" bw="14" slack="0"/>
<pin id="199" dir="0" index="26" bw="14" slack="0"/>
<pin id="200" dir="0" index="27" bw="14" slack="0"/>
<pin id="201" dir="0" index="28" bw="14" slack="0"/>
<pin id="202" dir="0" index="29" bw="14" slack="0"/>
<pin id="203" dir="0" index="30" bw="14" slack="0"/>
<pin id="204" dir="0" index="31" bw="14" slack="0"/>
<pin id="205" dir="0" index="32" bw="14" slack="0"/>
<pin id="206" dir="1" index="33" bw="448" slack="0"/>
</pin_list>
<bind>
<opcode="read(1150) " fcode="read"/>
<opset="empty_353/3 "/>
</bind>
</comp>

<comp id="240" class="1004" name="write_ln32_write_fu_240">
<pin_list>
<pin id="241" dir="0" index="0" bw="0" slack="0"/>
<pin id="242" dir="0" index="1" bw="14" slack="0"/>
<pin id="243" dir="0" index="2" bw="14" slack="0"/>
<pin id="244" dir="0" index="3" bw="14" slack="0"/>
<pin id="245" dir="0" index="4" bw="14" slack="0"/>
<pin id="246" dir="0" index="5" bw="14" slack="0"/>
<pin id="247" dir="0" index="6" bw="14" slack="0"/>
<pin id="248" dir="0" index="7" bw="14" slack="0"/>
<pin id="249" dir="0" index="8" bw="14" slack="0"/>
<pin id="250" dir="0" index="9" bw="14" slack="0"/>
<pin id="251" dir="0" index="10" bw="14" slack="0"/>
<pin id="252" dir="0" index="11" bw="14" slack="0"/>
<pin id="253" dir="0" index="12" bw="14" slack="0"/>
<pin id="254" dir="0" index="13" bw="14" slack="0"/>
<pin id="255" dir="0" index="14" bw="14" slack="0"/>
<pin id="256" dir="0" index="15" bw="14" slack="0"/>
<pin id="257" dir="0" index="16" bw="14" slack="0"/>
<pin id="258" dir="0" index="17" bw="14" slack="0"/>
<pin id="259" dir="0" index="18" bw="14" slack="0"/>
<pin id="260" dir="0" index="19" bw="14" slack="0"/>
<pin id="261" dir="0" index="20" bw="14" slack="0"/>
<pin id="262" dir="0" index="21" bw="14" slack="0"/>
<pin id="263" dir="0" index="22" bw="14" slack="0"/>
<pin id="264" dir="0" index="23" bw="14" slack="0"/>
<pin id="265" dir="0" index="24" bw="14" slack="0"/>
<pin id="266" dir="0" index="25" bw="14" slack="0"/>
<pin id="267" dir="0" index="26" bw="14" slack="0"/>
<pin id="268" dir="0" index="27" bw="14" slack="0"/>
<pin id="269" dir="0" index="28" bw="14" slack="0"/>
<pin id="270" dir="0" index="29" bw="14" slack="0"/>
<pin id="271" dir="0" index="30" bw="14" slack="0"/>
<pin id="272" dir="0" index="31" bw="14" slack="0"/>
<pin id="273" dir="0" index="32" bw="14" slack="0"/>
<pin id="274" dir="0" index="33" bw="14" slack="0"/>
<pin id="275" dir="0" index="34" bw="14" slack="0"/>
<pin id="276" dir="0" index="35" bw="14" slack="0"/>
<pin id="277" dir="0" index="36" bw="14" slack="0"/>
<pin id="278" dir="0" index="37" bw="14" slack="0"/>
<pin id="279" dir="0" index="38" bw="14" slack="0"/>
<pin id="280" dir="0" index="39" bw="14" slack="0"/>
<pin id="281" dir="0" index="40" bw="14" slack="0"/>
<pin id="282" dir="0" index="41" bw="14" slack="0"/>
<pin id="283" dir="0" index="42" bw="14" slack="0"/>
<pin id="284" dir="0" index="43" bw="14" slack="0"/>
<pin id="285" dir="0" index="44" bw="14" slack="0"/>
<pin id="286" dir="0" index="45" bw="14" slack="0"/>
<pin id="287" dir="0" index="46" bw="14" slack="0"/>
<pin id="288" dir="0" index="47" bw="14" slack="0"/>
<pin id="289" dir="0" index="48" bw="14" slack="0"/>
<pin id="290" dir="0" index="49" bw="14" slack="0"/>
<pin id="291" dir="0" index="50" bw="14" slack="0"/>
<pin id="292" dir="0" index="51" bw="14" slack="0"/>
<pin id="293" dir="0" index="52" bw="14" slack="0"/>
<pin id="294" dir="0" index="53" bw="14" slack="0"/>
<pin id="295" dir="0" index="54" bw="14" slack="0"/>
<pin id="296" dir="0" index="55" bw="14" slack="0"/>
<pin id="297" dir="0" index="56" bw="14" slack="0"/>
<pin id="298" dir="0" index="57" bw="14" slack="0"/>
<pin id="299" dir="0" index="58" bw="14" slack="0"/>
<pin id="300" dir="0" index="59" bw="14" slack="0"/>
<pin id="301" dir="0" index="60" bw="14" slack="0"/>
<pin id="302" dir="0" index="61" bw="14" slack="0"/>
<pin id="303" dir="0" index="62" bw="14" slack="0"/>
<pin id="304" dir="0" index="63" bw="14" slack="0"/>
<pin id="305" dir="0" index="64" bw="14" slack="0"/>
<pin id="306" dir="1" index="65" bw="0" slack="2147483647"/>
</pin_list>
<bind>
<opcode="write(1151) " fcode="write"/>
<opset="write_ln32/3 "/>
</bind>
</comp>

<comp id="340" class="1005" name="i_0_reg_340">
<pin_list>
<pin id="341" dir="0" index="0" bw="7" slack="1"/>
<pin id="342" dir="1" index="1" bw="7" slack="1"/>
</pin_list>
<bind>
<opset="i_0 (phireg) "/>
</bind>
</comp>

<comp id="344" class="1004" name="i_0_phi_fu_344">
<pin_list>
<pin id="345" dir="0" index="0" bw="1" slack="1"/>
<pin id="346" dir="0" index="1" bw="0" slack="2147483647"/>
<pin id="347" dir="0" index="2" bw="7" slack="0"/>
<pin id="348" dir="0" index="3" bw="0" slack="2147483647"/>
<pin id="349" dir="1" index="4" bw="7" slack="0"/>
</pin_list>
<bind>
<opcode="phi(47) " fcode="phi"/>
<opset="i_0/2 "/>
</bind>
</comp>

<comp id="351" class="1004" name="icmp_ln19_fu_351">
<pin_list>
<pin id="352" dir="0" index="0" bw="7" slack="0"/>
<pin id="353" dir="0" index="1" bw="7" slack="0"/>
<pin id="354" dir="1" index="2" bw="1" slack="1"/>
</pin_list>
<bind>
<opcode="icmp(45) " fcode="icmp"/>
<opset="icmp_ln19/2 "/>
</bind>
</comp>

<comp id="357" class="1004" name="i_fu_357">
<pin_list>
<pin id="358" dir="0" index="0" bw="7" slack="0"/>
<pin id="359" dir="0" index="1" bw="1" slack="0"/>
<pin id="360" dir="1" index="2" bw="7" slack="0"/>
</pin_list>
<bind>
<opcode="add(8) " fcode="add"/>
<opset="i/2 "/>
</bind>
</comp>

<comp id="363" class="1004" name="tmp_data_V_0_fu_363">
<pin_list>
<pin id="364" dir="0" index="0" bw="448" slack="0"/>
<pin id="365" dir="1" index="1" bw="14" slack="0"/>
</pin_list>
<bind>
<opcode="extractvalue(56) " fcode="extractvalue"/>
<opset="tmp_data_V_0/3 "/>
</bind>
</comp>

<comp id="367" class="1004" name="tmp_data_V_1_fu_367">
<pin_list>
<pin id="368" dir="0" index="0" bw="448" slack="0"/>
<pin id="369" dir="1" index="1" bw="14" slack="0"/>
</pin_list>
<bind>
<opcode="extractvalue(56) " fcode="extractvalue"/>
<opset="tmp_data_V_1/3 "/>
</bind>
</comp>

<comp id="371" class="1004" name="tmp_data_V_2_fu_371">
<pin_list>
<pin id="372" dir="0" index="0" bw="448" slack="0"/>
<pin id="373" dir="1" index="1" bw="14" slack="0"/>
</pin_list>
<bind>
<opcode="extractvalue(56) " fcode="extractvalue"/>
<opset="tmp_data_V_2/3 "/>
</bind>
</comp>

<comp id="375" class="1004" name="tmp_data_V_3_fu_375">
<pin_list>
<pin id="376" dir="0" index="0" bw="448" slack="0"/>
<pin id="377" dir="1" index="1" bw="14" slack="0"/>
</pin_list>
<bind>
<opcode="extractvalue(56) " fcode="extractvalue"/>
<opset="tmp_data_V_3/3 "/>
</bind>
</comp>

<comp id="379" class="1004" name="tmp_data_V_4_fu_379">
<pin_list>
<pin id="380" dir="0" index="0" bw="448" slack="0"/>
<pin id="381" dir="1" index="1" bw="14" slack="0"/>
</pin_list>
<bind>
<opcode="extractvalue(56) " fcode="extractvalue"/>
<opset="tmp_data_V_4/3 "/>
</bind>
</comp>

<comp id="383" class="1004" name="tmp_data_V_5_fu_383">
<pin_list>
<pin id="384" dir="0" index="0" bw="448" slack="0"/>
<pin id="385" dir="1" index="1" bw="14" slack="0"/>
</pin_list>
<bind>
<opcode="extractvalue(56) " fcode="extractvalue"/>
<opset="tmp_data_V_5/3 "/>
</bind>
</comp>

<comp id="387" class="1004" name="tmp_data_V_6_fu_387">
<pin_list>
<pin id="388" dir="0" index="0" bw="448" slack="0"/>
<pin id="389" dir="1" index="1" bw="14" slack="0"/>
</pin_list>
<bind>
<opcode="extractvalue(56) " fcode="extractvalue"/>
<opset="tmp_data_V_6/3 "/>
</bind>
</comp>

<comp id="391" class="1004" name="tmp_data_V_7_fu_391">
<pin_list>
<pin id="392" dir="0" index="0" bw="448" slack="0"/>
<pin id="393" dir="1" index="1" bw="14" slack="0"/>
</pin_list>
<bind>
<opcode="extractvalue(56) " fcode="extractvalue"/>
<opset="tmp_data_V_7/3 "/>
</bind>
</comp>

<comp id="395" class="1004" name="tmp_data_V_8_fu_395">
<pin_list>
<pin id="396" dir="0" index="0" bw="448" slack="0"/>
<pin id="397" dir="1" index="1" bw="14" slack="0"/>
</pin_list>
<bind>
<opcode="extractvalue(56) " fcode="extractvalue"/>
<opset="tmp_data_V_8/3 "/>
</bind>
</comp>

<comp id="399" class="1004" name="tmp_data_V_9_fu_399">
<pin_list>
<pin id="400" dir="0" index="0" bw="448" slack="0"/>
<pin id="401" dir="1" index="1" bw="14" slack="0"/>
</pin_list>
<bind>
<opcode="extractvalue(56) " fcode="extractvalue"/>
<opset="tmp_data_V_9/3 "/>
</bind>
</comp>

<comp id="403" class="1004" name="tmp_data_V_10_fu_403">
<pin_list>
<pin id="404" dir="0" index="0" bw="448" slack="0"/>
<pin id="405" dir="1" index="1" bw="14" slack="0"/>
</pin_list>
<bind>
<opcode="extractvalue(56) " fcode="extractvalue"/>
<opset="tmp_data_V_10/3 "/>
</bind>
</comp>

<comp id="407" class="1004" name="tmp_data_V_11_fu_407">
<pin_list>
<pin id="408" dir="0" index="0" bw="448" slack="0"/>
<pin id="409" dir="1" index="1" bw="14" slack="0"/>
</pin_list>
<bind>
<opcode="extractvalue(56) " fcode="extractvalue"/>
<opset="tmp_data_V_11/3 "/>
</bind>
</comp>

<comp id="411" class="1004" name="tmp_data_V_12_fu_411">
<pin_list>
<pin id="412" dir="0" index="0" bw="448" slack="0"/>
<pin id="413" dir="1" index="1" bw="14" slack="0"/>
</pin_list>
<bind>
<opcode="extractvalue(56) " fcode="extractvalue"/>
<opset="tmp_data_V_12/3 "/>
</bind>
</comp>

<comp id="415" class="1004" name="tmp_data_V_13_fu_415">
<pin_list>
<pin id="416" dir="0" index="0" bw="448" slack="0"/>
<pin id="417" dir="1" index="1" bw="14" slack="0"/>
</pin_list>
<bind>
<opcode="extractvalue(56) " fcode="extractvalue"/>
<opset="tmp_data_V_13/3 "/>
</bind>
</comp>

<comp id="419" class="1004" name="tmp_data_V_1437_fu_419">
<pin_list>
<pin id="420" dir="0" index="0" bw="448" slack="0"/>
<pin id="421" dir="1" index="1" bw="14" slack="0"/>
</pin_list>
<bind>
<opcode="extractvalue(56) " fcode="extractvalue"/>
<opset="tmp_data_V_1437/3 "/>
</bind>
</comp>

<comp id="423" class="1004" name="tmp_data_V_15_fu_423">
<pin_list>
<pin id="424" dir="0" index="0" bw="448" slack="0"/>
<pin id="425" dir="1" index="1" bw="14" slack="0"/>
</pin_list>
<bind>
<opcode="extractvalue(56) " fcode="extractvalue"/>
<opset="tmp_data_V_15/3 "/>
</bind>
</comp>

<comp id="427" class="1004" name="tmp_data_V_16_fu_427">
<pin_list>
<pin id="428" dir="0" index="0" bw="448" slack="0"/>
<pin id="429" dir="1" index="1" bw="14" slack="0"/>
</pin_list>
<bind>
<opcode="extractvalue(56) " fcode="extractvalue"/>
<opset="tmp_data_V_16/3 "/>
</bind>
</comp>

<comp id="431" class="1004" name="tmp_data_V_17_fu_431">
<pin_list>
<pin id="432" dir="0" index="0" bw="448" slack="0"/>
<pin id="433" dir="1" index="1" bw="14" slack="0"/>
</pin_list>
<bind>
<opcode="extractvalue(56) " fcode="extractvalue"/>
<opset="tmp_data_V_17/3 "/>
</bind>
</comp>

<comp id="435" class="1004" name="tmp_data_V_18_fu_435">
<pin_list>
<pin id="436" dir="0" index="0" bw="448" slack="0"/>
<pin id="437" dir="1" index="1" bw="14" slack="0"/>
</pin_list>
<bind>
<opcode="extractvalue(56) " fcode="extractvalue"/>
<opset="tmp_data_V_18/3 "/>
</bind>
</comp>

<comp id="439" class="1004" name="tmp_data_V_19_fu_439">
<pin_list>
<pin id="440" dir="0" index="0" bw="448" slack="0"/>
<pin id="441" dir="1" index="1" bw="14" slack="0"/>
</pin_list>
<bind>
<opcode="extractvalue(56) " fcode="extractvalue"/>
<opset="tmp_data_V_19/3 "/>
</bind>
</comp>

<comp id="443" class="1004" name="tmp_data_V_20_fu_443">
<pin_list>
<pin id="444" dir="0" index="0" bw="448" slack="0"/>
<pin id="445" dir="1" index="1" bw="14" slack="0"/>
</pin_list>
<bind>
<opcode="extractvalue(56) " fcode="extractvalue"/>
<opset="tmp_data_V_20/3 "/>
</bind>
</comp>

<comp id="447" class="1004" name="tmp_data_V_21_fu_447">
<pin_list>
<pin id="448" dir="0" index="0" bw="448" slack="0"/>
<pin id="449" dir="1" index="1" bw="14" slack="0"/>
</pin_list>
<bind>
<opcode="extractvalue(56) " fcode="extractvalue"/>
<opset="tmp_data_V_21/3 "/>
</bind>
</comp>

<comp id="451" class="1004" name="tmp_data_V_22_fu_451">
<pin_list>
<pin id="452" dir="0" index="0" bw="448" slack="0"/>
<pin id="453" dir="1" index="1" bw="14" slack="0"/>
</pin_list>
<bind>
<opcode="extractvalue(56) " fcode="extractvalue"/>
<opset="tmp_data_V_22/3 "/>
</bind>
</comp>

<comp id="455" class="1004" name="tmp_data_V_23_fu_455">
<pin_list>
<pin id="456" dir="0" index="0" bw="448" slack="0"/>
<pin id="457" dir="1" index="1" bw="14" slack="0"/>
</pin_list>
<bind>
<opcode="extractvalue(56) " fcode="extractvalue"/>
<opset="tmp_data_V_23/3 "/>
</bind>
</comp>

<comp id="459" class="1004" name="tmp_data_V_24_fu_459">
<pin_list>
<pin id="460" dir="0" index="0" bw="448" slack="0"/>
<pin id="461" dir="1" index="1" bw="14" slack="0"/>
</pin_list>
<bind>
<opcode="extractvalue(56) " fcode="extractvalue"/>
<opset="tmp_data_V_24/3 "/>
</bind>
</comp>

<comp id="463" class="1004" name="tmp_data_V_25_fu_463">
<pin_list>
<pin id="464" dir="0" index="0" bw="448" slack="0"/>
<pin id="465" dir="1" index="1" bw="14" slack="0"/>
</pin_list>
<bind>
<opcode="extractvalue(56) " fcode="extractvalue"/>
<opset="tmp_data_V_25/3 "/>
</bind>
</comp>

<comp id="467" class="1004" name="tmp_data_V_26_fu_467">
<pin_list>
<pin id="468" dir="0" index="0" bw="448" slack="0"/>
<pin id="469" dir="1" index="1" bw="14" slack="0"/>
</pin_list>
<bind>
<opcode="extractvalue(56) " fcode="extractvalue"/>
<opset="tmp_data_V_26/3 "/>
</bind>
</comp>

<comp id="471" class="1004" name="tmp_data_V_27_fu_471">
<pin_list>
<pin id="472" dir="0" index="0" bw="448" slack="0"/>
<pin id="473" dir="1" index="1" bw="14" slack="0"/>
</pin_list>
<bind>
<opcode="extractvalue(56) " fcode="extractvalue"/>
<opset="tmp_data_V_27/3 "/>
</bind>
</comp>

<comp id="475" class="1004" name="tmp_data_V_28_fu_475">
<pin_list>
<pin id="476" dir="0" index="0" bw="448" slack="0"/>
<pin id="477" dir="1" index="1" bw="14" slack="0"/>
</pin_list>
<bind>
<opcode="extractvalue(56) " fcode="extractvalue"/>
<opset="tmp_data_V_28/3 "/>
</bind>
</comp>

<comp id="479" class="1004" name="tmp_data_V_29_fu_479">
<pin_list>
<pin id="480" dir="0" index="0" bw="448" slack="0"/>
<pin id="481" dir="1" index="1" bw="14" slack="0"/>
</pin_list>
<bind>
<opcode="extractvalue(56) " fcode="extractvalue"/>
<opset="tmp_data_V_29/3 "/>
</bind>
</comp>

<comp id="483" class="1004" name="tmp_data_V_30_fu_483">
<pin_list>
<pin id="484" dir="0" index="0" bw="448" slack="0"/>
<pin id="485" dir="1" index="1" bw="14" slack="0"/>
</pin_list>
<bind>
<opcode="extractvalue(56) " fcode="extractvalue"/>
<opset="tmp_data_V_30/3 "/>
</bind>
</comp>

<comp id="487" class="1004" name="tmp_data_V_31_fu_487">
<pin_list>
<pin id="488" dir="0" index="0" bw="448" slack="0"/>
<pin id="489" dir="1" index="1" bw="14" slack="0"/>
</pin_list>
<bind>
<opcode="extractvalue(56) " fcode="extractvalue"/>
<opset="tmp_data_V_31/3 "/>
</bind>
</comp>

<comp id="491" class="1004" name="tmp_data_0_V_fu_491">
<pin_list>
<pin id="492" dir="0" index="0" bw="14" slack="0"/>
<pin id="493" dir="0" index="1" bw="3" slack="0"/>
<pin id="494" dir="1" index="2" bw="14" slack="0"/>
</pin_list>
<bind>
<opcode="shl(20) " fcode="shl"/>
<opset="tmp_data_0_V/3 "/>
</bind>
</comp>

<comp id="498" class="1004" name="tmp_data_1_V_fu_498">
<pin_list>
<pin id="499" dir="0" index="0" bw="14" slack="0"/>
<pin id="500" dir="0" index="1" bw="3" slack="0"/>
<pin id="501" dir="1" index="2" bw="14" slack="0"/>
</pin_list>
<bind>
<opcode="shl(20) " fcode="shl"/>
<opset="tmp_data_1_V/3 "/>
</bind>
</comp>

<comp id="505" class="1004" name="tmp_data_2_V_fu_505">
<pin_list>
<pin id="506" dir="0" index="0" bw="14" slack="0"/>
<pin id="507" dir="0" index="1" bw="3" slack="0"/>
<pin id="508" dir="1" index="2" bw="14" slack="0"/>
</pin_list>
<bind>
<opcode="shl(20) " fcode="shl"/>
<opset="tmp_data_2_V/3 "/>
</bind>
</comp>

<comp id="512" class="1004" name="tmp_data_3_V_fu_512">
<pin_list>
<pin id="513" dir="0" index="0" bw="14" slack="0"/>
<pin id="514" dir="0" index="1" bw="3" slack="0"/>
<pin id="515" dir="1" index="2" bw="14" slack="0"/>
</pin_list>
<bind>
<opcode="shl(20) " fcode="shl"/>
<opset="tmp_data_3_V/3 "/>
</bind>
</comp>

<comp id="519" class="1004" name="tmp_data_4_V_fu_519">
<pin_list>
<pin id="520" dir="0" index="0" bw="14" slack="0"/>
<pin id="521" dir="0" index="1" bw="3" slack="0"/>
<pin id="522" dir="1" index="2" bw="14" slack="0"/>
</pin_list>
<bind>
<opcode="shl(20) " fcode="shl"/>
<opset="tmp_data_4_V/3 "/>
</bind>
</comp>

<comp id="526" class="1004" name="tmp_data_5_V_fu_526">
<pin_list>
<pin id="527" dir="0" index="0" bw="14" slack="0"/>
<pin id="528" dir="0" index="1" bw="3" slack="0"/>
<pin id="529" dir="1" index="2" bw="14" slack="0"/>
</pin_list>
<bind>
<opcode="shl(20) " fcode="shl"/>
<opset="tmp_data_5_V/3 "/>
</bind>
</comp>

<comp id="533" class="1004" name="tmp_data_6_V_fu_533">
<pin_list>
<pin id="534" dir="0" index="0" bw="14" slack="0"/>
<pin id="535" dir="0" index="1" bw="3" slack="0"/>
<pin id="536" dir="1" index="2" bw="14" slack="0"/>
</pin_list>
<bind>
<opcode="shl(20) " fcode="shl"/>
<opset="tmp_data_6_V/3 "/>
</bind>
</comp>

<comp id="540" class="1004" name="tmp_data_7_V_fu_540">
<pin_list>
<pin id="541" dir="0" index="0" bw="14" slack="0"/>
<pin id="542" dir="0" index="1" bw="3" slack="0"/>
<pin id="543" dir="1" index="2" bw="14" slack="0"/>
</pin_list>
<bind>
<opcode="shl(20) " fcode="shl"/>
<opset="tmp_data_7_V/3 "/>
</bind>
</comp>

<comp id="547" class="1004" name="tmp_data_8_V_fu_547">
<pin_list>
<pin id="548" dir="0" index="0" bw="14" slack="0"/>
<pin id="549" dir="0" index="1" bw="3" slack="0"/>
<pin id="550" dir="1" index="2" bw="14" slack="0"/>
</pin_list>
<bind>
<opcode="shl(20) " fcode="shl"/>
<opset="tmp_data_8_V/3 "/>
</bind>
</comp>

<comp id="554" class="1004" name="tmp_data_9_V_fu_554">
<pin_list>
<pin id="555" dir="0" index="0" bw="14" slack="0"/>
<pin id="556" dir="0" index="1" bw="3" slack="0"/>
<pin id="557" dir="1" index="2" bw="14" slack="0"/>
</pin_list>
<bind>
<opcode="shl(20) " fcode="shl"/>
<opset="tmp_data_9_V/3 "/>
</bind>
</comp>

<comp id="561" class="1004" name="tmp_data_10_V_fu_561">
<pin_list>
<pin id="562" dir="0" index="0" bw="14" slack="0"/>
<pin id="563" dir="0" index="1" bw="3" slack="0"/>
<pin id="564" dir="1" index="2" bw="14" slack="0"/>
</pin_list>
<bind>
<opcode="shl(20) " fcode="shl"/>
<opset="tmp_data_10_V/3 "/>
</bind>
</comp>

<comp id="568" class="1004" name="tmp_data_11_V_fu_568">
<pin_list>
<pin id="569" dir="0" index="0" bw="14" slack="0"/>
<pin id="570" dir="0" index="1" bw="3" slack="0"/>
<pin id="571" dir="1" index="2" bw="14" slack="0"/>
</pin_list>
<bind>
<opcode="shl(20) " fcode="shl"/>
<opset="tmp_data_11_V/3 "/>
</bind>
</comp>

<comp id="575" class="1004" name="tmp_data_12_V_fu_575">
<pin_list>
<pin id="576" dir="0" index="0" bw="14" slack="0"/>
<pin id="577" dir="0" index="1" bw="3" slack="0"/>
<pin id="578" dir="1" index="2" bw="14" slack="0"/>
</pin_list>
<bind>
<opcode="shl(20) " fcode="shl"/>
<opset="tmp_data_12_V/3 "/>
</bind>
</comp>

<comp id="582" class="1004" name="tmp_data_13_V_fu_582">
<pin_list>
<pin id="583" dir="0" index="0" bw="14" slack="0"/>
<pin id="584" dir="0" index="1" bw="3" slack="0"/>
<pin id="585" dir="1" index="2" bw="14" slack="0"/>
</pin_list>
<bind>
<opcode="shl(20) " fcode="shl"/>
<opset="tmp_data_13_V/3 "/>
</bind>
</comp>

<comp id="589" class="1004" name="tmp_data_14_V_fu_589">
<pin_list>
<pin id="590" dir="0" index="0" bw="14" slack="0"/>
<pin id="591" dir="0" index="1" bw="3" slack="0"/>
<pin id="592" dir="1" index="2" bw="14" slack="0"/>
</pin_list>
<bind>
<opcode="shl(20) " fcode="shl"/>
<opset="tmp_data_14_V/3 "/>
</bind>
</comp>

<comp id="596" class="1004" name="tmp_data_15_V_fu_596">
<pin_list>
<pin id="597" dir="0" index="0" bw="14" slack="0"/>
<pin id="598" dir="0" index="1" bw="3" slack="0"/>
<pin id="599" dir="1" index="2" bw="14" slack="0"/>
</pin_list>
<bind>
<opcode="shl(20) " fcode="shl"/>
<opset="tmp_data_15_V/3 "/>
</bind>
</comp>

<comp id="603" class="1004" name="tmp_data_16_V_fu_603">
<pin_list>
<pin id="604" dir="0" index="0" bw="14" slack="0"/>
<pin id="605" dir="0" index="1" bw="3" slack="0"/>
<pin id="606" dir="1" index="2" bw="14" slack="0"/>
</pin_list>
<bind>
<opcode="shl(20) " fcode="shl"/>
<opset="tmp_data_16_V/3 "/>
</bind>
</comp>

<comp id="610" class="1004" name="tmp_data_17_V_fu_610">
<pin_list>
<pin id="611" dir="0" index="0" bw="14" slack="0"/>
<pin id="612" dir="0" index="1" bw="3" slack="0"/>
<pin id="613" dir="1" index="2" bw="14" slack="0"/>
</pin_list>
<bind>
<opcode="shl(20) " fcode="shl"/>
<opset="tmp_data_17_V/3 "/>
</bind>
</comp>

<comp id="617" class="1004" name="tmp_data_18_V_fu_617">
<pin_list>
<pin id="618" dir="0" index="0" bw="14" slack="0"/>
<pin id="619" dir="0" index="1" bw="3" slack="0"/>
<pin id="620" dir="1" index="2" bw="14" slack="0"/>
</pin_list>
<bind>
<opcode="shl(20) " fcode="shl"/>
<opset="tmp_data_18_V/3 "/>
</bind>
</comp>

<comp id="624" class="1004" name="tmp_data_19_V_fu_624">
<pin_list>
<pin id="625" dir="0" index="0" bw="14" slack="0"/>
<pin id="626" dir="0" index="1" bw="3" slack="0"/>
<pin id="627" dir="1" index="2" bw="14" slack="0"/>
</pin_list>
<bind>
<opcode="shl(20) " fcode="shl"/>
<opset="tmp_data_19_V/3 "/>
</bind>
</comp>

<comp id="631" class="1004" name="tmp_data_20_V_fu_631">
<pin_list>
<pin id="632" dir="0" index="0" bw="14" slack="0"/>
<pin id="633" dir="0" index="1" bw="3" slack="0"/>
<pin id="634" dir="1" index="2" bw="14" slack="0"/>
</pin_list>
<bind>
<opcode="shl(20) " fcode="shl"/>
<opset="tmp_data_20_V/3 "/>
</bind>
</comp>

<comp id="638" class="1004" name="tmp_data_21_V_fu_638">
<pin_list>
<pin id="639" dir="0" index="0" bw="14" slack="0"/>
<pin id="640" dir="0" index="1" bw="3" slack="0"/>
<pin id="641" dir="1" index="2" bw="14" slack="0"/>
</pin_list>
<bind>
<opcode="shl(20) " fcode="shl"/>
<opset="tmp_data_21_V/3 "/>
</bind>
</comp>

<comp id="645" class="1004" name="tmp_data_22_V_fu_645">
<pin_list>
<pin id="646" dir="0" index="0" bw="14" slack="0"/>
<pin id="647" dir="0" index="1" bw="3" slack="0"/>
<pin id="648" dir="1" index="2" bw="14" slack="0"/>
</pin_list>
<bind>
<opcode="shl(20) " fcode="shl"/>
<opset="tmp_data_22_V/3 "/>
</bind>
</comp>

<comp id="652" class="1004" name="tmp_data_23_V_fu_652">
<pin_list>
<pin id="653" dir="0" index="0" bw="14" slack="0"/>
<pin id="654" dir="0" index="1" bw="3" slack="0"/>
<pin id="655" dir="1" index="2" bw="14" slack="0"/>
</pin_list>
<bind>
<opcode="shl(20) " fcode="shl"/>
<opset="tmp_data_23_V/3 "/>
</bind>
</comp>

<comp id="659" class="1004" name="tmp_data_24_V_fu_659">
<pin_list>
<pin id="660" dir="0" index="0" bw="14" slack="0"/>
<pin id="661" dir="0" index="1" bw="3" slack="0"/>
<pin id="662" dir="1" index="2" bw="14" slack="0"/>
</pin_list>
<bind>
<opcode="shl(20) " fcode="shl"/>
<opset="tmp_data_24_V/3 "/>
</bind>
</comp>

<comp id="666" class="1004" name="tmp_data_25_V_fu_666">
<pin_list>
<pin id="667" dir="0" index="0" bw="14" slack="0"/>
<pin id="668" dir="0" index="1" bw="3" slack="0"/>
<pin id="669" dir="1" index="2" bw="14" slack="0"/>
</pin_list>
<bind>
<opcode="shl(20) " fcode="shl"/>
<opset="tmp_data_25_V/3 "/>
</bind>
</comp>

<comp id="673" class="1004" name="tmp_data_26_V_fu_673">
<pin_list>
<pin id="674" dir="0" index="0" bw="14" slack="0"/>
<pin id="675" dir="0" index="1" bw="3" slack="0"/>
<pin id="676" dir="1" index="2" bw="14" slack="0"/>
</pin_list>
<bind>
<opcode="shl(20) " fcode="shl"/>
<opset="tmp_data_26_V/3 "/>
</bind>
</comp>

<comp id="680" class="1004" name="tmp_data_27_V_fu_680">
<pin_list>
<pin id="681" dir="0" index="0" bw="14" slack="0"/>
<pin id="682" dir="0" index="1" bw="3" slack="0"/>
<pin id="683" dir="1" index="2" bw="14" slack="0"/>
</pin_list>
<bind>
<opcode="shl(20) " fcode="shl"/>
<opset="tmp_data_27_V/3 "/>
</bind>
</comp>

<comp id="687" class="1004" name="tmp_data_28_V_fu_687">
<pin_list>
<pin id="688" dir="0" index="0" bw="14" slack="0"/>
<pin id="689" dir="0" index="1" bw="3" slack="0"/>
<pin id="690" dir="1" index="2" bw="14" slack="0"/>
</pin_list>
<bind>
<opcode="shl(20) " fcode="shl"/>
<opset="tmp_data_28_V/3 "/>
</bind>
</comp>

<comp id="694" class="1004" name="tmp_data_29_V_fu_694">
<pin_list>
<pin id="695" dir="0" index="0" bw="14" slack="0"/>
<pin id="696" dir="0" index="1" bw="3" slack="0"/>
<pin id="697" dir="1" index="2" bw="14" slack="0"/>
</pin_list>
<bind>
<opcode="shl(20) " fcode="shl"/>
<opset="tmp_data_29_V/3 "/>
</bind>
</comp>

<comp id="701" class="1004" name="tmp_data_30_V_fu_701">
<pin_list>
<pin id="702" dir="0" index="0" bw="14" slack="0"/>
<pin id="703" dir="0" index="1" bw="3" slack="0"/>
<pin id="704" dir="1" index="2" bw="14" slack="0"/>
</pin_list>
<bind>
<opcode="shl(20) " fcode="shl"/>
<opset="tmp_data_30_V/3 "/>
</bind>
</comp>

<comp id="708" class="1004" name="tmp_data_31_V_fu_708">
<pin_list>
<pin id="709" dir="0" index="0" bw="14" slack="0"/>
<pin id="710" dir="0" index="1" bw="3" slack="0"/>
<pin id="711" dir="1" index="2" bw="14" slack="0"/>
</pin_list>
<bind>
<opcode="shl(20) " fcode="shl"/>
<opset="tmp_data_31_V/3 "/>
</bind>
</comp>

<comp id="715" class="1005" name="icmp_ln19_reg_715">
<pin_list>
<pin id="716" dir="0" index="0" bw="1" slack="1"/>
<pin id="717" dir="1" index="1" bw="1" slack="2147483647"/>
</pin_list>
<bind>
<opset="icmp_ln19 "/>
</bind>
</comp>

<comp id="719" class="1005" name="i_reg_719">
<pin_list>
<pin id="720" dir="0" index="0" bw="7" slack="0"/>
<pin id="721" dir="1" index="1" bw="7" slack="0"/>
</pin_list>
<bind>
<opset="i "/>
</bind>
</comp>

</comp_list>

<net_list>
<net id="207"><net_src comp="164" pin="0"/><net_sink comp="172" pin=0"/></net>

<net id="208"><net_src comp="0" pin="0"/><net_sink comp="172" pin=1"/></net>

<net id="209"><net_src comp="2" pin="0"/><net_sink comp="172" pin=2"/></net>

<net id="210"><net_src comp="4" pin="0"/><net_sink comp="172" pin=3"/></net>

<net id="211"><net_src comp="6" pin="0"/><net_sink comp="172" pin=4"/></net>

<net id="212"><net_src comp="8" pin="0"/><net_sink comp="172" pin=5"/></net>

<net id="213"><net_src comp="10" pin="0"/><net_sink comp="172" pin=6"/></net>

<net id="214"><net_src comp="12" pin="0"/><net_sink comp="172" pin=7"/></net>

<net id="215"><net_src comp="14" pin="0"/><net_sink comp="172" pin=8"/></net>

<net id="216"><net_src comp="16" pin="0"/><net_sink comp="172" pin=9"/></net>

<net id="217"><net_src comp="18" pin="0"/><net_sink comp="172" pin=10"/></net>

<net id="218"><net_src comp="20" pin="0"/><net_sink comp="172" pin=11"/></net>

<net id="219"><net_src comp="22" pin="0"/><net_sink comp="172" pin=12"/></net>

<net id="220"><net_src comp="24" pin="0"/><net_sink comp="172" pin=13"/></net>

<net id="221"><net_src comp="26" pin="0"/><net_sink comp="172" pin=14"/></net>

<net id="222"><net_src comp="28" pin="0"/><net_sink comp="172" pin=15"/></net>

<net id="223"><net_src comp="30" pin="0"/><net_sink comp="172" pin=16"/></net>

<net id="224"><net_src comp="32" pin="0"/><net_sink comp="172" pin=17"/></net>

<net id="225"><net_src comp="34" pin="0"/><net_sink comp="172" pin=18"/></net>

<net id="226"><net_src comp="36" pin="0"/><net_sink comp="172" pin=19"/></net>

<net id="227"><net_src comp="38" pin="0"/><net_sink comp="172" pin=20"/></net>

<net id="228"><net_src comp="40" pin="0"/><net_sink comp="172" pin=21"/></net>

<net id="229"><net_src comp="42" pin="0"/><net_sink comp="172" pin=22"/></net>

<net id="230"><net_src comp="44" pin="0"/><net_sink comp="172" pin=23"/></net>

<net id="231"><net_src comp="46" pin="0"/><net_sink comp="172" pin=24"/></net>

<net id="232"><net_src comp="48" pin="0"/><net_sink comp="172" pin=25"/></net>

<net id="233"><net_src comp="50" pin="0"/><net_sink comp="172" pin=26"/></net>

<net id="234"><net_src comp="52" pin="0"/><net_sink comp="172" pin=27"/></net>

<net id="235"><net_src comp="54" pin="0"/><net_sink comp="172" pin=28"/></net>

<net id="236"><net_src comp="56" pin="0"/><net_sink comp="172" pin=29"/></net>

<net id="237"><net_src comp="58" pin="0"/><net_sink comp="172" pin=30"/></net>

<net id="238"><net_src comp="60" pin="0"/><net_sink comp="172" pin=31"/></net>

<net id="239"><net_src comp="62" pin="0"/><net_sink comp="172" pin=32"/></net>

<net id="307"><net_src comp="168" pin="0"/><net_sink comp="240" pin=0"/></net>

<net id="308"><net_src comp="64" pin="0"/><net_sink comp="240" pin=1"/></net>

<net id="309"><net_src comp="66" pin="0"/><net_sink comp="240" pin=2"/></net>

<net id="310"><net_src comp="68" pin="0"/><net_sink comp="240" pin=3"/></net>

<net id="311"><net_src comp="70" pin="0"/><net_sink comp="240" pin=4"/></net>

<net id="312"><net_src comp="72" pin="0"/><net_sink comp="240" pin=5"/></net>

<net id="313"><net_src comp="74" pin="0"/><net_sink comp="240" pin=6"/></net>

<net id="314"><net_src comp="76" pin="0"/><net_sink comp="240" pin=7"/></net>

<net id="315"><net_src comp="78" pin="0"/><net_sink comp="240" pin=8"/></net>

<net id="316"><net_src comp="80" pin="0"/><net_sink comp="240" pin=9"/></net>

<net id="317"><net_src comp="82" pin="0"/><net_sink comp="240" pin=10"/></net>

<net id="318"><net_src comp="84" pin="0"/><net_sink comp="240" pin=11"/></net>

<net id="319"><net_src comp="86" pin="0"/><net_sink comp="240" pin=12"/></net>

<net id="320"><net_src comp="88" pin="0"/><net_sink comp="240" pin=13"/></net>

<net id="321"><net_src comp="90" pin="0"/><net_sink comp="240" pin=14"/></net>

<net id="322"><net_src comp="92" pin="0"/><net_sink comp="240" pin=15"/></net>

<net id="323"><net_src comp="94" pin="0"/><net_sink comp="240" pin=16"/></net>

<net id="324"><net_src comp="96" pin="0"/><net_sink comp="240" pin=17"/></net>

<net id="325"><net_src comp="98" pin="0"/><net_sink comp="240" pin=18"/></net>

<net id="326"><net_src comp="100" pin="0"/><net_sink comp="240" pin=19"/></net>

<net id="327"><net_src comp="102" pin="0"/><net_sink comp="240" pin=20"/></net>

<net id="328"><net_src comp="104" pin="0"/><net_sink comp="240" pin=21"/></net>

<net id="329"><net_src comp="106" pin="0"/><net_sink comp="240" pin=22"/></net>

<net id="330"><net_src comp="108" pin="0"/><net_sink comp="240" pin=23"/></net>

<net id="331"><net_src comp="110" pin="0"/><net_sink comp="240" pin=24"/></net>

<net id="332"><net_src comp="112" pin="0"/><net_sink comp="240" pin=25"/></net>

<net id="333"><net_src comp="114" pin="0"/><net_sink comp="240" pin=26"/></net>

<net id="334"><net_src comp="116" pin="0"/><net_sink comp="240" pin=27"/></net>

<net id="335"><net_src comp="118" pin="0"/><net_sink comp="240" pin=28"/></net>

<net id="336"><net_src comp="120" pin="0"/><net_sink comp="240" pin=29"/></net>

<net id="337"><net_src comp="122" pin="0"/><net_sink comp="240" pin=30"/></net>

<net id="338"><net_src comp="124" pin="0"/><net_sink comp="240" pin=31"/></net>

<net id="339"><net_src comp="126" pin="0"/><net_sink comp="240" pin=32"/></net>

<net id="343"><net_src comp="140" pin="0"/><net_sink comp="340" pin=0"/></net>

<net id="350"><net_src comp="340" pin="1"/><net_sink comp="344" pin=0"/></net>

<net id="355"><net_src comp="344" pin="4"/><net_sink comp="351" pin=0"/></net>

<net id="356"><net_src comp="142" pin="0"/><net_sink comp="351" pin=1"/></net>

<net id="361"><net_src comp="344" pin="4"/><net_sink comp="357" pin=0"/></net>

<net id="362"><net_src comp="148" pin="0"/><net_sink comp="357" pin=1"/></net>

<net id="366"><net_src comp="172" pin="33"/><net_sink comp="363" pin=0"/></net>

<net id="370"><net_src comp="172" pin="33"/><net_sink comp="367" pin=0"/></net>

<net id="374"><net_src comp="172" pin="33"/><net_sink comp="371" pin=0"/></net>

<net id="378"><net_src comp="172" pin="33"/><net_sink comp="375" pin=0"/></net>

<net id="382"><net_src comp="172" pin="33"/><net_sink comp="379" pin=0"/></net>

<net id="386"><net_src comp="172" pin="33"/><net_sink comp="383" pin=0"/></net>

<net id="390"><net_src comp="172" pin="33"/><net_sink comp="387" pin=0"/></net>

<net id="394"><net_src comp="172" pin="33"/><net_sink comp="391" pin=0"/></net>

<net id="398"><net_src comp="172" pin="33"/><net_sink comp="395" pin=0"/></net>

<net id="402"><net_src comp="172" pin="33"/><net_sink comp="399" pin=0"/></net>

<net id="406"><net_src comp="172" pin="33"/><net_sink comp="403" pin=0"/></net>

<net id="410"><net_src comp="172" pin="33"/><net_sink comp="407" pin=0"/></net>

<net id="414"><net_src comp="172" pin="33"/><net_sink comp="411" pin=0"/></net>

<net id="418"><net_src comp="172" pin="33"/><net_sink comp="415" pin=0"/></net>

<net id="422"><net_src comp="172" pin="33"/><net_sink comp="419" pin=0"/></net>

<net id="426"><net_src comp="172" pin="33"/><net_sink comp="423" pin=0"/></net>

<net id="430"><net_src comp="172" pin="33"/><net_sink comp="427" pin=0"/></net>

<net id="434"><net_src comp="172" pin="33"/><net_sink comp="431" pin=0"/></net>

<net id="438"><net_src comp="172" pin="33"/><net_sink comp="435" pin=0"/></net>

<net id="442"><net_src comp="172" pin="33"/><net_sink comp="439" pin=0"/></net>

<net id="446"><net_src comp="172" pin="33"/><net_sink comp="443" pin=0"/></net>

<net id="450"><net_src comp="172" pin="33"/><net_sink comp="447" pin=0"/></net>

<net id="454"><net_src comp="172" pin="33"/><net_sink comp="451" pin=0"/></net>

<net id="458"><net_src comp="172" pin="33"/><net_sink comp="455" pin=0"/></net>

<net id="462"><net_src comp="172" pin="33"/><net_sink comp="459" pin=0"/></net>

<net id="466"><net_src comp="172" pin="33"/><net_sink comp="463" pin=0"/></net>

<net id="470"><net_src comp="172" pin="33"/><net_sink comp="467" pin=0"/></net>

<net id="474"><net_src comp="172" pin="33"/><net_sink comp="471" pin=0"/></net>

<net id="478"><net_src comp="172" pin="33"/><net_sink comp="475" pin=0"/></net>

<net id="482"><net_src comp="172" pin="33"/><net_sink comp="479" pin=0"/></net>

<net id="486"><net_src comp="172" pin="33"/><net_sink comp="483" pin=0"/></net>

<net id="490"><net_src comp="172" pin="33"/><net_sink comp="487" pin=0"/></net>

<net id="495"><net_src comp="363" pin="1"/><net_sink comp="491" pin=0"/></net>

<net id="496"><net_src comp="166" pin="0"/><net_sink comp="491" pin=1"/></net>

<net id="497"><net_src comp="491" pin="2"/><net_sink comp="240" pin=33"/></net>

<net id="502"><net_src comp="367" pin="1"/><net_sink comp="498" pin=0"/></net>

<net id="503"><net_src comp="166" pin="0"/><net_sink comp="498" pin=1"/></net>

<net id="504"><net_src comp="498" pin="2"/><net_sink comp="240" pin=34"/></net>

<net id="509"><net_src comp="371" pin="1"/><net_sink comp="505" pin=0"/></net>

<net id="510"><net_src comp="166" pin="0"/><net_sink comp="505" pin=1"/></net>

<net id="511"><net_src comp="505" pin="2"/><net_sink comp="240" pin=35"/></net>

<net id="516"><net_src comp="375" pin="1"/><net_sink comp="512" pin=0"/></net>

<net id="517"><net_src comp="166" pin="0"/><net_sink comp="512" pin=1"/></net>

<net id="518"><net_src comp="512" pin="2"/><net_sink comp="240" pin=36"/></net>

<net id="523"><net_src comp="379" pin="1"/><net_sink comp="519" pin=0"/></net>

<net id="524"><net_src comp="166" pin="0"/><net_sink comp="519" pin=1"/></net>

<net id="525"><net_src comp="519" pin="2"/><net_sink comp="240" pin=37"/></net>

<net id="530"><net_src comp="383" pin="1"/><net_sink comp="526" pin=0"/></net>

<net id="531"><net_src comp="166" pin="0"/><net_sink comp="526" pin=1"/></net>

<net id="532"><net_src comp="526" pin="2"/><net_sink comp="240" pin=38"/></net>

<net id="537"><net_src comp="387" pin="1"/><net_sink comp="533" pin=0"/></net>

<net id="538"><net_src comp="166" pin="0"/><net_sink comp="533" pin=1"/></net>

<net id="539"><net_src comp="533" pin="2"/><net_sink comp="240" pin=39"/></net>

<net id="544"><net_src comp="391" pin="1"/><net_sink comp="540" pin=0"/></net>

<net id="545"><net_src comp="166" pin="0"/><net_sink comp="540" pin=1"/></net>

<net id="546"><net_src comp="540" pin="2"/><net_sink comp="240" pin=40"/></net>

<net id="551"><net_src comp="395" pin="1"/><net_sink comp="547" pin=0"/></net>

<net id="552"><net_src comp="166" pin="0"/><net_sink comp="547" pin=1"/></net>

<net id="553"><net_src comp="547" pin="2"/><net_sink comp="240" pin=41"/></net>

<net id="558"><net_src comp="399" pin="1"/><net_sink comp="554" pin=0"/></net>

<net id="559"><net_src comp="166" pin="0"/><net_sink comp="554" pin=1"/></net>

<net id="560"><net_src comp="554" pin="2"/><net_sink comp="240" pin=42"/></net>

<net id="565"><net_src comp="403" pin="1"/><net_sink comp="561" pin=0"/></net>

<net id="566"><net_src comp="166" pin="0"/><net_sink comp="561" pin=1"/></net>

<net id="567"><net_src comp="561" pin="2"/><net_sink comp="240" pin=43"/></net>

<net id="572"><net_src comp="407" pin="1"/><net_sink comp="568" pin=0"/></net>

<net id="573"><net_src comp="166" pin="0"/><net_sink comp="568" pin=1"/></net>

<net id="574"><net_src comp="568" pin="2"/><net_sink comp="240" pin=44"/></net>

<net id="579"><net_src comp="411" pin="1"/><net_sink comp="575" pin=0"/></net>

<net id="580"><net_src comp="166" pin="0"/><net_sink comp="575" pin=1"/></net>

<net id="581"><net_src comp="575" pin="2"/><net_sink comp="240" pin=45"/></net>

<net id="586"><net_src comp="415" pin="1"/><net_sink comp="582" pin=0"/></net>

<net id="587"><net_src comp="166" pin="0"/><net_sink comp="582" pin=1"/></net>

<net id="588"><net_src comp="582" pin="2"/><net_sink comp="240" pin=46"/></net>

<net id="593"><net_src comp="419" pin="1"/><net_sink comp="589" pin=0"/></net>

<net id="594"><net_src comp="166" pin="0"/><net_sink comp="589" pin=1"/></net>

<net id="595"><net_src comp="589" pin="2"/><net_sink comp="240" pin=47"/></net>

<net id="600"><net_src comp="423" pin="1"/><net_sink comp="596" pin=0"/></net>

<net id="601"><net_src comp="166" pin="0"/><net_sink comp="596" pin=1"/></net>

<net id="602"><net_src comp="596" pin="2"/><net_sink comp="240" pin=48"/></net>

<net id="607"><net_src comp="427" pin="1"/><net_sink comp="603" pin=0"/></net>

<net id="608"><net_src comp="166" pin="0"/><net_sink comp="603" pin=1"/></net>

<net id="609"><net_src comp="603" pin="2"/><net_sink comp="240" pin=49"/></net>

<net id="614"><net_src comp="431" pin="1"/><net_sink comp="610" pin=0"/></net>

<net id="615"><net_src comp="166" pin="0"/><net_sink comp="610" pin=1"/></net>

<net id="616"><net_src comp="610" pin="2"/><net_sink comp="240" pin=50"/></net>

<net id="621"><net_src comp="435" pin="1"/><net_sink comp="617" pin=0"/></net>

<net id="622"><net_src comp="166" pin="0"/><net_sink comp="617" pin=1"/></net>

<net id="623"><net_src comp="617" pin="2"/><net_sink comp="240" pin=51"/></net>

<net id="628"><net_src comp="439" pin="1"/><net_sink comp="624" pin=0"/></net>

<net id="629"><net_src comp="166" pin="0"/><net_sink comp="624" pin=1"/></net>

<net id="630"><net_src comp="624" pin="2"/><net_sink comp="240" pin=52"/></net>

<net id="635"><net_src comp="443" pin="1"/><net_sink comp="631" pin=0"/></net>

<net id="636"><net_src comp="166" pin="0"/><net_sink comp="631" pin=1"/></net>

<net id="637"><net_src comp="631" pin="2"/><net_sink comp="240" pin=53"/></net>

<net id="642"><net_src comp="447" pin="1"/><net_sink comp="638" pin=0"/></net>

<net id="643"><net_src comp="166" pin="0"/><net_sink comp="638" pin=1"/></net>

<net id="644"><net_src comp="638" pin="2"/><net_sink comp="240" pin=54"/></net>

<net id="649"><net_src comp="451" pin="1"/><net_sink comp="645" pin=0"/></net>

<net id="650"><net_src comp="166" pin="0"/><net_sink comp="645" pin=1"/></net>

<net id="651"><net_src comp="645" pin="2"/><net_sink comp="240" pin=55"/></net>

<net id="656"><net_src comp="455" pin="1"/><net_sink comp="652" pin=0"/></net>

<net id="657"><net_src comp="166" pin="0"/><net_sink comp="652" pin=1"/></net>

<net id="658"><net_src comp="652" pin="2"/><net_sink comp="240" pin=56"/></net>

<net id="663"><net_src comp="459" pin="1"/><net_sink comp="659" pin=0"/></net>

<net id="664"><net_src comp="166" pin="0"/><net_sink comp="659" pin=1"/></net>

<net id="665"><net_src comp="659" pin="2"/><net_sink comp="240" pin=57"/></net>

<net id="670"><net_src comp="463" pin="1"/><net_sink comp="666" pin=0"/></net>

<net id="671"><net_src comp="166" pin="0"/><net_sink comp="666" pin=1"/></net>

<net id="672"><net_src comp="666" pin="2"/><net_sink comp="240" pin=58"/></net>

<net id="677"><net_src comp="467" pin="1"/><net_sink comp="673" pin=0"/></net>

<net id="678"><net_src comp="166" pin="0"/><net_sink comp="673" pin=1"/></net>

<net id="679"><net_src comp="673" pin="2"/><net_sink comp="240" pin=59"/></net>

<net id="684"><net_src comp="471" pin="1"/><net_sink comp="680" pin=0"/></net>

<net id="685"><net_src comp="166" pin="0"/><net_sink comp="680" pin=1"/></net>

<net id="686"><net_src comp="680" pin="2"/><net_sink comp="240" pin=60"/></net>

<net id="691"><net_src comp="475" pin="1"/><net_sink comp="687" pin=0"/></net>

<net id="692"><net_src comp="166" pin="0"/><net_sink comp="687" pin=1"/></net>

<net id="693"><net_src comp="687" pin="2"/><net_sink comp="240" pin=61"/></net>

<net id="698"><net_src comp="479" pin="1"/><net_sink comp="694" pin=0"/></net>

<net id="699"><net_src comp="166" pin="0"/><net_sink comp="694" pin=1"/></net>

<net id="700"><net_src comp="694" pin="2"/><net_sink comp="240" pin=62"/></net>

<net id="705"><net_src comp="483" pin="1"/><net_sink comp="701" pin=0"/></net>

<net id="706"><net_src comp="166" pin="0"/><net_sink comp="701" pin=1"/></net>

<net id="707"><net_src comp="701" pin="2"/><net_sink comp="240" pin=63"/></net>

<net id="712"><net_src comp="487" pin="1"/><net_sink comp="708" pin=0"/></net>

<net id="713"><net_src comp="166" pin="0"/><net_sink comp="708" pin=1"/></net>

<net id="714"><net_src comp="708" pin="2"/><net_sink comp="240" pin=64"/></net>

<net id="718"><net_src comp="351" pin="2"/><net_sink comp="715" pin=0"/></net>

<net id="722"><net_src comp="357" pin="2"/><net_sink comp="719" pin=0"/></net>

<net id="723"><net_src comp="719" pin="1"/><net_sink comp="344" pin=2"/></net>

</net_list>

</model> 
---------------- Datapath Model END ------------------

* FSMD analyzer results:
  - Output states:
	Port: res_V_data_0_V | {3 }
	Port: res_V_data_1_V | {3 }
	Port: res_V_data_2_V | {3 }
	Port: res_V_data_3_V | {3 }
	Port: res_V_data_4_V | {3 }
	Port: res_V_data_5_V | {3 }
	Port: res_V_data_6_V | {3 }
	Port: res_V_data_7_V | {3 }
	Port: res_V_data_8_V | {3 }
	Port: res_V_data_9_V | {3 }
	Port: res_V_data_10_V | {3 }
	Port: res_V_data_11_V | {3 }
	Port: res_V_data_12_V | {3 }
	Port: res_V_data_13_V | {3 }
	Port: res_V_data_14_V | {3 }
	Port: res_V_data_15_V | {3 }
	Port: res_V_data_16_V | {3 }
	Port: res_V_data_17_V | {3 }
	Port: res_V_data_18_V | {3 }
	Port: res_V_data_19_V | {3 }
	Port: res_V_data_20_V | {3 }
	Port: res_V_data_21_V | {3 }
	Port: res_V_data_22_V | {3 }
	Port: res_V_data_23_V | {3 }
	Port: res_V_data_24_V | {3 }
	Port: res_V_data_25_V | {3 }
	Port: res_V_data_26_V | {3 }
	Port: res_V_data_27_V | {3 }
	Port: res_V_data_28_V | {3 }
	Port: res_V_data_29_V | {3 }
	Port: res_V_data_30_V | {3 }
	Port: res_V_data_31_V | {3 }
 - Input state : 
	Port: linear<array,array<ap_fixed<14,6,5,3,0>,32u>,linear_config6> : data_V_data_0_V | {3 }
	Port: linear<array,array<ap_fixed<14,6,5,3,0>,32u>,linear_config6> : data_V_data_1_V | {3 }
	Port: linear<array,array<ap_fixed<14,6,5,3,0>,32u>,linear_config6> : data_V_data_2_V | {3 }
	Port: linear<array,array<ap_fixed<14,6,5,3,0>,32u>,linear_config6> : data_V_data_3_V | {3 }
	Port: linear<array,array<ap_fixed<14,6,5,3,0>,32u>,linear_config6> : data_V_data_4_V | {3 }
	Port: linear<array,array<ap_fixed<14,6,5,3,0>,32u>,linear_config6> : data_V_data_5_V | {3 }
	Port: linear<array,array<ap_fixed<14,6,5,3,0>,32u>,linear_config6> : data_V_data_6_V | {3 }
	Port: linear<array,array<ap_fixed<14,6,5,3,0>,32u>,linear_config6> : data_V_data_7_V | {3 }
	Port: linear<array,array<ap_fixed<14,6,5,3,0>,32u>,linear_config6> : data_V_data_8_V | {3 }
	Port: linear<array,array<ap_fixed<14,6,5,3,0>,32u>,linear_config6> : data_V_data_9_V | {3 }
	Port: linear<array,array<ap_fixed<14,6,5,3,0>,32u>,linear_config6> : data_V_data_10_V | {3 }
	Port: linear<array,array<ap_fixed<14,6,5,3,0>,32u>,linear_config6> : data_V_data_11_V | {3 }
	Port: linear<array,array<ap_fixed<14,6,5,3,0>,32u>,linear_config6> : data_V_data_12_V | {3 }
	Port: linear<array,array<ap_fixed<14,6,5,3,0>,32u>,linear_config6> : data_V_data_13_V | {3 }
	Port: linear<array,array<ap_fixed<14,6,5,3,0>,32u>,linear_config6> : data_V_data_14_V | {3 }
	Port: linear<array,array<ap_fixed<14,6,5,3,0>,32u>,linear_config6> : data_V_data_15_V | {3 }
	Port: linear<array,array<ap_fixed<14,6,5,3,0>,32u>,linear_config6> : data_V_data_16_V | {3 }
	Port: linear<array,array<ap_fixed<14,6,5,3,0>,32u>,linear_config6> : data_V_data_17_V | {3 }
	Port: linear<array,array<ap_fixed<14,6,5,3,0>,32u>,linear_config6> : data_V_data_18_V | {3 }
	Port: linear<array,array<ap_fixed<14,6,5,3,0>,32u>,linear_config6> : data_V_data_19_V | {3 }
	Port: linear<array,array<ap_fixed<14,6,5,3,0>,32u>,linear_config6> : data_V_data_20_V | {3 }
	Port: linear<array,array<ap_fixed<14,6,5,3,0>,32u>,linear_config6> : data_V_data_21_V | {3 }
	Port: linear<array,array<ap_fixed<14,6,5,3,0>,32u>,linear_config6> : data_V_data_22_V | {3 }
	Port: linear<array,array<ap_fixed<14,6,5,3,0>,32u>,linear_config6> : data_V_data_23_V | {3 }
	Port: linear<array,array<ap_fixed<14,6,5,3,0>,32u>,linear_config6> : data_V_data_24_V | {3 }
	Port: linear<array,array<ap_fixed<14,6,5,3,0>,32u>,linear_config6> : data_V_data_25_V | {3 }
	Port: linear<array,array<ap_fixed<14,6,5,3,0>,32u>,linear_config6> : data_V_data_26_V | {3 }
	Port: linear<array,array<ap_fixed<14,6,5,3,0>,32u>,linear_config6> : data_V_data_27_V | {3 }
	Port: linear<array,array<ap_fixed<14,6,5,3,0>,32u>,linear_config6> : data_V_data_28_V | {3 }
	Port: linear<array,array<ap_fixed<14,6,5,3,0>,32u>,linear_config6> : data_V_data_29_V | {3 }
	Port: linear<array,array<ap_fixed<14,6,5,3,0>,32u>,linear_config6> : data_V_data_30_V | {3 }
	Port: linear<array,array<ap_fixed<14,6,5,3,0>,32u>,linear_config6> : data_V_data_31_V | {3 }
  - Chain level:
	State 1
	State 2
		icmp_ln19 : 1
		i : 1
		br_ln19 : 2
	State 3
		tmp_data_0_V : 1
		tmp_data_1_V : 1
		tmp_data_2_V : 1
		tmp_data_3_V : 1
		tmp_data_4_V : 1
		tmp_data_5_V : 1
		tmp_data_6_V : 1
		tmp_data_7_V : 1
		tmp_data_8_V : 1
		tmp_data_9_V : 1
		tmp_data_10_V : 1
		tmp_data_11_V : 1
		tmp_data_12_V : 1
		tmp_data_13_V : 1
		tmp_data_14_V : 1
		tmp_data_15_V : 1
		tmp_data_16_V : 1
		tmp_data_17_V : 1
		tmp_data_18_V : 1
		tmp_data_19_V : 1
		tmp_data_20_V : 1
		tmp_data_21_V : 1
		tmp_data_22_V : 1
		tmp_data_23_V : 1
		tmp_data_24_V : 1
		tmp_data_25_V : 1
		tmp_data_26_V : 1
		tmp_data_27_V : 1
		tmp_data_28_V : 1
		tmp_data_29_V : 1
		tmp_data_30_V : 1
		tmp_data_31_V : 1
		write_ln32 : 1
		empty_354 : 1
	State 4


============================================================
+ Verbose Summary: Datapath Resource usage 
============================================================

* Functional unit list:
|----------|-------------------------|---------|---------|
| Operation|     Functional Unit     |    FF   |   LUT   |
|----------|-------------------------|---------|---------|
|    add   |         i_fu_357        |    0    |    15   |
|----------|-------------------------|---------|---------|
|   icmp   |     icmp_ln19_fu_351    |    0    |    11   |
|----------|-------------------------|---------|---------|
|   read   |  empty_353_read_fu_172  |    0    |    0    |
|----------|-------------------------|---------|---------|
|   write  | write_ln32_write_fu_240 |    0    |    0    |
|----------|-------------------------|---------|---------|
|          |   tmp_data_V_0_fu_363   |    0    |    0    |
|          |   tmp_data_V_1_fu_367   |    0    |    0    |
|          |   tmp_data_V_2_fu_371   |    0    |    0    |
|          |   tmp_data_V_3_fu_375   |    0    |    0    |
|          |   tmp_data_V_4_fu_379   |    0    |    0    |
|          |   tmp_data_V_5_fu_383   |    0    |    0    |
|          |   tmp_data_V_6_fu_387   |    0    |    0    |
|          |   tmp_data_V_7_fu_391   |    0    |    0    |
|          |   tmp_data_V_8_fu_395   |    0    |    0    |
|          |   tmp_data_V_9_fu_399   |    0    |    0    |
|          |   tmp_data_V_10_fu_403  |    0    |    0    |
|          |   tmp_data_V_11_fu_407  |    0    |    0    |
|          |   tmp_data_V_12_fu_411  |    0    |    0    |
|          |   tmp_data_V_13_fu_415  |    0    |    0    |
|          |  tmp_data_V_1437_fu_419 |    0    |    0    |
|extractvalue|   tmp_data_V_15_fu_423  |    0    |    0    |
|          |   tmp_data_V_16_fu_427  |    0    |    0    |
|          |   tmp_data_V_17_fu_431  |    0    |    0    |
|          |   tmp_data_V_18_fu_435  |    0    |    0    |
|          |   tmp_data_V_19_fu_439  |    0    |    0    |
|          |   tmp_data_V_20_fu_443  |    0    |    0    |
|          |   tmp_data_V_21_fu_447  |    0    |    0    |
|          |   tmp_data_V_22_fu_451  |    0    |    0    |
|          |   tmp_data_V_23_fu_455  |    0    |    0    |
|          |   tmp_data_V_24_fu_459  |    0    |    0    |
|          |   tmp_data_V_25_fu_463  |    0    |    0    |
|          |   tmp_data_V_26_fu_467  |    0    |    0    |
|          |   tmp_data_V_27_fu_471  |    0    |    0    |
|          |   tmp_data_V_28_fu_475  |    0    |    0    |
|          |   tmp_data_V_29_fu_479  |    0    |    0    |
|          |   tmp_data_V_30_fu_483  |    0    |    0    |
|          |   tmp_data_V_31_fu_487  |    0    |    0    |
|----------|-------------------------|---------|---------|
|          |   tmp_data_0_V_fu_491   |    0    |    0    |
|          |   tmp_data_1_V_fu_498   |    0    |    0    |
|          |   tmp_data_2_V_fu_505   |    0    |    0    |
|          |   tmp_data_3_V_fu_512   |    0    |    0    |
|          |   tmp_data_4_V_fu_519   |    0    |    0    |
|          |   tmp_data_5_V_fu_526   |    0    |    0    |
|          |   tmp_data_6_V_fu_533   |    0    |    0    |
|          |   tmp_data_7_V_fu_540   |    0    |    0    |
|          |   tmp_data_8_V_fu_547   |    0    |    0    |
|          |   tmp_data_9_V_fu_554   |    0    |    0    |
|          |   tmp_data_10_V_fu_561  |    0    |    0    |
|          |   tmp_data_11_V_fu_568  |    0    |    0    |
|          |   tmp_data_12_V_fu_575  |    0    |    0    |
|          |   tmp_data_13_V_fu_582  |    0    |    0    |
|          |   tmp_data_14_V_fu_589  |    0    |    0    |
|    shl   |   tmp_data_15_V_fu_596  |    0    |    0    |
|          |   tmp_data_16_V_fu_603  |    0    |    0    |
|          |   tmp_data_17_V_fu_610  |    0    |    0    |
|          |   tmp_data_18_V_fu_617  |    0    |    0    |
|          |   tmp_data_19_V_fu_624  |    0    |    0    |
|          |   tmp_data_20_V_fu_631  |    0    |    0    |
|          |   tmp_data_21_V_fu_638  |    0    |    0    |
|          |   tmp_data_22_V_fu_645  |    0    |    0    |
|          |   tmp_data_23_V_fu_652  |    0    |    0    |
|          |   tmp_data_24_V_fu_659  |    0    |    0    |
|          |   tmp_data_25_V_fu_666  |    0    |    0    |
|          |   tmp_data_26_V_fu_673  |    0    |    0    |
|          |   tmp_data_27_V_fu_680  |    0    |    0    |
|          |   tmp_data_28_V_fu_687  |    0    |    0    |
|          |   tmp_data_29_V_fu_694  |    0    |    0    |
|          |   tmp_data_30_V_fu_701  |    0    |    0    |
|          |   tmp_data_31_V_fu_708  |    0    |    0    |
|----------|-------------------------|---------|---------|
|   Total  |                         |    0    |    26   |
|----------|-------------------------|---------|---------|

Memories:
N/A

* Register list:
+-----------------+--------+
|                 |   FF   |
+-----------------+--------+
|   i_0_reg_340   |    7   |
|    i_reg_719    |    7   |
|icmp_ln19_reg_715|    1   |
+-----------------+--------+
|      Total      |   15   |
+-----------------+--------+

* Multiplexer (MUX) list: 
|--------|------|------|------|--------|
|  Comp  |  Pin | Size |  BW  | S x BW |
|--------|------|------|------|--------|
|  Total |      |      |      |    0   |
|--------|------|------|------|--------|



* Summary:
+-----------+--------+--------+
|           |   FF   |   LUT  |
+-----------+--------+--------+
|  Function |    0   |   26   |
|   Memory  |    -   |    -   |
|Multiplexer|    -   |    -   |
|  Register |   15   |    -   |
+-----------+--------+--------+
|   Total   |   15   |   26   |
+-----------+--------+--------+
