

================================================================
== Vivado HLS Report for 'myproject_axi'
================================================================
* Date:           Thu Jul 11 17:07:47 2024

* Version:        2020.1 (Build 2897737 on Wed May 27 20:21:37 MDT 2020)
* Project:        myproject_prj
* Solution:       solution1
* Product family: zynq
* Target device:  xc7z020-clg400-1


================================================================
== Performance Estimates
================================================================
+ Timing: 
    * Summary: 
    +--------+----------+----------+------------+
    |  Clock |  Target  | Estimated| Uncertainty|
    +--------+----------+----------+------------+
    |ap_clk  | 10.00 ns | 8.621 ns |   1.25 ns  |
    +--------+----------+----------+------------+

+ Latency: 
    * Summary: 
    +---------+---------+----------+----------+-------+--------+----------+
    |  Latency (cycles) |  Latency (absolute) |    Interval    | Pipeline |
    |   min   |   max   |    min   |    max   |  min  |   max  |   Type   |
    +---------+---------+----------+----------+-------+--------+----------+
    |   979913|   979913| 9.799 ms | 9.799 ms |  41032|  958001| dataflow |
    +---------+---------+----------+----------+-------+--------+----------+

    + Detail: 
        * Instance: 
        +--------------------------------------------------+---------------------------------+---------+---------+----------+----------+-------+--------+----------+
        |                                                  |                                 |  Latency (cycles) |  Latency (absolute) |    Interval    | Pipeline |
        |                     Instance                     |              Module             |   min   |   max   |    min   |    max   |  min  |   max  |   Type   |
        +--------------------------------------------------+---------------------------------+---------+---------+----------+----------+-------+--------+----------+
        |grp_myproject_fu_1684                             |myproject                        |   979911|   979911| 9.799 ms | 9.799 ms |  41032|  958001| dataflow |
        |grp_Loop_1_proc195_fu_3213                        |Loop_1_proc195                   |    14337|    14337| 0.143 ms | 0.143 ms |  14337|   14337|   none   |
        |grp_Loop_2_proc_fu_3224                           |Loop_2_proc                      |       51|       51| 0.510 us | 0.510 us |     51|      51|   none   |
        |call_ln0_Block_myproject_axi_exit50_proc_fu_3243  |Block_myproject_axi_exit50_proc  |        0|        0|   0 ns   |   0 ns   |      0|       0|   none   |
        +--------------------------------------------------+---------------------------------+---------+---------+----------+----------+-------+--------+----------+

        * Loop: 
        N/A

============================================================
+ Verbose Summary: Synthesis Manager
============================================================
InlineROM: 1
ExposeGlobal: 0
============================================================
+ Verbose Summary: CDFG Model
============================================================
IsTopModel: 1
ResetActiveHigh: 1
IsCombinational: 2
IsDatapathOnly: 0
HasWiredReturn: 1
HasMFsm: 0
HasVarLatency: 1
IsPipeline: 0
IsRtlPipelined: 0
IsInstanceOverlapped: 0
IsDontTouch: 0
HasImplIP: 0
IsGatedGlobalClock: 0


============================================================
+ Verbose Summary: Schedule
============================================================
* Number of FSM states : 9
* Pipeline : 0
* Dataflow Pipeline: 1
  DF-Pipeline-0: Size = 9, States = { 1 2 3 4 5 6 7 8 9 }

* FSM state transitions: 
1 --> 2 
2 --> 3 
3 --> 4 
4 --> 5 
5 --> 6 
6 --> 7 
7 --> 8 
8 --> 9 
9 --> 

* FSM state operations: 

State 1 <SV = 0> <Delay = 0.00>
ST_1 : Operation 10 [1/1] (0.00ns)   --->   "%in_local_V_data_0_V = alloca i8, align 1"   --->   Operation 10 'alloca' 'in_local_V_data_0_V' <Predicate = true> <Delay = 0.00> <Core = "FIFO">   --->   Core 32 'FIFO' <Latency = 0> <II = 1> <Delay = 3.63> <Storage> <Opcode : 'read' 'write' 'nbread' 'nbwrite'> <Ports = 0> <Width = 14> <Depth = 1> <FIFO>
ST_1 : Operation 11 [1/1] (0.00ns)   --->   "%in_local_V_data_1_V = alloca i8, align 1"   --->   Operation 11 'alloca' 'in_local_V_data_1_V' <Predicate = true> <Delay = 0.00> <Core = "FIFO">   --->   Core 32 'FIFO' <Latency = 0> <II = 1> <Delay = 3.63> <Storage> <Opcode : 'read' 'write' 'nbread' 'nbwrite'> <Ports = 0> <Width = 14> <Depth = 1> <FIFO>
ST_1 : Operation 12 [1/1] (0.00ns)   --->   "%in_local_V_data_2_V = alloca i8, align 1"   --->   Operation 12 'alloca' 'in_local_V_data_2_V' <Predicate = true> <Delay = 0.00> <Core = "FIFO">   --->   Core 32 'FIFO' <Latency = 0> <II = 1> <Delay = 3.63> <Storage> <Opcode : 'read' 'write' 'nbread' 'nbwrite'> <Ports = 0> <Width = 14> <Depth = 1> <FIFO>
ST_1 : Operation 13 [1/1] (0.00ns)   --->   "%out_local_V_data_0_V = alloca i14, align 2" [firmware/myproject_axi.cpp:12]   --->   Operation 13 'alloca' 'out_local_V_data_0_V' <Predicate = true> <Delay = 0.00> <Core = "FIFO">   --->   Core 32 'FIFO' <Latency = 0> <II = 1> <Delay = 3.63> <Storage> <Opcode : 'read' 'write' 'nbread' 'nbwrite'> <Ports = 0> <Width = 14> <Depth = 1> <FIFO>
ST_1 : Operation 14 [1/1] (0.00ns)   --->   "%out_local_V_data_1_V = alloca i14, align 2" [firmware/myproject_axi.cpp:12]   --->   Operation 14 'alloca' 'out_local_V_data_1_V' <Predicate = true> <Delay = 0.00> <Core = "FIFO">   --->   Core 32 'FIFO' <Latency = 0> <II = 1> <Delay = 3.63> <Storage> <Opcode : 'read' 'write' 'nbread' 'nbwrite'> <Ports = 0> <Width = 14> <Depth = 1> <FIFO>
ST_1 : Operation 15 [1/1] (0.00ns)   --->   "%out_local_V_data_2_V = alloca i14, align 2" [firmware/myproject_axi.cpp:12]   --->   Operation 15 'alloca' 'out_local_V_data_2_V' <Predicate = true> <Delay = 0.00> <Core = "FIFO">   --->   Core 32 'FIFO' <Latency = 0> <II = 1> <Delay = 3.63> <Storage> <Opcode : 'read' 'write' 'nbread' 'nbwrite'> <Ports = 0> <Width = 14> <Depth = 1> <FIFO>
ST_1 : Operation 16 [1/1] (0.00ns)   --->   "%out_local_V_data_3_V = alloca i14, align 2" [firmware/myproject_axi.cpp:12]   --->   Operation 16 'alloca' 'out_local_V_data_3_V' <Predicate = true> <Delay = 0.00> <Core = "FIFO">   --->   Core 32 'FIFO' <Latency = 0> <II = 1> <Delay = 3.63> <Storage> <Opcode : 'read' 'write' 'nbread' 'nbwrite'> <Ports = 0> <Width = 14> <Depth = 1> <FIFO>
ST_1 : Operation 17 [1/1] (0.00ns)   --->   "%out_local_V_data_4_V = alloca i14, align 2" [firmware/myproject_axi.cpp:12]   --->   Operation 17 'alloca' 'out_local_V_data_4_V' <Predicate = true> <Delay = 0.00> <Core = "FIFO">   --->   Core 32 'FIFO' <Latency = 0> <II = 1> <Delay = 3.63> <Storage> <Opcode : 'read' 'write' 'nbread' 'nbwrite'> <Ports = 0> <Width = 14> <Depth = 1> <FIFO>
ST_1 : Operation 18 [1/1] (0.00ns)   --->   "%out_local_V_data_5_V = alloca i14, align 2" [firmware/myproject_axi.cpp:12]   --->   Operation 18 'alloca' 'out_local_V_data_5_V' <Predicate = true> <Delay = 0.00> <Core = "FIFO">   --->   Core 32 'FIFO' <Latency = 0> <II = 1> <Delay = 3.63> <Storage> <Opcode : 'read' 'write' 'nbread' 'nbwrite'> <Ports = 0> <Width = 14> <Depth = 1> <FIFO>
ST_1 : Operation 19 [1/1] (0.00ns)   --->   "%out_local_V_data_6_V = alloca i14, align 2" [firmware/myproject_axi.cpp:12]   --->   Operation 19 'alloca' 'out_local_V_data_6_V' <Predicate = true> <Delay = 0.00> <Core = "FIFO">   --->   Core 32 'FIFO' <Latency = 0> <II = 1> <Delay = 3.63> <Storage> <Opcode : 'read' 'write' 'nbread' 'nbwrite'> <Ports = 0> <Width = 14> <Depth = 1> <FIFO>
ST_1 : Operation 20 [1/1] (0.00ns)   --->   "%out_local_V_data_7_V = alloca i14, align 2" [firmware/myproject_axi.cpp:12]   --->   Operation 20 'alloca' 'out_local_V_data_7_V' <Predicate = true> <Delay = 0.00> <Core = "FIFO">   --->   Core 32 'FIFO' <Latency = 0> <II = 1> <Delay = 3.63> <Storage> <Opcode : 'read' 'write' 'nbread' 'nbwrite'> <Ports = 0> <Width = 14> <Depth = 1> <FIFO>
ST_1 : Operation 21 [1/1] (0.00ns)   --->   "%out_local_V_data_8_V = alloca i14, align 2" [firmware/myproject_axi.cpp:12]   --->   Operation 21 'alloca' 'out_local_V_data_8_V' <Predicate = true> <Delay = 0.00> <Core = "FIFO">   --->   Core 32 'FIFO' <Latency = 0> <II = 1> <Delay = 3.63> <Storage> <Opcode : 'read' 'write' 'nbread' 'nbwrite'> <Ports = 0> <Width = 14> <Depth = 1> <FIFO>
ST_1 : Operation 22 [1/1] (0.00ns)   --->   "%out_local_V_data_9_V = alloca i14, align 2" [firmware/myproject_axi.cpp:12]   --->   Operation 22 'alloca' 'out_local_V_data_9_V' <Predicate = true> <Delay = 0.00> <Core = "FIFO">   --->   Core 32 'FIFO' <Latency = 0> <II = 1> <Delay = 3.63> <Storage> <Opcode : 'read' 'write' 'nbread' 'nbwrite'> <Ports = 0> <Width = 14> <Depth = 1> <FIFO>
ST_1 : Operation 23 [1/1] (0.00ns)   --->   "%tmp_data_V_0 = alloca i14, align 2"   --->   Operation 23 'alloca' 'tmp_data_V_0' <Predicate = true> <Delay = 0.00> <Core = "FIFO">   --->   Core 32 'FIFO' <Latency = 0> <II = 1> <Delay = 3.63> <Storage> <Opcode : 'read' 'write' 'nbread' 'nbwrite'> <Ports = 0> <Width = 14> <Depth = 1> <FIFO>
ST_1 : Operation 24 [1/1] (0.00ns)   --->   "%tmp_data_V_1 = alloca i14, align 2"   --->   Operation 24 'alloca' 'tmp_data_V_1' <Predicate = true> <Delay = 0.00> <Core = "FIFO">   --->   Core 32 'FIFO' <Latency = 0> <II = 1> <Delay = 3.63> <Storage> <Opcode : 'read' 'write' 'nbread' 'nbwrite'> <Ports = 0> <Width = 14> <Depth = 1> <FIFO>
ST_1 : Operation 25 [1/1] (0.00ns)   --->   "%tmp_data_V_2 = alloca i14, align 2"   --->   Operation 25 'alloca' 'tmp_data_V_2' <Predicate = true> <Delay = 0.00> <Core = "FIFO">   --->   Core 32 'FIFO' <Latency = 0> <II = 1> <Delay = 3.63> <Storage> <Opcode : 'read' 'write' 'nbread' 'nbwrite'> <Ports = 0> <Width = 14> <Depth = 1> <FIFO>
ST_1 : Operation 26 [1/1] (0.00ns)   --->   "%tmp_data_V_3 = alloca i14, align 2"   --->   Operation 26 'alloca' 'tmp_data_V_3' <Predicate = true> <Delay = 0.00> <Core = "FIFO">   --->   Core 32 'FIFO' <Latency = 0> <II = 1> <Delay = 3.63> <Storage> <Opcode : 'read' 'write' 'nbread' 'nbwrite'> <Ports = 0> <Width = 14> <Depth = 1> <FIFO>
ST_1 : Operation 27 [1/1] (0.00ns)   --->   "%tmp_data_V_4 = alloca i14, align 2"   --->   Operation 27 'alloca' 'tmp_data_V_4' <Predicate = true> <Delay = 0.00> <Core = "FIFO">   --->   Core 32 'FIFO' <Latency = 0> <II = 1> <Delay = 3.63> <Storage> <Opcode : 'read' 'write' 'nbread' 'nbwrite'> <Ports = 0> <Width = 14> <Depth = 1> <FIFO>
ST_1 : Operation 28 [1/1] (0.00ns)   --->   "%tmp_data_V_5 = alloca i14, align 2"   --->   Operation 28 'alloca' 'tmp_data_V_5' <Predicate = true> <Delay = 0.00> <Core = "FIFO">   --->   Core 32 'FIFO' <Latency = 0> <II = 1> <Delay = 3.63> <Storage> <Opcode : 'read' 'write' 'nbread' 'nbwrite'> <Ports = 0> <Width = 14> <Depth = 1> <FIFO>
ST_1 : Operation 29 [1/1] (0.00ns)   --->   "%tmp_data_V_6 = alloca i14, align 2"   --->   Operation 29 'alloca' 'tmp_data_V_6' <Predicate = true> <Delay = 0.00> <Core = "FIFO">   --->   Core 32 'FIFO' <Latency = 0> <II = 1> <Delay = 3.63> <Storage> <Opcode : 'read' 'write' 'nbread' 'nbwrite'> <Ports = 0> <Width = 14> <Depth = 1> <FIFO>
ST_1 : Operation 30 [1/1] (0.00ns)   --->   "%tmp_data_V_7 = alloca i14, align 2"   --->   Operation 30 'alloca' 'tmp_data_V_7' <Predicate = true> <Delay = 0.00> <Core = "FIFO">   --->   Core 32 'FIFO' <Latency = 0> <II = 1> <Delay = 3.63> <Storage> <Opcode : 'read' 'write' 'nbread' 'nbwrite'> <Ports = 0> <Width = 14> <Depth = 1> <FIFO>
ST_1 : Operation 31 [1/1] (0.00ns)   --->   "%tmp_data_V_8 = alloca i14, align 2"   --->   Operation 31 'alloca' 'tmp_data_V_8' <Predicate = true> <Delay = 0.00> <Core = "FIFO">   --->   Core 32 'FIFO' <Latency = 0> <II = 1> <Delay = 3.63> <Storage> <Opcode : 'read' 'write' 'nbread' 'nbwrite'> <Ports = 0> <Width = 14> <Depth = 1> <FIFO>
ST_1 : Operation 32 [1/1] (0.00ns)   --->   "%tmp_data_V_9 = alloca i14, align 2"   --->   Operation 32 'alloca' 'tmp_data_V_9' <Predicate = true> <Delay = 0.00> <Core = "FIFO">   --->   Core 32 'FIFO' <Latency = 0> <II = 1> <Delay = 3.63> <Storage> <Opcode : 'read' 'write' 'nbread' 'nbwrite'> <Ports = 0> <Width = 14> <Depth = 1> <FIFO>

State 2 <SV = 1> <Delay = 0.00>
ST_2 : Operation 33 [2/2] (0.00ns)   --->   "%is_last_0_i_loc_channel = call fastcc i1 @Loop_1_proc195(i8* %in_local_V_data_0_V, i8* %in_local_V_data_1_V, i8* %in_local_V_data_2_V, i1* %in_last_V, float* %in_data)"   --->   Operation 33 'call' 'is_last_0_i_loc_channel' <Predicate = true> <Delay = 0.00> <Core = "FIFO">   --->   Core 32 'FIFO' <Latency = 0> <II = 1> <Delay = 3.63> <Storage> <Opcode : 'read' 'write' 'nbread' 'nbwrite'> <Ports = 0> <Width = 14> <Depth = 1> <FIFO>

State 3 <SV = 2> <Delay = 0.00>
ST_3 : Operation 34 [1/2] (0.00ns)   --->   "%is_last_0_i_loc_channel = call fastcc i1 @Loop_1_proc195(i8* %in_local_V_data_0_V, i8* %in_local_V_data_1_V, i8* %in_local_V_data_2_V, i1* %in_last_V, float* %in_data)"   --->   Operation 34 'call' 'is_last_0_i_loc_channel' <Predicate = true> <Delay = 0.00> <Core = "FIFO">   --->   Core 32 'FIFO' <Latency = 0> <II = 1> <Delay = 3.63> <Storage> <Opcode : 'read' 'write' 'nbread' 'nbwrite'> <Ports = 0> <Width = 14> <Depth = 1> <FIFO>

State 4 <SV = 3> <Delay = 0.00>
ST_4 : Operation 35 [2/2] (0.00ns)   --->   "call fastcc void @myproject(i8* %in_local_V_data_0_V, i8* %in_local_V_data_1_V, i8* %in_local_V_data_2_V, i14* %out_local_V_data_0_V, i14* %out_local_V_data_1_V, i14* %out_local_V_data_2_V, i14* %out_local_V_data_3_V, i14* %out_local_V_data_4_V, i14* %out_local_V_data_5_V, i14* %out_local_V_data_6_V, i14* %out_local_V_data_7_V, i14* %out_local_V_data_8_V, i14* %out_local_V_data_9_V)" [firmware/myproject_axi.cpp:27]   --->   Operation 35 'call' <Predicate = true> <Delay = 0.00> <CoreType = "Generic">   --->   Core 0 '' <Latency = 0> <II = 1> <Delay = 1.00> <Generic> <Opcode : >

State 5 <SV = 4> <Delay = 0.00>
ST_5 : Operation 36 [1/2] (0.00ns)   --->   "call fastcc void @myproject(i8* %in_local_V_data_0_V, i8* %in_local_V_data_1_V, i8* %in_local_V_data_2_V, i14* %out_local_V_data_0_V, i14* %out_local_V_data_1_V, i14* %out_local_V_data_2_V, i14* %out_local_V_data_3_V, i14* %out_local_V_data_4_V, i14* %out_local_V_data_5_V, i14* %out_local_V_data_6_V, i14* %out_local_V_data_7_V, i14* %out_local_V_data_8_V, i14* %out_local_V_data_9_V)" [firmware/myproject_axi.cpp:27]   --->   Operation 36 'call' <Predicate = true> <Delay = 0.00> <CoreType = "Generic">   --->   Core 0 '' <Latency = 0> <II = 1> <Delay = 1.00> <Generic> <Opcode : >

State 6 <SV = 5> <Delay = 0.00>
ST_6 : Operation 37 [1/1] (0.00ns)   --->   "call fastcc void @Block_myproject_axi_.exit50_proc(i14* %out_local_V_data_0_V, i14* %out_local_V_data_1_V, i14* %out_local_V_data_2_V, i14* %out_local_V_data_3_V, i14* %out_local_V_data_4_V, i14* %out_local_V_data_5_V, i14* %out_local_V_data_6_V, i14* %out_local_V_data_7_V, i14* %out_local_V_data_8_V, i14* %out_local_V_data_9_V, i14* %tmp_data_V_0, i14* %tmp_data_V_1, i14* %tmp_data_V_2, i14* %tmp_data_V_3, i14* %tmp_data_V_4, i14* %tmp_data_V_5, i14* %tmp_data_V_6, i14* %tmp_data_V_7, i14* %tmp_data_V_8, i14* %tmp_data_V_9)"   --->   Operation 37 'call' <Predicate = true> <Delay = 0.00> <CoreType = "Generic">   --->   Core 0 '' <Latency = 0> <II = 1> <Delay = 1.00> <Generic> <Opcode : >

State 7 <SV = 6> <Delay = 8.54>
ST_7 : Operation 38 [2/2] (8.54ns)   --->   "call fastcc void @Loop_2_proc(float* %out_data, i1* %out_last_V, i1 %is_last_0_i_loc_channel, i14* %tmp_data_V_0, i14* %tmp_data_V_1, i14* %tmp_data_V_2, i14* %tmp_data_V_3, i14* %tmp_data_V_4, i14* %tmp_data_V_5, i14* %tmp_data_V_6, i14* %tmp_data_V_7, i14* %tmp_data_V_8, i14* %tmp_data_V_9)"   --->   Operation 38 'call' <Predicate = true> <Delay = 8.54> <CoreType = "Generic">   --->   Core 0 '' <Latency = 0> <II = 1> <Delay = 1.00> <Generic> <Opcode : >

State 8 <SV = 7> <Delay = 0.00>
ST_8 : Operation 39 [1/2] (0.00ns)   --->   "call fastcc void @Loop_2_proc(float* %out_data, i1* %out_last_V, i1 %is_last_0_i_loc_channel, i14* %tmp_data_V_0, i14* %tmp_data_V_1, i14* %tmp_data_V_2, i14* %tmp_data_V_3, i14* %tmp_data_V_4, i14* %tmp_data_V_5, i14* %tmp_data_V_6, i14* %tmp_data_V_7, i14* %tmp_data_V_8, i14* %tmp_data_V_9)"   --->   Operation 39 'call' <Predicate = true> <Delay = 0.00> <CoreType = "Generic">   --->   Core 0 '' <Latency = 0> <II = 1> <Delay = 1.00> <Generic> <Opcode : >

State 9 <SV = 8> <Delay = 0.00>
ST_9 : Operation 40 [1/1] (0.00ns)   --->   "call void (...)* @_ssdm_op_SpecDataflowPipeline(i32 -1, i32 0, [1 x i8]* @p_str2) nounwind" [firmware/myproject_axi.cpp:8]   --->   Operation 40 'specdataflowpipeline' <Predicate = true> <Delay = 0.00>
ST_9 : Operation 41 [1/1] (0.00ns)   --->   "call void (...)* @_ssdm_op_SpecBitsMap(float* %in_data), !map !225"   --->   Operation 41 'specbitsmap' <Predicate = true> <Delay = 0.00>
ST_9 : Operation 42 [1/1] (0.00ns)   --->   "call void (...)* @_ssdm_op_SpecBitsMap(i1* %in_last_V), !map !231"   --->   Operation 42 'specbitsmap' <Predicate = true> <Delay = 0.00>
ST_9 : Operation 43 [1/1] (0.00ns)   --->   "call void (...)* @_ssdm_op_SpecBitsMap(float* %out_data), !map !235"   --->   Operation 43 'specbitsmap' <Predicate = true> <Delay = 0.00>
ST_9 : Operation 44 [1/1] (0.00ns)   --->   "call void (...)* @_ssdm_op_SpecBitsMap(i1* %out_last_V), !map !241"   --->   Operation 44 'specbitsmap' <Predicate = true> <Delay = 0.00>
ST_9 : Operation 45 [1/1] (0.00ns)   --->   "call void (...)* @_ssdm_op_SpecTopModule([14 x i8]* @myproject_axi_str) nounwind"   --->   Operation 45 'spectopmodule' <Predicate = true> <Delay = 0.00>
ST_9 : Operation 46 [1/1] (0.00ns)   --->   "%empty = call i32 (...)* @_ssdm_op_SpecChannel([21 x i8]* @in_local_OC_V_OC_data_LF_0_NF_OC_V_str, i32 1, [1 x i8]* @p_str, [1 x i8]* @p_str, i32 1024, i32 1024, i8* %in_local_V_data_0_V, i8* %in_local_V_data_0_V)"   --->   Operation 46 'specchannel' 'empty' <Predicate = true> <Delay = 0.00>
ST_9 : Operation 47 [1/1] (0.00ns)   --->   "call void (...)* @_ssdm_op_SpecInterface(i8* %in_local_V_data_0_V, [8 x i8]* @ap_fifo_str, i32 0, i32 0, [1 x i8]* @p_str, i32 0, i32 0, [1 x i8]* @p_str, [1 x i8]* @p_str, [1 x i8]* @p_str, i32 2, i32 2, i32 16, i32 16, [1 x i8]* @p_str, [1 x i8]* @p_str)"   --->   Operation 47 'specinterface' <Predicate = true> <Delay = 0.00>
ST_9 : Operation 48 [1/1] (0.00ns)   --->   "%empty_43 = call i32 (...)* @_ssdm_op_SpecChannel([21 x i8]* @in_local_OC_V_OC_data_LF_1_NF_OC_V_str, i32 1, [1 x i8]* @p_str, [1 x i8]* @p_str, i32 1024, i32 1024, i8* %in_local_V_data_1_V, i8* %in_local_V_data_1_V)"   --->   Operation 48 'specchannel' 'empty_43' <Predicate = true> <Delay = 0.00>
ST_9 : Operation 49 [1/1] (0.00ns)   --->   "call void (...)* @_ssdm_op_SpecInterface(i8* %in_local_V_data_1_V, [8 x i8]* @ap_fifo_str, i32 0, i32 0, [1 x i8]* @p_str, i32 0, i32 0, [1 x i8]* @p_str, [1 x i8]* @p_str, [1 x i8]* @p_str, i32 2, i32 2, i32 16, i32 16, [1 x i8]* @p_str, [1 x i8]* @p_str)"   --->   Operation 49 'specinterface' <Predicate = true> <Delay = 0.00>
ST_9 : Operation 50 [1/1] (0.00ns)   --->   "%empty_44 = call i32 (...)* @_ssdm_op_SpecChannel([21 x i8]* @in_local_OC_V_OC_data_LF_2_NF_OC_V_str, i32 1, [1 x i8]* @p_str, [1 x i8]* @p_str, i32 1024, i32 1024, i8* %in_local_V_data_2_V, i8* %in_local_V_data_2_V)"   --->   Operation 50 'specchannel' 'empty_44' <Predicate = true> <Delay = 0.00>
ST_9 : Operation 51 [1/1] (0.00ns)   --->   "call void (...)* @_ssdm_op_SpecInterface(i8* %in_local_V_data_2_V, [8 x i8]* @ap_fifo_str, i32 0, i32 0, [1 x i8]* @p_str, i32 0, i32 0, [1 x i8]* @p_str, [1 x i8]* @p_str, [1 x i8]* @p_str, i32 2, i32 2, i32 16, i32 16, [1 x i8]* @p_str, [1 x i8]* @p_str)"   --->   Operation 51 'specinterface' <Predicate = true> <Delay = 0.00>
ST_9 : Operation 52 [1/1] (0.00ns)   --->   "%empty_45 = call i32 (...)* @_ssdm_op_SpecChannel([22 x i8]* @out_local_OC_V_OC_data_LF_0_NF_OC_V_str, i32 1, [1 x i8]* @p_str, [1 x i8]* @p_str, i32 1, i32 1, i14* %out_local_V_data_0_V, i14* %out_local_V_data_0_V)"   --->   Operation 52 'specchannel' 'empty_45' <Predicate = true> <Delay = 0.00>
ST_9 : Operation 53 [1/1] (0.00ns)   --->   "call void (...)* @_ssdm_op_SpecInterface(i14* %out_local_V_data_0_V, [8 x i8]* @ap_fifo_str, i32 0, i32 0, [1 x i8]* @p_str, i32 0, i32 0, [1 x i8]* @p_str, [1 x i8]* @p_str, [1 x i8]* @p_str, i32 2, i32 2, i32 16, i32 16, [1 x i8]* @p_str, [1 x i8]* @p_str)"   --->   Operation 53 'specinterface' <Predicate = true> <Delay = 0.00>
ST_9 : Operation 54 [1/1] (0.00ns)   --->   "%empty_46 = call i32 (...)* @_ssdm_op_SpecChannel([22 x i8]* @out_local_OC_V_OC_data_LF_1_NF_OC_V_str, i32 1, [1 x i8]* @p_str, [1 x i8]* @p_str, i32 1, i32 1, i14* %out_local_V_data_1_V, i14* %out_local_V_data_1_V)"   --->   Operation 54 'specchannel' 'empty_46' <Predicate = true> <Delay = 0.00>
ST_9 : Operation 55 [1/1] (0.00ns)   --->   "call void (...)* @_ssdm_op_SpecInterface(i14* %out_local_V_data_1_V, [8 x i8]* @ap_fifo_str, i32 0, i32 0, [1 x i8]* @p_str, i32 0, i32 0, [1 x i8]* @p_str, [1 x i8]* @p_str, [1 x i8]* @p_str, i32 2, i32 2, i32 16, i32 16, [1 x i8]* @p_str, [1 x i8]* @p_str)"   --->   Operation 55 'specinterface' <Predicate = true> <Delay = 0.00>
ST_9 : Operation 56 [1/1] (0.00ns)   --->   "%empty_47 = call i32 (...)* @_ssdm_op_SpecChannel([22 x i8]* @out_local_OC_V_OC_data_LF_2_NF_OC_V_str, i32 1, [1 x i8]* @p_str, [1 x i8]* @p_str, i32 1, i32 1, i14* %out_local_V_data_2_V, i14* %out_local_V_data_2_V)"   --->   Operation 56 'specchannel' 'empty_47' <Predicate = true> <Delay = 0.00>
ST_9 : Operation 57 [1/1] (0.00ns)   --->   "call void (...)* @_ssdm_op_SpecInterface(i14* %out_local_V_data_2_V, [8 x i8]* @ap_fifo_str, i32 0, i32 0, [1 x i8]* @p_str, i32 0, i32 0, [1 x i8]* @p_str, [1 x i8]* @p_str, [1 x i8]* @p_str, i32 2, i32 2, i32 16, i32 16, [1 x i8]* @p_str, [1 x i8]* @p_str)"   --->   Operation 57 'specinterface' <Predicate = true> <Delay = 0.00>
ST_9 : Operation 58 [1/1] (0.00ns)   --->   "%empty_48 = call i32 (...)* @_ssdm_op_SpecChannel([22 x i8]* @out_local_OC_V_OC_data_LF_3_NF_OC_V_str, i32 1, [1 x i8]* @p_str, [1 x i8]* @p_str, i32 1, i32 1, i14* %out_local_V_data_3_V, i14* %out_local_V_data_3_V)"   --->   Operation 58 'specchannel' 'empty_48' <Predicate = true> <Delay = 0.00>
ST_9 : Operation 59 [1/1] (0.00ns)   --->   "call void (...)* @_ssdm_op_SpecInterface(i14* %out_local_V_data_3_V, [8 x i8]* @ap_fifo_str, i32 0, i32 0, [1 x i8]* @p_str, i32 0, i32 0, [1 x i8]* @p_str, [1 x i8]* @p_str, [1 x i8]* @p_str, i32 2, i32 2, i32 16, i32 16, [1 x i8]* @p_str, [1 x i8]* @p_str)"   --->   Operation 59 'specinterface' <Predicate = true> <Delay = 0.00>
ST_9 : Operation 60 [1/1] (0.00ns)   --->   "%empty_49 = call i32 (...)* @_ssdm_op_SpecChannel([22 x i8]* @out_local_OC_V_OC_data_LF_4_NF_OC_V_str, i32 1, [1 x i8]* @p_str, [1 x i8]* @p_str, i32 1, i32 1, i14* %out_local_V_data_4_V, i14* %out_local_V_data_4_V)"   --->   Operation 60 'specchannel' 'empty_49' <Predicate = true> <Delay = 0.00>
ST_9 : Operation 61 [1/1] (0.00ns)   --->   "call void (...)* @_ssdm_op_SpecInterface(i14* %out_local_V_data_4_V, [8 x i8]* @ap_fifo_str, i32 0, i32 0, [1 x i8]* @p_str, i32 0, i32 0, [1 x i8]* @p_str, [1 x i8]* @p_str, [1 x i8]* @p_str, i32 2, i32 2, i32 16, i32 16, [1 x i8]* @p_str, [1 x i8]* @p_str)"   --->   Operation 61 'specinterface' <Predicate = true> <Delay = 0.00>
ST_9 : Operation 62 [1/1] (0.00ns)   --->   "%empty_50 = call i32 (...)* @_ssdm_op_SpecChannel([22 x i8]* @out_local_OC_V_OC_data_LF_5_NF_OC_V_str, i32 1, [1 x i8]* @p_str, [1 x i8]* @p_str, i32 1, i32 1, i14* %out_local_V_data_5_V, i14* %out_local_V_data_5_V)"   --->   Operation 62 'specchannel' 'empty_50' <Predicate = true> <Delay = 0.00>
ST_9 : Operation 63 [1/1] (0.00ns)   --->   "call void (...)* @_ssdm_op_SpecInterface(i14* %out_local_V_data_5_V, [8 x i8]* @ap_fifo_str, i32 0, i32 0, [1 x i8]* @p_str, i32 0, i32 0, [1 x i8]* @p_str, [1 x i8]* @p_str, [1 x i8]* @p_str, i32 2, i32 2, i32 16, i32 16, [1 x i8]* @p_str, [1 x i8]* @p_str)"   --->   Operation 63 'specinterface' <Predicate = true> <Delay = 0.00>
ST_9 : Operation 64 [1/1] (0.00ns)   --->   "%empty_51 = call i32 (...)* @_ssdm_op_SpecChannel([22 x i8]* @out_local_OC_V_OC_data_LF_6_NF_OC_V_str, i32 1, [1 x i8]* @p_str, [1 x i8]* @p_str, i32 1, i32 1, i14* %out_local_V_data_6_V, i14* %out_local_V_data_6_V)"   --->   Operation 64 'specchannel' 'empty_51' <Predicate = true> <Delay = 0.00>
ST_9 : Operation 65 [1/1] (0.00ns)   --->   "call void (...)* @_ssdm_op_SpecInterface(i14* %out_local_V_data_6_V, [8 x i8]* @ap_fifo_str, i32 0, i32 0, [1 x i8]* @p_str, i32 0, i32 0, [1 x i8]* @p_str, [1 x i8]* @p_str, [1 x i8]* @p_str, i32 2, i32 2, i32 16, i32 16, [1 x i8]* @p_str, [1 x i8]* @p_str)"   --->   Operation 65 'specinterface' <Predicate = true> <Delay = 0.00>
ST_9 : Operation 66 [1/1] (0.00ns)   --->   "%empty_52 = call i32 (...)* @_ssdm_op_SpecChannel([22 x i8]* @out_local_OC_V_OC_data_LF_7_NF_OC_V_str, i32 1, [1 x i8]* @p_str, [1 x i8]* @p_str, i32 1, i32 1, i14* %out_local_V_data_7_V, i14* %out_local_V_data_7_V)"   --->   Operation 66 'specchannel' 'empty_52' <Predicate = true> <Delay = 0.00>
ST_9 : Operation 67 [1/1] (0.00ns)   --->   "call void (...)* @_ssdm_op_SpecInterface(i14* %out_local_V_data_7_V, [8 x i8]* @ap_fifo_str, i32 0, i32 0, [1 x i8]* @p_str, i32 0, i32 0, [1 x i8]* @p_str, [1 x i8]* @p_str, [1 x i8]* @p_str, i32 2, i32 2, i32 16, i32 16, [1 x i8]* @p_str, [1 x i8]* @p_str)"   --->   Operation 67 'specinterface' <Predicate = true> <Delay = 0.00>
ST_9 : Operation 68 [1/1] (0.00ns)   --->   "%empty_53 = call i32 (...)* @_ssdm_op_SpecChannel([22 x i8]* @out_local_OC_V_OC_data_LF_8_NF_OC_V_str, i32 1, [1 x i8]* @p_str, [1 x i8]* @p_str, i32 1, i32 1, i14* %out_local_V_data_8_V, i14* %out_local_V_data_8_V)"   --->   Operation 68 'specchannel' 'empty_53' <Predicate = true> <Delay = 0.00>
ST_9 : Operation 69 [1/1] (0.00ns)   --->   "call void (...)* @_ssdm_op_SpecInterface(i14* %out_local_V_data_8_V, [8 x i8]* @ap_fifo_str, i32 0, i32 0, [1 x i8]* @p_str, i32 0, i32 0, [1 x i8]* @p_str, [1 x i8]* @p_str, [1 x i8]* @p_str, i32 2, i32 2, i32 16, i32 16, [1 x i8]* @p_str, [1 x i8]* @p_str)"   --->   Operation 69 'specinterface' <Predicate = true> <Delay = 0.00>
ST_9 : Operation 70 [1/1] (0.00ns)   --->   "%empty_54 = call i32 (...)* @_ssdm_op_SpecChannel([22 x i8]* @out_local_OC_V_OC_data_LF_9_NF_OC_V_str, i32 1, [1 x i8]* @p_str, [1 x i8]* @p_str, i32 1, i32 1, i14* %out_local_V_data_9_V, i14* %out_local_V_data_9_V)"   --->   Operation 70 'specchannel' 'empty_54' <Predicate = true> <Delay = 0.00>
ST_9 : Operation 71 [1/1] (0.00ns)   --->   "call void (...)* @_ssdm_op_SpecInterface(i14* %out_local_V_data_9_V, [8 x i8]* @ap_fifo_str, i32 0, i32 0, [1 x i8]* @p_str, i32 0, i32 0, [1 x i8]* @p_str, [1 x i8]* @p_str, [1 x i8]* @p_str, i32 2, i32 2, i32 16, i32 16, [1 x i8]* @p_str, [1 x i8]* @p_str)"   --->   Operation 71 'specinterface' <Predicate = true> <Delay = 0.00>
ST_9 : Operation 72 [1/1] (0.00ns)   --->   "call void (...)* @_ssdm_op_SpecInterface(float* %in_data, i1* %in_last_V, [5 x i8]* @p_str4, i32 1, i32 1, [5 x i8]* @p_str1, i32 0, i32 0, [1 x i8]* @p_str2, [1 x i8]* @p_str2, [1 x i8]* @p_str2, i32 0, i32 0, i32 0, i32 0, [1 x i8]* @p_str2, [1 x i8]* @p_str2)" [firmware/myproject_axi.cpp:5]   --->   Operation 72 'specinterface' <Predicate = true> <Delay = 0.00>
ST_9 : Operation 73 [1/1] (0.00ns)   --->   "call void (...)* @_ssdm_op_SpecInterface(float* %out_data, i1* %out_last_V, [5 x i8]* @p_str4, i32 1, i32 1, [5 x i8]* @p_str1, i32 0, i32 0, [1 x i8]* @p_str2, [1 x i8]* @p_str2, [1 x i8]* @p_str2, i32 0, i32 0, i32 0, i32 0, [1 x i8]* @p_str2, [1 x i8]* @p_str2)" [firmware/myproject_axi.cpp:6]   --->   Operation 73 'specinterface' <Predicate = true> <Delay = 0.00>
ST_9 : Operation 74 [1/1] (0.00ns)   --->   "call void (...)* @_ssdm_op_SpecInterface(i32 0, [13 x i8]* @p_str3, i32 0, i32 0, [1 x i8]* @p_str2, i32 0, i32 0, [1 x i8]* @p_str2, [1 x i8]* @p_str2, [1 x i8]* @p_str2, i32 0, i32 0, i32 0, i32 0, [1 x i8]* @p_str2, [1 x i8]* @p_str2) nounwind" [firmware/myproject_axi.cpp:7]   --->   Operation 74 'specinterface' <Predicate = true> <Delay = 0.00>
ST_9 : Operation 75 [1/1] (0.00ns)   --->   "ret void" [firmware/myproject_axi.cpp:36]   --->   Operation 75 'ret' <Predicate = true> <Delay = 0.00>


============================================================
+ Verbose Summary: Binding
============================================================
STG Binding: 
---------------- STG Properties BEGIN ----------------
- Is combinational: 0
- Is one-state seq: 0
- Is datapath-only: 0
- Is pipelined: 0
- Is top level: 1
Port [ Return ] is wired: 1; IO mode=ap_ctrl_none:ce=0
Port [ in_data]:  wired=1; compound=1; hidden=0; nouse=0; global=0; static=0; extern=0; dir=0; type=0; pingpong=0; private_global=0; IO mode=axis:ce=0
Port [ in_last_V]:  wired=1; compound=1; hidden=0; nouse=0; global=0; static=0; extern=0; dir=0; type=0; pingpong=0; private_global=0; IO mode=axis:ce=0
Port [ out_data]:  wired=1; compound=1; hidden=0; nouse=0; global=0; static=0; extern=0; dir=1; type=0; pingpong=0; private_global=0; IO mode=axis:ce=0
Port [ out_last_V]:  wired=1; compound=1; hidden=0; nouse=0; global=0; static=0; extern=0; dir=1; type=0; pingpong=0; private_global=0; IO mode=axis:ce=0
Port [ kernel_data_V_2_7]:  wired=0; compound=0; hidden=1; nouse=1; global=1; static=1; extern=0; dir=2; type=0; pingpong=0; private_global=0; linkage=7; visibility=0; IO mode=ap_ovld:ce=0
Port [ kernel_data_V_2_8]:  wired=0; compound=0; hidden=1; nouse=1; global=1; static=1; extern=0; dir=2; type=0; pingpong=0; private_global=0; linkage=7; visibility=0; IO mode=ap_ovld:ce=0
Port [ kernel_data_V_2_16]:  wired=0; compound=0; hidden=1; nouse=1; global=1; static=1; extern=0; dir=2; type=0; pingpong=0; private_global=0; linkage=7; visibility=0; IO mode=ap_ovld:ce=0
Port [ kernel_data_V_2_17]:  wired=0; compound=0; hidden=1; nouse=1; global=1; static=1; extern=0; dir=2; type=0; pingpong=0; private_global=0; linkage=7; visibility=0; IO mode=ap_ovld:ce=0
Port [ kernel_data_V_2_25]:  wired=0; compound=0; hidden=1; nouse=1; global=1; static=1; extern=0; dir=2; type=0; pingpong=0; private_global=0; linkage=7; visibility=0; IO mode=ap_ovld:ce=0
Port [ kernel_data_V_2_26]:  wired=0; compound=0; hidden=1; nouse=1; global=1; static=1; extern=0; dir=2; type=0; pingpong=0; private_global=0; linkage=7; visibility=0; IO mode=ap_ovld:ce=0
Port [ kernel_data_V_2_15]:  wired=0; compound=0; hidden=1; nouse=1; global=1; static=1; extern=0; dir=2; type=0; pingpong=0; private_global=0; linkage=7; visibility=0; IO mode=ap_ovld:ce=0
Port [ kernel_data_V_2_3]:  wired=0; compound=0; hidden=1; nouse=1; global=1; static=1; extern=0; dir=2; type=0; pingpong=0; private_global=0; linkage=7; visibility=0; IO mode=ap_ovld:ce=0
Port [ kernel_data_V_2_6]:  wired=0; compound=0; hidden=1; nouse=1; global=1; static=1; extern=0; dir=2; type=0; pingpong=0; private_global=0; linkage=7; visibility=0; IO mode=ap_ovld:ce=0
Port [ kernel_data_V_2_4]:  wired=0; compound=0; hidden=1; nouse=1; global=1; static=1; extern=0; dir=2; type=0; pingpong=0; private_global=0; linkage=7; visibility=0; IO mode=ap_ovld:ce=0
Port [ kernel_data_V_2_5]:  wired=0; compound=0; hidden=1; nouse=1; global=1; static=1; extern=0; dir=2; type=0; pingpong=0; private_global=0; linkage=7; visibility=0; IO mode=ap_ovld:ce=0
Port [ kernel_data_V_2_12]:  wired=0; compound=0; hidden=1; nouse=1; global=1; static=1; extern=0; dir=2; type=0; pingpong=0; private_global=0; linkage=7; visibility=0; IO mode=ap_ovld:ce=0
Port [ kernel_data_V_2_13]:  wired=0; compound=0; hidden=1; nouse=1; global=1; static=1; extern=0; dir=2; type=0; pingpong=0; private_global=0; linkage=7; visibility=0; IO mode=ap_ovld:ce=0
Port [ kernel_data_V_2_14]:  wired=0; compound=0; hidden=1; nouse=1; global=1; static=1; extern=0; dir=2; type=0; pingpong=0; private_global=0; linkage=7; visibility=0; IO mode=ap_ovld:ce=0
Port [ kernel_data_V_2_21]:  wired=0; compound=0; hidden=1; nouse=1; global=1; static=1; extern=0; dir=2; type=0; pingpong=0; private_global=0; linkage=7; visibility=0; IO mode=ap_ovld:ce=0
Port [ kernel_data_V_2_24]:  wired=0; compound=0; hidden=1; nouse=1; global=1; static=1; extern=0; dir=2; type=0; pingpong=0; private_global=0; linkage=7; visibility=0; IO mode=ap_ovld:ce=0
Port [ kernel_data_V_2_22]:  wired=0; compound=0; hidden=1; nouse=1; global=1; static=1; extern=0; dir=2; type=0; pingpong=0; private_global=0; linkage=7; visibility=0; IO mode=ap_ovld:ce=0
Port [ kernel_data_V_2_23]:  wired=0; compound=0; hidden=1; nouse=1; global=1; static=1; extern=0; dir=2; type=0; pingpong=0; private_global=0; linkage=7; visibility=0; IO mode=ap_ovld:ce=0
Port [ sX]:  wired=0; compound=0; hidden=1; nouse=1; global=1; static=1; extern=0; dir=2; type=0; pingpong=0; private_global=0; linkage=7; visibility=0; IO mode=ap_ovld:ce=0
Port [ sY]:  wired=0; compound=0; hidden=1; nouse=1; global=1; static=1; extern=0; dir=2; type=0; pingpong=0; private_global=0; linkage=7; visibility=0; IO mode=ap_ovld:ce=0
Port [ pY]:  wired=0; compound=0; hidden=1; nouse=1; global=1; static=1; extern=0; dir=2; type=0; pingpong=0; private_global=0; linkage=7; visibility=0; IO mode=ap_ovld:ce=0
Port [ pX]:  wired=0; compound=0; hidden=1; nouse=1; global=1; static=1; extern=0; dir=2; type=0; pingpong=0; private_global=0; linkage=7; visibility=0; IO mode=ap_ovld:ce=0
Port [ outidx4]:  wired=0; compound=1; hidden=1; nouse=1; global=1; static=1; extern=0; dir=0; type=1; pingpong=0; private_global=0; linkage=7; visibility=0; MemPort=[1]; IO mode=ap_memory:ce=0
Port [ kernel_data_V_2_0]:  wired=0; compound=0; hidden=1; nouse=1; global=1; static=1; extern=0; dir=2; type=0; pingpong=0; private_global=0; linkage=7; visibility=0; IO mode=ap_ovld:ce=0
Port [ kernel_data_V_2_1]:  wired=0; compound=0; hidden=1; nouse=1; global=1; static=1; extern=0; dir=2; type=0; pingpong=0; private_global=0; linkage=7; visibility=0; IO mode=ap_ovld:ce=0
Port [ kernel_data_V_2_2]:  wired=0; compound=0; hidden=1; nouse=1; global=1; static=1; extern=0; dir=2; type=0; pingpong=0; private_global=0; linkage=7; visibility=0; IO mode=ap_ovld:ce=0
Port [ kernel_data_V_2_9]:  wired=0; compound=0; hidden=1; nouse=1; global=1; static=1; extern=0; dir=2; type=0; pingpong=0; private_global=0; linkage=7; visibility=0; IO mode=ap_ovld:ce=0
Port [ kernel_data_V_2_10]:  wired=0; compound=0; hidden=1; nouse=1; global=1; static=1; extern=0; dir=2; type=0; pingpong=0; private_global=0; linkage=7; visibility=0; IO mode=ap_ovld:ce=0
Port [ kernel_data_V_2_11]:  wired=0; compound=0; hidden=1; nouse=1; global=1; static=1; extern=0; dir=2; type=0; pingpong=0; private_global=0; linkage=7; visibility=0; IO mode=ap_ovld:ce=0
Port [ kernel_data_V_2_18]:  wired=0; compound=0; hidden=1; nouse=1; global=1; static=1; extern=0; dir=2; type=0; pingpong=0; private_global=0; linkage=7; visibility=0; IO mode=ap_ovld:ce=0
Port [ kernel_data_V_2_19]:  wired=0; compound=0; hidden=1; nouse=1; global=1; static=1; extern=0; dir=2; type=0; pingpong=0; private_global=0; linkage=7; visibility=0; IO mode=ap_ovld:ce=0
Port [ kernel_data_V_2_20]:  wired=0; compound=0; hidden=1; nouse=1; global=1; static=1; extern=0; dir=2; type=0; pingpong=0; private_global=0; linkage=7; visibility=0; IO mode=ap_ovld:ce=0
Port [ w2_V]:  wired=0; compound=1; hidden=1; nouse=1; global=1; static=1; extern=0; dir=0; type=1; pingpong=0; private_global=0; linkage=7; visibility=0; MemPort=[1]; IO mode=ap_memory:ce=0
Port [ line_buffer_Array_V_2_0_0]:  wired=0; compound=1; hidden=1; nouse=1; global=1; static=1; extern=0; dir=3; type=1; pingpong=0; private_global=0; linkage=7; visibility=0; MemPort=[2]; IO mode=ap_memory:ce=0
Port [ line_buffer_Array_V_2_0_1]:  wired=0; compound=1; hidden=1; nouse=1; global=1; static=1; extern=0; dir=3; type=1; pingpong=0; private_global=0; linkage=7; visibility=0; MemPort=[2]; IO mode=ap_memory:ce=0
Port [ line_buffer_Array_V_2_0_2]:  wired=0; compound=1; hidden=1; nouse=1; global=1; static=1; extern=0; dir=3; type=1; pingpong=0; private_global=0; linkage=7; visibility=0; MemPort=[2]; IO mode=ap_memory:ce=0
Port [ line_buffer_Array_V_2_1_0]:  wired=0; compound=1; hidden=1; nouse=1; global=1; static=1; extern=0; dir=3; type=1; pingpong=0; private_global=0; linkage=7; visibility=0; MemPort=[2]; IO mode=ap_memory:ce=0
Port [ line_buffer_Array_V_2_1_1]:  wired=0; compound=1; hidden=1; nouse=1; global=1; static=1; extern=0; dir=3; type=1; pingpong=0; private_global=0; linkage=7; visibility=0; MemPort=[2]; IO mode=ap_memory:ce=0
Port [ line_buffer_Array_V_2_1_2]:  wired=0; compound=1; hidden=1; nouse=1; global=1; static=1; extern=0; dir=3; type=1; pingpong=0; private_global=0; linkage=7; visibility=0; MemPort=[2]; IO mode=ap_memory:ce=0
Port [ kernel_data_V_64]:  wired=0; compound=0; hidden=1; nouse=1; global=1; static=1; extern=0; dir=2; type=0; pingpong=0; private_global=0; linkage=7; visibility=0; IO mode=ap_ovld:ce=0
Port [ kernel_data_V_65]:  wired=0; compound=0; hidden=1; nouse=1; global=1; static=1; extern=0; dir=2; type=0; pingpong=0; private_global=0; linkage=7; visibility=0; IO mode=ap_ovld:ce=0
Port [ kernel_data_V_66]:  wired=0; compound=0; hidden=1; nouse=1; global=1; static=1; extern=0; dir=2; type=0; pingpong=0; private_global=0; linkage=7; visibility=0; IO mode=ap_ovld:ce=0
Port [ kernel_data_V_67]:  wired=0; compound=0; hidden=1; nouse=1; global=1; static=1; extern=0; dir=2; type=0; pingpong=0; private_global=0; linkage=7; visibility=0; IO mode=ap_ovld:ce=0
Port [ kernel_data_V_68]:  wired=0; compound=0; hidden=1; nouse=1; global=1; static=1; extern=0; dir=2; type=0; pingpong=0; private_global=0; linkage=7; visibility=0; IO mode=ap_ovld:ce=0
Port [ kernel_data_V_69]:  wired=0; compound=0; hidden=1; nouse=1; global=1; static=1; extern=0; dir=2; type=0; pingpong=0; private_global=0; linkage=7; visibility=0; IO mode=ap_ovld:ce=0
Port [ kernel_data_V_70]:  wired=0; compound=0; hidden=1; nouse=1; global=1; static=1; extern=0; dir=2; type=0; pingpong=0; private_global=0; linkage=7; visibility=0; IO mode=ap_ovld:ce=0
Port [ kernel_data_V_71]:  wired=0; compound=0; hidden=1; nouse=1; global=1; static=1; extern=0; dir=2; type=0; pingpong=0; private_global=0; linkage=7; visibility=0; IO mode=ap_ovld:ce=0
Port [ kernel_data_V_72]:  wired=0; compound=0; hidden=1; nouse=1; global=1; static=1; extern=0; dir=2; type=0; pingpong=0; private_global=0; linkage=7; visibility=0; IO mode=ap_ovld:ce=0
Port [ kernel_data_V_73]:  wired=0; compound=0; hidden=1; nouse=1; global=1; static=1; extern=0; dir=2; type=0; pingpong=0; private_global=0; linkage=7; visibility=0; IO mode=ap_ovld:ce=0
Port [ kernel_data_V_74]:  wired=0; compound=0; hidden=1; nouse=1; global=1; static=1; extern=0; dir=2; type=0; pingpong=0; private_global=0; linkage=7; visibility=0; IO mode=ap_ovld:ce=0
Port [ kernel_data_V_75]:  wired=0; compound=0; hidden=1; nouse=1; global=1; static=1; extern=0; dir=2; type=0; pingpong=0; private_global=0; linkage=7; visibility=0; IO mode=ap_ovld:ce=0
Port [ kernel_data_V_76]:  wired=0; compound=0; hidden=1; nouse=1; global=1; static=1; extern=0; dir=2; type=0; pingpong=0; private_global=0; linkage=7; visibility=0; IO mode=ap_ovld:ce=0
Port [ kernel_data_V_77]:  wired=0; compound=0; hidden=1; nouse=1; global=1; static=1; extern=0; dir=2; type=0; pingpong=0; private_global=0; linkage=7; visibility=0; IO mode=ap_ovld:ce=0
Port [ kernel_data_V_78]:  wired=0; compound=0; hidden=1; nouse=1; global=1; static=1; extern=0; dir=2; type=0; pingpong=0; private_global=0; linkage=7; visibility=0; IO mode=ap_ovld:ce=0
Port [ kernel_data_V_79]:  wired=0; compound=0; hidden=1; nouse=1; global=1; static=1; extern=0; dir=2; type=0; pingpong=0; private_global=0; linkage=7; visibility=0; IO mode=ap_ovld:ce=0
Port [ kernel_data_V_80]:  wired=0; compound=0; hidden=1; nouse=1; global=1; static=1; extern=0; dir=2; type=0; pingpong=0; private_global=0; linkage=7; visibility=0; IO mode=ap_ovld:ce=0
Port [ kernel_data_V_81]:  wired=0; compound=0; hidden=1; nouse=1; global=1; static=1; extern=0; dir=2; type=0; pingpong=0; private_global=0; linkage=7; visibility=0; IO mode=ap_ovld:ce=0
Port [ kernel_data_V_82]:  wired=0; compound=0; hidden=1; nouse=1; global=1; static=1; extern=0; dir=2; type=0; pingpong=0; private_global=0; linkage=7; visibility=0; IO mode=ap_ovld:ce=0
Port [ kernel_data_V_83]:  wired=0; compound=0; hidden=1; nouse=1; global=1; static=1; extern=0; dir=2; type=0; pingpong=0; private_global=0; linkage=7; visibility=0; IO mode=ap_ovld:ce=0
Port [ kernel_data_V_84]:  wired=0; compound=0; hidden=1; nouse=1; global=1; static=1; extern=0; dir=2; type=0; pingpong=0; private_global=0; linkage=7; visibility=0; IO mode=ap_ovld:ce=0
Port [ kernel_data_V_85]:  wired=0; compound=0; hidden=1; nouse=1; global=1; static=1; extern=0; dir=2; type=0; pingpong=0; private_global=0; linkage=7; visibility=0; IO mode=ap_ovld:ce=0
Port [ kernel_data_V_86]:  wired=0; compound=0; hidden=1; nouse=1; global=1; static=1; extern=0; dir=2; type=0; pingpong=0; private_global=0; linkage=7; visibility=0; IO mode=ap_ovld:ce=0
Port [ kernel_data_V_87]:  wired=0; compound=0; hidden=1; nouse=1; global=1; static=1; extern=0; dir=2; type=0; pingpong=0; private_global=0; linkage=7; visibility=0; IO mode=ap_ovld:ce=0
Port [ kernel_data_V_88]:  wired=0; compound=0; hidden=1; nouse=1; global=1; static=1; extern=0; dir=2; type=0; pingpong=0; private_global=0; linkage=7; visibility=0; IO mode=ap_ovld:ce=0
Port [ kernel_data_V_89]:  wired=0; compound=0; hidden=1; nouse=1; global=1; static=1; extern=0; dir=2; type=0; pingpong=0; private_global=0; linkage=7; visibility=0; IO mode=ap_ovld:ce=0
Port [ kernel_data_V_90]:  wired=0; compound=0; hidden=1; nouse=1; global=1; static=1; extern=0; dir=2; type=0; pingpong=0; private_global=0; linkage=7; visibility=0; IO mode=ap_ovld:ce=0
Port [ kernel_data_V_91]:  wired=0; compound=0; hidden=1; nouse=1; global=1; static=1; extern=0; dir=2; type=0; pingpong=0; private_global=0; linkage=7; visibility=0; IO mode=ap_ovld:ce=0
Port [ kernel_data_V_92]:  wired=0; compound=0; hidden=1; nouse=1; global=1; static=1; extern=0; dir=2; type=0; pingpong=0; private_global=0; linkage=7; visibility=0; IO mode=ap_ovld:ce=0
Port [ kernel_data_V_93]:  wired=0; compound=0; hidden=1; nouse=1; global=1; static=1; extern=0; dir=2; type=0; pingpong=0; private_global=0; linkage=7; visibility=0; IO mode=ap_ovld:ce=0
Port [ kernel_data_V_94]:  wired=0; compound=0; hidden=1; nouse=1; global=1; static=1; extern=0; dir=2; type=0; pingpong=0; private_global=0; linkage=7; visibility=0; IO mode=ap_ovld:ce=0
Port [ kernel_data_V_95]:  wired=0; compound=0; hidden=1; nouse=1; global=1; static=1; extern=0; dir=2; type=0; pingpong=0; private_global=0; linkage=7; visibility=0; IO mode=ap_ovld:ce=0
Port [ kernel_data_V_160]:  wired=0; compound=0; hidden=1; nouse=1; global=1; static=1; extern=0; dir=2; type=0; pingpong=0; private_global=0; linkage=7; visibility=0; IO mode=ap_ovld:ce=0
Port [ kernel_data_V_161]:  wired=0; compound=0; hidden=1; nouse=1; global=1; static=1; extern=0; dir=2; type=0; pingpong=0; private_global=0; linkage=7; visibility=0; IO mode=ap_ovld:ce=0
Port [ kernel_data_V_162]:  wired=0; compound=0; hidden=1; nouse=1; global=1; static=1; extern=0; dir=2; type=0; pingpong=0; private_global=0; linkage=7; visibility=0; IO mode=ap_ovld:ce=0
Port [ kernel_data_V_163]:  wired=0; compound=0; hidden=1; nouse=1; global=1; static=1; extern=0; dir=2; type=0; pingpong=0; private_global=0; linkage=7; visibility=0; IO mode=ap_ovld:ce=0
Port [ kernel_data_V_164]:  wired=0; compound=0; hidden=1; nouse=1; global=1; static=1; extern=0; dir=2; type=0; pingpong=0; private_global=0; linkage=7; visibility=0; IO mode=ap_ovld:ce=0
Port [ kernel_data_V_165]:  wired=0; compound=0; hidden=1; nouse=1; global=1; static=1; extern=0; dir=2; type=0; pingpong=0; private_global=0; linkage=7; visibility=0; IO mode=ap_ovld:ce=0
Port [ kernel_data_V_166]:  wired=0; compound=0; hidden=1; nouse=1; global=1; static=1; extern=0; dir=2; type=0; pingpong=0; private_global=0; linkage=7; visibility=0; IO mode=ap_ovld:ce=0
Port [ kernel_data_V_167]:  wired=0; compound=0; hidden=1; nouse=1; global=1; static=1; extern=0; dir=2; type=0; pingpong=0; private_global=0; linkage=7; visibility=0; IO mode=ap_ovld:ce=0
Port [ kernel_data_V_168]:  wired=0; compound=0; hidden=1; nouse=1; global=1; static=1; extern=0; dir=2; type=0; pingpong=0; private_global=0; linkage=7; visibility=0; IO mode=ap_ovld:ce=0
Port [ kernel_data_V_169]:  wired=0; compound=0; hidden=1; nouse=1; global=1; static=1; extern=0; dir=2; type=0; pingpong=0; private_global=0; linkage=7; visibility=0; IO mode=ap_ovld:ce=0
Port [ kernel_data_V_170]:  wired=0; compound=0; hidden=1; nouse=1; global=1; static=1; extern=0; dir=2; type=0; pingpong=0; private_global=0; linkage=7; visibility=0; IO mode=ap_ovld:ce=0
Port [ kernel_data_V_171]:  wired=0; compound=0; hidden=1; nouse=1; global=1; static=1; extern=0; dir=2; type=0; pingpong=0; private_global=0; linkage=7; visibility=0; IO mode=ap_ovld:ce=0
Port [ kernel_data_V_172]:  wired=0; compound=0; hidden=1; nouse=1; global=1; static=1; extern=0; dir=2; type=0; pingpong=0; private_global=0; linkage=7; visibility=0; IO mode=ap_ovld:ce=0
Port [ kernel_data_V_173]:  wired=0; compound=0; hidden=1; nouse=1; global=1; static=1; extern=0; dir=2; type=0; pingpong=0; private_global=0; linkage=7; visibility=0; IO mode=ap_ovld:ce=0
Port [ kernel_data_V_174]:  wired=0; compound=0; hidden=1; nouse=1; global=1; static=1; extern=0; dir=2; type=0; pingpong=0; private_global=0; linkage=7; visibility=0; IO mode=ap_ovld:ce=0
Port [ kernel_data_V_175]:  wired=0; compound=0; hidden=1; nouse=1; global=1; static=1; extern=0; dir=2; type=0; pingpong=0; private_global=0; linkage=7; visibility=0; IO mode=ap_ovld:ce=0
Port [ kernel_data_V_176]:  wired=0; compound=0; hidden=1; nouse=1; global=1; static=1; extern=0; dir=2; type=0; pingpong=0; private_global=0; linkage=7; visibility=0; IO mode=ap_ovld:ce=0
Port [ kernel_data_V_177]:  wired=0; compound=0; hidden=1; nouse=1; global=1; static=1; extern=0; dir=2; type=0; pingpong=0; private_global=0; linkage=7; visibility=0; IO mode=ap_ovld:ce=0
Port [ kernel_data_V_178]:  wired=0; compound=0; hidden=1; nouse=1; global=1; static=1; extern=0; dir=2; type=0; pingpong=0; private_global=0; linkage=7; visibility=0; IO mode=ap_ovld:ce=0
Port [ kernel_data_V_179]:  wired=0; compound=0; hidden=1; nouse=1; global=1; static=1; extern=0; dir=2; type=0; pingpong=0; private_global=0; linkage=7; visibility=0; IO mode=ap_ovld:ce=0
Port [ kernel_data_V_180]:  wired=0; compound=0; hidden=1; nouse=1; global=1; static=1; extern=0; dir=2; type=0; pingpong=0; private_global=0; linkage=7; visibility=0; IO mode=ap_ovld:ce=0
Port [ kernel_data_V_181]:  wired=0; compound=0; hidden=1; nouse=1; global=1; static=1; extern=0; dir=2; type=0; pingpong=0; private_global=0; linkage=7; visibility=0; IO mode=ap_ovld:ce=0
Port [ kernel_data_V_182]:  wired=0; compound=0; hidden=1; nouse=1; global=1; static=1; extern=0; dir=2; type=0; pingpong=0; private_global=0; linkage=7; visibility=0; IO mode=ap_ovld:ce=0
Port [ kernel_data_V_183]:  wired=0; compound=0; hidden=1; nouse=1; global=1; static=1; extern=0; dir=2; type=0; pingpong=0; private_global=0; linkage=7; visibility=0; IO mode=ap_ovld:ce=0
Port [ kernel_data_V_184]:  wired=0; compound=0; hidden=1; nouse=1; global=1; static=1; extern=0; dir=2; type=0; pingpong=0; private_global=0; linkage=7; visibility=0; IO mode=ap_ovld:ce=0
Port [ kernel_data_V_185]:  wired=0; compound=0; hidden=1; nouse=1; global=1; static=1; extern=0; dir=2; type=0; pingpong=0; private_global=0; linkage=7; visibility=0; IO mode=ap_ovld:ce=0
Port [ kernel_data_V_186]:  wired=0; compound=0; hidden=1; nouse=1; global=1; static=1; extern=0; dir=2; type=0; pingpong=0; private_global=0; linkage=7; visibility=0; IO mode=ap_ovld:ce=0
Port [ kernel_data_V_187]:  wired=0; compound=0; hidden=1; nouse=1; global=1; static=1; extern=0; dir=2; type=0; pingpong=0; private_global=0; linkage=7; visibility=0; IO mode=ap_ovld:ce=0
Port [ kernel_data_V_188]:  wired=0; compound=0; hidden=1; nouse=1; global=1; static=1; extern=0; dir=2; type=0; pingpong=0; private_global=0; linkage=7; visibility=0; IO mode=ap_ovld:ce=0
Port [ kernel_data_V_189]:  wired=0; compound=0; hidden=1; nouse=1; global=1; static=1; extern=0; dir=2; type=0; pingpong=0; private_global=0; linkage=7; visibility=0; IO mode=ap_ovld:ce=0
Port [ kernel_data_V_190]:  wired=0; compound=0; hidden=1; nouse=1; global=1; static=1; extern=0; dir=2; type=0; pingpong=0; private_global=0; linkage=7; visibility=0; IO mode=ap_ovld:ce=0
Port [ kernel_data_V_191]:  wired=0; compound=0; hidden=1; nouse=1; global=1; static=1; extern=0; dir=2; type=0; pingpong=0; private_global=0; linkage=7; visibility=0; IO mode=ap_ovld:ce=0
Port [ kernel_data_V_256]:  wired=0; compound=0; hidden=1; nouse=1; global=1; static=1; extern=0; dir=2; type=0; pingpong=0; private_global=0; linkage=7; visibility=0; IO mode=ap_ovld:ce=0
Port [ kernel_data_V_257]:  wired=0; compound=0; hidden=1; nouse=1; global=1; static=1; extern=0; dir=2; type=0; pingpong=0; private_global=0; linkage=7; visibility=0; IO mode=ap_ovld:ce=0
Port [ kernel_data_V_258]:  wired=0; compound=0; hidden=1; nouse=1; global=1; static=1; extern=0; dir=2; type=0; pingpong=0; private_global=0; linkage=7; visibility=0; IO mode=ap_ovld:ce=0
Port [ kernel_data_V_259]:  wired=0; compound=0; hidden=1; nouse=1; global=1; static=1; extern=0; dir=2; type=0; pingpong=0; private_global=0; linkage=7; visibility=0; IO mode=ap_ovld:ce=0
Port [ kernel_data_V_260]:  wired=0; compound=0; hidden=1; nouse=1; global=1; static=1; extern=0; dir=2; type=0; pingpong=0; private_global=0; linkage=7; visibility=0; IO mode=ap_ovld:ce=0
Port [ kernel_data_V_261]:  wired=0; compound=0; hidden=1; nouse=1; global=1; static=1; extern=0; dir=2; type=0; pingpong=0; private_global=0; linkage=7; visibility=0; IO mode=ap_ovld:ce=0
Port [ kernel_data_V_262]:  wired=0; compound=0; hidden=1; nouse=1; global=1; static=1; extern=0; dir=2; type=0; pingpong=0; private_global=0; linkage=7; visibility=0; IO mode=ap_ovld:ce=0
Port [ kernel_data_V_263]:  wired=0; compound=0; hidden=1; nouse=1; global=1; static=1; extern=0; dir=2; type=0; pingpong=0; private_global=0; linkage=7; visibility=0; IO mode=ap_ovld:ce=0
Port [ kernel_data_V_264]:  wired=0; compound=0; hidden=1; nouse=1; global=1; static=1; extern=0; dir=2; type=0; pingpong=0; private_global=0; linkage=7; visibility=0; IO mode=ap_ovld:ce=0
Port [ kernel_data_V_265]:  wired=0; compound=0; hidden=1; nouse=1; global=1; static=1; extern=0; dir=2; type=0; pingpong=0; private_global=0; linkage=7; visibility=0; IO mode=ap_ovld:ce=0
Port [ kernel_data_V_266]:  wired=0; compound=0; hidden=1; nouse=1; global=1; static=1; extern=0; dir=2; type=0; pingpong=0; private_global=0; linkage=7; visibility=0; IO mode=ap_ovld:ce=0
Port [ kernel_data_V_267]:  wired=0; compound=0; hidden=1; nouse=1; global=1; static=1; extern=0; dir=2; type=0; pingpong=0; private_global=0; linkage=7; visibility=0; IO mode=ap_ovld:ce=0
Port [ kernel_data_V_268]:  wired=0; compound=0; hidden=1; nouse=1; global=1; static=1; extern=0; dir=2; type=0; pingpong=0; private_global=0; linkage=7; visibility=0; IO mode=ap_ovld:ce=0
Port [ kernel_data_V_269]:  wired=0; compound=0; hidden=1; nouse=1; global=1; static=1; extern=0; dir=2; type=0; pingpong=0; private_global=0; linkage=7; visibility=0; IO mode=ap_ovld:ce=0
Port [ kernel_data_V_270]:  wired=0; compound=0; hidden=1; nouse=1; global=1; static=1; extern=0; dir=2; type=0; pingpong=0; private_global=0; linkage=7; visibility=0; IO mode=ap_ovld:ce=0
Port [ kernel_data_V_271]:  wired=0; compound=0; hidden=1; nouse=1; global=1; static=1; extern=0; dir=2; type=0; pingpong=0; private_global=0; linkage=7; visibility=0; IO mode=ap_ovld:ce=0
Port [ kernel_data_V_272]:  wired=0; compound=0; hidden=1; nouse=1; global=1; static=1; extern=0; dir=2; type=0; pingpong=0; private_global=0; linkage=7; visibility=0; IO mode=ap_ovld:ce=0
Port [ kernel_data_V_273]:  wired=0; compound=0; hidden=1; nouse=1; global=1; static=1; extern=0; dir=2; type=0; pingpong=0; private_global=0; linkage=7; visibility=0; IO mode=ap_ovld:ce=0
Port [ kernel_data_V_274]:  wired=0; compound=0; hidden=1; nouse=1; global=1; static=1; extern=0; dir=2; type=0; pingpong=0; private_global=0; linkage=7; visibility=0; IO mode=ap_ovld:ce=0
Port [ kernel_data_V_275]:  wired=0; compound=0; hidden=1; nouse=1; global=1; static=1; extern=0; dir=2; type=0; pingpong=0; private_global=0; linkage=7; visibility=0; IO mode=ap_ovld:ce=0
Port [ kernel_data_V_276]:  wired=0; compound=0; hidden=1; nouse=1; global=1; static=1; extern=0; dir=2; type=0; pingpong=0; private_global=0; linkage=7; visibility=0; IO mode=ap_ovld:ce=0
Port [ kernel_data_V_277]:  wired=0; compound=0; hidden=1; nouse=1; global=1; static=1; extern=0; dir=2; type=0; pingpong=0; private_global=0; linkage=7; visibility=0; IO mode=ap_ovld:ce=0
Port [ kernel_data_V_278]:  wired=0; compound=0; hidden=1; nouse=1; global=1; static=1; extern=0; dir=2; type=0; pingpong=0; private_global=0; linkage=7; visibility=0; IO mode=ap_ovld:ce=0
Port [ kernel_data_V_279]:  wired=0; compound=0; hidden=1; nouse=1; global=1; static=1; extern=0; dir=2; type=0; pingpong=0; private_global=0; linkage=7; visibility=0; IO mode=ap_ovld:ce=0
Port [ kernel_data_V_280]:  wired=0; compound=0; hidden=1; nouse=1; global=1; static=1; extern=0; dir=2; type=0; pingpong=0; private_global=0; linkage=7; visibility=0; IO mode=ap_ovld:ce=0
Port [ kernel_data_V_281]:  wired=0; compound=0; hidden=1; nouse=1; global=1; static=1; extern=0; dir=2; type=0; pingpong=0; private_global=0; linkage=7; visibility=0; IO mode=ap_ovld:ce=0
Port [ kernel_data_V_282]:  wired=0; compound=0; hidden=1; nouse=1; global=1; static=1; extern=0; dir=2; type=0; pingpong=0; private_global=0; linkage=7; visibility=0; IO mode=ap_ovld:ce=0
Port [ kernel_data_V_283]:  wired=0; compound=0; hidden=1; nouse=1; global=1; static=1; extern=0; dir=2; type=0; pingpong=0; private_global=0; linkage=7; visibility=0; IO mode=ap_ovld:ce=0
Port [ kernel_data_V_284]:  wired=0; compound=0; hidden=1; nouse=1; global=1; static=1; extern=0; dir=2; type=0; pingpong=0; private_global=0; linkage=7; visibility=0; IO mode=ap_ovld:ce=0
Port [ kernel_data_V_285]:  wired=0; compound=0; hidden=1; nouse=1; global=1; static=1; extern=0; dir=2; type=0; pingpong=0; private_global=0; linkage=7; visibility=0; IO mode=ap_ovld:ce=0
Port [ kernel_data_V_286]:  wired=0; compound=0; hidden=1; nouse=1; global=1; static=1; extern=0; dir=2; type=0; pingpong=0; private_global=0; linkage=7; visibility=0; IO mode=ap_ovld:ce=0
Port [ kernel_data_V_287]:  wired=0; compound=0; hidden=1; nouse=1; global=1; static=1; extern=0; dir=2; type=0; pingpong=0; private_global=0; linkage=7; visibility=0; IO mode=ap_ovld:ce=0
Port [ kernel_data_V_32]:  wired=0; compound=0; hidden=1; nouse=1; global=1; static=1; extern=0; dir=2; type=0; pingpong=0; private_global=0; linkage=7; visibility=0; IO mode=ap_ovld:ce=0
Port [ kernel_data_V_33]:  wired=0; compound=0; hidden=1; nouse=1; global=1; static=1; extern=0; dir=2; type=0; pingpong=0; private_global=0; linkage=7; visibility=0; IO mode=ap_ovld:ce=0
Port [ kernel_data_V_34]:  wired=0; compound=0; hidden=1; nouse=1; global=1; static=1; extern=0; dir=2; type=0; pingpong=0; private_global=0; linkage=7; visibility=0; IO mode=ap_ovld:ce=0
Port [ kernel_data_V_35]:  wired=0; compound=0; hidden=1; nouse=1; global=1; static=1; extern=0; dir=2; type=0; pingpong=0; private_global=0; linkage=7; visibility=0; IO mode=ap_ovld:ce=0
Port [ kernel_data_V_36]:  wired=0; compound=0; hidden=1; nouse=1; global=1; static=1; extern=0; dir=2; type=0; pingpong=0; private_global=0; linkage=7; visibility=0; IO mode=ap_ovld:ce=0
Port [ kernel_data_V_37]:  wired=0; compound=0; hidden=1; nouse=1; global=1; static=1; extern=0; dir=2; type=0; pingpong=0; private_global=0; linkage=7; visibility=0; IO mode=ap_ovld:ce=0
Port [ kernel_data_V_38]:  wired=0; compound=0; hidden=1; nouse=1; global=1; static=1; extern=0; dir=2; type=0; pingpong=0; private_global=0; linkage=7; visibility=0; IO mode=ap_ovld:ce=0
Port [ kernel_data_V_39]:  wired=0; compound=0; hidden=1; nouse=1; global=1; static=1; extern=0; dir=2; type=0; pingpong=0; private_global=0; linkage=7; visibility=0; IO mode=ap_ovld:ce=0
Port [ kernel_data_V_40]:  wired=0; compound=0; hidden=1; nouse=1; global=1; static=1; extern=0; dir=2; type=0; pingpong=0; private_global=0; linkage=7; visibility=0; IO mode=ap_ovld:ce=0
Port [ kernel_data_V_41]:  wired=0; compound=0; hidden=1; nouse=1; global=1; static=1; extern=0; dir=2; type=0; pingpong=0; private_global=0; linkage=7; visibility=0; IO mode=ap_ovld:ce=0
Port [ kernel_data_V_42]:  wired=0; compound=0; hidden=1; nouse=1; global=1; static=1; extern=0; dir=2; type=0; pingpong=0; private_global=0; linkage=7; visibility=0; IO mode=ap_ovld:ce=0
Port [ kernel_data_V_43]:  wired=0; compound=0; hidden=1; nouse=1; global=1; static=1; extern=0; dir=2; type=0; pingpong=0; private_global=0; linkage=7; visibility=0; IO mode=ap_ovld:ce=0
Port [ kernel_data_V_44]:  wired=0; compound=0; hidden=1; nouse=1; global=1; static=1; extern=0; dir=2; type=0; pingpong=0; private_global=0; linkage=7; visibility=0; IO mode=ap_ovld:ce=0
Port [ kernel_data_V_45]:  wired=0; compound=0; hidden=1; nouse=1; global=1; static=1; extern=0; dir=2; type=0; pingpong=0; private_global=0; linkage=7; visibility=0; IO mode=ap_ovld:ce=0
Port [ kernel_data_V_46]:  wired=0; compound=0; hidden=1; nouse=1; global=1; static=1; extern=0; dir=2; type=0; pingpong=0; private_global=0; linkage=7; visibility=0; IO mode=ap_ovld:ce=0
Port [ kernel_data_V_47]:  wired=0; compound=0; hidden=1; nouse=1; global=1; static=1; extern=0; dir=2; type=0; pingpong=0; private_global=0; linkage=7; visibility=0; IO mode=ap_ovld:ce=0
Port [ kernel_data_V_48]:  wired=0; compound=0; hidden=1; nouse=1; global=1; static=1; extern=0; dir=2; type=0; pingpong=0; private_global=0; linkage=7; visibility=0; IO mode=ap_ovld:ce=0
Port [ kernel_data_V_49]:  wired=0; compound=0; hidden=1; nouse=1; global=1; static=1; extern=0; dir=2; type=0; pingpong=0; private_global=0; linkage=7; visibility=0; IO mode=ap_ovld:ce=0
Port [ kernel_data_V_50]:  wired=0; compound=0; hidden=1; nouse=1; global=1; static=1; extern=0; dir=2; type=0; pingpong=0; private_global=0; linkage=7; visibility=0; IO mode=ap_ovld:ce=0
Port [ kernel_data_V_51]:  wired=0; compound=0; hidden=1; nouse=1; global=1; static=1; extern=0; dir=2; type=0; pingpong=0; private_global=0; linkage=7; visibility=0; IO mode=ap_ovld:ce=0
Port [ kernel_data_V_52]:  wired=0; compound=0; hidden=1; nouse=1; global=1; static=1; extern=0; dir=2; type=0; pingpong=0; private_global=0; linkage=7; visibility=0; IO mode=ap_ovld:ce=0
Port [ kernel_data_V_53]:  wired=0; compound=0; hidden=1; nouse=1; global=1; static=1; extern=0; dir=2; type=0; pingpong=0; private_global=0; linkage=7; visibility=0; IO mode=ap_ovld:ce=0
Port [ kernel_data_V_54]:  wired=0; compound=0; hidden=1; nouse=1; global=1; static=1; extern=0; dir=2; type=0; pingpong=0; private_global=0; linkage=7; visibility=0; IO mode=ap_ovld:ce=0
Port [ kernel_data_V_55]:  wired=0; compound=0; hidden=1; nouse=1; global=1; static=1; extern=0; dir=2; type=0; pingpong=0; private_global=0; linkage=7; visibility=0; IO mode=ap_ovld:ce=0
Port [ kernel_data_V_56]:  wired=0; compound=0; hidden=1; nouse=1; global=1; static=1; extern=0; dir=2; type=0; pingpong=0; private_global=0; linkage=7; visibility=0; IO mode=ap_ovld:ce=0
Port [ kernel_data_V_57]:  wired=0; compound=0; hidden=1; nouse=1; global=1; static=1; extern=0; dir=2; type=0; pingpong=0; private_global=0; linkage=7; visibility=0; IO mode=ap_ovld:ce=0
Port [ kernel_data_V_58]:  wired=0; compound=0; hidden=1; nouse=1; global=1; static=1; extern=0; dir=2; type=0; pingpong=0; private_global=0; linkage=7; visibility=0; IO mode=ap_ovld:ce=0
Port [ kernel_data_V_59]:  wired=0; compound=0; hidden=1; nouse=1; global=1; static=1; extern=0; dir=2; type=0; pingpong=0; private_global=0; linkage=7; visibility=0; IO mode=ap_ovld:ce=0
Port [ kernel_data_V_60]:  wired=0; compound=0; hidden=1; nouse=1; global=1; static=1; extern=0; dir=2; type=0; pingpong=0; private_global=0; linkage=7; visibility=0; IO mode=ap_ovld:ce=0
Port [ kernel_data_V_61]:  wired=0; compound=0; hidden=1; nouse=1; global=1; static=1; extern=0; dir=2; type=0; pingpong=0; private_global=0; linkage=7; visibility=0; IO mode=ap_ovld:ce=0
Port [ kernel_data_V_62]:  wired=0; compound=0; hidden=1; nouse=1; global=1; static=1; extern=0; dir=2; type=0; pingpong=0; private_global=0; linkage=7; visibility=0; IO mode=ap_ovld:ce=0
Port [ kernel_data_V_63]:  wired=0; compound=0; hidden=1; nouse=1; global=1; static=1; extern=0; dir=2; type=0; pingpong=0; private_global=0; linkage=7; visibility=0; IO mode=ap_ovld:ce=0
Port [ kernel_data_V_128]:  wired=0; compound=0; hidden=1; nouse=1; global=1; static=1; extern=0; dir=2; type=0; pingpong=0; private_global=0; linkage=7; visibility=0; IO mode=ap_ovld:ce=0
Port [ kernel_data_V_129]:  wired=0; compound=0; hidden=1; nouse=1; global=1; static=1; extern=0; dir=2; type=0; pingpong=0; private_global=0; linkage=7; visibility=0; IO mode=ap_ovld:ce=0
Port [ kernel_data_V_130]:  wired=0; compound=0; hidden=1; nouse=1; global=1; static=1; extern=0; dir=2; type=0; pingpong=0; private_global=0; linkage=7; visibility=0; IO mode=ap_ovld:ce=0
Port [ kernel_data_V_131]:  wired=0; compound=0; hidden=1; nouse=1; global=1; static=1; extern=0; dir=2; type=0; pingpong=0; private_global=0; linkage=7; visibility=0; IO mode=ap_ovld:ce=0
Port [ kernel_data_V_132]:  wired=0; compound=0; hidden=1; nouse=1; global=1; static=1; extern=0; dir=2; type=0; pingpong=0; private_global=0; linkage=7; visibility=0; IO mode=ap_ovld:ce=0
Port [ kernel_data_V_133]:  wired=0; compound=0; hidden=1; nouse=1; global=1; static=1; extern=0; dir=2; type=0; pingpong=0; private_global=0; linkage=7; visibility=0; IO mode=ap_ovld:ce=0
Port [ kernel_data_V_134]:  wired=0; compound=0; hidden=1; nouse=1; global=1; static=1; extern=0; dir=2; type=0; pingpong=0; private_global=0; linkage=7; visibility=0; IO mode=ap_ovld:ce=0
Port [ kernel_data_V_135]:  wired=0; compound=0; hidden=1; nouse=1; global=1; static=1; extern=0; dir=2; type=0; pingpong=0; private_global=0; linkage=7; visibility=0; IO mode=ap_ovld:ce=0
Port [ kernel_data_V_136]:  wired=0; compound=0; hidden=1; nouse=1; global=1; static=1; extern=0; dir=2; type=0; pingpong=0; private_global=0; linkage=7; visibility=0; IO mode=ap_ovld:ce=0
Port [ kernel_data_V_137]:  wired=0; compound=0; hidden=1; nouse=1; global=1; static=1; extern=0; dir=2; type=0; pingpong=0; private_global=0; linkage=7; visibility=0; IO mode=ap_ovld:ce=0
Port [ kernel_data_V_138]:  wired=0; compound=0; hidden=1; nouse=1; global=1; static=1; extern=0; dir=2; type=0; pingpong=0; private_global=0; linkage=7; visibility=0; IO mode=ap_ovld:ce=0
Port [ kernel_data_V_139]:  wired=0; compound=0; hidden=1; nouse=1; global=1; static=1; extern=0; dir=2; type=0; pingpong=0; private_global=0; linkage=7; visibility=0; IO mode=ap_ovld:ce=0
Port [ kernel_data_V_140]:  wired=0; compound=0; hidden=1; nouse=1; global=1; static=1; extern=0; dir=2; type=0; pingpong=0; private_global=0; linkage=7; visibility=0; IO mode=ap_ovld:ce=0
Port [ kernel_data_V_141]:  wired=0; compound=0; hidden=1; nouse=1; global=1; static=1; extern=0; dir=2; type=0; pingpong=0; private_global=0; linkage=7; visibility=0; IO mode=ap_ovld:ce=0
Port [ kernel_data_V_142]:  wired=0; compound=0; hidden=1; nouse=1; global=1; static=1; extern=0; dir=2; type=0; pingpong=0; private_global=0; linkage=7; visibility=0; IO mode=ap_ovld:ce=0
Port [ kernel_data_V_143]:  wired=0; compound=0; hidden=1; nouse=1; global=1; static=1; extern=0; dir=2; type=0; pingpong=0; private_global=0; linkage=7; visibility=0; IO mode=ap_ovld:ce=0
Port [ kernel_data_V_144]:  wired=0; compound=0; hidden=1; nouse=1; global=1; static=1; extern=0; dir=2; type=0; pingpong=0; private_global=0; linkage=7; visibility=0; IO mode=ap_ovld:ce=0
Port [ kernel_data_V_145]:  wired=0; compound=0; hidden=1; nouse=1; global=1; static=1; extern=0; dir=2; type=0; pingpong=0; private_global=0; linkage=7; visibility=0; IO mode=ap_ovld:ce=0
Port [ kernel_data_V_146]:  wired=0; compound=0; hidden=1; nouse=1; global=1; static=1; extern=0; dir=2; type=0; pingpong=0; private_global=0; linkage=7; visibility=0; IO mode=ap_ovld:ce=0
Port [ kernel_data_V_147]:  wired=0; compound=0; hidden=1; nouse=1; global=1; static=1; extern=0; dir=2; type=0; pingpong=0; private_global=0; linkage=7; visibility=0; IO mode=ap_ovld:ce=0
Port [ kernel_data_V_148]:  wired=0; compound=0; hidden=1; nouse=1; global=1; static=1; extern=0; dir=2; type=0; pingpong=0; private_global=0; linkage=7; visibility=0; IO mode=ap_ovld:ce=0
Port [ kernel_data_V_149]:  wired=0; compound=0; hidden=1; nouse=1; global=1; static=1; extern=0; dir=2; type=0; pingpong=0; private_global=0; linkage=7; visibility=0; IO mode=ap_ovld:ce=0
Port [ kernel_data_V_150]:  wired=0; compound=0; hidden=1; nouse=1; global=1; static=1; extern=0; dir=2; type=0; pingpong=0; private_global=0; linkage=7; visibility=0; IO mode=ap_ovld:ce=0
Port [ kernel_data_V_151]:  wired=0; compound=0; hidden=1; nouse=1; global=1; static=1; extern=0; dir=2; type=0; pingpong=0; private_global=0; linkage=7; visibility=0; IO mode=ap_ovld:ce=0
Port [ kernel_data_V_152]:  wired=0; compound=0; hidden=1; nouse=1; global=1; static=1; extern=0; dir=2; type=0; pingpong=0; private_global=0; linkage=7; visibility=0; IO mode=ap_ovld:ce=0
Port [ kernel_data_V_153]:  wired=0; compound=0; hidden=1; nouse=1; global=1; static=1; extern=0; dir=2; type=0; pingpong=0; private_global=0; linkage=7; visibility=0; IO mode=ap_ovld:ce=0
Port [ kernel_data_V_154]:  wired=0; compound=0; hidden=1; nouse=1; global=1; static=1; extern=0; dir=2; type=0; pingpong=0; private_global=0; linkage=7; visibility=0; IO mode=ap_ovld:ce=0
Port [ kernel_data_V_155]:  wired=0; compound=0; hidden=1; nouse=1; global=1; static=1; extern=0; dir=2; type=0; pingpong=0; private_global=0; linkage=7; visibility=0; IO mode=ap_ovld:ce=0
Port [ kernel_data_V_156]:  wired=0; compound=0; hidden=1; nouse=1; global=1; static=1; extern=0; dir=2; type=0; pingpong=0; private_global=0; linkage=7; visibility=0; IO mode=ap_ovld:ce=0
Port [ kernel_data_V_157]:  wired=0; compound=0; hidden=1; nouse=1; global=1; static=1; extern=0; dir=2; type=0; pingpong=0; private_global=0; linkage=7; visibility=0; IO mode=ap_ovld:ce=0
Port [ kernel_data_V_158]:  wired=0; compound=0; hidden=1; nouse=1; global=1; static=1; extern=0; dir=2; type=0; pingpong=0; private_global=0; linkage=7; visibility=0; IO mode=ap_ovld:ce=0
Port [ kernel_data_V_159]:  wired=0; compound=0; hidden=1; nouse=1; global=1; static=1; extern=0; dir=2; type=0; pingpong=0; private_global=0; linkage=7; visibility=0; IO mode=ap_ovld:ce=0
Port [ kernel_data_V_224]:  wired=0; compound=0; hidden=1; nouse=1; global=1; static=1; extern=0; dir=2; type=0; pingpong=0; private_global=0; linkage=7; visibility=0; IO mode=ap_ovld:ce=0
Port [ kernel_data_V_225]:  wired=0; compound=0; hidden=1; nouse=1; global=1; static=1; extern=0; dir=2; type=0; pingpong=0; private_global=0; linkage=7; visibility=0; IO mode=ap_ovld:ce=0
Port [ kernel_data_V_226]:  wired=0; compound=0; hidden=1; nouse=1; global=1; static=1; extern=0; dir=2; type=0; pingpong=0; private_global=0; linkage=7; visibility=0; IO mode=ap_ovld:ce=0
Port [ kernel_data_V_227]:  wired=0; compound=0; hidden=1; nouse=1; global=1; static=1; extern=0; dir=2; type=0; pingpong=0; private_global=0; linkage=7; visibility=0; IO mode=ap_ovld:ce=0
Port [ kernel_data_V_228]:  wired=0; compound=0; hidden=1; nouse=1; global=1; static=1; extern=0; dir=2; type=0; pingpong=0; private_global=0; linkage=7; visibility=0; IO mode=ap_ovld:ce=0
Port [ kernel_data_V_229]:  wired=0; compound=0; hidden=1; nouse=1; global=1; static=1; extern=0; dir=2; type=0; pingpong=0; private_global=0; linkage=7; visibility=0; IO mode=ap_ovld:ce=0
Port [ kernel_data_V_230]:  wired=0; compound=0; hidden=1; nouse=1; global=1; static=1; extern=0; dir=2; type=0; pingpong=0; private_global=0; linkage=7; visibility=0; IO mode=ap_ovld:ce=0
Port [ kernel_data_V_231]:  wired=0; compound=0; hidden=1; nouse=1; global=1; static=1; extern=0; dir=2; type=0; pingpong=0; private_global=0; linkage=7; visibility=0; IO mode=ap_ovld:ce=0
Port [ kernel_data_V_232]:  wired=0; compound=0; hidden=1; nouse=1; global=1; static=1; extern=0; dir=2; type=0; pingpong=0; private_global=0; linkage=7; visibility=0; IO mode=ap_ovld:ce=0
Port [ kernel_data_V_233]:  wired=0; compound=0; hidden=1; nouse=1; global=1; static=1; extern=0; dir=2; type=0; pingpong=0; private_global=0; linkage=7; visibility=0; IO mode=ap_ovld:ce=0
Port [ kernel_data_V_234]:  wired=0; compound=0; hidden=1; nouse=1; global=1; static=1; extern=0; dir=2; type=0; pingpong=0; private_global=0; linkage=7; visibility=0; IO mode=ap_ovld:ce=0
Port [ kernel_data_V_235]:  wired=0; compound=0; hidden=1; nouse=1; global=1; static=1; extern=0; dir=2; type=0; pingpong=0; private_global=0; linkage=7; visibility=0; IO mode=ap_ovld:ce=0
Port [ kernel_data_V_236]:  wired=0; compound=0; hidden=1; nouse=1; global=1; static=1; extern=0; dir=2; type=0; pingpong=0; private_global=0; linkage=7; visibility=0; IO mode=ap_ovld:ce=0
Port [ kernel_data_V_237]:  wired=0; compound=0; hidden=1; nouse=1; global=1; static=1; extern=0; dir=2; type=0; pingpong=0; private_global=0; linkage=7; visibility=0; IO mode=ap_ovld:ce=0
Port [ kernel_data_V_238]:  wired=0; compound=0; hidden=1; nouse=1; global=1; static=1; extern=0; dir=2; type=0; pingpong=0; private_global=0; linkage=7; visibility=0; IO mode=ap_ovld:ce=0
Port [ kernel_data_V_239]:  wired=0; compound=0; hidden=1; nouse=1; global=1; static=1; extern=0; dir=2; type=0; pingpong=0; private_global=0; linkage=7; visibility=0; IO mode=ap_ovld:ce=0
Port [ kernel_data_V_240]:  wired=0; compound=0; hidden=1; nouse=1; global=1; static=1; extern=0; dir=2; type=0; pingpong=0; private_global=0; linkage=7; visibility=0; IO mode=ap_ovld:ce=0
Port [ kernel_data_V_241]:  wired=0; compound=0; hidden=1; nouse=1; global=1; static=1; extern=0; dir=2; type=0; pingpong=0; private_global=0; linkage=7; visibility=0; IO mode=ap_ovld:ce=0
Port [ kernel_data_V_242]:  wired=0; compound=0; hidden=1; nouse=1; global=1; static=1; extern=0; dir=2; type=0; pingpong=0; private_global=0; linkage=7; visibility=0; IO mode=ap_ovld:ce=0
Port [ kernel_data_V_243]:  wired=0; compound=0; hidden=1; nouse=1; global=1; static=1; extern=0; dir=2; type=0; pingpong=0; private_global=0; linkage=7; visibility=0; IO mode=ap_ovld:ce=0
Port [ kernel_data_V_244]:  wired=0; compound=0; hidden=1; nouse=1; global=1; static=1; extern=0; dir=2; type=0; pingpong=0; private_global=0; linkage=7; visibility=0; IO mode=ap_ovld:ce=0
Port [ kernel_data_V_245]:  wired=0; compound=0; hidden=1; nouse=1; global=1; static=1; extern=0; dir=2; type=0; pingpong=0; private_global=0; linkage=7; visibility=0; IO mode=ap_ovld:ce=0
Port [ kernel_data_V_246]:  wired=0; compound=0; hidden=1; nouse=1; global=1; static=1; extern=0; dir=2; type=0; pingpong=0; private_global=0; linkage=7; visibility=0; IO mode=ap_ovld:ce=0
Port [ kernel_data_V_247]:  wired=0; compound=0; hidden=1; nouse=1; global=1; static=1; extern=0; dir=2; type=0; pingpong=0; private_global=0; linkage=7; visibility=0; IO mode=ap_ovld:ce=0
Port [ kernel_data_V_248]:  wired=0; compound=0; hidden=1; nouse=1; global=1; static=1; extern=0; dir=2; type=0; pingpong=0; private_global=0; linkage=7; visibility=0; IO mode=ap_ovld:ce=0
Port [ kernel_data_V_249]:  wired=0; compound=0; hidden=1; nouse=1; global=1; static=1; extern=0; dir=2; type=0; pingpong=0; private_global=0; linkage=7; visibility=0; IO mode=ap_ovld:ce=0
Port [ kernel_data_V_250]:  wired=0; compound=0; hidden=1; nouse=1; global=1; static=1; extern=0; dir=2; type=0; pingpong=0; private_global=0; linkage=7; visibility=0; IO mode=ap_ovld:ce=0
Port [ kernel_data_V_251]:  wired=0; compound=0; hidden=1; nouse=1; global=1; static=1; extern=0; dir=2; type=0; pingpong=0; private_global=0; linkage=7; visibility=0; IO mode=ap_ovld:ce=0
Port [ kernel_data_V_252]:  wired=0; compound=0; hidden=1; nouse=1; global=1; static=1; extern=0; dir=2; type=0; pingpong=0; private_global=0; linkage=7; visibility=0; IO mode=ap_ovld:ce=0
Port [ kernel_data_V_253]:  wired=0; compound=0; hidden=1; nouse=1; global=1; static=1; extern=0; dir=2; type=0; pingpong=0; private_global=0; linkage=7; visibility=0; IO mode=ap_ovld:ce=0
Port [ kernel_data_V_254]:  wired=0; compound=0; hidden=1; nouse=1; global=1; static=1; extern=0; dir=2; type=0; pingpong=0; private_global=0; linkage=7; visibility=0; IO mode=ap_ovld:ce=0
Port [ kernel_data_V_255]:  wired=0; compound=0; hidden=1; nouse=1; global=1; static=1; extern=0; dir=2; type=0; pingpong=0; private_global=0; linkage=7; visibility=0; IO mode=ap_ovld:ce=0
Port [ sX_2]:  wired=0; compound=0; hidden=1; nouse=1; global=1; static=1; extern=0; dir=2; type=0; pingpong=0; private_global=0; linkage=7; visibility=0; IO mode=ap_ovld:ce=0
Port [ sY_2]:  wired=0; compound=0; hidden=1; nouse=1; global=1; static=1; extern=0; dir=2; type=0; pingpong=0; private_global=0; linkage=7; visibility=0; IO mode=ap_ovld:ce=0
Port [ pY_2]:  wired=0; compound=0; hidden=1; nouse=1; global=1; static=1; extern=0; dir=2; type=0; pingpong=0; private_global=0; linkage=7; visibility=0; IO mode=ap_ovld:ce=0
Port [ pX_2]:  wired=0; compound=0; hidden=1; nouse=1; global=1; static=1; extern=0; dir=2; type=0; pingpong=0; private_global=0; linkage=7; visibility=0; IO mode=ap_ovld:ce=0
Port [ outidx2]:  wired=0; compound=1; hidden=1; nouse=1; global=1; static=1; extern=0; dir=0; type=1; pingpong=0; private_global=0; linkage=7; visibility=0; MemPort=[1]; IO mode=ap_memory:ce=0
Port [ kernel_data_V_0]:  wired=0; compound=0; hidden=1; nouse=1; global=1; static=1; extern=0; dir=2; type=0; pingpong=0; private_global=0; linkage=7; visibility=0; IO mode=ap_ovld:ce=0
Port [ kernel_data_V_1169]:  wired=0; compound=0; hidden=1; nouse=1; global=1; static=1; extern=0; dir=2; type=0; pingpong=0; private_global=0; linkage=7; visibility=0; IO mode=ap_ovld:ce=0
Port [ kernel_data_V_2170]:  wired=0; compound=0; hidden=1; nouse=1; global=1; static=1; extern=0; dir=2; type=0; pingpong=0; private_global=0; linkage=7; visibility=0; IO mode=ap_ovld:ce=0
Port [ kernel_data_V_3]:  wired=0; compound=0; hidden=1; nouse=1; global=1; static=1; extern=0; dir=2; type=0; pingpong=0; private_global=0; linkage=7; visibility=0; IO mode=ap_ovld:ce=0
Port [ kernel_data_V_4]:  wired=0; compound=0; hidden=1; nouse=1; global=1; static=1; extern=0; dir=2; type=0; pingpong=0; private_global=0; linkage=7; visibility=0; IO mode=ap_ovld:ce=0
Port [ kernel_data_V_5]:  wired=0; compound=0; hidden=1; nouse=1; global=1; static=1; extern=0; dir=2; type=0; pingpong=0; private_global=0; linkage=7; visibility=0; IO mode=ap_ovld:ce=0
Port [ kernel_data_V_6]:  wired=0; compound=0; hidden=1; nouse=1; global=1; static=1; extern=0; dir=2; type=0; pingpong=0; private_global=0; linkage=7; visibility=0; IO mode=ap_ovld:ce=0
Port [ kernel_data_V_7]:  wired=0; compound=0; hidden=1; nouse=1; global=1; static=1; extern=0; dir=2; type=0; pingpong=0; private_global=0; linkage=7; visibility=0; IO mode=ap_ovld:ce=0
Port [ kernel_data_V_8]:  wired=0; compound=0; hidden=1; nouse=1; global=1; static=1; extern=0; dir=2; type=0; pingpong=0; private_global=0; linkage=7; visibility=0; IO mode=ap_ovld:ce=0
Port [ kernel_data_V_9]:  wired=0; compound=0; hidden=1; nouse=1; global=1; static=1; extern=0; dir=2; type=0; pingpong=0; private_global=0; linkage=7; visibility=0; IO mode=ap_ovld:ce=0
Port [ kernel_data_V_10]:  wired=0; compound=0; hidden=1; nouse=1; global=1; static=1; extern=0; dir=2; type=0; pingpong=0; private_global=0; linkage=7; visibility=0; IO mode=ap_ovld:ce=0
Port [ kernel_data_V_11]:  wired=0; compound=0; hidden=1; nouse=1; global=1; static=1; extern=0; dir=2; type=0; pingpong=0; private_global=0; linkage=7; visibility=0; IO mode=ap_ovld:ce=0
Port [ kernel_data_V_12]:  wired=0; compound=0; hidden=1; nouse=1; global=1; static=1; extern=0; dir=2; type=0; pingpong=0; private_global=0; linkage=7; visibility=0; IO mode=ap_ovld:ce=0
Port [ kernel_data_V_13]:  wired=0; compound=0; hidden=1; nouse=1; global=1; static=1; extern=0; dir=2; type=0; pingpong=0; private_global=0; linkage=7; visibility=0; IO mode=ap_ovld:ce=0
Port [ kernel_data_V_14]:  wired=0; compound=0; hidden=1; nouse=1; global=1; static=1; extern=0; dir=2; type=0; pingpong=0; private_global=0; linkage=7; visibility=0; IO mode=ap_ovld:ce=0
Port [ kernel_data_V_15]:  wired=0; compound=0; hidden=1; nouse=1; global=1; static=1; extern=0; dir=2; type=0; pingpong=0; private_global=0; linkage=7; visibility=0; IO mode=ap_ovld:ce=0
Port [ kernel_data_V_16]:  wired=0; compound=0; hidden=1; nouse=1; global=1; static=1; extern=0; dir=2; type=0; pingpong=0; private_global=0; linkage=7; visibility=0; IO mode=ap_ovld:ce=0
Port [ kernel_data_V_17]:  wired=0; compound=0; hidden=1; nouse=1; global=1; static=1; extern=0; dir=2; type=0; pingpong=0; private_global=0; linkage=7; visibility=0; IO mode=ap_ovld:ce=0
Port [ kernel_data_V_18]:  wired=0; compound=0; hidden=1; nouse=1; global=1; static=1; extern=0; dir=2; type=0; pingpong=0; private_global=0; linkage=7; visibility=0; IO mode=ap_ovld:ce=0
Port [ kernel_data_V_19]:  wired=0; compound=0; hidden=1; nouse=1; global=1; static=1; extern=0; dir=2; type=0; pingpong=0; private_global=0; linkage=7; visibility=0; IO mode=ap_ovld:ce=0
Port [ kernel_data_V_20]:  wired=0; compound=0; hidden=1; nouse=1; global=1; static=1; extern=0; dir=2; type=0; pingpong=0; private_global=0; linkage=7; visibility=0; IO mode=ap_ovld:ce=0
Port [ kernel_data_V_21]:  wired=0; compound=0; hidden=1; nouse=1; global=1; static=1; extern=0; dir=2; type=0; pingpong=0; private_global=0; linkage=7; visibility=0; IO mode=ap_ovld:ce=0
Port [ kernel_data_V_22]:  wired=0; compound=0; hidden=1; nouse=1; global=1; static=1; extern=0; dir=2; type=0; pingpong=0; private_global=0; linkage=7; visibility=0; IO mode=ap_ovld:ce=0
Port [ kernel_data_V_23]:  wired=0; compound=0; hidden=1; nouse=1; global=1; static=1; extern=0; dir=2; type=0; pingpong=0; private_global=0; linkage=7; visibility=0; IO mode=ap_ovld:ce=0
Port [ kernel_data_V_24]:  wired=0; compound=0; hidden=1; nouse=1; global=1; static=1; extern=0; dir=2; type=0; pingpong=0; private_global=0; linkage=7; visibility=0; IO mode=ap_ovld:ce=0
Port [ kernel_data_V_25]:  wired=0; compound=0; hidden=1; nouse=1; global=1; static=1; extern=0; dir=2; type=0; pingpong=0; private_global=0; linkage=7; visibility=0; IO mode=ap_ovld:ce=0
Port [ kernel_data_V_26]:  wired=0; compound=0; hidden=1; nouse=1; global=1; static=1; extern=0; dir=2; type=0; pingpong=0; private_global=0; linkage=7; visibility=0; IO mode=ap_ovld:ce=0
Port [ kernel_data_V_27]:  wired=0; compound=0; hidden=1; nouse=1; global=1; static=1; extern=0; dir=2; type=0; pingpong=0; private_global=0; linkage=7; visibility=0; IO mode=ap_ovld:ce=0
Port [ kernel_data_V_28]:  wired=0; compound=0; hidden=1; nouse=1; global=1; static=1; extern=0; dir=2; type=0; pingpong=0; private_global=0; linkage=7; visibility=0; IO mode=ap_ovld:ce=0
Port [ kernel_data_V_29]:  wired=0; compound=0; hidden=1; nouse=1; global=1; static=1; extern=0; dir=2; type=0; pingpong=0; private_global=0; linkage=7; visibility=0; IO mode=ap_ovld:ce=0
Port [ kernel_data_V_30]:  wired=0; compound=0; hidden=1; nouse=1; global=1; static=1; extern=0; dir=2; type=0; pingpong=0; private_global=0; linkage=7; visibility=0; IO mode=ap_ovld:ce=0
Port [ kernel_data_V_31]:  wired=0; compound=0; hidden=1; nouse=1; global=1; static=1; extern=0; dir=2; type=0; pingpong=0; private_global=0; linkage=7; visibility=0; IO mode=ap_ovld:ce=0
Port [ kernel_data_V_96]:  wired=0; compound=0; hidden=1; nouse=1; global=1; static=1; extern=0; dir=2; type=0; pingpong=0; private_global=0; linkage=7; visibility=0; IO mode=ap_ovld:ce=0
Port [ kernel_data_V_97]:  wired=0; compound=0; hidden=1; nouse=1; global=1; static=1; extern=0; dir=2; type=0; pingpong=0; private_global=0; linkage=7; visibility=0; IO mode=ap_ovld:ce=0
Port [ kernel_data_V_98]:  wired=0; compound=0; hidden=1; nouse=1; global=1; static=1; extern=0; dir=2; type=0; pingpong=0; private_global=0; linkage=7; visibility=0; IO mode=ap_ovld:ce=0
Port [ kernel_data_V_99]:  wired=0; compound=0; hidden=1; nouse=1; global=1; static=1; extern=0; dir=2; type=0; pingpong=0; private_global=0; linkage=7; visibility=0; IO mode=ap_ovld:ce=0
Port [ kernel_data_V_100]:  wired=0; compound=0; hidden=1; nouse=1; global=1; static=1; extern=0; dir=2; type=0; pingpong=0; private_global=0; linkage=7; visibility=0; IO mode=ap_ovld:ce=0
Port [ kernel_data_V_101]:  wired=0; compound=0; hidden=1; nouse=1; global=1; static=1; extern=0; dir=2; type=0; pingpong=0; private_global=0; linkage=7; visibility=0; IO mode=ap_ovld:ce=0
Port [ kernel_data_V_102]:  wired=0; compound=0; hidden=1; nouse=1; global=1; static=1; extern=0; dir=2; type=0; pingpong=0; private_global=0; linkage=7; visibility=0; IO mode=ap_ovld:ce=0
Port [ kernel_data_V_103]:  wired=0; compound=0; hidden=1; nouse=1; global=1; static=1; extern=0; dir=2; type=0; pingpong=0; private_global=0; linkage=7; visibility=0; IO mode=ap_ovld:ce=0
Port [ kernel_data_V_104]:  wired=0; compound=0; hidden=1; nouse=1; global=1; static=1; extern=0; dir=2; type=0; pingpong=0; private_global=0; linkage=7; visibility=0; IO mode=ap_ovld:ce=0
Port [ kernel_data_V_105]:  wired=0; compound=0; hidden=1; nouse=1; global=1; static=1; extern=0; dir=2; type=0; pingpong=0; private_global=0; linkage=7; visibility=0; IO mode=ap_ovld:ce=0
Port [ kernel_data_V_106]:  wired=0; compound=0; hidden=1; nouse=1; global=1; static=1; extern=0; dir=2; type=0; pingpong=0; private_global=0; linkage=7; visibility=0; IO mode=ap_ovld:ce=0
Port [ kernel_data_V_107]:  wired=0; compound=0; hidden=1; nouse=1; global=1; static=1; extern=0; dir=2; type=0; pingpong=0; private_global=0; linkage=7; visibility=0; IO mode=ap_ovld:ce=0
Port [ kernel_data_V_108]:  wired=0; compound=0; hidden=1; nouse=1; global=1; static=1; extern=0; dir=2; type=0; pingpong=0; private_global=0; linkage=7; visibility=0; IO mode=ap_ovld:ce=0
Port [ kernel_data_V_109]:  wired=0; compound=0; hidden=1; nouse=1; global=1; static=1; extern=0; dir=2; type=0; pingpong=0; private_global=0; linkage=7; visibility=0; IO mode=ap_ovld:ce=0
Port [ kernel_data_V_110]:  wired=0; compound=0; hidden=1; nouse=1; global=1; static=1; extern=0; dir=2; type=0; pingpong=0; private_global=0; linkage=7; visibility=0; IO mode=ap_ovld:ce=0
Port [ kernel_data_V_111]:  wired=0; compound=0; hidden=1; nouse=1; global=1; static=1; extern=0; dir=2; type=0; pingpong=0; private_global=0; linkage=7; visibility=0; IO mode=ap_ovld:ce=0
Port [ kernel_data_V_112]:  wired=0; compound=0; hidden=1; nouse=1; global=1; static=1; extern=0; dir=2; type=0; pingpong=0; private_global=0; linkage=7; visibility=0; IO mode=ap_ovld:ce=0
Port [ kernel_data_V_113]:  wired=0; compound=0; hidden=1; nouse=1; global=1; static=1; extern=0; dir=2; type=0; pingpong=0; private_global=0; linkage=7; visibility=0; IO mode=ap_ovld:ce=0
Port [ kernel_data_V_114]:  wired=0; compound=0; hidden=1; nouse=1; global=1; static=1; extern=0; dir=2; type=0; pingpong=0; private_global=0; linkage=7; visibility=0; IO mode=ap_ovld:ce=0
Port [ kernel_data_V_115]:  wired=0; compound=0; hidden=1; nouse=1; global=1; static=1; extern=0; dir=2; type=0; pingpong=0; private_global=0; linkage=7; visibility=0; IO mode=ap_ovld:ce=0
Port [ kernel_data_V_116]:  wired=0; compound=0; hidden=1; nouse=1; global=1; static=1; extern=0; dir=2; type=0; pingpong=0; private_global=0; linkage=7; visibility=0; IO mode=ap_ovld:ce=0
Port [ kernel_data_V_117]:  wired=0; compound=0; hidden=1; nouse=1; global=1; static=1; extern=0; dir=2; type=0; pingpong=0; private_global=0; linkage=7; visibility=0; IO mode=ap_ovld:ce=0
Port [ kernel_data_V_118]:  wired=0; compound=0; hidden=1; nouse=1; global=1; static=1; extern=0; dir=2; type=0; pingpong=0; private_global=0; linkage=7; visibility=0; IO mode=ap_ovld:ce=0
Port [ kernel_data_V_119]:  wired=0; compound=0; hidden=1; nouse=1; global=1; static=1; extern=0; dir=2; type=0; pingpong=0; private_global=0; linkage=7; visibility=0; IO mode=ap_ovld:ce=0
Port [ kernel_data_V_120]:  wired=0; compound=0; hidden=1; nouse=1; global=1; static=1; extern=0; dir=2; type=0; pingpong=0; private_global=0; linkage=7; visibility=0; IO mode=ap_ovld:ce=0
Port [ kernel_data_V_121]:  wired=0; compound=0; hidden=1; nouse=1; global=1; static=1; extern=0; dir=2; type=0; pingpong=0; private_global=0; linkage=7; visibility=0; IO mode=ap_ovld:ce=0
Port [ kernel_data_V_122]:  wired=0; compound=0; hidden=1; nouse=1; global=1; static=1; extern=0; dir=2; type=0; pingpong=0; private_global=0; linkage=7; visibility=0; IO mode=ap_ovld:ce=0
Port [ kernel_data_V_123]:  wired=0; compound=0; hidden=1; nouse=1; global=1; static=1; extern=0; dir=2; type=0; pingpong=0; private_global=0; linkage=7; visibility=0; IO mode=ap_ovld:ce=0
Port [ kernel_data_V_124]:  wired=0; compound=0; hidden=1; nouse=1; global=1; static=1; extern=0; dir=2; type=0; pingpong=0; private_global=0; linkage=7; visibility=0; IO mode=ap_ovld:ce=0
Port [ kernel_data_V_125]:  wired=0; compound=0; hidden=1; nouse=1; global=1; static=1; extern=0; dir=2; type=0; pingpong=0; private_global=0; linkage=7; visibility=0; IO mode=ap_ovld:ce=0
Port [ kernel_data_V_126]:  wired=0; compound=0; hidden=1; nouse=1; global=1; static=1; extern=0; dir=2; type=0; pingpong=0; private_global=0; linkage=7; visibility=0; IO mode=ap_ovld:ce=0
Port [ kernel_data_V_127]:  wired=0; compound=0; hidden=1; nouse=1; global=1; static=1; extern=0; dir=2; type=0; pingpong=0; private_global=0; linkage=7; visibility=0; IO mode=ap_ovld:ce=0
Port [ kernel_data_V_192]:  wired=0; compound=0; hidden=1; nouse=1; global=1; static=1; extern=0; dir=2; type=0; pingpong=0; private_global=0; linkage=7; visibility=0; IO mode=ap_ovld:ce=0
Port [ kernel_data_V_193]:  wired=0; compound=0; hidden=1; nouse=1; global=1; static=1; extern=0; dir=2; type=0; pingpong=0; private_global=0; linkage=7; visibility=0; IO mode=ap_ovld:ce=0
Port [ kernel_data_V_194]:  wired=0; compound=0; hidden=1; nouse=1; global=1; static=1; extern=0; dir=2; type=0; pingpong=0; private_global=0; linkage=7; visibility=0; IO mode=ap_ovld:ce=0
Port [ kernel_data_V_195]:  wired=0; compound=0; hidden=1; nouse=1; global=1; static=1; extern=0; dir=2; type=0; pingpong=0; private_global=0; linkage=7; visibility=0; IO mode=ap_ovld:ce=0
Port [ kernel_data_V_196]:  wired=0; compound=0; hidden=1; nouse=1; global=1; static=1; extern=0; dir=2; type=0; pingpong=0; private_global=0; linkage=7; visibility=0; IO mode=ap_ovld:ce=0
Port [ kernel_data_V_197]:  wired=0; compound=0; hidden=1; nouse=1; global=1; static=1; extern=0; dir=2; type=0; pingpong=0; private_global=0; linkage=7; visibility=0; IO mode=ap_ovld:ce=0
Port [ kernel_data_V_198]:  wired=0; compound=0; hidden=1; nouse=1; global=1; static=1; extern=0; dir=2; type=0; pingpong=0; private_global=0; linkage=7; visibility=0; IO mode=ap_ovld:ce=0
Port [ kernel_data_V_199]:  wired=0; compound=0; hidden=1; nouse=1; global=1; static=1; extern=0; dir=2; type=0; pingpong=0; private_global=0; linkage=7; visibility=0; IO mode=ap_ovld:ce=0
Port [ kernel_data_V_200]:  wired=0; compound=0; hidden=1; nouse=1; global=1; static=1; extern=0; dir=2; type=0; pingpong=0; private_global=0; linkage=7; visibility=0; IO mode=ap_ovld:ce=0
Port [ kernel_data_V_201]:  wired=0; compound=0; hidden=1; nouse=1; global=1; static=1; extern=0; dir=2; type=0; pingpong=0; private_global=0; linkage=7; visibility=0; IO mode=ap_ovld:ce=0
Port [ kernel_data_V_202]:  wired=0; compound=0; hidden=1; nouse=1; global=1; static=1; extern=0; dir=2; type=0; pingpong=0; private_global=0; linkage=7; visibility=0; IO mode=ap_ovld:ce=0
Port [ kernel_data_V_203]:  wired=0; compound=0; hidden=1; nouse=1; global=1; static=1; extern=0; dir=2; type=0; pingpong=0; private_global=0; linkage=7; visibility=0; IO mode=ap_ovld:ce=0
Port [ kernel_data_V_204]:  wired=0; compound=0; hidden=1; nouse=1; global=1; static=1; extern=0; dir=2; type=0; pingpong=0; private_global=0; linkage=7; visibility=0; IO mode=ap_ovld:ce=0
Port [ kernel_data_V_205]:  wired=0; compound=0; hidden=1; nouse=1; global=1; static=1; extern=0; dir=2; type=0; pingpong=0; private_global=0; linkage=7; visibility=0; IO mode=ap_ovld:ce=0
Port [ kernel_data_V_206]:  wired=0; compound=0; hidden=1; nouse=1; global=1; static=1; extern=0; dir=2; type=0; pingpong=0; private_global=0; linkage=7; visibility=0; IO mode=ap_ovld:ce=0
Port [ kernel_data_V_207]:  wired=0; compound=0; hidden=1; nouse=1; global=1; static=1; extern=0; dir=2; type=0; pingpong=0; private_global=0; linkage=7; visibility=0; IO mode=ap_ovld:ce=0
Port [ kernel_data_V_208]:  wired=0; compound=0; hidden=1; nouse=1; global=1; static=1; extern=0; dir=2; type=0; pingpong=0; private_global=0; linkage=7; visibility=0; IO mode=ap_ovld:ce=0
Port [ kernel_data_V_209]:  wired=0; compound=0; hidden=1; nouse=1; global=1; static=1; extern=0; dir=2; type=0; pingpong=0; private_global=0; linkage=7; visibility=0; IO mode=ap_ovld:ce=0
Port [ kernel_data_V_210]:  wired=0; compound=0; hidden=1; nouse=1; global=1; static=1; extern=0; dir=2; type=0; pingpong=0; private_global=0; linkage=7; visibility=0; IO mode=ap_ovld:ce=0
Port [ kernel_data_V_211]:  wired=0; compound=0; hidden=1; nouse=1; global=1; static=1; extern=0; dir=2; type=0; pingpong=0; private_global=0; linkage=7; visibility=0; IO mode=ap_ovld:ce=0
Port [ kernel_data_V_212]:  wired=0; compound=0; hidden=1; nouse=1; global=1; static=1; extern=0; dir=2; type=0; pingpong=0; private_global=0; linkage=7; visibility=0; IO mode=ap_ovld:ce=0
Port [ kernel_data_V_213]:  wired=0; compound=0; hidden=1; nouse=1; global=1; static=1; extern=0; dir=2; type=0; pingpong=0; private_global=0; linkage=7; visibility=0; IO mode=ap_ovld:ce=0
Port [ kernel_data_V_214]:  wired=0; compound=0; hidden=1; nouse=1; global=1; static=1; extern=0; dir=2; type=0; pingpong=0; private_global=0; linkage=7; visibility=0; IO mode=ap_ovld:ce=0
Port [ kernel_data_V_215]:  wired=0; compound=0; hidden=1; nouse=1; global=1; static=1; extern=0; dir=2; type=0; pingpong=0; private_global=0; linkage=7; visibility=0; IO mode=ap_ovld:ce=0
Port [ kernel_data_V_216]:  wired=0; compound=0; hidden=1; nouse=1; global=1; static=1; extern=0; dir=2; type=0; pingpong=0; private_global=0; linkage=7; visibility=0; IO mode=ap_ovld:ce=0
Port [ kernel_data_V_217]:  wired=0; compound=0; hidden=1; nouse=1; global=1; static=1; extern=0; dir=2; type=0; pingpong=0; private_global=0; linkage=7; visibility=0; IO mode=ap_ovld:ce=0
Port [ kernel_data_V_218]:  wired=0; compound=0; hidden=1; nouse=1; global=1; static=1; extern=0; dir=2; type=0; pingpong=0; private_global=0; linkage=7; visibility=0; IO mode=ap_ovld:ce=0
Port [ kernel_data_V_219]:  wired=0; compound=0; hidden=1; nouse=1; global=1; static=1; extern=0; dir=2; type=0; pingpong=0; private_global=0; linkage=7; visibility=0; IO mode=ap_ovld:ce=0
Port [ kernel_data_V_220]:  wired=0; compound=0; hidden=1; nouse=1; global=1; static=1; extern=0; dir=2; type=0; pingpong=0; private_global=0; linkage=7; visibility=0; IO mode=ap_ovld:ce=0
Port [ kernel_data_V_221]:  wired=0; compound=0; hidden=1; nouse=1; global=1; static=1; extern=0; dir=2; type=0; pingpong=0; private_global=0; linkage=7; visibility=0; IO mode=ap_ovld:ce=0
Port [ kernel_data_V_222]:  wired=0; compound=0; hidden=1; nouse=1; global=1; static=1; extern=0; dir=2; type=0; pingpong=0; private_global=0; linkage=7; visibility=0; IO mode=ap_ovld:ce=0
Port [ kernel_data_V_223]:  wired=0; compound=0; hidden=1; nouse=1; global=1; static=1; extern=0; dir=2; type=0; pingpong=0; private_global=0; linkage=7; visibility=0; IO mode=ap_ovld:ce=0
Port [ w5_V]:  wired=0; compound=1; hidden=1; nouse=1; global=1; static=1; extern=0; dir=0; type=1; pingpong=0; private_global=0; linkage=7; visibility=0; MemPort=[1]; IO mode=ap_memory:ce=0
Port [ line_buffer_Array_V_0_0]:  wired=0; compound=1; hidden=1; nouse=1; global=1; static=1; extern=0; dir=3; type=1; pingpong=0; private_global=0; linkage=7; visibility=0; MemPort=[2]; IO mode=ap_memory:ce=0
Port [ line_buffer_Array_V_0_1]:  wired=0; compound=1; hidden=1; nouse=1; global=1; static=1; extern=0; dir=3; type=1; pingpong=0; private_global=0; linkage=7; visibility=0; MemPort=[2]; IO mode=ap_memory:ce=0
Port [ line_buffer_Array_V_0_2]:  wired=0; compound=1; hidden=1; nouse=1; global=1; static=1; extern=0; dir=3; type=1; pingpong=0; private_global=0; linkage=7; visibility=0; MemPort=[2]; IO mode=ap_memory:ce=0
Port [ line_buffer_Array_V_0_3]:  wired=0; compound=1; hidden=1; nouse=1; global=1; static=1; extern=0; dir=3; type=1; pingpong=0; private_global=0; linkage=7; visibility=0; MemPort=[2]; IO mode=ap_memory:ce=0
Port [ line_buffer_Array_V_0_4]:  wired=0; compound=1; hidden=1; nouse=1; global=1; static=1; extern=0; dir=3; type=1; pingpong=0; private_global=0; linkage=7; visibility=0; MemPort=[2]; IO mode=ap_memory:ce=0
Port [ line_buffer_Array_V_0_5]:  wired=0; compound=1; hidden=1; nouse=1; global=1; static=1; extern=0; dir=3; type=1; pingpong=0; private_global=0; linkage=7; visibility=0; MemPort=[2]; IO mode=ap_memory:ce=0
Port [ line_buffer_Array_V_0_6]:  wired=0; compound=1; hidden=1; nouse=1; global=1; static=1; extern=0; dir=3; type=1; pingpong=0; private_global=0; linkage=7; visibility=0; MemPort=[2]; IO mode=ap_memory:ce=0
Port [ line_buffer_Array_V_0_7]:  wired=0; compound=1; hidden=1; nouse=1; global=1; static=1; extern=0; dir=3; type=1; pingpong=0; private_global=0; linkage=7; visibility=0; MemPort=[2]; IO mode=ap_memory:ce=0
Port [ line_buffer_Array_V_0_8]:  wired=0; compound=1; hidden=1; nouse=1; global=1; static=1; extern=0; dir=3; type=1; pingpong=0; private_global=0; linkage=7; visibility=0; MemPort=[2]; IO mode=ap_memory:ce=0
Port [ line_buffer_Array_V_0_9]:  wired=0; compound=1; hidden=1; nouse=1; global=1; static=1; extern=0; dir=3; type=1; pingpong=0; private_global=0; linkage=7; visibility=0; MemPort=[2]; IO mode=ap_memory:ce=0
Port [ line_buffer_Array_V_0_10]:  wired=0; compound=1; hidden=1; nouse=1; global=1; static=1; extern=0; dir=3; type=1; pingpong=0; private_global=0; linkage=7; visibility=0; MemPort=[2]; IO mode=ap_memory:ce=0
Port [ line_buffer_Array_V_0_11]:  wired=0; compound=1; hidden=1; nouse=1; global=1; static=1; extern=0; dir=3; type=1; pingpong=0; private_global=0; linkage=7; visibility=0; MemPort=[2]; IO mode=ap_memory:ce=0
Port [ line_buffer_Array_V_0_12]:  wired=0; compound=1; hidden=1; nouse=1; global=1; static=1; extern=0; dir=3; type=1; pingpong=0; private_global=0; linkage=7; visibility=0; MemPort=[2]; IO mode=ap_memory:ce=0
Port [ line_buffer_Array_V_0_13]:  wired=0; compound=1; hidden=1; nouse=1; global=1; static=1; extern=0; dir=3; type=1; pingpong=0; private_global=0; linkage=7; visibility=0; MemPort=[2]; IO mode=ap_memory:ce=0
Port [ line_buffer_Array_V_0_14]:  wired=0; compound=1; hidden=1; nouse=1; global=1; static=1; extern=0; dir=3; type=1; pingpong=0; private_global=0; linkage=7; visibility=0; MemPort=[2]; IO mode=ap_memory:ce=0
Port [ line_buffer_Array_V_0_15]:  wired=0; compound=1; hidden=1; nouse=1; global=1; static=1; extern=0; dir=3; type=1; pingpong=0; private_global=0; linkage=7; visibility=0; MemPort=[2]; IO mode=ap_memory:ce=0
Port [ line_buffer_Array_V_0_16]:  wired=0; compound=1; hidden=1; nouse=1; global=1; static=1; extern=0; dir=3; type=1; pingpong=0; private_global=0; linkage=7; visibility=0; MemPort=[2]; IO mode=ap_memory:ce=0
Port [ line_buffer_Array_V_0_17]:  wired=0; compound=1; hidden=1; nouse=1; global=1; static=1; extern=0; dir=3; type=1; pingpong=0; private_global=0; linkage=7; visibility=0; MemPort=[2]; IO mode=ap_memory:ce=0
Port [ line_buffer_Array_V_0_18]:  wired=0; compound=1; hidden=1; nouse=1; global=1; static=1; extern=0; dir=3; type=1; pingpong=0; private_global=0; linkage=7; visibility=0; MemPort=[2]; IO mode=ap_memory:ce=0
Port [ line_buffer_Array_V_0_19]:  wired=0; compound=1; hidden=1; nouse=1; global=1; static=1; extern=0; dir=3; type=1; pingpong=0; private_global=0; linkage=7; visibility=0; MemPort=[2]; IO mode=ap_memory:ce=0
Port [ line_buffer_Array_V_0_20]:  wired=0; compound=1; hidden=1; nouse=1; global=1; static=1; extern=0; dir=3; type=1; pingpong=0; private_global=0; linkage=7; visibility=0; MemPort=[2]; IO mode=ap_memory:ce=0
Port [ line_buffer_Array_V_0_21]:  wired=0; compound=1; hidden=1; nouse=1; global=1; static=1; extern=0; dir=3; type=1; pingpong=0; private_global=0; linkage=7; visibility=0; MemPort=[2]; IO mode=ap_memory:ce=0
Port [ line_buffer_Array_V_0_22]:  wired=0; compound=1; hidden=1; nouse=1; global=1; static=1; extern=0; dir=3; type=1; pingpong=0; private_global=0; linkage=7; visibility=0; MemPort=[2]; IO mode=ap_memory:ce=0
Port [ line_buffer_Array_V_0_23]:  wired=0; compound=1; hidden=1; nouse=1; global=1; static=1; extern=0; dir=3; type=1; pingpong=0; private_global=0; linkage=7; visibility=0; MemPort=[2]; IO mode=ap_memory:ce=0
Port [ line_buffer_Array_V_0_24]:  wired=0; compound=1; hidden=1; nouse=1; global=1; static=1; extern=0; dir=3; type=1; pingpong=0; private_global=0; linkage=7; visibility=0; MemPort=[2]; IO mode=ap_memory:ce=0
Port [ line_buffer_Array_V_0_25]:  wired=0; compound=1; hidden=1; nouse=1; global=1; static=1; extern=0; dir=3; type=1; pingpong=0; private_global=0; linkage=7; visibility=0; MemPort=[2]; IO mode=ap_memory:ce=0
Port [ line_buffer_Array_V_0_26]:  wired=0; compound=1; hidden=1; nouse=1; global=1; static=1; extern=0; dir=3; type=1; pingpong=0; private_global=0; linkage=7; visibility=0; MemPort=[2]; IO mode=ap_memory:ce=0
Port [ line_buffer_Array_V_0_27]:  wired=0; compound=1; hidden=1; nouse=1; global=1; static=1; extern=0; dir=3; type=1; pingpong=0; private_global=0; linkage=7; visibility=0; MemPort=[2]; IO mode=ap_memory:ce=0
Port [ line_buffer_Array_V_0_28]:  wired=0; compound=1; hidden=1; nouse=1; global=1; static=1; extern=0; dir=3; type=1; pingpong=0; private_global=0; linkage=7; visibility=0; MemPort=[2]; IO mode=ap_memory:ce=0
Port [ line_buffer_Array_V_0_29]:  wired=0; compound=1; hidden=1; nouse=1; global=1; static=1; extern=0; dir=3; type=1; pingpong=0; private_global=0; linkage=7; visibility=0; MemPort=[2]; IO mode=ap_memory:ce=0
Port [ line_buffer_Array_V_0_30]:  wired=0; compound=1; hidden=1; nouse=1; global=1; static=1; extern=0; dir=3; type=1; pingpong=0; private_global=0; linkage=7; visibility=0; MemPort=[2]; IO mode=ap_memory:ce=0
Port [ line_buffer_Array_V_0_31]:  wired=0; compound=1; hidden=1; nouse=1; global=1; static=1; extern=0; dir=3; type=1; pingpong=0; private_global=0; linkage=7; visibility=0; MemPort=[2]; IO mode=ap_memory:ce=0
Port [ line_buffer_Array_V_1168_0]:  wired=0; compound=1; hidden=1; nouse=1; global=1; static=1; extern=0; dir=3; type=1; pingpong=0; private_global=0; linkage=7; visibility=0; MemPort=[2]; IO mode=ap_memory:ce=0
Port [ line_buffer_Array_V_1168_1]:  wired=0; compound=1; hidden=1; nouse=1; global=1; static=1; extern=0; dir=3; type=1; pingpong=0; private_global=0; linkage=7; visibility=0; MemPort=[2]; IO mode=ap_memory:ce=0
Port [ line_buffer_Array_V_1168_2]:  wired=0; compound=1; hidden=1; nouse=1; global=1; static=1; extern=0; dir=3; type=1; pingpong=0; private_global=0; linkage=7; visibility=0; MemPort=[2]; IO mode=ap_memory:ce=0
Port [ line_buffer_Array_V_1168_3]:  wired=0; compound=1; hidden=1; nouse=1; global=1; static=1; extern=0; dir=3; type=1; pingpong=0; private_global=0; linkage=7; visibility=0; MemPort=[2]; IO mode=ap_memory:ce=0
Port [ line_buffer_Array_V_1168_4]:  wired=0; compound=1; hidden=1; nouse=1; global=1; static=1; extern=0; dir=3; type=1; pingpong=0; private_global=0; linkage=7; visibility=0; MemPort=[2]; IO mode=ap_memory:ce=0
Port [ line_buffer_Array_V_1168_5]:  wired=0; compound=1; hidden=1; nouse=1; global=1; static=1; extern=0; dir=3; type=1; pingpong=0; private_global=0; linkage=7; visibility=0; MemPort=[2]; IO mode=ap_memory:ce=0
Port [ line_buffer_Array_V_1168_6]:  wired=0; compound=1; hidden=1; nouse=1; global=1; static=1; extern=0; dir=3; type=1; pingpong=0; private_global=0; linkage=7; visibility=0; MemPort=[2]; IO mode=ap_memory:ce=0
Port [ line_buffer_Array_V_1168_7]:  wired=0; compound=1; hidden=1; nouse=1; global=1; static=1; extern=0; dir=3; type=1; pingpong=0; private_global=0; linkage=7; visibility=0; MemPort=[2]; IO mode=ap_memory:ce=0
Port [ line_buffer_Array_V_1168_8]:  wired=0; compound=1; hidden=1; nouse=1; global=1; static=1; extern=0; dir=3; type=1; pingpong=0; private_global=0; linkage=7; visibility=0; MemPort=[2]; IO mode=ap_memory:ce=0
Port [ line_buffer_Array_V_1168_9]:  wired=0; compound=1; hidden=1; nouse=1; global=1; static=1; extern=0; dir=3; type=1; pingpong=0; private_global=0; linkage=7; visibility=0; MemPort=[2]; IO mode=ap_memory:ce=0
Port [ line_buffer_Array_V_1168_10]:  wired=0; compound=1; hidden=1; nouse=1; global=1; static=1; extern=0; dir=3; type=1; pingpong=0; private_global=0; linkage=7; visibility=0; MemPort=[2]; IO mode=ap_memory:ce=0
Port [ line_buffer_Array_V_1168_11]:  wired=0; compound=1; hidden=1; nouse=1; global=1; static=1; extern=0; dir=3; type=1; pingpong=0; private_global=0; linkage=7; visibility=0; MemPort=[2]; IO mode=ap_memory:ce=0
Port [ line_buffer_Array_V_1168_12]:  wired=0; compound=1; hidden=1; nouse=1; global=1; static=1; extern=0; dir=3; type=1; pingpong=0; private_global=0; linkage=7; visibility=0; MemPort=[2]; IO mode=ap_memory:ce=0
Port [ line_buffer_Array_V_1168_13]:  wired=0; compound=1; hidden=1; nouse=1; global=1; static=1; extern=0; dir=3; type=1; pingpong=0; private_global=0; linkage=7; visibility=0; MemPort=[2]; IO mode=ap_memory:ce=0
Port [ line_buffer_Array_V_1168_14]:  wired=0; compound=1; hidden=1; nouse=1; global=1; static=1; extern=0; dir=3; type=1; pingpong=0; private_global=0; linkage=7; visibility=0; MemPort=[2]; IO mode=ap_memory:ce=0
Port [ line_buffer_Array_V_1168_15]:  wired=0; compound=1; hidden=1; nouse=1; global=1; static=1; extern=0; dir=3; type=1; pingpong=0; private_global=0; linkage=7; visibility=0; MemPort=[2]; IO mode=ap_memory:ce=0
Port [ line_buffer_Array_V_1168_16]:  wired=0; compound=1; hidden=1; nouse=1; global=1; static=1; extern=0; dir=3; type=1; pingpong=0; private_global=0; linkage=7; visibility=0; MemPort=[2]; IO mode=ap_memory:ce=0
Port [ line_buffer_Array_V_1168_17]:  wired=0; compound=1; hidden=1; nouse=1; global=1; static=1; extern=0; dir=3; type=1; pingpong=0; private_global=0; linkage=7; visibility=0; MemPort=[2]; IO mode=ap_memory:ce=0
Port [ line_buffer_Array_V_1168_18]:  wired=0; compound=1; hidden=1; nouse=1; global=1; static=1; extern=0; dir=3; type=1; pingpong=0; private_global=0; linkage=7; visibility=0; MemPort=[2]; IO mode=ap_memory:ce=0
Port [ line_buffer_Array_V_1168_19]:  wired=0; compound=1; hidden=1; nouse=1; global=1; static=1; extern=0; dir=3; type=1; pingpong=0; private_global=0; linkage=7; visibility=0; MemPort=[2]; IO mode=ap_memory:ce=0
Port [ line_buffer_Array_V_1168_20]:  wired=0; compound=1; hidden=1; nouse=1; global=1; static=1; extern=0; dir=3; type=1; pingpong=0; private_global=0; linkage=7; visibility=0; MemPort=[2]; IO mode=ap_memory:ce=0
Port [ line_buffer_Array_V_1168_21]:  wired=0; compound=1; hidden=1; nouse=1; global=1; static=1; extern=0; dir=3; type=1; pingpong=0; private_global=0; linkage=7; visibility=0; MemPort=[2]; IO mode=ap_memory:ce=0
Port [ line_buffer_Array_V_1168_22]:  wired=0; compound=1; hidden=1; nouse=1; global=1; static=1; extern=0; dir=3; type=1; pingpong=0; private_global=0; linkage=7; visibility=0; MemPort=[2]; IO mode=ap_memory:ce=0
Port [ line_buffer_Array_V_1168_23]:  wired=0; compound=1; hidden=1; nouse=1; global=1; static=1; extern=0; dir=3; type=1; pingpong=0; private_global=0; linkage=7; visibility=0; MemPort=[2]; IO mode=ap_memory:ce=0
Port [ line_buffer_Array_V_1168_24]:  wired=0; compound=1; hidden=1; nouse=1; global=1; static=1; extern=0; dir=3; type=1; pingpong=0; private_global=0; linkage=7; visibility=0; MemPort=[2]; IO mode=ap_memory:ce=0
Port [ line_buffer_Array_V_1168_25]:  wired=0; compound=1; hidden=1; nouse=1; global=1; static=1; extern=0; dir=3; type=1; pingpong=0; private_global=0; linkage=7; visibility=0; MemPort=[2]; IO mode=ap_memory:ce=0
Port [ line_buffer_Array_V_1168_26]:  wired=0; compound=1; hidden=1; nouse=1; global=1; static=1; extern=0; dir=3; type=1; pingpong=0; private_global=0; linkage=7; visibility=0; MemPort=[2]; IO mode=ap_memory:ce=0
Port [ line_buffer_Array_V_1168_27]:  wired=0; compound=1; hidden=1; nouse=1; global=1; static=1; extern=0; dir=3; type=1; pingpong=0; private_global=0; linkage=7; visibility=0; MemPort=[2]; IO mode=ap_memory:ce=0
Port [ line_buffer_Array_V_1168_28]:  wired=0; compound=1; hidden=1; nouse=1; global=1; static=1; extern=0; dir=3; type=1; pingpong=0; private_global=0; linkage=7; visibility=0; MemPort=[2]; IO mode=ap_memory:ce=0
Port [ line_buffer_Array_V_1168_29]:  wired=0; compound=1; hidden=1; nouse=1; global=1; static=1; extern=0; dir=3; type=1; pingpong=0; private_global=0; linkage=7; visibility=0; MemPort=[2]; IO mode=ap_memory:ce=0
Port [ line_buffer_Array_V_1168_30]:  wired=0; compound=1; hidden=1; nouse=1; global=1; static=1; extern=0; dir=3; type=1; pingpong=0; private_global=0; linkage=7; visibility=0; MemPort=[2]; IO mode=ap_memory:ce=0
Port [ line_buffer_Array_V_1168_31]:  wired=0; compound=1; hidden=1; nouse=1; global=1; static=1; extern=0; dir=3; type=1; pingpong=0; private_global=0; linkage=7; visibility=0; MemPort=[2]; IO mode=ap_memory:ce=0
Port [ kernel_data_V_1_64]:  wired=0; compound=0; hidden=1; nouse=1; global=1; static=1; extern=0; dir=2; type=0; pingpong=0; private_global=0; linkage=7; visibility=0; IO mode=ap_ovld:ce=0
Port [ kernel_data_V_1_65]:  wired=0; compound=0; hidden=1; nouse=1; global=1; static=1; extern=0; dir=2; type=0; pingpong=0; private_global=0; linkage=7; visibility=0; IO mode=ap_ovld:ce=0
Port [ kernel_data_V_1_66]:  wired=0; compound=0; hidden=1; nouse=1; global=1; static=1; extern=0; dir=2; type=0; pingpong=0; private_global=0; linkage=7; visibility=0; IO mode=ap_ovld:ce=0
Port [ kernel_data_V_1_67]:  wired=0; compound=0; hidden=1; nouse=1; global=1; static=1; extern=0; dir=2; type=0; pingpong=0; private_global=0; linkage=7; visibility=0; IO mode=ap_ovld:ce=0
Port [ kernel_data_V_1_68]:  wired=0; compound=0; hidden=1; nouse=1; global=1; static=1; extern=0; dir=2; type=0; pingpong=0; private_global=0; linkage=7; visibility=0; IO mode=ap_ovld:ce=0
Port [ kernel_data_V_1_69]:  wired=0; compound=0; hidden=1; nouse=1; global=1; static=1; extern=0; dir=2; type=0; pingpong=0; private_global=0; linkage=7; visibility=0; IO mode=ap_ovld:ce=0
Port [ kernel_data_V_1_70]:  wired=0; compound=0; hidden=1; nouse=1; global=1; static=1; extern=0; dir=2; type=0; pingpong=0; private_global=0; linkage=7; visibility=0; IO mode=ap_ovld:ce=0
Port [ kernel_data_V_1_71]:  wired=0; compound=0; hidden=1; nouse=1; global=1; static=1; extern=0; dir=2; type=0; pingpong=0; private_global=0; linkage=7; visibility=0; IO mode=ap_ovld:ce=0
Port [ kernel_data_V_1_72]:  wired=0; compound=0; hidden=1; nouse=1; global=1; static=1; extern=0; dir=2; type=0; pingpong=0; private_global=0; linkage=7; visibility=0; IO mode=ap_ovld:ce=0
Port [ kernel_data_V_1_73]:  wired=0; compound=0; hidden=1; nouse=1; global=1; static=1; extern=0; dir=2; type=0; pingpong=0; private_global=0; linkage=7; visibility=0; IO mode=ap_ovld:ce=0
Port [ kernel_data_V_1_74]:  wired=0; compound=0; hidden=1; nouse=1; global=1; static=1; extern=0; dir=2; type=0; pingpong=0; private_global=0; linkage=7; visibility=0; IO mode=ap_ovld:ce=0
Port [ kernel_data_V_1_75]:  wired=0; compound=0; hidden=1; nouse=1; global=1; static=1; extern=0; dir=2; type=0; pingpong=0; private_global=0; linkage=7; visibility=0; IO mode=ap_ovld:ce=0
Port [ kernel_data_V_1_76]:  wired=0; compound=0; hidden=1; nouse=1; global=1; static=1; extern=0; dir=2; type=0; pingpong=0; private_global=0; linkage=7; visibility=0; IO mode=ap_ovld:ce=0
Port [ kernel_data_V_1_77]:  wired=0; compound=0; hidden=1; nouse=1; global=1; static=1; extern=0; dir=2; type=0; pingpong=0; private_global=0; linkage=7; visibility=0; IO mode=ap_ovld:ce=0
Port [ kernel_data_V_1_78]:  wired=0; compound=0; hidden=1; nouse=1; global=1; static=1; extern=0; dir=2; type=0; pingpong=0; private_global=0; linkage=7; visibility=0; IO mode=ap_ovld:ce=0
Port [ kernel_data_V_1_79]:  wired=0; compound=0; hidden=1; nouse=1; global=1; static=1; extern=0; dir=2; type=0; pingpong=0; private_global=0; linkage=7; visibility=0; IO mode=ap_ovld:ce=0
Port [ kernel_data_V_1_80]:  wired=0; compound=0; hidden=1; nouse=1; global=1; static=1; extern=0; dir=2; type=0; pingpong=0; private_global=0; linkage=7; visibility=0; IO mode=ap_ovld:ce=0
Port [ kernel_data_V_1_81]:  wired=0; compound=0; hidden=1; nouse=1; global=1; static=1; extern=0; dir=2; type=0; pingpong=0; private_global=0; linkage=7; visibility=0; IO mode=ap_ovld:ce=0
Port [ kernel_data_V_1_82]:  wired=0; compound=0; hidden=1; nouse=1; global=1; static=1; extern=0; dir=2; type=0; pingpong=0; private_global=0; linkage=7; visibility=0; IO mode=ap_ovld:ce=0
Port [ kernel_data_V_1_83]:  wired=0; compound=0; hidden=1; nouse=1; global=1; static=1; extern=0; dir=2; type=0; pingpong=0; private_global=0; linkage=7; visibility=0; IO mode=ap_ovld:ce=0
Port [ kernel_data_V_1_84]:  wired=0; compound=0; hidden=1; nouse=1; global=1; static=1; extern=0; dir=2; type=0; pingpong=0; private_global=0; linkage=7; visibility=0; IO mode=ap_ovld:ce=0
Port [ kernel_data_V_1_85]:  wired=0; compound=0; hidden=1; nouse=1; global=1; static=1; extern=0; dir=2; type=0; pingpong=0; private_global=0; linkage=7; visibility=0; IO mode=ap_ovld:ce=0
Port [ kernel_data_V_1_86]:  wired=0; compound=0; hidden=1; nouse=1; global=1; static=1; extern=0; dir=2; type=0; pingpong=0; private_global=0; linkage=7; visibility=0; IO mode=ap_ovld:ce=0
Port [ kernel_data_V_1_87]:  wired=0; compound=0; hidden=1; nouse=1; global=1; static=1; extern=0; dir=2; type=0; pingpong=0; private_global=0; linkage=7; visibility=0; IO mode=ap_ovld:ce=0
Port [ kernel_data_V_1_88]:  wired=0; compound=0; hidden=1; nouse=1; global=1; static=1; extern=0; dir=2; type=0; pingpong=0; private_global=0; linkage=7; visibility=0; IO mode=ap_ovld:ce=0
Port [ kernel_data_V_1_89]:  wired=0; compound=0; hidden=1; nouse=1; global=1; static=1; extern=0; dir=2; type=0; pingpong=0; private_global=0; linkage=7; visibility=0; IO mode=ap_ovld:ce=0
Port [ kernel_data_V_1_90]:  wired=0; compound=0; hidden=1; nouse=1; global=1; static=1; extern=0; dir=2; type=0; pingpong=0; private_global=0; linkage=7; visibility=0; IO mode=ap_ovld:ce=0
Port [ kernel_data_V_1_91]:  wired=0; compound=0; hidden=1; nouse=1; global=1; static=1; extern=0; dir=2; type=0; pingpong=0; private_global=0; linkage=7; visibility=0; IO mode=ap_ovld:ce=0
Port [ kernel_data_V_1_92]:  wired=0; compound=0; hidden=1; nouse=1; global=1; static=1; extern=0; dir=2; type=0; pingpong=0; private_global=0; linkage=7; visibility=0; IO mode=ap_ovld:ce=0
Port [ kernel_data_V_1_93]:  wired=0; compound=0; hidden=1; nouse=1; global=1; static=1; extern=0; dir=2; type=0; pingpong=0; private_global=0; linkage=7; visibility=0; IO mode=ap_ovld:ce=0
Port [ kernel_data_V_1_94]:  wired=0; compound=0; hidden=1; nouse=1; global=1; static=1; extern=0; dir=2; type=0; pingpong=0; private_global=0; linkage=7; visibility=0; IO mode=ap_ovld:ce=0
Port [ kernel_data_V_1_95]:  wired=0; compound=0; hidden=1; nouse=1; global=1; static=1; extern=0; dir=2; type=0; pingpong=0; private_global=0; linkage=7; visibility=0; IO mode=ap_ovld:ce=0
Port [ kernel_data_V_1_160]:  wired=0; compound=0; hidden=1; nouse=1; global=1; static=1; extern=0; dir=2; type=0; pingpong=0; private_global=0; linkage=7; visibility=0; IO mode=ap_ovld:ce=0
Port [ kernel_data_V_1_161]:  wired=0; compound=0; hidden=1; nouse=1; global=1; static=1; extern=0; dir=2; type=0; pingpong=0; private_global=0; linkage=7; visibility=0; IO mode=ap_ovld:ce=0
Port [ kernel_data_V_1_162]:  wired=0; compound=0; hidden=1; nouse=1; global=1; static=1; extern=0; dir=2; type=0; pingpong=0; private_global=0; linkage=7; visibility=0; IO mode=ap_ovld:ce=0
Port [ kernel_data_V_1_163]:  wired=0; compound=0; hidden=1; nouse=1; global=1; static=1; extern=0; dir=2; type=0; pingpong=0; private_global=0; linkage=7; visibility=0; IO mode=ap_ovld:ce=0
Port [ kernel_data_V_1_164]:  wired=0; compound=0; hidden=1; nouse=1; global=1; static=1; extern=0; dir=2; type=0; pingpong=0; private_global=0; linkage=7; visibility=0; IO mode=ap_ovld:ce=0
Port [ kernel_data_V_1_165]:  wired=0; compound=0; hidden=1; nouse=1; global=1; static=1; extern=0; dir=2; type=0; pingpong=0; private_global=0; linkage=7; visibility=0; IO mode=ap_ovld:ce=0
Port [ kernel_data_V_1_166]:  wired=0; compound=0; hidden=1; nouse=1; global=1; static=1; extern=0; dir=2; type=0; pingpong=0; private_global=0; linkage=7; visibility=0; IO mode=ap_ovld:ce=0
Port [ kernel_data_V_1_167]:  wired=0; compound=0; hidden=1; nouse=1; global=1; static=1; extern=0; dir=2; type=0; pingpong=0; private_global=0; linkage=7; visibility=0; IO mode=ap_ovld:ce=0
Port [ kernel_data_V_1_168]:  wired=0; compound=0; hidden=1; nouse=1; global=1; static=1; extern=0; dir=2; type=0; pingpong=0; private_global=0; linkage=7; visibility=0; IO mode=ap_ovld:ce=0
Port [ kernel_data_V_1_169]:  wired=0; compound=0; hidden=1; nouse=1; global=1; static=1; extern=0; dir=2; type=0; pingpong=0; private_global=0; linkage=7; visibility=0; IO mode=ap_ovld:ce=0
Port [ kernel_data_V_1_170]:  wired=0; compound=0; hidden=1; nouse=1; global=1; static=1; extern=0; dir=2; type=0; pingpong=0; private_global=0; linkage=7; visibility=0; IO mode=ap_ovld:ce=0
Port [ kernel_data_V_1_171]:  wired=0; compound=0; hidden=1; nouse=1; global=1; static=1; extern=0; dir=2; type=0; pingpong=0; private_global=0; linkage=7; visibility=0; IO mode=ap_ovld:ce=0
Port [ kernel_data_V_1_172]:  wired=0; compound=0; hidden=1; nouse=1; global=1; static=1; extern=0; dir=2; type=0; pingpong=0; private_global=0; linkage=7; visibility=0; IO mode=ap_ovld:ce=0
Port [ kernel_data_V_1_173]:  wired=0; compound=0; hidden=1; nouse=1; global=1; static=1; extern=0; dir=2; type=0; pingpong=0; private_global=0; linkage=7; visibility=0; IO mode=ap_ovld:ce=0
Port [ kernel_data_V_1_174]:  wired=0; compound=0; hidden=1; nouse=1; global=1; static=1; extern=0; dir=2; type=0; pingpong=0; private_global=0; linkage=7; visibility=0; IO mode=ap_ovld:ce=0
Port [ kernel_data_V_1_175]:  wired=0; compound=0; hidden=1; nouse=1; global=1; static=1; extern=0; dir=2; type=0; pingpong=0; private_global=0; linkage=7; visibility=0; IO mode=ap_ovld:ce=0
Port [ kernel_data_V_1_176]:  wired=0; compound=0; hidden=1; nouse=1; global=1; static=1; extern=0; dir=2; type=0; pingpong=0; private_global=0; linkage=7; visibility=0; IO mode=ap_ovld:ce=0
Port [ kernel_data_V_1_177]:  wired=0; compound=0; hidden=1; nouse=1; global=1; static=1; extern=0; dir=2; type=0; pingpong=0; private_global=0; linkage=7; visibility=0; IO mode=ap_ovld:ce=0
Port [ kernel_data_V_1_178]:  wired=0; compound=0; hidden=1; nouse=1; global=1; static=1; extern=0; dir=2; type=0; pingpong=0; private_global=0; linkage=7; visibility=0; IO mode=ap_ovld:ce=0
Port [ kernel_data_V_1_179]:  wired=0; compound=0; hidden=1; nouse=1; global=1; static=1; extern=0; dir=2; type=0; pingpong=0; private_global=0; linkage=7; visibility=0; IO mode=ap_ovld:ce=0
Port [ kernel_data_V_1_180]:  wired=0; compound=0; hidden=1; nouse=1; global=1; static=1; extern=0; dir=2; type=0; pingpong=0; private_global=0; linkage=7; visibility=0; IO mode=ap_ovld:ce=0
Port [ kernel_data_V_1_181]:  wired=0; compound=0; hidden=1; nouse=1; global=1; static=1; extern=0; dir=2; type=0; pingpong=0; private_global=0; linkage=7; visibility=0; IO mode=ap_ovld:ce=0
Port [ kernel_data_V_1_182]:  wired=0; compound=0; hidden=1; nouse=1; global=1; static=1; extern=0; dir=2; type=0; pingpong=0; private_global=0; linkage=7; visibility=0; IO mode=ap_ovld:ce=0
Port [ kernel_data_V_1_183]:  wired=0; compound=0; hidden=1; nouse=1; global=1; static=1; extern=0; dir=2; type=0; pingpong=0; private_global=0; linkage=7; visibility=0; IO mode=ap_ovld:ce=0
Port [ kernel_data_V_1_184]:  wired=0; compound=0; hidden=1; nouse=1; global=1; static=1; extern=0; dir=2; type=0; pingpong=0; private_global=0; linkage=7; visibility=0; IO mode=ap_ovld:ce=0
Port [ kernel_data_V_1_185]:  wired=0; compound=0; hidden=1; nouse=1; global=1; static=1; extern=0; dir=2; type=0; pingpong=0; private_global=0; linkage=7; visibility=0; IO mode=ap_ovld:ce=0
Port [ kernel_data_V_1_186]:  wired=0; compound=0; hidden=1; nouse=1; global=1; static=1; extern=0; dir=2; type=0; pingpong=0; private_global=0; linkage=7; visibility=0; IO mode=ap_ovld:ce=0
Port [ kernel_data_V_1_187]:  wired=0; compound=0; hidden=1; nouse=1; global=1; static=1; extern=0; dir=2; type=0; pingpong=0; private_global=0; linkage=7; visibility=0; IO mode=ap_ovld:ce=0
Port [ kernel_data_V_1_188]:  wired=0; compound=0; hidden=1; nouse=1; global=1; static=1; extern=0; dir=2; type=0; pingpong=0; private_global=0; linkage=7; visibility=0; IO mode=ap_ovld:ce=0
Port [ kernel_data_V_1_189]:  wired=0; compound=0; hidden=1; nouse=1; global=1; static=1; extern=0; dir=2; type=0; pingpong=0; private_global=0; linkage=7; visibility=0; IO mode=ap_ovld:ce=0
Port [ kernel_data_V_1_190]:  wired=0; compound=0; hidden=1; nouse=1; global=1; static=1; extern=0; dir=2; type=0; pingpong=0; private_global=0; linkage=7; visibility=0; IO mode=ap_ovld:ce=0
Port [ kernel_data_V_1_191]:  wired=0; compound=0; hidden=1; nouse=1; global=1; static=1; extern=0; dir=2; type=0; pingpong=0; private_global=0; linkage=7; visibility=0; IO mode=ap_ovld:ce=0
Port [ kernel_data_V_1_256]:  wired=0; compound=0; hidden=1; nouse=1; global=1; static=1; extern=0; dir=2; type=0; pingpong=0; private_global=0; linkage=7; visibility=0; IO mode=ap_ovld:ce=0
Port [ kernel_data_V_1_257]:  wired=0; compound=0; hidden=1; nouse=1; global=1; static=1; extern=0; dir=2; type=0; pingpong=0; private_global=0; linkage=7; visibility=0; IO mode=ap_ovld:ce=0
Port [ kernel_data_V_1_258]:  wired=0; compound=0; hidden=1; nouse=1; global=1; static=1; extern=0; dir=2; type=0; pingpong=0; private_global=0; linkage=7; visibility=0; IO mode=ap_ovld:ce=0
Port [ kernel_data_V_1_259]:  wired=0; compound=0; hidden=1; nouse=1; global=1; static=1; extern=0; dir=2; type=0; pingpong=0; private_global=0; linkage=7; visibility=0; IO mode=ap_ovld:ce=0
Port [ kernel_data_V_1_260]:  wired=0; compound=0; hidden=1; nouse=1; global=1; static=1; extern=0; dir=2; type=0; pingpong=0; private_global=0; linkage=7; visibility=0; IO mode=ap_ovld:ce=0
Port [ kernel_data_V_1_261]:  wired=0; compound=0; hidden=1; nouse=1; global=1; static=1; extern=0; dir=2; type=0; pingpong=0; private_global=0; linkage=7; visibility=0; IO mode=ap_ovld:ce=0
Port [ kernel_data_V_1_262]:  wired=0; compound=0; hidden=1; nouse=1; global=1; static=1; extern=0; dir=2; type=0; pingpong=0; private_global=0; linkage=7; visibility=0; IO mode=ap_ovld:ce=0
Port [ kernel_data_V_1_263]:  wired=0; compound=0; hidden=1; nouse=1; global=1; static=1; extern=0; dir=2; type=0; pingpong=0; private_global=0; linkage=7; visibility=0; IO mode=ap_ovld:ce=0
Port [ kernel_data_V_1_264]:  wired=0; compound=0; hidden=1; nouse=1; global=1; static=1; extern=0; dir=2; type=0; pingpong=0; private_global=0; linkage=7; visibility=0; IO mode=ap_ovld:ce=0
Port [ kernel_data_V_1_265]:  wired=0; compound=0; hidden=1; nouse=1; global=1; static=1; extern=0; dir=2; type=0; pingpong=0; private_global=0; linkage=7; visibility=0; IO mode=ap_ovld:ce=0
Port [ kernel_data_V_1_266]:  wired=0; compound=0; hidden=1; nouse=1; global=1; static=1; extern=0; dir=2; type=0; pingpong=0; private_global=0; linkage=7; visibility=0; IO mode=ap_ovld:ce=0
Port [ kernel_data_V_1_267]:  wired=0; compound=0; hidden=1; nouse=1; global=1; static=1; extern=0; dir=2; type=0; pingpong=0; private_global=0; linkage=7; visibility=0; IO mode=ap_ovld:ce=0
Port [ kernel_data_V_1_268]:  wired=0; compound=0; hidden=1; nouse=1; global=1; static=1; extern=0; dir=2; type=0; pingpong=0; private_global=0; linkage=7; visibility=0; IO mode=ap_ovld:ce=0
Port [ kernel_data_V_1_269]:  wired=0; compound=0; hidden=1; nouse=1; global=1; static=1; extern=0; dir=2; type=0; pingpong=0; private_global=0; linkage=7; visibility=0; IO mode=ap_ovld:ce=0
Port [ kernel_data_V_1_270]:  wired=0; compound=0; hidden=1; nouse=1; global=1; static=1; extern=0; dir=2; type=0; pingpong=0; private_global=0; linkage=7; visibility=0; IO mode=ap_ovld:ce=0
Port [ kernel_data_V_1_271]:  wired=0; compound=0; hidden=1; nouse=1; global=1; static=1; extern=0; dir=2; type=0; pingpong=0; private_global=0; linkage=7; visibility=0; IO mode=ap_ovld:ce=0
Port [ kernel_data_V_1_272]:  wired=0; compound=0; hidden=1; nouse=1; global=1; static=1; extern=0; dir=2; type=0; pingpong=0; private_global=0; linkage=7; visibility=0; IO mode=ap_ovld:ce=0
Port [ kernel_data_V_1_273]:  wired=0; compound=0; hidden=1; nouse=1; global=1; static=1; extern=0; dir=2; type=0; pingpong=0; private_global=0; linkage=7; visibility=0; IO mode=ap_ovld:ce=0
Port [ kernel_data_V_1_274]:  wired=0; compound=0; hidden=1; nouse=1; global=1; static=1; extern=0; dir=2; type=0; pingpong=0; private_global=0; linkage=7; visibility=0; IO mode=ap_ovld:ce=0
Port [ kernel_data_V_1_275]:  wired=0; compound=0; hidden=1; nouse=1; global=1; static=1; extern=0; dir=2; type=0; pingpong=0; private_global=0; linkage=7; visibility=0; IO mode=ap_ovld:ce=0
Port [ kernel_data_V_1_276]:  wired=0; compound=0; hidden=1; nouse=1; global=1; static=1; extern=0; dir=2; type=0; pingpong=0; private_global=0; linkage=7; visibility=0; IO mode=ap_ovld:ce=0
Port [ kernel_data_V_1_277]:  wired=0; compound=0; hidden=1; nouse=1; global=1; static=1; extern=0; dir=2; type=0; pingpong=0; private_global=0; linkage=7; visibility=0; IO mode=ap_ovld:ce=0
Port [ kernel_data_V_1_278]:  wired=0; compound=0; hidden=1; nouse=1; global=1; static=1; extern=0; dir=2; type=0; pingpong=0; private_global=0; linkage=7; visibility=0; IO mode=ap_ovld:ce=0
Port [ kernel_data_V_1_279]:  wired=0; compound=0; hidden=1; nouse=1; global=1; static=1; extern=0; dir=2; type=0; pingpong=0; private_global=0; linkage=7; visibility=0; IO mode=ap_ovld:ce=0
Port [ kernel_data_V_1_280]:  wired=0; compound=0; hidden=1; nouse=1; global=1; static=1; extern=0; dir=2; type=0; pingpong=0; private_global=0; linkage=7; visibility=0; IO mode=ap_ovld:ce=0
Port [ kernel_data_V_1_281]:  wired=0; compound=0; hidden=1; nouse=1; global=1; static=1; extern=0; dir=2; type=0; pingpong=0; private_global=0; linkage=7; visibility=0; IO mode=ap_ovld:ce=0
Port [ kernel_data_V_1_282]:  wired=0; compound=0; hidden=1; nouse=1; global=1; static=1; extern=0; dir=2; type=0; pingpong=0; private_global=0; linkage=7; visibility=0; IO mode=ap_ovld:ce=0
Port [ kernel_data_V_1_283]:  wired=0; compound=0; hidden=1; nouse=1; global=1; static=1; extern=0; dir=2; type=0; pingpong=0; private_global=0; linkage=7; visibility=0; IO mode=ap_ovld:ce=0
Port [ kernel_data_V_1_284]:  wired=0; compound=0; hidden=1; nouse=1; global=1; static=1; extern=0; dir=2; type=0; pingpong=0; private_global=0; linkage=7; visibility=0; IO mode=ap_ovld:ce=0
Port [ kernel_data_V_1_285]:  wired=0; compound=0; hidden=1; nouse=1; global=1; static=1; extern=0; dir=2; type=0; pingpong=0; private_global=0; linkage=7; visibility=0; IO mode=ap_ovld:ce=0
Port [ kernel_data_V_1_286]:  wired=0; compound=0; hidden=1; nouse=1; global=1; static=1; extern=0; dir=2; type=0; pingpong=0; private_global=0; linkage=7; visibility=0; IO mode=ap_ovld:ce=0
Port [ kernel_data_V_1_287]:  wired=0; compound=0; hidden=1; nouse=1; global=1; static=1; extern=0; dir=2; type=0; pingpong=0; private_global=0; linkage=7; visibility=0; IO mode=ap_ovld:ce=0
Port [ kernel_data_V_1_32]:  wired=0; compound=0; hidden=1; nouse=1; global=1; static=1; extern=0; dir=2; type=0; pingpong=0; private_global=0; linkage=7; visibility=0; IO mode=ap_ovld:ce=0
Port [ kernel_data_V_1_33]:  wired=0; compound=0; hidden=1; nouse=1; global=1; static=1; extern=0; dir=2; type=0; pingpong=0; private_global=0; linkage=7; visibility=0; IO mode=ap_ovld:ce=0
Port [ kernel_data_V_1_34]:  wired=0; compound=0; hidden=1; nouse=1; global=1; static=1; extern=0; dir=2; type=0; pingpong=0; private_global=0; linkage=7; visibility=0; IO mode=ap_ovld:ce=0
Port [ kernel_data_V_1_35]:  wired=0; compound=0; hidden=1; nouse=1; global=1; static=1; extern=0; dir=2; type=0; pingpong=0; private_global=0; linkage=7; visibility=0; IO mode=ap_ovld:ce=0
Port [ kernel_data_V_1_36]:  wired=0; compound=0; hidden=1; nouse=1; global=1; static=1; extern=0; dir=2; type=0; pingpong=0; private_global=0; linkage=7; visibility=0; IO mode=ap_ovld:ce=0
Port [ kernel_data_V_1_37]:  wired=0; compound=0; hidden=1; nouse=1; global=1; static=1; extern=0; dir=2; type=0; pingpong=0; private_global=0; linkage=7; visibility=0; IO mode=ap_ovld:ce=0
Port [ kernel_data_V_1_38]:  wired=0; compound=0; hidden=1; nouse=1; global=1; static=1; extern=0; dir=2; type=0; pingpong=0; private_global=0; linkage=7; visibility=0; IO mode=ap_ovld:ce=0
Port [ kernel_data_V_1_39]:  wired=0; compound=0; hidden=1; nouse=1; global=1; static=1; extern=0; dir=2; type=0; pingpong=0; private_global=0; linkage=7; visibility=0; IO mode=ap_ovld:ce=0
Port [ kernel_data_V_1_40]:  wired=0; compound=0; hidden=1; nouse=1; global=1; static=1; extern=0; dir=2; type=0; pingpong=0; private_global=0; linkage=7; visibility=0; IO mode=ap_ovld:ce=0
Port [ kernel_data_V_1_41]:  wired=0; compound=0; hidden=1; nouse=1; global=1; static=1; extern=0; dir=2; type=0; pingpong=0; private_global=0; linkage=7; visibility=0; IO mode=ap_ovld:ce=0
Port [ kernel_data_V_1_42]:  wired=0; compound=0; hidden=1; nouse=1; global=1; static=1; extern=0; dir=2; type=0; pingpong=0; private_global=0; linkage=7; visibility=0; IO mode=ap_ovld:ce=0
Port [ kernel_data_V_1_43]:  wired=0; compound=0; hidden=1; nouse=1; global=1; static=1; extern=0; dir=2; type=0; pingpong=0; private_global=0; linkage=7; visibility=0; IO mode=ap_ovld:ce=0
Port [ kernel_data_V_1_44]:  wired=0; compound=0; hidden=1; nouse=1; global=1; static=1; extern=0; dir=2; type=0; pingpong=0; private_global=0; linkage=7; visibility=0; IO mode=ap_ovld:ce=0
Port [ kernel_data_V_1_45]:  wired=0; compound=0; hidden=1; nouse=1; global=1; static=1; extern=0; dir=2; type=0; pingpong=0; private_global=0; linkage=7; visibility=0; IO mode=ap_ovld:ce=0
Port [ kernel_data_V_1_46]:  wired=0; compound=0; hidden=1; nouse=1; global=1; static=1; extern=0; dir=2; type=0; pingpong=0; private_global=0; linkage=7; visibility=0; IO mode=ap_ovld:ce=0
Port [ kernel_data_V_1_47]:  wired=0; compound=0; hidden=1; nouse=1; global=1; static=1; extern=0; dir=2; type=0; pingpong=0; private_global=0; linkage=7; visibility=0; IO mode=ap_ovld:ce=0
Port [ kernel_data_V_1_48]:  wired=0; compound=0; hidden=1; nouse=1; global=1; static=1; extern=0; dir=2; type=0; pingpong=0; private_global=0; linkage=7; visibility=0; IO mode=ap_ovld:ce=0
Port [ kernel_data_V_1_49]:  wired=0; compound=0; hidden=1; nouse=1; global=1; static=1; extern=0; dir=2; type=0; pingpong=0; private_global=0; linkage=7; visibility=0; IO mode=ap_ovld:ce=0
Port [ kernel_data_V_1_50]:  wired=0; compound=0; hidden=1; nouse=1; global=1; static=1; extern=0; dir=2; type=0; pingpong=0; private_global=0; linkage=7; visibility=0; IO mode=ap_ovld:ce=0
Port [ kernel_data_V_1_51]:  wired=0; compound=0; hidden=1; nouse=1; global=1; static=1; extern=0; dir=2; type=0; pingpong=0; private_global=0; linkage=7; visibility=0; IO mode=ap_ovld:ce=0
Port [ kernel_data_V_1_52]:  wired=0; compound=0; hidden=1; nouse=1; global=1; static=1; extern=0; dir=2; type=0; pingpong=0; private_global=0; linkage=7; visibility=0; IO mode=ap_ovld:ce=0
Port [ kernel_data_V_1_53]:  wired=0; compound=0; hidden=1; nouse=1; global=1; static=1; extern=0; dir=2; type=0; pingpong=0; private_global=0; linkage=7; visibility=0; IO mode=ap_ovld:ce=0
Port [ kernel_data_V_1_54]:  wired=0; compound=0; hidden=1; nouse=1; global=1; static=1; extern=0; dir=2; type=0; pingpong=0; private_global=0; linkage=7; visibility=0; IO mode=ap_ovld:ce=0
Port [ kernel_data_V_1_55]:  wired=0; compound=0; hidden=1; nouse=1; global=1; static=1; extern=0; dir=2; type=0; pingpong=0; private_global=0; linkage=7; visibility=0; IO mode=ap_ovld:ce=0
Port [ kernel_data_V_1_56]:  wired=0; compound=0; hidden=1; nouse=1; global=1; static=1; extern=0; dir=2; type=0; pingpong=0; private_global=0; linkage=7; visibility=0; IO mode=ap_ovld:ce=0
Port [ kernel_data_V_1_57]:  wired=0; compound=0; hidden=1; nouse=1; global=1; static=1; extern=0; dir=2; type=0; pingpong=0; private_global=0; linkage=7; visibility=0; IO mode=ap_ovld:ce=0
Port [ kernel_data_V_1_58]:  wired=0; compound=0; hidden=1; nouse=1; global=1; static=1; extern=0; dir=2; type=0; pingpong=0; private_global=0; linkage=7; visibility=0; IO mode=ap_ovld:ce=0
Port [ kernel_data_V_1_59]:  wired=0; compound=0; hidden=1; nouse=1; global=1; static=1; extern=0; dir=2; type=0; pingpong=0; private_global=0; linkage=7; visibility=0; IO mode=ap_ovld:ce=0
Port [ kernel_data_V_1_60]:  wired=0; compound=0; hidden=1; nouse=1; global=1; static=1; extern=0; dir=2; type=0; pingpong=0; private_global=0; linkage=7; visibility=0; IO mode=ap_ovld:ce=0
Port [ kernel_data_V_1_61]:  wired=0; compound=0; hidden=1; nouse=1; global=1; static=1; extern=0; dir=2; type=0; pingpong=0; private_global=0; linkage=7; visibility=0; IO mode=ap_ovld:ce=0
Port [ kernel_data_V_1_62]:  wired=0; compound=0; hidden=1; nouse=1; global=1; static=1; extern=0; dir=2; type=0; pingpong=0; private_global=0; linkage=7; visibility=0; IO mode=ap_ovld:ce=0
Port [ kernel_data_V_1_63]:  wired=0; compound=0; hidden=1; nouse=1; global=1; static=1; extern=0; dir=2; type=0; pingpong=0; private_global=0; linkage=7; visibility=0; IO mode=ap_ovld:ce=0
Port [ kernel_data_V_1_128]:  wired=0; compound=0; hidden=1; nouse=1; global=1; static=1; extern=0; dir=2; type=0; pingpong=0; private_global=0; linkage=7; visibility=0; IO mode=ap_ovld:ce=0
Port [ kernel_data_V_1_129]:  wired=0; compound=0; hidden=1; nouse=1; global=1; static=1; extern=0; dir=2; type=0; pingpong=0; private_global=0; linkage=7; visibility=0; IO mode=ap_ovld:ce=0
Port [ kernel_data_V_1_130]:  wired=0; compound=0; hidden=1; nouse=1; global=1; static=1; extern=0; dir=2; type=0; pingpong=0; private_global=0; linkage=7; visibility=0; IO mode=ap_ovld:ce=0
Port [ kernel_data_V_1_131]:  wired=0; compound=0; hidden=1; nouse=1; global=1; static=1; extern=0; dir=2; type=0; pingpong=0; private_global=0; linkage=7; visibility=0; IO mode=ap_ovld:ce=0
Port [ kernel_data_V_1_132]:  wired=0; compound=0; hidden=1; nouse=1; global=1; static=1; extern=0; dir=2; type=0; pingpong=0; private_global=0; linkage=7; visibility=0; IO mode=ap_ovld:ce=0
Port [ kernel_data_V_1_133]:  wired=0; compound=0; hidden=1; nouse=1; global=1; static=1; extern=0; dir=2; type=0; pingpong=0; private_global=0; linkage=7; visibility=0; IO mode=ap_ovld:ce=0
Port [ kernel_data_V_1_134]:  wired=0; compound=0; hidden=1; nouse=1; global=1; static=1; extern=0; dir=2; type=0; pingpong=0; private_global=0; linkage=7; visibility=0; IO mode=ap_ovld:ce=0
Port [ kernel_data_V_1_135]:  wired=0; compound=0; hidden=1; nouse=1; global=1; static=1; extern=0; dir=2; type=0; pingpong=0; private_global=0; linkage=7; visibility=0; IO mode=ap_ovld:ce=0
Port [ kernel_data_V_1_136]:  wired=0; compound=0; hidden=1; nouse=1; global=1; static=1; extern=0; dir=2; type=0; pingpong=0; private_global=0; linkage=7; visibility=0; IO mode=ap_ovld:ce=0
Port [ kernel_data_V_1_137]:  wired=0; compound=0; hidden=1; nouse=1; global=1; static=1; extern=0; dir=2; type=0; pingpong=0; private_global=0; linkage=7; visibility=0; IO mode=ap_ovld:ce=0
Port [ kernel_data_V_1_138]:  wired=0; compound=0; hidden=1; nouse=1; global=1; static=1; extern=0; dir=2; type=0; pingpong=0; private_global=0; linkage=7; visibility=0; IO mode=ap_ovld:ce=0
Port [ kernel_data_V_1_139]:  wired=0; compound=0; hidden=1; nouse=1; global=1; static=1; extern=0; dir=2; type=0; pingpong=0; private_global=0; linkage=7; visibility=0; IO mode=ap_ovld:ce=0
Port [ kernel_data_V_1_140]:  wired=0; compound=0; hidden=1; nouse=1; global=1; static=1; extern=0; dir=2; type=0; pingpong=0; private_global=0; linkage=7; visibility=0; IO mode=ap_ovld:ce=0
Port [ kernel_data_V_1_141]:  wired=0; compound=0; hidden=1; nouse=1; global=1; static=1; extern=0; dir=2; type=0; pingpong=0; private_global=0; linkage=7; visibility=0; IO mode=ap_ovld:ce=0
Port [ kernel_data_V_1_142]:  wired=0; compound=0; hidden=1; nouse=1; global=1; static=1; extern=0; dir=2; type=0; pingpong=0; private_global=0; linkage=7; visibility=0; IO mode=ap_ovld:ce=0
Port [ kernel_data_V_1_143]:  wired=0; compound=0; hidden=1; nouse=1; global=1; static=1; extern=0; dir=2; type=0; pingpong=0; private_global=0; linkage=7; visibility=0; IO mode=ap_ovld:ce=0
Port [ kernel_data_V_1_144]:  wired=0; compound=0; hidden=1; nouse=1; global=1; static=1; extern=0; dir=2; type=0; pingpong=0; private_global=0; linkage=7; visibility=0; IO mode=ap_ovld:ce=0
Port [ kernel_data_V_1_145]:  wired=0; compound=0; hidden=1; nouse=1; global=1; static=1; extern=0; dir=2; type=0; pingpong=0; private_global=0; linkage=7; visibility=0; IO mode=ap_ovld:ce=0
Port [ kernel_data_V_1_146]:  wired=0; compound=0; hidden=1; nouse=1; global=1; static=1; extern=0; dir=2; type=0; pingpong=0; private_global=0; linkage=7; visibility=0; IO mode=ap_ovld:ce=0
Port [ kernel_data_V_1_147]:  wired=0; compound=0; hidden=1; nouse=1; global=1; static=1; extern=0; dir=2; type=0; pingpong=0; private_global=0; linkage=7; visibility=0; IO mode=ap_ovld:ce=0
Port [ kernel_data_V_1_148]:  wired=0; compound=0; hidden=1; nouse=1; global=1; static=1; extern=0; dir=2; type=0; pingpong=0; private_global=0; linkage=7; visibility=0; IO mode=ap_ovld:ce=0
Port [ kernel_data_V_1_149]:  wired=0; compound=0; hidden=1; nouse=1; global=1; static=1; extern=0; dir=2; type=0; pingpong=0; private_global=0; linkage=7; visibility=0; IO mode=ap_ovld:ce=0
Port [ kernel_data_V_1_150]:  wired=0; compound=0; hidden=1; nouse=1; global=1; static=1; extern=0; dir=2; type=0; pingpong=0; private_global=0; linkage=7; visibility=0; IO mode=ap_ovld:ce=0
Port [ kernel_data_V_1_151]:  wired=0; compound=0; hidden=1; nouse=1; global=1; static=1; extern=0; dir=2; type=0; pingpong=0; private_global=0; linkage=7; visibility=0; IO mode=ap_ovld:ce=0
Port [ kernel_data_V_1_152]:  wired=0; compound=0; hidden=1; nouse=1; global=1; static=1; extern=0; dir=2; type=0; pingpong=0; private_global=0; linkage=7; visibility=0; IO mode=ap_ovld:ce=0
Port [ kernel_data_V_1_153]:  wired=0; compound=0; hidden=1; nouse=1; global=1; static=1; extern=0; dir=2; type=0; pingpong=0; private_global=0; linkage=7; visibility=0; IO mode=ap_ovld:ce=0
Port [ kernel_data_V_1_154]:  wired=0; compound=0; hidden=1; nouse=1; global=1; static=1; extern=0; dir=2; type=0; pingpong=0; private_global=0; linkage=7; visibility=0; IO mode=ap_ovld:ce=0
Port [ kernel_data_V_1_155]:  wired=0; compound=0; hidden=1; nouse=1; global=1; static=1; extern=0; dir=2; type=0; pingpong=0; private_global=0; linkage=7; visibility=0; IO mode=ap_ovld:ce=0
Port [ kernel_data_V_1_156]:  wired=0; compound=0; hidden=1; nouse=1; global=1; static=1; extern=0; dir=2; type=0; pingpong=0; private_global=0; linkage=7; visibility=0; IO mode=ap_ovld:ce=0
Port [ kernel_data_V_1_157]:  wired=0; compound=0; hidden=1; nouse=1; global=1; static=1; extern=0; dir=2; type=0; pingpong=0; private_global=0; linkage=7; visibility=0; IO mode=ap_ovld:ce=0
Port [ kernel_data_V_1_158]:  wired=0; compound=0; hidden=1; nouse=1; global=1; static=1; extern=0; dir=2; type=0; pingpong=0; private_global=0; linkage=7; visibility=0; IO mode=ap_ovld:ce=0
Port [ kernel_data_V_1_159]:  wired=0; compound=0; hidden=1; nouse=1; global=1; static=1; extern=0; dir=2; type=0; pingpong=0; private_global=0; linkage=7; visibility=0; IO mode=ap_ovld:ce=0
Port [ kernel_data_V_1_224]:  wired=0; compound=0; hidden=1; nouse=1; global=1; static=1; extern=0; dir=2; type=0; pingpong=0; private_global=0; linkage=7; visibility=0; IO mode=ap_ovld:ce=0
Port [ kernel_data_V_1_225]:  wired=0; compound=0; hidden=1; nouse=1; global=1; static=1; extern=0; dir=2; type=0; pingpong=0; private_global=0; linkage=7; visibility=0; IO mode=ap_ovld:ce=0
Port [ kernel_data_V_1_226]:  wired=0; compound=0; hidden=1; nouse=1; global=1; static=1; extern=0; dir=2; type=0; pingpong=0; private_global=0; linkage=7; visibility=0; IO mode=ap_ovld:ce=0
Port [ kernel_data_V_1_227]:  wired=0; compound=0; hidden=1; nouse=1; global=1; static=1; extern=0; dir=2; type=0; pingpong=0; private_global=0; linkage=7; visibility=0; IO mode=ap_ovld:ce=0
Port [ kernel_data_V_1_228]:  wired=0; compound=0; hidden=1; nouse=1; global=1; static=1; extern=0; dir=2; type=0; pingpong=0; private_global=0; linkage=7; visibility=0; IO mode=ap_ovld:ce=0
Port [ kernel_data_V_1_229]:  wired=0; compound=0; hidden=1; nouse=1; global=1; static=1; extern=0; dir=2; type=0; pingpong=0; private_global=0; linkage=7; visibility=0; IO mode=ap_ovld:ce=0
Port [ kernel_data_V_1_230]:  wired=0; compound=0; hidden=1; nouse=1; global=1; static=1; extern=0; dir=2; type=0; pingpong=0; private_global=0; linkage=7; visibility=0; IO mode=ap_ovld:ce=0
Port [ kernel_data_V_1_231]:  wired=0; compound=0; hidden=1; nouse=1; global=1; static=1; extern=0; dir=2; type=0; pingpong=0; private_global=0; linkage=7; visibility=0; IO mode=ap_ovld:ce=0
Port [ kernel_data_V_1_232]:  wired=0; compound=0; hidden=1; nouse=1; global=1; static=1; extern=0; dir=2; type=0; pingpong=0; private_global=0; linkage=7; visibility=0; IO mode=ap_ovld:ce=0
Port [ kernel_data_V_1_233]:  wired=0; compound=0; hidden=1; nouse=1; global=1; static=1; extern=0; dir=2; type=0; pingpong=0; private_global=0; linkage=7; visibility=0; IO mode=ap_ovld:ce=0
Port [ kernel_data_V_1_234]:  wired=0; compound=0; hidden=1; nouse=1; global=1; static=1; extern=0; dir=2; type=0; pingpong=0; private_global=0; linkage=7; visibility=0; IO mode=ap_ovld:ce=0
Port [ kernel_data_V_1_235]:  wired=0; compound=0; hidden=1; nouse=1; global=1; static=1; extern=0; dir=2; type=0; pingpong=0; private_global=0; linkage=7; visibility=0; IO mode=ap_ovld:ce=0
Port [ kernel_data_V_1_236]:  wired=0; compound=0; hidden=1; nouse=1; global=1; static=1; extern=0; dir=2; type=0; pingpong=0; private_global=0; linkage=7; visibility=0; IO mode=ap_ovld:ce=0
Port [ kernel_data_V_1_237]:  wired=0; compound=0; hidden=1; nouse=1; global=1; static=1; extern=0; dir=2; type=0; pingpong=0; private_global=0; linkage=7; visibility=0; IO mode=ap_ovld:ce=0
Port [ kernel_data_V_1_238]:  wired=0; compound=0; hidden=1; nouse=1; global=1; static=1; extern=0; dir=2; type=0; pingpong=0; private_global=0; linkage=7; visibility=0; IO mode=ap_ovld:ce=0
Port [ kernel_data_V_1_239]:  wired=0; compound=0; hidden=1; nouse=1; global=1; static=1; extern=0; dir=2; type=0; pingpong=0; private_global=0; linkage=7; visibility=0; IO mode=ap_ovld:ce=0
Port [ kernel_data_V_1_240]:  wired=0; compound=0; hidden=1; nouse=1; global=1; static=1; extern=0; dir=2; type=0; pingpong=0; private_global=0; linkage=7; visibility=0; IO mode=ap_ovld:ce=0
Port [ kernel_data_V_1_241]:  wired=0; compound=0; hidden=1; nouse=1; global=1; static=1; extern=0; dir=2; type=0; pingpong=0; private_global=0; linkage=7; visibility=0; IO mode=ap_ovld:ce=0
Port [ kernel_data_V_1_242]:  wired=0; compound=0; hidden=1; nouse=1; global=1; static=1; extern=0; dir=2; type=0; pingpong=0; private_global=0; linkage=7; visibility=0; IO mode=ap_ovld:ce=0
Port [ kernel_data_V_1_243]:  wired=0; compound=0; hidden=1; nouse=1; global=1; static=1; extern=0; dir=2; type=0; pingpong=0; private_global=0; linkage=7; visibility=0; IO mode=ap_ovld:ce=0
Port [ kernel_data_V_1_244]:  wired=0; compound=0; hidden=1; nouse=1; global=1; static=1; extern=0; dir=2; type=0; pingpong=0; private_global=0; linkage=7; visibility=0; IO mode=ap_ovld:ce=0
Port [ kernel_data_V_1_245]:  wired=0; compound=0; hidden=1; nouse=1; global=1; static=1; extern=0; dir=2; type=0; pingpong=0; private_global=0; linkage=7; visibility=0; IO mode=ap_ovld:ce=0
Port [ kernel_data_V_1_246]:  wired=0; compound=0; hidden=1; nouse=1; global=1; static=1; extern=0; dir=2; type=0; pingpong=0; private_global=0; linkage=7; visibility=0; IO mode=ap_ovld:ce=0
Port [ kernel_data_V_1_247]:  wired=0; compound=0; hidden=1; nouse=1; global=1; static=1; extern=0; dir=2; type=0; pingpong=0; private_global=0; linkage=7; visibility=0; IO mode=ap_ovld:ce=0
Port [ kernel_data_V_1_248]:  wired=0; compound=0; hidden=1; nouse=1; global=1; static=1; extern=0; dir=2; type=0; pingpong=0; private_global=0; linkage=7; visibility=0; IO mode=ap_ovld:ce=0
Port [ kernel_data_V_1_249]:  wired=0; compound=0; hidden=1; nouse=1; global=1; static=1; extern=0; dir=2; type=0; pingpong=0; private_global=0; linkage=7; visibility=0; IO mode=ap_ovld:ce=0
Port [ kernel_data_V_1_250]:  wired=0; compound=0; hidden=1; nouse=1; global=1; static=1; extern=0; dir=2; type=0; pingpong=0; private_global=0; linkage=7; visibility=0; IO mode=ap_ovld:ce=0
Port [ kernel_data_V_1_251]:  wired=0; compound=0; hidden=1; nouse=1; global=1; static=1; extern=0; dir=2; type=0; pingpong=0; private_global=0; linkage=7; visibility=0; IO mode=ap_ovld:ce=0
Port [ kernel_data_V_1_252]:  wired=0; compound=0; hidden=1; nouse=1; global=1; static=1; extern=0; dir=2; type=0; pingpong=0; private_global=0; linkage=7; visibility=0; IO mode=ap_ovld:ce=0
Port [ kernel_data_V_1_253]:  wired=0; compound=0; hidden=1; nouse=1; global=1; static=1; extern=0; dir=2; type=0; pingpong=0; private_global=0; linkage=7; visibility=0; IO mode=ap_ovld:ce=0
Port [ kernel_data_V_1_254]:  wired=0; compound=0; hidden=1; nouse=1; global=1; static=1; extern=0; dir=2; type=0; pingpong=0; private_global=0; linkage=7; visibility=0; IO mode=ap_ovld:ce=0
Port [ kernel_data_V_1_255]:  wired=0; compound=0; hidden=1; nouse=1; global=1; static=1; extern=0; dir=2; type=0; pingpong=0; private_global=0; linkage=7; visibility=0; IO mode=ap_ovld:ce=0
Port [ sX_1]:  wired=0; compound=0; hidden=1; nouse=1; global=1; static=1; extern=0; dir=2; type=0; pingpong=0; private_global=0; linkage=7; visibility=0; IO mode=ap_ovld:ce=0
Port [ sY_1]:  wired=0; compound=0; hidden=1; nouse=1; global=1; static=1; extern=0; dir=2; type=0; pingpong=0; private_global=0; linkage=7; visibility=0; IO mode=ap_ovld:ce=0
Port [ pY_1]:  wired=0; compound=0; hidden=1; nouse=1; global=1; static=1; extern=0; dir=2; type=0; pingpong=0; private_global=0; linkage=7; visibility=0; IO mode=ap_ovld:ce=0
Port [ pX_1]:  wired=0; compound=0; hidden=1; nouse=1; global=1; static=1; extern=0; dir=2; type=0; pingpong=0; private_global=0; linkage=7; visibility=0; IO mode=ap_ovld:ce=0
Port [ outidx]:  wired=0; compound=1; hidden=1; nouse=1; global=1; static=1; extern=0; dir=0; type=1; pingpong=0; private_global=0; linkage=7; visibility=0; MemPort=[1]; IO mode=ap_memory:ce=0
Port [ kernel_data_V_1_0]:  wired=0; compound=0; hidden=1; nouse=1; global=1; static=1; extern=0; dir=2; type=0; pingpong=0; private_global=0; linkage=7; visibility=0; IO mode=ap_ovld:ce=0
Port [ kernel_data_V_1_1]:  wired=0; compound=0; hidden=1; nouse=1; global=1; static=1; extern=0; dir=2; type=0; pingpong=0; private_global=0; linkage=7; visibility=0; IO mode=ap_ovld:ce=0
Port [ kernel_data_V_1_2]:  wired=0; compound=0; hidden=1; nouse=1; global=1; static=1; extern=0; dir=2; type=0; pingpong=0; private_global=0; linkage=7; visibility=0; IO mode=ap_ovld:ce=0
Port [ kernel_data_V_1_3]:  wired=0; compound=0; hidden=1; nouse=1; global=1; static=1; extern=0; dir=2; type=0; pingpong=0; private_global=0; linkage=7; visibility=0; IO mode=ap_ovld:ce=0
Port [ kernel_data_V_1_4]:  wired=0; compound=0; hidden=1; nouse=1; global=1; static=1; extern=0; dir=2; type=0; pingpong=0; private_global=0; linkage=7; visibility=0; IO mode=ap_ovld:ce=0
Port [ kernel_data_V_1_5]:  wired=0; compound=0; hidden=1; nouse=1; global=1; static=1; extern=0; dir=2; type=0; pingpong=0; private_global=0; linkage=7; visibility=0; IO mode=ap_ovld:ce=0
Port [ kernel_data_V_1_6]:  wired=0; compound=0; hidden=1; nouse=1; global=1; static=1; extern=0; dir=2; type=0; pingpong=0; private_global=0; linkage=7; visibility=0; IO mode=ap_ovld:ce=0
Port [ kernel_data_V_1_7]:  wired=0; compound=0; hidden=1; nouse=1; global=1; static=1; extern=0; dir=2; type=0; pingpong=0; private_global=0; linkage=7; visibility=0; IO mode=ap_ovld:ce=0
Port [ kernel_data_V_1_8]:  wired=0; compound=0; hidden=1; nouse=1; global=1; static=1; extern=0; dir=2; type=0; pingpong=0; private_global=0; linkage=7; visibility=0; IO mode=ap_ovld:ce=0
Port [ kernel_data_V_1_9]:  wired=0; compound=0; hidden=1; nouse=1; global=1; static=1; extern=0; dir=2; type=0; pingpong=0; private_global=0; linkage=7; visibility=0; IO mode=ap_ovld:ce=0
Port [ kernel_data_V_1_10]:  wired=0; compound=0; hidden=1; nouse=1; global=1; static=1; extern=0; dir=2; type=0; pingpong=0; private_global=0; linkage=7; visibility=0; IO mode=ap_ovld:ce=0
Port [ kernel_data_V_1_11]:  wired=0; compound=0; hidden=1; nouse=1; global=1; static=1; extern=0; dir=2; type=0; pingpong=0; private_global=0; linkage=7; visibility=0; IO mode=ap_ovld:ce=0
Port [ kernel_data_V_1_12]:  wired=0; compound=0; hidden=1; nouse=1; global=1; static=1; extern=0; dir=2; type=0; pingpong=0; private_global=0; linkage=7; visibility=0; IO mode=ap_ovld:ce=0
Port [ kernel_data_V_1_13]:  wired=0; compound=0; hidden=1; nouse=1; global=1; static=1; extern=0; dir=2; type=0; pingpong=0; private_global=0; linkage=7; visibility=0; IO mode=ap_ovld:ce=0
Port [ kernel_data_V_1_14]:  wired=0; compound=0; hidden=1; nouse=1; global=1; static=1; extern=0; dir=2; type=0; pingpong=0; private_global=0; linkage=7; visibility=0; IO mode=ap_ovld:ce=0
Port [ kernel_data_V_1_15]:  wired=0; compound=0; hidden=1; nouse=1; global=1; static=1; extern=0; dir=2; type=0; pingpong=0; private_global=0; linkage=7; visibility=0; IO mode=ap_ovld:ce=0
Port [ kernel_data_V_1_16]:  wired=0; compound=0; hidden=1; nouse=1; global=1; static=1; extern=0; dir=2; type=0; pingpong=0; private_global=0; linkage=7; visibility=0; IO mode=ap_ovld:ce=0
Port [ kernel_data_V_1_17]:  wired=0; compound=0; hidden=1; nouse=1; global=1; static=1; extern=0; dir=2; type=0; pingpong=0; private_global=0; linkage=7; visibility=0; IO mode=ap_ovld:ce=0
Port [ kernel_data_V_1_18]:  wired=0; compound=0; hidden=1; nouse=1; global=1; static=1; extern=0; dir=2; type=0; pingpong=0; private_global=0; linkage=7; visibility=0; IO mode=ap_ovld:ce=0
Port [ kernel_data_V_1_19]:  wired=0; compound=0; hidden=1; nouse=1; global=1; static=1; extern=0; dir=2; type=0; pingpong=0; private_global=0; linkage=7; visibility=0; IO mode=ap_ovld:ce=0
Port [ kernel_data_V_1_20]:  wired=0; compound=0; hidden=1; nouse=1; global=1; static=1; extern=0; dir=2; type=0; pingpong=0; private_global=0; linkage=7; visibility=0; IO mode=ap_ovld:ce=0
Port [ kernel_data_V_1_21]:  wired=0; compound=0; hidden=1; nouse=1; global=1; static=1; extern=0; dir=2; type=0; pingpong=0; private_global=0; linkage=7; visibility=0; IO mode=ap_ovld:ce=0
Port [ kernel_data_V_1_22]:  wired=0; compound=0; hidden=1; nouse=1; global=1; static=1; extern=0; dir=2; type=0; pingpong=0; private_global=0; linkage=7; visibility=0; IO mode=ap_ovld:ce=0
Port [ kernel_data_V_1_23]:  wired=0; compound=0; hidden=1; nouse=1; global=1; static=1; extern=0; dir=2; type=0; pingpong=0; private_global=0; linkage=7; visibility=0; IO mode=ap_ovld:ce=0
Port [ kernel_data_V_1_24]:  wired=0; compound=0; hidden=1; nouse=1; global=1; static=1; extern=0; dir=2; type=0; pingpong=0; private_global=0; linkage=7; visibility=0; IO mode=ap_ovld:ce=0
Port [ kernel_data_V_1_25]:  wired=0; compound=0; hidden=1; nouse=1; global=1; static=1; extern=0; dir=2; type=0; pingpong=0; private_global=0; linkage=7; visibility=0; IO mode=ap_ovld:ce=0
Port [ kernel_data_V_1_26]:  wired=0; compound=0; hidden=1; nouse=1; global=1; static=1; extern=0; dir=2; type=0; pingpong=0; private_global=0; linkage=7; visibility=0; IO mode=ap_ovld:ce=0
Port [ kernel_data_V_1_27]:  wired=0; compound=0; hidden=1; nouse=1; global=1; static=1; extern=0; dir=2; type=0; pingpong=0; private_global=0; linkage=7; visibility=0; IO mode=ap_ovld:ce=0
Port [ kernel_data_V_1_28]:  wired=0; compound=0; hidden=1; nouse=1; global=1; static=1; extern=0; dir=2; type=0; pingpong=0; private_global=0; linkage=7; visibility=0; IO mode=ap_ovld:ce=0
Port [ kernel_data_V_1_29]:  wired=0; compound=0; hidden=1; nouse=1; global=1; static=1; extern=0; dir=2; type=0; pingpong=0; private_global=0; linkage=7; visibility=0; IO mode=ap_ovld:ce=0
Port [ kernel_data_V_1_30]:  wired=0; compound=0; hidden=1; nouse=1; global=1; static=1; extern=0; dir=2; type=0; pingpong=0; private_global=0; linkage=7; visibility=0; IO mode=ap_ovld:ce=0
Port [ kernel_data_V_1_31]:  wired=0; compound=0; hidden=1; nouse=1; global=1; static=1; extern=0; dir=2; type=0; pingpong=0; private_global=0; linkage=7; visibility=0; IO mode=ap_ovld:ce=0
Port [ kernel_data_V_1_96]:  wired=0; compound=0; hidden=1; nouse=1; global=1; static=1; extern=0; dir=2; type=0; pingpong=0; private_global=0; linkage=7; visibility=0; IO mode=ap_ovld:ce=0
Port [ kernel_data_V_1_97]:  wired=0; compound=0; hidden=1; nouse=1; global=1; static=1; extern=0; dir=2; type=0; pingpong=0; private_global=0; linkage=7; visibility=0; IO mode=ap_ovld:ce=0
Port [ kernel_data_V_1_98]:  wired=0; compound=0; hidden=1; nouse=1; global=1; static=1; extern=0; dir=2; type=0; pingpong=0; private_global=0; linkage=7; visibility=0; IO mode=ap_ovld:ce=0
Port [ kernel_data_V_1_99]:  wired=0; compound=0; hidden=1; nouse=1; global=1; static=1; extern=0; dir=2; type=0; pingpong=0; private_global=0; linkage=7; visibility=0; IO mode=ap_ovld:ce=0
Port [ kernel_data_V_1_100]:  wired=0; compound=0; hidden=1; nouse=1; global=1; static=1; extern=0; dir=2; type=0; pingpong=0; private_global=0; linkage=7; visibility=0; IO mode=ap_ovld:ce=0
Port [ kernel_data_V_1_101]:  wired=0; compound=0; hidden=1; nouse=1; global=1; static=1; extern=0; dir=2; type=0; pingpong=0; private_global=0; linkage=7; visibility=0; IO mode=ap_ovld:ce=0
Port [ kernel_data_V_1_102]:  wired=0; compound=0; hidden=1; nouse=1; global=1; static=1; extern=0; dir=2; type=0; pingpong=0; private_global=0; linkage=7; visibility=0; IO mode=ap_ovld:ce=0
Port [ kernel_data_V_1_103]:  wired=0; compound=0; hidden=1; nouse=1; global=1; static=1; extern=0; dir=2; type=0; pingpong=0; private_global=0; linkage=7; visibility=0; IO mode=ap_ovld:ce=0
Port [ kernel_data_V_1_104]:  wired=0; compound=0; hidden=1; nouse=1; global=1; static=1; extern=0; dir=2; type=0; pingpong=0; private_global=0; linkage=7; visibility=0; IO mode=ap_ovld:ce=0
Port [ kernel_data_V_1_105]:  wired=0; compound=0; hidden=1; nouse=1; global=1; static=1; extern=0; dir=2; type=0; pingpong=0; private_global=0; linkage=7; visibility=0; IO mode=ap_ovld:ce=0
Port [ kernel_data_V_1_106]:  wired=0; compound=0; hidden=1; nouse=1; global=1; static=1; extern=0; dir=2; type=0; pingpong=0; private_global=0; linkage=7; visibility=0; IO mode=ap_ovld:ce=0
Port [ kernel_data_V_1_107]:  wired=0; compound=0; hidden=1; nouse=1; global=1; static=1; extern=0; dir=2; type=0; pingpong=0; private_global=0; linkage=7; visibility=0; IO mode=ap_ovld:ce=0
Port [ kernel_data_V_1_108]:  wired=0; compound=0; hidden=1; nouse=1; global=1; static=1; extern=0; dir=2; type=0; pingpong=0; private_global=0; linkage=7; visibility=0; IO mode=ap_ovld:ce=0
Port [ kernel_data_V_1_109]:  wired=0; compound=0; hidden=1; nouse=1; global=1; static=1; extern=0; dir=2; type=0; pingpong=0; private_global=0; linkage=7; visibility=0; IO mode=ap_ovld:ce=0
Port [ kernel_data_V_1_110]:  wired=0; compound=0; hidden=1; nouse=1; global=1; static=1; extern=0; dir=2; type=0; pingpong=0; private_global=0; linkage=7; visibility=0; IO mode=ap_ovld:ce=0
Port [ kernel_data_V_1_111]:  wired=0; compound=0; hidden=1; nouse=1; global=1; static=1; extern=0; dir=2; type=0; pingpong=0; private_global=0; linkage=7; visibility=0; IO mode=ap_ovld:ce=0
Port [ kernel_data_V_1_112]:  wired=0; compound=0; hidden=1; nouse=1; global=1; static=1; extern=0; dir=2; type=0; pingpong=0; private_global=0; linkage=7; visibility=0; IO mode=ap_ovld:ce=0
Port [ kernel_data_V_1_113]:  wired=0; compound=0; hidden=1; nouse=1; global=1; static=1; extern=0; dir=2; type=0; pingpong=0; private_global=0; linkage=7; visibility=0; IO mode=ap_ovld:ce=0
Port [ kernel_data_V_1_114]:  wired=0; compound=0; hidden=1; nouse=1; global=1; static=1; extern=0; dir=2; type=0; pingpong=0; private_global=0; linkage=7; visibility=0; IO mode=ap_ovld:ce=0
Port [ kernel_data_V_1_115]:  wired=0; compound=0; hidden=1; nouse=1; global=1; static=1; extern=0; dir=2; type=0; pingpong=0; private_global=0; linkage=7; visibility=0; IO mode=ap_ovld:ce=0
Port [ kernel_data_V_1_116]:  wired=0; compound=0; hidden=1; nouse=1; global=1; static=1; extern=0; dir=2; type=0; pingpong=0; private_global=0; linkage=7; visibility=0; IO mode=ap_ovld:ce=0
Port [ kernel_data_V_1_117]:  wired=0; compound=0; hidden=1; nouse=1; global=1; static=1; extern=0; dir=2; type=0; pingpong=0; private_global=0; linkage=7; visibility=0; IO mode=ap_ovld:ce=0
Port [ kernel_data_V_1_118]:  wired=0; compound=0; hidden=1; nouse=1; global=1; static=1; extern=0; dir=2; type=0; pingpong=0; private_global=0; linkage=7; visibility=0; IO mode=ap_ovld:ce=0
Port [ kernel_data_V_1_119]:  wired=0; compound=0; hidden=1; nouse=1; global=1; static=1; extern=0; dir=2; type=0; pingpong=0; private_global=0; linkage=7; visibility=0; IO mode=ap_ovld:ce=0
Port [ kernel_data_V_1_120]:  wired=0; compound=0; hidden=1; nouse=1; global=1; static=1; extern=0; dir=2; type=0; pingpong=0; private_global=0; linkage=7; visibility=0; IO mode=ap_ovld:ce=0
Port [ kernel_data_V_1_121]:  wired=0; compound=0; hidden=1; nouse=1; global=1; static=1; extern=0; dir=2; type=0; pingpong=0; private_global=0; linkage=7; visibility=0; IO mode=ap_ovld:ce=0
Port [ kernel_data_V_1_122]:  wired=0; compound=0; hidden=1; nouse=1; global=1; static=1; extern=0; dir=2; type=0; pingpong=0; private_global=0; linkage=7; visibility=0; IO mode=ap_ovld:ce=0
Port [ kernel_data_V_1_123]:  wired=0; compound=0; hidden=1; nouse=1; global=1; static=1; extern=0; dir=2; type=0; pingpong=0; private_global=0; linkage=7; visibility=0; IO mode=ap_ovld:ce=0
Port [ kernel_data_V_1_124]:  wired=0; compound=0; hidden=1; nouse=1; global=1; static=1; extern=0; dir=2; type=0; pingpong=0; private_global=0; linkage=7; visibility=0; IO mode=ap_ovld:ce=0
Port [ kernel_data_V_1_125]:  wired=0; compound=0; hidden=1; nouse=1; global=1; static=1; extern=0; dir=2; type=0; pingpong=0; private_global=0; linkage=7; visibility=0; IO mode=ap_ovld:ce=0
Port [ kernel_data_V_1_126]:  wired=0; compound=0; hidden=1; nouse=1; global=1; static=1; extern=0; dir=2; type=0; pingpong=0; private_global=0; linkage=7; visibility=0; IO mode=ap_ovld:ce=0
Port [ kernel_data_V_1_127]:  wired=0; compound=0; hidden=1; nouse=1; global=1; static=1; extern=0; dir=2; type=0; pingpong=0; private_global=0; linkage=7; visibility=0; IO mode=ap_ovld:ce=0
Port [ kernel_data_V_1_192]:  wired=0; compound=0; hidden=1; nouse=1; global=1; static=1; extern=0; dir=2; type=0; pingpong=0; private_global=0; linkage=7; visibility=0; IO mode=ap_ovld:ce=0
Port [ kernel_data_V_1_193]:  wired=0; compound=0; hidden=1; nouse=1; global=1; static=1; extern=0; dir=2; type=0; pingpong=0; private_global=0; linkage=7; visibility=0; IO mode=ap_ovld:ce=0
Port [ kernel_data_V_1_194]:  wired=0; compound=0; hidden=1; nouse=1; global=1; static=1; extern=0; dir=2; type=0; pingpong=0; private_global=0; linkage=7; visibility=0; IO mode=ap_ovld:ce=0
Port [ kernel_data_V_1_195]:  wired=0; compound=0; hidden=1; nouse=1; global=1; static=1; extern=0; dir=2; type=0; pingpong=0; private_global=0; linkage=7; visibility=0; IO mode=ap_ovld:ce=0
Port [ kernel_data_V_1_196]:  wired=0; compound=0; hidden=1; nouse=1; global=1; static=1; extern=0; dir=2; type=0; pingpong=0; private_global=0; linkage=7; visibility=0; IO mode=ap_ovld:ce=0
Port [ kernel_data_V_1_197]:  wired=0; compound=0; hidden=1; nouse=1; global=1; static=1; extern=0; dir=2; type=0; pingpong=0; private_global=0; linkage=7; visibility=0; IO mode=ap_ovld:ce=0
Port [ kernel_data_V_1_198]:  wired=0; compound=0; hidden=1; nouse=1; global=1; static=1; extern=0; dir=2; type=0; pingpong=0; private_global=0; linkage=7; visibility=0; IO mode=ap_ovld:ce=0
Port [ kernel_data_V_1_199]:  wired=0; compound=0; hidden=1; nouse=1; global=1; static=1; extern=0; dir=2; type=0; pingpong=0; private_global=0; linkage=7; visibility=0; IO mode=ap_ovld:ce=0
Port [ kernel_data_V_1_200]:  wired=0; compound=0; hidden=1; nouse=1; global=1; static=1; extern=0; dir=2; type=0; pingpong=0; private_global=0; linkage=7; visibility=0; IO mode=ap_ovld:ce=0
Port [ kernel_data_V_1_201]:  wired=0; compound=0; hidden=1; nouse=1; global=1; static=1; extern=0; dir=2; type=0; pingpong=0; private_global=0; linkage=7; visibility=0; IO mode=ap_ovld:ce=0
Port [ kernel_data_V_1_202]:  wired=0; compound=0; hidden=1; nouse=1; global=1; static=1; extern=0; dir=2; type=0; pingpong=0; private_global=0; linkage=7; visibility=0; IO mode=ap_ovld:ce=0
Port [ kernel_data_V_1_203]:  wired=0; compound=0; hidden=1; nouse=1; global=1; static=1; extern=0; dir=2; type=0; pingpong=0; private_global=0; linkage=7; visibility=0; IO mode=ap_ovld:ce=0
Port [ kernel_data_V_1_204]:  wired=0; compound=0; hidden=1; nouse=1; global=1; static=1; extern=0; dir=2; type=0; pingpong=0; private_global=0; linkage=7; visibility=0; IO mode=ap_ovld:ce=0
Port [ kernel_data_V_1_205]:  wired=0; compound=0; hidden=1; nouse=1; global=1; static=1; extern=0; dir=2; type=0; pingpong=0; private_global=0; linkage=7; visibility=0; IO mode=ap_ovld:ce=0
Port [ kernel_data_V_1_206]:  wired=0; compound=0; hidden=1; nouse=1; global=1; static=1; extern=0; dir=2; type=0; pingpong=0; private_global=0; linkage=7; visibility=0; IO mode=ap_ovld:ce=0
Port [ kernel_data_V_1_207]:  wired=0; compound=0; hidden=1; nouse=1; global=1; static=1; extern=0; dir=2; type=0; pingpong=0; private_global=0; linkage=7; visibility=0; IO mode=ap_ovld:ce=0
Port [ kernel_data_V_1_208]:  wired=0; compound=0; hidden=1; nouse=1; global=1; static=1; extern=0; dir=2; type=0; pingpong=0; private_global=0; linkage=7; visibility=0; IO mode=ap_ovld:ce=0
Port [ kernel_data_V_1_209]:  wired=0; compound=0; hidden=1; nouse=1; global=1; static=1; extern=0; dir=2; type=0; pingpong=0; private_global=0; linkage=7; visibility=0; IO mode=ap_ovld:ce=0
Port [ kernel_data_V_1_210]:  wired=0; compound=0; hidden=1; nouse=1; global=1; static=1; extern=0; dir=2; type=0; pingpong=0; private_global=0; linkage=7; visibility=0; IO mode=ap_ovld:ce=0
Port [ kernel_data_V_1_211]:  wired=0; compound=0; hidden=1; nouse=1; global=1; static=1; extern=0; dir=2; type=0; pingpong=0; private_global=0; linkage=7; visibility=0; IO mode=ap_ovld:ce=0
Port [ kernel_data_V_1_212]:  wired=0; compound=0; hidden=1; nouse=1; global=1; static=1; extern=0; dir=2; type=0; pingpong=0; private_global=0; linkage=7; visibility=0; IO mode=ap_ovld:ce=0
Port [ kernel_data_V_1_213]:  wired=0; compound=0; hidden=1; nouse=1; global=1; static=1; extern=0; dir=2; type=0; pingpong=0; private_global=0; linkage=7; visibility=0; IO mode=ap_ovld:ce=0
Port [ kernel_data_V_1_214]:  wired=0; compound=0; hidden=1; nouse=1; global=1; static=1; extern=0; dir=2; type=0; pingpong=0; private_global=0; linkage=7; visibility=0; IO mode=ap_ovld:ce=0
Port [ kernel_data_V_1_215]:  wired=0; compound=0; hidden=1; nouse=1; global=1; static=1; extern=0; dir=2; type=0; pingpong=0; private_global=0; linkage=7; visibility=0; IO mode=ap_ovld:ce=0
Port [ kernel_data_V_1_216]:  wired=0; compound=0; hidden=1; nouse=1; global=1; static=1; extern=0; dir=2; type=0; pingpong=0; private_global=0; linkage=7; visibility=0; IO mode=ap_ovld:ce=0
Port [ kernel_data_V_1_217]:  wired=0; compound=0; hidden=1; nouse=1; global=1; static=1; extern=0; dir=2; type=0; pingpong=0; private_global=0; linkage=7; visibility=0; IO mode=ap_ovld:ce=0
Port [ kernel_data_V_1_218]:  wired=0; compound=0; hidden=1; nouse=1; global=1; static=1; extern=0; dir=2; type=0; pingpong=0; private_global=0; linkage=7; visibility=0; IO mode=ap_ovld:ce=0
Port [ kernel_data_V_1_219]:  wired=0; compound=0; hidden=1; nouse=1; global=1; static=1; extern=0; dir=2; type=0; pingpong=0; private_global=0; linkage=7; visibility=0; IO mode=ap_ovld:ce=0
Port [ kernel_data_V_1_220]:  wired=0; compound=0; hidden=1; nouse=1; global=1; static=1; extern=0; dir=2; type=0; pingpong=0; private_global=0; linkage=7; visibility=0; IO mode=ap_ovld:ce=0
Port [ kernel_data_V_1_221]:  wired=0; compound=0; hidden=1; nouse=1; global=1; static=1; extern=0; dir=2; type=0; pingpong=0; private_global=0; linkage=7; visibility=0; IO mode=ap_ovld:ce=0
Port [ kernel_data_V_1_222]:  wired=0; compound=0; hidden=1; nouse=1; global=1; static=1; extern=0; dir=2; type=0; pingpong=0; private_global=0; linkage=7; visibility=0; IO mode=ap_ovld:ce=0
Port [ kernel_data_V_1_223]:  wired=0; compound=0; hidden=1; nouse=1; global=1; static=1; extern=0; dir=2; type=0; pingpong=0; private_global=0; linkage=7; visibility=0; IO mode=ap_ovld:ce=0
Port [ w8_V]:  wired=0; compound=1; hidden=1; nouse=1; global=1; static=1; extern=0; dir=0; type=1; pingpong=0; private_global=0; linkage=7; visibility=0; MemPort=[1]; IO mode=ap_memory:ce=0
Port [ line_buffer_Array_V_1_0_0]:  wired=0; compound=1; hidden=1; nouse=1; global=1; static=1; extern=0; dir=3; type=1; pingpong=0; private_global=0; linkage=7; visibility=0; MemPort=[2]; IO mode=ap_memory:ce=0
Port [ line_buffer_Array_V_1_0_1]:  wired=0; compound=1; hidden=1; nouse=1; global=1; static=1; extern=0; dir=3; type=1; pingpong=0; private_global=0; linkage=7; visibility=0; MemPort=[2]; IO mode=ap_memory:ce=0
Port [ line_buffer_Array_V_1_0_2]:  wired=0; compound=1; hidden=1; nouse=1; global=1; static=1; extern=0; dir=3; type=1; pingpong=0; private_global=0; linkage=7; visibility=0; MemPort=[2]; IO mode=ap_memory:ce=0
Port [ line_buffer_Array_V_1_0_3]:  wired=0; compound=1; hidden=1; nouse=1; global=1; static=1; extern=0; dir=3; type=1; pingpong=0; private_global=0; linkage=7; visibility=0; MemPort=[2]; IO mode=ap_memory:ce=0
Port [ line_buffer_Array_V_1_0_4]:  wired=0; compound=1; hidden=1; nouse=1; global=1; static=1; extern=0; dir=3; type=1; pingpong=0; private_global=0; linkage=7; visibility=0; MemPort=[2]; IO mode=ap_memory:ce=0
Port [ line_buffer_Array_V_1_0_5]:  wired=0; compound=1; hidden=1; nouse=1; global=1; static=1; extern=0; dir=3; type=1; pingpong=0; private_global=0; linkage=7; visibility=0; MemPort=[2]; IO mode=ap_memory:ce=0
Port [ line_buffer_Array_V_1_0_6]:  wired=0; compound=1; hidden=1; nouse=1; global=1; static=1; extern=0; dir=3; type=1; pingpong=0; private_global=0; linkage=7; visibility=0; MemPort=[2]; IO mode=ap_memory:ce=0
Port [ line_buffer_Array_V_1_0_7]:  wired=0; compound=1; hidden=1; nouse=1; global=1; static=1; extern=0; dir=3; type=1; pingpong=0; private_global=0; linkage=7; visibility=0; MemPort=[2]; IO mode=ap_memory:ce=0
Port [ line_buffer_Array_V_1_0_8]:  wired=0; compound=1; hidden=1; nouse=1; global=1; static=1; extern=0; dir=3; type=1; pingpong=0; private_global=0; linkage=7; visibility=0; MemPort=[2]; IO mode=ap_memory:ce=0
Port [ line_buffer_Array_V_1_0_9]:  wired=0; compound=1; hidden=1; nouse=1; global=1; static=1; extern=0; dir=3; type=1; pingpong=0; private_global=0; linkage=7; visibility=0; MemPort=[2]; IO mode=ap_memory:ce=0
Port [ line_buffer_Array_V_1_0_10]:  wired=0; compound=1; hidden=1; nouse=1; global=1; static=1; extern=0; dir=3; type=1; pingpong=0; private_global=0; linkage=7; visibility=0; MemPort=[2]; IO mode=ap_memory:ce=0
Port [ line_buffer_Array_V_1_0_11]:  wired=0; compound=1; hidden=1; nouse=1; global=1; static=1; extern=0; dir=3; type=1; pingpong=0; private_global=0; linkage=7; visibility=0; MemPort=[2]; IO mode=ap_memory:ce=0
Port [ line_buffer_Array_V_1_0_12]:  wired=0; compound=1; hidden=1; nouse=1; global=1; static=1; extern=0; dir=3; type=1; pingpong=0; private_global=0; linkage=7; visibility=0; MemPort=[2]; IO mode=ap_memory:ce=0
Port [ line_buffer_Array_V_1_0_13]:  wired=0; compound=1; hidden=1; nouse=1; global=1; static=1; extern=0; dir=3; type=1; pingpong=0; private_global=0; linkage=7; visibility=0; MemPort=[2]; IO mode=ap_memory:ce=0
Port [ line_buffer_Array_V_1_0_14]:  wired=0; compound=1; hidden=1; nouse=1; global=1; static=1; extern=0; dir=3; type=1; pingpong=0; private_global=0; linkage=7; visibility=0; MemPort=[2]; IO mode=ap_memory:ce=0
Port [ line_buffer_Array_V_1_0_15]:  wired=0; compound=1; hidden=1; nouse=1; global=1; static=1; extern=0; dir=3; type=1; pingpong=0; private_global=0; linkage=7; visibility=0; MemPort=[2]; IO mode=ap_memory:ce=0
Port [ line_buffer_Array_V_1_0_16]:  wired=0; compound=1; hidden=1; nouse=1; global=1; static=1; extern=0; dir=3; type=1; pingpong=0; private_global=0; linkage=7; visibility=0; MemPort=[2]; IO mode=ap_memory:ce=0
Port [ line_buffer_Array_V_1_0_17]:  wired=0; compound=1; hidden=1; nouse=1; global=1; static=1; extern=0; dir=3; type=1; pingpong=0; private_global=0; linkage=7; visibility=0; MemPort=[2]; IO mode=ap_memory:ce=0
Port [ line_buffer_Array_V_1_0_18]:  wired=0; compound=1; hidden=1; nouse=1; global=1; static=1; extern=0; dir=3; type=1; pingpong=0; private_global=0; linkage=7; visibility=0; MemPort=[2]; IO mode=ap_memory:ce=0
Port [ line_buffer_Array_V_1_0_19]:  wired=0; compound=1; hidden=1; nouse=1; global=1; static=1; extern=0; dir=3; type=1; pingpong=0; private_global=0; linkage=7; visibility=0; MemPort=[2]; IO mode=ap_memory:ce=0
Port [ line_buffer_Array_V_1_0_20]:  wired=0; compound=1; hidden=1; nouse=1; global=1; static=1; extern=0; dir=3; type=1; pingpong=0; private_global=0; linkage=7; visibility=0; MemPort=[2]; IO mode=ap_memory:ce=0
Port [ line_buffer_Array_V_1_0_21]:  wired=0; compound=1; hidden=1; nouse=1; global=1; static=1; extern=0; dir=3; type=1; pingpong=0; private_global=0; linkage=7; visibility=0; MemPort=[2]; IO mode=ap_memory:ce=0
Port [ line_buffer_Array_V_1_0_22]:  wired=0; compound=1; hidden=1; nouse=1; global=1; static=1; extern=0; dir=3; type=1; pingpong=0; private_global=0; linkage=7; visibility=0; MemPort=[2]; IO mode=ap_memory:ce=0
Port [ line_buffer_Array_V_1_0_23]:  wired=0; compound=1; hidden=1; nouse=1; global=1; static=1; extern=0; dir=3; type=1; pingpong=0; private_global=0; linkage=7; visibility=0; MemPort=[2]; IO mode=ap_memory:ce=0
Port [ line_buffer_Array_V_1_0_24]:  wired=0; compound=1; hidden=1; nouse=1; global=1; static=1; extern=0; dir=3; type=1; pingpong=0; private_global=0; linkage=7; visibility=0; MemPort=[2]; IO mode=ap_memory:ce=0
Port [ line_buffer_Array_V_1_0_25]:  wired=0; compound=1; hidden=1; nouse=1; global=1; static=1; extern=0; dir=3; type=1; pingpong=0; private_global=0; linkage=7; visibility=0; MemPort=[2]; IO mode=ap_memory:ce=0
Port [ line_buffer_Array_V_1_0_26]:  wired=0; compound=1; hidden=1; nouse=1; global=1; static=1; extern=0; dir=3; type=1; pingpong=0; private_global=0; linkage=7; visibility=0; MemPort=[2]; IO mode=ap_memory:ce=0
Port [ line_buffer_Array_V_1_0_27]:  wired=0; compound=1; hidden=1; nouse=1; global=1; static=1; extern=0; dir=3; type=1; pingpong=0; private_global=0; linkage=7; visibility=0; MemPort=[2]; IO mode=ap_memory:ce=0
Port [ line_buffer_Array_V_1_0_28]:  wired=0; compound=1; hidden=1; nouse=1; global=1; static=1; extern=0; dir=3; type=1; pingpong=0; private_global=0; linkage=7; visibility=0; MemPort=[2]; IO mode=ap_memory:ce=0
Port [ line_buffer_Array_V_1_0_29]:  wired=0; compound=1; hidden=1; nouse=1; global=1; static=1; extern=0; dir=3; type=1; pingpong=0; private_global=0; linkage=7; visibility=0; MemPort=[2]; IO mode=ap_memory:ce=0
Port [ line_buffer_Array_V_1_0_30]:  wired=0; compound=1; hidden=1; nouse=1; global=1; static=1; extern=0; dir=3; type=1; pingpong=0; private_global=0; linkage=7; visibility=0; MemPort=[2]; IO mode=ap_memory:ce=0
Port [ line_buffer_Array_V_1_0_31]:  wired=0; compound=1; hidden=1; nouse=1; global=1; static=1; extern=0; dir=3; type=1; pingpong=0; private_global=0; linkage=7; visibility=0; MemPort=[2]; IO mode=ap_memory:ce=0
Port [ line_buffer_Array_V_1_1_0]:  wired=0; compound=1; hidden=1; nouse=1; global=1; static=1; extern=0; dir=3; type=1; pingpong=0; private_global=0; linkage=7; visibility=0; MemPort=[2]; IO mode=ap_memory:ce=0
Port [ line_buffer_Array_V_1_1_1]:  wired=0; compound=1; hidden=1; nouse=1; global=1; static=1; extern=0; dir=3; type=1; pingpong=0; private_global=0; linkage=7; visibility=0; MemPort=[2]; IO mode=ap_memory:ce=0
Port [ line_buffer_Array_V_1_1_2]:  wired=0; compound=1; hidden=1; nouse=1; global=1; static=1; extern=0; dir=3; type=1; pingpong=0; private_global=0; linkage=7; visibility=0; MemPort=[2]; IO mode=ap_memory:ce=0
Port [ line_buffer_Array_V_1_1_3]:  wired=0; compound=1; hidden=1; nouse=1; global=1; static=1; extern=0; dir=3; type=1; pingpong=0; private_global=0; linkage=7; visibility=0; MemPort=[2]; IO mode=ap_memory:ce=0
Port [ line_buffer_Array_V_1_1_4]:  wired=0; compound=1; hidden=1; nouse=1; global=1; static=1; extern=0; dir=3; type=1; pingpong=0; private_global=0; linkage=7; visibility=0; MemPort=[2]; IO mode=ap_memory:ce=0
Port [ line_buffer_Array_V_1_1_5]:  wired=0; compound=1; hidden=1; nouse=1; global=1; static=1; extern=0; dir=3; type=1; pingpong=0; private_global=0; linkage=7; visibility=0; MemPort=[2]; IO mode=ap_memory:ce=0
Port [ line_buffer_Array_V_1_1_6]:  wired=0; compound=1; hidden=1; nouse=1; global=1; static=1; extern=0; dir=3; type=1; pingpong=0; private_global=0; linkage=7; visibility=0; MemPort=[2]; IO mode=ap_memory:ce=0
Port [ line_buffer_Array_V_1_1_7]:  wired=0; compound=1; hidden=1; nouse=1; global=1; static=1; extern=0; dir=3; type=1; pingpong=0; private_global=0; linkage=7; visibility=0; MemPort=[2]; IO mode=ap_memory:ce=0
Port [ line_buffer_Array_V_1_1_8]:  wired=0; compound=1; hidden=1; nouse=1; global=1; static=1; extern=0; dir=3; type=1; pingpong=0; private_global=0; linkage=7; visibility=0; MemPort=[2]; IO mode=ap_memory:ce=0
Port [ line_buffer_Array_V_1_1_9]:  wired=0; compound=1; hidden=1; nouse=1; global=1; static=1; extern=0; dir=3; type=1; pingpong=0; private_global=0; linkage=7; visibility=0; MemPort=[2]; IO mode=ap_memory:ce=0
Port [ line_buffer_Array_V_1_1_10]:  wired=0; compound=1; hidden=1; nouse=1; global=1; static=1; extern=0; dir=3; type=1; pingpong=0; private_global=0; linkage=7; visibility=0; MemPort=[2]; IO mode=ap_memory:ce=0
Port [ line_buffer_Array_V_1_1_11]:  wired=0; compound=1; hidden=1; nouse=1; global=1; static=1; extern=0; dir=3; type=1; pingpong=0; private_global=0; linkage=7; visibility=0; MemPort=[2]; IO mode=ap_memory:ce=0
Port [ line_buffer_Array_V_1_1_12]:  wired=0; compound=1; hidden=1; nouse=1; global=1; static=1; extern=0; dir=3; type=1; pingpong=0; private_global=0; linkage=7; visibility=0; MemPort=[2]; IO mode=ap_memory:ce=0
Port [ line_buffer_Array_V_1_1_13]:  wired=0; compound=1; hidden=1; nouse=1; global=1; static=1; extern=0; dir=3; type=1; pingpong=0; private_global=0; linkage=7; visibility=0; MemPort=[2]; IO mode=ap_memory:ce=0
Port [ line_buffer_Array_V_1_1_14]:  wired=0; compound=1; hidden=1; nouse=1; global=1; static=1; extern=0; dir=3; type=1; pingpong=0; private_global=0; linkage=7; visibility=0; MemPort=[2]; IO mode=ap_memory:ce=0
Port [ line_buffer_Array_V_1_1_15]:  wired=0; compound=1; hidden=1; nouse=1; global=1; static=1; extern=0; dir=3; type=1; pingpong=0; private_global=0; linkage=7; visibility=0; MemPort=[2]; IO mode=ap_memory:ce=0
Port [ line_buffer_Array_V_1_1_16]:  wired=0; compound=1; hidden=1; nouse=1; global=1; static=1; extern=0; dir=3; type=1; pingpong=0; private_global=0; linkage=7; visibility=0; MemPort=[2]; IO mode=ap_memory:ce=0
Port [ line_buffer_Array_V_1_1_17]:  wired=0; compound=1; hidden=1; nouse=1; global=1; static=1; extern=0; dir=3; type=1; pingpong=0; private_global=0; linkage=7; visibility=0; MemPort=[2]; IO mode=ap_memory:ce=0
Port [ line_buffer_Array_V_1_1_18]:  wired=0; compound=1; hidden=1; nouse=1; global=1; static=1; extern=0; dir=3; type=1; pingpong=0; private_global=0; linkage=7; visibility=0; MemPort=[2]; IO mode=ap_memory:ce=0
Port [ line_buffer_Array_V_1_1_19]:  wired=0; compound=1; hidden=1; nouse=1; global=1; static=1; extern=0; dir=3; type=1; pingpong=0; private_global=0; linkage=7; visibility=0; MemPort=[2]; IO mode=ap_memory:ce=0
Port [ line_buffer_Array_V_1_1_20]:  wired=0; compound=1; hidden=1; nouse=1; global=1; static=1; extern=0; dir=3; type=1; pingpong=0; private_global=0; linkage=7; visibility=0; MemPort=[2]; IO mode=ap_memory:ce=0
Port [ line_buffer_Array_V_1_1_21]:  wired=0; compound=1; hidden=1; nouse=1; global=1; static=1; extern=0; dir=3; type=1; pingpong=0; private_global=0; linkage=7; visibility=0; MemPort=[2]; IO mode=ap_memory:ce=0
Port [ line_buffer_Array_V_1_1_22]:  wired=0; compound=1; hidden=1; nouse=1; global=1; static=1; extern=0; dir=3; type=1; pingpong=0; private_global=0; linkage=7; visibility=0; MemPort=[2]; IO mode=ap_memory:ce=0
Port [ line_buffer_Array_V_1_1_23]:  wired=0; compound=1; hidden=1; nouse=1; global=1; static=1; extern=0; dir=3; type=1; pingpong=0; private_global=0; linkage=7; visibility=0; MemPort=[2]; IO mode=ap_memory:ce=0
Port [ line_buffer_Array_V_1_1_24]:  wired=0; compound=1; hidden=1; nouse=1; global=1; static=1; extern=0; dir=3; type=1; pingpong=0; private_global=0; linkage=7; visibility=0; MemPort=[2]; IO mode=ap_memory:ce=0
Port [ line_buffer_Array_V_1_1_25]:  wired=0; compound=1; hidden=1; nouse=1; global=1; static=1; extern=0; dir=3; type=1; pingpong=0; private_global=0; linkage=7; visibility=0; MemPort=[2]; IO mode=ap_memory:ce=0
Port [ line_buffer_Array_V_1_1_26]:  wired=0; compound=1; hidden=1; nouse=1; global=1; static=1; extern=0; dir=3; type=1; pingpong=0; private_global=0; linkage=7; visibility=0; MemPort=[2]; IO mode=ap_memory:ce=0
Port [ line_buffer_Array_V_1_1_27]:  wired=0; compound=1; hidden=1; nouse=1; global=1; static=1; extern=0; dir=3; type=1; pingpong=0; private_global=0; linkage=7; visibility=0; MemPort=[2]; IO mode=ap_memory:ce=0
Port [ line_buffer_Array_V_1_1_28]:  wired=0; compound=1; hidden=1; nouse=1; global=1; static=1; extern=0; dir=3; type=1; pingpong=0; private_global=0; linkage=7; visibility=0; MemPort=[2]; IO mode=ap_memory:ce=0
Port [ line_buffer_Array_V_1_1_29]:  wired=0; compound=1; hidden=1; nouse=1; global=1; static=1; extern=0; dir=3; type=1; pingpong=0; private_global=0; linkage=7; visibility=0; MemPort=[2]; IO mode=ap_memory:ce=0
Port [ line_buffer_Array_V_1_1_30]:  wired=0; compound=1; hidden=1; nouse=1; global=1; static=1; extern=0; dir=3; type=1; pingpong=0; private_global=0; linkage=7; visibility=0; MemPort=[2]; IO mode=ap_memory:ce=0
Port [ line_buffer_Array_V_1_1_31]:  wired=0; compound=1; hidden=1; nouse=1; global=1; static=1; extern=0; dir=3; type=1; pingpong=0; private_global=0; linkage=7; visibility=0; MemPort=[2]; IO mode=ap_memory:ce=0
Port [ w12_V]:  wired=0; compound=1; hidden=1; nouse=1; global=1; static=1; extern=0; dir=0; type=1; pingpong=0; private_global=0; linkage=7; visibility=0; MemPort=[1]; IO mode=ap_memory:ce=0
---------------- STG Properties END ------------------

---------------- Datapath Model BEGIN ----------------

<LifeTime>
<method=bitvector/>
in_local_V_data_0_V      (alloca              ) [ 0011111111]
in_local_V_data_1_V      (alloca              ) [ 0011111111]
in_local_V_data_2_V      (alloca              ) [ 0011111111]
out_local_V_data_0_V     (alloca              ) [ 0011111111]
out_local_V_data_1_V     (alloca              ) [ 0011111111]
out_local_V_data_2_V     (alloca              ) [ 0011111111]
out_local_V_data_3_V     (alloca              ) [ 0011111111]
out_local_V_data_4_V     (alloca              ) [ 0011111111]
out_local_V_data_5_V     (alloca              ) [ 0011111111]
out_local_V_data_6_V     (alloca              ) [ 0011111111]
out_local_V_data_7_V     (alloca              ) [ 0011111111]
out_local_V_data_8_V     (alloca              ) [ 0011111111]
out_local_V_data_9_V     (alloca              ) [ 0011111111]
tmp_data_V_0             (alloca              ) [ 0011111110]
tmp_data_V_1             (alloca              ) [ 0011111110]
tmp_data_V_2             (alloca              ) [ 0011111110]
tmp_data_V_3             (alloca              ) [ 0011111110]
tmp_data_V_4             (alloca              ) [ 0011111110]
tmp_data_V_5             (alloca              ) [ 0011111110]
tmp_data_V_6             (alloca              ) [ 0011111110]
tmp_data_V_7             (alloca              ) [ 0011111110]
tmp_data_V_8             (alloca              ) [ 0011111110]
tmp_data_V_9             (alloca              ) [ 0011111110]
is_last_0_i_loc_channel  (call                ) [ 0000111110]
call_ln27                (call                ) [ 0000000000]
call_ln0                 (call                ) [ 0000000000]
call_ln0                 (call                ) [ 0000000000]
specdataflowpipeline_ln8 (specdataflowpipeline) [ 0000000000]
specbitsmap_ln0          (specbitsmap         ) [ 0000000000]
specbitsmap_ln0          (specbitsmap         ) [ 0000000000]
specbitsmap_ln0          (specbitsmap         ) [ 0000000000]
specbitsmap_ln0          (specbitsmap         ) [ 0000000000]
spectopmodule_ln0        (spectopmodule       ) [ 0000000000]
empty                    (specchannel         ) [ 0000000000]
specinterface_ln0        (specinterface       ) [ 0000000000]
empty_43                 (specchannel         ) [ 0000000000]
specinterface_ln0        (specinterface       ) [ 0000000000]
empty_44                 (specchannel         ) [ 0000000000]
specinterface_ln0        (specinterface       ) [ 0000000000]
empty_45                 (specchannel         ) [ 0000000000]
specinterface_ln0        (specinterface       ) [ 0000000000]
empty_46                 (specchannel         ) [ 0000000000]
specinterface_ln0        (specinterface       ) [ 0000000000]
empty_47                 (specchannel         ) [ 0000000000]
specinterface_ln0        (specinterface       ) [ 0000000000]
empty_48                 (specchannel         ) [ 0000000000]
specinterface_ln0        (specinterface       ) [ 0000000000]
empty_49                 (specchannel         ) [ 0000000000]
specinterface_ln0        (specinterface       ) [ 0000000000]
empty_50                 (specchannel         ) [ 0000000000]
specinterface_ln0        (specinterface       ) [ 0000000000]
empty_51                 (specchannel         ) [ 0000000000]
specinterface_ln0        (specinterface       ) [ 0000000000]
empty_52                 (specchannel         ) [ 0000000000]
specinterface_ln0        (specinterface       ) [ 0000000000]
empty_53                 (specchannel         ) [ 0000000000]
specinterface_ln0        (specinterface       ) [ 0000000000]
empty_54                 (specchannel         ) [ 0000000000]
specinterface_ln0        (specinterface       ) [ 0000000000]
specinterface_ln5        (specinterface       ) [ 0000000000]
specinterface_ln6        (specinterface       ) [ 0000000000]
specinterface_ln7        (specinterface       ) [ 0000000000]
ret_ln36                 (ret                 ) [ 0000000000]
</LifeTime>

<model>

<comp_list>
<comp id="0" class="1000" name="in_data">
<pin_list>
<pin id="1" dir="1" index="0" bw="1" slack="0"/>
</pin_list>
<bind>
<StgValue><ssdm name="in_data"/></StgValue>
</bind>
</comp>

<comp id="2" class="1000" name="in_last_V">
<pin_list>
<pin id="3" dir="1" index="0" bw="1" slack="0"/>
</pin_list>
<bind>
<StgValue><ssdm name="in_last_V"/></StgValue>
</bind>
</comp>

<comp id="4" class="1000" name="out_data">
<pin_list>
<pin id="5" dir="1" index="0" bw="1" slack="0"/>
</pin_list>
<bind>
<StgValue><ssdm name="out_data"/></StgValue>
</bind>
</comp>

<comp id="6" class="1000" name="out_last_V">
<pin_list>
<pin id="7" dir="1" index="0" bw="1" slack="0"/>
</pin_list>
<bind>
<StgValue><ssdm name="out_last_V"/></StgValue>
</bind>
</comp>

<comp id="8" class="1000" name="kernel_data_V_2_7">
<pin_list>
<pin id="9" dir="1" index="0" bw="1" slack="0"/>
</pin_list>
<bind>
<StgValue><ssdm name="kernel_data_V_2_7"/></StgValue>
</bind>
</comp>

<comp id="10" class="1000" name="kernel_data_V_2_8">
<pin_list>
<pin id="11" dir="1" index="0" bw="1" slack="0"/>
</pin_list>
<bind>
<StgValue><ssdm name="kernel_data_V_2_8"/></StgValue>
</bind>
</comp>

<comp id="12" class="1000" name="kernel_data_V_2_16">
<pin_list>
<pin id="13" dir="1" index="0" bw="1" slack="0"/>
</pin_list>
<bind>
<StgValue><ssdm name="kernel_data_V_2_16"/></StgValue>
</bind>
</comp>

<comp id="14" class="1000" name="kernel_data_V_2_17">
<pin_list>
<pin id="15" dir="1" index="0" bw="1" slack="0"/>
</pin_list>
<bind>
<StgValue><ssdm name="kernel_data_V_2_17"/></StgValue>
</bind>
</comp>

<comp id="16" class="1000" name="kernel_data_V_2_25">
<pin_list>
<pin id="17" dir="1" index="0" bw="1" slack="0"/>
</pin_list>
<bind>
<StgValue><ssdm name="kernel_data_V_2_25"/></StgValue>
</bind>
</comp>

<comp id="18" class="1000" name="kernel_data_V_2_26">
<pin_list>
<pin id="19" dir="1" index="0" bw="1" slack="0"/>
</pin_list>
<bind>
<StgValue><ssdm name="kernel_data_V_2_26"/></StgValue>
</bind>
</comp>

<comp id="20" class="1000" name="kernel_data_V_2_15">
<pin_list>
<pin id="21" dir="1" index="0" bw="1" slack="0"/>
</pin_list>
<bind>
<StgValue><ssdm name="kernel_data_V_2_15"/></StgValue>
</bind>
</comp>

<comp id="22" class="1000" name="kernel_data_V_2_3">
<pin_list>
<pin id="23" dir="1" index="0" bw="1" slack="0"/>
</pin_list>
<bind>
<StgValue><ssdm name="kernel_data_V_2_3"/></StgValue>
</bind>
</comp>

<comp id="24" class="1000" name="kernel_data_V_2_6">
<pin_list>
<pin id="25" dir="1" index="0" bw="1" slack="0"/>
</pin_list>
<bind>
<StgValue><ssdm name="kernel_data_V_2_6"/></StgValue>
</bind>
</comp>

<comp id="26" class="1000" name="kernel_data_V_2_4">
<pin_list>
<pin id="27" dir="1" index="0" bw="1" slack="0"/>
</pin_list>
<bind>
<StgValue><ssdm name="kernel_data_V_2_4"/></StgValue>
</bind>
</comp>

<comp id="28" class="1000" name="kernel_data_V_2_5">
<pin_list>
<pin id="29" dir="1" index="0" bw="1" slack="0"/>
</pin_list>
<bind>
<StgValue><ssdm name="kernel_data_V_2_5"/></StgValue>
</bind>
</comp>

<comp id="30" class="1000" name="kernel_data_V_2_12">
<pin_list>
<pin id="31" dir="1" index="0" bw="1" slack="0"/>
</pin_list>
<bind>
<StgValue><ssdm name="kernel_data_V_2_12"/></StgValue>
</bind>
</comp>

<comp id="32" class="1000" name="kernel_data_V_2_13">
<pin_list>
<pin id="33" dir="1" index="0" bw="1" slack="0"/>
</pin_list>
<bind>
<StgValue><ssdm name="kernel_data_V_2_13"/></StgValue>
</bind>
</comp>

<comp id="34" class="1000" name="kernel_data_V_2_14">
<pin_list>
<pin id="35" dir="1" index="0" bw="1" slack="0"/>
</pin_list>
<bind>
<StgValue><ssdm name="kernel_data_V_2_14"/></StgValue>
</bind>
</comp>

<comp id="36" class="1000" name="kernel_data_V_2_21">
<pin_list>
<pin id="37" dir="1" index="0" bw="1" slack="0"/>
</pin_list>
<bind>
<StgValue><ssdm name="kernel_data_V_2_21"/></StgValue>
</bind>
</comp>

<comp id="38" class="1000" name="kernel_data_V_2_24">
<pin_list>
<pin id="39" dir="1" index="0" bw="1" slack="0"/>
</pin_list>
<bind>
<StgValue><ssdm name="kernel_data_V_2_24"/></StgValue>
</bind>
</comp>

<comp id="40" class="1000" name="kernel_data_V_2_22">
<pin_list>
<pin id="41" dir="1" index="0" bw="1" slack="0"/>
</pin_list>
<bind>
<StgValue><ssdm name="kernel_data_V_2_22"/></StgValue>
</bind>
</comp>

<comp id="42" class="1000" name="kernel_data_V_2_23">
<pin_list>
<pin id="43" dir="1" index="0" bw="1" slack="0"/>
</pin_list>
<bind>
<StgValue><ssdm name="kernel_data_V_2_23"/></StgValue>
</bind>
</comp>

<comp id="44" class="1000" name="sX">
<pin_list>
<pin id="45" dir="1" index="0" bw="1" slack="0"/>
</pin_list>
<bind>
<StgValue><ssdm name="sX"/></StgValue>
</bind>
</comp>

<comp id="46" class="1000" name="sY">
<pin_list>
<pin id="47" dir="1" index="0" bw="1" slack="0"/>
</pin_list>
<bind>
<StgValue><ssdm name="sY"/></StgValue>
</bind>
</comp>

<comp id="48" class="1000" name="pY">
<pin_list>
<pin id="49" dir="1" index="0" bw="1" slack="0"/>
</pin_list>
<bind>
<StgValue><ssdm name="pY"/></StgValue>
</bind>
</comp>

<comp id="50" class="1000" name="pX">
<pin_list>
<pin id="51" dir="1" index="0" bw="1" slack="0"/>
</pin_list>
<bind>
<StgValue><ssdm name="pX"/></StgValue>
</bind>
</comp>

<comp id="52" class="1000" name="outidx4">
<pin_list>
<pin id="53" dir="1" index="0" bw="1" slack="0"/>
</pin_list>
<bind>
<StgValue><ssdm name="outidx4"/><MemPortTyVec>1 </MemPortTyVec>
</StgValue>
</bind>
</comp>

<comp id="54" class="1000" name="kernel_data_V_2_0">
<pin_list>
<pin id="55" dir="1" index="0" bw="1" slack="0"/>
</pin_list>
<bind>
<StgValue><ssdm name="kernel_data_V_2_0"/></StgValue>
</bind>
</comp>

<comp id="56" class="1000" name="kernel_data_V_2_1">
<pin_list>
<pin id="57" dir="1" index="0" bw="1" slack="0"/>
</pin_list>
<bind>
<StgValue><ssdm name="kernel_data_V_2_1"/></StgValue>
</bind>
</comp>

<comp id="58" class="1000" name="kernel_data_V_2_2">
<pin_list>
<pin id="59" dir="1" index="0" bw="1" slack="0"/>
</pin_list>
<bind>
<StgValue><ssdm name="kernel_data_V_2_2"/></StgValue>
</bind>
</comp>

<comp id="60" class="1000" name="kernel_data_V_2_9">
<pin_list>
<pin id="61" dir="1" index="0" bw="1" slack="0"/>
</pin_list>
<bind>
<StgValue><ssdm name="kernel_data_V_2_9"/></StgValue>
</bind>
</comp>

<comp id="62" class="1000" name="kernel_data_V_2_10">
<pin_list>
<pin id="63" dir="1" index="0" bw="1" slack="0"/>
</pin_list>
<bind>
<StgValue><ssdm name="kernel_data_V_2_10"/></StgValue>
</bind>
</comp>

<comp id="64" class="1000" name="kernel_data_V_2_11">
<pin_list>
<pin id="65" dir="1" index="0" bw="1" slack="0"/>
</pin_list>
<bind>
<StgValue><ssdm name="kernel_data_V_2_11"/></StgValue>
</bind>
</comp>

<comp id="66" class="1000" name="kernel_data_V_2_18">
<pin_list>
<pin id="67" dir="1" index="0" bw="1" slack="0"/>
</pin_list>
<bind>
<StgValue><ssdm name="kernel_data_V_2_18"/></StgValue>
</bind>
</comp>

<comp id="68" class="1000" name="kernel_data_V_2_19">
<pin_list>
<pin id="69" dir="1" index="0" bw="1" slack="0"/>
</pin_list>
<bind>
<StgValue><ssdm name="kernel_data_V_2_19"/></StgValue>
</bind>
</comp>

<comp id="70" class="1000" name="kernel_data_V_2_20">
<pin_list>
<pin id="71" dir="1" index="0" bw="1" slack="0"/>
</pin_list>
<bind>
<StgValue><ssdm name="kernel_data_V_2_20"/></StgValue>
</bind>
</comp>

<comp id="72" class="1000" name="w2_V">
<pin_list>
<pin id="73" dir="1" index="0" bw="1" slack="0"/>
</pin_list>
<bind>
<StgValue><ssdm name="w2_V"/><MemPortTyVec>1 </MemPortTyVec>
</StgValue>
</bind>
</comp>

<comp id="74" class="1000" name="line_buffer_Array_V_2_0_0">
<pin_list>
<pin id="75" dir="1" index="0" bw="1" slack="0"/>
</pin_list>
<bind>
<StgValue><ssdm name="line_buffer_Array_V_2_0_0"/><MemPortTyVec>2 </MemPortTyVec>
</StgValue>
</bind>
</comp>

<comp id="76" class="1000" name="line_buffer_Array_V_2_0_1">
<pin_list>
<pin id="77" dir="1" index="0" bw="1" slack="0"/>
</pin_list>
<bind>
<StgValue><ssdm name="line_buffer_Array_V_2_0_1"/><MemPortTyVec>2 </MemPortTyVec>
</StgValue>
</bind>
</comp>

<comp id="78" class="1000" name="line_buffer_Array_V_2_0_2">
<pin_list>
<pin id="79" dir="1" index="0" bw="1" slack="0"/>
</pin_list>
<bind>
<StgValue><ssdm name="line_buffer_Array_V_2_0_2"/><MemPortTyVec>2 </MemPortTyVec>
</StgValue>
</bind>
</comp>

<comp id="80" class="1000" name="line_buffer_Array_V_2_1_0">
<pin_list>
<pin id="81" dir="1" index="0" bw="1" slack="0"/>
</pin_list>
<bind>
<StgValue><ssdm name="line_buffer_Array_V_2_1_0"/><MemPortTyVec>2 </MemPortTyVec>
</StgValue>
</bind>
</comp>

<comp id="82" class="1000" name="line_buffer_Array_V_2_1_1">
<pin_list>
<pin id="83" dir="1" index="0" bw="1" slack="0"/>
</pin_list>
<bind>
<StgValue><ssdm name="line_buffer_Array_V_2_1_1"/><MemPortTyVec>2 </MemPortTyVec>
</StgValue>
</bind>
</comp>

<comp id="84" class="1000" name="line_buffer_Array_V_2_1_2">
<pin_list>
<pin id="85" dir="1" index="0" bw="1" slack="0"/>
</pin_list>
<bind>
<StgValue><ssdm name="line_buffer_Array_V_2_1_2"/><MemPortTyVec>2 </MemPortTyVec>
</StgValue>
</bind>
</comp>

<comp id="86" class="1000" name="kernel_data_V_64">
<pin_list>
<pin id="87" dir="1" index="0" bw="1" slack="0"/>
</pin_list>
<bind>
<StgValue><ssdm name="kernel_data_V_64"/></StgValue>
</bind>
</comp>

<comp id="88" class="1000" name="kernel_data_V_65">
<pin_list>
<pin id="89" dir="1" index="0" bw="1" slack="0"/>
</pin_list>
<bind>
<StgValue><ssdm name="kernel_data_V_65"/></StgValue>
</bind>
</comp>

<comp id="90" class="1000" name="kernel_data_V_66">
<pin_list>
<pin id="91" dir="1" index="0" bw="1" slack="0"/>
</pin_list>
<bind>
<StgValue><ssdm name="kernel_data_V_66"/></StgValue>
</bind>
</comp>

<comp id="92" class="1000" name="kernel_data_V_67">
<pin_list>
<pin id="93" dir="1" index="0" bw="1" slack="0"/>
</pin_list>
<bind>
<StgValue><ssdm name="kernel_data_V_67"/></StgValue>
</bind>
</comp>

<comp id="94" class="1000" name="kernel_data_V_68">
<pin_list>
<pin id="95" dir="1" index="0" bw="1" slack="0"/>
</pin_list>
<bind>
<StgValue><ssdm name="kernel_data_V_68"/></StgValue>
</bind>
</comp>

<comp id="96" class="1000" name="kernel_data_V_69">
<pin_list>
<pin id="97" dir="1" index="0" bw="1" slack="0"/>
</pin_list>
<bind>
<StgValue><ssdm name="kernel_data_V_69"/></StgValue>
</bind>
</comp>

<comp id="98" class="1000" name="kernel_data_V_70">
<pin_list>
<pin id="99" dir="1" index="0" bw="1" slack="0"/>
</pin_list>
<bind>
<StgValue><ssdm name="kernel_data_V_70"/></StgValue>
</bind>
</comp>

<comp id="100" class="1000" name="kernel_data_V_71">
<pin_list>
<pin id="101" dir="1" index="0" bw="1" slack="0"/>
</pin_list>
<bind>
<StgValue><ssdm name="kernel_data_V_71"/></StgValue>
</bind>
</comp>

<comp id="102" class="1000" name="kernel_data_V_72">
<pin_list>
<pin id="103" dir="1" index="0" bw="1" slack="0"/>
</pin_list>
<bind>
<StgValue><ssdm name="kernel_data_V_72"/></StgValue>
</bind>
</comp>

<comp id="104" class="1000" name="kernel_data_V_73">
<pin_list>
<pin id="105" dir="1" index="0" bw="1" slack="0"/>
</pin_list>
<bind>
<StgValue><ssdm name="kernel_data_V_73"/></StgValue>
</bind>
</comp>

<comp id="106" class="1000" name="kernel_data_V_74">
<pin_list>
<pin id="107" dir="1" index="0" bw="1" slack="0"/>
</pin_list>
<bind>
<StgValue><ssdm name="kernel_data_V_74"/></StgValue>
</bind>
</comp>

<comp id="108" class="1000" name="kernel_data_V_75">
<pin_list>
<pin id="109" dir="1" index="0" bw="1" slack="0"/>
</pin_list>
<bind>
<StgValue><ssdm name="kernel_data_V_75"/></StgValue>
</bind>
</comp>

<comp id="110" class="1000" name="kernel_data_V_76">
<pin_list>
<pin id="111" dir="1" index="0" bw="1" slack="0"/>
</pin_list>
<bind>
<StgValue><ssdm name="kernel_data_V_76"/></StgValue>
</bind>
</comp>

<comp id="112" class="1000" name="kernel_data_V_77">
<pin_list>
<pin id="113" dir="1" index="0" bw="1" slack="0"/>
</pin_list>
<bind>
<StgValue><ssdm name="kernel_data_V_77"/></StgValue>
</bind>
</comp>

<comp id="114" class="1000" name="kernel_data_V_78">
<pin_list>
<pin id="115" dir="1" index="0" bw="1" slack="0"/>
</pin_list>
<bind>
<StgValue><ssdm name="kernel_data_V_78"/></StgValue>
</bind>
</comp>

<comp id="116" class="1000" name="kernel_data_V_79">
<pin_list>
<pin id="117" dir="1" index="0" bw="1" slack="0"/>
</pin_list>
<bind>
<StgValue><ssdm name="kernel_data_V_79"/></StgValue>
</bind>
</comp>

<comp id="118" class="1000" name="kernel_data_V_80">
<pin_list>
<pin id="119" dir="1" index="0" bw="1" slack="0"/>
</pin_list>
<bind>
<StgValue><ssdm name="kernel_data_V_80"/></StgValue>
</bind>
</comp>

<comp id="120" class="1000" name="kernel_data_V_81">
<pin_list>
<pin id="121" dir="1" index="0" bw="1" slack="0"/>
</pin_list>
<bind>
<StgValue><ssdm name="kernel_data_V_81"/></StgValue>
</bind>
</comp>

<comp id="122" class="1000" name="kernel_data_V_82">
<pin_list>
<pin id="123" dir="1" index="0" bw="1" slack="0"/>
</pin_list>
<bind>
<StgValue><ssdm name="kernel_data_V_82"/></StgValue>
</bind>
</comp>

<comp id="124" class="1000" name="kernel_data_V_83">
<pin_list>
<pin id="125" dir="1" index="0" bw="1" slack="0"/>
</pin_list>
<bind>
<StgValue><ssdm name="kernel_data_V_83"/></StgValue>
</bind>
</comp>

<comp id="126" class="1000" name="kernel_data_V_84">
<pin_list>
<pin id="127" dir="1" index="0" bw="1" slack="0"/>
</pin_list>
<bind>
<StgValue><ssdm name="kernel_data_V_84"/></StgValue>
</bind>
</comp>

<comp id="128" class="1000" name="kernel_data_V_85">
<pin_list>
<pin id="129" dir="1" index="0" bw="1" slack="0"/>
</pin_list>
<bind>
<StgValue><ssdm name="kernel_data_V_85"/></StgValue>
</bind>
</comp>

<comp id="130" class="1000" name="kernel_data_V_86">
<pin_list>
<pin id="131" dir="1" index="0" bw="1" slack="0"/>
</pin_list>
<bind>
<StgValue><ssdm name="kernel_data_V_86"/></StgValue>
</bind>
</comp>

<comp id="132" class="1000" name="kernel_data_V_87">
<pin_list>
<pin id="133" dir="1" index="0" bw="1" slack="0"/>
</pin_list>
<bind>
<StgValue><ssdm name="kernel_data_V_87"/></StgValue>
</bind>
</comp>

<comp id="134" class="1000" name="kernel_data_V_88">
<pin_list>
<pin id="135" dir="1" index="0" bw="1" slack="0"/>
</pin_list>
<bind>
<StgValue><ssdm name="kernel_data_V_88"/></StgValue>
</bind>
</comp>

<comp id="136" class="1000" name="kernel_data_V_89">
<pin_list>
<pin id="137" dir="1" index="0" bw="1" slack="0"/>
</pin_list>
<bind>
<StgValue><ssdm name="kernel_data_V_89"/></StgValue>
</bind>
</comp>

<comp id="138" class="1000" name="kernel_data_V_90">
<pin_list>
<pin id="139" dir="1" index="0" bw="1" slack="0"/>
</pin_list>
<bind>
<StgValue><ssdm name="kernel_data_V_90"/></StgValue>
</bind>
</comp>

<comp id="140" class="1000" name="kernel_data_V_91">
<pin_list>
<pin id="141" dir="1" index="0" bw="1" slack="0"/>
</pin_list>
<bind>
<StgValue><ssdm name="kernel_data_V_91"/></StgValue>
</bind>
</comp>

<comp id="142" class="1000" name="kernel_data_V_92">
<pin_list>
<pin id="143" dir="1" index="0" bw="1" slack="0"/>
</pin_list>
<bind>
<StgValue><ssdm name="kernel_data_V_92"/></StgValue>
</bind>
</comp>

<comp id="144" class="1000" name="kernel_data_V_93">
<pin_list>
<pin id="145" dir="1" index="0" bw="1" slack="0"/>
</pin_list>
<bind>
<StgValue><ssdm name="kernel_data_V_93"/></StgValue>
</bind>
</comp>

<comp id="146" class="1000" name="kernel_data_V_94">
<pin_list>
<pin id="147" dir="1" index="0" bw="1" slack="0"/>
</pin_list>
<bind>
<StgValue><ssdm name="kernel_data_V_94"/></StgValue>
</bind>
</comp>

<comp id="148" class="1000" name="kernel_data_V_95">
<pin_list>
<pin id="149" dir="1" index="0" bw="1" slack="0"/>
</pin_list>
<bind>
<StgValue><ssdm name="kernel_data_V_95"/></StgValue>
</bind>
</comp>

<comp id="150" class="1000" name="kernel_data_V_160">
<pin_list>
<pin id="151" dir="1" index="0" bw="1" slack="0"/>
</pin_list>
<bind>
<StgValue><ssdm name="kernel_data_V_160"/></StgValue>
</bind>
</comp>

<comp id="152" class="1000" name="kernel_data_V_161">
<pin_list>
<pin id="153" dir="1" index="0" bw="1" slack="0"/>
</pin_list>
<bind>
<StgValue><ssdm name="kernel_data_V_161"/></StgValue>
</bind>
</comp>

<comp id="154" class="1000" name="kernel_data_V_162">
<pin_list>
<pin id="155" dir="1" index="0" bw="1" slack="0"/>
</pin_list>
<bind>
<StgValue><ssdm name="kernel_data_V_162"/></StgValue>
</bind>
</comp>

<comp id="156" class="1000" name="kernel_data_V_163">
<pin_list>
<pin id="157" dir="1" index="0" bw="1" slack="0"/>
</pin_list>
<bind>
<StgValue><ssdm name="kernel_data_V_163"/></StgValue>
</bind>
</comp>

<comp id="158" class="1000" name="kernel_data_V_164">
<pin_list>
<pin id="159" dir="1" index="0" bw="1" slack="0"/>
</pin_list>
<bind>
<StgValue><ssdm name="kernel_data_V_164"/></StgValue>
</bind>
</comp>

<comp id="160" class="1000" name="kernel_data_V_165">
<pin_list>
<pin id="161" dir="1" index="0" bw="1" slack="0"/>
</pin_list>
<bind>
<StgValue><ssdm name="kernel_data_V_165"/></StgValue>
</bind>
</comp>

<comp id="162" class="1000" name="kernel_data_V_166">
<pin_list>
<pin id="163" dir="1" index="0" bw="1" slack="0"/>
</pin_list>
<bind>
<StgValue><ssdm name="kernel_data_V_166"/></StgValue>
</bind>
</comp>

<comp id="164" class="1000" name="kernel_data_V_167">
<pin_list>
<pin id="165" dir="1" index="0" bw="1" slack="0"/>
</pin_list>
<bind>
<StgValue><ssdm name="kernel_data_V_167"/></StgValue>
</bind>
</comp>

<comp id="166" class="1000" name="kernel_data_V_168">
<pin_list>
<pin id="167" dir="1" index="0" bw="1" slack="0"/>
</pin_list>
<bind>
<StgValue><ssdm name="kernel_data_V_168"/></StgValue>
</bind>
</comp>

<comp id="168" class="1000" name="kernel_data_V_169">
<pin_list>
<pin id="169" dir="1" index="0" bw="1" slack="0"/>
</pin_list>
<bind>
<StgValue><ssdm name="kernel_data_V_169"/></StgValue>
</bind>
</comp>

<comp id="170" class="1000" name="kernel_data_V_170">
<pin_list>
<pin id="171" dir="1" index="0" bw="1" slack="0"/>
</pin_list>
<bind>
<StgValue><ssdm name="kernel_data_V_170"/></StgValue>
</bind>
</comp>

<comp id="172" class="1000" name="kernel_data_V_171">
<pin_list>
<pin id="173" dir="1" index="0" bw="1" slack="0"/>
</pin_list>
<bind>
<StgValue><ssdm name="kernel_data_V_171"/></StgValue>
</bind>
</comp>

<comp id="174" class="1000" name="kernel_data_V_172">
<pin_list>
<pin id="175" dir="1" index="0" bw="1" slack="0"/>
</pin_list>
<bind>
<StgValue><ssdm name="kernel_data_V_172"/></StgValue>
</bind>
</comp>

<comp id="176" class="1000" name="kernel_data_V_173">
<pin_list>
<pin id="177" dir="1" index="0" bw="1" slack="0"/>
</pin_list>
<bind>
<StgValue><ssdm name="kernel_data_V_173"/></StgValue>
</bind>
</comp>

<comp id="178" class="1000" name="kernel_data_V_174">
<pin_list>
<pin id="179" dir="1" index="0" bw="1" slack="0"/>
</pin_list>
<bind>
<StgValue><ssdm name="kernel_data_V_174"/></StgValue>
</bind>
</comp>

<comp id="180" class="1000" name="kernel_data_V_175">
<pin_list>
<pin id="181" dir="1" index="0" bw="1" slack="0"/>
</pin_list>
<bind>
<StgValue><ssdm name="kernel_data_V_175"/></StgValue>
</bind>
</comp>

<comp id="182" class="1000" name="kernel_data_V_176">
<pin_list>
<pin id="183" dir="1" index="0" bw="1" slack="0"/>
</pin_list>
<bind>
<StgValue><ssdm name="kernel_data_V_176"/></StgValue>
</bind>
</comp>

<comp id="184" class="1000" name="kernel_data_V_177">
<pin_list>
<pin id="185" dir="1" index="0" bw="1" slack="0"/>
</pin_list>
<bind>
<StgValue><ssdm name="kernel_data_V_177"/></StgValue>
</bind>
</comp>

<comp id="186" class="1000" name="kernel_data_V_178">
<pin_list>
<pin id="187" dir="1" index="0" bw="1" slack="0"/>
</pin_list>
<bind>
<StgValue><ssdm name="kernel_data_V_178"/></StgValue>
</bind>
</comp>

<comp id="188" class="1000" name="kernel_data_V_179">
<pin_list>
<pin id="189" dir="1" index="0" bw="1" slack="0"/>
</pin_list>
<bind>
<StgValue><ssdm name="kernel_data_V_179"/></StgValue>
</bind>
</comp>

<comp id="190" class="1000" name="kernel_data_V_180">
<pin_list>
<pin id="191" dir="1" index="0" bw="1" slack="0"/>
</pin_list>
<bind>
<StgValue><ssdm name="kernel_data_V_180"/></StgValue>
</bind>
</comp>

<comp id="192" class="1000" name="kernel_data_V_181">
<pin_list>
<pin id="193" dir="1" index="0" bw="1" slack="0"/>
</pin_list>
<bind>
<StgValue><ssdm name="kernel_data_V_181"/></StgValue>
</bind>
</comp>

<comp id="194" class="1000" name="kernel_data_V_182">
<pin_list>
<pin id="195" dir="1" index="0" bw="1" slack="0"/>
</pin_list>
<bind>
<StgValue><ssdm name="kernel_data_V_182"/></StgValue>
</bind>
</comp>

<comp id="196" class="1000" name="kernel_data_V_183">
<pin_list>
<pin id="197" dir="1" index="0" bw="1" slack="0"/>
</pin_list>
<bind>
<StgValue><ssdm name="kernel_data_V_183"/></StgValue>
</bind>
</comp>

<comp id="198" class="1000" name="kernel_data_V_184">
<pin_list>
<pin id="199" dir="1" index="0" bw="1" slack="0"/>
</pin_list>
<bind>
<StgValue><ssdm name="kernel_data_V_184"/></StgValue>
</bind>
</comp>

<comp id="200" class="1000" name="kernel_data_V_185">
<pin_list>
<pin id="201" dir="1" index="0" bw="1" slack="0"/>
</pin_list>
<bind>
<StgValue><ssdm name="kernel_data_V_185"/></StgValue>
</bind>
</comp>

<comp id="202" class="1000" name="kernel_data_V_186">
<pin_list>
<pin id="203" dir="1" index="0" bw="1" slack="0"/>
</pin_list>
<bind>
<StgValue><ssdm name="kernel_data_V_186"/></StgValue>
</bind>
</comp>

<comp id="204" class="1000" name="kernel_data_V_187">
<pin_list>
<pin id="205" dir="1" index="0" bw="1" slack="0"/>
</pin_list>
<bind>
<StgValue><ssdm name="kernel_data_V_187"/></StgValue>
</bind>
</comp>

<comp id="206" class="1000" name="kernel_data_V_188">
<pin_list>
<pin id="207" dir="1" index="0" bw="1" slack="0"/>
</pin_list>
<bind>
<StgValue><ssdm name="kernel_data_V_188"/></StgValue>
</bind>
</comp>

<comp id="208" class="1000" name="kernel_data_V_189">
<pin_list>
<pin id="209" dir="1" index="0" bw="1" slack="0"/>
</pin_list>
<bind>
<StgValue><ssdm name="kernel_data_V_189"/></StgValue>
</bind>
</comp>

<comp id="210" class="1000" name="kernel_data_V_190">
<pin_list>
<pin id="211" dir="1" index="0" bw="1" slack="0"/>
</pin_list>
<bind>
<StgValue><ssdm name="kernel_data_V_190"/></StgValue>
</bind>
</comp>

<comp id="212" class="1000" name="kernel_data_V_191">
<pin_list>
<pin id="213" dir="1" index="0" bw="1" slack="0"/>
</pin_list>
<bind>
<StgValue><ssdm name="kernel_data_V_191"/></StgValue>
</bind>
</comp>

<comp id="214" class="1000" name="kernel_data_V_256">
<pin_list>
<pin id="215" dir="1" index="0" bw="1" slack="0"/>
</pin_list>
<bind>
<StgValue><ssdm name="kernel_data_V_256"/></StgValue>
</bind>
</comp>

<comp id="216" class="1000" name="kernel_data_V_257">
<pin_list>
<pin id="217" dir="1" index="0" bw="1" slack="0"/>
</pin_list>
<bind>
<StgValue><ssdm name="kernel_data_V_257"/></StgValue>
</bind>
</comp>

<comp id="218" class="1000" name="kernel_data_V_258">
<pin_list>
<pin id="219" dir="1" index="0" bw="1" slack="0"/>
</pin_list>
<bind>
<StgValue><ssdm name="kernel_data_V_258"/></StgValue>
</bind>
</comp>

<comp id="220" class="1000" name="kernel_data_V_259">
<pin_list>
<pin id="221" dir="1" index="0" bw="1" slack="0"/>
</pin_list>
<bind>
<StgValue><ssdm name="kernel_data_V_259"/></StgValue>
</bind>
</comp>

<comp id="222" class="1000" name="kernel_data_V_260">
<pin_list>
<pin id="223" dir="1" index="0" bw="1" slack="0"/>
</pin_list>
<bind>
<StgValue><ssdm name="kernel_data_V_260"/></StgValue>
</bind>
</comp>

<comp id="224" class="1000" name="kernel_data_V_261">
<pin_list>
<pin id="225" dir="1" index="0" bw="1" slack="0"/>
</pin_list>
<bind>
<StgValue><ssdm name="kernel_data_V_261"/></StgValue>
</bind>
</comp>

<comp id="226" class="1000" name="kernel_data_V_262">
<pin_list>
<pin id="227" dir="1" index="0" bw="1" slack="0"/>
</pin_list>
<bind>
<StgValue><ssdm name="kernel_data_V_262"/></StgValue>
</bind>
</comp>

<comp id="228" class="1000" name="kernel_data_V_263">
<pin_list>
<pin id="229" dir="1" index="0" bw="1" slack="0"/>
</pin_list>
<bind>
<StgValue><ssdm name="kernel_data_V_263"/></StgValue>
</bind>
</comp>

<comp id="230" class="1000" name="kernel_data_V_264">
<pin_list>
<pin id="231" dir="1" index="0" bw="1" slack="0"/>
</pin_list>
<bind>
<StgValue><ssdm name="kernel_data_V_264"/></StgValue>
</bind>
</comp>

<comp id="232" class="1000" name="kernel_data_V_265">
<pin_list>
<pin id="233" dir="1" index="0" bw="1" slack="0"/>
</pin_list>
<bind>
<StgValue><ssdm name="kernel_data_V_265"/></StgValue>
</bind>
</comp>

<comp id="234" class="1000" name="kernel_data_V_266">
<pin_list>
<pin id="235" dir="1" index="0" bw="1" slack="0"/>
</pin_list>
<bind>
<StgValue><ssdm name="kernel_data_V_266"/></StgValue>
</bind>
</comp>

<comp id="236" class="1000" name="kernel_data_V_267">
<pin_list>
<pin id="237" dir="1" index="0" bw="1" slack="0"/>
</pin_list>
<bind>
<StgValue><ssdm name="kernel_data_V_267"/></StgValue>
</bind>
</comp>

<comp id="238" class="1000" name="kernel_data_V_268">
<pin_list>
<pin id="239" dir="1" index="0" bw="1" slack="0"/>
</pin_list>
<bind>
<StgValue><ssdm name="kernel_data_V_268"/></StgValue>
</bind>
</comp>

<comp id="240" class="1000" name="kernel_data_V_269">
<pin_list>
<pin id="241" dir="1" index="0" bw="1" slack="0"/>
</pin_list>
<bind>
<StgValue><ssdm name="kernel_data_V_269"/></StgValue>
</bind>
</comp>

<comp id="242" class="1000" name="kernel_data_V_270">
<pin_list>
<pin id="243" dir="1" index="0" bw="1" slack="0"/>
</pin_list>
<bind>
<StgValue><ssdm name="kernel_data_V_270"/></StgValue>
</bind>
</comp>

<comp id="244" class="1000" name="kernel_data_V_271">
<pin_list>
<pin id="245" dir="1" index="0" bw="1" slack="0"/>
</pin_list>
<bind>
<StgValue><ssdm name="kernel_data_V_271"/></StgValue>
</bind>
</comp>

<comp id="246" class="1000" name="kernel_data_V_272">
<pin_list>
<pin id="247" dir="1" index="0" bw="1" slack="0"/>
</pin_list>
<bind>
<StgValue><ssdm name="kernel_data_V_272"/></StgValue>
</bind>
</comp>

<comp id="248" class="1000" name="kernel_data_V_273">
<pin_list>
<pin id="249" dir="1" index="0" bw="1" slack="0"/>
</pin_list>
<bind>
<StgValue><ssdm name="kernel_data_V_273"/></StgValue>
</bind>
</comp>

<comp id="250" class="1000" name="kernel_data_V_274">
<pin_list>
<pin id="251" dir="1" index="0" bw="1" slack="0"/>
</pin_list>
<bind>
<StgValue><ssdm name="kernel_data_V_274"/></StgValue>
</bind>
</comp>

<comp id="252" class="1000" name="kernel_data_V_275">
<pin_list>
<pin id="253" dir="1" index="0" bw="1" slack="0"/>
</pin_list>
<bind>
<StgValue><ssdm name="kernel_data_V_275"/></StgValue>
</bind>
</comp>

<comp id="254" class="1000" name="kernel_data_V_276">
<pin_list>
<pin id="255" dir="1" index="0" bw="1" slack="0"/>
</pin_list>
<bind>
<StgValue><ssdm name="kernel_data_V_276"/></StgValue>
</bind>
</comp>

<comp id="256" class="1000" name="kernel_data_V_277">
<pin_list>
<pin id="257" dir="1" index="0" bw="1" slack="0"/>
</pin_list>
<bind>
<StgValue><ssdm name="kernel_data_V_277"/></StgValue>
</bind>
</comp>

<comp id="258" class="1000" name="kernel_data_V_278">
<pin_list>
<pin id="259" dir="1" index="0" bw="1" slack="0"/>
</pin_list>
<bind>
<StgValue><ssdm name="kernel_data_V_278"/></StgValue>
</bind>
</comp>

<comp id="260" class="1000" name="kernel_data_V_279">
<pin_list>
<pin id="261" dir="1" index="0" bw="1" slack="0"/>
</pin_list>
<bind>
<StgValue><ssdm name="kernel_data_V_279"/></StgValue>
</bind>
</comp>

<comp id="262" class="1000" name="kernel_data_V_280">
<pin_list>
<pin id="263" dir="1" index="0" bw="1" slack="0"/>
</pin_list>
<bind>
<StgValue><ssdm name="kernel_data_V_280"/></StgValue>
</bind>
</comp>

<comp id="264" class="1000" name="kernel_data_V_281">
<pin_list>
<pin id="265" dir="1" index="0" bw="1" slack="0"/>
</pin_list>
<bind>
<StgValue><ssdm name="kernel_data_V_281"/></StgValue>
</bind>
</comp>

<comp id="266" class="1000" name="kernel_data_V_282">
<pin_list>
<pin id="267" dir="1" index="0" bw="1" slack="0"/>
</pin_list>
<bind>
<StgValue><ssdm name="kernel_data_V_282"/></StgValue>
</bind>
</comp>

<comp id="268" class="1000" name="kernel_data_V_283">
<pin_list>
<pin id="269" dir="1" index="0" bw="1" slack="0"/>
</pin_list>
<bind>
<StgValue><ssdm name="kernel_data_V_283"/></StgValue>
</bind>
</comp>

<comp id="270" class="1000" name="kernel_data_V_284">
<pin_list>
<pin id="271" dir="1" index="0" bw="1" slack="0"/>
</pin_list>
<bind>
<StgValue><ssdm name="kernel_data_V_284"/></StgValue>
</bind>
</comp>

<comp id="272" class="1000" name="kernel_data_V_285">
<pin_list>
<pin id="273" dir="1" index="0" bw="1" slack="0"/>
</pin_list>
<bind>
<StgValue><ssdm name="kernel_data_V_285"/></StgValue>
</bind>
</comp>

<comp id="274" class="1000" name="kernel_data_V_286">
<pin_list>
<pin id="275" dir="1" index="0" bw="1" slack="0"/>
</pin_list>
<bind>
<StgValue><ssdm name="kernel_data_V_286"/></StgValue>
</bind>
</comp>

<comp id="276" class="1000" name="kernel_data_V_287">
<pin_list>
<pin id="277" dir="1" index="0" bw="1" slack="0"/>
</pin_list>
<bind>
<StgValue><ssdm name="kernel_data_V_287"/></StgValue>
</bind>
</comp>

<comp id="278" class="1000" name="kernel_data_V_32">
<pin_list>
<pin id="279" dir="1" index="0" bw="1" slack="0"/>
</pin_list>
<bind>
<StgValue><ssdm name="kernel_data_V_32"/></StgValue>
</bind>
</comp>

<comp id="280" class="1000" name="kernel_data_V_33">
<pin_list>
<pin id="281" dir="1" index="0" bw="1" slack="0"/>
</pin_list>
<bind>
<StgValue><ssdm name="kernel_data_V_33"/></StgValue>
</bind>
</comp>

<comp id="282" class="1000" name="kernel_data_V_34">
<pin_list>
<pin id="283" dir="1" index="0" bw="1" slack="0"/>
</pin_list>
<bind>
<StgValue><ssdm name="kernel_data_V_34"/></StgValue>
</bind>
</comp>

<comp id="284" class="1000" name="kernel_data_V_35">
<pin_list>
<pin id="285" dir="1" index="0" bw="1" slack="0"/>
</pin_list>
<bind>
<StgValue><ssdm name="kernel_data_V_35"/></StgValue>
</bind>
</comp>

<comp id="286" class="1000" name="kernel_data_V_36">
<pin_list>
<pin id="287" dir="1" index="0" bw="1" slack="0"/>
</pin_list>
<bind>
<StgValue><ssdm name="kernel_data_V_36"/></StgValue>
</bind>
</comp>

<comp id="288" class="1000" name="kernel_data_V_37">
<pin_list>
<pin id="289" dir="1" index="0" bw="1" slack="0"/>
</pin_list>
<bind>
<StgValue><ssdm name="kernel_data_V_37"/></StgValue>
</bind>
</comp>

<comp id="290" class="1000" name="kernel_data_V_38">
<pin_list>
<pin id="291" dir="1" index="0" bw="1" slack="0"/>
</pin_list>
<bind>
<StgValue><ssdm name="kernel_data_V_38"/></StgValue>
</bind>
</comp>

<comp id="292" class="1000" name="kernel_data_V_39">
<pin_list>
<pin id="293" dir="1" index="0" bw="1" slack="0"/>
</pin_list>
<bind>
<StgValue><ssdm name="kernel_data_V_39"/></StgValue>
</bind>
</comp>

<comp id="294" class="1000" name="kernel_data_V_40">
<pin_list>
<pin id="295" dir="1" index="0" bw="1" slack="0"/>
</pin_list>
<bind>
<StgValue><ssdm name="kernel_data_V_40"/></StgValue>
</bind>
</comp>

<comp id="296" class="1000" name="kernel_data_V_41">
<pin_list>
<pin id="297" dir="1" index="0" bw="1" slack="0"/>
</pin_list>
<bind>
<StgValue><ssdm name="kernel_data_V_41"/></StgValue>
</bind>
</comp>

<comp id="298" class="1000" name="kernel_data_V_42">
<pin_list>
<pin id="299" dir="1" index="0" bw="1" slack="0"/>
</pin_list>
<bind>
<StgValue><ssdm name="kernel_data_V_42"/></StgValue>
</bind>
</comp>

<comp id="300" class="1000" name="kernel_data_V_43">
<pin_list>
<pin id="301" dir="1" index="0" bw="1" slack="0"/>
</pin_list>
<bind>
<StgValue><ssdm name="kernel_data_V_43"/></StgValue>
</bind>
</comp>

<comp id="302" class="1000" name="kernel_data_V_44">
<pin_list>
<pin id="303" dir="1" index="0" bw="1" slack="0"/>
</pin_list>
<bind>
<StgValue><ssdm name="kernel_data_V_44"/></StgValue>
</bind>
</comp>

<comp id="304" class="1000" name="kernel_data_V_45">
<pin_list>
<pin id="305" dir="1" index="0" bw="1" slack="0"/>
</pin_list>
<bind>
<StgValue><ssdm name="kernel_data_V_45"/></StgValue>
</bind>
</comp>

<comp id="306" class="1000" name="kernel_data_V_46">
<pin_list>
<pin id="307" dir="1" index="0" bw="1" slack="0"/>
</pin_list>
<bind>
<StgValue><ssdm name="kernel_data_V_46"/></StgValue>
</bind>
</comp>

<comp id="308" class="1000" name="kernel_data_V_47">
<pin_list>
<pin id="309" dir="1" index="0" bw="1" slack="0"/>
</pin_list>
<bind>
<StgValue><ssdm name="kernel_data_V_47"/></StgValue>
</bind>
</comp>

<comp id="310" class="1000" name="kernel_data_V_48">
<pin_list>
<pin id="311" dir="1" index="0" bw="1" slack="0"/>
</pin_list>
<bind>
<StgValue><ssdm name="kernel_data_V_48"/></StgValue>
</bind>
</comp>

<comp id="312" class="1000" name="kernel_data_V_49">
<pin_list>
<pin id="313" dir="1" index="0" bw="1" slack="0"/>
</pin_list>
<bind>
<StgValue><ssdm name="kernel_data_V_49"/></StgValue>
</bind>
</comp>

<comp id="314" class="1000" name="kernel_data_V_50">
<pin_list>
<pin id="315" dir="1" index="0" bw="1" slack="0"/>
</pin_list>
<bind>
<StgValue><ssdm name="kernel_data_V_50"/></StgValue>
</bind>
</comp>

<comp id="316" class="1000" name="kernel_data_V_51">
<pin_list>
<pin id="317" dir="1" index="0" bw="1" slack="0"/>
</pin_list>
<bind>
<StgValue><ssdm name="kernel_data_V_51"/></StgValue>
</bind>
</comp>

<comp id="318" class="1000" name="kernel_data_V_52">
<pin_list>
<pin id="319" dir="1" index="0" bw="1" slack="0"/>
</pin_list>
<bind>
<StgValue><ssdm name="kernel_data_V_52"/></StgValue>
</bind>
</comp>

<comp id="320" class="1000" name="kernel_data_V_53">
<pin_list>
<pin id="321" dir="1" index="0" bw="1" slack="0"/>
</pin_list>
<bind>
<StgValue><ssdm name="kernel_data_V_53"/></StgValue>
</bind>
</comp>

<comp id="322" class="1000" name="kernel_data_V_54">
<pin_list>
<pin id="323" dir="1" index="0" bw="1" slack="0"/>
</pin_list>
<bind>
<StgValue><ssdm name="kernel_data_V_54"/></StgValue>
</bind>
</comp>

<comp id="324" class="1000" name="kernel_data_V_55">
<pin_list>
<pin id="325" dir="1" index="0" bw="1" slack="0"/>
</pin_list>
<bind>
<StgValue><ssdm name="kernel_data_V_55"/></StgValue>
</bind>
</comp>

<comp id="326" class="1000" name="kernel_data_V_56">
<pin_list>
<pin id="327" dir="1" index="0" bw="1" slack="0"/>
</pin_list>
<bind>
<StgValue><ssdm name="kernel_data_V_56"/></StgValue>
</bind>
</comp>

<comp id="328" class="1000" name="kernel_data_V_57">
<pin_list>
<pin id="329" dir="1" index="0" bw="1" slack="0"/>
</pin_list>
<bind>
<StgValue><ssdm name="kernel_data_V_57"/></StgValue>
</bind>
</comp>

<comp id="330" class="1000" name="kernel_data_V_58">
<pin_list>
<pin id="331" dir="1" index="0" bw="1" slack="0"/>
</pin_list>
<bind>
<StgValue><ssdm name="kernel_data_V_58"/></StgValue>
</bind>
</comp>

<comp id="332" class="1000" name="kernel_data_V_59">
<pin_list>
<pin id="333" dir="1" index="0" bw="1" slack="0"/>
</pin_list>
<bind>
<StgValue><ssdm name="kernel_data_V_59"/></StgValue>
</bind>
</comp>

<comp id="334" class="1000" name="kernel_data_V_60">
<pin_list>
<pin id="335" dir="1" index="0" bw="1" slack="0"/>
</pin_list>
<bind>
<StgValue><ssdm name="kernel_data_V_60"/></StgValue>
</bind>
</comp>

<comp id="336" class="1000" name="kernel_data_V_61">
<pin_list>
<pin id="337" dir="1" index="0" bw="1" slack="0"/>
</pin_list>
<bind>
<StgValue><ssdm name="kernel_data_V_61"/></StgValue>
</bind>
</comp>

<comp id="338" class="1000" name="kernel_data_V_62">
<pin_list>
<pin id="339" dir="1" index="0" bw="1" slack="0"/>
</pin_list>
<bind>
<StgValue><ssdm name="kernel_data_V_62"/></StgValue>
</bind>
</comp>

<comp id="340" class="1000" name="kernel_data_V_63">
<pin_list>
<pin id="341" dir="1" index="0" bw="1" slack="0"/>
</pin_list>
<bind>
<StgValue><ssdm name="kernel_data_V_63"/></StgValue>
</bind>
</comp>

<comp id="342" class="1000" name="kernel_data_V_128">
<pin_list>
<pin id="343" dir="1" index="0" bw="1" slack="0"/>
</pin_list>
<bind>
<StgValue><ssdm name="kernel_data_V_128"/></StgValue>
</bind>
</comp>

<comp id="344" class="1000" name="kernel_data_V_129">
<pin_list>
<pin id="345" dir="1" index="0" bw="1" slack="0"/>
</pin_list>
<bind>
<StgValue><ssdm name="kernel_data_V_129"/></StgValue>
</bind>
</comp>

<comp id="346" class="1000" name="kernel_data_V_130">
<pin_list>
<pin id="347" dir="1" index="0" bw="1" slack="0"/>
</pin_list>
<bind>
<StgValue><ssdm name="kernel_data_V_130"/></StgValue>
</bind>
</comp>

<comp id="348" class="1000" name="kernel_data_V_131">
<pin_list>
<pin id="349" dir="1" index="0" bw="1" slack="0"/>
</pin_list>
<bind>
<StgValue><ssdm name="kernel_data_V_131"/></StgValue>
</bind>
</comp>

<comp id="350" class="1000" name="kernel_data_V_132">
<pin_list>
<pin id="351" dir="1" index="0" bw="1" slack="0"/>
</pin_list>
<bind>
<StgValue><ssdm name="kernel_data_V_132"/></StgValue>
</bind>
</comp>

<comp id="352" class="1000" name="kernel_data_V_133">
<pin_list>
<pin id="353" dir="1" index="0" bw="1" slack="0"/>
</pin_list>
<bind>
<StgValue><ssdm name="kernel_data_V_133"/></StgValue>
</bind>
</comp>

<comp id="354" class="1000" name="kernel_data_V_134">
<pin_list>
<pin id="355" dir="1" index="0" bw="1" slack="0"/>
</pin_list>
<bind>
<StgValue><ssdm name="kernel_data_V_134"/></StgValue>
</bind>
</comp>

<comp id="356" class="1000" name="kernel_data_V_135">
<pin_list>
<pin id="357" dir="1" index="0" bw="1" slack="0"/>
</pin_list>
<bind>
<StgValue><ssdm name="kernel_data_V_135"/></StgValue>
</bind>
</comp>

<comp id="358" class="1000" name="kernel_data_V_136">
<pin_list>
<pin id="359" dir="1" index="0" bw="1" slack="0"/>
</pin_list>
<bind>
<StgValue><ssdm name="kernel_data_V_136"/></StgValue>
</bind>
</comp>

<comp id="360" class="1000" name="kernel_data_V_137">
<pin_list>
<pin id="361" dir="1" index="0" bw="1" slack="0"/>
</pin_list>
<bind>
<StgValue><ssdm name="kernel_data_V_137"/></StgValue>
</bind>
</comp>

<comp id="362" class="1000" name="kernel_data_V_138">
<pin_list>
<pin id="363" dir="1" index="0" bw="1" slack="0"/>
</pin_list>
<bind>
<StgValue><ssdm name="kernel_data_V_138"/></StgValue>
</bind>
</comp>

<comp id="364" class="1000" name="kernel_data_V_139">
<pin_list>
<pin id="365" dir="1" index="0" bw="1" slack="0"/>
</pin_list>
<bind>
<StgValue><ssdm name="kernel_data_V_139"/></StgValue>
</bind>
</comp>

<comp id="366" class="1000" name="kernel_data_V_140">
<pin_list>
<pin id="367" dir="1" index="0" bw="1" slack="0"/>
</pin_list>
<bind>
<StgValue><ssdm name="kernel_data_V_140"/></StgValue>
</bind>
</comp>

<comp id="368" class="1000" name="kernel_data_V_141">
<pin_list>
<pin id="369" dir="1" index="0" bw="1" slack="0"/>
</pin_list>
<bind>
<StgValue><ssdm name="kernel_data_V_141"/></StgValue>
</bind>
</comp>

<comp id="370" class="1000" name="kernel_data_V_142">
<pin_list>
<pin id="371" dir="1" index="0" bw="1" slack="0"/>
</pin_list>
<bind>
<StgValue><ssdm name="kernel_data_V_142"/></StgValue>
</bind>
</comp>

<comp id="372" class="1000" name="kernel_data_V_143">
<pin_list>
<pin id="373" dir="1" index="0" bw="1" slack="0"/>
</pin_list>
<bind>
<StgValue><ssdm name="kernel_data_V_143"/></StgValue>
</bind>
</comp>

<comp id="374" class="1000" name="kernel_data_V_144">
<pin_list>
<pin id="375" dir="1" index="0" bw="1" slack="0"/>
</pin_list>
<bind>
<StgValue><ssdm name="kernel_data_V_144"/></StgValue>
</bind>
</comp>

<comp id="376" class="1000" name="kernel_data_V_145">
<pin_list>
<pin id="377" dir="1" index="0" bw="1" slack="0"/>
</pin_list>
<bind>
<StgValue><ssdm name="kernel_data_V_145"/></StgValue>
</bind>
</comp>

<comp id="378" class="1000" name="kernel_data_V_146">
<pin_list>
<pin id="379" dir="1" index="0" bw="1" slack="0"/>
</pin_list>
<bind>
<StgValue><ssdm name="kernel_data_V_146"/></StgValue>
</bind>
</comp>

<comp id="380" class="1000" name="kernel_data_V_147">
<pin_list>
<pin id="381" dir="1" index="0" bw="1" slack="0"/>
</pin_list>
<bind>
<StgValue><ssdm name="kernel_data_V_147"/></StgValue>
</bind>
</comp>

<comp id="382" class="1000" name="kernel_data_V_148">
<pin_list>
<pin id="383" dir="1" index="0" bw="1" slack="0"/>
</pin_list>
<bind>
<StgValue><ssdm name="kernel_data_V_148"/></StgValue>
</bind>
</comp>

<comp id="384" class="1000" name="kernel_data_V_149">
<pin_list>
<pin id="385" dir="1" index="0" bw="1" slack="0"/>
</pin_list>
<bind>
<StgValue><ssdm name="kernel_data_V_149"/></StgValue>
</bind>
</comp>

<comp id="386" class="1000" name="kernel_data_V_150">
<pin_list>
<pin id="387" dir="1" index="0" bw="1" slack="0"/>
</pin_list>
<bind>
<StgValue><ssdm name="kernel_data_V_150"/></StgValue>
</bind>
</comp>

<comp id="388" class="1000" name="kernel_data_V_151">
<pin_list>
<pin id="389" dir="1" index="0" bw="1" slack="0"/>
</pin_list>
<bind>
<StgValue><ssdm name="kernel_data_V_151"/></StgValue>
</bind>
</comp>

<comp id="390" class="1000" name="kernel_data_V_152">
<pin_list>
<pin id="391" dir="1" index="0" bw="1" slack="0"/>
</pin_list>
<bind>
<StgValue><ssdm name="kernel_data_V_152"/></StgValue>
</bind>
</comp>

<comp id="392" class="1000" name="kernel_data_V_153">
<pin_list>
<pin id="393" dir="1" index="0" bw="1" slack="0"/>
</pin_list>
<bind>
<StgValue><ssdm name="kernel_data_V_153"/></StgValue>
</bind>
</comp>

<comp id="394" class="1000" name="kernel_data_V_154">
<pin_list>
<pin id="395" dir="1" index="0" bw="1" slack="0"/>
</pin_list>
<bind>
<StgValue><ssdm name="kernel_data_V_154"/></StgValue>
</bind>
</comp>

<comp id="396" class="1000" name="kernel_data_V_155">
<pin_list>
<pin id="397" dir="1" index="0" bw="1" slack="0"/>
</pin_list>
<bind>
<StgValue><ssdm name="kernel_data_V_155"/></StgValue>
</bind>
</comp>

<comp id="398" class="1000" name="kernel_data_V_156">
<pin_list>
<pin id="399" dir="1" index="0" bw="1" slack="0"/>
</pin_list>
<bind>
<StgValue><ssdm name="kernel_data_V_156"/></StgValue>
</bind>
</comp>

<comp id="400" class="1000" name="kernel_data_V_157">
<pin_list>
<pin id="401" dir="1" index="0" bw="1" slack="0"/>
</pin_list>
<bind>
<StgValue><ssdm name="kernel_data_V_157"/></StgValue>
</bind>
</comp>

<comp id="402" class="1000" name="kernel_data_V_158">
<pin_list>
<pin id="403" dir="1" index="0" bw="1" slack="0"/>
</pin_list>
<bind>
<StgValue><ssdm name="kernel_data_V_158"/></StgValue>
</bind>
</comp>

<comp id="404" class="1000" name="kernel_data_V_159">
<pin_list>
<pin id="405" dir="1" index="0" bw="1" slack="0"/>
</pin_list>
<bind>
<StgValue><ssdm name="kernel_data_V_159"/></StgValue>
</bind>
</comp>

<comp id="406" class="1000" name="kernel_data_V_224">
<pin_list>
<pin id="407" dir="1" index="0" bw="1" slack="0"/>
</pin_list>
<bind>
<StgValue><ssdm name="kernel_data_V_224"/></StgValue>
</bind>
</comp>

<comp id="408" class="1000" name="kernel_data_V_225">
<pin_list>
<pin id="409" dir="1" index="0" bw="1" slack="0"/>
</pin_list>
<bind>
<StgValue><ssdm name="kernel_data_V_225"/></StgValue>
</bind>
</comp>

<comp id="410" class="1000" name="kernel_data_V_226">
<pin_list>
<pin id="411" dir="1" index="0" bw="1" slack="0"/>
</pin_list>
<bind>
<StgValue><ssdm name="kernel_data_V_226"/></StgValue>
</bind>
</comp>

<comp id="412" class="1000" name="kernel_data_V_227">
<pin_list>
<pin id="413" dir="1" index="0" bw="1" slack="0"/>
</pin_list>
<bind>
<StgValue><ssdm name="kernel_data_V_227"/></StgValue>
</bind>
</comp>

<comp id="414" class="1000" name="kernel_data_V_228">
<pin_list>
<pin id="415" dir="1" index="0" bw="1" slack="0"/>
</pin_list>
<bind>
<StgValue><ssdm name="kernel_data_V_228"/></StgValue>
</bind>
</comp>

<comp id="416" class="1000" name="kernel_data_V_229">
<pin_list>
<pin id="417" dir="1" index="0" bw="1" slack="0"/>
</pin_list>
<bind>
<StgValue><ssdm name="kernel_data_V_229"/></StgValue>
</bind>
</comp>

<comp id="418" class="1000" name="kernel_data_V_230">
<pin_list>
<pin id="419" dir="1" index="0" bw="1" slack="0"/>
</pin_list>
<bind>
<StgValue><ssdm name="kernel_data_V_230"/></StgValue>
</bind>
</comp>

<comp id="420" class="1000" name="kernel_data_V_231">
<pin_list>
<pin id="421" dir="1" index="0" bw="1" slack="0"/>
</pin_list>
<bind>
<StgValue><ssdm name="kernel_data_V_231"/></StgValue>
</bind>
</comp>

<comp id="422" class="1000" name="kernel_data_V_232">
<pin_list>
<pin id="423" dir="1" index="0" bw="1" slack="0"/>
</pin_list>
<bind>
<StgValue><ssdm name="kernel_data_V_232"/></StgValue>
</bind>
</comp>

<comp id="424" class="1000" name="kernel_data_V_233">
<pin_list>
<pin id="425" dir="1" index="0" bw="1" slack="0"/>
</pin_list>
<bind>
<StgValue><ssdm name="kernel_data_V_233"/></StgValue>
</bind>
</comp>

<comp id="426" class="1000" name="kernel_data_V_234">
<pin_list>
<pin id="427" dir="1" index="0" bw="1" slack="0"/>
</pin_list>
<bind>
<StgValue><ssdm name="kernel_data_V_234"/></StgValue>
</bind>
</comp>

<comp id="428" class="1000" name="kernel_data_V_235">
<pin_list>
<pin id="429" dir="1" index="0" bw="1" slack="0"/>
</pin_list>
<bind>
<StgValue><ssdm name="kernel_data_V_235"/></StgValue>
</bind>
</comp>

<comp id="430" class="1000" name="kernel_data_V_236">
<pin_list>
<pin id="431" dir="1" index="0" bw="1" slack="0"/>
</pin_list>
<bind>
<StgValue><ssdm name="kernel_data_V_236"/></StgValue>
</bind>
</comp>

<comp id="432" class="1000" name="kernel_data_V_237">
<pin_list>
<pin id="433" dir="1" index="0" bw="1" slack="0"/>
</pin_list>
<bind>
<StgValue><ssdm name="kernel_data_V_237"/></StgValue>
</bind>
</comp>

<comp id="434" class="1000" name="kernel_data_V_238">
<pin_list>
<pin id="435" dir="1" index="0" bw="1" slack="0"/>
</pin_list>
<bind>
<StgValue><ssdm name="kernel_data_V_238"/></StgValue>
</bind>
</comp>

<comp id="436" class="1000" name="kernel_data_V_239">
<pin_list>
<pin id="437" dir="1" index="0" bw="1" slack="0"/>
</pin_list>
<bind>
<StgValue><ssdm name="kernel_data_V_239"/></StgValue>
</bind>
</comp>

<comp id="438" class="1000" name="kernel_data_V_240">
<pin_list>
<pin id="439" dir="1" index="0" bw="1" slack="0"/>
</pin_list>
<bind>
<StgValue><ssdm name="kernel_data_V_240"/></StgValue>
</bind>
</comp>

<comp id="440" class="1000" name="kernel_data_V_241">
<pin_list>
<pin id="441" dir="1" index="0" bw="1" slack="0"/>
</pin_list>
<bind>
<StgValue><ssdm name="kernel_data_V_241"/></StgValue>
</bind>
</comp>

<comp id="442" class="1000" name="kernel_data_V_242">
<pin_list>
<pin id="443" dir="1" index="0" bw="1" slack="0"/>
</pin_list>
<bind>
<StgValue><ssdm name="kernel_data_V_242"/></StgValue>
</bind>
</comp>

<comp id="444" class="1000" name="kernel_data_V_243">
<pin_list>
<pin id="445" dir="1" index="0" bw="1" slack="0"/>
</pin_list>
<bind>
<StgValue><ssdm name="kernel_data_V_243"/></StgValue>
</bind>
</comp>

<comp id="446" class="1000" name="kernel_data_V_244">
<pin_list>
<pin id="447" dir="1" index="0" bw="1" slack="0"/>
</pin_list>
<bind>
<StgValue><ssdm name="kernel_data_V_244"/></StgValue>
</bind>
</comp>

<comp id="448" class="1000" name="kernel_data_V_245">
<pin_list>
<pin id="449" dir="1" index="0" bw="1" slack="0"/>
</pin_list>
<bind>
<StgValue><ssdm name="kernel_data_V_245"/></StgValue>
</bind>
</comp>

<comp id="450" class="1000" name="kernel_data_V_246">
<pin_list>
<pin id="451" dir="1" index="0" bw="1" slack="0"/>
</pin_list>
<bind>
<StgValue><ssdm name="kernel_data_V_246"/></StgValue>
</bind>
</comp>

<comp id="452" class="1000" name="kernel_data_V_247">
<pin_list>
<pin id="453" dir="1" index="0" bw="1" slack="0"/>
</pin_list>
<bind>
<StgValue><ssdm name="kernel_data_V_247"/></StgValue>
</bind>
</comp>

<comp id="454" class="1000" name="kernel_data_V_248">
<pin_list>
<pin id="455" dir="1" index="0" bw="1" slack="0"/>
</pin_list>
<bind>
<StgValue><ssdm name="kernel_data_V_248"/></StgValue>
</bind>
</comp>

<comp id="456" class="1000" name="kernel_data_V_249">
<pin_list>
<pin id="457" dir="1" index="0" bw="1" slack="0"/>
</pin_list>
<bind>
<StgValue><ssdm name="kernel_data_V_249"/></StgValue>
</bind>
</comp>

<comp id="458" class="1000" name="kernel_data_V_250">
<pin_list>
<pin id="459" dir="1" index="0" bw="1" slack="0"/>
</pin_list>
<bind>
<StgValue><ssdm name="kernel_data_V_250"/></StgValue>
</bind>
</comp>

<comp id="460" class="1000" name="kernel_data_V_251">
<pin_list>
<pin id="461" dir="1" index="0" bw="1" slack="0"/>
</pin_list>
<bind>
<StgValue><ssdm name="kernel_data_V_251"/></StgValue>
</bind>
</comp>

<comp id="462" class="1000" name="kernel_data_V_252">
<pin_list>
<pin id="463" dir="1" index="0" bw="1" slack="0"/>
</pin_list>
<bind>
<StgValue><ssdm name="kernel_data_V_252"/></StgValue>
</bind>
</comp>

<comp id="464" class="1000" name="kernel_data_V_253">
<pin_list>
<pin id="465" dir="1" index="0" bw="1" slack="0"/>
</pin_list>
<bind>
<StgValue><ssdm name="kernel_data_V_253"/></StgValue>
</bind>
</comp>

<comp id="466" class="1000" name="kernel_data_V_254">
<pin_list>
<pin id="467" dir="1" index="0" bw="1" slack="0"/>
</pin_list>
<bind>
<StgValue><ssdm name="kernel_data_V_254"/></StgValue>
</bind>
</comp>

<comp id="468" class="1000" name="kernel_data_V_255">
<pin_list>
<pin id="469" dir="1" index="0" bw="1" slack="0"/>
</pin_list>
<bind>
<StgValue><ssdm name="kernel_data_V_255"/></StgValue>
</bind>
</comp>

<comp id="470" class="1000" name="sX_2">
<pin_list>
<pin id="471" dir="1" index="0" bw="1" slack="0"/>
</pin_list>
<bind>
<StgValue><ssdm name="sX_2"/></StgValue>
</bind>
</comp>

<comp id="472" class="1000" name="sY_2">
<pin_list>
<pin id="473" dir="1" index="0" bw="1" slack="0"/>
</pin_list>
<bind>
<StgValue><ssdm name="sY_2"/></StgValue>
</bind>
</comp>

<comp id="474" class="1000" name="pY_2">
<pin_list>
<pin id="475" dir="1" index="0" bw="1" slack="0"/>
</pin_list>
<bind>
<StgValue><ssdm name="pY_2"/></StgValue>
</bind>
</comp>

<comp id="476" class="1000" name="pX_2">
<pin_list>
<pin id="477" dir="1" index="0" bw="1" slack="0"/>
</pin_list>
<bind>
<StgValue><ssdm name="pX_2"/></StgValue>
</bind>
</comp>

<comp id="478" class="1000" name="outidx2">
<pin_list>
<pin id="479" dir="1" index="0" bw="1" slack="0"/>
</pin_list>
<bind>
<StgValue><ssdm name="outidx2"/><MemPortTyVec>1 </MemPortTyVec>
</StgValue>
</bind>
</comp>

<comp id="480" class="1000" name="kernel_data_V_0">
<pin_list>
<pin id="481" dir="1" index="0" bw="1" slack="0"/>
</pin_list>
<bind>
<StgValue><ssdm name="kernel_data_V_0"/></StgValue>
</bind>
</comp>

<comp id="482" class="1000" name="kernel_data_V_1169">
<pin_list>
<pin id="483" dir="1" index="0" bw="1" slack="0"/>
</pin_list>
<bind>
<StgValue><ssdm name="kernel_data_V_1169"/></StgValue>
</bind>
</comp>

<comp id="484" class="1000" name="kernel_data_V_2170">
<pin_list>
<pin id="485" dir="1" index="0" bw="1" slack="0"/>
</pin_list>
<bind>
<StgValue><ssdm name="kernel_data_V_2170"/></StgValue>
</bind>
</comp>

<comp id="486" class="1000" name="kernel_data_V_3">
<pin_list>
<pin id="487" dir="1" index="0" bw="1" slack="0"/>
</pin_list>
<bind>
<StgValue><ssdm name="kernel_data_V_3"/></StgValue>
</bind>
</comp>

<comp id="488" class="1000" name="kernel_data_V_4">
<pin_list>
<pin id="489" dir="1" index="0" bw="1" slack="0"/>
</pin_list>
<bind>
<StgValue><ssdm name="kernel_data_V_4"/></StgValue>
</bind>
</comp>

<comp id="490" class="1000" name="kernel_data_V_5">
<pin_list>
<pin id="491" dir="1" index="0" bw="1" slack="0"/>
</pin_list>
<bind>
<StgValue><ssdm name="kernel_data_V_5"/></StgValue>
</bind>
</comp>

<comp id="492" class="1000" name="kernel_data_V_6">
<pin_list>
<pin id="493" dir="1" index="0" bw="1" slack="0"/>
</pin_list>
<bind>
<StgValue><ssdm name="kernel_data_V_6"/></StgValue>
</bind>
</comp>

<comp id="494" class="1000" name="kernel_data_V_7">
<pin_list>
<pin id="495" dir="1" index="0" bw="1" slack="0"/>
</pin_list>
<bind>
<StgValue><ssdm name="kernel_data_V_7"/></StgValue>
</bind>
</comp>

<comp id="496" class="1000" name="kernel_data_V_8">
<pin_list>
<pin id="497" dir="1" index="0" bw="1" slack="0"/>
</pin_list>
<bind>
<StgValue><ssdm name="kernel_data_V_8"/></StgValue>
</bind>
</comp>

<comp id="498" class="1000" name="kernel_data_V_9">
<pin_list>
<pin id="499" dir="1" index="0" bw="1" slack="0"/>
</pin_list>
<bind>
<StgValue><ssdm name="kernel_data_V_9"/></StgValue>
</bind>
</comp>

<comp id="500" class="1000" name="kernel_data_V_10">
<pin_list>
<pin id="501" dir="1" index="0" bw="1" slack="0"/>
</pin_list>
<bind>
<StgValue><ssdm name="kernel_data_V_10"/></StgValue>
</bind>
</comp>

<comp id="502" class="1000" name="kernel_data_V_11">
<pin_list>
<pin id="503" dir="1" index="0" bw="1" slack="0"/>
</pin_list>
<bind>
<StgValue><ssdm name="kernel_data_V_11"/></StgValue>
</bind>
</comp>

<comp id="504" class="1000" name="kernel_data_V_12">
<pin_list>
<pin id="505" dir="1" index="0" bw="1" slack="0"/>
</pin_list>
<bind>
<StgValue><ssdm name="kernel_data_V_12"/></StgValue>
</bind>
</comp>

<comp id="506" class="1000" name="kernel_data_V_13">
<pin_list>
<pin id="507" dir="1" index="0" bw="1" slack="0"/>
</pin_list>
<bind>
<StgValue><ssdm name="kernel_data_V_13"/></StgValue>
</bind>
</comp>

<comp id="508" class="1000" name="kernel_data_V_14">
<pin_list>
<pin id="509" dir="1" index="0" bw="1" slack="0"/>
</pin_list>
<bind>
<StgValue><ssdm name="kernel_data_V_14"/></StgValue>
</bind>
</comp>

<comp id="510" class="1000" name="kernel_data_V_15">
<pin_list>
<pin id="511" dir="1" index="0" bw="1" slack="0"/>
</pin_list>
<bind>
<StgValue><ssdm name="kernel_data_V_15"/></StgValue>
</bind>
</comp>

<comp id="512" class="1000" name="kernel_data_V_16">
<pin_list>
<pin id="513" dir="1" index="0" bw="1" slack="0"/>
</pin_list>
<bind>
<StgValue><ssdm name="kernel_data_V_16"/></StgValue>
</bind>
</comp>

<comp id="514" class="1000" name="kernel_data_V_17">
<pin_list>
<pin id="515" dir="1" index="0" bw="1" slack="0"/>
</pin_list>
<bind>
<StgValue><ssdm name="kernel_data_V_17"/></StgValue>
</bind>
</comp>

<comp id="516" class="1000" name="kernel_data_V_18">
<pin_list>
<pin id="517" dir="1" index="0" bw="1" slack="0"/>
</pin_list>
<bind>
<StgValue><ssdm name="kernel_data_V_18"/></StgValue>
</bind>
</comp>

<comp id="518" class="1000" name="kernel_data_V_19">
<pin_list>
<pin id="519" dir="1" index="0" bw="1" slack="0"/>
</pin_list>
<bind>
<StgValue><ssdm name="kernel_data_V_19"/></StgValue>
</bind>
</comp>

<comp id="520" class="1000" name="kernel_data_V_20">
<pin_list>
<pin id="521" dir="1" index="0" bw="1" slack="0"/>
</pin_list>
<bind>
<StgValue><ssdm name="kernel_data_V_20"/></StgValue>
</bind>
</comp>

<comp id="522" class="1000" name="kernel_data_V_21">
<pin_list>
<pin id="523" dir="1" index="0" bw="1" slack="0"/>
</pin_list>
<bind>
<StgValue><ssdm name="kernel_data_V_21"/></StgValue>
</bind>
</comp>

<comp id="524" class="1000" name="kernel_data_V_22">
<pin_list>
<pin id="525" dir="1" index="0" bw="1" slack="0"/>
</pin_list>
<bind>
<StgValue><ssdm name="kernel_data_V_22"/></StgValue>
</bind>
</comp>

<comp id="526" class="1000" name="kernel_data_V_23">
<pin_list>
<pin id="527" dir="1" index="0" bw="1" slack="0"/>
</pin_list>
<bind>
<StgValue><ssdm name="kernel_data_V_23"/></StgValue>
</bind>
</comp>

<comp id="528" class="1000" name="kernel_data_V_24">
<pin_list>
<pin id="529" dir="1" index="0" bw="1" slack="0"/>
</pin_list>
<bind>
<StgValue><ssdm name="kernel_data_V_24"/></StgValue>
</bind>
</comp>

<comp id="530" class="1000" name="kernel_data_V_25">
<pin_list>
<pin id="531" dir="1" index="0" bw="1" slack="0"/>
</pin_list>
<bind>
<StgValue><ssdm name="kernel_data_V_25"/></StgValue>
</bind>
</comp>

<comp id="532" class="1000" name="kernel_data_V_26">
<pin_list>
<pin id="533" dir="1" index="0" bw="1" slack="0"/>
</pin_list>
<bind>
<StgValue><ssdm name="kernel_data_V_26"/></StgValue>
</bind>
</comp>

<comp id="534" class="1000" name="kernel_data_V_27">
<pin_list>
<pin id="535" dir="1" index="0" bw="1" slack="0"/>
</pin_list>
<bind>
<StgValue><ssdm name="kernel_data_V_27"/></StgValue>
</bind>
</comp>

<comp id="536" class="1000" name="kernel_data_V_28">
<pin_list>
<pin id="537" dir="1" index="0" bw="1" slack="0"/>
</pin_list>
<bind>
<StgValue><ssdm name="kernel_data_V_28"/></StgValue>
</bind>
</comp>

<comp id="538" class="1000" name="kernel_data_V_29">
<pin_list>
<pin id="539" dir="1" index="0" bw="1" slack="0"/>
</pin_list>
<bind>
<StgValue><ssdm name="kernel_data_V_29"/></StgValue>
</bind>
</comp>

<comp id="540" class="1000" name="kernel_data_V_30">
<pin_list>
<pin id="541" dir="1" index="0" bw="1" slack="0"/>
</pin_list>
<bind>
<StgValue><ssdm name="kernel_data_V_30"/></StgValue>
</bind>
</comp>

<comp id="542" class="1000" name="kernel_data_V_31">
<pin_list>
<pin id="543" dir="1" index="0" bw="1" slack="0"/>
</pin_list>
<bind>
<StgValue><ssdm name="kernel_data_V_31"/></StgValue>
</bind>
</comp>

<comp id="544" class="1000" name="kernel_data_V_96">
<pin_list>
<pin id="545" dir="1" index="0" bw="1" slack="0"/>
</pin_list>
<bind>
<StgValue><ssdm name="kernel_data_V_96"/></StgValue>
</bind>
</comp>

<comp id="546" class="1000" name="kernel_data_V_97">
<pin_list>
<pin id="547" dir="1" index="0" bw="1" slack="0"/>
</pin_list>
<bind>
<StgValue><ssdm name="kernel_data_V_97"/></StgValue>
</bind>
</comp>

<comp id="548" class="1000" name="kernel_data_V_98">
<pin_list>
<pin id="549" dir="1" index="0" bw="1" slack="0"/>
</pin_list>
<bind>
<StgValue><ssdm name="kernel_data_V_98"/></StgValue>
</bind>
</comp>

<comp id="550" class="1000" name="kernel_data_V_99">
<pin_list>
<pin id="551" dir="1" index="0" bw="1" slack="0"/>
</pin_list>
<bind>
<StgValue><ssdm name="kernel_data_V_99"/></StgValue>
</bind>
</comp>

<comp id="552" class="1000" name="kernel_data_V_100">
<pin_list>
<pin id="553" dir="1" index="0" bw="1" slack="0"/>
</pin_list>
<bind>
<StgValue><ssdm name="kernel_data_V_100"/></StgValue>
</bind>
</comp>

<comp id="554" class="1000" name="kernel_data_V_101">
<pin_list>
<pin id="555" dir="1" index="0" bw="1" slack="0"/>
</pin_list>
<bind>
<StgValue><ssdm name="kernel_data_V_101"/></StgValue>
</bind>
</comp>

<comp id="556" class="1000" name="kernel_data_V_102">
<pin_list>
<pin id="557" dir="1" index="0" bw="1" slack="0"/>
</pin_list>
<bind>
<StgValue><ssdm name="kernel_data_V_102"/></StgValue>
</bind>
</comp>

<comp id="558" class="1000" name="kernel_data_V_103">
<pin_list>
<pin id="559" dir="1" index="0" bw="1" slack="0"/>
</pin_list>
<bind>
<StgValue><ssdm name="kernel_data_V_103"/></StgValue>
</bind>
</comp>

<comp id="560" class="1000" name="kernel_data_V_104">
<pin_list>
<pin id="561" dir="1" index="0" bw="1" slack="0"/>
</pin_list>
<bind>
<StgValue><ssdm name="kernel_data_V_104"/></StgValue>
</bind>
</comp>

<comp id="562" class="1000" name="kernel_data_V_105">
<pin_list>
<pin id="563" dir="1" index="0" bw="1" slack="0"/>
</pin_list>
<bind>
<StgValue><ssdm name="kernel_data_V_105"/></StgValue>
</bind>
</comp>

<comp id="564" class="1000" name="kernel_data_V_106">
<pin_list>
<pin id="565" dir="1" index="0" bw="1" slack="0"/>
</pin_list>
<bind>
<StgValue><ssdm name="kernel_data_V_106"/></StgValue>
</bind>
</comp>

<comp id="566" class="1000" name="kernel_data_V_107">
<pin_list>
<pin id="567" dir="1" index="0" bw="1" slack="0"/>
</pin_list>
<bind>
<StgValue><ssdm name="kernel_data_V_107"/></StgValue>
</bind>
</comp>

<comp id="568" class="1000" name="kernel_data_V_108">
<pin_list>
<pin id="569" dir="1" index="0" bw="1" slack="0"/>
</pin_list>
<bind>
<StgValue><ssdm name="kernel_data_V_108"/></StgValue>
</bind>
</comp>

<comp id="570" class="1000" name="kernel_data_V_109">
<pin_list>
<pin id="571" dir="1" index="0" bw="1" slack="0"/>
</pin_list>
<bind>
<StgValue><ssdm name="kernel_data_V_109"/></StgValue>
</bind>
</comp>

<comp id="572" class="1000" name="kernel_data_V_110">
<pin_list>
<pin id="573" dir="1" index="0" bw="1" slack="0"/>
</pin_list>
<bind>
<StgValue><ssdm name="kernel_data_V_110"/></StgValue>
</bind>
</comp>

<comp id="574" class="1000" name="kernel_data_V_111">
<pin_list>
<pin id="575" dir="1" index="0" bw="1" slack="0"/>
</pin_list>
<bind>
<StgValue><ssdm name="kernel_data_V_111"/></StgValue>
</bind>
</comp>

<comp id="576" class="1000" name="kernel_data_V_112">
<pin_list>
<pin id="577" dir="1" index="0" bw="1" slack="0"/>
</pin_list>
<bind>
<StgValue><ssdm name="kernel_data_V_112"/></StgValue>
</bind>
</comp>

<comp id="578" class="1000" name="kernel_data_V_113">
<pin_list>
<pin id="579" dir="1" index="0" bw="1" slack="0"/>
</pin_list>
<bind>
<StgValue><ssdm name="kernel_data_V_113"/></StgValue>
</bind>
</comp>

<comp id="580" class="1000" name="kernel_data_V_114">
<pin_list>
<pin id="581" dir="1" index="0" bw="1" slack="0"/>
</pin_list>
<bind>
<StgValue><ssdm name="kernel_data_V_114"/></StgValue>
</bind>
</comp>

<comp id="582" class="1000" name="kernel_data_V_115">
<pin_list>
<pin id="583" dir="1" index="0" bw="1" slack="0"/>
</pin_list>
<bind>
<StgValue><ssdm name="kernel_data_V_115"/></StgValue>
</bind>
</comp>

<comp id="584" class="1000" name="kernel_data_V_116">
<pin_list>
<pin id="585" dir="1" index="0" bw="1" slack="0"/>
</pin_list>
<bind>
<StgValue><ssdm name="kernel_data_V_116"/></StgValue>
</bind>
</comp>

<comp id="586" class="1000" name="kernel_data_V_117">
<pin_list>
<pin id="587" dir="1" index="0" bw="1" slack="0"/>
</pin_list>
<bind>
<StgValue><ssdm name="kernel_data_V_117"/></StgValue>
</bind>
</comp>

<comp id="588" class="1000" name="kernel_data_V_118">
<pin_list>
<pin id="589" dir="1" index="0" bw="1" slack="0"/>
</pin_list>
<bind>
<StgValue><ssdm name="kernel_data_V_118"/></StgValue>
</bind>
</comp>

<comp id="590" class="1000" name="kernel_data_V_119">
<pin_list>
<pin id="591" dir="1" index="0" bw="1" slack="0"/>
</pin_list>
<bind>
<StgValue><ssdm name="kernel_data_V_119"/></StgValue>
</bind>
</comp>

<comp id="592" class="1000" name="kernel_data_V_120">
<pin_list>
<pin id="593" dir="1" index="0" bw="1" slack="0"/>
</pin_list>
<bind>
<StgValue><ssdm name="kernel_data_V_120"/></StgValue>
</bind>
</comp>

<comp id="594" class="1000" name="kernel_data_V_121">
<pin_list>
<pin id="595" dir="1" index="0" bw="1" slack="0"/>
</pin_list>
<bind>
<StgValue><ssdm name="kernel_data_V_121"/></StgValue>
</bind>
</comp>

<comp id="596" class="1000" name="kernel_data_V_122">
<pin_list>
<pin id="597" dir="1" index="0" bw="1" slack="0"/>
</pin_list>
<bind>
<StgValue><ssdm name="kernel_data_V_122"/></StgValue>
</bind>
</comp>

<comp id="598" class="1000" name="kernel_data_V_123">
<pin_list>
<pin id="599" dir="1" index="0" bw="1" slack="0"/>
</pin_list>
<bind>
<StgValue><ssdm name="kernel_data_V_123"/></StgValue>
</bind>
</comp>

<comp id="600" class="1000" name="kernel_data_V_124">
<pin_list>
<pin id="601" dir="1" index="0" bw="1" slack="0"/>
</pin_list>
<bind>
<StgValue><ssdm name="kernel_data_V_124"/></StgValue>
</bind>
</comp>

<comp id="602" class="1000" name="kernel_data_V_125">
<pin_list>
<pin id="603" dir="1" index="0" bw="1" slack="0"/>
</pin_list>
<bind>
<StgValue><ssdm name="kernel_data_V_125"/></StgValue>
</bind>
</comp>

<comp id="604" class="1000" name="kernel_data_V_126">
<pin_list>
<pin id="605" dir="1" index="0" bw="1" slack="0"/>
</pin_list>
<bind>
<StgValue><ssdm name="kernel_data_V_126"/></StgValue>
</bind>
</comp>

<comp id="606" class="1000" name="kernel_data_V_127">
<pin_list>
<pin id="607" dir="1" index="0" bw="1" slack="0"/>
</pin_list>
<bind>
<StgValue><ssdm name="kernel_data_V_127"/></StgValue>
</bind>
</comp>

<comp id="608" class="1000" name="kernel_data_V_192">
<pin_list>
<pin id="609" dir="1" index="0" bw="1" slack="0"/>
</pin_list>
<bind>
<StgValue><ssdm name="kernel_data_V_192"/></StgValue>
</bind>
</comp>

<comp id="610" class="1000" name="kernel_data_V_193">
<pin_list>
<pin id="611" dir="1" index="0" bw="1" slack="0"/>
</pin_list>
<bind>
<StgValue><ssdm name="kernel_data_V_193"/></StgValue>
</bind>
</comp>

<comp id="612" class="1000" name="kernel_data_V_194">
<pin_list>
<pin id="613" dir="1" index="0" bw="1" slack="0"/>
</pin_list>
<bind>
<StgValue><ssdm name="kernel_data_V_194"/></StgValue>
</bind>
</comp>

<comp id="614" class="1000" name="kernel_data_V_195">
<pin_list>
<pin id="615" dir="1" index="0" bw="1" slack="0"/>
</pin_list>
<bind>
<StgValue><ssdm name="kernel_data_V_195"/></StgValue>
</bind>
</comp>

<comp id="616" class="1000" name="kernel_data_V_196">
<pin_list>
<pin id="617" dir="1" index="0" bw="1" slack="0"/>
</pin_list>
<bind>
<StgValue><ssdm name="kernel_data_V_196"/></StgValue>
</bind>
</comp>

<comp id="618" class="1000" name="kernel_data_V_197">
<pin_list>
<pin id="619" dir="1" index="0" bw="1" slack="0"/>
</pin_list>
<bind>
<StgValue><ssdm name="kernel_data_V_197"/></StgValue>
</bind>
</comp>

<comp id="620" class="1000" name="kernel_data_V_198">
<pin_list>
<pin id="621" dir="1" index="0" bw="1" slack="0"/>
</pin_list>
<bind>
<StgValue><ssdm name="kernel_data_V_198"/></StgValue>
</bind>
</comp>

<comp id="622" class="1000" name="kernel_data_V_199">
<pin_list>
<pin id="623" dir="1" index="0" bw="1" slack="0"/>
</pin_list>
<bind>
<StgValue><ssdm name="kernel_data_V_199"/></StgValue>
</bind>
</comp>

<comp id="624" class="1000" name="kernel_data_V_200">
<pin_list>
<pin id="625" dir="1" index="0" bw="1" slack="0"/>
</pin_list>
<bind>
<StgValue><ssdm name="kernel_data_V_200"/></StgValue>
</bind>
</comp>

<comp id="626" class="1000" name="kernel_data_V_201">
<pin_list>
<pin id="627" dir="1" index="0" bw="1" slack="0"/>
</pin_list>
<bind>
<StgValue><ssdm name="kernel_data_V_201"/></StgValue>
</bind>
</comp>

<comp id="628" class="1000" name="kernel_data_V_202">
<pin_list>
<pin id="629" dir="1" index="0" bw="1" slack="0"/>
</pin_list>
<bind>
<StgValue><ssdm name="kernel_data_V_202"/></StgValue>
</bind>
</comp>

<comp id="630" class="1000" name="kernel_data_V_203">
<pin_list>
<pin id="631" dir="1" index="0" bw="1" slack="0"/>
</pin_list>
<bind>
<StgValue><ssdm name="kernel_data_V_203"/></StgValue>
</bind>
</comp>

<comp id="632" class="1000" name="kernel_data_V_204">
<pin_list>
<pin id="633" dir="1" index="0" bw="1" slack="0"/>
</pin_list>
<bind>
<StgValue><ssdm name="kernel_data_V_204"/></StgValue>
</bind>
</comp>

<comp id="634" class="1000" name="kernel_data_V_205">
<pin_list>
<pin id="635" dir="1" index="0" bw="1" slack="0"/>
</pin_list>
<bind>
<StgValue><ssdm name="kernel_data_V_205"/></StgValue>
</bind>
</comp>

<comp id="636" class="1000" name="kernel_data_V_206">
<pin_list>
<pin id="637" dir="1" index="0" bw="1" slack="0"/>
</pin_list>
<bind>
<StgValue><ssdm name="kernel_data_V_206"/></StgValue>
</bind>
</comp>

<comp id="638" class="1000" name="kernel_data_V_207">
<pin_list>
<pin id="639" dir="1" index="0" bw="1" slack="0"/>
</pin_list>
<bind>
<StgValue><ssdm name="kernel_data_V_207"/></StgValue>
</bind>
</comp>

<comp id="640" class="1000" name="kernel_data_V_208">
<pin_list>
<pin id="641" dir="1" index="0" bw="1" slack="0"/>
</pin_list>
<bind>
<StgValue><ssdm name="kernel_data_V_208"/></StgValue>
</bind>
</comp>

<comp id="642" class="1000" name="kernel_data_V_209">
<pin_list>
<pin id="643" dir="1" index="0" bw="1" slack="0"/>
</pin_list>
<bind>
<StgValue><ssdm name="kernel_data_V_209"/></StgValue>
</bind>
</comp>

<comp id="644" class="1000" name="kernel_data_V_210">
<pin_list>
<pin id="645" dir="1" index="0" bw="1" slack="0"/>
</pin_list>
<bind>
<StgValue><ssdm name="kernel_data_V_210"/></StgValue>
</bind>
</comp>

<comp id="646" class="1000" name="kernel_data_V_211">
<pin_list>
<pin id="647" dir="1" index="0" bw="1" slack="0"/>
</pin_list>
<bind>
<StgValue><ssdm name="kernel_data_V_211"/></StgValue>
</bind>
</comp>

<comp id="648" class="1000" name="kernel_data_V_212">
<pin_list>
<pin id="649" dir="1" index="0" bw="1" slack="0"/>
</pin_list>
<bind>
<StgValue><ssdm name="kernel_data_V_212"/></StgValue>
</bind>
</comp>

<comp id="650" class="1000" name="kernel_data_V_213">
<pin_list>
<pin id="651" dir="1" index="0" bw="1" slack="0"/>
</pin_list>
<bind>
<StgValue><ssdm name="kernel_data_V_213"/></StgValue>
</bind>
</comp>

<comp id="652" class="1000" name="kernel_data_V_214">
<pin_list>
<pin id="653" dir="1" index="0" bw="1" slack="0"/>
</pin_list>
<bind>
<StgValue><ssdm name="kernel_data_V_214"/></StgValue>
</bind>
</comp>

<comp id="654" class="1000" name="kernel_data_V_215">
<pin_list>
<pin id="655" dir="1" index="0" bw="1" slack="0"/>
</pin_list>
<bind>
<StgValue><ssdm name="kernel_data_V_215"/></StgValue>
</bind>
</comp>

<comp id="656" class="1000" name="kernel_data_V_216">
<pin_list>
<pin id="657" dir="1" index="0" bw="1" slack="0"/>
</pin_list>
<bind>
<StgValue><ssdm name="kernel_data_V_216"/></StgValue>
</bind>
</comp>

<comp id="658" class="1000" name="kernel_data_V_217">
<pin_list>
<pin id="659" dir="1" index="0" bw="1" slack="0"/>
</pin_list>
<bind>
<StgValue><ssdm name="kernel_data_V_217"/></StgValue>
</bind>
</comp>

<comp id="660" class="1000" name="kernel_data_V_218">
<pin_list>
<pin id="661" dir="1" index="0" bw="1" slack="0"/>
</pin_list>
<bind>
<StgValue><ssdm name="kernel_data_V_218"/></StgValue>
</bind>
</comp>

<comp id="662" class="1000" name="kernel_data_V_219">
<pin_list>
<pin id="663" dir="1" index="0" bw="1" slack="0"/>
</pin_list>
<bind>
<StgValue><ssdm name="kernel_data_V_219"/></StgValue>
</bind>
</comp>

<comp id="664" class="1000" name="kernel_data_V_220">
<pin_list>
<pin id="665" dir="1" index="0" bw="1" slack="0"/>
</pin_list>
<bind>
<StgValue><ssdm name="kernel_data_V_220"/></StgValue>
</bind>
</comp>

<comp id="666" class="1000" name="kernel_data_V_221">
<pin_list>
<pin id="667" dir="1" index="0" bw="1" slack="0"/>
</pin_list>
<bind>
<StgValue><ssdm name="kernel_data_V_221"/></StgValue>
</bind>
</comp>

<comp id="668" class="1000" name="kernel_data_V_222">
<pin_list>
<pin id="669" dir="1" index="0" bw="1" slack="0"/>
</pin_list>
<bind>
<StgValue><ssdm name="kernel_data_V_222"/></StgValue>
</bind>
</comp>

<comp id="670" class="1000" name="kernel_data_V_223">
<pin_list>
<pin id="671" dir="1" index="0" bw="1" slack="0"/>
</pin_list>
<bind>
<StgValue><ssdm name="kernel_data_V_223"/></StgValue>
</bind>
</comp>

<comp id="672" class="1000" name="w5_V">
<pin_list>
<pin id="673" dir="1" index="0" bw="1" slack="0"/>
</pin_list>
<bind>
<StgValue><ssdm name="w5_V"/><MemPortTyVec>1 </MemPortTyVec>
</StgValue>
</bind>
</comp>

<comp id="674" class="1000" name="line_buffer_Array_V_0_0">
<pin_list>
<pin id="675" dir="1" index="0" bw="1" slack="0"/>
</pin_list>
<bind>
<StgValue><ssdm name="line_buffer_Array_V_0_0"/><MemPortTyVec>2 </MemPortTyVec>
</StgValue>
</bind>
</comp>

<comp id="676" class="1000" name="line_buffer_Array_V_0_1">
<pin_list>
<pin id="677" dir="1" index="0" bw="1" slack="0"/>
</pin_list>
<bind>
<StgValue><ssdm name="line_buffer_Array_V_0_1"/><MemPortTyVec>2 </MemPortTyVec>
</StgValue>
</bind>
</comp>

<comp id="678" class="1000" name="line_buffer_Array_V_0_2">
<pin_list>
<pin id="679" dir="1" index="0" bw="1" slack="0"/>
</pin_list>
<bind>
<StgValue><ssdm name="line_buffer_Array_V_0_2"/><MemPortTyVec>2 </MemPortTyVec>
</StgValue>
</bind>
</comp>

<comp id="680" class="1000" name="line_buffer_Array_V_0_3">
<pin_list>
<pin id="681" dir="1" index="0" bw="1" slack="0"/>
</pin_list>
<bind>
<StgValue><ssdm name="line_buffer_Array_V_0_3"/><MemPortTyVec>2 </MemPortTyVec>
</StgValue>
</bind>
</comp>

<comp id="682" class="1000" name="line_buffer_Array_V_0_4">
<pin_list>
<pin id="683" dir="1" index="0" bw="1" slack="0"/>
</pin_list>
<bind>
<StgValue><ssdm name="line_buffer_Array_V_0_4"/><MemPortTyVec>2 </MemPortTyVec>
</StgValue>
</bind>
</comp>

<comp id="684" class="1000" name="line_buffer_Array_V_0_5">
<pin_list>
<pin id="685" dir="1" index="0" bw="1" slack="0"/>
</pin_list>
<bind>
<StgValue><ssdm name="line_buffer_Array_V_0_5"/><MemPortTyVec>2 </MemPortTyVec>
</StgValue>
</bind>
</comp>

<comp id="686" class="1000" name="line_buffer_Array_V_0_6">
<pin_list>
<pin id="687" dir="1" index="0" bw="1" slack="0"/>
</pin_list>
<bind>
<StgValue><ssdm name="line_buffer_Array_V_0_6"/><MemPortTyVec>2 </MemPortTyVec>
</StgValue>
</bind>
</comp>

<comp id="688" class="1000" name="line_buffer_Array_V_0_7">
<pin_list>
<pin id="689" dir="1" index="0" bw="1" slack="0"/>
</pin_list>
<bind>
<StgValue><ssdm name="line_buffer_Array_V_0_7"/><MemPortTyVec>2 </MemPortTyVec>
</StgValue>
</bind>
</comp>

<comp id="690" class="1000" name="line_buffer_Array_V_0_8">
<pin_list>
<pin id="691" dir="1" index="0" bw="1" slack="0"/>
</pin_list>
<bind>
<StgValue><ssdm name="line_buffer_Array_V_0_8"/><MemPortTyVec>2 </MemPortTyVec>
</StgValue>
</bind>
</comp>

<comp id="692" class="1000" name="line_buffer_Array_V_0_9">
<pin_list>
<pin id="693" dir="1" index="0" bw="1" slack="0"/>
</pin_list>
<bind>
<StgValue><ssdm name="line_buffer_Array_V_0_9"/><MemPortTyVec>2 </MemPortTyVec>
</StgValue>
</bind>
</comp>

<comp id="694" class="1000" name="line_buffer_Array_V_0_10">
<pin_list>
<pin id="695" dir="1" index="0" bw="1" slack="0"/>
</pin_list>
<bind>
<StgValue><ssdm name="line_buffer_Array_V_0_10"/><MemPortTyVec>2 </MemPortTyVec>
</StgValue>
</bind>
</comp>

<comp id="696" class="1000" name="line_buffer_Array_V_0_11">
<pin_list>
<pin id="697" dir="1" index="0" bw="1" slack="0"/>
</pin_list>
<bind>
<StgValue><ssdm name="line_buffer_Array_V_0_11"/><MemPortTyVec>2 </MemPortTyVec>
</StgValue>
</bind>
</comp>

<comp id="698" class="1000" name="line_buffer_Array_V_0_12">
<pin_list>
<pin id="699" dir="1" index="0" bw="1" slack="0"/>
</pin_list>
<bind>
<StgValue><ssdm name="line_buffer_Array_V_0_12"/><MemPortTyVec>2 </MemPortTyVec>
</StgValue>
</bind>
</comp>

<comp id="700" class="1000" name="line_buffer_Array_V_0_13">
<pin_list>
<pin id="701" dir="1" index="0" bw="1" slack="0"/>
</pin_list>
<bind>
<StgValue><ssdm name="line_buffer_Array_V_0_13"/><MemPortTyVec>2 </MemPortTyVec>
</StgValue>
</bind>
</comp>

<comp id="702" class="1000" name="line_buffer_Array_V_0_14">
<pin_list>
<pin id="703" dir="1" index="0" bw="1" slack="0"/>
</pin_list>
<bind>
<StgValue><ssdm name="line_buffer_Array_V_0_14"/><MemPortTyVec>2 </MemPortTyVec>
</StgValue>
</bind>
</comp>

<comp id="704" class="1000" name="line_buffer_Array_V_0_15">
<pin_list>
<pin id="705" dir="1" index="0" bw="1" slack="0"/>
</pin_list>
<bind>
<StgValue><ssdm name="line_buffer_Array_V_0_15"/><MemPortTyVec>2 </MemPortTyVec>
</StgValue>
</bind>
</comp>

<comp id="706" class="1000" name="line_buffer_Array_V_0_16">
<pin_list>
<pin id="707" dir="1" index="0" bw="1" slack="0"/>
</pin_list>
<bind>
<StgValue><ssdm name="line_buffer_Array_V_0_16"/><MemPortTyVec>2 </MemPortTyVec>
</StgValue>
</bind>
</comp>

<comp id="708" class="1000" name="line_buffer_Array_V_0_17">
<pin_list>
<pin id="709" dir="1" index="0" bw="1" slack="0"/>
</pin_list>
<bind>
<StgValue><ssdm name="line_buffer_Array_V_0_17"/><MemPortTyVec>2 </MemPortTyVec>
</StgValue>
</bind>
</comp>

<comp id="710" class="1000" name="line_buffer_Array_V_0_18">
<pin_list>
<pin id="711" dir="1" index="0" bw="1" slack="0"/>
</pin_list>
<bind>
<StgValue><ssdm name="line_buffer_Array_V_0_18"/><MemPortTyVec>2 </MemPortTyVec>
</StgValue>
</bind>
</comp>

<comp id="712" class="1000" name="line_buffer_Array_V_0_19">
<pin_list>
<pin id="713" dir="1" index="0" bw="1" slack="0"/>
</pin_list>
<bind>
<StgValue><ssdm name="line_buffer_Array_V_0_19"/><MemPortTyVec>2 </MemPortTyVec>
</StgValue>
</bind>
</comp>

<comp id="714" class="1000" name="line_buffer_Array_V_0_20">
<pin_list>
<pin id="715" dir="1" index="0" bw="1" slack="0"/>
</pin_list>
<bind>
<StgValue><ssdm name="line_buffer_Array_V_0_20"/><MemPortTyVec>2 </MemPortTyVec>
</StgValue>
</bind>
</comp>

<comp id="716" class="1000" name="line_buffer_Array_V_0_21">
<pin_list>
<pin id="717" dir="1" index="0" bw="1" slack="0"/>
</pin_list>
<bind>
<StgValue><ssdm name="line_buffer_Array_V_0_21"/><MemPortTyVec>2 </MemPortTyVec>
</StgValue>
</bind>
</comp>

<comp id="718" class="1000" name="line_buffer_Array_V_0_22">
<pin_list>
<pin id="719" dir="1" index="0" bw="1" slack="0"/>
</pin_list>
<bind>
<StgValue><ssdm name="line_buffer_Array_V_0_22"/><MemPortTyVec>2 </MemPortTyVec>
</StgValue>
</bind>
</comp>

<comp id="720" class="1000" name="line_buffer_Array_V_0_23">
<pin_list>
<pin id="721" dir="1" index="0" bw="1" slack="0"/>
</pin_list>
<bind>
<StgValue><ssdm name="line_buffer_Array_V_0_23"/><MemPortTyVec>2 </MemPortTyVec>
</StgValue>
</bind>
</comp>

<comp id="722" class="1000" name="line_buffer_Array_V_0_24">
<pin_list>
<pin id="723" dir="1" index="0" bw="1" slack="0"/>
</pin_list>
<bind>
<StgValue><ssdm name="line_buffer_Array_V_0_24"/><MemPortTyVec>2 </MemPortTyVec>
</StgValue>
</bind>
</comp>

<comp id="724" class="1000" name="line_buffer_Array_V_0_25">
<pin_list>
<pin id="725" dir="1" index="0" bw="1" slack="0"/>
</pin_list>
<bind>
<StgValue><ssdm name="line_buffer_Array_V_0_25"/><MemPortTyVec>2 </MemPortTyVec>
</StgValue>
</bind>
</comp>

<comp id="726" class="1000" name="line_buffer_Array_V_0_26">
<pin_list>
<pin id="727" dir="1" index="0" bw="1" slack="0"/>
</pin_list>
<bind>
<StgValue><ssdm name="line_buffer_Array_V_0_26"/><MemPortTyVec>2 </MemPortTyVec>
</StgValue>
</bind>
</comp>

<comp id="728" class="1000" name="line_buffer_Array_V_0_27">
<pin_list>
<pin id="729" dir="1" index="0" bw="1" slack="0"/>
</pin_list>
<bind>
<StgValue><ssdm name="line_buffer_Array_V_0_27"/><MemPortTyVec>2 </MemPortTyVec>
</StgValue>
</bind>
</comp>

<comp id="730" class="1000" name="line_buffer_Array_V_0_28">
<pin_list>
<pin id="731" dir="1" index="0" bw="1" slack="0"/>
</pin_list>
<bind>
<StgValue><ssdm name="line_buffer_Array_V_0_28"/><MemPortTyVec>2 </MemPortTyVec>
</StgValue>
</bind>
</comp>

<comp id="732" class="1000" name="line_buffer_Array_V_0_29">
<pin_list>
<pin id="733" dir="1" index="0" bw="1" slack="0"/>
</pin_list>
<bind>
<StgValue><ssdm name="line_buffer_Array_V_0_29"/><MemPortTyVec>2 </MemPortTyVec>
</StgValue>
</bind>
</comp>

<comp id="734" class="1000" name="line_buffer_Array_V_0_30">
<pin_list>
<pin id="735" dir="1" index="0" bw="1" slack="0"/>
</pin_list>
<bind>
<StgValue><ssdm name="line_buffer_Array_V_0_30"/><MemPortTyVec>2 </MemPortTyVec>
</StgValue>
</bind>
</comp>

<comp id="736" class="1000" name="line_buffer_Array_V_0_31">
<pin_list>
<pin id="737" dir="1" index="0" bw="1" slack="0"/>
</pin_list>
<bind>
<StgValue><ssdm name="line_buffer_Array_V_0_31"/><MemPortTyVec>2 </MemPortTyVec>
</StgValue>
</bind>
</comp>

<comp id="738" class="1000" name="line_buffer_Array_V_1168_0">
<pin_list>
<pin id="739" dir="1" index="0" bw="1" slack="0"/>
</pin_list>
<bind>
<StgValue><ssdm name="line_buffer_Array_V_1168_0"/><MemPortTyVec>2 </MemPortTyVec>
</StgValue>
</bind>
</comp>

<comp id="740" class="1000" name="line_buffer_Array_V_1168_1">
<pin_list>
<pin id="741" dir="1" index="0" bw="1" slack="0"/>
</pin_list>
<bind>
<StgValue><ssdm name="line_buffer_Array_V_1168_1"/><MemPortTyVec>2 </MemPortTyVec>
</StgValue>
</bind>
</comp>

<comp id="742" class="1000" name="line_buffer_Array_V_1168_2">
<pin_list>
<pin id="743" dir="1" index="0" bw="1" slack="0"/>
</pin_list>
<bind>
<StgValue><ssdm name="line_buffer_Array_V_1168_2"/><MemPortTyVec>2 </MemPortTyVec>
</StgValue>
</bind>
</comp>

<comp id="744" class="1000" name="line_buffer_Array_V_1168_3">
<pin_list>
<pin id="745" dir="1" index="0" bw="1" slack="0"/>
</pin_list>
<bind>
<StgValue><ssdm name="line_buffer_Array_V_1168_3"/><MemPortTyVec>2 </MemPortTyVec>
</StgValue>
</bind>
</comp>

<comp id="746" class="1000" name="line_buffer_Array_V_1168_4">
<pin_list>
<pin id="747" dir="1" index="0" bw="1" slack="0"/>
</pin_list>
<bind>
<StgValue><ssdm name="line_buffer_Array_V_1168_4"/><MemPortTyVec>2 </MemPortTyVec>
</StgValue>
</bind>
</comp>

<comp id="748" class="1000" name="line_buffer_Array_V_1168_5">
<pin_list>
<pin id="749" dir="1" index="0" bw="1" slack="0"/>
</pin_list>
<bind>
<StgValue><ssdm name="line_buffer_Array_V_1168_5"/><MemPortTyVec>2 </MemPortTyVec>
</StgValue>
</bind>
</comp>

<comp id="750" class="1000" name="line_buffer_Array_V_1168_6">
<pin_list>
<pin id="751" dir="1" index="0" bw="1" slack="0"/>
</pin_list>
<bind>
<StgValue><ssdm name="line_buffer_Array_V_1168_6"/><MemPortTyVec>2 </MemPortTyVec>
</StgValue>
</bind>
</comp>

<comp id="752" class="1000" name="line_buffer_Array_V_1168_7">
<pin_list>
<pin id="753" dir="1" index="0" bw="1" slack="0"/>
</pin_list>
<bind>
<StgValue><ssdm name="line_buffer_Array_V_1168_7"/><MemPortTyVec>2 </MemPortTyVec>
</StgValue>
</bind>
</comp>

<comp id="754" class="1000" name="line_buffer_Array_V_1168_8">
<pin_list>
<pin id="755" dir="1" index="0" bw="1" slack="0"/>
</pin_list>
<bind>
<StgValue><ssdm name="line_buffer_Array_V_1168_8"/><MemPortTyVec>2 </MemPortTyVec>
</StgValue>
</bind>
</comp>

<comp id="756" class="1000" name="line_buffer_Array_V_1168_9">
<pin_list>
<pin id="757" dir="1" index="0" bw="1" slack="0"/>
</pin_list>
<bind>
<StgValue><ssdm name="line_buffer_Array_V_1168_9"/><MemPortTyVec>2 </MemPortTyVec>
</StgValue>
</bind>
</comp>

<comp id="758" class="1000" name="line_buffer_Array_V_1168_10">
<pin_list>
<pin id="759" dir="1" index="0" bw="1" slack="0"/>
</pin_list>
<bind>
<StgValue><ssdm name="line_buffer_Array_V_1168_10"/><MemPortTyVec>2 </MemPortTyVec>
</StgValue>
</bind>
</comp>

<comp id="760" class="1000" name="line_buffer_Array_V_1168_11">
<pin_list>
<pin id="761" dir="1" index="0" bw="1" slack="0"/>
</pin_list>
<bind>
<StgValue><ssdm name="line_buffer_Array_V_1168_11"/><MemPortTyVec>2 </MemPortTyVec>
</StgValue>
</bind>
</comp>

<comp id="762" class="1000" name="line_buffer_Array_V_1168_12">
<pin_list>
<pin id="763" dir="1" index="0" bw="1" slack="0"/>
</pin_list>
<bind>
<StgValue><ssdm name="line_buffer_Array_V_1168_12"/><MemPortTyVec>2 </MemPortTyVec>
</StgValue>
</bind>
</comp>

<comp id="764" class="1000" name="line_buffer_Array_V_1168_13">
<pin_list>
<pin id="765" dir="1" index="0" bw="1" slack="0"/>
</pin_list>
<bind>
<StgValue><ssdm name="line_buffer_Array_V_1168_13"/><MemPortTyVec>2 </MemPortTyVec>
</StgValue>
</bind>
</comp>

<comp id="766" class="1000" name="line_buffer_Array_V_1168_14">
<pin_list>
<pin id="767" dir="1" index="0" bw="1" slack="0"/>
</pin_list>
<bind>
<StgValue><ssdm name="line_buffer_Array_V_1168_14"/><MemPortTyVec>2 </MemPortTyVec>
</StgValue>
</bind>
</comp>

<comp id="768" class="1000" name="line_buffer_Array_V_1168_15">
<pin_list>
<pin id="769" dir="1" index="0" bw="1" slack="0"/>
</pin_list>
<bind>
<StgValue><ssdm name="line_buffer_Array_V_1168_15"/><MemPortTyVec>2 </MemPortTyVec>
</StgValue>
</bind>
</comp>

<comp id="770" class="1000" name="line_buffer_Array_V_1168_16">
<pin_list>
<pin id="771" dir="1" index="0" bw="1" slack="0"/>
</pin_list>
<bind>
<StgValue><ssdm name="line_buffer_Array_V_1168_16"/><MemPortTyVec>2 </MemPortTyVec>
</StgValue>
</bind>
</comp>

<comp id="772" class="1000" name="line_buffer_Array_V_1168_17">
<pin_list>
<pin id="773" dir="1" index="0" bw="1" slack="0"/>
</pin_list>
<bind>
<StgValue><ssdm name="line_buffer_Array_V_1168_17"/><MemPortTyVec>2 </MemPortTyVec>
</StgValue>
</bind>
</comp>

<comp id="774" class="1000" name="line_buffer_Array_V_1168_18">
<pin_list>
<pin id="775" dir="1" index="0" bw="1" slack="0"/>
</pin_list>
<bind>
<StgValue><ssdm name="line_buffer_Array_V_1168_18"/><MemPortTyVec>2 </MemPortTyVec>
</StgValue>
</bind>
</comp>

<comp id="776" class="1000" name="line_buffer_Array_V_1168_19">
<pin_list>
<pin id="777" dir="1" index="0" bw="1" slack="0"/>
</pin_list>
<bind>
<StgValue><ssdm name="line_buffer_Array_V_1168_19"/><MemPortTyVec>2 </MemPortTyVec>
</StgValue>
</bind>
</comp>

<comp id="778" class="1000" name="line_buffer_Array_V_1168_20">
<pin_list>
<pin id="779" dir="1" index="0" bw="1" slack="0"/>
</pin_list>
<bind>
<StgValue><ssdm name="line_buffer_Array_V_1168_20"/><MemPortTyVec>2 </MemPortTyVec>
</StgValue>
</bind>
</comp>

<comp id="780" class="1000" name="line_buffer_Array_V_1168_21">
<pin_list>
<pin id="781" dir="1" index="0" bw="1" slack="0"/>
</pin_list>
<bind>
<StgValue><ssdm name="line_buffer_Array_V_1168_21"/><MemPortTyVec>2 </MemPortTyVec>
</StgValue>
</bind>
</comp>

<comp id="782" class="1000" name="line_buffer_Array_V_1168_22">
<pin_list>
<pin id="783" dir="1" index="0" bw="1" slack="0"/>
</pin_list>
<bind>
<StgValue><ssdm name="line_buffer_Array_V_1168_22"/><MemPortTyVec>2 </MemPortTyVec>
</StgValue>
</bind>
</comp>

<comp id="784" class="1000" name="line_buffer_Array_V_1168_23">
<pin_list>
<pin id="785" dir="1" index="0" bw="1" slack="0"/>
</pin_list>
<bind>
<StgValue><ssdm name="line_buffer_Array_V_1168_23"/><MemPortTyVec>2 </MemPortTyVec>
</StgValue>
</bind>
</comp>

<comp id="786" class="1000" name="line_buffer_Array_V_1168_24">
<pin_list>
<pin id="787" dir="1" index="0" bw="1" slack="0"/>
</pin_list>
<bind>
<StgValue><ssdm name="line_buffer_Array_V_1168_24"/><MemPortTyVec>2 </MemPortTyVec>
</StgValue>
</bind>
</comp>

<comp id="788" class="1000" name="line_buffer_Array_V_1168_25">
<pin_list>
<pin id="789" dir="1" index="0" bw="1" slack="0"/>
</pin_list>
<bind>
<StgValue><ssdm name="line_buffer_Array_V_1168_25"/><MemPortTyVec>2 </MemPortTyVec>
</StgValue>
</bind>
</comp>

<comp id="790" class="1000" name="line_buffer_Array_V_1168_26">
<pin_list>
<pin id="791" dir="1" index="0" bw="1" slack="0"/>
</pin_list>
<bind>
<StgValue><ssdm name="line_buffer_Array_V_1168_26"/><MemPortTyVec>2 </MemPortTyVec>
</StgValue>
</bind>
</comp>

<comp id="792" class="1000" name="line_buffer_Array_V_1168_27">
<pin_list>
<pin id="793" dir="1" index="0" bw="1" slack="0"/>
</pin_list>
<bind>
<StgValue><ssdm name="line_buffer_Array_V_1168_27"/><MemPortTyVec>2 </MemPortTyVec>
</StgValue>
</bind>
</comp>

<comp id="794" class="1000" name="line_buffer_Array_V_1168_28">
<pin_list>
<pin id="795" dir="1" index="0" bw="1" slack="0"/>
</pin_list>
<bind>
<StgValue><ssdm name="line_buffer_Array_V_1168_28"/><MemPortTyVec>2 </MemPortTyVec>
</StgValue>
</bind>
</comp>

<comp id="796" class="1000" name="line_buffer_Array_V_1168_29">
<pin_list>
<pin id="797" dir="1" index="0" bw="1" slack="0"/>
</pin_list>
<bind>
<StgValue><ssdm name="line_buffer_Array_V_1168_29"/><MemPortTyVec>2 </MemPortTyVec>
</StgValue>
</bind>
</comp>

<comp id="798" class="1000" name="line_buffer_Array_V_1168_30">
<pin_list>
<pin id="799" dir="1" index="0" bw="1" slack="0"/>
</pin_list>
<bind>
<StgValue><ssdm name="line_buffer_Array_V_1168_30"/><MemPortTyVec>2 </MemPortTyVec>
</StgValue>
</bind>
</comp>

<comp id="800" class="1000" name="line_buffer_Array_V_1168_31">
<pin_list>
<pin id="801" dir="1" index="0" bw="1" slack="0"/>
</pin_list>
<bind>
<StgValue><ssdm name="line_buffer_Array_V_1168_31"/><MemPortTyVec>2 </MemPortTyVec>
</StgValue>
</bind>
</comp>

<comp id="802" class="1000" name="kernel_data_V_1_64">
<pin_list>
<pin id="803" dir="1" index="0" bw="1" slack="0"/>
</pin_list>
<bind>
<StgValue><ssdm name="kernel_data_V_1_64"/></StgValue>
</bind>
</comp>

<comp id="804" class="1000" name="kernel_data_V_1_65">
<pin_list>
<pin id="805" dir="1" index="0" bw="1" slack="0"/>
</pin_list>
<bind>
<StgValue><ssdm name="kernel_data_V_1_65"/></StgValue>
</bind>
</comp>

<comp id="806" class="1000" name="kernel_data_V_1_66">
<pin_list>
<pin id="807" dir="1" index="0" bw="1" slack="0"/>
</pin_list>
<bind>
<StgValue><ssdm name="kernel_data_V_1_66"/></StgValue>
</bind>
</comp>

<comp id="808" class="1000" name="kernel_data_V_1_67">
<pin_list>
<pin id="809" dir="1" index="0" bw="1" slack="0"/>
</pin_list>
<bind>
<StgValue><ssdm name="kernel_data_V_1_67"/></StgValue>
</bind>
</comp>

<comp id="810" class="1000" name="kernel_data_V_1_68">
<pin_list>
<pin id="811" dir="1" index="0" bw="1" slack="0"/>
</pin_list>
<bind>
<StgValue><ssdm name="kernel_data_V_1_68"/></StgValue>
</bind>
</comp>

<comp id="812" class="1000" name="kernel_data_V_1_69">
<pin_list>
<pin id="813" dir="1" index="0" bw="1" slack="0"/>
</pin_list>
<bind>
<StgValue><ssdm name="kernel_data_V_1_69"/></StgValue>
</bind>
</comp>

<comp id="814" class="1000" name="kernel_data_V_1_70">
<pin_list>
<pin id="815" dir="1" index="0" bw="1" slack="0"/>
</pin_list>
<bind>
<StgValue><ssdm name="kernel_data_V_1_70"/></StgValue>
</bind>
</comp>

<comp id="816" class="1000" name="kernel_data_V_1_71">
<pin_list>
<pin id="817" dir="1" index="0" bw="1" slack="0"/>
</pin_list>
<bind>
<StgValue><ssdm name="kernel_data_V_1_71"/></StgValue>
</bind>
</comp>

<comp id="818" class="1000" name="kernel_data_V_1_72">
<pin_list>
<pin id="819" dir="1" index="0" bw="1" slack="0"/>
</pin_list>
<bind>
<StgValue><ssdm name="kernel_data_V_1_72"/></StgValue>
</bind>
</comp>

<comp id="820" class="1000" name="kernel_data_V_1_73">
<pin_list>
<pin id="821" dir="1" index="0" bw="1" slack="0"/>
</pin_list>
<bind>
<StgValue><ssdm name="kernel_data_V_1_73"/></StgValue>
</bind>
</comp>

<comp id="822" class="1000" name="kernel_data_V_1_74">
<pin_list>
<pin id="823" dir="1" index="0" bw="1" slack="0"/>
</pin_list>
<bind>
<StgValue><ssdm name="kernel_data_V_1_74"/></StgValue>
</bind>
</comp>

<comp id="824" class="1000" name="kernel_data_V_1_75">
<pin_list>
<pin id="825" dir="1" index="0" bw="1" slack="0"/>
</pin_list>
<bind>
<StgValue><ssdm name="kernel_data_V_1_75"/></StgValue>
</bind>
</comp>

<comp id="826" class="1000" name="kernel_data_V_1_76">
<pin_list>
<pin id="827" dir="1" index="0" bw="1" slack="0"/>
</pin_list>
<bind>
<StgValue><ssdm name="kernel_data_V_1_76"/></StgValue>
</bind>
</comp>

<comp id="828" class="1000" name="kernel_data_V_1_77">
<pin_list>
<pin id="829" dir="1" index="0" bw="1" slack="0"/>
</pin_list>
<bind>
<StgValue><ssdm name="kernel_data_V_1_77"/></StgValue>
</bind>
</comp>

<comp id="830" class="1000" name="kernel_data_V_1_78">
<pin_list>
<pin id="831" dir="1" index="0" bw="1" slack="0"/>
</pin_list>
<bind>
<StgValue><ssdm name="kernel_data_V_1_78"/></StgValue>
</bind>
</comp>

<comp id="832" class="1000" name="kernel_data_V_1_79">
<pin_list>
<pin id="833" dir="1" index="0" bw="1" slack="0"/>
</pin_list>
<bind>
<StgValue><ssdm name="kernel_data_V_1_79"/></StgValue>
</bind>
</comp>

<comp id="834" class="1000" name="kernel_data_V_1_80">
<pin_list>
<pin id="835" dir="1" index="0" bw="1" slack="0"/>
</pin_list>
<bind>
<StgValue><ssdm name="kernel_data_V_1_80"/></StgValue>
</bind>
</comp>

<comp id="836" class="1000" name="kernel_data_V_1_81">
<pin_list>
<pin id="837" dir="1" index="0" bw="1" slack="0"/>
</pin_list>
<bind>
<StgValue><ssdm name="kernel_data_V_1_81"/></StgValue>
</bind>
</comp>

<comp id="838" class="1000" name="kernel_data_V_1_82">
<pin_list>
<pin id="839" dir="1" index="0" bw="1" slack="0"/>
</pin_list>
<bind>
<StgValue><ssdm name="kernel_data_V_1_82"/></StgValue>
</bind>
</comp>

<comp id="840" class="1000" name="kernel_data_V_1_83">
<pin_list>
<pin id="841" dir="1" index="0" bw="1" slack="0"/>
</pin_list>
<bind>
<StgValue><ssdm name="kernel_data_V_1_83"/></StgValue>
</bind>
</comp>

<comp id="842" class="1000" name="kernel_data_V_1_84">
<pin_list>
<pin id="843" dir="1" index="0" bw="1" slack="0"/>
</pin_list>
<bind>
<StgValue><ssdm name="kernel_data_V_1_84"/></StgValue>
</bind>
</comp>

<comp id="844" class="1000" name="kernel_data_V_1_85">
<pin_list>
<pin id="845" dir="1" index="0" bw="1" slack="0"/>
</pin_list>
<bind>
<StgValue><ssdm name="kernel_data_V_1_85"/></StgValue>
</bind>
</comp>

<comp id="846" class="1000" name="kernel_data_V_1_86">
<pin_list>
<pin id="847" dir="1" index="0" bw="1" slack="0"/>
</pin_list>
<bind>
<StgValue><ssdm name="kernel_data_V_1_86"/></StgValue>
</bind>
</comp>

<comp id="848" class="1000" name="kernel_data_V_1_87">
<pin_list>
<pin id="849" dir="1" index="0" bw="1" slack="0"/>
</pin_list>
<bind>
<StgValue><ssdm name="kernel_data_V_1_87"/></StgValue>
</bind>
</comp>

<comp id="850" class="1000" name="kernel_data_V_1_88">
<pin_list>
<pin id="851" dir="1" index="0" bw="1" slack="0"/>
</pin_list>
<bind>
<StgValue><ssdm name="kernel_data_V_1_88"/></StgValue>
</bind>
</comp>

<comp id="852" class="1000" name="kernel_data_V_1_89">
<pin_list>
<pin id="853" dir="1" index="0" bw="1" slack="0"/>
</pin_list>
<bind>
<StgValue><ssdm name="kernel_data_V_1_89"/></StgValue>
</bind>
</comp>

<comp id="854" class="1000" name="kernel_data_V_1_90">
<pin_list>
<pin id="855" dir="1" index="0" bw="1" slack="0"/>
</pin_list>
<bind>
<StgValue><ssdm name="kernel_data_V_1_90"/></StgValue>
</bind>
</comp>

<comp id="856" class="1000" name="kernel_data_V_1_91">
<pin_list>
<pin id="857" dir="1" index="0" bw="1" slack="0"/>
</pin_list>
<bind>
<StgValue><ssdm name="kernel_data_V_1_91"/></StgValue>
</bind>
</comp>

<comp id="858" class="1000" name="kernel_data_V_1_92">
<pin_list>
<pin id="859" dir="1" index="0" bw="1" slack="0"/>
</pin_list>
<bind>
<StgValue><ssdm name="kernel_data_V_1_92"/></StgValue>
</bind>
</comp>

<comp id="860" class="1000" name="kernel_data_V_1_93">
<pin_list>
<pin id="861" dir="1" index="0" bw="1" slack="0"/>
</pin_list>
<bind>
<StgValue><ssdm name="kernel_data_V_1_93"/></StgValue>
</bind>
</comp>

<comp id="862" class="1000" name="kernel_data_V_1_94">
<pin_list>
<pin id="863" dir="1" index="0" bw="1" slack="0"/>
</pin_list>
<bind>
<StgValue><ssdm name="kernel_data_V_1_94"/></StgValue>
</bind>
</comp>

<comp id="864" class="1000" name="kernel_data_V_1_95">
<pin_list>
<pin id="865" dir="1" index="0" bw="1" slack="0"/>
</pin_list>
<bind>
<StgValue><ssdm name="kernel_data_V_1_95"/></StgValue>
</bind>
</comp>

<comp id="866" class="1000" name="kernel_data_V_1_160">
<pin_list>
<pin id="867" dir="1" index="0" bw="1" slack="0"/>
</pin_list>
<bind>
<StgValue><ssdm name="kernel_data_V_1_160"/></StgValue>
</bind>
</comp>

<comp id="868" class="1000" name="kernel_data_V_1_161">
<pin_list>
<pin id="869" dir="1" index="0" bw="1" slack="0"/>
</pin_list>
<bind>
<StgValue><ssdm name="kernel_data_V_1_161"/></StgValue>
</bind>
</comp>

<comp id="870" class="1000" name="kernel_data_V_1_162">
<pin_list>
<pin id="871" dir="1" index="0" bw="1" slack="0"/>
</pin_list>
<bind>
<StgValue><ssdm name="kernel_data_V_1_162"/></StgValue>
</bind>
</comp>

<comp id="872" class="1000" name="kernel_data_V_1_163">
<pin_list>
<pin id="873" dir="1" index="0" bw="1" slack="0"/>
</pin_list>
<bind>
<StgValue><ssdm name="kernel_data_V_1_163"/></StgValue>
</bind>
</comp>

<comp id="874" class="1000" name="kernel_data_V_1_164">
<pin_list>
<pin id="875" dir="1" index="0" bw="1" slack="0"/>
</pin_list>
<bind>
<StgValue><ssdm name="kernel_data_V_1_164"/></StgValue>
</bind>
</comp>

<comp id="876" class="1000" name="kernel_data_V_1_165">
<pin_list>
<pin id="877" dir="1" index="0" bw="1" slack="0"/>
</pin_list>
<bind>
<StgValue><ssdm name="kernel_data_V_1_165"/></StgValue>
</bind>
</comp>

<comp id="878" class="1000" name="kernel_data_V_1_166">
<pin_list>
<pin id="879" dir="1" index="0" bw="1" slack="0"/>
</pin_list>
<bind>
<StgValue><ssdm name="kernel_data_V_1_166"/></StgValue>
</bind>
</comp>

<comp id="880" class="1000" name="kernel_data_V_1_167">
<pin_list>
<pin id="881" dir="1" index="0" bw="1" slack="0"/>
</pin_list>
<bind>
<StgValue><ssdm name="kernel_data_V_1_167"/></StgValue>
</bind>
</comp>

<comp id="882" class="1000" name="kernel_data_V_1_168">
<pin_list>
<pin id="883" dir="1" index="0" bw="1" slack="0"/>
</pin_list>
<bind>
<StgValue><ssdm name="kernel_data_V_1_168"/></StgValue>
</bind>
</comp>

<comp id="884" class="1000" name="kernel_data_V_1_169">
<pin_list>
<pin id="885" dir="1" index="0" bw="1" slack="0"/>
</pin_list>
<bind>
<StgValue><ssdm name="kernel_data_V_1_169"/></StgValue>
</bind>
</comp>

<comp id="886" class="1000" name="kernel_data_V_1_170">
<pin_list>
<pin id="887" dir="1" index="0" bw="1" slack="0"/>
</pin_list>
<bind>
<StgValue><ssdm name="kernel_data_V_1_170"/></StgValue>
</bind>
</comp>

<comp id="888" class="1000" name="kernel_data_V_1_171">
<pin_list>
<pin id="889" dir="1" index="0" bw="1" slack="0"/>
</pin_list>
<bind>
<StgValue><ssdm name="kernel_data_V_1_171"/></StgValue>
</bind>
</comp>

<comp id="890" class="1000" name="kernel_data_V_1_172">
<pin_list>
<pin id="891" dir="1" index="0" bw="1" slack="0"/>
</pin_list>
<bind>
<StgValue><ssdm name="kernel_data_V_1_172"/></StgValue>
</bind>
</comp>

<comp id="892" class="1000" name="kernel_data_V_1_173">
<pin_list>
<pin id="893" dir="1" index="0" bw="1" slack="0"/>
</pin_list>
<bind>
<StgValue><ssdm name="kernel_data_V_1_173"/></StgValue>
</bind>
</comp>

<comp id="894" class="1000" name="kernel_data_V_1_174">
<pin_list>
<pin id="895" dir="1" index="0" bw="1" slack="0"/>
</pin_list>
<bind>
<StgValue><ssdm name="kernel_data_V_1_174"/></StgValue>
</bind>
</comp>

<comp id="896" class="1000" name="kernel_data_V_1_175">
<pin_list>
<pin id="897" dir="1" index="0" bw="1" slack="0"/>
</pin_list>
<bind>
<StgValue><ssdm name="kernel_data_V_1_175"/></StgValue>
</bind>
</comp>

<comp id="898" class="1000" name="kernel_data_V_1_176">
<pin_list>
<pin id="899" dir="1" index="0" bw="1" slack="0"/>
</pin_list>
<bind>
<StgValue><ssdm name="kernel_data_V_1_176"/></StgValue>
</bind>
</comp>

<comp id="900" class="1000" name="kernel_data_V_1_177">
<pin_list>
<pin id="901" dir="1" index="0" bw="1" slack="0"/>
</pin_list>
<bind>
<StgValue><ssdm name="kernel_data_V_1_177"/></StgValue>
</bind>
</comp>

<comp id="902" class="1000" name="kernel_data_V_1_178">
<pin_list>
<pin id="903" dir="1" index="0" bw="1" slack="0"/>
</pin_list>
<bind>
<StgValue><ssdm name="kernel_data_V_1_178"/></StgValue>
</bind>
</comp>

<comp id="904" class="1000" name="kernel_data_V_1_179">
<pin_list>
<pin id="905" dir="1" index="0" bw="1" slack="0"/>
</pin_list>
<bind>
<StgValue><ssdm name="kernel_data_V_1_179"/></StgValue>
</bind>
</comp>

<comp id="906" class="1000" name="kernel_data_V_1_180">
<pin_list>
<pin id="907" dir="1" index="0" bw="1" slack="0"/>
</pin_list>
<bind>
<StgValue><ssdm name="kernel_data_V_1_180"/></StgValue>
</bind>
</comp>

<comp id="908" class="1000" name="kernel_data_V_1_181">
<pin_list>
<pin id="909" dir="1" index="0" bw="1" slack="0"/>
</pin_list>
<bind>
<StgValue><ssdm name="kernel_data_V_1_181"/></StgValue>
</bind>
</comp>

<comp id="910" class="1000" name="kernel_data_V_1_182">
<pin_list>
<pin id="911" dir="1" index="0" bw="1" slack="0"/>
</pin_list>
<bind>
<StgValue><ssdm name="kernel_data_V_1_182"/></StgValue>
</bind>
</comp>

<comp id="912" class="1000" name="kernel_data_V_1_183">
<pin_list>
<pin id="913" dir="1" index="0" bw="1" slack="0"/>
</pin_list>
<bind>
<StgValue><ssdm name="kernel_data_V_1_183"/></StgValue>
</bind>
</comp>

<comp id="914" class="1000" name="kernel_data_V_1_184">
<pin_list>
<pin id="915" dir="1" index="0" bw="1" slack="0"/>
</pin_list>
<bind>
<StgValue><ssdm name="kernel_data_V_1_184"/></StgValue>
</bind>
</comp>

<comp id="916" class="1000" name="kernel_data_V_1_185">
<pin_list>
<pin id="917" dir="1" index="0" bw="1" slack="0"/>
</pin_list>
<bind>
<StgValue><ssdm name="kernel_data_V_1_185"/></StgValue>
</bind>
</comp>

<comp id="918" class="1000" name="kernel_data_V_1_186">
<pin_list>
<pin id="919" dir="1" index="0" bw="1" slack="0"/>
</pin_list>
<bind>
<StgValue><ssdm name="kernel_data_V_1_186"/></StgValue>
</bind>
</comp>

<comp id="920" class="1000" name="kernel_data_V_1_187">
<pin_list>
<pin id="921" dir="1" index="0" bw="1" slack="0"/>
</pin_list>
<bind>
<StgValue><ssdm name="kernel_data_V_1_187"/></StgValue>
</bind>
</comp>

<comp id="922" class="1000" name="kernel_data_V_1_188">
<pin_list>
<pin id="923" dir="1" index="0" bw="1" slack="0"/>
</pin_list>
<bind>
<StgValue><ssdm name="kernel_data_V_1_188"/></StgValue>
</bind>
</comp>

<comp id="924" class="1000" name="kernel_data_V_1_189">
<pin_list>
<pin id="925" dir="1" index="0" bw="1" slack="0"/>
</pin_list>
<bind>
<StgValue><ssdm name="kernel_data_V_1_189"/></StgValue>
</bind>
</comp>

<comp id="926" class="1000" name="kernel_data_V_1_190">
<pin_list>
<pin id="927" dir="1" index="0" bw="1" slack="0"/>
</pin_list>
<bind>
<StgValue><ssdm name="kernel_data_V_1_190"/></StgValue>
</bind>
</comp>

<comp id="928" class="1000" name="kernel_data_V_1_191">
<pin_list>
<pin id="929" dir="1" index="0" bw="1" slack="0"/>
</pin_list>
<bind>
<StgValue><ssdm name="kernel_data_V_1_191"/></StgValue>
</bind>
</comp>

<comp id="930" class="1000" name="kernel_data_V_1_256">
<pin_list>
<pin id="931" dir="1" index="0" bw="1" slack="0"/>
</pin_list>
<bind>
<StgValue><ssdm name="kernel_data_V_1_256"/></StgValue>
</bind>
</comp>

<comp id="932" class="1000" name="kernel_data_V_1_257">
<pin_list>
<pin id="933" dir="1" index="0" bw="1" slack="0"/>
</pin_list>
<bind>
<StgValue><ssdm name="kernel_data_V_1_257"/></StgValue>
</bind>
</comp>

<comp id="934" class="1000" name="kernel_data_V_1_258">
<pin_list>
<pin id="935" dir="1" index="0" bw="1" slack="0"/>
</pin_list>
<bind>
<StgValue><ssdm name="kernel_data_V_1_258"/></StgValue>
</bind>
</comp>

<comp id="936" class="1000" name="kernel_data_V_1_259">
<pin_list>
<pin id="937" dir="1" index="0" bw="1" slack="0"/>
</pin_list>
<bind>
<StgValue><ssdm name="kernel_data_V_1_259"/></StgValue>
</bind>
</comp>

<comp id="938" class="1000" name="kernel_data_V_1_260">
<pin_list>
<pin id="939" dir="1" index="0" bw="1" slack="0"/>
</pin_list>
<bind>
<StgValue><ssdm name="kernel_data_V_1_260"/></StgValue>
</bind>
</comp>

<comp id="940" class="1000" name="kernel_data_V_1_261">
<pin_list>
<pin id="941" dir="1" index="0" bw="1" slack="0"/>
</pin_list>
<bind>
<StgValue><ssdm name="kernel_data_V_1_261"/></StgValue>
</bind>
</comp>

<comp id="942" class="1000" name="kernel_data_V_1_262">
<pin_list>
<pin id="943" dir="1" index="0" bw="1" slack="0"/>
</pin_list>
<bind>
<StgValue><ssdm name="kernel_data_V_1_262"/></StgValue>
</bind>
</comp>

<comp id="944" class="1000" name="kernel_data_V_1_263">
<pin_list>
<pin id="945" dir="1" index="0" bw="1" slack="0"/>
</pin_list>
<bind>
<StgValue><ssdm name="kernel_data_V_1_263"/></StgValue>
</bind>
</comp>

<comp id="946" class="1000" name="kernel_data_V_1_264">
<pin_list>
<pin id="947" dir="1" index="0" bw="1" slack="0"/>
</pin_list>
<bind>
<StgValue><ssdm name="kernel_data_V_1_264"/></StgValue>
</bind>
</comp>

<comp id="948" class="1000" name="kernel_data_V_1_265">
<pin_list>
<pin id="949" dir="1" index="0" bw="1" slack="0"/>
</pin_list>
<bind>
<StgValue><ssdm name="kernel_data_V_1_265"/></StgValue>
</bind>
</comp>

<comp id="950" class="1000" name="kernel_data_V_1_266">
<pin_list>
<pin id="951" dir="1" index="0" bw="1" slack="0"/>
</pin_list>
<bind>
<StgValue><ssdm name="kernel_data_V_1_266"/></StgValue>
</bind>
</comp>

<comp id="952" class="1000" name="kernel_data_V_1_267">
<pin_list>
<pin id="953" dir="1" index="0" bw="1" slack="0"/>
</pin_list>
<bind>
<StgValue><ssdm name="kernel_data_V_1_267"/></StgValue>
</bind>
</comp>

<comp id="954" class="1000" name="kernel_data_V_1_268">
<pin_list>
<pin id="955" dir="1" index="0" bw="1" slack="0"/>
</pin_list>
<bind>
<StgValue><ssdm name="kernel_data_V_1_268"/></StgValue>
</bind>
</comp>

<comp id="956" class="1000" name="kernel_data_V_1_269">
<pin_list>
<pin id="957" dir="1" index="0" bw="1" slack="0"/>
</pin_list>
<bind>
<StgValue><ssdm name="kernel_data_V_1_269"/></StgValue>
</bind>
</comp>

<comp id="958" class="1000" name="kernel_data_V_1_270">
<pin_list>
<pin id="959" dir="1" index="0" bw="1" slack="0"/>
</pin_list>
<bind>
<StgValue><ssdm name="kernel_data_V_1_270"/></StgValue>
</bind>
</comp>

<comp id="960" class="1000" name="kernel_data_V_1_271">
<pin_list>
<pin id="961" dir="1" index="0" bw="1" slack="0"/>
</pin_list>
<bind>
<StgValue><ssdm name="kernel_data_V_1_271"/></StgValue>
</bind>
</comp>

<comp id="962" class="1000" name="kernel_data_V_1_272">
<pin_list>
<pin id="963" dir="1" index="0" bw="1" slack="0"/>
</pin_list>
<bind>
<StgValue><ssdm name="kernel_data_V_1_272"/></StgValue>
</bind>
</comp>

<comp id="964" class="1000" name="kernel_data_V_1_273">
<pin_list>
<pin id="965" dir="1" index="0" bw="1" slack="0"/>
</pin_list>
<bind>
<StgValue><ssdm name="kernel_data_V_1_273"/></StgValue>
</bind>
</comp>

<comp id="966" class="1000" name="kernel_data_V_1_274">
<pin_list>
<pin id="967" dir="1" index="0" bw="1" slack="0"/>
</pin_list>
<bind>
<StgValue><ssdm name="kernel_data_V_1_274"/></StgValue>
</bind>
</comp>

<comp id="968" class="1000" name="kernel_data_V_1_275">
<pin_list>
<pin id="969" dir="1" index="0" bw="1" slack="0"/>
</pin_list>
<bind>
<StgValue><ssdm name="kernel_data_V_1_275"/></StgValue>
</bind>
</comp>

<comp id="970" class="1000" name="kernel_data_V_1_276">
<pin_list>
<pin id="971" dir="1" index="0" bw="1" slack="0"/>
</pin_list>
<bind>
<StgValue><ssdm name="kernel_data_V_1_276"/></StgValue>
</bind>
</comp>

<comp id="972" class="1000" name="kernel_data_V_1_277">
<pin_list>
<pin id="973" dir="1" index="0" bw="1" slack="0"/>
</pin_list>
<bind>
<StgValue><ssdm name="kernel_data_V_1_277"/></StgValue>
</bind>
</comp>

<comp id="974" class="1000" name="kernel_data_V_1_278">
<pin_list>
<pin id="975" dir="1" index="0" bw="1" slack="0"/>
</pin_list>
<bind>
<StgValue><ssdm name="kernel_data_V_1_278"/></StgValue>
</bind>
</comp>

<comp id="976" class="1000" name="kernel_data_V_1_279">
<pin_list>
<pin id="977" dir="1" index="0" bw="1" slack="0"/>
</pin_list>
<bind>
<StgValue><ssdm name="kernel_data_V_1_279"/></StgValue>
</bind>
</comp>

<comp id="978" class="1000" name="kernel_data_V_1_280">
<pin_list>
<pin id="979" dir="1" index="0" bw="1" slack="0"/>
</pin_list>
<bind>
<StgValue><ssdm name="kernel_data_V_1_280"/></StgValue>
</bind>
</comp>

<comp id="980" class="1000" name="kernel_data_V_1_281">
<pin_list>
<pin id="981" dir="1" index="0" bw="1" slack="0"/>
</pin_list>
<bind>
<StgValue><ssdm name="kernel_data_V_1_281"/></StgValue>
</bind>
</comp>

<comp id="982" class="1000" name="kernel_data_V_1_282">
<pin_list>
<pin id="983" dir="1" index="0" bw="1" slack="0"/>
</pin_list>
<bind>
<StgValue><ssdm name="kernel_data_V_1_282"/></StgValue>
</bind>
</comp>

<comp id="984" class="1000" name="kernel_data_V_1_283">
<pin_list>
<pin id="985" dir="1" index="0" bw="1" slack="0"/>
</pin_list>
<bind>
<StgValue><ssdm name="kernel_data_V_1_283"/></StgValue>
</bind>
</comp>

<comp id="986" class="1000" name="kernel_data_V_1_284">
<pin_list>
<pin id="987" dir="1" index="0" bw="1" slack="0"/>
</pin_list>
<bind>
<StgValue><ssdm name="kernel_data_V_1_284"/></StgValue>
</bind>
</comp>

<comp id="988" class="1000" name="kernel_data_V_1_285">
<pin_list>
<pin id="989" dir="1" index="0" bw="1" slack="0"/>
</pin_list>
<bind>
<StgValue><ssdm name="kernel_data_V_1_285"/></StgValue>
</bind>
</comp>

<comp id="990" class="1000" name="kernel_data_V_1_286">
<pin_list>
<pin id="991" dir="1" index="0" bw="1" slack="0"/>
</pin_list>
<bind>
<StgValue><ssdm name="kernel_data_V_1_286"/></StgValue>
</bind>
</comp>

<comp id="992" class="1000" name="kernel_data_V_1_287">
<pin_list>
<pin id="993" dir="1" index="0" bw="1" slack="0"/>
</pin_list>
<bind>
<StgValue><ssdm name="kernel_data_V_1_287"/></StgValue>
</bind>
</comp>

<comp id="994" class="1000" name="kernel_data_V_1_32">
<pin_list>
<pin id="995" dir="1" index="0" bw="1" slack="0"/>
</pin_list>
<bind>
<StgValue><ssdm name="kernel_data_V_1_32"/></StgValue>
</bind>
</comp>

<comp id="996" class="1000" name="kernel_data_V_1_33">
<pin_list>
<pin id="997" dir="1" index="0" bw="1" slack="0"/>
</pin_list>
<bind>
<StgValue><ssdm name="kernel_data_V_1_33"/></StgValue>
</bind>
</comp>

<comp id="998" class="1000" name="kernel_data_V_1_34">
<pin_list>
<pin id="999" dir="1" index="0" bw="1" slack="0"/>
</pin_list>
<bind>
<StgValue><ssdm name="kernel_data_V_1_34"/></StgValue>
</bind>
</comp>

<comp id="1000" class="1000" name="kernel_data_V_1_35">
<pin_list>
<pin id="1001" dir="1" index="0" bw="1" slack="0"/>
</pin_list>
<bind>
<StgValue><ssdm name="kernel_data_V_1_35"/></StgValue>
</bind>
</comp>

<comp id="1002" class="1000" name="kernel_data_V_1_36">
<pin_list>
<pin id="1003" dir="1" index="0" bw="1" slack="0"/>
</pin_list>
<bind>
<StgValue><ssdm name="kernel_data_V_1_36"/></StgValue>
</bind>
</comp>

<comp id="1004" class="1000" name="kernel_data_V_1_37">
<pin_list>
<pin id="1005" dir="1" index="0" bw="1" slack="0"/>
</pin_list>
<bind>
<StgValue><ssdm name="kernel_data_V_1_37"/></StgValue>
</bind>
</comp>

<comp id="1006" class="1000" name="kernel_data_V_1_38">
<pin_list>
<pin id="1007" dir="1" index="0" bw="1" slack="0"/>
</pin_list>
<bind>
<StgValue><ssdm name="kernel_data_V_1_38"/></StgValue>
</bind>
</comp>

<comp id="1008" class="1000" name="kernel_data_V_1_39">
<pin_list>
<pin id="1009" dir="1" index="0" bw="1" slack="0"/>
</pin_list>
<bind>
<StgValue><ssdm name="kernel_data_V_1_39"/></StgValue>
</bind>
</comp>

<comp id="1010" class="1000" name="kernel_data_V_1_40">
<pin_list>
<pin id="1011" dir="1" index="0" bw="1" slack="0"/>
</pin_list>
<bind>
<StgValue><ssdm name="kernel_data_V_1_40"/></StgValue>
</bind>
</comp>

<comp id="1012" class="1000" name="kernel_data_V_1_41">
<pin_list>
<pin id="1013" dir="1" index="0" bw="1" slack="0"/>
</pin_list>
<bind>
<StgValue><ssdm name="kernel_data_V_1_41"/></StgValue>
</bind>
</comp>

<comp id="1014" class="1000" name="kernel_data_V_1_42">
<pin_list>
<pin id="1015" dir="1" index="0" bw="1" slack="0"/>
</pin_list>
<bind>
<StgValue><ssdm name="kernel_data_V_1_42"/></StgValue>
</bind>
</comp>

<comp id="1016" class="1000" name="kernel_data_V_1_43">
<pin_list>
<pin id="1017" dir="1" index="0" bw="1" slack="0"/>
</pin_list>
<bind>
<StgValue><ssdm name="kernel_data_V_1_43"/></StgValue>
</bind>
</comp>

<comp id="1018" class="1000" name="kernel_data_V_1_44">
<pin_list>
<pin id="1019" dir="1" index="0" bw="1" slack="0"/>
</pin_list>
<bind>
<StgValue><ssdm name="kernel_data_V_1_44"/></StgValue>
</bind>
</comp>

<comp id="1020" class="1000" name="kernel_data_V_1_45">
<pin_list>
<pin id="1021" dir="1" index="0" bw="1" slack="0"/>
</pin_list>
<bind>
<StgValue><ssdm name="kernel_data_V_1_45"/></StgValue>
</bind>
</comp>

<comp id="1022" class="1000" name="kernel_data_V_1_46">
<pin_list>
<pin id="1023" dir="1" index="0" bw="1" slack="0"/>
</pin_list>
<bind>
<StgValue><ssdm name="kernel_data_V_1_46"/></StgValue>
</bind>
</comp>

<comp id="1024" class="1000" name="kernel_data_V_1_47">
<pin_list>
<pin id="1025" dir="1" index="0" bw="1" slack="0"/>
</pin_list>
<bind>
<StgValue><ssdm name="kernel_data_V_1_47"/></StgValue>
</bind>
</comp>

<comp id="1026" class="1000" name="kernel_data_V_1_48">
<pin_list>
<pin id="1027" dir="1" index="0" bw="1" slack="0"/>
</pin_list>
<bind>
<StgValue><ssdm name="kernel_data_V_1_48"/></StgValue>
</bind>
</comp>

<comp id="1028" class="1000" name="kernel_data_V_1_49">
<pin_list>
<pin id="1029" dir="1" index="0" bw="1" slack="0"/>
</pin_list>
<bind>
<StgValue><ssdm name="kernel_data_V_1_49"/></StgValue>
</bind>
</comp>

<comp id="1030" class="1000" name="kernel_data_V_1_50">
<pin_list>
<pin id="1031" dir="1" index="0" bw="1" slack="0"/>
</pin_list>
<bind>
<StgValue><ssdm name="kernel_data_V_1_50"/></StgValue>
</bind>
</comp>

<comp id="1032" class="1000" name="kernel_data_V_1_51">
<pin_list>
<pin id="1033" dir="1" index="0" bw="1" slack="0"/>
</pin_list>
<bind>
<StgValue><ssdm name="kernel_data_V_1_51"/></StgValue>
</bind>
</comp>

<comp id="1034" class="1000" name="kernel_data_V_1_52">
<pin_list>
<pin id="1035" dir="1" index="0" bw="1" slack="0"/>
</pin_list>
<bind>
<StgValue><ssdm name="kernel_data_V_1_52"/></StgValue>
</bind>
</comp>

<comp id="1036" class="1000" name="kernel_data_V_1_53">
<pin_list>
<pin id="1037" dir="1" index="0" bw="1" slack="0"/>
</pin_list>
<bind>
<StgValue><ssdm name="kernel_data_V_1_53"/></StgValue>
</bind>
</comp>

<comp id="1038" class="1000" name="kernel_data_V_1_54">
<pin_list>
<pin id="1039" dir="1" index="0" bw="1" slack="0"/>
</pin_list>
<bind>
<StgValue><ssdm name="kernel_data_V_1_54"/></StgValue>
</bind>
</comp>

<comp id="1040" class="1000" name="kernel_data_V_1_55">
<pin_list>
<pin id="1041" dir="1" index="0" bw="1" slack="0"/>
</pin_list>
<bind>
<StgValue><ssdm name="kernel_data_V_1_55"/></StgValue>
</bind>
</comp>

<comp id="1042" class="1000" name="kernel_data_V_1_56">
<pin_list>
<pin id="1043" dir="1" index="0" bw="1" slack="0"/>
</pin_list>
<bind>
<StgValue><ssdm name="kernel_data_V_1_56"/></StgValue>
</bind>
</comp>

<comp id="1044" class="1000" name="kernel_data_V_1_57">
<pin_list>
<pin id="1045" dir="1" index="0" bw="1" slack="0"/>
</pin_list>
<bind>
<StgValue><ssdm name="kernel_data_V_1_57"/></StgValue>
</bind>
</comp>

<comp id="1046" class="1000" name="kernel_data_V_1_58">
<pin_list>
<pin id="1047" dir="1" index="0" bw="1" slack="0"/>
</pin_list>
<bind>
<StgValue><ssdm name="kernel_data_V_1_58"/></StgValue>
</bind>
</comp>

<comp id="1048" class="1000" name="kernel_data_V_1_59">
<pin_list>
<pin id="1049" dir="1" index="0" bw="1" slack="0"/>
</pin_list>
<bind>
<StgValue><ssdm name="kernel_data_V_1_59"/></StgValue>
</bind>
</comp>

<comp id="1050" class="1000" name="kernel_data_V_1_60">
<pin_list>
<pin id="1051" dir="1" index="0" bw="1" slack="0"/>
</pin_list>
<bind>
<StgValue><ssdm name="kernel_data_V_1_60"/></StgValue>
</bind>
</comp>

<comp id="1052" class="1000" name="kernel_data_V_1_61">
<pin_list>
<pin id="1053" dir="1" index="0" bw="1" slack="0"/>
</pin_list>
<bind>
<StgValue><ssdm name="kernel_data_V_1_61"/></StgValue>
</bind>
</comp>

<comp id="1054" class="1000" name="kernel_data_V_1_62">
<pin_list>
<pin id="1055" dir="1" index="0" bw="1" slack="0"/>
</pin_list>
<bind>
<StgValue><ssdm name="kernel_data_V_1_62"/></StgValue>
</bind>
</comp>

<comp id="1056" class="1000" name="kernel_data_V_1_63">
<pin_list>
<pin id="1057" dir="1" index="0" bw="1" slack="0"/>
</pin_list>
<bind>
<StgValue><ssdm name="kernel_data_V_1_63"/></StgValue>
</bind>
</comp>

<comp id="1058" class="1000" name="kernel_data_V_1_128">
<pin_list>
<pin id="1059" dir="1" index="0" bw="1" slack="0"/>
</pin_list>
<bind>
<StgValue><ssdm name="kernel_data_V_1_128"/></StgValue>
</bind>
</comp>

<comp id="1060" class="1000" name="kernel_data_V_1_129">
<pin_list>
<pin id="1061" dir="1" index="0" bw="1" slack="0"/>
</pin_list>
<bind>
<StgValue><ssdm name="kernel_data_V_1_129"/></StgValue>
</bind>
</comp>

<comp id="1062" class="1000" name="kernel_data_V_1_130">
<pin_list>
<pin id="1063" dir="1" index="0" bw="1" slack="0"/>
</pin_list>
<bind>
<StgValue><ssdm name="kernel_data_V_1_130"/></StgValue>
</bind>
</comp>

<comp id="1064" class="1000" name="kernel_data_V_1_131">
<pin_list>
<pin id="1065" dir="1" index="0" bw="1" slack="0"/>
</pin_list>
<bind>
<StgValue><ssdm name="kernel_data_V_1_131"/></StgValue>
</bind>
</comp>

<comp id="1066" class="1000" name="kernel_data_V_1_132">
<pin_list>
<pin id="1067" dir="1" index="0" bw="1" slack="0"/>
</pin_list>
<bind>
<StgValue><ssdm name="kernel_data_V_1_132"/></StgValue>
</bind>
</comp>

<comp id="1068" class="1000" name="kernel_data_V_1_133">
<pin_list>
<pin id="1069" dir="1" index="0" bw="1" slack="0"/>
</pin_list>
<bind>
<StgValue><ssdm name="kernel_data_V_1_133"/></StgValue>
</bind>
</comp>

<comp id="1070" class="1000" name="kernel_data_V_1_134">
<pin_list>
<pin id="1071" dir="1" index="0" bw="1" slack="0"/>
</pin_list>
<bind>
<StgValue><ssdm name="kernel_data_V_1_134"/></StgValue>
</bind>
</comp>

<comp id="1072" class="1000" name="kernel_data_V_1_135">
<pin_list>
<pin id="1073" dir="1" index="0" bw="1" slack="0"/>
</pin_list>
<bind>
<StgValue><ssdm name="kernel_data_V_1_135"/></StgValue>
</bind>
</comp>

<comp id="1074" class="1000" name="kernel_data_V_1_136">
<pin_list>
<pin id="1075" dir="1" index="0" bw="1" slack="0"/>
</pin_list>
<bind>
<StgValue><ssdm name="kernel_data_V_1_136"/></StgValue>
</bind>
</comp>

<comp id="1076" class="1000" name="kernel_data_V_1_137">
<pin_list>
<pin id="1077" dir="1" index="0" bw="1" slack="0"/>
</pin_list>
<bind>
<StgValue><ssdm name="kernel_data_V_1_137"/></StgValue>
</bind>
</comp>

<comp id="1078" class="1000" name="kernel_data_V_1_138">
<pin_list>
<pin id="1079" dir="1" index="0" bw="1" slack="0"/>
</pin_list>
<bind>
<StgValue><ssdm name="kernel_data_V_1_138"/></StgValue>
</bind>
</comp>

<comp id="1080" class="1000" name="kernel_data_V_1_139">
<pin_list>
<pin id="1081" dir="1" index="0" bw="1" slack="0"/>
</pin_list>
<bind>
<StgValue><ssdm name="kernel_data_V_1_139"/></StgValue>
</bind>
</comp>

<comp id="1082" class="1000" name="kernel_data_V_1_140">
<pin_list>
<pin id="1083" dir="1" index="0" bw="1" slack="0"/>
</pin_list>
<bind>
<StgValue><ssdm name="kernel_data_V_1_140"/></StgValue>
</bind>
</comp>

<comp id="1084" class="1000" name="kernel_data_V_1_141">
<pin_list>
<pin id="1085" dir="1" index="0" bw="1" slack="0"/>
</pin_list>
<bind>
<StgValue><ssdm name="kernel_data_V_1_141"/></StgValue>
</bind>
</comp>

<comp id="1086" class="1000" name="kernel_data_V_1_142">
<pin_list>
<pin id="1087" dir="1" index="0" bw="1" slack="0"/>
</pin_list>
<bind>
<StgValue><ssdm name="kernel_data_V_1_142"/></StgValue>
</bind>
</comp>

<comp id="1088" class="1000" name="kernel_data_V_1_143">
<pin_list>
<pin id="1089" dir="1" index="0" bw="1" slack="0"/>
</pin_list>
<bind>
<StgValue><ssdm name="kernel_data_V_1_143"/></StgValue>
</bind>
</comp>

<comp id="1090" class="1000" name="kernel_data_V_1_144">
<pin_list>
<pin id="1091" dir="1" index="0" bw="1" slack="0"/>
</pin_list>
<bind>
<StgValue><ssdm name="kernel_data_V_1_144"/></StgValue>
</bind>
</comp>

<comp id="1092" class="1000" name="kernel_data_V_1_145">
<pin_list>
<pin id="1093" dir="1" index="0" bw="1" slack="0"/>
</pin_list>
<bind>
<StgValue><ssdm name="kernel_data_V_1_145"/></StgValue>
</bind>
</comp>

<comp id="1094" class="1000" name="kernel_data_V_1_146">
<pin_list>
<pin id="1095" dir="1" index="0" bw="1" slack="0"/>
</pin_list>
<bind>
<StgValue><ssdm name="kernel_data_V_1_146"/></StgValue>
</bind>
</comp>

<comp id="1096" class="1000" name="kernel_data_V_1_147">
<pin_list>
<pin id="1097" dir="1" index="0" bw="1" slack="0"/>
</pin_list>
<bind>
<StgValue><ssdm name="kernel_data_V_1_147"/></StgValue>
</bind>
</comp>

<comp id="1098" class="1000" name="kernel_data_V_1_148">
<pin_list>
<pin id="1099" dir="1" index="0" bw="1" slack="0"/>
</pin_list>
<bind>
<StgValue><ssdm name="kernel_data_V_1_148"/></StgValue>
</bind>
</comp>

<comp id="1100" class="1000" name="kernel_data_V_1_149">
<pin_list>
<pin id="1101" dir="1" index="0" bw="1" slack="0"/>
</pin_list>
<bind>
<StgValue><ssdm name="kernel_data_V_1_149"/></StgValue>
</bind>
</comp>

<comp id="1102" class="1000" name="kernel_data_V_1_150">
<pin_list>
<pin id="1103" dir="1" index="0" bw="1" slack="0"/>
</pin_list>
<bind>
<StgValue><ssdm name="kernel_data_V_1_150"/></StgValue>
</bind>
</comp>

<comp id="1104" class="1000" name="kernel_data_V_1_151">
<pin_list>
<pin id="1105" dir="1" index="0" bw="1" slack="0"/>
</pin_list>
<bind>
<StgValue><ssdm name="kernel_data_V_1_151"/></StgValue>
</bind>
</comp>

<comp id="1106" class="1000" name="kernel_data_V_1_152">
<pin_list>
<pin id="1107" dir="1" index="0" bw="1" slack="0"/>
</pin_list>
<bind>
<StgValue><ssdm name="kernel_data_V_1_152"/></StgValue>
</bind>
</comp>

<comp id="1108" class="1000" name="kernel_data_V_1_153">
<pin_list>
<pin id="1109" dir="1" index="0" bw="1" slack="0"/>
</pin_list>
<bind>
<StgValue><ssdm name="kernel_data_V_1_153"/></StgValue>
</bind>
</comp>

<comp id="1110" class="1000" name="kernel_data_V_1_154">
<pin_list>
<pin id="1111" dir="1" index="0" bw="1" slack="0"/>
</pin_list>
<bind>
<StgValue><ssdm name="kernel_data_V_1_154"/></StgValue>
</bind>
</comp>

<comp id="1112" class="1000" name="kernel_data_V_1_155">
<pin_list>
<pin id="1113" dir="1" index="0" bw="1" slack="0"/>
</pin_list>
<bind>
<StgValue><ssdm name="kernel_data_V_1_155"/></StgValue>
</bind>
</comp>

<comp id="1114" class="1000" name="kernel_data_V_1_156">
<pin_list>
<pin id="1115" dir="1" index="0" bw="1" slack="0"/>
</pin_list>
<bind>
<StgValue><ssdm name="kernel_data_V_1_156"/></StgValue>
</bind>
</comp>

<comp id="1116" class="1000" name="kernel_data_V_1_157">
<pin_list>
<pin id="1117" dir="1" index="0" bw="1" slack="0"/>
</pin_list>
<bind>
<StgValue><ssdm name="kernel_data_V_1_157"/></StgValue>
</bind>
</comp>

<comp id="1118" class="1000" name="kernel_data_V_1_158">
<pin_list>
<pin id="1119" dir="1" index="0" bw="1" slack="0"/>
</pin_list>
<bind>
<StgValue><ssdm name="kernel_data_V_1_158"/></StgValue>
</bind>
</comp>

<comp id="1120" class="1000" name="kernel_data_V_1_159">
<pin_list>
<pin id="1121" dir="1" index="0" bw="1" slack="0"/>
</pin_list>
<bind>
<StgValue><ssdm name="kernel_data_V_1_159"/></StgValue>
</bind>
</comp>

<comp id="1122" class="1000" name="kernel_data_V_1_224">
<pin_list>
<pin id="1123" dir="1" index="0" bw="1" slack="0"/>
</pin_list>
<bind>
<StgValue><ssdm name="kernel_data_V_1_224"/></StgValue>
</bind>
</comp>

<comp id="1124" class="1000" name="kernel_data_V_1_225">
<pin_list>
<pin id="1125" dir="1" index="0" bw="1" slack="0"/>
</pin_list>
<bind>
<StgValue><ssdm name="kernel_data_V_1_225"/></StgValue>
</bind>
</comp>

<comp id="1126" class="1000" name="kernel_data_V_1_226">
<pin_list>
<pin id="1127" dir="1" index="0" bw="1" slack="0"/>
</pin_list>
<bind>
<StgValue><ssdm name="kernel_data_V_1_226"/></StgValue>
</bind>
</comp>

<comp id="1128" class="1000" name="kernel_data_V_1_227">
<pin_list>
<pin id="1129" dir="1" index="0" bw="1" slack="0"/>
</pin_list>
<bind>
<StgValue><ssdm name="kernel_data_V_1_227"/></StgValue>
</bind>
</comp>

<comp id="1130" class="1000" name="kernel_data_V_1_228">
<pin_list>
<pin id="1131" dir="1" index="0" bw="1" slack="0"/>
</pin_list>
<bind>
<StgValue><ssdm name="kernel_data_V_1_228"/></StgValue>
</bind>
</comp>

<comp id="1132" class="1000" name="kernel_data_V_1_229">
<pin_list>
<pin id="1133" dir="1" index="0" bw="1" slack="0"/>
</pin_list>
<bind>
<StgValue><ssdm name="kernel_data_V_1_229"/></StgValue>
</bind>
</comp>

<comp id="1134" class="1000" name="kernel_data_V_1_230">
<pin_list>
<pin id="1135" dir="1" index="0" bw="1" slack="0"/>
</pin_list>
<bind>
<StgValue><ssdm name="kernel_data_V_1_230"/></StgValue>
</bind>
</comp>

<comp id="1136" class="1000" name="kernel_data_V_1_231">
<pin_list>
<pin id="1137" dir="1" index="0" bw="1" slack="0"/>
</pin_list>
<bind>
<StgValue><ssdm name="kernel_data_V_1_231"/></StgValue>
</bind>
</comp>

<comp id="1138" class="1000" name="kernel_data_V_1_232">
<pin_list>
<pin id="1139" dir="1" index="0" bw="1" slack="0"/>
</pin_list>
<bind>
<StgValue><ssdm name="kernel_data_V_1_232"/></StgValue>
</bind>
</comp>

<comp id="1140" class="1000" name="kernel_data_V_1_233">
<pin_list>
<pin id="1141" dir="1" index="0" bw="1" slack="0"/>
</pin_list>
<bind>
<StgValue><ssdm name="kernel_data_V_1_233"/></StgValue>
</bind>
</comp>

<comp id="1142" class="1000" name="kernel_data_V_1_234">
<pin_list>
<pin id="1143" dir="1" index="0" bw="1" slack="0"/>
</pin_list>
<bind>
<StgValue><ssdm name="kernel_data_V_1_234"/></StgValue>
</bind>
</comp>

<comp id="1144" class="1000" name="kernel_data_V_1_235">
<pin_list>
<pin id="1145" dir="1" index="0" bw="1" slack="0"/>
</pin_list>
<bind>
<StgValue><ssdm name="kernel_data_V_1_235"/></StgValue>
</bind>
</comp>

<comp id="1146" class="1000" name="kernel_data_V_1_236">
<pin_list>
<pin id="1147" dir="1" index="0" bw="1" slack="0"/>
</pin_list>
<bind>
<StgValue><ssdm name="kernel_data_V_1_236"/></StgValue>
</bind>
</comp>

<comp id="1148" class="1000" name="kernel_data_V_1_237">
<pin_list>
<pin id="1149" dir="1" index="0" bw="1" slack="0"/>
</pin_list>
<bind>
<StgValue><ssdm name="kernel_data_V_1_237"/></StgValue>
</bind>
</comp>

<comp id="1150" class="1000" name="kernel_data_V_1_238">
<pin_list>
<pin id="1151" dir="1" index="0" bw="1" slack="0"/>
</pin_list>
<bind>
<StgValue><ssdm name="kernel_data_V_1_238"/></StgValue>
</bind>
</comp>

<comp id="1152" class="1000" name="kernel_data_V_1_239">
<pin_list>
<pin id="1153" dir="1" index="0" bw="1" slack="0"/>
</pin_list>
<bind>
<StgValue><ssdm name="kernel_data_V_1_239"/></StgValue>
</bind>
</comp>

<comp id="1154" class="1000" name="kernel_data_V_1_240">
<pin_list>
<pin id="1155" dir="1" index="0" bw="1" slack="0"/>
</pin_list>
<bind>
<StgValue><ssdm name="kernel_data_V_1_240"/></StgValue>
</bind>
</comp>

<comp id="1156" class="1000" name="kernel_data_V_1_241">
<pin_list>
<pin id="1157" dir="1" index="0" bw="1" slack="0"/>
</pin_list>
<bind>
<StgValue><ssdm name="kernel_data_V_1_241"/></StgValue>
</bind>
</comp>

<comp id="1158" class="1000" name="kernel_data_V_1_242">
<pin_list>
<pin id="1159" dir="1" index="0" bw="1" slack="0"/>
</pin_list>
<bind>
<StgValue><ssdm name="kernel_data_V_1_242"/></StgValue>
</bind>
</comp>

<comp id="1160" class="1000" name="kernel_data_V_1_243">
<pin_list>
<pin id="1161" dir="1" index="0" bw="1" slack="0"/>
</pin_list>
<bind>
<StgValue><ssdm name="kernel_data_V_1_243"/></StgValue>
</bind>
</comp>

<comp id="1162" class="1000" name="kernel_data_V_1_244">
<pin_list>
<pin id="1163" dir="1" index="0" bw="1" slack="0"/>
</pin_list>
<bind>
<StgValue><ssdm name="kernel_data_V_1_244"/></StgValue>
</bind>
</comp>

<comp id="1164" class="1000" name="kernel_data_V_1_245">
<pin_list>
<pin id="1165" dir="1" index="0" bw="1" slack="0"/>
</pin_list>
<bind>
<StgValue><ssdm name="kernel_data_V_1_245"/></StgValue>
</bind>
</comp>

<comp id="1166" class="1000" name="kernel_data_V_1_246">
<pin_list>
<pin id="1167" dir="1" index="0" bw="1" slack="0"/>
</pin_list>
<bind>
<StgValue><ssdm name="kernel_data_V_1_246"/></StgValue>
</bind>
</comp>

<comp id="1168" class="1000" name="kernel_data_V_1_247">
<pin_list>
<pin id="1169" dir="1" index="0" bw="1" slack="0"/>
</pin_list>
<bind>
<StgValue><ssdm name="kernel_data_V_1_247"/></StgValue>
</bind>
</comp>

<comp id="1170" class="1000" name="kernel_data_V_1_248">
<pin_list>
<pin id="1171" dir="1" index="0" bw="1" slack="0"/>
</pin_list>
<bind>
<StgValue><ssdm name="kernel_data_V_1_248"/></StgValue>
</bind>
</comp>

<comp id="1172" class="1000" name="kernel_data_V_1_249">
<pin_list>
<pin id="1173" dir="1" index="0" bw="1" slack="0"/>
</pin_list>
<bind>
<StgValue><ssdm name="kernel_data_V_1_249"/></StgValue>
</bind>
</comp>

<comp id="1174" class="1000" name="kernel_data_V_1_250">
<pin_list>
<pin id="1175" dir="1" index="0" bw="1" slack="0"/>
</pin_list>
<bind>
<StgValue><ssdm name="kernel_data_V_1_250"/></StgValue>
</bind>
</comp>

<comp id="1176" class="1000" name="kernel_data_V_1_251">
<pin_list>
<pin id="1177" dir="1" index="0" bw="1" slack="0"/>
</pin_list>
<bind>
<StgValue><ssdm name="kernel_data_V_1_251"/></StgValue>
</bind>
</comp>

<comp id="1178" class="1000" name="kernel_data_V_1_252">
<pin_list>
<pin id="1179" dir="1" index="0" bw="1" slack="0"/>
</pin_list>
<bind>
<StgValue><ssdm name="kernel_data_V_1_252"/></StgValue>
</bind>
</comp>

<comp id="1180" class="1000" name="kernel_data_V_1_253">
<pin_list>
<pin id="1181" dir="1" index="0" bw="1" slack="0"/>
</pin_list>
<bind>
<StgValue><ssdm name="kernel_data_V_1_253"/></StgValue>
</bind>
</comp>

<comp id="1182" class="1000" name="kernel_data_V_1_254">
<pin_list>
<pin id="1183" dir="1" index="0" bw="1" slack="0"/>
</pin_list>
<bind>
<StgValue><ssdm name="kernel_data_V_1_254"/></StgValue>
</bind>
</comp>

<comp id="1184" class="1000" name="kernel_data_V_1_255">
<pin_list>
<pin id="1185" dir="1" index="0" bw="1" slack="0"/>
</pin_list>
<bind>
<StgValue><ssdm name="kernel_data_V_1_255"/></StgValue>
</bind>
</comp>

<comp id="1186" class="1000" name="sX_1">
<pin_list>
<pin id="1187" dir="1" index="0" bw="1" slack="0"/>
</pin_list>
<bind>
<StgValue><ssdm name="sX_1"/></StgValue>
</bind>
</comp>

<comp id="1188" class="1000" name="sY_1">
<pin_list>
<pin id="1189" dir="1" index="0" bw="1" slack="0"/>
</pin_list>
<bind>
<StgValue><ssdm name="sY_1"/></StgValue>
</bind>
</comp>

<comp id="1190" class="1000" name="pY_1">
<pin_list>
<pin id="1191" dir="1" index="0" bw="1" slack="0"/>
</pin_list>
<bind>
<StgValue><ssdm name="pY_1"/></StgValue>
</bind>
</comp>

<comp id="1192" class="1000" name="pX_1">
<pin_list>
<pin id="1193" dir="1" index="0" bw="1" slack="0"/>
</pin_list>
<bind>
<StgValue><ssdm name="pX_1"/></StgValue>
</bind>
</comp>

<comp id="1194" class="1000" name="outidx">
<pin_list>
<pin id="1195" dir="1" index="0" bw="1" slack="0"/>
</pin_list>
<bind>
<StgValue><ssdm name="outidx"/><MemPortTyVec>1 </MemPortTyVec>
</StgValue>
</bind>
</comp>

<comp id="1196" class="1000" name="kernel_data_V_1_0">
<pin_list>
<pin id="1197" dir="1" index="0" bw="1" slack="0"/>
</pin_list>
<bind>
<StgValue><ssdm name="kernel_data_V_1_0"/></StgValue>
</bind>
</comp>

<comp id="1198" class="1000" name="kernel_data_V_1_1">
<pin_list>
<pin id="1199" dir="1" index="0" bw="1" slack="0"/>
</pin_list>
<bind>
<StgValue><ssdm name="kernel_data_V_1_1"/></StgValue>
</bind>
</comp>

<comp id="1200" class="1000" name="kernel_data_V_1_2">
<pin_list>
<pin id="1201" dir="1" index="0" bw="1" slack="0"/>
</pin_list>
<bind>
<StgValue><ssdm name="kernel_data_V_1_2"/></StgValue>
</bind>
</comp>

<comp id="1202" class="1000" name="kernel_data_V_1_3">
<pin_list>
<pin id="1203" dir="1" index="0" bw="1" slack="0"/>
</pin_list>
<bind>
<StgValue><ssdm name="kernel_data_V_1_3"/></StgValue>
</bind>
</comp>

<comp id="1204" class="1000" name="kernel_data_V_1_4">
<pin_list>
<pin id="1205" dir="1" index="0" bw="1" slack="0"/>
</pin_list>
<bind>
<StgValue><ssdm name="kernel_data_V_1_4"/></StgValue>
</bind>
</comp>

<comp id="1206" class="1000" name="kernel_data_V_1_5">
<pin_list>
<pin id="1207" dir="1" index="0" bw="1" slack="0"/>
</pin_list>
<bind>
<StgValue><ssdm name="kernel_data_V_1_5"/></StgValue>
</bind>
</comp>

<comp id="1208" class="1000" name="kernel_data_V_1_6">
<pin_list>
<pin id="1209" dir="1" index="0" bw="1" slack="0"/>
</pin_list>
<bind>
<StgValue><ssdm name="kernel_data_V_1_6"/></StgValue>
</bind>
</comp>

<comp id="1210" class="1000" name="kernel_data_V_1_7">
<pin_list>
<pin id="1211" dir="1" index="0" bw="1" slack="0"/>
</pin_list>
<bind>
<StgValue><ssdm name="kernel_data_V_1_7"/></StgValue>
</bind>
</comp>

<comp id="1212" class="1000" name="kernel_data_V_1_8">
<pin_list>
<pin id="1213" dir="1" index="0" bw="1" slack="0"/>
</pin_list>
<bind>
<StgValue><ssdm name="kernel_data_V_1_8"/></StgValue>
</bind>
</comp>

<comp id="1214" class="1000" name="kernel_data_V_1_9">
<pin_list>
<pin id="1215" dir="1" index="0" bw="1" slack="0"/>
</pin_list>
<bind>
<StgValue><ssdm name="kernel_data_V_1_9"/></StgValue>
</bind>
</comp>

<comp id="1216" class="1000" name="kernel_data_V_1_10">
<pin_list>
<pin id="1217" dir="1" index="0" bw="1" slack="0"/>
</pin_list>
<bind>
<StgValue><ssdm name="kernel_data_V_1_10"/></StgValue>
</bind>
</comp>

<comp id="1218" class="1000" name="kernel_data_V_1_11">
<pin_list>
<pin id="1219" dir="1" index="0" bw="1" slack="0"/>
</pin_list>
<bind>
<StgValue><ssdm name="kernel_data_V_1_11"/></StgValue>
</bind>
</comp>

<comp id="1220" class="1000" name="kernel_data_V_1_12">
<pin_list>
<pin id="1221" dir="1" index="0" bw="1" slack="0"/>
</pin_list>
<bind>
<StgValue><ssdm name="kernel_data_V_1_12"/></StgValue>
</bind>
</comp>

<comp id="1222" class="1000" name="kernel_data_V_1_13">
<pin_list>
<pin id="1223" dir="1" index="0" bw="1" slack="0"/>
</pin_list>
<bind>
<StgValue><ssdm name="kernel_data_V_1_13"/></StgValue>
</bind>
</comp>

<comp id="1224" class="1000" name="kernel_data_V_1_14">
<pin_list>
<pin id="1225" dir="1" index="0" bw="1" slack="0"/>
</pin_list>
<bind>
<StgValue><ssdm name="kernel_data_V_1_14"/></StgValue>
</bind>
</comp>

<comp id="1226" class="1000" name="kernel_data_V_1_15">
<pin_list>
<pin id="1227" dir="1" index="0" bw="1" slack="0"/>
</pin_list>
<bind>
<StgValue><ssdm name="kernel_data_V_1_15"/></StgValue>
</bind>
</comp>

<comp id="1228" class="1000" name="kernel_data_V_1_16">
<pin_list>
<pin id="1229" dir="1" index="0" bw="1" slack="0"/>
</pin_list>
<bind>
<StgValue><ssdm name="kernel_data_V_1_16"/></StgValue>
</bind>
</comp>

<comp id="1230" class="1000" name="kernel_data_V_1_17">
<pin_list>
<pin id="1231" dir="1" index="0" bw="1" slack="0"/>
</pin_list>
<bind>
<StgValue><ssdm name="kernel_data_V_1_17"/></StgValue>
</bind>
</comp>

<comp id="1232" class="1000" name="kernel_data_V_1_18">
<pin_list>
<pin id="1233" dir="1" index="0" bw="1" slack="0"/>
</pin_list>
<bind>
<StgValue><ssdm name="kernel_data_V_1_18"/></StgValue>
</bind>
</comp>

<comp id="1234" class="1000" name="kernel_data_V_1_19">
<pin_list>
<pin id="1235" dir="1" index="0" bw="1" slack="0"/>
</pin_list>
<bind>
<StgValue><ssdm name="kernel_data_V_1_19"/></StgValue>
</bind>
</comp>

<comp id="1236" class="1000" name="kernel_data_V_1_20">
<pin_list>
<pin id="1237" dir="1" index="0" bw="1" slack="0"/>
</pin_list>
<bind>
<StgValue><ssdm name="kernel_data_V_1_20"/></StgValue>
</bind>
</comp>

<comp id="1238" class="1000" name="kernel_data_V_1_21">
<pin_list>
<pin id="1239" dir="1" index="0" bw="1" slack="0"/>
</pin_list>
<bind>
<StgValue><ssdm name="kernel_data_V_1_21"/></StgValue>
</bind>
</comp>

<comp id="1240" class="1000" name="kernel_data_V_1_22">
<pin_list>
<pin id="1241" dir="1" index="0" bw="1" slack="0"/>
</pin_list>
<bind>
<StgValue><ssdm name="kernel_data_V_1_22"/></StgValue>
</bind>
</comp>

<comp id="1242" class="1000" name="kernel_data_V_1_23">
<pin_list>
<pin id="1243" dir="1" index="0" bw="1" slack="0"/>
</pin_list>
<bind>
<StgValue><ssdm name="kernel_data_V_1_23"/></StgValue>
</bind>
</comp>

<comp id="1244" class="1000" name="kernel_data_V_1_24">
<pin_list>
<pin id="1245" dir="1" index="0" bw="1" slack="0"/>
</pin_list>
<bind>
<StgValue><ssdm name="kernel_data_V_1_24"/></StgValue>
</bind>
</comp>

<comp id="1246" class="1000" name="kernel_data_V_1_25">
<pin_list>
<pin id="1247" dir="1" index="0" bw="1" slack="0"/>
</pin_list>
<bind>
<StgValue><ssdm name="kernel_data_V_1_25"/></StgValue>
</bind>
</comp>

<comp id="1248" class="1000" name="kernel_data_V_1_26">
<pin_list>
<pin id="1249" dir="1" index="0" bw="1" slack="0"/>
</pin_list>
<bind>
<StgValue><ssdm name="kernel_data_V_1_26"/></StgValue>
</bind>
</comp>

<comp id="1250" class="1000" name="kernel_data_V_1_27">
<pin_list>
<pin id="1251" dir="1" index="0" bw="1" slack="0"/>
</pin_list>
<bind>
<StgValue><ssdm name="kernel_data_V_1_27"/></StgValue>
</bind>
</comp>

<comp id="1252" class="1000" name="kernel_data_V_1_28">
<pin_list>
<pin id="1253" dir="1" index="0" bw="1" slack="0"/>
</pin_list>
<bind>
<StgValue><ssdm name="kernel_data_V_1_28"/></StgValue>
</bind>
</comp>

<comp id="1254" class="1000" name="kernel_data_V_1_29">
<pin_list>
<pin id="1255" dir="1" index="0" bw="1" slack="0"/>
</pin_list>
<bind>
<StgValue><ssdm name="kernel_data_V_1_29"/></StgValue>
</bind>
</comp>

<comp id="1256" class="1000" name="kernel_data_V_1_30">
<pin_list>
<pin id="1257" dir="1" index="0" bw="1" slack="0"/>
</pin_list>
<bind>
<StgValue><ssdm name="kernel_data_V_1_30"/></StgValue>
</bind>
</comp>

<comp id="1258" class="1000" name="kernel_data_V_1_31">
<pin_list>
<pin id="1259" dir="1" index="0" bw="1" slack="0"/>
</pin_list>
<bind>
<StgValue><ssdm name="kernel_data_V_1_31"/></StgValue>
</bind>
</comp>

<comp id="1260" class="1000" name="kernel_data_V_1_96">
<pin_list>
<pin id="1261" dir="1" index="0" bw="1" slack="0"/>
</pin_list>
<bind>
<StgValue><ssdm name="kernel_data_V_1_96"/></StgValue>
</bind>
</comp>

<comp id="1262" class="1000" name="kernel_data_V_1_97">
<pin_list>
<pin id="1263" dir="1" index="0" bw="1" slack="0"/>
</pin_list>
<bind>
<StgValue><ssdm name="kernel_data_V_1_97"/></StgValue>
</bind>
</comp>

<comp id="1264" class="1000" name="kernel_data_V_1_98">
<pin_list>
<pin id="1265" dir="1" index="0" bw="1" slack="0"/>
</pin_list>
<bind>
<StgValue><ssdm name="kernel_data_V_1_98"/></StgValue>
</bind>
</comp>

<comp id="1266" class="1000" name="kernel_data_V_1_99">
<pin_list>
<pin id="1267" dir="1" index="0" bw="1" slack="0"/>
</pin_list>
<bind>
<StgValue><ssdm name="kernel_data_V_1_99"/></StgValue>
</bind>
</comp>

<comp id="1268" class="1000" name="kernel_data_V_1_100">
<pin_list>
<pin id="1269" dir="1" index="0" bw="1" slack="0"/>
</pin_list>
<bind>
<StgValue><ssdm name="kernel_data_V_1_100"/></StgValue>
</bind>
</comp>

<comp id="1270" class="1000" name="kernel_data_V_1_101">
<pin_list>
<pin id="1271" dir="1" index="0" bw="1" slack="0"/>
</pin_list>
<bind>
<StgValue><ssdm name="kernel_data_V_1_101"/></StgValue>
</bind>
</comp>

<comp id="1272" class="1000" name="kernel_data_V_1_102">
<pin_list>
<pin id="1273" dir="1" index="0" bw="1" slack="0"/>
</pin_list>
<bind>
<StgValue><ssdm name="kernel_data_V_1_102"/></StgValue>
</bind>
</comp>

<comp id="1274" class="1000" name="kernel_data_V_1_103">
<pin_list>
<pin id="1275" dir="1" index="0" bw="1" slack="0"/>
</pin_list>
<bind>
<StgValue><ssdm name="kernel_data_V_1_103"/></StgValue>
</bind>
</comp>

<comp id="1276" class="1000" name="kernel_data_V_1_104">
<pin_list>
<pin id="1277" dir="1" index="0" bw="1" slack="0"/>
</pin_list>
<bind>
<StgValue><ssdm name="kernel_data_V_1_104"/></StgValue>
</bind>
</comp>

<comp id="1278" class="1000" name="kernel_data_V_1_105">
<pin_list>
<pin id="1279" dir="1" index="0" bw="1" slack="0"/>
</pin_list>
<bind>
<StgValue><ssdm name="kernel_data_V_1_105"/></StgValue>
</bind>
</comp>

<comp id="1280" class="1000" name="kernel_data_V_1_106">
<pin_list>
<pin id="1281" dir="1" index="0" bw="1" slack="0"/>
</pin_list>
<bind>
<StgValue><ssdm name="kernel_data_V_1_106"/></StgValue>
</bind>
</comp>

<comp id="1282" class="1000" name="kernel_data_V_1_107">
<pin_list>
<pin id="1283" dir="1" index="0" bw="1" slack="0"/>
</pin_list>
<bind>
<StgValue><ssdm name="kernel_data_V_1_107"/></StgValue>
</bind>
</comp>

<comp id="1284" class="1000" name="kernel_data_V_1_108">
<pin_list>
<pin id="1285" dir="1" index="0" bw="1" slack="0"/>
</pin_list>
<bind>
<StgValue><ssdm name="kernel_data_V_1_108"/></StgValue>
</bind>
</comp>

<comp id="1286" class="1000" name="kernel_data_V_1_109">
<pin_list>
<pin id="1287" dir="1" index="0" bw="1" slack="0"/>
</pin_list>
<bind>
<StgValue><ssdm name="kernel_data_V_1_109"/></StgValue>
</bind>
</comp>

<comp id="1288" class="1000" name="kernel_data_V_1_110">
<pin_list>
<pin id="1289" dir="1" index="0" bw="1" slack="0"/>
</pin_list>
<bind>
<StgValue><ssdm name="kernel_data_V_1_110"/></StgValue>
</bind>
</comp>

<comp id="1290" class="1000" name="kernel_data_V_1_111">
<pin_list>
<pin id="1291" dir="1" index="0" bw="1" slack="0"/>
</pin_list>
<bind>
<StgValue><ssdm name="kernel_data_V_1_111"/></StgValue>
</bind>
</comp>

<comp id="1292" class="1000" name="kernel_data_V_1_112">
<pin_list>
<pin id="1293" dir="1" index="0" bw="1" slack="0"/>
</pin_list>
<bind>
<StgValue><ssdm name="kernel_data_V_1_112"/></StgValue>
</bind>
</comp>

<comp id="1294" class="1000" name="kernel_data_V_1_113">
<pin_list>
<pin id="1295" dir="1" index="0" bw="1" slack="0"/>
</pin_list>
<bind>
<StgValue><ssdm name="kernel_data_V_1_113"/></StgValue>
</bind>
</comp>

<comp id="1296" class="1000" name="kernel_data_V_1_114">
<pin_list>
<pin id="1297" dir="1" index="0" bw="1" slack="0"/>
</pin_list>
<bind>
<StgValue><ssdm name="kernel_data_V_1_114"/></StgValue>
</bind>
</comp>

<comp id="1298" class="1000" name="kernel_data_V_1_115">
<pin_list>
<pin id="1299" dir="1" index="0" bw="1" slack="0"/>
</pin_list>
<bind>
<StgValue><ssdm name="kernel_data_V_1_115"/></StgValue>
</bind>
</comp>

<comp id="1300" class="1000" name="kernel_data_V_1_116">
<pin_list>
<pin id="1301" dir="1" index="0" bw="1" slack="0"/>
</pin_list>
<bind>
<StgValue><ssdm name="kernel_data_V_1_116"/></StgValue>
</bind>
</comp>

<comp id="1302" class="1000" name="kernel_data_V_1_117">
<pin_list>
<pin id="1303" dir="1" index="0" bw="1" slack="0"/>
</pin_list>
<bind>
<StgValue><ssdm name="kernel_data_V_1_117"/></StgValue>
</bind>
</comp>

<comp id="1304" class="1000" name="kernel_data_V_1_118">
<pin_list>
<pin id="1305" dir="1" index="0" bw="1" slack="0"/>
</pin_list>
<bind>
<StgValue><ssdm name="kernel_data_V_1_118"/></StgValue>
</bind>
</comp>

<comp id="1306" class="1000" name="kernel_data_V_1_119">
<pin_list>
<pin id="1307" dir="1" index="0" bw="1" slack="0"/>
</pin_list>
<bind>
<StgValue><ssdm name="kernel_data_V_1_119"/></StgValue>
</bind>
</comp>

<comp id="1308" class="1000" name="kernel_data_V_1_120">
<pin_list>
<pin id="1309" dir="1" index="0" bw="1" slack="0"/>
</pin_list>
<bind>
<StgValue><ssdm name="kernel_data_V_1_120"/></StgValue>
</bind>
</comp>

<comp id="1310" class="1000" name="kernel_data_V_1_121">
<pin_list>
<pin id="1311" dir="1" index="0" bw="1" slack="0"/>
</pin_list>
<bind>
<StgValue><ssdm name="kernel_data_V_1_121"/></StgValue>
</bind>
</comp>

<comp id="1312" class="1000" name="kernel_data_V_1_122">
<pin_list>
<pin id="1313" dir="1" index="0" bw="1" slack="0"/>
</pin_list>
<bind>
<StgValue><ssdm name="kernel_data_V_1_122"/></StgValue>
</bind>
</comp>

<comp id="1314" class="1000" name="kernel_data_V_1_123">
<pin_list>
<pin id="1315" dir="1" index="0" bw="1" slack="0"/>
</pin_list>
<bind>
<StgValue><ssdm name="kernel_data_V_1_123"/></StgValue>
</bind>
</comp>

<comp id="1316" class="1000" name="kernel_data_V_1_124">
<pin_list>
<pin id="1317" dir="1" index="0" bw="1" slack="0"/>
</pin_list>
<bind>
<StgValue><ssdm name="kernel_data_V_1_124"/></StgValue>
</bind>
</comp>

<comp id="1318" class="1000" name="kernel_data_V_1_125">
<pin_list>
<pin id="1319" dir="1" index="0" bw="1" slack="0"/>
</pin_list>
<bind>
<StgValue><ssdm name="kernel_data_V_1_125"/></StgValue>
</bind>
</comp>

<comp id="1320" class="1000" name="kernel_data_V_1_126">
<pin_list>
<pin id="1321" dir="1" index="0" bw="1" slack="0"/>
</pin_list>
<bind>
<StgValue><ssdm name="kernel_data_V_1_126"/></StgValue>
</bind>
</comp>

<comp id="1322" class="1000" name="kernel_data_V_1_127">
<pin_list>
<pin id="1323" dir="1" index="0" bw="1" slack="0"/>
</pin_list>
<bind>
<StgValue><ssdm name="kernel_data_V_1_127"/></StgValue>
</bind>
</comp>

<comp id="1324" class="1000" name="kernel_data_V_1_192">
<pin_list>
<pin id="1325" dir="1" index="0" bw="1" slack="0"/>
</pin_list>
<bind>
<StgValue><ssdm name="kernel_data_V_1_192"/></StgValue>
</bind>
</comp>

<comp id="1326" class="1000" name="kernel_data_V_1_193">
<pin_list>
<pin id="1327" dir="1" index="0" bw="1" slack="0"/>
</pin_list>
<bind>
<StgValue><ssdm name="kernel_data_V_1_193"/></StgValue>
</bind>
</comp>

<comp id="1328" class="1000" name="kernel_data_V_1_194">
<pin_list>
<pin id="1329" dir="1" index="0" bw="1" slack="0"/>
</pin_list>
<bind>
<StgValue><ssdm name="kernel_data_V_1_194"/></StgValue>
</bind>
</comp>

<comp id="1330" class="1000" name="kernel_data_V_1_195">
<pin_list>
<pin id="1331" dir="1" index="0" bw="1" slack="0"/>
</pin_list>
<bind>
<StgValue><ssdm name="kernel_data_V_1_195"/></StgValue>
</bind>
</comp>

<comp id="1332" class="1000" name="kernel_data_V_1_196">
<pin_list>
<pin id="1333" dir="1" index="0" bw="1" slack="0"/>
</pin_list>
<bind>
<StgValue><ssdm name="kernel_data_V_1_196"/></StgValue>
</bind>
</comp>

<comp id="1334" class="1000" name="kernel_data_V_1_197">
<pin_list>
<pin id="1335" dir="1" index="0" bw="1" slack="0"/>
</pin_list>
<bind>
<StgValue><ssdm name="kernel_data_V_1_197"/></StgValue>
</bind>
</comp>

<comp id="1336" class="1000" name="kernel_data_V_1_198">
<pin_list>
<pin id="1337" dir="1" index="0" bw="1" slack="0"/>
</pin_list>
<bind>
<StgValue><ssdm name="kernel_data_V_1_198"/></StgValue>
</bind>
</comp>

<comp id="1338" class="1000" name="kernel_data_V_1_199">
<pin_list>
<pin id="1339" dir="1" index="0" bw="1" slack="0"/>
</pin_list>
<bind>
<StgValue><ssdm name="kernel_data_V_1_199"/></StgValue>
</bind>
</comp>

<comp id="1340" class="1000" name="kernel_data_V_1_200">
<pin_list>
<pin id="1341" dir="1" index="0" bw="1" slack="0"/>
</pin_list>
<bind>
<StgValue><ssdm name="kernel_data_V_1_200"/></StgValue>
</bind>
</comp>

<comp id="1342" class="1000" name="kernel_data_V_1_201">
<pin_list>
<pin id="1343" dir="1" index="0" bw="1" slack="0"/>
</pin_list>
<bind>
<StgValue><ssdm name="kernel_data_V_1_201"/></StgValue>
</bind>
</comp>

<comp id="1344" class="1000" name="kernel_data_V_1_202">
<pin_list>
<pin id="1345" dir="1" index="0" bw="1" slack="0"/>
</pin_list>
<bind>
<StgValue><ssdm name="kernel_data_V_1_202"/></StgValue>
</bind>
</comp>

<comp id="1346" class="1000" name="kernel_data_V_1_203">
<pin_list>
<pin id="1347" dir="1" index="0" bw="1" slack="0"/>
</pin_list>
<bind>
<StgValue><ssdm name="kernel_data_V_1_203"/></StgValue>
</bind>
</comp>

<comp id="1348" class="1000" name="kernel_data_V_1_204">
<pin_list>
<pin id="1349" dir="1" index="0" bw="1" slack="0"/>
</pin_list>
<bind>
<StgValue><ssdm name="kernel_data_V_1_204"/></StgValue>
</bind>
</comp>

<comp id="1350" class="1000" name="kernel_data_V_1_205">
<pin_list>
<pin id="1351" dir="1" index="0" bw="1" slack="0"/>
</pin_list>
<bind>
<StgValue><ssdm name="kernel_data_V_1_205"/></StgValue>
</bind>
</comp>

<comp id="1352" class="1000" name="kernel_data_V_1_206">
<pin_list>
<pin id="1353" dir="1" index="0" bw="1" slack="0"/>
</pin_list>
<bind>
<StgValue><ssdm name="kernel_data_V_1_206"/></StgValue>
</bind>
</comp>

<comp id="1354" class="1000" name="kernel_data_V_1_207">
<pin_list>
<pin id="1355" dir="1" index="0" bw="1" slack="0"/>
</pin_list>
<bind>
<StgValue><ssdm name="kernel_data_V_1_207"/></StgValue>
</bind>
</comp>

<comp id="1356" class="1000" name="kernel_data_V_1_208">
<pin_list>
<pin id="1357" dir="1" index="0" bw="1" slack="0"/>
</pin_list>
<bind>
<StgValue><ssdm name="kernel_data_V_1_208"/></StgValue>
</bind>
</comp>

<comp id="1358" class="1000" name="kernel_data_V_1_209">
<pin_list>
<pin id="1359" dir="1" index="0" bw="1" slack="0"/>
</pin_list>
<bind>
<StgValue><ssdm name="kernel_data_V_1_209"/></StgValue>
</bind>
</comp>

<comp id="1360" class="1000" name="kernel_data_V_1_210">
<pin_list>
<pin id="1361" dir="1" index="0" bw="1" slack="0"/>
</pin_list>
<bind>
<StgValue><ssdm name="kernel_data_V_1_210"/></StgValue>
</bind>
</comp>

<comp id="1362" class="1000" name="kernel_data_V_1_211">
<pin_list>
<pin id="1363" dir="1" index="0" bw="1" slack="0"/>
</pin_list>
<bind>
<StgValue><ssdm name="kernel_data_V_1_211"/></StgValue>
</bind>
</comp>

<comp id="1364" class="1000" name="kernel_data_V_1_212">
<pin_list>
<pin id="1365" dir="1" index="0" bw="1" slack="0"/>
</pin_list>
<bind>
<StgValue><ssdm name="kernel_data_V_1_212"/></StgValue>
</bind>
</comp>

<comp id="1366" class="1000" name="kernel_data_V_1_213">
<pin_list>
<pin id="1367" dir="1" index="0" bw="1" slack="0"/>
</pin_list>
<bind>
<StgValue><ssdm name="kernel_data_V_1_213"/></StgValue>
</bind>
</comp>

<comp id="1368" class="1000" name="kernel_data_V_1_214">
<pin_list>
<pin id="1369" dir="1" index="0" bw="1" slack="0"/>
</pin_list>
<bind>
<StgValue><ssdm name="kernel_data_V_1_214"/></StgValue>
</bind>
</comp>

<comp id="1370" class="1000" name="kernel_data_V_1_215">
<pin_list>
<pin id="1371" dir="1" index="0" bw="1" slack="0"/>
</pin_list>
<bind>
<StgValue><ssdm name="kernel_data_V_1_215"/></StgValue>
</bind>
</comp>

<comp id="1372" class="1000" name="kernel_data_V_1_216">
<pin_list>
<pin id="1373" dir="1" index="0" bw="1" slack="0"/>
</pin_list>
<bind>
<StgValue><ssdm name="kernel_data_V_1_216"/></StgValue>
</bind>
</comp>

<comp id="1374" class="1000" name="kernel_data_V_1_217">
<pin_list>
<pin id="1375" dir="1" index="0" bw="1" slack="0"/>
</pin_list>
<bind>
<StgValue><ssdm name="kernel_data_V_1_217"/></StgValue>
</bind>
</comp>

<comp id="1376" class="1000" name="kernel_data_V_1_218">
<pin_list>
<pin id="1377" dir="1" index="0" bw="1" slack="0"/>
</pin_list>
<bind>
<StgValue><ssdm name="kernel_data_V_1_218"/></StgValue>
</bind>
</comp>

<comp id="1378" class="1000" name="kernel_data_V_1_219">
<pin_list>
<pin id="1379" dir="1" index="0" bw="1" slack="0"/>
</pin_list>
<bind>
<StgValue><ssdm name="kernel_data_V_1_219"/></StgValue>
</bind>
</comp>

<comp id="1380" class="1000" name="kernel_data_V_1_220">
<pin_list>
<pin id="1381" dir="1" index="0" bw="1" slack="0"/>
</pin_list>
<bind>
<StgValue><ssdm name="kernel_data_V_1_220"/></StgValue>
</bind>
</comp>

<comp id="1382" class="1000" name="kernel_data_V_1_221">
<pin_list>
<pin id="1383" dir="1" index="0" bw="1" slack="0"/>
</pin_list>
<bind>
<StgValue><ssdm name="kernel_data_V_1_221"/></StgValue>
</bind>
</comp>

<comp id="1384" class="1000" name="kernel_data_V_1_222">
<pin_list>
<pin id="1385" dir="1" index="0" bw="1" slack="0"/>
</pin_list>
<bind>
<StgValue><ssdm name="kernel_data_V_1_222"/></StgValue>
</bind>
</comp>

<comp id="1386" class="1000" name="kernel_data_V_1_223">
<pin_list>
<pin id="1387" dir="1" index="0" bw="1" slack="0"/>
</pin_list>
<bind>
<StgValue><ssdm name="kernel_data_V_1_223"/></StgValue>
</bind>
</comp>

<comp id="1388" class="1000" name="w8_V">
<pin_list>
<pin id="1389" dir="1" index="0" bw="1" slack="0"/>
</pin_list>
<bind>
<StgValue><ssdm name="w8_V"/><MemPortTyVec>1 </MemPortTyVec>
</StgValue>
</bind>
</comp>

<comp id="1390" class="1000" name="line_buffer_Array_V_1_0_0">
<pin_list>
<pin id="1391" dir="1" index="0" bw="1" slack="0"/>
</pin_list>
<bind>
<StgValue><ssdm name="line_buffer_Array_V_1_0_0"/><MemPortTyVec>2 </MemPortTyVec>
</StgValue>
</bind>
</comp>

<comp id="1392" class="1000" name="line_buffer_Array_V_1_0_1">
<pin_list>
<pin id="1393" dir="1" index="0" bw="1" slack="0"/>
</pin_list>
<bind>
<StgValue><ssdm name="line_buffer_Array_V_1_0_1"/><MemPortTyVec>2 </MemPortTyVec>
</StgValue>
</bind>
</comp>

<comp id="1394" class="1000" name="line_buffer_Array_V_1_0_2">
<pin_list>
<pin id="1395" dir="1" index="0" bw="1" slack="0"/>
</pin_list>
<bind>
<StgValue><ssdm name="line_buffer_Array_V_1_0_2"/><MemPortTyVec>2 </MemPortTyVec>
</StgValue>
</bind>
</comp>

<comp id="1396" class="1000" name="line_buffer_Array_V_1_0_3">
<pin_list>
<pin id="1397" dir="1" index="0" bw="1" slack="0"/>
</pin_list>
<bind>
<StgValue><ssdm name="line_buffer_Array_V_1_0_3"/><MemPortTyVec>2 </MemPortTyVec>
</StgValue>
</bind>
</comp>

<comp id="1398" class="1000" name="line_buffer_Array_V_1_0_4">
<pin_list>
<pin id="1399" dir="1" index="0" bw="1" slack="0"/>
</pin_list>
<bind>
<StgValue><ssdm name="line_buffer_Array_V_1_0_4"/><MemPortTyVec>2 </MemPortTyVec>
</StgValue>
</bind>
</comp>

<comp id="1400" class="1000" name="line_buffer_Array_V_1_0_5">
<pin_list>
<pin id="1401" dir="1" index="0" bw="1" slack="0"/>
</pin_list>
<bind>
<StgValue><ssdm name="line_buffer_Array_V_1_0_5"/><MemPortTyVec>2 </MemPortTyVec>
</StgValue>
</bind>
</comp>

<comp id="1402" class="1000" name="line_buffer_Array_V_1_0_6">
<pin_list>
<pin id="1403" dir="1" index="0" bw="1" slack="0"/>
</pin_list>
<bind>
<StgValue><ssdm name="line_buffer_Array_V_1_0_6"/><MemPortTyVec>2 </MemPortTyVec>
</StgValue>
</bind>
</comp>

<comp id="1404" class="1000" name="line_buffer_Array_V_1_0_7">
<pin_list>
<pin id="1405" dir="1" index="0" bw="1" slack="0"/>
</pin_list>
<bind>
<StgValue><ssdm name="line_buffer_Array_V_1_0_7"/><MemPortTyVec>2 </MemPortTyVec>
</StgValue>
</bind>
</comp>

<comp id="1406" class="1000" name="line_buffer_Array_V_1_0_8">
<pin_list>
<pin id="1407" dir="1" index="0" bw="1" slack="0"/>
</pin_list>
<bind>
<StgValue><ssdm name="line_buffer_Array_V_1_0_8"/><MemPortTyVec>2 </MemPortTyVec>
</StgValue>
</bind>
</comp>

<comp id="1408" class="1000" name="line_buffer_Array_V_1_0_9">
<pin_list>
<pin id="1409" dir="1" index="0" bw="1" slack="0"/>
</pin_list>
<bind>
<StgValue><ssdm name="line_buffer_Array_V_1_0_9"/><MemPortTyVec>2 </MemPortTyVec>
</StgValue>
</bind>
</comp>

<comp id="1410" class="1000" name="line_buffer_Array_V_1_0_10">
<pin_list>
<pin id="1411" dir="1" index="0" bw="1" slack="0"/>
</pin_list>
<bind>
<StgValue><ssdm name="line_buffer_Array_V_1_0_10"/><MemPortTyVec>2 </MemPortTyVec>
</StgValue>
</bind>
</comp>

<comp id="1412" class="1000" name="line_buffer_Array_V_1_0_11">
<pin_list>
<pin id="1413" dir="1" index="0" bw="1" slack="0"/>
</pin_list>
<bind>
<StgValue><ssdm name="line_buffer_Array_V_1_0_11"/><MemPortTyVec>2 </MemPortTyVec>
</StgValue>
</bind>
</comp>

<comp id="1414" class="1000" name="line_buffer_Array_V_1_0_12">
<pin_list>
<pin id="1415" dir="1" index="0" bw="1" slack="0"/>
</pin_list>
<bind>
<StgValue><ssdm name="line_buffer_Array_V_1_0_12"/><MemPortTyVec>2 </MemPortTyVec>
</StgValue>
</bind>
</comp>

<comp id="1416" class="1000" name="line_buffer_Array_V_1_0_13">
<pin_list>
<pin id="1417" dir="1" index="0" bw="1" slack="0"/>
</pin_list>
<bind>
<StgValue><ssdm name="line_buffer_Array_V_1_0_13"/><MemPortTyVec>2 </MemPortTyVec>
</StgValue>
</bind>
</comp>

<comp id="1418" class="1000" name="line_buffer_Array_V_1_0_14">
<pin_list>
<pin id="1419" dir="1" index="0" bw="1" slack="0"/>
</pin_list>
<bind>
<StgValue><ssdm name="line_buffer_Array_V_1_0_14"/><MemPortTyVec>2 </MemPortTyVec>
</StgValue>
</bind>
</comp>

<comp id="1420" class="1000" name="line_buffer_Array_V_1_0_15">
<pin_list>
<pin id="1421" dir="1" index="0" bw="1" slack="0"/>
</pin_list>
<bind>
<StgValue><ssdm name="line_buffer_Array_V_1_0_15"/><MemPortTyVec>2 </MemPortTyVec>
</StgValue>
</bind>
</comp>

<comp id="1422" class="1000" name="line_buffer_Array_V_1_0_16">
<pin_list>
<pin id="1423" dir="1" index="0" bw="1" slack="0"/>
</pin_list>
<bind>
<StgValue><ssdm name="line_buffer_Array_V_1_0_16"/><MemPortTyVec>2 </MemPortTyVec>
</StgValue>
</bind>
</comp>

<comp id="1424" class="1000" name="line_buffer_Array_V_1_0_17">
<pin_list>
<pin id="1425" dir="1" index="0" bw="1" slack="0"/>
</pin_list>
<bind>
<StgValue><ssdm name="line_buffer_Array_V_1_0_17"/><MemPortTyVec>2 </MemPortTyVec>
</StgValue>
</bind>
</comp>

<comp id="1426" class="1000" name="line_buffer_Array_V_1_0_18">
<pin_list>
<pin id="1427" dir="1" index="0" bw="1" slack="0"/>
</pin_list>
<bind>
<StgValue><ssdm name="line_buffer_Array_V_1_0_18"/><MemPortTyVec>2 </MemPortTyVec>
</StgValue>
</bind>
</comp>

<comp id="1428" class="1000" name="line_buffer_Array_V_1_0_19">
<pin_list>
<pin id="1429" dir="1" index="0" bw="1" slack="0"/>
</pin_list>
<bind>
<StgValue><ssdm name="line_buffer_Array_V_1_0_19"/><MemPortTyVec>2 </MemPortTyVec>
</StgValue>
</bind>
</comp>

<comp id="1430" class="1000" name="line_buffer_Array_V_1_0_20">
<pin_list>
<pin id="1431" dir="1" index="0" bw="1" slack="0"/>
</pin_list>
<bind>
<StgValue><ssdm name="line_buffer_Array_V_1_0_20"/><MemPortTyVec>2 </MemPortTyVec>
</StgValue>
</bind>
</comp>

<comp id="1432" class="1000" name="line_buffer_Array_V_1_0_21">
<pin_list>
<pin id="1433" dir="1" index="0" bw="1" slack="0"/>
</pin_list>
<bind>
<StgValue><ssdm name="line_buffer_Array_V_1_0_21"/><MemPortTyVec>2 </MemPortTyVec>
</StgValue>
</bind>
</comp>

<comp id="1434" class="1000" name="line_buffer_Array_V_1_0_22">
<pin_list>
<pin id="1435" dir="1" index="0" bw="1" slack="0"/>
</pin_list>
<bind>
<StgValue><ssdm name="line_buffer_Array_V_1_0_22"/><MemPortTyVec>2 </MemPortTyVec>
</StgValue>
</bind>
</comp>

<comp id="1436" class="1000" name="line_buffer_Array_V_1_0_23">
<pin_list>
<pin id="1437" dir="1" index="0" bw="1" slack="0"/>
</pin_list>
<bind>
<StgValue><ssdm name="line_buffer_Array_V_1_0_23"/><MemPortTyVec>2 </MemPortTyVec>
</StgValue>
</bind>
</comp>

<comp id="1438" class="1000" name="line_buffer_Array_V_1_0_24">
<pin_list>
<pin id="1439" dir="1" index="0" bw="1" slack="0"/>
</pin_list>
<bind>
<StgValue><ssdm name="line_buffer_Array_V_1_0_24"/><MemPortTyVec>2 </MemPortTyVec>
</StgValue>
</bind>
</comp>

<comp id="1440" class="1000" name="line_buffer_Array_V_1_0_25">
<pin_list>
<pin id="1441" dir="1" index="0" bw="1" slack="0"/>
</pin_list>
<bind>
<StgValue><ssdm name="line_buffer_Array_V_1_0_25"/><MemPortTyVec>2 </MemPortTyVec>
</StgValue>
</bind>
</comp>

<comp id="1442" class="1000" name="line_buffer_Array_V_1_0_26">
<pin_list>
<pin id="1443" dir="1" index="0" bw="1" slack="0"/>
</pin_list>
<bind>
<StgValue><ssdm name="line_buffer_Array_V_1_0_26"/><MemPortTyVec>2 </MemPortTyVec>
</StgValue>
</bind>
</comp>

<comp id="1444" class="1000" name="line_buffer_Array_V_1_0_27">
<pin_list>
<pin id="1445" dir="1" index="0" bw="1" slack="0"/>
</pin_list>
<bind>
<StgValue><ssdm name="line_buffer_Array_V_1_0_27"/><MemPortTyVec>2 </MemPortTyVec>
</StgValue>
</bind>
</comp>

<comp id="1446" class="1000" name="line_buffer_Array_V_1_0_28">
<pin_list>
<pin id="1447" dir="1" index="0" bw="1" slack="0"/>
</pin_list>
<bind>
<StgValue><ssdm name="line_buffer_Array_V_1_0_28"/><MemPortTyVec>2 </MemPortTyVec>
</StgValue>
</bind>
</comp>

<comp id="1448" class="1000" name="line_buffer_Array_V_1_0_29">
<pin_list>
<pin id="1449" dir="1" index="0" bw="1" slack="0"/>
</pin_list>
<bind>
<StgValue><ssdm name="line_buffer_Array_V_1_0_29"/><MemPortTyVec>2 </MemPortTyVec>
</StgValue>
</bind>
</comp>

<comp id="1450" class="1000" name="line_buffer_Array_V_1_0_30">
<pin_list>
<pin id="1451" dir="1" index="0" bw="1" slack="0"/>
</pin_list>
<bind>
<StgValue><ssdm name="line_buffer_Array_V_1_0_30"/><MemPortTyVec>2 </MemPortTyVec>
</StgValue>
</bind>
</comp>

<comp id="1452" class="1000" name="line_buffer_Array_V_1_0_31">
<pin_list>
<pin id="1453" dir="1" index="0" bw="1" slack="0"/>
</pin_list>
<bind>
<StgValue><ssdm name="line_buffer_Array_V_1_0_31"/><MemPortTyVec>2 </MemPortTyVec>
</StgValue>
</bind>
</comp>

<comp id="1454" class="1000" name="line_buffer_Array_V_1_1_0">
<pin_list>
<pin id="1455" dir="1" index="0" bw="1" slack="0"/>
</pin_list>
<bind>
<StgValue><ssdm name="line_buffer_Array_V_1_1_0"/><MemPortTyVec>2 </MemPortTyVec>
</StgValue>
</bind>
</comp>

<comp id="1456" class="1000" name="line_buffer_Array_V_1_1_1">
<pin_list>
<pin id="1457" dir="1" index="0" bw="1" slack="0"/>
</pin_list>
<bind>
<StgValue><ssdm name="line_buffer_Array_V_1_1_1"/><MemPortTyVec>2 </MemPortTyVec>
</StgValue>
</bind>
</comp>

<comp id="1458" class="1000" name="line_buffer_Array_V_1_1_2">
<pin_list>
<pin id="1459" dir="1" index="0" bw="1" slack="0"/>
</pin_list>
<bind>
<StgValue><ssdm name="line_buffer_Array_V_1_1_2"/><MemPortTyVec>2 </MemPortTyVec>
</StgValue>
</bind>
</comp>

<comp id="1460" class="1000" name="line_buffer_Array_V_1_1_3">
<pin_list>
<pin id="1461" dir="1" index="0" bw="1" slack="0"/>
</pin_list>
<bind>
<StgValue><ssdm name="line_buffer_Array_V_1_1_3"/><MemPortTyVec>2 </MemPortTyVec>
</StgValue>
</bind>
</comp>

<comp id="1462" class="1000" name="line_buffer_Array_V_1_1_4">
<pin_list>
<pin id="1463" dir="1" index="0" bw="1" slack="0"/>
</pin_list>
<bind>
<StgValue><ssdm name="line_buffer_Array_V_1_1_4"/><MemPortTyVec>2 </MemPortTyVec>
</StgValue>
</bind>
</comp>

<comp id="1464" class="1000" name="line_buffer_Array_V_1_1_5">
<pin_list>
<pin id="1465" dir="1" index="0" bw="1" slack="0"/>
</pin_list>
<bind>
<StgValue><ssdm name="line_buffer_Array_V_1_1_5"/><MemPortTyVec>2 </MemPortTyVec>
</StgValue>
</bind>
</comp>

<comp id="1466" class="1000" name="line_buffer_Array_V_1_1_6">
<pin_list>
<pin id="1467" dir="1" index="0" bw="1" slack="0"/>
</pin_list>
<bind>
<StgValue><ssdm name="line_buffer_Array_V_1_1_6"/><MemPortTyVec>2 </MemPortTyVec>
</StgValue>
</bind>
</comp>

<comp id="1468" class="1000" name="line_buffer_Array_V_1_1_7">
<pin_list>
<pin id="1469" dir="1" index="0" bw="1" slack="0"/>
</pin_list>
<bind>
<StgValue><ssdm name="line_buffer_Array_V_1_1_7"/><MemPortTyVec>2 </MemPortTyVec>
</StgValue>
</bind>
</comp>

<comp id="1470" class="1000" name="line_buffer_Array_V_1_1_8">
<pin_list>
<pin id="1471" dir="1" index="0" bw="1" slack="0"/>
</pin_list>
<bind>
<StgValue><ssdm name="line_buffer_Array_V_1_1_8"/><MemPortTyVec>2 </MemPortTyVec>
</StgValue>
</bind>
</comp>

<comp id="1472" class="1000" name="line_buffer_Array_V_1_1_9">
<pin_list>
<pin id="1473" dir="1" index="0" bw="1" slack="0"/>
</pin_list>
<bind>
<StgValue><ssdm name="line_buffer_Array_V_1_1_9"/><MemPortTyVec>2 </MemPortTyVec>
</StgValue>
</bind>
</comp>

<comp id="1474" class="1000" name="line_buffer_Array_V_1_1_10">
<pin_list>
<pin id="1475" dir="1" index="0" bw="1" slack="0"/>
</pin_list>
<bind>
<StgValue><ssdm name="line_buffer_Array_V_1_1_10"/><MemPortTyVec>2 </MemPortTyVec>
</StgValue>
</bind>
</comp>

<comp id="1476" class="1000" name="line_buffer_Array_V_1_1_11">
<pin_list>
<pin id="1477" dir="1" index="0" bw="1" slack="0"/>
</pin_list>
<bind>
<StgValue><ssdm name="line_buffer_Array_V_1_1_11"/><MemPortTyVec>2 </MemPortTyVec>
</StgValue>
</bind>
</comp>

<comp id="1478" class="1000" name="line_buffer_Array_V_1_1_12">
<pin_list>
<pin id="1479" dir="1" index="0" bw="1" slack="0"/>
</pin_list>
<bind>
<StgValue><ssdm name="line_buffer_Array_V_1_1_12"/><MemPortTyVec>2 </MemPortTyVec>
</StgValue>
</bind>
</comp>

<comp id="1480" class="1000" name="line_buffer_Array_V_1_1_13">
<pin_list>
<pin id="1481" dir="1" index="0" bw="1" slack="0"/>
</pin_list>
<bind>
<StgValue><ssdm name="line_buffer_Array_V_1_1_13"/><MemPortTyVec>2 </MemPortTyVec>
</StgValue>
</bind>
</comp>

<comp id="1482" class="1000" name="line_buffer_Array_V_1_1_14">
<pin_list>
<pin id="1483" dir="1" index="0" bw="1" slack="0"/>
</pin_list>
<bind>
<StgValue><ssdm name="line_buffer_Array_V_1_1_14"/><MemPortTyVec>2 </MemPortTyVec>
</StgValue>
</bind>
</comp>

<comp id="1484" class="1000" name="line_buffer_Array_V_1_1_15">
<pin_list>
<pin id="1485" dir="1" index="0" bw="1" slack="0"/>
</pin_list>
<bind>
<StgValue><ssdm name="line_buffer_Array_V_1_1_15"/><MemPortTyVec>2 </MemPortTyVec>
</StgValue>
</bind>
</comp>

<comp id="1486" class="1000" name="line_buffer_Array_V_1_1_16">
<pin_list>
<pin id="1487" dir="1" index="0" bw="1" slack="0"/>
</pin_list>
<bind>
<StgValue><ssdm name="line_buffer_Array_V_1_1_16"/><MemPortTyVec>2 </MemPortTyVec>
</StgValue>
</bind>
</comp>

<comp id="1488" class="1000" name="line_buffer_Array_V_1_1_17">
<pin_list>
<pin id="1489" dir="1" index="0" bw="1" slack="0"/>
</pin_list>
<bind>
<StgValue><ssdm name="line_buffer_Array_V_1_1_17"/><MemPortTyVec>2 </MemPortTyVec>
</StgValue>
</bind>
</comp>

<comp id="1490" class="1000" name="line_buffer_Array_V_1_1_18">
<pin_list>
<pin id="1491" dir="1" index="0" bw="1" slack="0"/>
</pin_list>
<bind>
<StgValue><ssdm name="line_buffer_Array_V_1_1_18"/><MemPortTyVec>2 </MemPortTyVec>
</StgValue>
</bind>
</comp>

<comp id="1492" class="1000" name="line_buffer_Array_V_1_1_19">
<pin_list>
<pin id="1493" dir="1" index="0" bw="1" slack="0"/>
</pin_list>
<bind>
<StgValue><ssdm name="line_buffer_Array_V_1_1_19"/><MemPortTyVec>2 </MemPortTyVec>
</StgValue>
</bind>
</comp>

<comp id="1494" class="1000" name="line_buffer_Array_V_1_1_20">
<pin_list>
<pin id="1495" dir="1" index="0" bw="1" slack="0"/>
</pin_list>
<bind>
<StgValue><ssdm name="line_buffer_Array_V_1_1_20"/><MemPortTyVec>2 </MemPortTyVec>
</StgValue>
</bind>
</comp>

<comp id="1496" class="1000" name="line_buffer_Array_V_1_1_21">
<pin_list>
<pin id="1497" dir="1" index="0" bw="1" slack="0"/>
</pin_list>
<bind>
<StgValue><ssdm name="line_buffer_Array_V_1_1_21"/><MemPortTyVec>2 </MemPortTyVec>
</StgValue>
</bind>
</comp>

<comp id="1498" class="1000" name="line_buffer_Array_V_1_1_22">
<pin_list>
<pin id="1499" dir="1" index="0" bw="1" slack="0"/>
</pin_list>
<bind>
<StgValue><ssdm name="line_buffer_Array_V_1_1_22"/><MemPortTyVec>2 </MemPortTyVec>
</StgValue>
</bind>
</comp>

<comp id="1500" class="1000" name="line_buffer_Array_V_1_1_23">
<pin_list>
<pin id="1501" dir="1" index="0" bw="1" slack="0"/>
</pin_list>
<bind>
<StgValue><ssdm name="line_buffer_Array_V_1_1_23"/><MemPortTyVec>2 </MemPortTyVec>
</StgValue>
</bind>
</comp>

<comp id="1502" class="1000" name="line_buffer_Array_V_1_1_24">
<pin_list>
<pin id="1503" dir="1" index="0" bw="1" slack="0"/>
</pin_list>
<bind>
<StgValue><ssdm name="line_buffer_Array_V_1_1_24"/><MemPortTyVec>2 </MemPortTyVec>
</StgValue>
</bind>
</comp>

<comp id="1504" class="1000" name="line_buffer_Array_V_1_1_25">
<pin_list>
<pin id="1505" dir="1" index="0" bw="1" slack="0"/>
</pin_list>
<bind>
<StgValue><ssdm name="line_buffer_Array_V_1_1_25"/><MemPortTyVec>2 </MemPortTyVec>
</StgValue>
</bind>
</comp>

<comp id="1506" class="1000" name="line_buffer_Array_V_1_1_26">
<pin_list>
<pin id="1507" dir="1" index="0" bw="1" slack="0"/>
</pin_list>
<bind>
<StgValue><ssdm name="line_buffer_Array_V_1_1_26"/><MemPortTyVec>2 </MemPortTyVec>
</StgValue>
</bind>
</comp>

<comp id="1508" class="1000" name="line_buffer_Array_V_1_1_27">
<pin_list>
<pin id="1509" dir="1" index="0" bw="1" slack="0"/>
</pin_list>
<bind>
<StgValue><ssdm name="line_buffer_Array_V_1_1_27"/><MemPortTyVec>2 </MemPortTyVec>
</StgValue>
</bind>
</comp>

<comp id="1510" class="1000" name="line_buffer_Array_V_1_1_28">
<pin_list>
<pin id="1511" dir="1" index="0" bw="1" slack="0"/>
</pin_list>
<bind>
<StgValue><ssdm name="line_buffer_Array_V_1_1_28"/><MemPortTyVec>2 </MemPortTyVec>
</StgValue>
</bind>
</comp>

<comp id="1512" class="1000" name="line_buffer_Array_V_1_1_29">
<pin_list>
<pin id="1513" dir="1" index="0" bw="1" slack="0"/>
</pin_list>
<bind>
<StgValue><ssdm name="line_buffer_Array_V_1_1_29"/><MemPortTyVec>2 </MemPortTyVec>
</StgValue>
</bind>
</comp>

<comp id="1514" class="1000" name="line_buffer_Array_V_1_1_30">
<pin_list>
<pin id="1515" dir="1" index="0" bw="1" slack="0"/>
</pin_list>
<bind>
<StgValue><ssdm name="line_buffer_Array_V_1_1_30"/><MemPortTyVec>2 </MemPortTyVec>
</StgValue>
</bind>
</comp>

<comp id="1516" class="1000" name="line_buffer_Array_V_1_1_31">
<pin_list>
<pin id="1517" dir="1" index="0" bw="1" slack="0"/>
</pin_list>
<bind>
<StgValue><ssdm name="line_buffer_Array_V_1_1_31"/><MemPortTyVec>2 </MemPortTyVec>
</StgValue>
</bind>
</comp>

<comp id="1518" class="1000" name="w12_V">
<pin_list>
<pin id="1519" dir="1" index="0" bw="1" slack="0"/>
</pin_list>
<bind>
<StgValue><ssdm name="w12_V"/><MemPortTyVec>1 </MemPortTyVec>
</StgValue>
</bind>
</comp>

<comp id="1520" class="1001" name="const_1520">
<pin_list>
<pin id="1521" dir="1" index="0" bw="1" slack="0"/>
</pin_list>
<bind>
<StgValue><ssdm name=""/></StgValue>
</bind>
</comp>

<comp id="1522" class="1001" name="const_1522">
<pin_list>
<pin id="1523" dir="1" index="0" bw="1" slack="0"/>
</pin_list>
<bind>
<StgValue><ssdm name="Loop_1_proc195"/></StgValue>
</bind>
</comp>

<comp id="1524" class="1001" name="const_1524">
<pin_list>
<pin id="1525" dir="1" index="0" bw="1" slack="0"/>
</pin_list>
<bind>
<StgValue><ssdm name="myproject"/></StgValue>
</bind>
</comp>

<comp id="1526" class="1001" name="const_1526">
<pin_list>
<pin id="1527" dir="1" index="0" bw="1" slack="0"/>
</pin_list>
<bind>
<StgValue><ssdm name="Block_myproject_axi_.exit50_proc"/></StgValue>
</bind>
</comp>

<comp id="1528" class="1001" name="const_1528">
<pin_list>
<pin id="1529" dir="1" index="0" bw="1" slack="0"/>
</pin_list>
<bind>
<StgValue><ssdm name="Loop_2_proc"/></StgValue>
</bind>
</comp>

<comp id="1530" class="1001" name="const_1530">
<pin_list>
<pin id="1531" dir="1" index="0" bw="1" slack="2147483647"/>
</pin_list>
<bind>
<StgValue><ssdm name="_ssdm_op_SpecDataflowPipeline"/></StgValue>
</bind>
</comp>

<comp id="1532" class="1001" name="const_1532">
<pin_list>
<pin id="1533" dir="1" index="0" bw="1" slack="2147483647"/>
</pin_list>
<bind>
<StgValue><ssdm name=""/></StgValue>
</bind>
</comp>

<comp id="1534" class="1001" name="const_1534">
<pin_list>
<pin id="1535" dir="1" index="0" bw="1" slack="2147483647"/>
</pin_list>
<bind>
<StgValue><ssdm name=""/></StgValue>
</bind>
</comp>

<comp id="1536" class="1001" name="const_1536">
<pin_list>
<pin id="1537" dir="1" index="0" bw="1" slack="2147483647"/>
</pin_list>
<bind>
<StgValue><ssdm name="p_str2"/></StgValue>
</bind>
</comp>

<comp id="1538" class="1001" name="const_1538">
<pin_list>
<pin id="1539" dir="1" index="0" bw="1" slack="2147483647"/>
</pin_list>
<bind>
<StgValue><ssdm name="_ssdm_op_SpecBitsMap"/></StgValue>
</bind>
</comp>

<comp id="1540" class="1001" name="const_1540">
<pin_list>
<pin id="1541" dir="1" index="0" bw="1" slack="2147483647"/>
</pin_list>
<bind>
<StgValue><ssdm name="_ssdm_op_SpecTopModule"/></StgValue>
</bind>
</comp>

<comp id="1542" class="1001" name="const_1542">
<pin_list>
<pin id="1543" dir="1" index="0" bw="1" slack="2147483647"/>
</pin_list>
<bind>
<StgValue><ssdm name="myproject_axi_str"/></StgValue>
</bind>
</comp>

<comp id="1544" class="1001" name="const_1544">
<pin_list>
<pin id="1545" dir="1" index="0" bw="1" slack="2147483647"/>
</pin_list>
<bind>
<StgValue><ssdm name="_ssdm_op_SpecChannel"/></StgValue>
</bind>
</comp>

<comp id="1546" class="1001" name="const_1546">
<pin_list>
<pin id="1547" dir="1" index="0" bw="1" slack="2147483647"/>
</pin_list>
<bind>
<StgValue><ssdm name="in_local_OC_V_OC_data_LF_0_NF_OC_V_str"/></StgValue>
</bind>
</comp>

<comp id="1548" class="1001" name="const_1548">
<pin_list>
<pin id="1549" dir="1" index="0" bw="1" slack="2147483647"/>
</pin_list>
<bind>
<StgValue><ssdm name=""/></StgValue>
</bind>
</comp>

<comp id="1550" class="1001" name="const_1550">
<pin_list>
<pin id="1551" dir="1" index="0" bw="1" slack="2147483647"/>
</pin_list>
<bind>
<StgValue><ssdm name="p_str"/></StgValue>
</bind>
</comp>

<comp id="1552" class="1001" name="const_1552">
<pin_list>
<pin id="1553" dir="1" index="0" bw="1" slack="2147483647"/>
</pin_list>
<bind>
<StgValue><ssdm name=""/></StgValue>
</bind>
</comp>

<comp id="1554" class="1001" name="const_1554">
<pin_list>
<pin id="1555" dir="1" index="0" bw="1" slack="2147483647"/>
</pin_list>
<bind>
<StgValue><ssdm name="_ssdm_op_SpecInterface"/></StgValue>
</bind>
</comp>

<comp id="1556" class="1001" name="const_1556">
<pin_list>
<pin id="1557" dir="1" index="0" bw="1" slack="2147483647"/>
</pin_list>
<bind>
<StgValue><ssdm name="ap_fifo_str"/></StgValue>
</bind>
</comp>

<comp id="1558" class="1001" name="const_1558">
<pin_list>
<pin id="1559" dir="1" index="0" bw="1" slack="2147483647"/>
</pin_list>
<bind>
<StgValue><ssdm name=""/></StgValue>
</bind>
</comp>

<comp id="1560" class="1001" name="const_1560">
<pin_list>
<pin id="1561" dir="1" index="0" bw="1" slack="2147483647"/>
</pin_list>
<bind>
<StgValue><ssdm name=""/></StgValue>
</bind>
</comp>

<comp id="1562" class="1001" name="const_1562">
<pin_list>
<pin id="1563" dir="1" index="0" bw="1" slack="2147483647"/>
</pin_list>
<bind>
<StgValue><ssdm name="in_local_OC_V_OC_data_LF_1_NF_OC_V_str"/></StgValue>
</bind>
</comp>

<comp id="1564" class="1001" name="const_1564">
<pin_list>
<pin id="1565" dir="1" index="0" bw="1" slack="2147483647"/>
</pin_list>
<bind>
<StgValue><ssdm name="in_local_OC_V_OC_data_LF_2_NF_OC_V_str"/></StgValue>
</bind>
</comp>

<comp id="1566" class="1001" name="const_1566">
<pin_list>
<pin id="1567" dir="1" index="0" bw="1" slack="2147483647"/>
</pin_list>
<bind>
<StgValue><ssdm name="out_local_OC_V_OC_data_LF_0_NF_OC_V_str"/></StgValue>
</bind>
</comp>

<comp id="1568" class="1001" name="const_1568">
<pin_list>
<pin id="1569" dir="1" index="0" bw="1" slack="2147483647"/>
</pin_list>
<bind>
<StgValue><ssdm name="out_local_OC_V_OC_data_LF_1_NF_OC_V_str"/></StgValue>
</bind>
</comp>

<comp id="1570" class="1001" name="const_1570">
<pin_list>
<pin id="1571" dir="1" index="0" bw="1" slack="2147483647"/>
</pin_list>
<bind>
<StgValue><ssdm name="out_local_OC_V_OC_data_LF_2_NF_OC_V_str"/></StgValue>
</bind>
</comp>

<comp id="1572" class="1001" name="const_1572">
<pin_list>
<pin id="1573" dir="1" index="0" bw="1" slack="2147483647"/>
</pin_list>
<bind>
<StgValue><ssdm name="out_local_OC_V_OC_data_LF_3_NF_OC_V_str"/></StgValue>
</bind>
</comp>

<comp id="1574" class="1001" name="const_1574">
<pin_list>
<pin id="1575" dir="1" index="0" bw="1" slack="2147483647"/>
</pin_list>
<bind>
<StgValue><ssdm name="out_local_OC_V_OC_data_LF_4_NF_OC_V_str"/></StgValue>
</bind>
</comp>

<comp id="1576" class="1001" name="const_1576">
<pin_list>
<pin id="1577" dir="1" index="0" bw="1" slack="2147483647"/>
</pin_list>
<bind>
<StgValue><ssdm name="out_local_OC_V_OC_data_LF_5_NF_OC_V_str"/></StgValue>
</bind>
</comp>

<comp id="1578" class="1001" name="const_1578">
<pin_list>
<pin id="1579" dir="1" index="0" bw="1" slack="2147483647"/>
</pin_list>
<bind>
<StgValue><ssdm name="out_local_OC_V_OC_data_LF_6_NF_OC_V_str"/></StgValue>
</bind>
</comp>

<comp id="1580" class="1001" name="const_1580">
<pin_list>
<pin id="1581" dir="1" index="0" bw="1" slack="2147483647"/>
</pin_list>
<bind>
<StgValue><ssdm name="out_local_OC_V_OC_data_LF_7_NF_OC_V_str"/></StgValue>
</bind>
</comp>

<comp id="1582" class="1001" name="const_1582">
<pin_list>
<pin id="1583" dir="1" index="0" bw="1" slack="2147483647"/>
</pin_list>
<bind>
<StgValue><ssdm name="out_local_OC_V_OC_data_LF_8_NF_OC_V_str"/></StgValue>
</bind>
</comp>

<comp id="1584" class="1001" name="const_1584">
<pin_list>
<pin id="1585" dir="1" index="0" bw="1" slack="2147483647"/>
</pin_list>
<bind>
<StgValue><ssdm name="out_local_OC_V_OC_data_LF_9_NF_OC_V_str"/></StgValue>
</bind>
</comp>

<comp id="1586" class="1001" name="const_1586">
<pin_list>
<pin id="1587" dir="1" index="0" bw="1" slack="2147483647"/>
</pin_list>
<bind>
<StgValue><ssdm name="p_str4"/></StgValue>
</bind>
</comp>

<comp id="1588" class="1001" name="const_1588">
<pin_list>
<pin id="1589" dir="1" index="0" bw="1" slack="2147483647"/>
</pin_list>
<bind>
<StgValue><ssdm name="p_str1"/></StgValue>
</bind>
</comp>

<comp id="1590" class="1001" name="const_1590">
<pin_list>
<pin id="1591" dir="1" index="0" bw="1" slack="2147483647"/>
</pin_list>
<bind>
<StgValue><ssdm name="p_str3"/></StgValue>
</bind>
</comp>

<comp id="1592" class="1004" name="in_local_V_data_0_V_fu_1592">
<pin_list>
<pin id="1593" dir="0" index="0" bw="1" slack="0"/>
<pin id="1594" dir="1" index="1" bw="8" slack="1"/>
</pin_list>
<bind>
<opcode="alloca(26) " fcode="alloca"/>
<opset="in_local_V_data_0_V/1 "/>
</bind>
</comp>

<comp id="1596" class="1004" name="in_local_V_data_1_V_fu_1596">
<pin_list>
<pin id="1597" dir="0" index="0" bw="1" slack="0"/>
<pin id="1598" dir="1" index="1" bw="8" slack="1"/>
</pin_list>
<bind>
<opcode="alloca(26) " fcode="alloca"/>
<opset="in_local_V_data_1_V/1 "/>
</bind>
</comp>

<comp id="1600" class="1004" name="in_local_V_data_2_V_fu_1600">
<pin_list>
<pin id="1601" dir="0" index="0" bw="1" slack="0"/>
<pin id="1602" dir="1" index="1" bw="8" slack="1"/>
</pin_list>
<bind>
<opcode="alloca(26) " fcode="alloca"/>
<opset="in_local_V_data_2_V/1 "/>
</bind>
</comp>

<comp id="1604" class="1004" name="out_local_V_data_0_V_fu_1604">
<pin_list>
<pin id="1605" dir="0" index="0" bw="1" slack="0"/>
<pin id="1606" dir="1" index="1" bw="14" slack="3"/>
</pin_list>
<bind>
<opcode="alloca(26) " fcode="alloca"/>
<opset="out_local_V_data_0_V/1 "/>
</bind>
</comp>

<comp id="1608" class="1004" name="out_local_V_data_1_V_fu_1608">
<pin_list>
<pin id="1609" dir="0" index="0" bw="1" slack="0"/>
<pin id="1610" dir="1" index="1" bw="14" slack="3"/>
</pin_list>
<bind>
<opcode="alloca(26) " fcode="alloca"/>
<opset="out_local_V_data_1_V/1 "/>
</bind>
</comp>

<comp id="1612" class="1004" name="out_local_V_data_2_V_fu_1612">
<pin_list>
<pin id="1613" dir="0" index="0" bw="1" slack="0"/>
<pin id="1614" dir="1" index="1" bw="14" slack="3"/>
</pin_list>
<bind>
<opcode="alloca(26) " fcode="alloca"/>
<opset="out_local_V_data_2_V/1 "/>
</bind>
</comp>

<comp id="1616" class="1004" name="out_local_V_data_3_V_fu_1616">
<pin_list>
<pin id="1617" dir="0" index="0" bw="1" slack="0"/>
<pin id="1618" dir="1" index="1" bw="14" slack="3"/>
</pin_list>
<bind>
<opcode="alloca(26) " fcode="alloca"/>
<opset="out_local_V_data_3_V/1 "/>
</bind>
</comp>

<comp id="1620" class="1004" name="out_local_V_data_4_V_fu_1620">
<pin_list>
<pin id="1621" dir="0" index="0" bw="1" slack="0"/>
<pin id="1622" dir="1" index="1" bw="14" slack="3"/>
</pin_list>
<bind>
<opcode="alloca(26) " fcode="alloca"/>
<opset="out_local_V_data_4_V/1 "/>
</bind>
</comp>

<comp id="1624" class="1004" name="out_local_V_data_5_V_fu_1624">
<pin_list>
<pin id="1625" dir="0" index="0" bw="1" slack="0"/>
<pin id="1626" dir="1" index="1" bw="14" slack="3"/>
</pin_list>
<bind>
<opcode="alloca(26) " fcode="alloca"/>
<opset="out_local_V_data_5_V/1 "/>
</bind>
</comp>

<comp id="1628" class="1004" name="out_local_V_data_6_V_fu_1628">
<pin_list>
<pin id="1629" dir="0" index="0" bw="1" slack="0"/>
<pin id="1630" dir="1" index="1" bw="14" slack="3"/>
</pin_list>
<bind>
<opcode="alloca(26) " fcode="alloca"/>
<opset="out_local_V_data_6_V/1 "/>
</bind>
</comp>

<comp id="1632" class="1004" name="out_local_V_data_7_V_fu_1632">
<pin_list>
<pin id="1633" dir="0" index="0" bw="1" slack="0"/>
<pin id="1634" dir="1" index="1" bw="14" slack="3"/>
</pin_list>
<bind>
<opcode="alloca(26) " fcode="alloca"/>
<opset="out_local_V_data_7_V/1 "/>
</bind>
</comp>

<comp id="1636" class="1004" name="out_local_V_data_8_V_fu_1636">
<pin_list>
<pin id="1637" dir="0" index="0" bw="1" slack="0"/>
<pin id="1638" dir="1" index="1" bw="14" slack="3"/>
</pin_list>
<bind>
<opcode="alloca(26) " fcode="alloca"/>
<opset="out_local_V_data_8_V/1 "/>
</bind>
</comp>

<comp id="1640" class="1004" name="out_local_V_data_9_V_fu_1640">
<pin_list>
<pin id="1641" dir="0" index="0" bw="1" slack="0"/>
<pin id="1642" dir="1" index="1" bw="14" slack="3"/>
</pin_list>
<bind>
<opcode="alloca(26) " fcode="alloca"/>
<opset="out_local_V_data_9_V/1 "/>
</bind>
</comp>

<comp id="1644" class="1004" name="tmp_data_V_0_fu_1644">
<pin_list>
<pin id="1645" dir="0" index="0" bw="1" slack="0"/>
<pin id="1646" dir="1" index="1" bw="14" slack="5"/>
</pin_list>
<bind>
<opcode="alloca(26) " fcode="alloca"/>
<opset="tmp_data_V_0/1 "/>
</bind>
</comp>

<comp id="1648" class="1004" name="tmp_data_V_1_fu_1648">
<pin_list>
<pin id="1649" dir="0" index="0" bw="1" slack="0"/>
<pin id="1650" dir="1" index="1" bw="14" slack="5"/>
</pin_list>
<bind>
<opcode="alloca(26) " fcode="alloca"/>
<opset="tmp_data_V_1/1 "/>
</bind>
</comp>

<comp id="1652" class="1004" name="tmp_data_V_2_fu_1652">
<pin_list>
<pin id="1653" dir="0" index="0" bw="1" slack="0"/>
<pin id="1654" dir="1" index="1" bw="14" slack="5"/>
</pin_list>
<bind>
<opcode="alloca(26) " fcode="alloca"/>
<opset="tmp_data_V_2/1 "/>
</bind>
</comp>

<comp id="1656" class="1004" name="tmp_data_V_3_fu_1656">
<pin_list>
<pin id="1657" dir="0" index="0" bw="1" slack="0"/>
<pin id="1658" dir="1" index="1" bw="14" slack="5"/>
</pin_list>
<bind>
<opcode="alloca(26) " fcode="alloca"/>
<opset="tmp_data_V_3/1 "/>
</bind>
</comp>

<comp id="1660" class="1004" name="tmp_data_V_4_fu_1660">
<pin_list>
<pin id="1661" dir="0" index="0" bw="1" slack="0"/>
<pin id="1662" dir="1" index="1" bw="14" slack="5"/>
</pin_list>
<bind>
<opcode="alloca(26) " fcode="alloca"/>
<opset="tmp_data_V_4/1 "/>
</bind>
</comp>

<comp id="1664" class="1004" name="tmp_data_V_5_fu_1664">
<pin_list>
<pin id="1665" dir="0" index="0" bw="1" slack="0"/>
<pin id="1666" dir="1" index="1" bw="14" slack="5"/>
</pin_list>
<bind>
<opcode="alloca(26) " fcode="alloca"/>
<opset="tmp_data_V_5/1 "/>
</bind>
</comp>

<comp id="1668" class="1004" name="tmp_data_V_6_fu_1668">
<pin_list>
<pin id="1669" dir="0" index="0" bw="1" slack="0"/>
<pin id="1670" dir="1" index="1" bw="14" slack="5"/>
</pin_list>
<bind>
<opcode="alloca(26) " fcode="alloca"/>
<opset="tmp_data_V_6/1 "/>
</bind>
</comp>

<comp id="1672" class="1004" name="tmp_data_V_7_fu_1672">
<pin_list>
<pin id="1673" dir="0" index="0" bw="1" slack="0"/>
<pin id="1674" dir="1" index="1" bw="14" slack="5"/>
</pin_list>
<bind>
<opcode="alloca(26) " fcode="alloca"/>
<opset="tmp_data_V_7/1 "/>
</bind>
</comp>

<comp id="1676" class="1004" name="tmp_data_V_8_fu_1676">
<pin_list>
<pin id="1677" dir="0" index="0" bw="1" slack="0"/>
<pin id="1678" dir="1" index="1" bw="14" slack="5"/>
</pin_list>
<bind>
<opcode="alloca(26) " fcode="alloca"/>
<opset="tmp_data_V_8/1 "/>
</bind>
</comp>

<comp id="1680" class="1004" name="tmp_data_V_9_fu_1680">
<pin_list>
<pin id="1681" dir="0" index="0" bw="1" slack="0"/>
<pin id="1682" dir="1" index="1" bw="14" slack="5"/>
</pin_list>
<bind>
<opcode="alloca(26) " fcode="alloca"/>
<opset="tmp_data_V_9/1 "/>
</bind>
</comp>

<comp id="1684" class="1004" name="grp_myproject_fu_1684">
<pin_list>
<pin id="1685" dir="0" index="0" bw="0" slack="0"/>
<pin id="1686" dir="0" index="1" bw="8" slack="3"/>
<pin id="1687" dir="0" index="2" bw="8" slack="3"/>
<pin id="1688" dir="0" index="3" bw="8" slack="3"/>
<pin id="1689" dir="0" index="4" bw="14" slack="3"/>
<pin id="1690" dir="0" index="5" bw="14" slack="3"/>
<pin id="1691" dir="0" index="6" bw="14" slack="3"/>
<pin id="1692" dir="0" index="7" bw="14" slack="3"/>
<pin id="1693" dir="0" index="8" bw="14" slack="3"/>
<pin id="1694" dir="0" index="9" bw="14" slack="3"/>
<pin id="1695" dir="0" index="10" bw="14" slack="3"/>
<pin id="1696" dir="0" index="11" bw="14" slack="3"/>
<pin id="1697" dir="0" index="12" bw="14" slack="3"/>
<pin id="1698" dir="0" index="13" bw="14" slack="3"/>
<pin id="1699" dir="0" index="14" bw="8" slack="0"/>
<pin id="1700" dir="0" index="15" bw="8" slack="0"/>
<pin id="1701" dir="0" index="16" bw="8" slack="0"/>
<pin id="1702" dir="0" index="17" bw="8" slack="0"/>
<pin id="1703" dir="0" index="18" bw="8" slack="0"/>
<pin id="1704" dir="0" index="19" bw="8" slack="0"/>
<pin id="1705" dir="0" index="20" bw="8" slack="0"/>
<pin id="1706" dir="0" index="21" bw="8" slack="0"/>
<pin id="1707" dir="0" index="22" bw="8" slack="0"/>
<pin id="1708" dir="0" index="23" bw="8" slack="0"/>
<pin id="1709" dir="0" index="24" bw="8" slack="0"/>
<pin id="1710" dir="0" index="25" bw="8" slack="0"/>
<pin id="1711" dir="0" index="26" bw="8" slack="0"/>
<pin id="1712" dir="0" index="27" bw="8" slack="0"/>
<pin id="1713" dir="0" index="28" bw="8" slack="0"/>
<pin id="1714" dir="0" index="29" bw="8" slack="0"/>
<pin id="1715" dir="0" index="30" bw="8" slack="0"/>
<pin id="1716" dir="0" index="31" bw="8" slack="0"/>
<pin id="1717" dir="0" index="32" bw="32" slack="0"/>
<pin id="1718" dir="0" index="33" bw="32" slack="0"/>
<pin id="1719" dir="0" index="34" bw="32" slack="0"/>
<pin id="1720" dir="0" index="35" bw="32" slack="0"/>
<pin id="1721" dir="0" index="36" bw="5" slack="0"/>
<pin id="1722" dir="0" index="37" bw="8" slack="0"/>
<pin id="1723" dir="0" index="38" bw="8" slack="0"/>
<pin id="1724" dir="0" index="39" bw="8" slack="0"/>
<pin id="1725" dir="0" index="40" bw="8" slack="0"/>
<pin id="1726" dir="0" index="41" bw="8" slack="0"/>
<pin id="1727" dir="0" index="42" bw="8" slack="0"/>
<pin id="1728" dir="0" index="43" bw="8" slack="0"/>
<pin id="1729" dir="0" index="44" bw="8" slack="0"/>
<pin id="1730" dir="0" index="45" bw="8" slack="0"/>
<pin id="1731" dir="0" index="46" bw="8" slack="0"/>
<pin id="1732" dir="0" index="47" bw="8" slack="0"/>
<pin id="1733" dir="0" index="48" bw="8" slack="0"/>
<pin id="1734" dir="0" index="49" bw="8" slack="0"/>
<pin id="1735" dir="0" index="50" bw="8" slack="0"/>
<pin id="1736" dir="0" index="51" bw="8" slack="0"/>
<pin id="1737" dir="0" index="52" bw="8" slack="0"/>
<pin id="1738" dir="0" index="53" bw="8" slack="0"/>
<pin id="1739" dir="0" index="54" bw="8" slack="0"/>
<pin id="1740" dir="0" index="55" bw="8" slack="0"/>
<pin id="1741" dir="0" index="56" bw="8" slack="0"/>
<pin id="1742" dir="0" index="57" bw="8" slack="0"/>
<pin id="1743" dir="0" index="58" bw="8" slack="0"/>
<pin id="1744" dir="0" index="59" bw="8" slack="0"/>
<pin id="1745" dir="0" index="60" bw="8" slack="0"/>
<pin id="1746" dir="0" index="61" bw="8" slack="0"/>
<pin id="1747" dir="0" index="62" bw="8" slack="0"/>
<pin id="1748" dir="0" index="63" bw="8" slack="0"/>
<pin id="1749" dir="0" index="64" bw="8" slack="0"/>
<pin id="1750" dir="0" index="65" bw="8" slack="0"/>
<pin id="1751" dir="0" index="66" bw="8" slack="0"/>
<pin id="1752" dir="0" index="67" bw="8" slack="0"/>
<pin id="1753" dir="0" index="68" bw="8" slack="0"/>
<pin id="1754" dir="0" index="69" bw="8" slack="0"/>
<pin id="1755" dir="0" index="70" bw="8" slack="0"/>
<pin id="1756" dir="0" index="71" bw="8" slack="0"/>
<pin id="1757" dir="0" index="72" bw="8" slack="0"/>
<pin id="1758" dir="0" index="73" bw="8" slack="0"/>
<pin id="1759" dir="0" index="74" bw="8" slack="0"/>
<pin id="1760" dir="0" index="75" bw="8" slack="0"/>
<pin id="1761" dir="0" index="76" bw="8" slack="0"/>
<pin id="1762" dir="0" index="77" bw="8" slack="0"/>
<pin id="1763" dir="0" index="78" bw="8" slack="0"/>
<pin id="1764" dir="0" index="79" bw="8" slack="0"/>
<pin id="1765" dir="0" index="80" bw="8" slack="0"/>
<pin id="1766" dir="0" index="81" bw="8" slack="0"/>
<pin id="1767" dir="0" index="82" bw="8" slack="0"/>
<pin id="1768" dir="0" index="83" bw="8" slack="0"/>
<pin id="1769" dir="0" index="84" bw="8" slack="0"/>
<pin id="1770" dir="0" index="85" bw="8" slack="0"/>
<pin id="1771" dir="0" index="86" bw="8" slack="0"/>
<pin id="1772" dir="0" index="87" bw="8" slack="0"/>
<pin id="1773" dir="0" index="88" bw="8" slack="0"/>
<pin id="1774" dir="0" index="89" bw="8" slack="0"/>
<pin id="1775" dir="0" index="90" bw="8" slack="0"/>
<pin id="1776" dir="0" index="91" bw="8" slack="0"/>
<pin id="1777" dir="0" index="92" bw="8" slack="0"/>
<pin id="1778" dir="0" index="93" bw="8" slack="0"/>
<pin id="1779" dir="0" index="94" bw="8" slack="0"/>
<pin id="1780" dir="0" index="95" bw="8" slack="0"/>
<pin id="1781" dir="0" index="96" bw="8" slack="0"/>
<pin id="1782" dir="0" index="97" bw="8" slack="0"/>
<pin id="1783" dir="0" index="98" bw="8" slack="0"/>
<pin id="1784" dir="0" index="99" bw="8" slack="0"/>
<pin id="1785" dir="0" index="100" bw="8" slack="0"/>
<pin id="1786" dir="0" index="101" bw="8" slack="0"/>
<pin id="1787" dir="0" index="102" bw="8" slack="0"/>
<pin id="1788" dir="0" index="103" bw="8" slack="0"/>
<pin id="1789" dir="0" index="104" bw="8" slack="0"/>
<pin id="1790" dir="0" index="105" bw="8" slack="0"/>
<pin id="1791" dir="0" index="106" bw="8" slack="0"/>
<pin id="1792" dir="0" index="107" bw="8" slack="0"/>
<pin id="1793" dir="0" index="108" bw="8" slack="0"/>
<pin id="1794" dir="0" index="109" bw="8" slack="0"/>
<pin id="1795" dir="0" index="110" bw="8" slack="0"/>
<pin id="1796" dir="0" index="111" bw="8" slack="0"/>
<pin id="1797" dir="0" index="112" bw="8" slack="0"/>
<pin id="1798" dir="0" index="113" bw="8" slack="0"/>
<pin id="1799" dir="0" index="114" bw="8" slack="0"/>
<pin id="1800" dir="0" index="115" bw="8" slack="0"/>
<pin id="1801" dir="0" index="116" bw="8" slack="0"/>
<pin id="1802" dir="0" index="117" bw="8" slack="0"/>
<pin id="1803" dir="0" index="118" bw="8" slack="0"/>
<pin id="1804" dir="0" index="119" bw="8" slack="0"/>
<pin id="1805" dir="0" index="120" bw="8" slack="0"/>
<pin id="1806" dir="0" index="121" bw="8" slack="0"/>
<pin id="1807" dir="0" index="122" bw="8" slack="0"/>
<pin id="1808" dir="0" index="123" bw="8" slack="0"/>
<pin id="1809" dir="0" index="124" bw="8" slack="0"/>
<pin id="1810" dir="0" index="125" bw="8" slack="0"/>
<pin id="1811" dir="0" index="126" bw="8" slack="0"/>
<pin id="1812" dir="0" index="127" bw="8" slack="0"/>
<pin id="1813" dir="0" index="128" bw="8" slack="0"/>
<pin id="1814" dir="0" index="129" bw="8" slack="0"/>
<pin id="1815" dir="0" index="130" bw="8" slack="0"/>
<pin id="1816" dir="0" index="131" bw="8" slack="0"/>
<pin id="1817" dir="0" index="132" bw="8" slack="0"/>
<pin id="1818" dir="0" index="133" bw="8" slack="0"/>
<pin id="1819" dir="0" index="134" bw="8" slack="0"/>
<pin id="1820" dir="0" index="135" bw="8" slack="0"/>
<pin id="1821" dir="0" index="136" bw="8" slack="0"/>
<pin id="1822" dir="0" index="137" bw="8" slack="0"/>
<pin id="1823" dir="0" index="138" bw="8" slack="0"/>
<pin id="1824" dir="0" index="139" bw="8" slack="0"/>
<pin id="1825" dir="0" index="140" bw="8" slack="0"/>
<pin id="1826" dir="0" index="141" bw="8" slack="0"/>
<pin id="1827" dir="0" index="142" bw="8" slack="0"/>
<pin id="1828" dir="0" index="143" bw="8" slack="0"/>
<pin id="1829" dir="0" index="144" bw="8" slack="0"/>
<pin id="1830" dir="0" index="145" bw="8" slack="0"/>
<pin id="1831" dir="0" index="146" bw="8" slack="0"/>
<pin id="1832" dir="0" index="147" bw="8" slack="0"/>
<pin id="1833" dir="0" index="148" bw="8" slack="0"/>
<pin id="1834" dir="0" index="149" bw="8" slack="0"/>
<pin id="1835" dir="0" index="150" bw="8" slack="0"/>
<pin id="1836" dir="0" index="151" bw="8" slack="0"/>
<pin id="1837" dir="0" index="152" bw="8" slack="0"/>
<pin id="1838" dir="0" index="153" bw="8" slack="0"/>
<pin id="1839" dir="0" index="154" bw="8" slack="0"/>
<pin id="1840" dir="0" index="155" bw="8" slack="0"/>
<pin id="1841" dir="0" index="156" bw="8" slack="0"/>
<pin id="1842" dir="0" index="157" bw="8" slack="0"/>
<pin id="1843" dir="0" index="158" bw="8" slack="0"/>
<pin id="1844" dir="0" index="159" bw="8" slack="0"/>
<pin id="1845" dir="0" index="160" bw="8" slack="0"/>
<pin id="1846" dir="0" index="161" bw="8" slack="0"/>
<pin id="1847" dir="0" index="162" bw="8" slack="0"/>
<pin id="1848" dir="0" index="163" bw="8" slack="0"/>
<pin id="1849" dir="0" index="164" bw="8" slack="0"/>
<pin id="1850" dir="0" index="165" bw="8" slack="0"/>
<pin id="1851" dir="0" index="166" bw="8" slack="0"/>
<pin id="1852" dir="0" index="167" bw="8" slack="0"/>
<pin id="1853" dir="0" index="168" bw="8" slack="0"/>
<pin id="1854" dir="0" index="169" bw="8" slack="0"/>
<pin id="1855" dir="0" index="170" bw="8" slack="0"/>
<pin id="1856" dir="0" index="171" bw="8" slack="0"/>
<pin id="1857" dir="0" index="172" bw="8" slack="0"/>
<pin id="1858" dir="0" index="173" bw="8" slack="0"/>
<pin id="1859" dir="0" index="174" bw="8" slack="0"/>
<pin id="1860" dir="0" index="175" bw="8" slack="0"/>
<pin id="1861" dir="0" index="176" bw="8" slack="0"/>
<pin id="1862" dir="0" index="177" bw="8" slack="0"/>
<pin id="1863" dir="0" index="178" bw="8" slack="0"/>
<pin id="1864" dir="0" index="179" bw="8" slack="0"/>
<pin id="1865" dir="0" index="180" bw="8" slack="0"/>
<pin id="1866" dir="0" index="181" bw="8" slack="0"/>
<pin id="1867" dir="0" index="182" bw="8" slack="0"/>
<pin id="1868" dir="0" index="183" bw="8" slack="0"/>
<pin id="1869" dir="0" index="184" bw="8" slack="0"/>
<pin id="1870" dir="0" index="185" bw="8" slack="0"/>
<pin id="1871" dir="0" index="186" bw="8" slack="0"/>
<pin id="1872" dir="0" index="187" bw="8" slack="0"/>
<pin id="1873" dir="0" index="188" bw="8" slack="0"/>
<pin id="1874" dir="0" index="189" bw="8" slack="0"/>
<pin id="1875" dir="0" index="190" bw="8" slack="0"/>
<pin id="1876" dir="0" index="191" bw="8" slack="0"/>
<pin id="1877" dir="0" index="192" bw="8" slack="0"/>
<pin id="1878" dir="0" index="193" bw="8" slack="0"/>
<pin id="1879" dir="0" index="194" bw="8" slack="0"/>
<pin id="1880" dir="0" index="195" bw="8" slack="0"/>
<pin id="1881" dir="0" index="196" bw="8" slack="0"/>
<pin id="1882" dir="0" index="197" bw="8" slack="0"/>
<pin id="1883" dir="0" index="198" bw="8" slack="0"/>
<pin id="1884" dir="0" index="199" bw="8" slack="0"/>
<pin id="1885" dir="0" index="200" bw="8" slack="0"/>
<pin id="1886" dir="0" index="201" bw="8" slack="0"/>
<pin id="1887" dir="0" index="202" bw="8" slack="0"/>
<pin id="1888" dir="0" index="203" bw="8" slack="0"/>
<pin id="1889" dir="0" index="204" bw="8" slack="0"/>
<pin id="1890" dir="0" index="205" bw="8" slack="0"/>
<pin id="1891" dir="0" index="206" bw="8" slack="0"/>
<pin id="1892" dir="0" index="207" bw="8" slack="0"/>
<pin id="1893" dir="0" index="208" bw="8" slack="0"/>
<pin id="1894" dir="0" index="209" bw="8" slack="0"/>
<pin id="1895" dir="0" index="210" bw="8" slack="0"/>
<pin id="1896" dir="0" index="211" bw="8" slack="0"/>
<pin id="1897" dir="0" index="212" bw="8" slack="0"/>
<pin id="1898" dir="0" index="213" bw="8" slack="0"/>
<pin id="1899" dir="0" index="214" bw="8" slack="0"/>
<pin id="1900" dir="0" index="215" bw="8" slack="0"/>
<pin id="1901" dir="0" index="216" bw="8" slack="0"/>
<pin id="1902" dir="0" index="217" bw="8" slack="0"/>
<pin id="1903" dir="0" index="218" bw="8" slack="0"/>
<pin id="1904" dir="0" index="219" bw="8" slack="0"/>
<pin id="1905" dir="0" index="220" bw="8" slack="0"/>
<pin id="1906" dir="0" index="221" bw="8" slack="0"/>
<pin id="1907" dir="0" index="222" bw="8" slack="0"/>
<pin id="1908" dir="0" index="223" bw="8" slack="0"/>
<pin id="1909" dir="0" index="224" bw="8" slack="0"/>
<pin id="1910" dir="0" index="225" bw="8" slack="0"/>
<pin id="1911" dir="0" index="226" bw="8" slack="0"/>
<pin id="1912" dir="0" index="227" bw="8" slack="0"/>
<pin id="1913" dir="0" index="228" bw="8" slack="0"/>
<pin id="1914" dir="0" index="229" bw="8" slack="0"/>
<pin id="1915" dir="0" index="230" bw="8" slack="0"/>
<pin id="1916" dir="0" index="231" bw="8" slack="0"/>
<pin id="1917" dir="0" index="232" bw="8" slack="0"/>
<pin id="1918" dir="0" index="233" bw="8" slack="0"/>
<pin id="1919" dir="0" index="234" bw="8" slack="0"/>
<pin id="1920" dir="0" index="235" bw="8" slack="0"/>
<pin id="1921" dir="0" index="236" bw="8" slack="0"/>
<pin id="1922" dir="0" index="237" bw="8" slack="0"/>
<pin id="1923" dir="0" index="238" bw="8" slack="0"/>
<pin id="1924" dir="0" index="239" bw="8" slack="0"/>
<pin id="1925" dir="0" index="240" bw="8" slack="0"/>
<pin id="1926" dir="0" index="241" bw="8" slack="0"/>
<pin id="1927" dir="0" index="242" bw="8" slack="0"/>
<pin id="1928" dir="0" index="243" bw="8" slack="0"/>
<pin id="1929" dir="0" index="244" bw="8" slack="0"/>
<pin id="1930" dir="0" index="245" bw="32" slack="0"/>
<pin id="1931" dir="0" index="246" bw="32" slack="0"/>
<pin id="1932" dir="0" index="247" bw="32" slack="0"/>
<pin id="1933" dir="0" index="248" bw="32" slack="0"/>
<pin id="1934" dir="0" index="249" bw="5" slack="0"/>
<pin id="1935" dir="0" index="250" bw="8" slack="0"/>
<pin id="1936" dir="0" index="251" bw="8" slack="0"/>
<pin id="1937" dir="0" index="252" bw="8" slack="0"/>
<pin id="1938" dir="0" index="253" bw="8" slack="0"/>
<pin id="1939" dir="0" index="254" bw="8" slack="0"/>
<pin id="1940" dir="0" index="255" bw="8" slack="0"/>
<pin id="1941" dir="0" index="256" bw="8" slack="0"/>
<pin id="1942" dir="0" index="257" bw="8" slack="0"/>
<pin id="1943" dir="0" index="258" bw="8" slack="0"/>
<pin id="1944" dir="0" index="259" bw="8" slack="0"/>
<pin id="1945" dir="0" index="260" bw="8" slack="0"/>
<pin id="1946" dir="0" index="261" bw="8" slack="0"/>
<pin id="1947" dir="0" index="262" bw="8" slack="0"/>
<pin id="1948" dir="0" index="263" bw="8" slack="0"/>
<pin id="1949" dir="0" index="264" bw="8" slack="0"/>
<pin id="1950" dir="0" index="265" bw="8" slack="0"/>
<pin id="1951" dir="0" index="266" bw="8" slack="0"/>
<pin id="1952" dir="0" index="267" bw="8" slack="0"/>
<pin id="1953" dir="0" index="268" bw="8" slack="0"/>
<pin id="1954" dir="0" index="269" bw="8" slack="0"/>
<pin id="1955" dir="0" index="270" bw="8" slack="0"/>
<pin id="1956" dir="0" index="271" bw="8" slack="0"/>
<pin id="1957" dir="0" index="272" bw="8" slack="0"/>
<pin id="1958" dir="0" index="273" bw="8" slack="0"/>
<pin id="1959" dir="0" index="274" bw="8" slack="0"/>
<pin id="1960" dir="0" index="275" bw="8" slack="0"/>
<pin id="1961" dir="0" index="276" bw="8" slack="0"/>
<pin id="1962" dir="0" index="277" bw="8" slack="0"/>
<pin id="1963" dir="0" index="278" bw="8" slack="0"/>
<pin id="1964" dir="0" index="279" bw="8" slack="0"/>
<pin id="1965" dir="0" index="280" bw="8" slack="0"/>
<pin id="1966" dir="0" index="281" bw="8" slack="0"/>
<pin id="1967" dir="0" index="282" bw="8" slack="0"/>
<pin id="1968" dir="0" index="283" bw="8" slack="0"/>
<pin id="1969" dir="0" index="284" bw="8" slack="0"/>
<pin id="1970" dir="0" index="285" bw="8" slack="0"/>
<pin id="1971" dir="0" index="286" bw="8" slack="0"/>
<pin id="1972" dir="0" index="287" bw="8" slack="0"/>
<pin id="1973" dir="0" index="288" bw="8" slack="0"/>
<pin id="1974" dir="0" index="289" bw="8" slack="0"/>
<pin id="1975" dir="0" index="290" bw="8" slack="0"/>
<pin id="1976" dir="0" index="291" bw="8" slack="0"/>
<pin id="1977" dir="0" index="292" bw="8" slack="0"/>
<pin id="1978" dir="0" index="293" bw="8" slack="0"/>
<pin id="1979" dir="0" index="294" bw="8" slack="0"/>
<pin id="1980" dir="0" index="295" bw="8" slack="0"/>
<pin id="1981" dir="0" index="296" bw="8" slack="0"/>
<pin id="1982" dir="0" index="297" bw="8" slack="0"/>
<pin id="1983" dir="0" index="298" bw="8" slack="0"/>
<pin id="1984" dir="0" index="299" bw="8" slack="0"/>
<pin id="1985" dir="0" index="300" bw="8" slack="0"/>
<pin id="1986" dir="0" index="301" bw="8" slack="0"/>
<pin id="1987" dir="0" index="302" bw="8" slack="0"/>
<pin id="1988" dir="0" index="303" bw="8" slack="0"/>
<pin id="1989" dir="0" index="304" bw="8" slack="0"/>
<pin id="1990" dir="0" index="305" bw="8" slack="0"/>
<pin id="1991" dir="0" index="306" bw="8" slack="0"/>
<pin id="1992" dir="0" index="307" bw="8" slack="0"/>
<pin id="1993" dir="0" index="308" bw="8" slack="0"/>
<pin id="1994" dir="0" index="309" bw="8" slack="0"/>
<pin id="1995" dir="0" index="310" bw="8" slack="0"/>
<pin id="1996" dir="0" index="311" bw="8" slack="0"/>
<pin id="1997" dir="0" index="312" bw="8" slack="0"/>
<pin id="1998" dir="0" index="313" bw="8" slack="0"/>
<pin id="1999" dir="0" index="314" bw="8" slack="0"/>
<pin id="2000" dir="0" index="315" bw="8" slack="0"/>
<pin id="2001" dir="0" index="316" bw="8" slack="0"/>
<pin id="2002" dir="0" index="317" bw="8" slack="0"/>
<pin id="2003" dir="0" index="318" bw="8" slack="0"/>
<pin id="2004" dir="0" index="319" bw="8" slack="0"/>
<pin id="2005" dir="0" index="320" bw="8" slack="0"/>
<pin id="2006" dir="0" index="321" bw="8" slack="0"/>
<pin id="2007" dir="0" index="322" bw="8" slack="0"/>
<pin id="2008" dir="0" index="323" bw="8" slack="0"/>
<pin id="2009" dir="0" index="324" bw="8" slack="0"/>
<pin id="2010" dir="0" index="325" bw="8" slack="0"/>
<pin id="2011" dir="0" index="326" bw="8" slack="0"/>
<pin id="2012" dir="0" index="327" bw="8" slack="0"/>
<pin id="2013" dir="0" index="328" bw="8" slack="0"/>
<pin id="2014" dir="0" index="329" bw="8" slack="0"/>
<pin id="2015" dir="0" index="330" bw="8" slack="0"/>
<pin id="2016" dir="0" index="331" bw="8" slack="0"/>
<pin id="2017" dir="0" index="332" bw="8" slack="0"/>
<pin id="2018" dir="0" index="333" bw="8" slack="0"/>
<pin id="2019" dir="0" index="334" bw="8" slack="0"/>
<pin id="2020" dir="0" index="335" bw="8" slack="0"/>
<pin id="2021" dir="0" index="336" bw="8" slack="0"/>
<pin id="2022" dir="0" index="337" bw="8" slack="0"/>
<pin id="2023" dir="0" index="338" bw="8" slack="0"/>
<pin id="2024" dir="0" index="339" bw="8" slack="0"/>
<pin id="2025" dir="0" index="340" bw="8" slack="0"/>
<pin id="2026" dir="0" index="341" bw="8" slack="0"/>
<pin id="2027" dir="0" index="342" bw="8" slack="0"/>
<pin id="2028" dir="0" index="343" bw="8" slack="0"/>
<pin id="2029" dir="0" index="344" bw="8" slack="0"/>
<pin id="2030" dir="0" index="345" bw="8" slack="0"/>
<pin id="2031" dir="0" index="346" bw="7" slack="0"/>
<pin id="2032" dir="0" index="347" bw="8" slack="0"/>
<pin id="2033" dir="0" index="348" bw="8" slack="0"/>
<pin id="2034" dir="0" index="349" bw="8" slack="0"/>
<pin id="2035" dir="0" index="350" bw="8" slack="0"/>
<pin id="2036" dir="0" index="351" bw="8" slack="0"/>
<pin id="2037" dir="0" index="352" bw="8" slack="0"/>
<pin id="2038" dir="0" index="353" bw="8" slack="0"/>
<pin id="2039" dir="0" index="354" bw="8" slack="0"/>
<pin id="2040" dir="0" index="355" bw="8" slack="0"/>
<pin id="2041" dir="0" index="356" bw="8" slack="0"/>
<pin id="2042" dir="0" index="357" bw="8" slack="0"/>
<pin id="2043" dir="0" index="358" bw="8" slack="0"/>
<pin id="2044" dir="0" index="359" bw="8" slack="0"/>
<pin id="2045" dir="0" index="360" bw="8" slack="0"/>
<pin id="2046" dir="0" index="361" bw="8" slack="0"/>
<pin id="2047" dir="0" index="362" bw="8" slack="0"/>
<pin id="2048" dir="0" index="363" bw="8" slack="0"/>
<pin id="2049" dir="0" index="364" bw="8" slack="0"/>
<pin id="2050" dir="0" index="365" bw="8" slack="0"/>
<pin id="2051" dir="0" index="366" bw="8" slack="0"/>
<pin id="2052" dir="0" index="367" bw="8" slack="0"/>
<pin id="2053" dir="0" index="368" bw="8" slack="0"/>
<pin id="2054" dir="0" index="369" bw="8" slack="0"/>
<pin id="2055" dir="0" index="370" bw="8" slack="0"/>
<pin id="2056" dir="0" index="371" bw="8" slack="0"/>
<pin id="2057" dir="0" index="372" bw="8" slack="0"/>
<pin id="2058" dir="0" index="373" bw="8" slack="0"/>
<pin id="2059" dir="0" index="374" bw="8" slack="0"/>
<pin id="2060" dir="0" index="375" bw="8" slack="0"/>
<pin id="2061" dir="0" index="376" bw="8" slack="0"/>
<pin id="2062" dir="0" index="377" bw="8" slack="0"/>
<pin id="2063" dir="0" index="378" bw="8" slack="0"/>
<pin id="2064" dir="0" index="379" bw="8" slack="0"/>
<pin id="2065" dir="0" index="380" bw="8" slack="0"/>
<pin id="2066" dir="0" index="381" bw="8" slack="0"/>
<pin id="2067" dir="0" index="382" bw="8" slack="0"/>
<pin id="2068" dir="0" index="383" bw="8" slack="0"/>
<pin id="2069" dir="0" index="384" bw="8" slack="0"/>
<pin id="2070" dir="0" index="385" bw="8" slack="0"/>
<pin id="2071" dir="0" index="386" bw="8" slack="0"/>
<pin id="2072" dir="0" index="387" bw="8" slack="0"/>
<pin id="2073" dir="0" index="388" bw="8" slack="0"/>
<pin id="2074" dir="0" index="389" bw="8" slack="0"/>
<pin id="2075" dir="0" index="390" bw="8" slack="0"/>
<pin id="2076" dir="0" index="391" bw="8" slack="0"/>
<pin id="2077" dir="0" index="392" bw="8" slack="0"/>
<pin id="2078" dir="0" index="393" bw="8" slack="0"/>
<pin id="2079" dir="0" index="394" bw="8" slack="0"/>
<pin id="2080" dir="0" index="395" bw="8" slack="0"/>
<pin id="2081" dir="0" index="396" bw="8" slack="0"/>
<pin id="2082" dir="0" index="397" bw="8" slack="0"/>
<pin id="2083" dir="0" index="398" bw="8" slack="0"/>
<pin id="2084" dir="0" index="399" bw="8" slack="0"/>
<pin id="2085" dir="0" index="400" bw="8" slack="0"/>
<pin id="2086" dir="0" index="401" bw="8" slack="0"/>
<pin id="2087" dir="0" index="402" bw="8" slack="0"/>
<pin id="2088" dir="0" index="403" bw="8" slack="0"/>
<pin id="2089" dir="0" index="404" bw="8" slack="0"/>
<pin id="2090" dir="0" index="405" bw="8" slack="0"/>
<pin id="2091" dir="0" index="406" bw="8" slack="0"/>
<pin id="2092" dir="0" index="407" bw="8" slack="0"/>
<pin id="2093" dir="0" index="408" bw="8" slack="0"/>
<pin id="2094" dir="0" index="409" bw="8" slack="0"/>
<pin id="2095" dir="0" index="410" bw="8" slack="0"/>
<pin id="2096" dir="0" index="411" bw="8" slack="0"/>
<pin id="2097" dir="0" index="412" bw="8" slack="0"/>
<pin id="2098" dir="0" index="413" bw="8" slack="0"/>
<pin id="2099" dir="0" index="414" bw="8" slack="0"/>
<pin id="2100" dir="0" index="415" bw="8" slack="0"/>
<pin id="2101" dir="0" index="416" bw="8" slack="0"/>
<pin id="2102" dir="0" index="417" bw="8" slack="0"/>
<pin id="2103" dir="0" index="418" bw="8" slack="0"/>
<pin id="2104" dir="0" index="419" bw="8" slack="0"/>
<pin id="2105" dir="0" index="420" bw="8" slack="0"/>
<pin id="2106" dir="0" index="421" bw="8" slack="0"/>
<pin id="2107" dir="0" index="422" bw="8" slack="0"/>
<pin id="2108" dir="0" index="423" bw="8" slack="0"/>
<pin id="2109" dir="0" index="424" bw="8" slack="0"/>
<pin id="2110" dir="0" index="425" bw="8" slack="0"/>
<pin id="2111" dir="0" index="426" bw="8" slack="0"/>
<pin id="2112" dir="0" index="427" bw="8" slack="0"/>
<pin id="2113" dir="0" index="428" bw="8" slack="0"/>
<pin id="2114" dir="0" index="429" bw="8" slack="0"/>
<pin id="2115" dir="0" index="430" bw="8" slack="0"/>
<pin id="2116" dir="0" index="431" bw="8" slack="0"/>
<pin id="2117" dir="0" index="432" bw="8" slack="0"/>
<pin id="2118" dir="0" index="433" bw="8" slack="0"/>
<pin id="2119" dir="0" index="434" bw="8" slack="0"/>
<pin id="2120" dir="0" index="435" bw="8" slack="0"/>
<pin id="2121" dir="0" index="436" bw="8" slack="0"/>
<pin id="2122" dir="0" index="437" bw="8" slack="0"/>
<pin id="2123" dir="0" index="438" bw="8" slack="0"/>
<pin id="2124" dir="0" index="439" bw="8" slack="0"/>
<pin id="2125" dir="0" index="440" bw="8" slack="0"/>
<pin id="2126" dir="0" index="441" bw="8" slack="0"/>
<pin id="2127" dir="0" index="442" bw="8" slack="0"/>
<pin id="2128" dir="0" index="443" bw="8" slack="0"/>
<pin id="2129" dir="0" index="444" bw="8" slack="0"/>
<pin id="2130" dir="0" index="445" bw="8" slack="0"/>
<pin id="2131" dir="0" index="446" bw="8" slack="0"/>
<pin id="2132" dir="0" index="447" bw="8" slack="0"/>
<pin id="2133" dir="0" index="448" bw="8" slack="0"/>
<pin id="2134" dir="0" index="449" bw="8" slack="0"/>
<pin id="2135" dir="0" index="450" bw="8" slack="0"/>
<pin id="2136" dir="0" index="451" bw="8" slack="0"/>
<pin id="2137" dir="0" index="452" bw="8" slack="0"/>
<pin id="2138" dir="0" index="453" bw="8" slack="0"/>
<pin id="2139" dir="0" index="454" bw="8" slack="0"/>
<pin id="2140" dir="0" index="455" bw="8" slack="0"/>
<pin id="2141" dir="0" index="456" bw="8" slack="0"/>
<pin id="2142" dir="0" index="457" bw="8" slack="0"/>
<pin id="2143" dir="0" index="458" bw="8" slack="0"/>
<pin id="2144" dir="0" index="459" bw="8" slack="0"/>
<pin id="2145" dir="0" index="460" bw="8" slack="0"/>
<pin id="2146" dir="0" index="461" bw="8" slack="0"/>
<pin id="2147" dir="0" index="462" bw="8" slack="0"/>
<pin id="2148" dir="0" index="463" bw="8" slack="0"/>
<pin id="2149" dir="0" index="464" bw="8" slack="0"/>
<pin id="2150" dir="0" index="465" bw="8" slack="0"/>
<pin id="2151" dir="0" index="466" bw="8" slack="0"/>
<pin id="2152" dir="0" index="467" bw="8" slack="0"/>
<pin id="2153" dir="0" index="468" bw="8" slack="0"/>
<pin id="2154" dir="0" index="469" bw="8" slack="0"/>
<pin id="2155" dir="0" index="470" bw="8" slack="0"/>
<pin id="2156" dir="0" index="471" bw="8" slack="0"/>
<pin id="2157" dir="0" index="472" bw="8" slack="0"/>
<pin id="2158" dir="0" index="473" bw="8" slack="0"/>
<pin id="2159" dir="0" index="474" bw="8" slack="0"/>
<pin id="2160" dir="0" index="475" bw="8" slack="0"/>
<pin id="2161" dir="0" index="476" bw="8" slack="0"/>
<pin id="2162" dir="0" index="477" bw="8" slack="0"/>
<pin id="2163" dir="0" index="478" bw="8" slack="0"/>
<pin id="2164" dir="0" index="479" bw="8" slack="0"/>
<pin id="2165" dir="0" index="480" bw="8" slack="0"/>
<pin id="2166" dir="0" index="481" bw="8" slack="0"/>
<pin id="2167" dir="0" index="482" bw="8" slack="0"/>
<pin id="2168" dir="0" index="483" bw="8" slack="0"/>
<pin id="2169" dir="0" index="484" bw="8" slack="0"/>
<pin id="2170" dir="0" index="485" bw="8" slack="0"/>
<pin id="2171" dir="0" index="486" bw="8" slack="0"/>
<pin id="2172" dir="0" index="487" bw="8" slack="0"/>
<pin id="2173" dir="0" index="488" bw="8" slack="0"/>
<pin id="2174" dir="0" index="489" bw="8" slack="0"/>
<pin id="2175" dir="0" index="490" bw="8" slack="0"/>
<pin id="2176" dir="0" index="491" bw="8" slack="0"/>
<pin id="2177" dir="0" index="492" bw="8" slack="0"/>
<pin id="2178" dir="0" index="493" bw="8" slack="0"/>
<pin id="2179" dir="0" index="494" bw="8" slack="0"/>
<pin id="2180" dir="0" index="495" bw="8" slack="0"/>
<pin id="2181" dir="0" index="496" bw="8" slack="0"/>
<pin id="2182" dir="0" index="497" bw="8" slack="0"/>
<pin id="2183" dir="0" index="498" bw="8" slack="0"/>
<pin id="2184" dir="0" index="499" bw="8" slack="0"/>
<pin id="2185" dir="0" index="500" bw="8" slack="0"/>
<pin id="2186" dir="0" index="501" bw="8" slack="0"/>
<pin id="2187" dir="0" index="502" bw="8" slack="0"/>
<pin id="2188" dir="0" index="503" bw="8" slack="0"/>
<pin id="2189" dir="0" index="504" bw="8" slack="0"/>
<pin id="2190" dir="0" index="505" bw="8" slack="0"/>
<pin id="2191" dir="0" index="506" bw="8" slack="0"/>
<pin id="2192" dir="0" index="507" bw="8" slack="0"/>
<pin id="2193" dir="0" index="508" bw="8" slack="0"/>
<pin id="2194" dir="0" index="509" bw="8" slack="0"/>
<pin id="2195" dir="0" index="510" bw="8" slack="0"/>
<pin id="2196" dir="0" index="511" bw="8" slack="0"/>
<pin id="2197" dir="0" index="512" bw="8" slack="0"/>
<pin id="2198" dir="0" index="513" bw="8" slack="0"/>
<pin id="2199" dir="0" index="514" bw="8" slack="0"/>
<pin id="2200" dir="0" index="515" bw="8" slack="0"/>
<pin id="2201" dir="0" index="516" bw="8" slack="0"/>
<pin id="2202" dir="0" index="517" bw="8" slack="0"/>
<pin id="2203" dir="0" index="518" bw="8" slack="0"/>
<pin id="2204" dir="0" index="519" bw="8" slack="0"/>
<pin id="2205" dir="0" index="520" bw="8" slack="0"/>
<pin id="2206" dir="0" index="521" bw="8" slack="0"/>
<pin id="2207" dir="0" index="522" bw="8" slack="0"/>
<pin id="2208" dir="0" index="523" bw="8" slack="0"/>
<pin id="2209" dir="0" index="524" bw="8" slack="0"/>
<pin id="2210" dir="0" index="525" bw="8" slack="0"/>
<pin id="2211" dir="0" index="526" bw="8" slack="0"/>
<pin id="2212" dir="0" index="527" bw="8" slack="0"/>
<pin id="2213" dir="0" index="528" bw="8" slack="0"/>
<pin id="2214" dir="0" index="529" bw="8" slack="0"/>
<pin id="2215" dir="0" index="530" bw="8" slack="0"/>
<pin id="2216" dir="0" index="531" bw="8" slack="0"/>
<pin id="2217" dir="0" index="532" bw="8" slack="0"/>
<pin id="2218" dir="0" index="533" bw="8" slack="0"/>
<pin id="2219" dir="0" index="534" bw="8" slack="0"/>
<pin id="2220" dir="0" index="535" bw="8" slack="0"/>
<pin id="2221" dir="0" index="536" bw="8" slack="0"/>
<pin id="2222" dir="0" index="537" bw="8" slack="0"/>
<pin id="2223" dir="0" index="538" bw="8" slack="0"/>
<pin id="2224" dir="0" index="539" bw="8" slack="0"/>
<pin id="2225" dir="0" index="540" bw="8" slack="0"/>
<pin id="2226" dir="0" index="541" bw="8" slack="0"/>
<pin id="2227" dir="0" index="542" bw="8" slack="0"/>
<pin id="2228" dir="0" index="543" bw="8" slack="0"/>
<pin id="2229" dir="0" index="544" bw="8" slack="0"/>
<pin id="2230" dir="0" index="545" bw="8" slack="0"/>
<pin id="2231" dir="0" index="546" bw="8" slack="0"/>
<pin id="2232" dir="0" index="547" bw="8" slack="0"/>
<pin id="2233" dir="0" index="548" bw="8" slack="0"/>
<pin id="2234" dir="0" index="549" bw="8" slack="0"/>
<pin id="2235" dir="0" index="550" bw="8" slack="0"/>
<pin id="2236" dir="0" index="551" bw="8" slack="0"/>
<pin id="2237" dir="0" index="552" bw="8" slack="0"/>
<pin id="2238" dir="0" index="553" bw="8" slack="0"/>
<pin id="2239" dir="0" index="554" bw="8" slack="0"/>
<pin id="2240" dir="0" index="555" bw="8" slack="0"/>
<pin id="2241" dir="0" index="556" bw="8" slack="0"/>
<pin id="2242" dir="0" index="557" bw="8" slack="0"/>
<pin id="2243" dir="0" index="558" bw="8" slack="0"/>
<pin id="2244" dir="0" index="559" bw="8" slack="0"/>
<pin id="2245" dir="0" index="560" bw="8" slack="0"/>
<pin id="2246" dir="0" index="561" bw="8" slack="0"/>
<pin id="2247" dir="0" index="562" bw="8" slack="0"/>
<pin id="2248" dir="0" index="563" bw="8" slack="0"/>
<pin id="2249" dir="0" index="564" bw="8" slack="0"/>
<pin id="2250" dir="0" index="565" bw="8" slack="0"/>
<pin id="2251" dir="0" index="566" bw="8" slack="0"/>
<pin id="2252" dir="0" index="567" bw="8" slack="0"/>
<pin id="2253" dir="0" index="568" bw="8" slack="0"/>
<pin id="2254" dir="0" index="569" bw="8" slack="0"/>
<pin id="2255" dir="0" index="570" bw="8" slack="0"/>
<pin id="2256" dir="0" index="571" bw="8" slack="0"/>
<pin id="2257" dir="0" index="572" bw="8" slack="0"/>
<pin id="2258" dir="0" index="573" bw="8" slack="0"/>
<pin id="2259" dir="0" index="574" bw="8" slack="0"/>
<pin id="2260" dir="0" index="575" bw="8" slack="0"/>
<pin id="2261" dir="0" index="576" bw="8" slack="0"/>
<pin id="2262" dir="0" index="577" bw="8" slack="0"/>
<pin id="2263" dir="0" index="578" bw="8" slack="0"/>
<pin id="2264" dir="0" index="579" bw="8" slack="0"/>
<pin id="2265" dir="0" index="580" bw="8" slack="0"/>
<pin id="2266" dir="0" index="581" bw="8" slack="0"/>
<pin id="2267" dir="0" index="582" bw="8" slack="0"/>
<pin id="2268" dir="0" index="583" bw="8" slack="0"/>
<pin id="2269" dir="0" index="584" bw="8" slack="0"/>
<pin id="2270" dir="0" index="585" bw="8" slack="0"/>
<pin id="2271" dir="0" index="586" bw="8" slack="0"/>
<pin id="2272" dir="0" index="587" bw="8" slack="0"/>
<pin id="2273" dir="0" index="588" bw="8" slack="0"/>
<pin id="2274" dir="0" index="589" bw="8" slack="0"/>
<pin id="2275" dir="0" index="590" bw="8" slack="0"/>
<pin id="2276" dir="0" index="591" bw="8" slack="0"/>
<pin id="2277" dir="0" index="592" bw="8" slack="0"/>
<pin id="2278" dir="0" index="593" bw="8" slack="0"/>
<pin id="2279" dir="0" index="594" bw="8" slack="0"/>
<pin id="2280" dir="0" index="595" bw="8" slack="0"/>
<pin id="2281" dir="0" index="596" bw="8" slack="0"/>
<pin id="2282" dir="0" index="597" bw="8" slack="0"/>
<pin id="2283" dir="0" index="598" bw="8" slack="0"/>
<pin id="2284" dir="0" index="599" bw="8" slack="0"/>
<pin id="2285" dir="0" index="600" bw="8" slack="0"/>
<pin id="2286" dir="0" index="601" bw="8" slack="0"/>
<pin id="2287" dir="0" index="602" bw="8" slack="0"/>
<pin id="2288" dir="0" index="603" bw="32" slack="0"/>
<pin id="2289" dir="0" index="604" bw="32" slack="0"/>
<pin id="2290" dir="0" index="605" bw="32" slack="0"/>
<pin id="2291" dir="0" index="606" bw="32" slack="0"/>
<pin id="2292" dir="0" index="607" bw="5" slack="0"/>
<pin id="2293" dir="0" index="608" bw="8" slack="0"/>
<pin id="2294" dir="0" index="609" bw="8" slack="0"/>
<pin id="2295" dir="0" index="610" bw="8" slack="0"/>
<pin id="2296" dir="0" index="611" bw="8" slack="0"/>
<pin id="2297" dir="0" index="612" bw="8" slack="0"/>
<pin id="2298" dir="0" index="613" bw="8" slack="0"/>
<pin id="2299" dir="0" index="614" bw="8" slack="0"/>
<pin id="2300" dir="0" index="615" bw="8" slack="0"/>
<pin id="2301" dir="0" index="616" bw="8" slack="0"/>
<pin id="2302" dir="0" index="617" bw="8" slack="0"/>
<pin id="2303" dir="0" index="618" bw="8" slack="0"/>
<pin id="2304" dir="0" index="619" bw="8" slack="0"/>
<pin id="2305" dir="0" index="620" bw="8" slack="0"/>
<pin id="2306" dir="0" index="621" bw="8" slack="0"/>
<pin id="2307" dir="0" index="622" bw="8" slack="0"/>
<pin id="2308" dir="0" index="623" bw="8" slack="0"/>
<pin id="2309" dir="0" index="624" bw="8" slack="0"/>
<pin id="2310" dir="0" index="625" bw="8" slack="0"/>
<pin id="2311" dir="0" index="626" bw="8" slack="0"/>
<pin id="2312" dir="0" index="627" bw="8" slack="0"/>
<pin id="2313" dir="0" index="628" bw="8" slack="0"/>
<pin id="2314" dir="0" index="629" bw="8" slack="0"/>
<pin id="2315" dir="0" index="630" bw="8" slack="0"/>
<pin id="2316" dir="0" index="631" bw="8" slack="0"/>
<pin id="2317" dir="0" index="632" bw="8" slack="0"/>
<pin id="2318" dir="0" index="633" bw="8" slack="0"/>
<pin id="2319" dir="0" index="634" bw="8" slack="0"/>
<pin id="2320" dir="0" index="635" bw="8" slack="0"/>
<pin id="2321" dir="0" index="636" bw="8" slack="0"/>
<pin id="2322" dir="0" index="637" bw="8" slack="0"/>
<pin id="2323" dir="0" index="638" bw="8" slack="0"/>
<pin id="2324" dir="0" index="639" bw="8" slack="0"/>
<pin id="2325" dir="0" index="640" bw="8" slack="0"/>
<pin id="2326" dir="0" index="641" bw="8" slack="0"/>
<pin id="2327" dir="0" index="642" bw="8" slack="0"/>
<pin id="2328" dir="0" index="643" bw="8" slack="0"/>
<pin id="2329" dir="0" index="644" bw="8" slack="0"/>
<pin id="2330" dir="0" index="645" bw="8" slack="0"/>
<pin id="2331" dir="0" index="646" bw="8" slack="0"/>
<pin id="2332" dir="0" index="647" bw="8" slack="0"/>
<pin id="2333" dir="0" index="648" bw="8" slack="0"/>
<pin id="2334" dir="0" index="649" bw="8" slack="0"/>
<pin id="2335" dir="0" index="650" bw="8" slack="0"/>
<pin id="2336" dir="0" index="651" bw="8" slack="0"/>
<pin id="2337" dir="0" index="652" bw="8" slack="0"/>
<pin id="2338" dir="0" index="653" bw="8" slack="0"/>
<pin id="2339" dir="0" index="654" bw="8" slack="0"/>
<pin id="2340" dir="0" index="655" bw="8" slack="0"/>
<pin id="2341" dir="0" index="656" bw="8" slack="0"/>
<pin id="2342" dir="0" index="657" bw="8" slack="0"/>
<pin id="2343" dir="0" index="658" bw="8" slack="0"/>
<pin id="2344" dir="0" index="659" bw="8" slack="0"/>
<pin id="2345" dir="0" index="660" bw="8" slack="0"/>
<pin id="2346" dir="0" index="661" bw="8" slack="0"/>
<pin id="2347" dir="0" index="662" bw="8" slack="0"/>
<pin id="2348" dir="0" index="663" bw="8" slack="0"/>
<pin id="2349" dir="0" index="664" bw="8" slack="0"/>
<pin id="2350" dir="0" index="665" bw="8" slack="0"/>
<pin id="2351" dir="0" index="666" bw="8" slack="0"/>
<pin id="2352" dir="0" index="667" bw="8" slack="0"/>
<pin id="2353" dir="0" index="668" bw="8" slack="0"/>
<pin id="2354" dir="0" index="669" bw="8" slack="0"/>
<pin id="2355" dir="0" index="670" bw="8" slack="0"/>
<pin id="2356" dir="0" index="671" bw="8" slack="0"/>
<pin id="2357" dir="0" index="672" bw="8" slack="0"/>
<pin id="2358" dir="0" index="673" bw="8" slack="0"/>
<pin id="2359" dir="0" index="674" bw="8" slack="0"/>
<pin id="2360" dir="0" index="675" bw="8" slack="0"/>
<pin id="2361" dir="0" index="676" bw="8" slack="0"/>
<pin id="2362" dir="0" index="677" bw="8" slack="0"/>
<pin id="2363" dir="0" index="678" bw="8" slack="0"/>
<pin id="2364" dir="0" index="679" bw="8" slack="0"/>
<pin id="2365" dir="0" index="680" bw="8" slack="0"/>
<pin id="2366" dir="0" index="681" bw="8" slack="0"/>
<pin id="2367" dir="0" index="682" bw="8" slack="0"/>
<pin id="2368" dir="0" index="683" bw="8" slack="0"/>
<pin id="2369" dir="0" index="684" bw="8" slack="0"/>
<pin id="2370" dir="0" index="685" bw="8" slack="0"/>
<pin id="2371" dir="0" index="686" bw="8" slack="0"/>
<pin id="2372" dir="0" index="687" bw="8" slack="0"/>
<pin id="2373" dir="0" index="688" bw="8" slack="0"/>
<pin id="2374" dir="0" index="689" bw="8" slack="0"/>
<pin id="2375" dir="0" index="690" bw="8" slack="0"/>
<pin id="2376" dir="0" index="691" bw="8" slack="0"/>
<pin id="2377" dir="0" index="692" bw="8" slack="0"/>
<pin id="2378" dir="0" index="693" bw="8" slack="0"/>
<pin id="2379" dir="0" index="694" bw="8" slack="0"/>
<pin id="2380" dir="0" index="695" bw="8" slack="0"/>
<pin id="2381" dir="0" index="696" bw="8" slack="0"/>
<pin id="2382" dir="0" index="697" bw="8" slack="0"/>
<pin id="2383" dir="0" index="698" bw="8" slack="0"/>
<pin id="2384" dir="0" index="699" bw="8" slack="0"/>
<pin id="2385" dir="0" index="700" bw="8" slack="0"/>
<pin id="2386" dir="0" index="701" bw="8" slack="0"/>
<pin id="2387" dir="0" index="702" bw="8" slack="0"/>
<pin id="2388" dir="0" index="703" bw="8" slack="0"/>
<pin id="2389" dir="0" index="704" bw="4" slack="0"/>
<pin id="2390" dir="0" index="705" bw="8" slack="0"/>
<pin id="2391" dir="0" index="706" bw="8" slack="0"/>
<pin id="2392" dir="0" index="707" bw="8" slack="0"/>
<pin id="2393" dir="0" index="708" bw="8" slack="0"/>
<pin id="2394" dir="0" index="709" bw="8" slack="0"/>
<pin id="2395" dir="0" index="710" bw="8" slack="0"/>
<pin id="2396" dir="0" index="711" bw="8" slack="0"/>
<pin id="2397" dir="0" index="712" bw="8" slack="0"/>
<pin id="2398" dir="0" index="713" bw="8" slack="0"/>
<pin id="2399" dir="0" index="714" bw="8" slack="0"/>
<pin id="2400" dir="0" index="715" bw="8" slack="0"/>
<pin id="2401" dir="0" index="716" bw="8" slack="0"/>
<pin id="2402" dir="0" index="717" bw="8" slack="0"/>
<pin id="2403" dir="0" index="718" bw="8" slack="0"/>
<pin id="2404" dir="0" index="719" bw="8" slack="0"/>
<pin id="2405" dir="0" index="720" bw="8" slack="0"/>
<pin id="2406" dir="0" index="721" bw="8" slack="0"/>
<pin id="2407" dir="0" index="722" bw="8" slack="0"/>
<pin id="2408" dir="0" index="723" bw="8" slack="0"/>
<pin id="2409" dir="0" index="724" bw="8" slack="0"/>
<pin id="2410" dir="0" index="725" bw="8" slack="0"/>
<pin id="2411" dir="0" index="726" bw="8" slack="0"/>
<pin id="2412" dir="0" index="727" bw="8" slack="0"/>
<pin id="2413" dir="0" index="728" bw="8" slack="0"/>
<pin id="2414" dir="0" index="729" bw="8" slack="0"/>
<pin id="2415" dir="0" index="730" bw="8" slack="0"/>
<pin id="2416" dir="0" index="731" bw="8" slack="0"/>
<pin id="2417" dir="0" index="732" bw="8" slack="0"/>
<pin id="2418" dir="0" index="733" bw="8" slack="0"/>
<pin id="2419" dir="0" index="734" bw="8" slack="0"/>
<pin id="2420" dir="0" index="735" bw="8" slack="0"/>
<pin id="2421" dir="0" index="736" bw="8" slack="0"/>
<pin id="2422" dir="0" index="737" bw="8" slack="0"/>
<pin id="2423" dir="0" index="738" bw="8" slack="0"/>
<pin id="2424" dir="0" index="739" bw="8" slack="0"/>
<pin id="2425" dir="0" index="740" bw="8" slack="0"/>
<pin id="2426" dir="0" index="741" bw="8" slack="0"/>
<pin id="2427" dir="0" index="742" bw="8" slack="0"/>
<pin id="2428" dir="0" index="743" bw="8" slack="0"/>
<pin id="2429" dir="0" index="744" bw="8" slack="0"/>
<pin id="2430" dir="0" index="745" bw="8" slack="0"/>
<pin id="2431" dir="0" index="746" bw="8" slack="0"/>
<pin id="2432" dir="0" index="747" bw="8" slack="0"/>
<pin id="2433" dir="0" index="748" bw="8" slack="0"/>
<pin id="2434" dir="0" index="749" bw="8" slack="0"/>
<pin id="2435" dir="0" index="750" bw="8" slack="0"/>
<pin id="2436" dir="0" index="751" bw="8" slack="0"/>
<pin id="2437" dir="0" index="752" bw="8" slack="0"/>
<pin id="2438" dir="0" index="753" bw="8" slack="0"/>
<pin id="2439" dir="0" index="754" bw="8" slack="0"/>
<pin id="2440" dir="0" index="755" bw="8" slack="0"/>
<pin id="2441" dir="0" index="756" bw="8" slack="0"/>
<pin id="2442" dir="0" index="757" bw="8" slack="0"/>
<pin id="2443" dir="0" index="758" bw="8" slack="0"/>
<pin id="2444" dir="0" index="759" bw="8" slack="0"/>
<pin id="2445" dir="0" index="760" bw="8" slack="0"/>
<pin id="2446" dir="0" index="761" bw="8" slack="0"/>
<pin id="2447" dir="0" index="762" bw="8" slack="0"/>
<pin id="2448" dir="0" index="763" bw="8" slack="0"/>
<pin id="2449" dir="0" index="764" bw="8" slack="0"/>
<pin id="2450" dir="0" index="765" bw="8" slack="0"/>
<pin id="2451" dir="0" index="766" bw="8" slack="0"/>
<pin id="2452" dir="0" index="767" bw="8" slack="0"/>
<pin id="2453" dir="0" index="768" bw="8" slack="0"/>
<pin id="2454" dir="0" index="769" bw="7" slack="0"/>
<pin id="2455" dir="1" index="770" bw="0" slack="2147483647"/>
</pin_list>
<bind>
<opcode="call(48) " fcode="call"/>
<opset="call_ln27/4 "/>
</bind>
</comp>

<comp id="3213" class="1004" name="grp_Loop_1_proc195_fu_3213">
<pin_list>
<pin id="3214" dir="0" index="0" bw="1" slack="0"/>
<pin id="3215" dir="0" index="1" bw="8" slack="1"/>
<pin id="3216" dir="0" index="2" bw="8" slack="1"/>
<pin id="3217" dir="0" index="3" bw="8" slack="1"/>
<pin id="3218" dir="0" index="4" bw="1" slack="0"/>
<pin id="3219" dir="0" index="5" bw="32" slack="0"/>
<pin id="3220" dir="1" index="6" bw="1" slack="4"/>
</pin_list>
<bind>
<opcode="call(48) " fcode="call"/>
<opset="is_last_0_i_loc_channel/2 "/>
</bind>
</comp>

<comp id="3224" class="1004" name="grp_Loop_2_proc_fu_3224">
<pin_list>
<pin id="3225" dir="0" index="0" bw="0" slack="0"/>
<pin id="3226" dir="0" index="1" bw="32" slack="0"/>
<pin id="3227" dir="0" index="2" bw="1" slack="0"/>
<pin id="3228" dir="0" index="3" bw="1" slack="4"/>
<pin id="3229" dir="0" index="4" bw="14" slack="6"/>
<pin id="3230" dir="0" index="5" bw="14" slack="6"/>
<pin id="3231" dir="0" index="6" bw="14" slack="6"/>
<pin id="3232" dir="0" index="7" bw="14" slack="6"/>
<pin id="3233" dir="0" index="8" bw="14" slack="6"/>
<pin id="3234" dir="0" index="9" bw="14" slack="6"/>
<pin id="3235" dir="0" index="10" bw="14" slack="6"/>
<pin id="3236" dir="0" index="11" bw="14" slack="6"/>
<pin id="3237" dir="0" index="12" bw="14" slack="6"/>
<pin id="3238" dir="0" index="13" bw="14" slack="6"/>
<pin id="3239" dir="1" index="14" bw="0" slack="2147483647"/>
</pin_list>
<bind>
<opcode="call(48) " fcode="call"/>
<opset="call_ln0/7 "/>
</bind>
</comp>

<comp id="3243" class="1004" name="call_ln0_Block_myproject_axi_exit50_proc_fu_3243">
<pin_list>
<pin id="3244" dir="0" index="0" bw="0" slack="0"/>
<pin id="3245" dir="0" index="1" bw="14" slack="5"/>
<pin id="3246" dir="0" index="2" bw="14" slack="5"/>
<pin id="3247" dir="0" index="3" bw="14" slack="5"/>
<pin id="3248" dir="0" index="4" bw="14" slack="5"/>
<pin id="3249" dir="0" index="5" bw="14" slack="5"/>
<pin id="3250" dir="0" index="6" bw="14" slack="5"/>
<pin id="3251" dir="0" index="7" bw="14" slack="5"/>
<pin id="3252" dir="0" index="8" bw="14" slack="5"/>
<pin id="3253" dir="0" index="9" bw="14" slack="5"/>
<pin id="3254" dir="0" index="10" bw="14" slack="5"/>
<pin id="3255" dir="0" index="11" bw="14" slack="5"/>
<pin id="3256" dir="0" index="12" bw="14" slack="5"/>
<pin id="3257" dir="0" index="13" bw="14" slack="5"/>
<pin id="3258" dir="0" index="14" bw="14" slack="5"/>
<pin id="3259" dir="0" index="15" bw="14" slack="5"/>
<pin id="3260" dir="0" index="16" bw="14" slack="5"/>
<pin id="3261" dir="0" index="17" bw="14" slack="5"/>
<pin id="3262" dir="0" index="18" bw="14" slack="5"/>
<pin id="3263" dir="0" index="19" bw="14" slack="5"/>
<pin id="3264" dir="0" index="20" bw="14" slack="5"/>
<pin id="3265" dir="1" index="21" bw="0" slack="2147483647"/>
</pin_list>
<bind>
<opcode="call(48) " fcode="call"/>
<opset="call_ln0/6 "/>
</bind>
</comp>

<comp id="3267" class="1005" name="in_local_V_data_0_V_reg_3267">
<pin_list>
<pin id="3268" dir="0" index="0" bw="8" slack="1"/>
<pin id="3269" dir="1" index="1" bw="8" slack="1"/>
</pin_list>
<bind>
<opset="in_local_V_data_0_V "/>
</bind>
</comp>

<comp id="3273" class="1005" name="in_local_V_data_1_V_reg_3273">
<pin_list>
<pin id="3274" dir="0" index="0" bw="8" slack="1"/>
<pin id="3275" dir="1" index="1" bw="8" slack="1"/>
</pin_list>
<bind>
<opset="in_local_V_data_1_V "/>
</bind>
</comp>

<comp id="3279" class="1005" name="in_local_V_data_2_V_reg_3279">
<pin_list>
<pin id="3280" dir="0" index="0" bw="8" slack="1"/>
<pin id="3281" dir="1" index="1" bw="8" slack="1"/>
</pin_list>
<bind>
<opset="in_local_V_data_2_V "/>
</bind>
</comp>

<comp id="3285" class="1005" name="out_local_V_data_0_V_reg_3285">
<pin_list>
<pin id="3286" dir="0" index="0" bw="14" slack="3"/>
<pin id="3287" dir="1" index="1" bw="14" slack="3"/>
</pin_list>
<bind>
<opset="out_local_V_data_0_V "/>
</bind>
</comp>

<comp id="3291" class="1005" name="out_local_V_data_1_V_reg_3291">
<pin_list>
<pin id="3292" dir="0" index="0" bw="14" slack="3"/>
<pin id="3293" dir="1" index="1" bw="14" slack="3"/>
</pin_list>
<bind>
<opset="out_local_V_data_1_V "/>
</bind>
</comp>

<comp id="3297" class="1005" name="out_local_V_data_2_V_reg_3297">
<pin_list>
<pin id="3298" dir="0" index="0" bw="14" slack="3"/>
<pin id="3299" dir="1" index="1" bw="14" slack="3"/>
</pin_list>
<bind>
<opset="out_local_V_data_2_V "/>
</bind>
</comp>

<comp id="3303" class="1005" name="out_local_V_data_3_V_reg_3303">
<pin_list>
<pin id="3304" dir="0" index="0" bw="14" slack="3"/>
<pin id="3305" dir="1" index="1" bw="14" slack="3"/>
</pin_list>
<bind>
<opset="out_local_V_data_3_V "/>
</bind>
</comp>

<comp id="3309" class="1005" name="out_local_V_data_4_V_reg_3309">
<pin_list>
<pin id="3310" dir="0" index="0" bw="14" slack="3"/>
<pin id="3311" dir="1" index="1" bw="14" slack="3"/>
</pin_list>
<bind>
<opset="out_local_V_data_4_V "/>
</bind>
</comp>

<comp id="3315" class="1005" name="out_local_V_data_5_V_reg_3315">
<pin_list>
<pin id="3316" dir="0" index="0" bw="14" slack="3"/>
<pin id="3317" dir="1" index="1" bw="14" slack="3"/>
</pin_list>
<bind>
<opset="out_local_V_data_5_V "/>
</bind>
</comp>

<comp id="3321" class="1005" name="out_local_V_data_6_V_reg_3321">
<pin_list>
<pin id="3322" dir="0" index="0" bw="14" slack="3"/>
<pin id="3323" dir="1" index="1" bw="14" slack="3"/>
</pin_list>
<bind>
<opset="out_local_V_data_6_V "/>
</bind>
</comp>

<comp id="3327" class="1005" name="out_local_V_data_7_V_reg_3327">
<pin_list>
<pin id="3328" dir="0" index="0" bw="14" slack="3"/>
<pin id="3329" dir="1" index="1" bw="14" slack="3"/>
</pin_list>
<bind>
<opset="out_local_V_data_7_V "/>
</bind>
</comp>

<comp id="3333" class="1005" name="out_local_V_data_8_V_reg_3333">
<pin_list>
<pin id="3334" dir="0" index="0" bw="14" slack="3"/>
<pin id="3335" dir="1" index="1" bw="14" slack="3"/>
</pin_list>
<bind>
<opset="out_local_V_data_8_V "/>
</bind>
</comp>

<comp id="3339" class="1005" name="out_local_V_data_9_V_reg_3339">
<pin_list>
<pin id="3340" dir="0" index="0" bw="14" slack="3"/>
<pin id="3341" dir="1" index="1" bw="14" slack="3"/>
</pin_list>
<bind>
<opset="out_local_V_data_9_V "/>
</bind>
</comp>

<comp id="3345" class="1005" name="tmp_data_V_0_reg_3345">
<pin_list>
<pin id="3346" dir="0" index="0" bw="14" slack="5"/>
<pin id="3347" dir="1" index="1" bw="14" slack="5"/>
</pin_list>
<bind>
<opset="tmp_data_V_0 "/>
</bind>
</comp>

<comp id="3351" class="1005" name="tmp_data_V_1_reg_3351">
<pin_list>
<pin id="3352" dir="0" index="0" bw="14" slack="5"/>
<pin id="3353" dir="1" index="1" bw="14" slack="5"/>
</pin_list>
<bind>
<opset="tmp_data_V_1 "/>
</bind>
</comp>

<comp id="3357" class="1005" name="tmp_data_V_2_reg_3357">
<pin_list>
<pin id="3358" dir="0" index="0" bw="14" slack="5"/>
<pin id="3359" dir="1" index="1" bw="14" slack="5"/>
</pin_list>
<bind>
<opset="tmp_data_V_2 "/>
</bind>
</comp>

<comp id="3363" class="1005" name="tmp_data_V_3_reg_3363">
<pin_list>
<pin id="3364" dir="0" index="0" bw="14" slack="5"/>
<pin id="3365" dir="1" index="1" bw="14" slack="5"/>
</pin_list>
<bind>
<opset="tmp_data_V_3 "/>
</bind>
</comp>

<comp id="3369" class="1005" name="tmp_data_V_4_reg_3369">
<pin_list>
<pin id="3370" dir="0" index="0" bw="14" slack="5"/>
<pin id="3371" dir="1" index="1" bw="14" slack="5"/>
</pin_list>
<bind>
<opset="tmp_data_V_4 "/>
</bind>
</comp>

<comp id="3375" class="1005" name="tmp_data_V_5_reg_3375">
<pin_list>
<pin id="3376" dir="0" index="0" bw="14" slack="5"/>
<pin id="3377" dir="1" index="1" bw="14" slack="5"/>
</pin_list>
<bind>
<opset="tmp_data_V_5 "/>
</bind>
</comp>

<comp id="3381" class="1005" name="tmp_data_V_6_reg_3381">
<pin_list>
<pin id="3382" dir="0" index="0" bw="14" slack="5"/>
<pin id="3383" dir="1" index="1" bw="14" slack="5"/>
</pin_list>
<bind>
<opset="tmp_data_V_6 "/>
</bind>
</comp>

<comp id="3387" class="1005" name="tmp_data_V_7_reg_3387">
<pin_list>
<pin id="3388" dir="0" index="0" bw="14" slack="5"/>
<pin id="3389" dir="1" index="1" bw="14" slack="5"/>
</pin_list>
<bind>
<opset="tmp_data_V_7 "/>
</bind>
</comp>

<comp id="3393" class="1005" name="tmp_data_V_8_reg_3393">
<pin_list>
<pin id="3394" dir="0" index="0" bw="14" slack="5"/>
<pin id="3395" dir="1" index="1" bw="14" slack="5"/>
</pin_list>
<bind>
<opset="tmp_data_V_8 "/>
</bind>
</comp>

<comp id="3399" class="1005" name="tmp_data_V_9_reg_3399">
<pin_list>
<pin id="3400" dir="0" index="0" bw="14" slack="5"/>
<pin id="3401" dir="1" index="1" bw="14" slack="5"/>
</pin_list>
<bind>
<opset="tmp_data_V_9 "/>
</bind>
</comp>

<comp id="3405" class="1005" name="is_last_0_i_loc_channel_reg_3405">
<pin_list>
<pin id="3406" dir="0" index="0" bw="1" slack="4"/>
<pin id="3407" dir="1" index="1" bw="1" slack="4"/>
</pin_list>
<bind>
<opset="is_last_0_i_loc_channel "/>
</bind>
</comp>

</comp_list>

<net_list>
<net id="1595"><net_src comp="1520" pin="0"/><net_sink comp="1592" pin=0"/></net>

<net id="1599"><net_src comp="1520" pin="0"/><net_sink comp="1596" pin=0"/></net>

<net id="1603"><net_src comp="1520" pin="0"/><net_sink comp="1600" pin=0"/></net>

<net id="1607"><net_src comp="1520" pin="0"/><net_sink comp="1604" pin=0"/></net>

<net id="1611"><net_src comp="1520" pin="0"/><net_sink comp="1608" pin=0"/></net>

<net id="1615"><net_src comp="1520" pin="0"/><net_sink comp="1612" pin=0"/></net>

<net id="1619"><net_src comp="1520" pin="0"/><net_sink comp="1616" pin=0"/></net>

<net id="1623"><net_src comp="1520" pin="0"/><net_sink comp="1620" pin=0"/></net>

<net id="1627"><net_src comp="1520" pin="0"/><net_sink comp="1624" pin=0"/></net>

<net id="1631"><net_src comp="1520" pin="0"/><net_sink comp="1628" pin=0"/></net>

<net id="1635"><net_src comp="1520" pin="0"/><net_sink comp="1632" pin=0"/></net>

<net id="1639"><net_src comp="1520" pin="0"/><net_sink comp="1636" pin=0"/></net>

<net id="1643"><net_src comp="1520" pin="0"/><net_sink comp="1640" pin=0"/></net>

<net id="1647"><net_src comp="1520" pin="0"/><net_sink comp="1644" pin=0"/></net>

<net id="1651"><net_src comp="1520" pin="0"/><net_sink comp="1648" pin=0"/></net>

<net id="1655"><net_src comp="1520" pin="0"/><net_sink comp="1652" pin=0"/></net>

<net id="1659"><net_src comp="1520" pin="0"/><net_sink comp="1656" pin=0"/></net>

<net id="1663"><net_src comp="1520" pin="0"/><net_sink comp="1660" pin=0"/></net>

<net id="1667"><net_src comp="1520" pin="0"/><net_sink comp="1664" pin=0"/></net>

<net id="1671"><net_src comp="1520" pin="0"/><net_sink comp="1668" pin=0"/></net>

<net id="1675"><net_src comp="1520" pin="0"/><net_sink comp="1672" pin=0"/></net>

<net id="1679"><net_src comp="1520" pin="0"/><net_sink comp="1676" pin=0"/></net>

<net id="1683"><net_src comp="1520" pin="0"/><net_sink comp="1680" pin=0"/></net>

<net id="2456"><net_src comp="1524" pin="0"/><net_sink comp="1684" pin=0"/></net>

<net id="2457"><net_src comp="8" pin="0"/><net_sink comp="1684" pin=14"/></net>

<net id="2458"><net_src comp="10" pin="0"/><net_sink comp="1684" pin=15"/></net>

<net id="2459"><net_src comp="12" pin="0"/><net_sink comp="1684" pin=16"/></net>

<net id="2460"><net_src comp="14" pin="0"/><net_sink comp="1684" pin=17"/></net>

<net id="2461"><net_src comp="16" pin="0"/><net_sink comp="1684" pin=18"/></net>

<net id="2462"><net_src comp="18" pin="0"/><net_sink comp="1684" pin=19"/></net>

<net id="2463"><net_src comp="20" pin="0"/><net_sink comp="1684" pin=20"/></net>

<net id="2464"><net_src comp="22" pin="0"/><net_sink comp="1684" pin=21"/></net>

<net id="2465"><net_src comp="24" pin="0"/><net_sink comp="1684" pin=22"/></net>

<net id="2466"><net_src comp="26" pin="0"/><net_sink comp="1684" pin=23"/></net>

<net id="2467"><net_src comp="28" pin="0"/><net_sink comp="1684" pin=24"/></net>

<net id="2468"><net_src comp="30" pin="0"/><net_sink comp="1684" pin=25"/></net>

<net id="2469"><net_src comp="32" pin="0"/><net_sink comp="1684" pin=26"/></net>

<net id="2470"><net_src comp="34" pin="0"/><net_sink comp="1684" pin=27"/></net>

<net id="2471"><net_src comp="36" pin="0"/><net_sink comp="1684" pin=28"/></net>

<net id="2472"><net_src comp="38" pin="0"/><net_sink comp="1684" pin=29"/></net>

<net id="2473"><net_src comp="40" pin="0"/><net_sink comp="1684" pin=30"/></net>

<net id="2474"><net_src comp="42" pin="0"/><net_sink comp="1684" pin=31"/></net>

<net id="2475"><net_src comp="44" pin="0"/><net_sink comp="1684" pin=32"/></net>

<net id="2476"><net_src comp="46" pin="0"/><net_sink comp="1684" pin=33"/></net>

<net id="2477"><net_src comp="48" pin="0"/><net_sink comp="1684" pin=34"/></net>

<net id="2478"><net_src comp="50" pin="0"/><net_sink comp="1684" pin=35"/></net>

<net id="2479"><net_src comp="52" pin="0"/><net_sink comp="1684" pin=36"/></net>

<net id="2480"><net_src comp="54" pin="0"/><net_sink comp="1684" pin=37"/></net>

<net id="2481"><net_src comp="56" pin="0"/><net_sink comp="1684" pin=38"/></net>

<net id="2482"><net_src comp="58" pin="0"/><net_sink comp="1684" pin=39"/></net>

<net id="2483"><net_src comp="60" pin="0"/><net_sink comp="1684" pin=40"/></net>

<net id="2484"><net_src comp="62" pin="0"/><net_sink comp="1684" pin=41"/></net>

<net id="2485"><net_src comp="64" pin="0"/><net_sink comp="1684" pin=42"/></net>

<net id="2486"><net_src comp="66" pin="0"/><net_sink comp="1684" pin=43"/></net>

<net id="2487"><net_src comp="68" pin="0"/><net_sink comp="1684" pin=44"/></net>

<net id="2488"><net_src comp="70" pin="0"/><net_sink comp="1684" pin=45"/></net>

<net id="2489"><net_src comp="72" pin="0"/><net_sink comp="1684" pin=46"/></net>

<net id="2490"><net_src comp="74" pin="0"/><net_sink comp="1684" pin=47"/></net>

<net id="2491"><net_src comp="76" pin="0"/><net_sink comp="1684" pin=48"/></net>

<net id="2492"><net_src comp="78" pin="0"/><net_sink comp="1684" pin=49"/></net>

<net id="2493"><net_src comp="80" pin="0"/><net_sink comp="1684" pin=50"/></net>

<net id="2494"><net_src comp="82" pin="0"/><net_sink comp="1684" pin=51"/></net>

<net id="2495"><net_src comp="84" pin="0"/><net_sink comp="1684" pin=52"/></net>

<net id="2496"><net_src comp="86" pin="0"/><net_sink comp="1684" pin=53"/></net>

<net id="2497"><net_src comp="88" pin="0"/><net_sink comp="1684" pin=54"/></net>

<net id="2498"><net_src comp="90" pin="0"/><net_sink comp="1684" pin=55"/></net>

<net id="2499"><net_src comp="92" pin="0"/><net_sink comp="1684" pin=56"/></net>

<net id="2500"><net_src comp="94" pin="0"/><net_sink comp="1684" pin=57"/></net>

<net id="2501"><net_src comp="96" pin="0"/><net_sink comp="1684" pin=58"/></net>

<net id="2502"><net_src comp="98" pin="0"/><net_sink comp="1684" pin=59"/></net>

<net id="2503"><net_src comp="100" pin="0"/><net_sink comp="1684" pin=60"/></net>

<net id="2504"><net_src comp="102" pin="0"/><net_sink comp="1684" pin=61"/></net>

<net id="2505"><net_src comp="104" pin="0"/><net_sink comp="1684" pin=62"/></net>

<net id="2506"><net_src comp="106" pin="0"/><net_sink comp="1684" pin=63"/></net>

<net id="2507"><net_src comp="108" pin="0"/><net_sink comp="1684" pin=64"/></net>

<net id="2508"><net_src comp="110" pin="0"/><net_sink comp="1684" pin=65"/></net>

<net id="2509"><net_src comp="112" pin="0"/><net_sink comp="1684" pin=66"/></net>

<net id="2510"><net_src comp="114" pin="0"/><net_sink comp="1684" pin=67"/></net>

<net id="2511"><net_src comp="116" pin="0"/><net_sink comp="1684" pin=68"/></net>

<net id="2512"><net_src comp="118" pin="0"/><net_sink comp="1684" pin=69"/></net>

<net id="2513"><net_src comp="120" pin="0"/><net_sink comp="1684" pin=70"/></net>

<net id="2514"><net_src comp="122" pin="0"/><net_sink comp="1684" pin=71"/></net>

<net id="2515"><net_src comp="124" pin="0"/><net_sink comp="1684" pin=72"/></net>

<net id="2516"><net_src comp="126" pin="0"/><net_sink comp="1684" pin=73"/></net>

<net id="2517"><net_src comp="128" pin="0"/><net_sink comp="1684" pin=74"/></net>

<net id="2518"><net_src comp="130" pin="0"/><net_sink comp="1684" pin=75"/></net>

<net id="2519"><net_src comp="132" pin="0"/><net_sink comp="1684" pin=76"/></net>

<net id="2520"><net_src comp="134" pin="0"/><net_sink comp="1684" pin=77"/></net>

<net id="2521"><net_src comp="136" pin="0"/><net_sink comp="1684" pin=78"/></net>

<net id="2522"><net_src comp="138" pin="0"/><net_sink comp="1684" pin=79"/></net>

<net id="2523"><net_src comp="140" pin="0"/><net_sink comp="1684" pin=80"/></net>

<net id="2524"><net_src comp="142" pin="0"/><net_sink comp="1684" pin=81"/></net>

<net id="2525"><net_src comp="144" pin="0"/><net_sink comp="1684" pin=82"/></net>

<net id="2526"><net_src comp="146" pin="0"/><net_sink comp="1684" pin=83"/></net>

<net id="2527"><net_src comp="148" pin="0"/><net_sink comp="1684" pin=84"/></net>

<net id="2528"><net_src comp="150" pin="0"/><net_sink comp="1684" pin=85"/></net>

<net id="2529"><net_src comp="152" pin="0"/><net_sink comp="1684" pin=86"/></net>

<net id="2530"><net_src comp="154" pin="0"/><net_sink comp="1684" pin=87"/></net>

<net id="2531"><net_src comp="156" pin="0"/><net_sink comp="1684" pin=88"/></net>

<net id="2532"><net_src comp="158" pin="0"/><net_sink comp="1684" pin=89"/></net>

<net id="2533"><net_src comp="160" pin="0"/><net_sink comp="1684" pin=90"/></net>

<net id="2534"><net_src comp="162" pin="0"/><net_sink comp="1684" pin=91"/></net>

<net id="2535"><net_src comp="164" pin="0"/><net_sink comp="1684" pin=92"/></net>

<net id="2536"><net_src comp="166" pin="0"/><net_sink comp="1684" pin=93"/></net>

<net id="2537"><net_src comp="168" pin="0"/><net_sink comp="1684" pin=94"/></net>

<net id="2538"><net_src comp="170" pin="0"/><net_sink comp="1684" pin=95"/></net>

<net id="2539"><net_src comp="172" pin="0"/><net_sink comp="1684" pin=96"/></net>

<net id="2540"><net_src comp="174" pin="0"/><net_sink comp="1684" pin=97"/></net>

<net id="2541"><net_src comp="176" pin="0"/><net_sink comp="1684" pin=98"/></net>

<net id="2542"><net_src comp="178" pin="0"/><net_sink comp="1684" pin=99"/></net>

<net id="2543"><net_src comp="180" pin="0"/><net_sink comp="1684" pin=100"/></net>

<net id="2544"><net_src comp="182" pin="0"/><net_sink comp="1684" pin=101"/></net>

<net id="2545"><net_src comp="184" pin="0"/><net_sink comp="1684" pin=102"/></net>

<net id="2546"><net_src comp="186" pin="0"/><net_sink comp="1684" pin=103"/></net>

<net id="2547"><net_src comp="188" pin="0"/><net_sink comp="1684" pin=104"/></net>

<net id="2548"><net_src comp="190" pin="0"/><net_sink comp="1684" pin=105"/></net>

<net id="2549"><net_src comp="192" pin="0"/><net_sink comp="1684" pin=106"/></net>

<net id="2550"><net_src comp="194" pin="0"/><net_sink comp="1684" pin=107"/></net>

<net id="2551"><net_src comp="196" pin="0"/><net_sink comp="1684" pin=108"/></net>

<net id="2552"><net_src comp="198" pin="0"/><net_sink comp="1684" pin=109"/></net>

<net id="2553"><net_src comp="200" pin="0"/><net_sink comp="1684" pin=110"/></net>

<net id="2554"><net_src comp="202" pin="0"/><net_sink comp="1684" pin=111"/></net>

<net id="2555"><net_src comp="204" pin="0"/><net_sink comp="1684" pin=112"/></net>

<net id="2556"><net_src comp="206" pin="0"/><net_sink comp="1684" pin=113"/></net>

<net id="2557"><net_src comp="208" pin="0"/><net_sink comp="1684" pin=114"/></net>

<net id="2558"><net_src comp="210" pin="0"/><net_sink comp="1684" pin=115"/></net>

<net id="2559"><net_src comp="212" pin="0"/><net_sink comp="1684" pin=116"/></net>

<net id="2560"><net_src comp="214" pin="0"/><net_sink comp="1684" pin=117"/></net>

<net id="2561"><net_src comp="216" pin="0"/><net_sink comp="1684" pin=118"/></net>

<net id="2562"><net_src comp="218" pin="0"/><net_sink comp="1684" pin=119"/></net>

<net id="2563"><net_src comp="220" pin="0"/><net_sink comp="1684" pin=120"/></net>

<net id="2564"><net_src comp="222" pin="0"/><net_sink comp="1684" pin=121"/></net>

<net id="2565"><net_src comp="224" pin="0"/><net_sink comp="1684" pin=122"/></net>

<net id="2566"><net_src comp="226" pin="0"/><net_sink comp="1684" pin=123"/></net>

<net id="2567"><net_src comp="228" pin="0"/><net_sink comp="1684" pin=124"/></net>

<net id="2568"><net_src comp="230" pin="0"/><net_sink comp="1684" pin=125"/></net>

<net id="2569"><net_src comp="232" pin="0"/><net_sink comp="1684" pin=126"/></net>

<net id="2570"><net_src comp="234" pin="0"/><net_sink comp="1684" pin=127"/></net>

<net id="2571"><net_src comp="236" pin="0"/><net_sink comp="1684" pin=128"/></net>

<net id="2572"><net_src comp="238" pin="0"/><net_sink comp="1684" pin=129"/></net>

<net id="2573"><net_src comp="240" pin="0"/><net_sink comp="1684" pin=130"/></net>

<net id="2574"><net_src comp="242" pin="0"/><net_sink comp="1684" pin=131"/></net>

<net id="2575"><net_src comp="244" pin="0"/><net_sink comp="1684" pin=132"/></net>

<net id="2576"><net_src comp="246" pin="0"/><net_sink comp="1684" pin=133"/></net>

<net id="2577"><net_src comp="248" pin="0"/><net_sink comp="1684" pin=134"/></net>

<net id="2578"><net_src comp="250" pin="0"/><net_sink comp="1684" pin=135"/></net>

<net id="2579"><net_src comp="252" pin="0"/><net_sink comp="1684" pin=136"/></net>

<net id="2580"><net_src comp="254" pin="0"/><net_sink comp="1684" pin=137"/></net>

<net id="2581"><net_src comp="256" pin="0"/><net_sink comp="1684" pin=138"/></net>

<net id="2582"><net_src comp="258" pin="0"/><net_sink comp="1684" pin=139"/></net>

<net id="2583"><net_src comp="260" pin="0"/><net_sink comp="1684" pin=140"/></net>

<net id="2584"><net_src comp="262" pin="0"/><net_sink comp="1684" pin=141"/></net>

<net id="2585"><net_src comp="264" pin="0"/><net_sink comp="1684" pin=142"/></net>

<net id="2586"><net_src comp="266" pin="0"/><net_sink comp="1684" pin=143"/></net>

<net id="2587"><net_src comp="268" pin="0"/><net_sink comp="1684" pin=144"/></net>

<net id="2588"><net_src comp="270" pin="0"/><net_sink comp="1684" pin=145"/></net>

<net id="2589"><net_src comp="272" pin="0"/><net_sink comp="1684" pin=146"/></net>

<net id="2590"><net_src comp="274" pin="0"/><net_sink comp="1684" pin=147"/></net>

<net id="2591"><net_src comp="276" pin="0"/><net_sink comp="1684" pin=148"/></net>

<net id="2592"><net_src comp="278" pin="0"/><net_sink comp="1684" pin=149"/></net>

<net id="2593"><net_src comp="280" pin="0"/><net_sink comp="1684" pin=150"/></net>

<net id="2594"><net_src comp="282" pin="0"/><net_sink comp="1684" pin=151"/></net>

<net id="2595"><net_src comp="284" pin="0"/><net_sink comp="1684" pin=152"/></net>

<net id="2596"><net_src comp="286" pin="0"/><net_sink comp="1684" pin=153"/></net>

<net id="2597"><net_src comp="288" pin="0"/><net_sink comp="1684" pin=154"/></net>

<net id="2598"><net_src comp="290" pin="0"/><net_sink comp="1684" pin=155"/></net>

<net id="2599"><net_src comp="292" pin="0"/><net_sink comp="1684" pin=156"/></net>

<net id="2600"><net_src comp="294" pin="0"/><net_sink comp="1684" pin=157"/></net>

<net id="2601"><net_src comp="296" pin="0"/><net_sink comp="1684" pin=158"/></net>

<net id="2602"><net_src comp="298" pin="0"/><net_sink comp="1684" pin=159"/></net>

<net id="2603"><net_src comp="300" pin="0"/><net_sink comp="1684" pin=160"/></net>

<net id="2604"><net_src comp="302" pin="0"/><net_sink comp="1684" pin=161"/></net>

<net id="2605"><net_src comp="304" pin="0"/><net_sink comp="1684" pin=162"/></net>

<net id="2606"><net_src comp="306" pin="0"/><net_sink comp="1684" pin=163"/></net>

<net id="2607"><net_src comp="308" pin="0"/><net_sink comp="1684" pin=164"/></net>

<net id="2608"><net_src comp="310" pin="0"/><net_sink comp="1684" pin=165"/></net>

<net id="2609"><net_src comp="312" pin="0"/><net_sink comp="1684" pin=166"/></net>

<net id="2610"><net_src comp="314" pin="0"/><net_sink comp="1684" pin=167"/></net>

<net id="2611"><net_src comp="316" pin="0"/><net_sink comp="1684" pin=168"/></net>

<net id="2612"><net_src comp="318" pin="0"/><net_sink comp="1684" pin=169"/></net>

<net id="2613"><net_src comp="320" pin="0"/><net_sink comp="1684" pin=170"/></net>

<net id="2614"><net_src comp="322" pin="0"/><net_sink comp="1684" pin=171"/></net>

<net id="2615"><net_src comp="324" pin="0"/><net_sink comp="1684" pin=172"/></net>

<net id="2616"><net_src comp="326" pin="0"/><net_sink comp="1684" pin=173"/></net>

<net id="2617"><net_src comp="328" pin="0"/><net_sink comp="1684" pin=174"/></net>

<net id="2618"><net_src comp="330" pin="0"/><net_sink comp="1684" pin=175"/></net>

<net id="2619"><net_src comp="332" pin="0"/><net_sink comp="1684" pin=176"/></net>

<net id="2620"><net_src comp="334" pin="0"/><net_sink comp="1684" pin=177"/></net>

<net id="2621"><net_src comp="336" pin="0"/><net_sink comp="1684" pin=178"/></net>

<net id="2622"><net_src comp="338" pin="0"/><net_sink comp="1684" pin=179"/></net>

<net id="2623"><net_src comp="340" pin="0"/><net_sink comp="1684" pin=180"/></net>

<net id="2624"><net_src comp="342" pin="0"/><net_sink comp="1684" pin=181"/></net>

<net id="2625"><net_src comp="344" pin="0"/><net_sink comp="1684" pin=182"/></net>

<net id="2626"><net_src comp="346" pin="0"/><net_sink comp="1684" pin=183"/></net>

<net id="2627"><net_src comp="348" pin="0"/><net_sink comp="1684" pin=184"/></net>

<net id="2628"><net_src comp="350" pin="0"/><net_sink comp="1684" pin=185"/></net>

<net id="2629"><net_src comp="352" pin="0"/><net_sink comp="1684" pin=186"/></net>

<net id="2630"><net_src comp="354" pin="0"/><net_sink comp="1684" pin=187"/></net>

<net id="2631"><net_src comp="356" pin="0"/><net_sink comp="1684" pin=188"/></net>

<net id="2632"><net_src comp="358" pin="0"/><net_sink comp="1684" pin=189"/></net>

<net id="2633"><net_src comp="360" pin="0"/><net_sink comp="1684" pin=190"/></net>

<net id="2634"><net_src comp="362" pin="0"/><net_sink comp="1684" pin=191"/></net>

<net id="2635"><net_src comp="364" pin="0"/><net_sink comp="1684" pin=192"/></net>

<net id="2636"><net_src comp="366" pin="0"/><net_sink comp="1684" pin=193"/></net>

<net id="2637"><net_src comp="368" pin="0"/><net_sink comp="1684" pin=194"/></net>

<net id="2638"><net_src comp="370" pin="0"/><net_sink comp="1684" pin=195"/></net>

<net id="2639"><net_src comp="372" pin="0"/><net_sink comp="1684" pin=196"/></net>

<net id="2640"><net_src comp="374" pin="0"/><net_sink comp="1684" pin=197"/></net>

<net id="2641"><net_src comp="376" pin="0"/><net_sink comp="1684" pin=198"/></net>

<net id="2642"><net_src comp="378" pin="0"/><net_sink comp="1684" pin=199"/></net>

<net id="2643"><net_src comp="380" pin="0"/><net_sink comp="1684" pin=200"/></net>

<net id="2644"><net_src comp="382" pin="0"/><net_sink comp="1684" pin=201"/></net>

<net id="2645"><net_src comp="384" pin="0"/><net_sink comp="1684" pin=202"/></net>

<net id="2646"><net_src comp="386" pin="0"/><net_sink comp="1684" pin=203"/></net>

<net id="2647"><net_src comp="388" pin="0"/><net_sink comp="1684" pin=204"/></net>

<net id="2648"><net_src comp="390" pin="0"/><net_sink comp="1684" pin=205"/></net>

<net id="2649"><net_src comp="392" pin="0"/><net_sink comp="1684" pin=206"/></net>

<net id="2650"><net_src comp="394" pin="0"/><net_sink comp="1684" pin=207"/></net>

<net id="2651"><net_src comp="396" pin="0"/><net_sink comp="1684" pin=208"/></net>

<net id="2652"><net_src comp="398" pin="0"/><net_sink comp="1684" pin=209"/></net>

<net id="2653"><net_src comp="400" pin="0"/><net_sink comp="1684" pin=210"/></net>

<net id="2654"><net_src comp="402" pin="0"/><net_sink comp="1684" pin=211"/></net>

<net id="2655"><net_src comp="404" pin="0"/><net_sink comp="1684" pin=212"/></net>

<net id="2656"><net_src comp="406" pin="0"/><net_sink comp="1684" pin=213"/></net>

<net id="2657"><net_src comp="408" pin="0"/><net_sink comp="1684" pin=214"/></net>

<net id="2658"><net_src comp="410" pin="0"/><net_sink comp="1684" pin=215"/></net>

<net id="2659"><net_src comp="412" pin="0"/><net_sink comp="1684" pin=216"/></net>

<net id="2660"><net_src comp="414" pin="0"/><net_sink comp="1684" pin=217"/></net>

<net id="2661"><net_src comp="416" pin="0"/><net_sink comp="1684" pin=218"/></net>

<net id="2662"><net_src comp="418" pin="0"/><net_sink comp="1684" pin=219"/></net>

<net id="2663"><net_src comp="420" pin="0"/><net_sink comp="1684" pin=220"/></net>

<net id="2664"><net_src comp="422" pin="0"/><net_sink comp="1684" pin=221"/></net>

<net id="2665"><net_src comp="424" pin="0"/><net_sink comp="1684" pin=222"/></net>

<net id="2666"><net_src comp="426" pin="0"/><net_sink comp="1684" pin=223"/></net>

<net id="2667"><net_src comp="428" pin="0"/><net_sink comp="1684" pin=224"/></net>

<net id="2668"><net_src comp="430" pin="0"/><net_sink comp="1684" pin=225"/></net>

<net id="2669"><net_src comp="432" pin="0"/><net_sink comp="1684" pin=226"/></net>

<net id="2670"><net_src comp="434" pin="0"/><net_sink comp="1684" pin=227"/></net>

<net id="2671"><net_src comp="436" pin="0"/><net_sink comp="1684" pin=228"/></net>

<net id="2672"><net_src comp="438" pin="0"/><net_sink comp="1684" pin=229"/></net>

<net id="2673"><net_src comp="440" pin="0"/><net_sink comp="1684" pin=230"/></net>

<net id="2674"><net_src comp="442" pin="0"/><net_sink comp="1684" pin=231"/></net>

<net id="2675"><net_src comp="444" pin="0"/><net_sink comp="1684" pin=232"/></net>

<net id="2676"><net_src comp="446" pin="0"/><net_sink comp="1684" pin=233"/></net>

<net id="2677"><net_src comp="448" pin="0"/><net_sink comp="1684" pin=234"/></net>

<net id="2678"><net_src comp="450" pin="0"/><net_sink comp="1684" pin=235"/></net>

<net id="2679"><net_src comp="452" pin="0"/><net_sink comp="1684" pin=236"/></net>

<net id="2680"><net_src comp="454" pin="0"/><net_sink comp="1684" pin=237"/></net>

<net id="2681"><net_src comp="456" pin="0"/><net_sink comp="1684" pin=238"/></net>

<net id="2682"><net_src comp="458" pin="0"/><net_sink comp="1684" pin=239"/></net>

<net id="2683"><net_src comp="460" pin="0"/><net_sink comp="1684" pin=240"/></net>

<net id="2684"><net_src comp="462" pin="0"/><net_sink comp="1684" pin=241"/></net>

<net id="2685"><net_src comp="464" pin="0"/><net_sink comp="1684" pin=242"/></net>

<net id="2686"><net_src comp="466" pin="0"/><net_sink comp="1684" pin=243"/></net>

<net id="2687"><net_src comp="468" pin="0"/><net_sink comp="1684" pin=244"/></net>

<net id="2688"><net_src comp="470" pin="0"/><net_sink comp="1684" pin=245"/></net>

<net id="2689"><net_src comp="472" pin="0"/><net_sink comp="1684" pin=246"/></net>

<net id="2690"><net_src comp="474" pin="0"/><net_sink comp="1684" pin=247"/></net>

<net id="2691"><net_src comp="476" pin="0"/><net_sink comp="1684" pin=248"/></net>

<net id="2692"><net_src comp="478" pin="0"/><net_sink comp="1684" pin=249"/></net>

<net id="2693"><net_src comp="480" pin="0"/><net_sink comp="1684" pin=250"/></net>

<net id="2694"><net_src comp="482" pin="0"/><net_sink comp="1684" pin=251"/></net>

<net id="2695"><net_src comp="484" pin="0"/><net_sink comp="1684" pin=252"/></net>

<net id="2696"><net_src comp="486" pin="0"/><net_sink comp="1684" pin=253"/></net>

<net id="2697"><net_src comp="488" pin="0"/><net_sink comp="1684" pin=254"/></net>

<net id="2698"><net_src comp="490" pin="0"/><net_sink comp="1684" pin=255"/></net>

<net id="2699"><net_src comp="492" pin="0"/><net_sink comp="1684" pin=256"/></net>

<net id="2700"><net_src comp="494" pin="0"/><net_sink comp="1684" pin=257"/></net>

<net id="2701"><net_src comp="496" pin="0"/><net_sink comp="1684" pin=258"/></net>

<net id="2702"><net_src comp="498" pin="0"/><net_sink comp="1684" pin=259"/></net>

<net id="2703"><net_src comp="500" pin="0"/><net_sink comp="1684" pin=260"/></net>

<net id="2704"><net_src comp="502" pin="0"/><net_sink comp="1684" pin=261"/></net>

<net id="2705"><net_src comp="504" pin="0"/><net_sink comp="1684" pin=262"/></net>

<net id="2706"><net_src comp="506" pin="0"/><net_sink comp="1684" pin=263"/></net>

<net id="2707"><net_src comp="508" pin="0"/><net_sink comp="1684" pin=264"/></net>

<net id="2708"><net_src comp="510" pin="0"/><net_sink comp="1684" pin=265"/></net>

<net id="2709"><net_src comp="512" pin="0"/><net_sink comp="1684" pin=266"/></net>

<net id="2710"><net_src comp="514" pin="0"/><net_sink comp="1684" pin=267"/></net>

<net id="2711"><net_src comp="516" pin="0"/><net_sink comp="1684" pin=268"/></net>

<net id="2712"><net_src comp="518" pin="0"/><net_sink comp="1684" pin=269"/></net>

<net id="2713"><net_src comp="520" pin="0"/><net_sink comp="1684" pin=270"/></net>

<net id="2714"><net_src comp="522" pin="0"/><net_sink comp="1684" pin=271"/></net>

<net id="2715"><net_src comp="524" pin="0"/><net_sink comp="1684" pin=272"/></net>

<net id="2716"><net_src comp="526" pin="0"/><net_sink comp="1684" pin=273"/></net>

<net id="2717"><net_src comp="528" pin="0"/><net_sink comp="1684" pin=274"/></net>

<net id="2718"><net_src comp="530" pin="0"/><net_sink comp="1684" pin=275"/></net>

<net id="2719"><net_src comp="532" pin="0"/><net_sink comp="1684" pin=276"/></net>

<net id="2720"><net_src comp="534" pin="0"/><net_sink comp="1684" pin=277"/></net>

<net id="2721"><net_src comp="536" pin="0"/><net_sink comp="1684" pin=278"/></net>

<net id="2722"><net_src comp="538" pin="0"/><net_sink comp="1684" pin=279"/></net>

<net id="2723"><net_src comp="540" pin="0"/><net_sink comp="1684" pin=280"/></net>

<net id="2724"><net_src comp="542" pin="0"/><net_sink comp="1684" pin=281"/></net>

<net id="2725"><net_src comp="544" pin="0"/><net_sink comp="1684" pin=282"/></net>

<net id="2726"><net_src comp="546" pin="0"/><net_sink comp="1684" pin=283"/></net>

<net id="2727"><net_src comp="548" pin="0"/><net_sink comp="1684" pin=284"/></net>

<net id="2728"><net_src comp="550" pin="0"/><net_sink comp="1684" pin=285"/></net>

<net id="2729"><net_src comp="552" pin="0"/><net_sink comp="1684" pin=286"/></net>

<net id="2730"><net_src comp="554" pin="0"/><net_sink comp="1684" pin=287"/></net>

<net id="2731"><net_src comp="556" pin="0"/><net_sink comp="1684" pin=288"/></net>

<net id="2732"><net_src comp="558" pin="0"/><net_sink comp="1684" pin=289"/></net>

<net id="2733"><net_src comp="560" pin="0"/><net_sink comp="1684" pin=290"/></net>

<net id="2734"><net_src comp="562" pin="0"/><net_sink comp="1684" pin=291"/></net>

<net id="2735"><net_src comp="564" pin="0"/><net_sink comp="1684" pin=292"/></net>

<net id="2736"><net_src comp="566" pin="0"/><net_sink comp="1684" pin=293"/></net>

<net id="2737"><net_src comp="568" pin="0"/><net_sink comp="1684" pin=294"/></net>

<net id="2738"><net_src comp="570" pin="0"/><net_sink comp="1684" pin=295"/></net>

<net id="2739"><net_src comp="572" pin="0"/><net_sink comp="1684" pin=296"/></net>

<net id="2740"><net_src comp="574" pin="0"/><net_sink comp="1684" pin=297"/></net>

<net id="2741"><net_src comp="576" pin="0"/><net_sink comp="1684" pin=298"/></net>

<net id="2742"><net_src comp="578" pin="0"/><net_sink comp="1684" pin=299"/></net>

<net id="2743"><net_src comp="580" pin="0"/><net_sink comp="1684" pin=300"/></net>

<net id="2744"><net_src comp="582" pin="0"/><net_sink comp="1684" pin=301"/></net>

<net id="2745"><net_src comp="584" pin="0"/><net_sink comp="1684" pin=302"/></net>

<net id="2746"><net_src comp="586" pin="0"/><net_sink comp="1684" pin=303"/></net>

<net id="2747"><net_src comp="588" pin="0"/><net_sink comp="1684" pin=304"/></net>

<net id="2748"><net_src comp="590" pin="0"/><net_sink comp="1684" pin=305"/></net>

<net id="2749"><net_src comp="592" pin="0"/><net_sink comp="1684" pin=306"/></net>

<net id="2750"><net_src comp="594" pin="0"/><net_sink comp="1684" pin=307"/></net>

<net id="2751"><net_src comp="596" pin="0"/><net_sink comp="1684" pin=308"/></net>

<net id="2752"><net_src comp="598" pin="0"/><net_sink comp="1684" pin=309"/></net>

<net id="2753"><net_src comp="600" pin="0"/><net_sink comp="1684" pin=310"/></net>

<net id="2754"><net_src comp="602" pin="0"/><net_sink comp="1684" pin=311"/></net>

<net id="2755"><net_src comp="604" pin="0"/><net_sink comp="1684" pin=312"/></net>

<net id="2756"><net_src comp="606" pin="0"/><net_sink comp="1684" pin=313"/></net>

<net id="2757"><net_src comp="608" pin="0"/><net_sink comp="1684" pin=314"/></net>

<net id="2758"><net_src comp="610" pin="0"/><net_sink comp="1684" pin=315"/></net>

<net id="2759"><net_src comp="612" pin="0"/><net_sink comp="1684" pin=316"/></net>

<net id="2760"><net_src comp="614" pin="0"/><net_sink comp="1684" pin=317"/></net>

<net id="2761"><net_src comp="616" pin="0"/><net_sink comp="1684" pin=318"/></net>

<net id="2762"><net_src comp="618" pin="0"/><net_sink comp="1684" pin=319"/></net>

<net id="2763"><net_src comp="620" pin="0"/><net_sink comp="1684" pin=320"/></net>

<net id="2764"><net_src comp="622" pin="0"/><net_sink comp="1684" pin=321"/></net>

<net id="2765"><net_src comp="624" pin="0"/><net_sink comp="1684" pin=322"/></net>

<net id="2766"><net_src comp="626" pin="0"/><net_sink comp="1684" pin=323"/></net>

<net id="2767"><net_src comp="628" pin="0"/><net_sink comp="1684" pin=324"/></net>

<net id="2768"><net_src comp="630" pin="0"/><net_sink comp="1684" pin=325"/></net>

<net id="2769"><net_src comp="632" pin="0"/><net_sink comp="1684" pin=326"/></net>

<net id="2770"><net_src comp="634" pin="0"/><net_sink comp="1684" pin=327"/></net>

<net id="2771"><net_src comp="636" pin="0"/><net_sink comp="1684" pin=328"/></net>

<net id="2772"><net_src comp="638" pin="0"/><net_sink comp="1684" pin=329"/></net>

<net id="2773"><net_src comp="640" pin="0"/><net_sink comp="1684" pin=330"/></net>

<net id="2774"><net_src comp="642" pin="0"/><net_sink comp="1684" pin=331"/></net>

<net id="2775"><net_src comp="644" pin="0"/><net_sink comp="1684" pin=332"/></net>

<net id="2776"><net_src comp="646" pin="0"/><net_sink comp="1684" pin=333"/></net>

<net id="2777"><net_src comp="648" pin="0"/><net_sink comp="1684" pin=334"/></net>

<net id="2778"><net_src comp="650" pin="0"/><net_sink comp="1684" pin=335"/></net>

<net id="2779"><net_src comp="652" pin="0"/><net_sink comp="1684" pin=336"/></net>

<net id="2780"><net_src comp="654" pin="0"/><net_sink comp="1684" pin=337"/></net>

<net id="2781"><net_src comp="656" pin="0"/><net_sink comp="1684" pin=338"/></net>

<net id="2782"><net_src comp="658" pin="0"/><net_sink comp="1684" pin=339"/></net>

<net id="2783"><net_src comp="660" pin="0"/><net_sink comp="1684" pin=340"/></net>

<net id="2784"><net_src comp="662" pin="0"/><net_sink comp="1684" pin=341"/></net>

<net id="2785"><net_src comp="664" pin="0"/><net_sink comp="1684" pin=342"/></net>

<net id="2786"><net_src comp="666" pin="0"/><net_sink comp="1684" pin=343"/></net>

<net id="2787"><net_src comp="668" pin="0"/><net_sink comp="1684" pin=344"/></net>

<net id="2788"><net_src comp="670" pin="0"/><net_sink comp="1684" pin=345"/></net>

<net id="2789"><net_src comp="672" pin="0"/><net_sink comp="1684" pin=346"/></net>

<net id="2790"><net_src comp="674" pin="0"/><net_sink comp="1684" pin=347"/></net>

<net id="2791"><net_src comp="676" pin="0"/><net_sink comp="1684" pin=348"/></net>

<net id="2792"><net_src comp="678" pin="0"/><net_sink comp="1684" pin=349"/></net>

<net id="2793"><net_src comp="680" pin="0"/><net_sink comp="1684" pin=350"/></net>

<net id="2794"><net_src comp="682" pin="0"/><net_sink comp="1684" pin=351"/></net>

<net id="2795"><net_src comp="684" pin="0"/><net_sink comp="1684" pin=352"/></net>

<net id="2796"><net_src comp="686" pin="0"/><net_sink comp="1684" pin=353"/></net>

<net id="2797"><net_src comp="688" pin="0"/><net_sink comp="1684" pin=354"/></net>

<net id="2798"><net_src comp="690" pin="0"/><net_sink comp="1684" pin=355"/></net>

<net id="2799"><net_src comp="692" pin="0"/><net_sink comp="1684" pin=356"/></net>

<net id="2800"><net_src comp="694" pin="0"/><net_sink comp="1684" pin=357"/></net>

<net id="2801"><net_src comp="696" pin="0"/><net_sink comp="1684" pin=358"/></net>

<net id="2802"><net_src comp="698" pin="0"/><net_sink comp="1684" pin=359"/></net>

<net id="2803"><net_src comp="700" pin="0"/><net_sink comp="1684" pin=360"/></net>

<net id="2804"><net_src comp="702" pin="0"/><net_sink comp="1684" pin=361"/></net>

<net id="2805"><net_src comp="704" pin="0"/><net_sink comp="1684" pin=362"/></net>

<net id="2806"><net_src comp="706" pin="0"/><net_sink comp="1684" pin=363"/></net>

<net id="2807"><net_src comp="708" pin="0"/><net_sink comp="1684" pin=364"/></net>

<net id="2808"><net_src comp="710" pin="0"/><net_sink comp="1684" pin=365"/></net>

<net id="2809"><net_src comp="712" pin="0"/><net_sink comp="1684" pin=366"/></net>

<net id="2810"><net_src comp="714" pin="0"/><net_sink comp="1684" pin=367"/></net>

<net id="2811"><net_src comp="716" pin="0"/><net_sink comp="1684" pin=368"/></net>

<net id="2812"><net_src comp="718" pin="0"/><net_sink comp="1684" pin=369"/></net>

<net id="2813"><net_src comp="720" pin="0"/><net_sink comp="1684" pin=370"/></net>

<net id="2814"><net_src comp="722" pin="0"/><net_sink comp="1684" pin=371"/></net>

<net id="2815"><net_src comp="724" pin="0"/><net_sink comp="1684" pin=372"/></net>

<net id="2816"><net_src comp="726" pin="0"/><net_sink comp="1684" pin=373"/></net>

<net id="2817"><net_src comp="728" pin="0"/><net_sink comp="1684" pin=374"/></net>

<net id="2818"><net_src comp="730" pin="0"/><net_sink comp="1684" pin=375"/></net>

<net id="2819"><net_src comp="732" pin="0"/><net_sink comp="1684" pin=376"/></net>

<net id="2820"><net_src comp="734" pin="0"/><net_sink comp="1684" pin=377"/></net>

<net id="2821"><net_src comp="736" pin="0"/><net_sink comp="1684" pin=378"/></net>

<net id="2822"><net_src comp="738" pin="0"/><net_sink comp="1684" pin=379"/></net>

<net id="2823"><net_src comp="740" pin="0"/><net_sink comp="1684" pin=380"/></net>

<net id="2824"><net_src comp="742" pin="0"/><net_sink comp="1684" pin=381"/></net>

<net id="2825"><net_src comp="744" pin="0"/><net_sink comp="1684" pin=382"/></net>

<net id="2826"><net_src comp="746" pin="0"/><net_sink comp="1684" pin=383"/></net>

<net id="2827"><net_src comp="748" pin="0"/><net_sink comp="1684" pin=384"/></net>

<net id="2828"><net_src comp="750" pin="0"/><net_sink comp="1684" pin=385"/></net>

<net id="2829"><net_src comp="752" pin="0"/><net_sink comp="1684" pin=386"/></net>

<net id="2830"><net_src comp="754" pin="0"/><net_sink comp="1684" pin=387"/></net>

<net id="2831"><net_src comp="756" pin="0"/><net_sink comp="1684" pin=388"/></net>

<net id="2832"><net_src comp="758" pin="0"/><net_sink comp="1684" pin=389"/></net>

<net id="2833"><net_src comp="760" pin="0"/><net_sink comp="1684" pin=390"/></net>

<net id="2834"><net_src comp="762" pin="0"/><net_sink comp="1684" pin=391"/></net>

<net id="2835"><net_src comp="764" pin="0"/><net_sink comp="1684" pin=392"/></net>

<net id="2836"><net_src comp="766" pin="0"/><net_sink comp="1684" pin=393"/></net>

<net id="2837"><net_src comp="768" pin="0"/><net_sink comp="1684" pin=394"/></net>

<net id="2838"><net_src comp="770" pin="0"/><net_sink comp="1684" pin=395"/></net>

<net id="2839"><net_src comp="772" pin="0"/><net_sink comp="1684" pin=396"/></net>

<net id="2840"><net_src comp="774" pin="0"/><net_sink comp="1684" pin=397"/></net>

<net id="2841"><net_src comp="776" pin="0"/><net_sink comp="1684" pin=398"/></net>

<net id="2842"><net_src comp="778" pin="0"/><net_sink comp="1684" pin=399"/></net>

<net id="2843"><net_src comp="780" pin="0"/><net_sink comp="1684" pin=400"/></net>

<net id="2844"><net_src comp="782" pin="0"/><net_sink comp="1684" pin=401"/></net>

<net id="2845"><net_src comp="784" pin="0"/><net_sink comp="1684" pin=402"/></net>

<net id="2846"><net_src comp="786" pin="0"/><net_sink comp="1684" pin=403"/></net>

<net id="2847"><net_src comp="788" pin="0"/><net_sink comp="1684" pin=404"/></net>

<net id="2848"><net_src comp="790" pin="0"/><net_sink comp="1684" pin=405"/></net>

<net id="2849"><net_src comp="792" pin="0"/><net_sink comp="1684" pin=406"/></net>

<net id="2850"><net_src comp="794" pin="0"/><net_sink comp="1684" pin=407"/></net>

<net id="2851"><net_src comp="796" pin="0"/><net_sink comp="1684" pin=408"/></net>

<net id="2852"><net_src comp="798" pin="0"/><net_sink comp="1684" pin=409"/></net>

<net id="2853"><net_src comp="800" pin="0"/><net_sink comp="1684" pin=410"/></net>

<net id="2854"><net_src comp="802" pin="0"/><net_sink comp="1684" pin=411"/></net>

<net id="2855"><net_src comp="804" pin="0"/><net_sink comp="1684" pin=412"/></net>

<net id="2856"><net_src comp="806" pin="0"/><net_sink comp="1684" pin=413"/></net>

<net id="2857"><net_src comp="808" pin="0"/><net_sink comp="1684" pin=414"/></net>

<net id="2858"><net_src comp="810" pin="0"/><net_sink comp="1684" pin=415"/></net>

<net id="2859"><net_src comp="812" pin="0"/><net_sink comp="1684" pin=416"/></net>

<net id="2860"><net_src comp="814" pin="0"/><net_sink comp="1684" pin=417"/></net>

<net id="2861"><net_src comp="816" pin="0"/><net_sink comp="1684" pin=418"/></net>

<net id="2862"><net_src comp="818" pin="0"/><net_sink comp="1684" pin=419"/></net>

<net id="2863"><net_src comp="820" pin="0"/><net_sink comp="1684" pin=420"/></net>

<net id="2864"><net_src comp="822" pin="0"/><net_sink comp="1684" pin=421"/></net>

<net id="2865"><net_src comp="824" pin="0"/><net_sink comp="1684" pin=422"/></net>

<net id="2866"><net_src comp="826" pin="0"/><net_sink comp="1684" pin=423"/></net>

<net id="2867"><net_src comp="828" pin="0"/><net_sink comp="1684" pin=424"/></net>

<net id="2868"><net_src comp="830" pin="0"/><net_sink comp="1684" pin=425"/></net>

<net id="2869"><net_src comp="832" pin="0"/><net_sink comp="1684" pin=426"/></net>

<net id="2870"><net_src comp="834" pin="0"/><net_sink comp="1684" pin=427"/></net>

<net id="2871"><net_src comp="836" pin="0"/><net_sink comp="1684" pin=428"/></net>

<net id="2872"><net_src comp="838" pin="0"/><net_sink comp="1684" pin=429"/></net>

<net id="2873"><net_src comp="840" pin="0"/><net_sink comp="1684" pin=430"/></net>

<net id="2874"><net_src comp="842" pin="0"/><net_sink comp="1684" pin=431"/></net>

<net id="2875"><net_src comp="844" pin="0"/><net_sink comp="1684" pin=432"/></net>

<net id="2876"><net_src comp="846" pin="0"/><net_sink comp="1684" pin=433"/></net>

<net id="2877"><net_src comp="848" pin="0"/><net_sink comp="1684" pin=434"/></net>

<net id="2878"><net_src comp="850" pin="0"/><net_sink comp="1684" pin=435"/></net>

<net id="2879"><net_src comp="852" pin="0"/><net_sink comp="1684" pin=436"/></net>

<net id="2880"><net_src comp="854" pin="0"/><net_sink comp="1684" pin=437"/></net>

<net id="2881"><net_src comp="856" pin="0"/><net_sink comp="1684" pin=438"/></net>

<net id="2882"><net_src comp="858" pin="0"/><net_sink comp="1684" pin=439"/></net>

<net id="2883"><net_src comp="860" pin="0"/><net_sink comp="1684" pin=440"/></net>

<net id="2884"><net_src comp="862" pin="0"/><net_sink comp="1684" pin=441"/></net>

<net id="2885"><net_src comp="864" pin="0"/><net_sink comp="1684" pin=442"/></net>

<net id="2886"><net_src comp="866" pin="0"/><net_sink comp="1684" pin=443"/></net>

<net id="2887"><net_src comp="868" pin="0"/><net_sink comp="1684" pin=444"/></net>

<net id="2888"><net_src comp="870" pin="0"/><net_sink comp="1684" pin=445"/></net>

<net id="2889"><net_src comp="872" pin="0"/><net_sink comp="1684" pin=446"/></net>

<net id="2890"><net_src comp="874" pin="0"/><net_sink comp="1684" pin=447"/></net>

<net id="2891"><net_src comp="876" pin="0"/><net_sink comp="1684" pin=448"/></net>

<net id="2892"><net_src comp="878" pin="0"/><net_sink comp="1684" pin=449"/></net>

<net id="2893"><net_src comp="880" pin="0"/><net_sink comp="1684" pin=450"/></net>

<net id="2894"><net_src comp="882" pin="0"/><net_sink comp="1684" pin=451"/></net>

<net id="2895"><net_src comp="884" pin="0"/><net_sink comp="1684" pin=452"/></net>

<net id="2896"><net_src comp="886" pin="0"/><net_sink comp="1684" pin=453"/></net>

<net id="2897"><net_src comp="888" pin="0"/><net_sink comp="1684" pin=454"/></net>

<net id="2898"><net_src comp="890" pin="0"/><net_sink comp="1684" pin=455"/></net>

<net id="2899"><net_src comp="892" pin="0"/><net_sink comp="1684" pin=456"/></net>

<net id="2900"><net_src comp="894" pin="0"/><net_sink comp="1684" pin=457"/></net>

<net id="2901"><net_src comp="896" pin="0"/><net_sink comp="1684" pin=458"/></net>

<net id="2902"><net_src comp="898" pin="0"/><net_sink comp="1684" pin=459"/></net>

<net id="2903"><net_src comp="900" pin="0"/><net_sink comp="1684" pin=460"/></net>

<net id="2904"><net_src comp="902" pin="0"/><net_sink comp="1684" pin=461"/></net>

<net id="2905"><net_src comp="904" pin="0"/><net_sink comp="1684" pin=462"/></net>

<net id="2906"><net_src comp="906" pin="0"/><net_sink comp="1684" pin=463"/></net>

<net id="2907"><net_src comp="908" pin="0"/><net_sink comp="1684" pin=464"/></net>

<net id="2908"><net_src comp="910" pin="0"/><net_sink comp="1684" pin=465"/></net>

<net id="2909"><net_src comp="912" pin="0"/><net_sink comp="1684" pin=466"/></net>

<net id="2910"><net_src comp="914" pin="0"/><net_sink comp="1684" pin=467"/></net>

<net id="2911"><net_src comp="916" pin="0"/><net_sink comp="1684" pin=468"/></net>

<net id="2912"><net_src comp="918" pin="0"/><net_sink comp="1684" pin=469"/></net>

<net id="2913"><net_src comp="920" pin="0"/><net_sink comp="1684" pin=470"/></net>

<net id="2914"><net_src comp="922" pin="0"/><net_sink comp="1684" pin=471"/></net>

<net id="2915"><net_src comp="924" pin="0"/><net_sink comp="1684" pin=472"/></net>

<net id="2916"><net_src comp="926" pin="0"/><net_sink comp="1684" pin=473"/></net>

<net id="2917"><net_src comp="928" pin="0"/><net_sink comp="1684" pin=474"/></net>

<net id="2918"><net_src comp="930" pin="0"/><net_sink comp="1684" pin=475"/></net>

<net id="2919"><net_src comp="932" pin="0"/><net_sink comp="1684" pin=476"/></net>

<net id="2920"><net_src comp="934" pin="0"/><net_sink comp="1684" pin=477"/></net>

<net id="2921"><net_src comp="936" pin="0"/><net_sink comp="1684" pin=478"/></net>

<net id="2922"><net_src comp="938" pin="0"/><net_sink comp="1684" pin=479"/></net>

<net id="2923"><net_src comp="940" pin="0"/><net_sink comp="1684" pin=480"/></net>

<net id="2924"><net_src comp="942" pin="0"/><net_sink comp="1684" pin=481"/></net>

<net id="2925"><net_src comp="944" pin="0"/><net_sink comp="1684" pin=482"/></net>

<net id="2926"><net_src comp="946" pin="0"/><net_sink comp="1684" pin=483"/></net>

<net id="2927"><net_src comp="948" pin="0"/><net_sink comp="1684" pin=484"/></net>

<net id="2928"><net_src comp="950" pin="0"/><net_sink comp="1684" pin=485"/></net>

<net id="2929"><net_src comp="952" pin="0"/><net_sink comp="1684" pin=486"/></net>

<net id="2930"><net_src comp="954" pin="0"/><net_sink comp="1684" pin=487"/></net>

<net id="2931"><net_src comp="956" pin="0"/><net_sink comp="1684" pin=488"/></net>

<net id="2932"><net_src comp="958" pin="0"/><net_sink comp="1684" pin=489"/></net>

<net id="2933"><net_src comp="960" pin="0"/><net_sink comp="1684" pin=490"/></net>

<net id="2934"><net_src comp="962" pin="0"/><net_sink comp="1684" pin=491"/></net>

<net id="2935"><net_src comp="964" pin="0"/><net_sink comp="1684" pin=492"/></net>

<net id="2936"><net_src comp="966" pin="0"/><net_sink comp="1684" pin=493"/></net>

<net id="2937"><net_src comp="968" pin="0"/><net_sink comp="1684" pin=494"/></net>

<net id="2938"><net_src comp="970" pin="0"/><net_sink comp="1684" pin=495"/></net>

<net id="2939"><net_src comp="972" pin="0"/><net_sink comp="1684" pin=496"/></net>

<net id="2940"><net_src comp="974" pin="0"/><net_sink comp="1684" pin=497"/></net>

<net id="2941"><net_src comp="976" pin="0"/><net_sink comp="1684" pin=498"/></net>

<net id="2942"><net_src comp="978" pin="0"/><net_sink comp="1684" pin=499"/></net>

<net id="2943"><net_src comp="980" pin="0"/><net_sink comp="1684" pin=500"/></net>

<net id="2944"><net_src comp="982" pin="0"/><net_sink comp="1684" pin=501"/></net>

<net id="2945"><net_src comp="984" pin="0"/><net_sink comp="1684" pin=502"/></net>

<net id="2946"><net_src comp="986" pin="0"/><net_sink comp="1684" pin=503"/></net>

<net id="2947"><net_src comp="988" pin="0"/><net_sink comp="1684" pin=504"/></net>

<net id="2948"><net_src comp="990" pin="0"/><net_sink comp="1684" pin=505"/></net>

<net id="2949"><net_src comp="992" pin="0"/><net_sink comp="1684" pin=506"/></net>

<net id="2950"><net_src comp="994" pin="0"/><net_sink comp="1684" pin=507"/></net>

<net id="2951"><net_src comp="996" pin="0"/><net_sink comp="1684" pin=508"/></net>

<net id="2952"><net_src comp="998" pin="0"/><net_sink comp="1684" pin=509"/></net>

<net id="2953"><net_src comp="1000" pin="0"/><net_sink comp="1684" pin=510"/></net>

<net id="2954"><net_src comp="1002" pin="0"/><net_sink comp="1684" pin=511"/></net>

<net id="2955"><net_src comp="1004" pin="0"/><net_sink comp="1684" pin=512"/></net>

<net id="2956"><net_src comp="1006" pin="0"/><net_sink comp="1684" pin=513"/></net>

<net id="2957"><net_src comp="1008" pin="0"/><net_sink comp="1684" pin=514"/></net>

<net id="2958"><net_src comp="1010" pin="0"/><net_sink comp="1684" pin=515"/></net>

<net id="2959"><net_src comp="1012" pin="0"/><net_sink comp="1684" pin=516"/></net>

<net id="2960"><net_src comp="1014" pin="0"/><net_sink comp="1684" pin=517"/></net>

<net id="2961"><net_src comp="1016" pin="0"/><net_sink comp="1684" pin=518"/></net>

<net id="2962"><net_src comp="1018" pin="0"/><net_sink comp="1684" pin=519"/></net>

<net id="2963"><net_src comp="1020" pin="0"/><net_sink comp="1684" pin=520"/></net>

<net id="2964"><net_src comp="1022" pin="0"/><net_sink comp="1684" pin=521"/></net>

<net id="2965"><net_src comp="1024" pin="0"/><net_sink comp="1684" pin=522"/></net>

<net id="2966"><net_src comp="1026" pin="0"/><net_sink comp="1684" pin=523"/></net>

<net id="2967"><net_src comp="1028" pin="0"/><net_sink comp="1684" pin=524"/></net>

<net id="2968"><net_src comp="1030" pin="0"/><net_sink comp="1684" pin=525"/></net>

<net id="2969"><net_src comp="1032" pin="0"/><net_sink comp="1684" pin=526"/></net>

<net id="2970"><net_src comp="1034" pin="0"/><net_sink comp="1684" pin=527"/></net>

<net id="2971"><net_src comp="1036" pin="0"/><net_sink comp="1684" pin=528"/></net>

<net id="2972"><net_src comp="1038" pin="0"/><net_sink comp="1684" pin=529"/></net>

<net id="2973"><net_src comp="1040" pin="0"/><net_sink comp="1684" pin=530"/></net>

<net id="2974"><net_src comp="1042" pin="0"/><net_sink comp="1684" pin=531"/></net>

<net id="2975"><net_src comp="1044" pin="0"/><net_sink comp="1684" pin=532"/></net>

<net id="2976"><net_src comp="1046" pin="0"/><net_sink comp="1684" pin=533"/></net>

<net id="2977"><net_src comp="1048" pin="0"/><net_sink comp="1684" pin=534"/></net>

<net id="2978"><net_src comp="1050" pin="0"/><net_sink comp="1684" pin=535"/></net>

<net id="2979"><net_src comp="1052" pin="0"/><net_sink comp="1684" pin=536"/></net>

<net id="2980"><net_src comp="1054" pin="0"/><net_sink comp="1684" pin=537"/></net>

<net id="2981"><net_src comp="1056" pin="0"/><net_sink comp="1684" pin=538"/></net>

<net id="2982"><net_src comp="1058" pin="0"/><net_sink comp="1684" pin=539"/></net>

<net id="2983"><net_src comp="1060" pin="0"/><net_sink comp="1684" pin=540"/></net>

<net id="2984"><net_src comp="1062" pin="0"/><net_sink comp="1684" pin=541"/></net>

<net id="2985"><net_src comp="1064" pin="0"/><net_sink comp="1684" pin=542"/></net>

<net id="2986"><net_src comp="1066" pin="0"/><net_sink comp="1684" pin=543"/></net>

<net id="2987"><net_src comp="1068" pin="0"/><net_sink comp="1684" pin=544"/></net>

<net id="2988"><net_src comp="1070" pin="0"/><net_sink comp="1684" pin=545"/></net>

<net id="2989"><net_src comp="1072" pin="0"/><net_sink comp="1684" pin=546"/></net>

<net id="2990"><net_src comp="1074" pin="0"/><net_sink comp="1684" pin=547"/></net>

<net id="2991"><net_src comp="1076" pin="0"/><net_sink comp="1684" pin=548"/></net>

<net id="2992"><net_src comp="1078" pin="0"/><net_sink comp="1684" pin=549"/></net>

<net id="2993"><net_src comp="1080" pin="0"/><net_sink comp="1684" pin=550"/></net>

<net id="2994"><net_src comp="1082" pin="0"/><net_sink comp="1684" pin=551"/></net>

<net id="2995"><net_src comp="1084" pin="0"/><net_sink comp="1684" pin=552"/></net>

<net id="2996"><net_src comp="1086" pin="0"/><net_sink comp="1684" pin=553"/></net>

<net id="2997"><net_src comp="1088" pin="0"/><net_sink comp="1684" pin=554"/></net>

<net id="2998"><net_src comp="1090" pin="0"/><net_sink comp="1684" pin=555"/></net>

<net id="2999"><net_src comp="1092" pin="0"/><net_sink comp="1684" pin=556"/></net>

<net id="3000"><net_src comp="1094" pin="0"/><net_sink comp="1684" pin=557"/></net>

<net id="3001"><net_src comp="1096" pin="0"/><net_sink comp="1684" pin=558"/></net>

<net id="3002"><net_src comp="1098" pin="0"/><net_sink comp="1684" pin=559"/></net>

<net id="3003"><net_src comp="1100" pin="0"/><net_sink comp="1684" pin=560"/></net>

<net id="3004"><net_src comp="1102" pin="0"/><net_sink comp="1684" pin=561"/></net>

<net id="3005"><net_src comp="1104" pin="0"/><net_sink comp="1684" pin=562"/></net>

<net id="3006"><net_src comp="1106" pin="0"/><net_sink comp="1684" pin=563"/></net>

<net id="3007"><net_src comp="1108" pin="0"/><net_sink comp="1684" pin=564"/></net>

<net id="3008"><net_src comp="1110" pin="0"/><net_sink comp="1684" pin=565"/></net>

<net id="3009"><net_src comp="1112" pin="0"/><net_sink comp="1684" pin=566"/></net>

<net id="3010"><net_src comp="1114" pin="0"/><net_sink comp="1684" pin=567"/></net>

<net id="3011"><net_src comp="1116" pin="0"/><net_sink comp="1684" pin=568"/></net>

<net id="3012"><net_src comp="1118" pin="0"/><net_sink comp="1684" pin=569"/></net>

<net id="3013"><net_src comp="1120" pin="0"/><net_sink comp="1684" pin=570"/></net>

<net id="3014"><net_src comp="1122" pin="0"/><net_sink comp="1684" pin=571"/></net>

<net id="3015"><net_src comp="1124" pin="0"/><net_sink comp="1684" pin=572"/></net>

<net id="3016"><net_src comp="1126" pin="0"/><net_sink comp="1684" pin=573"/></net>

<net id="3017"><net_src comp="1128" pin="0"/><net_sink comp="1684" pin=574"/></net>

<net id="3018"><net_src comp="1130" pin="0"/><net_sink comp="1684" pin=575"/></net>

<net id="3019"><net_src comp="1132" pin="0"/><net_sink comp="1684" pin=576"/></net>

<net id="3020"><net_src comp="1134" pin="0"/><net_sink comp="1684" pin=577"/></net>

<net id="3021"><net_src comp="1136" pin="0"/><net_sink comp="1684" pin=578"/></net>

<net id="3022"><net_src comp="1138" pin="0"/><net_sink comp="1684" pin=579"/></net>

<net id="3023"><net_src comp="1140" pin="0"/><net_sink comp="1684" pin=580"/></net>

<net id="3024"><net_src comp="1142" pin="0"/><net_sink comp="1684" pin=581"/></net>

<net id="3025"><net_src comp="1144" pin="0"/><net_sink comp="1684" pin=582"/></net>

<net id="3026"><net_src comp="1146" pin="0"/><net_sink comp="1684" pin=583"/></net>

<net id="3027"><net_src comp="1148" pin="0"/><net_sink comp="1684" pin=584"/></net>

<net id="3028"><net_src comp="1150" pin="0"/><net_sink comp="1684" pin=585"/></net>

<net id="3029"><net_src comp="1152" pin="0"/><net_sink comp="1684" pin=586"/></net>

<net id="3030"><net_src comp="1154" pin="0"/><net_sink comp="1684" pin=587"/></net>

<net id="3031"><net_src comp="1156" pin="0"/><net_sink comp="1684" pin=588"/></net>

<net id="3032"><net_src comp="1158" pin="0"/><net_sink comp="1684" pin=589"/></net>

<net id="3033"><net_src comp="1160" pin="0"/><net_sink comp="1684" pin=590"/></net>

<net id="3034"><net_src comp="1162" pin="0"/><net_sink comp="1684" pin=591"/></net>

<net id="3035"><net_src comp="1164" pin="0"/><net_sink comp="1684" pin=592"/></net>

<net id="3036"><net_src comp="1166" pin="0"/><net_sink comp="1684" pin=593"/></net>

<net id="3037"><net_src comp="1168" pin="0"/><net_sink comp="1684" pin=594"/></net>

<net id="3038"><net_src comp="1170" pin="0"/><net_sink comp="1684" pin=595"/></net>

<net id="3039"><net_src comp="1172" pin="0"/><net_sink comp="1684" pin=596"/></net>

<net id="3040"><net_src comp="1174" pin="0"/><net_sink comp="1684" pin=597"/></net>

<net id="3041"><net_src comp="1176" pin="0"/><net_sink comp="1684" pin=598"/></net>

<net id="3042"><net_src comp="1178" pin="0"/><net_sink comp="1684" pin=599"/></net>

<net id="3043"><net_src comp="1180" pin="0"/><net_sink comp="1684" pin=600"/></net>

<net id="3044"><net_src comp="1182" pin="0"/><net_sink comp="1684" pin=601"/></net>

<net id="3045"><net_src comp="1184" pin="0"/><net_sink comp="1684" pin=602"/></net>

<net id="3046"><net_src comp="1186" pin="0"/><net_sink comp="1684" pin=603"/></net>

<net id="3047"><net_src comp="1188" pin="0"/><net_sink comp="1684" pin=604"/></net>

<net id="3048"><net_src comp="1190" pin="0"/><net_sink comp="1684" pin=605"/></net>

<net id="3049"><net_src comp="1192" pin="0"/><net_sink comp="1684" pin=606"/></net>

<net id="3050"><net_src comp="1194" pin="0"/><net_sink comp="1684" pin=607"/></net>

<net id="3051"><net_src comp="1196" pin="0"/><net_sink comp="1684" pin=608"/></net>

<net id="3052"><net_src comp="1198" pin="0"/><net_sink comp="1684" pin=609"/></net>

<net id="3053"><net_src comp="1200" pin="0"/><net_sink comp="1684" pin=610"/></net>

<net id="3054"><net_src comp="1202" pin="0"/><net_sink comp="1684" pin=611"/></net>

<net id="3055"><net_src comp="1204" pin="0"/><net_sink comp="1684" pin=612"/></net>

<net id="3056"><net_src comp="1206" pin="0"/><net_sink comp="1684" pin=613"/></net>

<net id="3057"><net_src comp="1208" pin="0"/><net_sink comp="1684" pin=614"/></net>

<net id="3058"><net_src comp="1210" pin="0"/><net_sink comp="1684" pin=615"/></net>

<net id="3059"><net_src comp="1212" pin="0"/><net_sink comp="1684" pin=616"/></net>

<net id="3060"><net_src comp="1214" pin="0"/><net_sink comp="1684" pin=617"/></net>

<net id="3061"><net_src comp="1216" pin="0"/><net_sink comp="1684" pin=618"/></net>

<net id="3062"><net_src comp="1218" pin="0"/><net_sink comp="1684" pin=619"/></net>

<net id="3063"><net_src comp="1220" pin="0"/><net_sink comp="1684" pin=620"/></net>

<net id="3064"><net_src comp="1222" pin="0"/><net_sink comp="1684" pin=621"/></net>

<net id="3065"><net_src comp="1224" pin="0"/><net_sink comp="1684" pin=622"/></net>

<net id="3066"><net_src comp="1226" pin="0"/><net_sink comp="1684" pin=623"/></net>

<net id="3067"><net_src comp="1228" pin="0"/><net_sink comp="1684" pin=624"/></net>

<net id="3068"><net_src comp="1230" pin="0"/><net_sink comp="1684" pin=625"/></net>

<net id="3069"><net_src comp="1232" pin="0"/><net_sink comp="1684" pin=626"/></net>

<net id="3070"><net_src comp="1234" pin="0"/><net_sink comp="1684" pin=627"/></net>

<net id="3071"><net_src comp="1236" pin="0"/><net_sink comp="1684" pin=628"/></net>

<net id="3072"><net_src comp="1238" pin="0"/><net_sink comp="1684" pin=629"/></net>

<net id="3073"><net_src comp="1240" pin="0"/><net_sink comp="1684" pin=630"/></net>

<net id="3074"><net_src comp="1242" pin="0"/><net_sink comp="1684" pin=631"/></net>

<net id="3075"><net_src comp="1244" pin="0"/><net_sink comp="1684" pin=632"/></net>

<net id="3076"><net_src comp="1246" pin="0"/><net_sink comp="1684" pin=633"/></net>

<net id="3077"><net_src comp="1248" pin="0"/><net_sink comp="1684" pin=634"/></net>

<net id="3078"><net_src comp="1250" pin="0"/><net_sink comp="1684" pin=635"/></net>

<net id="3079"><net_src comp="1252" pin="0"/><net_sink comp="1684" pin=636"/></net>

<net id="3080"><net_src comp="1254" pin="0"/><net_sink comp="1684" pin=637"/></net>

<net id="3081"><net_src comp="1256" pin="0"/><net_sink comp="1684" pin=638"/></net>

<net id="3082"><net_src comp="1258" pin="0"/><net_sink comp="1684" pin=639"/></net>

<net id="3083"><net_src comp="1260" pin="0"/><net_sink comp="1684" pin=640"/></net>

<net id="3084"><net_src comp="1262" pin="0"/><net_sink comp="1684" pin=641"/></net>

<net id="3085"><net_src comp="1264" pin="0"/><net_sink comp="1684" pin=642"/></net>

<net id="3086"><net_src comp="1266" pin="0"/><net_sink comp="1684" pin=643"/></net>

<net id="3087"><net_src comp="1268" pin="0"/><net_sink comp="1684" pin=644"/></net>

<net id="3088"><net_src comp="1270" pin="0"/><net_sink comp="1684" pin=645"/></net>

<net id="3089"><net_src comp="1272" pin="0"/><net_sink comp="1684" pin=646"/></net>

<net id="3090"><net_src comp="1274" pin="0"/><net_sink comp="1684" pin=647"/></net>

<net id="3091"><net_src comp="1276" pin="0"/><net_sink comp="1684" pin=648"/></net>

<net id="3092"><net_src comp="1278" pin="0"/><net_sink comp="1684" pin=649"/></net>

<net id="3093"><net_src comp="1280" pin="0"/><net_sink comp="1684" pin=650"/></net>

<net id="3094"><net_src comp="1282" pin="0"/><net_sink comp="1684" pin=651"/></net>

<net id="3095"><net_src comp="1284" pin="0"/><net_sink comp="1684" pin=652"/></net>

<net id="3096"><net_src comp="1286" pin="0"/><net_sink comp="1684" pin=653"/></net>

<net id="3097"><net_src comp="1288" pin="0"/><net_sink comp="1684" pin=654"/></net>

<net id="3098"><net_src comp="1290" pin="0"/><net_sink comp="1684" pin=655"/></net>

<net id="3099"><net_src comp="1292" pin="0"/><net_sink comp="1684" pin=656"/></net>

<net id="3100"><net_src comp="1294" pin="0"/><net_sink comp="1684" pin=657"/></net>

<net id="3101"><net_src comp="1296" pin="0"/><net_sink comp="1684" pin=658"/></net>

<net id="3102"><net_src comp="1298" pin="0"/><net_sink comp="1684" pin=659"/></net>

<net id="3103"><net_src comp="1300" pin="0"/><net_sink comp="1684" pin=660"/></net>

<net id="3104"><net_src comp="1302" pin="0"/><net_sink comp="1684" pin=661"/></net>

<net id="3105"><net_src comp="1304" pin="0"/><net_sink comp="1684" pin=662"/></net>

<net id="3106"><net_src comp="1306" pin="0"/><net_sink comp="1684" pin=663"/></net>

<net id="3107"><net_src comp="1308" pin="0"/><net_sink comp="1684" pin=664"/></net>

<net id="3108"><net_src comp="1310" pin="0"/><net_sink comp="1684" pin=665"/></net>

<net id="3109"><net_src comp="1312" pin="0"/><net_sink comp="1684" pin=666"/></net>

<net id="3110"><net_src comp="1314" pin="0"/><net_sink comp="1684" pin=667"/></net>

<net id="3111"><net_src comp="1316" pin="0"/><net_sink comp="1684" pin=668"/></net>

<net id="3112"><net_src comp="1318" pin="0"/><net_sink comp="1684" pin=669"/></net>

<net id="3113"><net_src comp="1320" pin="0"/><net_sink comp="1684" pin=670"/></net>

<net id="3114"><net_src comp="1322" pin="0"/><net_sink comp="1684" pin=671"/></net>

<net id="3115"><net_src comp="1324" pin="0"/><net_sink comp="1684" pin=672"/></net>

<net id="3116"><net_src comp="1326" pin="0"/><net_sink comp="1684" pin=673"/></net>

<net id="3117"><net_src comp="1328" pin="0"/><net_sink comp="1684" pin=674"/></net>

<net id="3118"><net_src comp="1330" pin="0"/><net_sink comp="1684" pin=675"/></net>

<net id="3119"><net_src comp="1332" pin="0"/><net_sink comp="1684" pin=676"/></net>

<net id="3120"><net_src comp="1334" pin="0"/><net_sink comp="1684" pin=677"/></net>

<net id="3121"><net_src comp="1336" pin="0"/><net_sink comp="1684" pin=678"/></net>

<net id="3122"><net_src comp="1338" pin="0"/><net_sink comp="1684" pin=679"/></net>

<net id="3123"><net_src comp="1340" pin="0"/><net_sink comp="1684" pin=680"/></net>

<net id="3124"><net_src comp="1342" pin="0"/><net_sink comp="1684" pin=681"/></net>

<net id="3125"><net_src comp="1344" pin="0"/><net_sink comp="1684" pin=682"/></net>

<net id="3126"><net_src comp="1346" pin="0"/><net_sink comp="1684" pin=683"/></net>

<net id="3127"><net_src comp="1348" pin="0"/><net_sink comp="1684" pin=684"/></net>

<net id="3128"><net_src comp="1350" pin="0"/><net_sink comp="1684" pin=685"/></net>

<net id="3129"><net_src comp="1352" pin="0"/><net_sink comp="1684" pin=686"/></net>

<net id="3130"><net_src comp="1354" pin="0"/><net_sink comp="1684" pin=687"/></net>

<net id="3131"><net_src comp="1356" pin="0"/><net_sink comp="1684" pin=688"/></net>

<net id="3132"><net_src comp="1358" pin="0"/><net_sink comp="1684" pin=689"/></net>

<net id="3133"><net_src comp="1360" pin="0"/><net_sink comp="1684" pin=690"/></net>

<net id="3134"><net_src comp="1362" pin="0"/><net_sink comp="1684" pin=691"/></net>

<net id="3135"><net_src comp="1364" pin="0"/><net_sink comp="1684" pin=692"/></net>

<net id="3136"><net_src comp="1366" pin="0"/><net_sink comp="1684" pin=693"/></net>

<net id="3137"><net_src comp="1368" pin="0"/><net_sink comp="1684" pin=694"/></net>

<net id="3138"><net_src comp="1370" pin="0"/><net_sink comp="1684" pin=695"/></net>

<net id="3139"><net_src comp="1372" pin="0"/><net_sink comp="1684" pin=696"/></net>

<net id="3140"><net_src comp="1374" pin="0"/><net_sink comp="1684" pin=697"/></net>

<net id="3141"><net_src comp="1376" pin="0"/><net_sink comp="1684" pin=698"/></net>

<net id="3142"><net_src comp="1378" pin="0"/><net_sink comp="1684" pin=699"/></net>

<net id="3143"><net_src comp="1380" pin="0"/><net_sink comp="1684" pin=700"/></net>

<net id="3144"><net_src comp="1382" pin="0"/><net_sink comp="1684" pin=701"/></net>

<net id="3145"><net_src comp="1384" pin="0"/><net_sink comp="1684" pin=702"/></net>

<net id="3146"><net_src comp="1386" pin="0"/><net_sink comp="1684" pin=703"/></net>

<net id="3147"><net_src comp="1388" pin="0"/><net_sink comp="1684" pin=704"/></net>

<net id="3148"><net_src comp="1390" pin="0"/><net_sink comp="1684" pin=705"/></net>

<net id="3149"><net_src comp="1392" pin="0"/><net_sink comp="1684" pin=706"/></net>

<net id="3150"><net_src comp="1394" pin="0"/><net_sink comp="1684" pin=707"/></net>

<net id="3151"><net_src comp="1396" pin="0"/><net_sink comp="1684" pin=708"/></net>

<net id="3152"><net_src comp="1398" pin="0"/><net_sink comp="1684" pin=709"/></net>

<net id="3153"><net_src comp="1400" pin="0"/><net_sink comp="1684" pin=710"/></net>

<net id="3154"><net_src comp="1402" pin="0"/><net_sink comp="1684" pin=711"/></net>

<net id="3155"><net_src comp="1404" pin="0"/><net_sink comp="1684" pin=712"/></net>

<net id="3156"><net_src comp="1406" pin="0"/><net_sink comp="1684" pin=713"/></net>

<net id="3157"><net_src comp="1408" pin="0"/><net_sink comp="1684" pin=714"/></net>

<net id="3158"><net_src comp="1410" pin="0"/><net_sink comp="1684" pin=715"/></net>

<net id="3159"><net_src comp="1412" pin="0"/><net_sink comp="1684" pin=716"/></net>

<net id="3160"><net_src comp="1414" pin="0"/><net_sink comp="1684" pin=717"/></net>

<net id="3161"><net_src comp="1416" pin="0"/><net_sink comp="1684" pin=718"/></net>

<net id="3162"><net_src comp="1418" pin="0"/><net_sink comp="1684" pin=719"/></net>

<net id="3163"><net_src comp="1420" pin="0"/><net_sink comp="1684" pin=720"/></net>

<net id="3164"><net_src comp="1422" pin="0"/><net_sink comp="1684" pin=721"/></net>

<net id="3165"><net_src comp="1424" pin="0"/><net_sink comp="1684" pin=722"/></net>

<net id="3166"><net_src comp="1426" pin="0"/><net_sink comp="1684" pin=723"/></net>

<net id="3167"><net_src comp="1428" pin="0"/><net_sink comp="1684" pin=724"/></net>

<net id="3168"><net_src comp="1430" pin="0"/><net_sink comp="1684" pin=725"/></net>

<net id="3169"><net_src comp="1432" pin="0"/><net_sink comp="1684" pin=726"/></net>

<net id="3170"><net_src comp="1434" pin="0"/><net_sink comp="1684" pin=727"/></net>

<net id="3171"><net_src comp="1436" pin="0"/><net_sink comp="1684" pin=728"/></net>

<net id="3172"><net_src comp="1438" pin="0"/><net_sink comp="1684" pin=729"/></net>

<net id="3173"><net_src comp="1440" pin="0"/><net_sink comp="1684" pin=730"/></net>

<net id="3174"><net_src comp="1442" pin="0"/><net_sink comp="1684" pin=731"/></net>

<net id="3175"><net_src comp="1444" pin="0"/><net_sink comp="1684" pin=732"/></net>

<net id="3176"><net_src comp="1446" pin="0"/><net_sink comp="1684" pin=733"/></net>

<net id="3177"><net_src comp="1448" pin="0"/><net_sink comp="1684" pin=734"/></net>

<net id="3178"><net_src comp="1450" pin="0"/><net_sink comp="1684" pin=735"/></net>

<net id="3179"><net_src comp="1452" pin="0"/><net_sink comp="1684" pin=736"/></net>

<net id="3180"><net_src comp="1454" pin="0"/><net_sink comp="1684" pin=737"/></net>

<net id="3181"><net_src comp="1456" pin="0"/><net_sink comp="1684" pin=738"/></net>

<net id="3182"><net_src comp="1458" pin="0"/><net_sink comp="1684" pin=739"/></net>

<net id="3183"><net_src comp="1460" pin="0"/><net_sink comp="1684" pin=740"/></net>

<net id="3184"><net_src comp="1462" pin="0"/><net_sink comp="1684" pin=741"/></net>

<net id="3185"><net_src comp="1464" pin="0"/><net_sink comp="1684" pin=742"/></net>

<net id="3186"><net_src comp="1466" pin="0"/><net_sink comp="1684" pin=743"/></net>

<net id="3187"><net_src comp="1468" pin="0"/><net_sink comp="1684" pin=744"/></net>

<net id="3188"><net_src comp="1470" pin="0"/><net_sink comp="1684" pin=745"/></net>

<net id="3189"><net_src comp="1472" pin="0"/><net_sink comp="1684" pin=746"/></net>

<net id="3190"><net_src comp="1474" pin="0"/><net_sink comp="1684" pin=747"/></net>

<net id="3191"><net_src comp="1476" pin="0"/><net_sink comp="1684" pin=748"/></net>

<net id="3192"><net_src comp="1478" pin="0"/><net_sink comp="1684" pin=749"/></net>

<net id="3193"><net_src comp="1480" pin="0"/><net_sink comp="1684" pin=750"/></net>

<net id="3194"><net_src comp="1482" pin="0"/><net_sink comp="1684" pin=751"/></net>

<net id="3195"><net_src comp="1484" pin="0"/><net_sink comp="1684" pin=752"/></net>

<net id="3196"><net_src comp="1486" pin="0"/><net_sink comp="1684" pin=753"/></net>

<net id="3197"><net_src comp="1488" pin="0"/><net_sink comp="1684" pin=754"/></net>

<net id="3198"><net_src comp="1490" pin="0"/><net_sink comp="1684" pin=755"/></net>

<net id="3199"><net_src comp="1492" pin="0"/><net_sink comp="1684" pin=756"/></net>

<net id="3200"><net_src comp="1494" pin="0"/><net_sink comp="1684" pin=757"/></net>

<net id="3201"><net_src comp="1496" pin="0"/><net_sink comp="1684" pin=758"/></net>

<net id="3202"><net_src comp="1498" pin="0"/><net_sink comp="1684" pin=759"/></net>

<net id="3203"><net_src comp="1500" pin="0"/><net_sink comp="1684" pin=760"/></net>

<net id="3204"><net_src comp="1502" pin="0"/><net_sink comp="1684" pin=761"/></net>

<net id="3205"><net_src comp="1504" pin="0"/><net_sink comp="1684" pin=762"/></net>

<net id="3206"><net_src comp="1506" pin="0"/><net_sink comp="1684" pin=763"/></net>

<net id="3207"><net_src comp="1508" pin="0"/><net_sink comp="1684" pin=764"/></net>

<net id="3208"><net_src comp="1510" pin="0"/><net_sink comp="1684" pin=765"/></net>

<net id="3209"><net_src comp="1512" pin="0"/><net_sink comp="1684" pin=766"/></net>

<net id="3210"><net_src comp="1514" pin="0"/><net_sink comp="1684" pin=767"/></net>

<net id="3211"><net_src comp="1516" pin="0"/><net_sink comp="1684" pin=768"/></net>

<net id="3212"><net_src comp="1518" pin="0"/><net_sink comp="1684" pin=769"/></net>

<net id="3221"><net_src comp="1522" pin="0"/><net_sink comp="3213" pin=0"/></net>

<net id="3222"><net_src comp="2" pin="0"/><net_sink comp="3213" pin=4"/></net>

<net id="3223"><net_src comp="0" pin="0"/><net_sink comp="3213" pin=5"/></net>

<net id="3240"><net_src comp="1528" pin="0"/><net_sink comp="3224" pin=0"/></net>

<net id="3241"><net_src comp="4" pin="0"/><net_sink comp="3224" pin=1"/></net>

<net id="3242"><net_src comp="6" pin="0"/><net_sink comp="3224" pin=2"/></net>

<net id="3266"><net_src comp="1526" pin="0"/><net_sink comp="3243" pin=0"/></net>

<net id="3270"><net_src comp="1592" pin="1"/><net_sink comp="3267" pin=0"/></net>

<net id="3271"><net_src comp="3267" pin="1"/><net_sink comp="3213" pin=1"/></net>

<net id="3272"><net_src comp="3267" pin="1"/><net_sink comp="1684" pin=1"/></net>

<net id="3276"><net_src comp="1596" pin="1"/><net_sink comp="3273" pin=0"/></net>

<net id="3277"><net_src comp="3273" pin="1"/><net_sink comp="3213" pin=2"/></net>

<net id="3278"><net_src comp="3273" pin="1"/><net_sink comp="1684" pin=2"/></net>

<net id="3282"><net_src comp="1600" pin="1"/><net_sink comp="3279" pin=0"/></net>

<net id="3283"><net_src comp="3279" pin="1"/><net_sink comp="3213" pin=3"/></net>

<net id="3284"><net_src comp="3279" pin="1"/><net_sink comp="1684" pin=3"/></net>

<net id="3288"><net_src comp="1604" pin="1"/><net_sink comp="3285" pin=0"/></net>

<net id="3289"><net_src comp="3285" pin="1"/><net_sink comp="1684" pin=4"/></net>

<net id="3290"><net_src comp="3285" pin="1"/><net_sink comp="3243" pin=1"/></net>

<net id="3294"><net_src comp="1608" pin="1"/><net_sink comp="3291" pin=0"/></net>

<net id="3295"><net_src comp="3291" pin="1"/><net_sink comp="1684" pin=5"/></net>

<net id="3296"><net_src comp="3291" pin="1"/><net_sink comp="3243" pin=2"/></net>

<net id="3300"><net_src comp="1612" pin="1"/><net_sink comp="3297" pin=0"/></net>

<net id="3301"><net_src comp="3297" pin="1"/><net_sink comp="1684" pin=6"/></net>

<net id="3302"><net_src comp="3297" pin="1"/><net_sink comp="3243" pin=3"/></net>

<net id="3306"><net_src comp="1616" pin="1"/><net_sink comp="3303" pin=0"/></net>

<net id="3307"><net_src comp="3303" pin="1"/><net_sink comp="1684" pin=7"/></net>

<net id="3308"><net_src comp="3303" pin="1"/><net_sink comp="3243" pin=4"/></net>

<net id="3312"><net_src comp="1620" pin="1"/><net_sink comp="3309" pin=0"/></net>

<net id="3313"><net_src comp="3309" pin="1"/><net_sink comp="1684" pin=8"/></net>

<net id="3314"><net_src comp="3309" pin="1"/><net_sink comp="3243" pin=5"/></net>

<net id="3318"><net_src comp="1624" pin="1"/><net_sink comp="3315" pin=0"/></net>

<net id="3319"><net_src comp="3315" pin="1"/><net_sink comp="1684" pin=9"/></net>

<net id="3320"><net_src comp="3315" pin="1"/><net_sink comp="3243" pin=6"/></net>

<net id="3324"><net_src comp="1628" pin="1"/><net_sink comp="3321" pin=0"/></net>

<net id="3325"><net_src comp="3321" pin="1"/><net_sink comp="1684" pin=10"/></net>

<net id="3326"><net_src comp="3321" pin="1"/><net_sink comp="3243" pin=7"/></net>

<net id="3330"><net_src comp="1632" pin="1"/><net_sink comp="3327" pin=0"/></net>

<net id="3331"><net_src comp="3327" pin="1"/><net_sink comp="1684" pin=11"/></net>

<net id="3332"><net_src comp="3327" pin="1"/><net_sink comp="3243" pin=8"/></net>

<net id="3336"><net_src comp="1636" pin="1"/><net_sink comp="3333" pin=0"/></net>

<net id="3337"><net_src comp="3333" pin="1"/><net_sink comp="1684" pin=12"/></net>

<net id="3338"><net_src comp="3333" pin="1"/><net_sink comp="3243" pin=9"/></net>

<net id="3342"><net_src comp="1640" pin="1"/><net_sink comp="3339" pin=0"/></net>

<net id="3343"><net_src comp="3339" pin="1"/><net_sink comp="1684" pin=13"/></net>

<net id="3344"><net_src comp="3339" pin="1"/><net_sink comp="3243" pin=10"/></net>

<net id="3348"><net_src comp="1644" pin="1"/><net_sink comp="3345" pin=0"/></net>

<net id="3349"><net_src comp="3345" pin="1"/><net_sink comp="3243" pin=11"/></net>

<net id="3350"><net_src comp="3345" pin="1"/><net_sink comp="3224" pin=4"/></net>

<net id="3354"><net_src comp="1648" pin="1"/><net_sink comp="3351" pin=0"/></net>

<net id="3355"><net_src comp="3351" pin="1"/><net_sink comp="3243" pin=12"/></net>

<net id="3356"><net_src comp="3351" pin="1"/><net_sink comp="3224" pin=5"/></net>

<net id="3360"><net_src comp="1652" pin="1"/><net_sink comp="3357" pin=0"/></net>

<net id="3361"><net_src comp="3357" pin="1"/><net_sink comp="3243" pin=13"/></net>

<net id="3362"><net_src comp="3357" pin="1"/><net_sink comp="3224" pin=6"/></net>

<net id="3366"><net_src comp="1656" pin="1"/><net_sink comp="3363" pin=0"/></net>

<net id="3367"><net_src comp="3363" pin="1"/><net_sink comp="3243" pin=14"/></net>

<net id="3368"><net_src comp="3363" pin="1"/><net_sink comp="3224" pin=7"/></net>

<net id="3372"><net_src comp="1660" pin="1"/><net_sink comp="3369" pin=0"/></net>

<net id="3373"><net_src comp="3369" pin="1"/><net_sink comp="3243" pin=15"/></net>

<net id="3374"><net_src comp="3369" pin="1"/><net_sink comp="3224" pin=8"/></net>

<net id="3378"><net_src comp="1664" pin="1"/><net_sink comp="3375" pin=0"/></net>

<net id="3379"><net_src comp="3375" pin="1"/><net_sink comp="3243" pin=16"/></net>

<net id="3380"><net_src comp="3375" pin="1"/><net_sink comp="3224" pin=9"/></net>

<net id="3384"><net_src comp="1668" pin="1"/><net_sink comp="3381" pin=0"/></net>

<net id="3385"><net_src comp="3381" pin="1"/><net_sink comp="3243" pin=17"/></net>

<net id="3386"><net_src comp="3381" pin="1"/><net_sink comp="3224" pin=10"/></net>

<net id="3390"><net_src comp="1672" pin="1"/><net_sink comp="3387" pin=0"/></net>

<net id="3391"><net_src comp="3387" pin="1"/><net_sink comp="3243" pin=18"/></net>

<net id="3392"><net_src comp="3387" pin="1"/><net_sink comp="3224" pin=11"/></net>

<net id="3396"><net_src comp="1676" pin="1"/><net_sink comp="3393" pin=0"/></net>

<net id="3397"><net_src comp="3393" pin="1"/><net_sink comp="3243" pin=19"/></net>

<net id="3398"><net_src comp="3393" pin="1"/><net_sink comp="3224" pin=12"/></net>

<net id="3402"><net_src comp="1680" pin="1"/><net_sink comp="3399" pin=0"/></net>

<net id="3403"><net_src comp="3399" pin="1"/><net_sink comp="3243" pin=20"/></net>

<net id="3404"><net_src comp="3399" pin="1"/><net_sink comp="3224" pin=13"/></net>

<net id="3408"><net_src comp="3213" pin="6"/><net_sink comp="3405" pin=0"/></net>

<net id="3409"><net_src comp="3405" pin="1"/><net_sink comp="3224" pin=3"/></net>

</net_list>

</model> 
---------------- Datapath Model END ------------------

* FSMD analyzer results:
  - Output states:
	Port: out_data | {7 8 }
	Port: out_last_V | {7 8 }
	Port: kernel_data_V_2_7 | {4 5 }
	Port: kernel_data_V_2_8 | {4 5 }
	Port: kernel_data_V_2_16 | {4 5 }
	Port: kernel_data_V_2_17 | {4 5 }
	Port: kernel_data_V_2_25 | {4 5 }
	Port: kernel_data_V_2_26 | {4 5 }
	Port: kernel_data_V_2_15 | {4 5 }
	Port: kernel_data_V_2_3 | {4 5 }
	Port: kernel_data_V_2_6 | {4 5 }
	Port: kernel_data_V_2_4 | {4 5 }
	Port: kernel_data_V_2_5 | {4 5 }
	Port: kernel_data_V_2_12 | {4 5 }
	Port: kernel_data_V_2_13 | {4 5 }
	Port: kernel_data_V_2_14 | {4 5 }
	Port: kernel_data_V_2_21 | {4 5 }
	Port: kernel_data_V_2_24 | {4 5 }
	Port: kernel_data_V_2_22 | {4 5 }
	Port: kernel_data_V_2_23 | {4 5 }
	Port: sX | {4 5 }
	Port: sY | {4 5 }
	Port: pY | {4 5 }
	Port: pX | {4 5 }
	Port: kernel_data_V_2_0 | {4 5 }
	Port: kernel_data_V_2_1 | {4 5 }
	Port: kernel_data_V_2_2 | {4 5 }
	Port: kernel_data_V_2_9 | {4 5 }
	Port: kernel_data_V_2_10 | {4 5 }
	Port: kernel_data_V_2_11 | {4 5 }
	Port: kernel_data_V_2_18 | {4 5 }
	Port: kernel_data_V_2_19 | {4 5 }
	Port: kernel_data_V_2_20 | {4 5 }
	Port: line_buffer_Array_V_2_0_0 | {4 5 }
	Port: line_buffer_Array_V_2_0_1 | {4 5 }
	Port: line_buffer_Array_V_2_0_2 | {4 5 }
	Port: line_buffer_Array_V_2_1_0 | {4 5 }
	Port: line_buffer_Array_V_2_1_1 | {4 5 }
	Port: line_buffer_Array_V_2_1_2 | {4 5 }
	Port: kernel_data_V_64 | {4 5 }
	Port: kernel_data_V_65 | {4 5 }
	Port: kernel_data_V_66 | {4 5 }
	Port: kernel_data_V_67 | {4 5 }
	Port: kernel_data_V_68 | {4 5 }
	Port: kernel_data_V_69 | {4 5 }
	Port: kernel_data_V_70 | {4 5 }
	Port: kernel_data_V_71 | {4 5 }
	Port: kernel_data_V_72 | {4 5 }
	Port: kernel_data_V_73 | {4 5 }
	Port: kernel_data_V_74 | {4 5 }
	Port: kernel_data_V_75 | {4 5 }
	Port: kernel_data_V_76 | {4 5 }
	Port: kernel_data_V_77 | {4 5 }
	Port: kernel_data_V_78 | {4 5 }
	Port: kernel_data_V_79 | {4 5 }
	Port: kernel_data_V_80 | {4 5 }
	Port: kernel_data_V_81 | {4 5 }
	Port: kernel_data_V_82 | {4 5 }
	Port: kernel_data_V_83 | {4 5 }
	Port: kernel_data_V_84 | {4 5 }
	Port: kernel_data_V_85 | {4 5 }
	Port: kernel_data_V_86 | {4 5 }
	Port: kernel_data_V_87 | {4 5 }
	Port: kernel_data_V_88 | {4 5 }
	Port: kernel_data_V_89 | {4 5 }
	Port: kernel_data_V_90 | {4 5 }
	Port: kernel_data_V_91 | {4 5 }
	Port: kernel_data_V_92 | {4 5 }
	Port: kernel_data_V_93 | {4 5 }
	Port: kernel_data_V_94 | {4 5 }
	Port: kernel_data_V_95 | {4 5 }
	Port: kernel_data_V_160 | {4 5 }
	Port: kernel_data_V_161 | {4 5 }
	Port: kernel_data_V_162 | {4 5 }
	Port: kernel_data_V_163 | {4 5 }
	Port: kernel_data_V_164 | {4 5 }
	Port: kernel_data_V_165 | {4 5 }
	Port: kernel_data_V_166 | {4 5 }
	Port: kernel_data_V_167 | {4 5 }
	Port: kernel_data_V_168 | {4 5 }
	Port: kernel_data_V_169 | {4 5 }
	Port: kernel_data_V_170 | {4 5 }
	Port: kernel_data_V_171 | {4 5 }
	Port: kernel_data_V_172 | {4 5 }
	Port: kernel_data_V_173 | {4 5 }
	Port: kernel_data_V_174 | {4 5 }
	Port: kernel_data_V_175 | {4 5 }
	Port: kernel_data_V_176 | {4 5 }
	Port: kernel_data_V_177 | {4 5 }
	Port: kernel_data_V_178 | {4 5 }
	Port: kernel_data_V_179 | {4 5 }
	Port: kernel_data_V_180 | {4 5 }
	Port: kernel_data_V_181 | {4 5 }
	Port: kernel_data_V_182 | {4 5 }
	Port: kernel_data_V_183 | {4 5 }
	Port: kernel_data_V_184 | {4 5 }
	Port: kernel_data_V_185 | {4 5 }
	Port: kernel_data_V_186 | {4 5 }
	Port: kernel_data_V_187 | {4 5 }
	Port: kernel_data_V_188 | {4 5 }
	Port: kernel_data_V_189 | {4 5 }
	Port: kernel_data_V_190 | {4 5 }
	Port: kernel_data_V_191 | {4 5 }
	Port: kernel_data_V_256 | {4 5 }
	Port: kernel_data_V_257 | {4 5 }
	Port: kernel_data_V_258 | {4 5 }
	Port: kernel_data_V_259 | {4 5 }
	Port: kernel_data_V_260 | {4 5 }
	Port: kernel_data_V_261 | {4 5 }
	Port: kernel_data_V_262 | {4 5 }
	Port: kernel_data_V_263 | {4 5 }
	Port: kernel_data_V_264 | {4 5 }
	Port: kernel_data_V_265 | {4 5 }
	Port: kernel_data_V_266 | {4 5 }
	Port: kernel_data_V_267 | {4 5 }
	Port: kernel_data_V_268 | {4 5 }
	Port: kernel_data_V_269 | {4 5 }
	Port: kernel_data_V_270 | {4 5 }
	Port: kernel_data_V_271 | {4 5 }
	Port: kernel_data_V_272 | {4 5 }
	Port: kernel_data_V_273 | {4 5 }
	Port: kernel_data_V_274 | {4 5 }
	Port: kernel_data_V_275 | {4 5 }
	Port: kernel_data_V_276 | {4 5 }
	Port: kernel_data_V_277 | {4 5 }
	Port: kernel_data_V_278 | {4 5 }
	Port: kernel_data_V_279 | {4 5 }
	Port: kernel_data_V_280 | {4 5 }
	Port: kernel_data_V_281 | {4 5 }
	Port: kernel_data_V_282 | {4 5 }
	Port: kernel_data_V_283 | {4 5 }
	Port: kernel_data_V_284 | {4 5 }
	Port: kernel_data_V_285 | {4 5 }
	Port: kernel_data_V_286 | {4 5 }
	Port: kernel_data_V_287 | {4 5 }
	Port: kernel_data_V_32 | {4 5 }
	Port: kernel_data_V_33 | {4 5 }
	Port: kernel_data_V_34 | {4 5 }
	Port: kernel_data_V_35 | {4 5 }
	Port: kernel_data_V_36 | {4 5 }
	Port: kernel_data_V_37 | {4 5 }
	Port: kernel_data_V_38 | {4 5 }
	Port: kernel_data_V_39 | {4 5 }
	Port: kernel_data_V_40 | {4 5 }
	Port: kernel_data_V_41 | {4 5 }
	Port: kernel_data_V_42 | {4 5 }
	Port: kernel_data_V_43 | {4 5 }
	Port: kernel_data_V_44 | {4 5 }
	Port: kernel_data_V_45 | {4 5 }
	Port: kernel_data_V_46 | {4 5 }
	Port: kernel_data_V_47 | {4 5 }
	Port: kernel_data_V_48 | {4 5 }
	Port: kernel_data_V_49 | {4 5 }
	Port: kernel_data_V_50 | {4 5 }
	Port: kernel_data_V_51 | {4 5 }
	Port: kernel_data_V_52 | {4 5 }
	Port: kernel_data_V_53 | {4 5 }
	Port: kernel_data_V_54 | {4 5 }
	Port: kernel_data_V_55 | {4 5 }
	Port: kernel_data_V_56 | {4 5 }
	Port: kernel_data_V_57 | {4 5 }
	Port: kernel_data_V_58 | {4 5 }
	Port: kernel_data_V_59 | {4 5 }
	Port: kernel_data_V_60 | {4 5 }
	Port: kernel_data_V_61 | {4 5 }
	Port: kernel_data_V_62 | {4 5 }
	Port: kernel_data_V_63 | {4 5 }
	Port: kernel_data_V_128 | {4 5 }
	Port: kernel_data_V_129 | {4 5 }
	Port: kernel_data_V_130 | {4 5 }
	Port: kernel_data_V_131 | {4 5 }
	Port: kernel_data_V_132 | {4 5 }
	Port: kernel_data_V_133 | {4 5 }
	Port: kernel_data_V_134 | {4 5 }
	Port: kernel_data_V_135 | {4 5 }
	Port: kernel_data_V_136 | {4 5 }
	Port: kernel_data_V_137 | {4 5 }
	Port: kernel_data_V_138 | {4 5 }
	Port: kernel_data_V_139 | {4 5 }
	Port: kernel_data_V_140 | {4 5 }
	Port: kernel_data_V_141 | {4 5 }
	Port: kernel_data_V_142 | {4 5 }
	Port: kernel_data_V_143 | {4 5 }
	Port: kernel_data_V_144 | {4 5 }
	Port: kernel_data_V_145 | {4 5 }
	Port: kernel_data_V_146 | {4 5 }
	Port: kernel_data_V_147 | {4 5 }
	Port: kernel_data_V_148 | {4 5 }
	Port: kernel_data_V_149 | {4 5 }
	Port: kernel_data_V_150 | {4 5 }
	Port: kernel_data_V_151 | {4 5 }
	Port: kernel_data_V_152 | {4 5 }
	Port: kernel_data_V_153 | {4 5 }
	Port: kernel_data_V_154 | {4 5 }
	Port: kernel_data_V_155 | {4 5 }
	Port: kernel_data_V_156 | {4 5 }
	Port: kernel_data_V_157 | {4 5 }
	Port: kernel_data_V_158 | {4 5 }
	Port: kernel_data_V_159 | {4 5 }
	Port: kernel_data_V_224 | {4 5 }
	Port: kernel_data_V_225 | {4 5 }
	Port: kernel_data_V_226 | {4 5 }
	Port: kernel_data_V_227 | {4 5 }
	Port: kernel_data_V_228 | {4 5 }
	Port: kernel_data_V_229 | {4 5 }
	Port: kernel_data_V_230 | {4 5 }
	Port: kernel_data_V_231 | {4 5 }
	Port: kernel_data_V_232 | {4 5 }
	Port: kernel_data_V_233 | {4 5 }
	Port: kernel_data_V_234 | {4 5 }
	Port: kernel_data_V_235 | {4 5 }
	Port: kernel_data_V_236 | {4 5 }
	Port: kernel_data_V_237 | {4 5 }
	Port: kernel_data_V_238 | {4 5 }
	Port: kernel_data_V_239 | {4 5 }
	Port: kernel_data_V_240 | {4 5 }
	Port: kernel_data_V_241 | {4 5 }
	Port: kernel_data_V_242 | {4 5 }
	Port: kernel_data_V_243 | {4 5 }
	Port: kernel_data_V_244 | {4 5 }
	Port: kernel_data_V_245 | {4 5 }
	Port: kernel_data_V_246 | {4 5 }
	Port: kernel_data_V_247 | {4 5 }
	Port: kernel_data_V_248 | {4 5 }
	Port: kernel_data_V_249 | {4 5 }
	Port: kernel_data_V_250 | {4 5 }
	Port: kernel_data_V_251 | {4 5 }
	Port: kernel_data_V_252 | {4 5 }
	Port: kernel_data_V_253 | {4 5 }
	Port: kernel_data_V_254 | {4 5 }
	Port: kernel_data_V_255 | {4 5 }
	Port: sX_2 | {4 5 }
	Port: sY_2 | {4 5 }
	Port: pY_2 | {4 5 }
	Port: pX_2 | {4 5 }
	Port: kernel_data_V_0 | {4 5 }
	Port: kernel_data_V_1169 | {4 5 }
	Port: kernel_data_V_2170 | {4 5 }
	Port: kernel_data_V_3 | {4 5 }
	Port: kernel_data_V_4 | {4 5 }
	Port: kernel_data_V_5 | {4 5 }
	Port: kernel_data_V_6 | {4 5 }
	Port: kernel_data_V_7 | {4 5 }
	Port: kernel_data_V_8 | {4 5 }
	Port: kernel_data_V_9 | {4 5 }
	Port: kernel_data_V_10 | {4 5 }
	Port: kernel_data_V_11 | {4 5 }
	Port: kernel_data_V_12 | {4 5 }
	Port: kernel_data_V_13 | {4 5 }
	Port: kernel_data_V_14 | {4 5 }
	Port: kernel_data_V_15 | {4 5 }
	Port: kernel_data_V_16 | {4 5 }
	Port: kernel_data_V_17 | {4 5 }
	Port: kernel_data_V_18 | {4 5 }
	Port: kernel_data_V_19 | {4 5 }
	Port: kernel_data_V_20 | {4 5 }
	Port: kernel_data_V_21 | {4 5 }
	Port: kernel_data_V_22 | {4 5 }
	Port: kernel_data_V_23 | {4 5 }
	Port: kernel_data_V_24 | {4 5 }
	Port: kernel_data_V_25 | {4 5 }
	Port: kernel_data_V_26 | {4 5 }
	Port: kernel_data_V_27 | {4 5 }
	Port: kernel_data_V_28 | {4 5 }
	Port: kernel_data_V_29 | {4 5 }
	Port: kernel_data_V_30 | {4 5 }
	Port: kernel_data_V_31 | {4 5 }
	Port: kernel_data_V_96 | {4 5 }
	Port: kernel_data_V_97 | {4 5 }
	Port: kernel_data_V_98 | {4 5 }
	Port: kernel_data_V_99 | {4 5 }
	Port: kernel_data_V_100 | {4 5 }
	Port: kernel_data_V_101 | {4 5 }
	Port: kernel_data_V_102 | {4 5 }
	Port: kernel_data_V_103 | {4 5 }
	Port: kernel_data_V_104 | {4 5 }
	Port: kernel_data_V_105 | {4 5 }
	Port: kernel_data_V_106 | {4 5 }
	Port: kernel_data_V_107 | {4 5 }
	Port: kernel_data_V_108 | {4 5 }
	Port: kernel_data_V_109 | {4 5 }
	Port: kernel_data_V_110 | {4 5 }
	Port: kernel_data_V_111 | {4 5 }
	Port: kernel_data_V_112 | {4 5 }
	Port: kernel_data_V_113 | {4 5 }
	Port: kernel_data_V_114 | {4 5 }
	Port: kernel_data_V_115 | {4 5 }
	Port: kernel_data_V_116 | {4 5 }
	Port: kernel_data_V_117 | {4 5 }
	Port: kernel_data_V_118 | {4 5 }
	Port: kernel_data_V_119 | {4 5 }
	Port: kernel_data_V_120 | {4 5 }
	Port: kernel_data_V_121 | {4 5 }
	Port: kernel_data_V_122 | {4 5 }
	Port: kernel_data_V_123 | {4 5 }
	Port: kernel_data_V_124 | {4 5 }
	Port: kernel_data_V_125 | {4 5 }
	Port: kernel_data_V_126 | {4 5 }
	Port: kernel_data_V_127 | {4 5 }
	Port: kernel_data_V_192 | {4 5 }
	Port: kernel_data_V_193 | {4 5 }
	Port: kernel_data_V_194 | {4 5 }
	Port: kernel_data_V_195 | {4 5 }
	Port: kernel_data_V_196 | {4 5 }
	Port: kernel_data_V_197 | {4 5 }
	Port: kernel_data_V_198 | {4 5 }
	Port: kernel_data_V_199 | {4 5 }
	Port: kernel_data_V_200 | {4 5 }
	Port: kernel_data_V_201 | {4 5 }
	Port: kernel_data_V_202 | {4 5 }
	Port: kernel_data_V_203 | {4 5 }
	Port: kernel_data_V_204 | {4 5 }
	Port: kernel_data_V_205 | {4 5 }
	Port: kernel_data_V_206 | {4 5 }
	Port: kernel_data_V_207 | {4 5 }
	Port: kernel_data_V_208 | {4 5 }
	Port: kernel_data_V_209 | {4 5 }
	Port: kernel_data_V_210 | {4 5 }
	Port: kernel_data_V_211 | {4 5 }
	Port: kernel_data_V_212 | {4 5 }
	Port: kernel_data_V_213 | {4 5 }
	Port: kernel_data_V_214 | {4 5 }
	Port: kernel_data_V_215 | {4 5 }
	Port: kernel_data_V_216 | {4 5 }
	Port: kernel_data_V_217 | {4 5 }
	Port: kernel_data_V_218 | {4 5 }
	Port: kernel_data_V_219 | {4 5 }
	Port: kernel_data_V_220 | {4 5 }
	Port: kernel_data_V_221 | {4 5 }
	Port: kernel_data_V_222 | {4 5 }
	Port: kernel_data_V_223 | {4 5 }
	Port: line_buffer_Array_V_0_0 | {4 5 }
	Port: line_buffer_Array_V_0_1 | {4 5 }
	Port: line_buffer_Array_V_0_2 | {4 5 }
	Port: line_buffer_Array_V_0_3 | {4 5 }
	Port: line_buffer_Array_V_0_4 | {4 5 }
	Port: line_buffer_Array_V_0_5 | {4 5 }
	Port: line_buffer_Array_V_0_6 | {4 5 }
	Port: line_buffer_Array_V_0_7 | {4 5 }
	Port: line_buffer_Array_V_0_8 | {4 5 }
	Port: line_buffer_Array_V_0_9 | {4 5 }
	Port: line_buffer_Array_V_0_10 | {4 5 }
	Port: line_buffer_Array_V_0_11 | {4 5 }
	Port: line_buffer_Array_V_0_12 | {4 5 }
	Port: line_buffer_Array_V_0_13 | {4 5 }
	Port: line_buffer_Array_V_0_14 | {4 5 }
	Port: line_buffer_Array_V_0_15 | {4 5 }
	Port: line_buffer_Array_V_0_16 | {4 5 }
	Port: line_buffer_Array_V_0_17 | {4 5 }
	Port: line_buffer_Array_V_0_18 | {4 5 }
	Port: line_buffer_Array_V_0_19 | {4 5 }
	Port: line_buffer_Array_V_0_20 | {4 5 }
	Port: line_buffer_Array_V_0_21 | {4 5 }
	Port: line_buffer_Array_V_0_22 | {4 5 }
	Port: line_buffer_Array_V_0_23 | {4 5 }
	Port: line_buffer_Array_V_0_24 | {4 5 }
	Port: line_buffer_Array_V_0_25 | {4 5 }
	Port: line_buffer_Array_V_0_26 | {4 5 }
	Port: line_buffer_Array_V_0_27 | {4 5 }
	Port: line_buffer_Array_V_0_28 | {4 5 }
	Port: line_buffer_Array_V_0_29 | {4 5 }
	Port: line_buffer_Array_V_0_30 | {4 5 }
	Port: line_buffer_Array_V_0_31 | {4 5 }
	Port: line_buffer_Array_V_1168_0 | {4 5 }
	Port: line_buffer_Array_V_1168_1 | {4 5 }
	Port: line_buffer_Array_V_1168_2 | {4 5 }
	Port: line_buffer_Array_V_1168_3 | {4 5 }
	Port: line_buffer_Array_V_1168_4 | {4 5 }
	Port: line_buffer_Array_V_1168_5 | {4 5 }
	Port: line_buffer_Array_V_1168_6 | {4 5 }
	Port: line_buffer_Array_V_1168_7 | {4 5 }
	Port: line_buffer_Array_V_1168_8 | {4 5 }
	Port: line_buffer_Array_V_1168_9 | {4 5 }
	Port: line_buffer_Array_V_1168_10 | {4 5 }
	Port: line_buffer_Array_V_1168_11 | {4 5 }
	Port: line_buffer_Array_V_1168_12 | {4 5 }
	Port: line_buffer_Array_V_1168_13 | {4 5 }
	Port: line_buffer_Array_V_1168_14 | {4 5 }
	Port: line_buffer_Array_V_1168_15 | {4 5 }
	Port: line_buffer_Array_V_1168_16 | {4 5 }
	Port: line_buffer_Array_V_1168_17 | {4 5 }
	Port: line_buffer_Array_V_1168_18 | {4 5 }
	Port: line_buffer_Array_V_1168_19 | {4 5 }
	Port: line_buffer_Array_V_1168_20 | {4 5 }
	Port: line_buffer_Array_V_1168_21 | {4 5 }
	Port: line_buffer_Array_V_1168_22 | {4 5 }
	Port: line_buffer_Array_V_1168_23 | {4 5 }
	Port: line_buffer_Array_V_1168_24 | {4 5 }
	Port: line_buffer_Array_V_1168_25 | {4 5 }
	Port: line_buffer_Array_V_1168_26 | {4 5 }
	Port: line_buffer_Array_V_1168_27 | {4 5 }
	Port: line_buffer_Array_V_1168_28 | {4 5 }
	Port: line_buffer_Array_V_1168_29 | {4 5 }
	Port: line_buffer_Array_V_1168_30 | {4 5 }
	Port: line_buffer_Array_V_1168_31 | {4 5 }
	Port: kernel_data_V_1_64 | {4 5 }
	Port: kernel_data_V_1_65 | {4 5 }
	Port: kernel_data_V_1_66 | {4 5 }
	Port: kernel_data_V_1_67 | {4 5 }
	Port: kernel_data_V_1_68 | {4 5 }
	Port: kernel_data_V_1_69 | {4 5 }
	Port: kernel_data_V_1_70 | {4 5 }
	Port: kernel_data_V_1_71 | {4 5 }
	Port: kernel_data_V_1_72 | {4 5 }
	Port: kernel_data_V_1_73 | {4 5 }
	Port: kernel_data_V_1_74 | {4 5 }
	Port: kernel_data_V_1_75 | {4 5 }
	Port: kernel_data_V_1_76 | {4 5 }
	Port: kernel_data_V_1_77 | {4 5 }
	Port: kernel_data_V_1_78 | {4 5 }
	Port: kernel_data_V_1_79 | {4 5 }
	Port: kernel_data_V_1_80 | {4 5 }
	Port: kernel_data_V_1_81 | {4 5 }
	Port: kernel_data_V_1_82 | {4 5 }
	Port: kernel_data_V_1_83 | {4 5 }
	Port: kernel_data_V_1_84 | {4 5 }
	Port: kernel_data_V_1_85 | {4 5 }
	Port: kernel_data_V_1_86 | {4 5 }
	Port: kernel_data_V_1_87 | {4 5 }
	Port: kernel_data_V_1_88 | {4 5 }
	Port: kernel_data_V_1_89 | {4 5 }
	Port: kernel_data_V_1_90 | {4 5 }
	Port: kernel_data_V_1_91 | {4 5 }
	Port: kernel_data_V_1_92 | {4 5 }
	Port: kernel_data_V_1_93 | {4 5 }
	Port: kernel_data_V_1_94 | {4 5 }
	Port: kernel_data_V_1_95 | {4 5 }
	Port: kernel_data_V_1_160 | {4 5 }
	Port: kernel_data_V_1_161 | {4 5 }
	Port: kernel_data_V_1_162 | {4 5 }
	Port: kernel_data_V_1_163 | {4 5 }
	Port: kernel_data_V_1_164 | {4 5 }
	Port: kernel_data_V_1_165 | {4 5 }
	Port: kernel_data_V_1_166 | {4 5 }
	Port: kernel_data_V_1_167 | {4 5 }
	Port: kernel_data_V_1_168 | {4 5 }
	Port: kernel_data_V_1_169 | {4 5 }
	Port: kernel_data_V_1_170 | {4 5 }
	Port: kernel_data_V_1_171 | {4 5 }
	Port: kernel_data_V_1_172 | {4 5 }
	Port: kernel_data_V_1_173 | {4 5 }
	Port: kernel_data_V_1_174 | {4 5 }
	Port: kernel_data_V_1_175 | {4 5 }
	Port: kernel_data_V_1_176 | {4 5 }
	Port: kernel_data_V_1_177 | {4 5 }
	Port: kernel_data_V_1_178 | {4 5 }
	Port: kernel_data_V_1_179 | {4 5 }
	Port: kernel_data_V_1_180 | {4 5 }
	Port: kernel_data_V_1_181 | {4 5 }
	Port: kernel_data_V_1_182 | {4 5 }
	Port: kernel_data_V_1_183 | {4 5 }
	Port: kernel_data_V_1_184 | {4 5 }
	Port: kernel_data_V_1_185 | {4 5 }
	Port: kernel_data_V_1_186 | {4 5 }
	Port: kernel_data_V_1_187 | {4 5 }
	Port: kernel_data_V_1_188 | {4 5 }
	Port: kernel_data_V_1_189 | {4 5 }
	Port: kernel_data_V_1_190 | {4 5 }
	Port: kernel_data_V_1_191 | {4 5 }
	Port: kernel_data_V_1_256 | {4 5 }
	Port: kernel_data_V_1_257 | {4 5 }
	Port: kernel_data_V_1_258 | {4 5 }
	Port: kernel_data_V_1_259 | {4 5 }
	Port: kernel_data_V_1_260 | {4 5 }
	Port: kernel_data_V_1_261 | {4 5 }
	Port: kernel_data_V_1_262 | {4 5 }
	Port: kernel_data_V_1_263 | {4 5 }
	Port: kernel_data_V_1_264 | {4 5 }
	Port: kernel_data_V_1_265 | {4 5 }
	Port: kernel_data_V_1_266 | {4 5 }
	Port: kernel_data_V_1_267 | {4 5 }
	Port: kernel_data_V_1_268 | {4 5 }
	Port: kernel_data_V_1_269 | {4 5 }
	Port: kernel_data_V_1_270 | {4 5 }
	Port: kernel_data_V_1_271 | {4 5 }
	Port: kernel_data_V_1_272 | {4 5 }
	Port: kernel_data_V_1_273 | {4 5 }
	Port: kernel_data_V_1_274 | {4 5 }
	Port: kernel_data_V_1_275 | {4 5 }
	Port: kernel_data_V_1_276 | {4 5 }
	Port: kernel_data_V_1_277 | {4 5 }
	Port: kernel_data_V_1_278 | {4 5 }
	Port: kernel_data_V_1_279 | {4 5 }
	Port: kernel_data_V_1_280 | {4 5 }
	Port: kernel_data_V_1_281 | {4 5 }
	Port: kernel_data_V_1_282 | {4 5 }
	Port: kernel_data_V_1_283 | {4 5 }
	Port: kernel_data_V_1_284 | {4 5 }
	Port: kernel_data_V_1_285 | {4 5 }
	Port: kernel_data_V_1_286 | {4 5 }
	Port: kernel_data_V_1_287 | {4 5 }
	Port: kernel_data_V_1_32 | {4 5 }
	Port: kernel_data_V_1_33 | {4 5 }
	Port: kernel_data_V_1_34 | {4 5 }
	Port: kernel_data_V_1_35 | {4 5 }
	Port: kernel_data_V_1_36 | {4 5 }
	Port: kernel_data_V_1_37 | {4 5 }
	Port: kernel_data_V_1_38 | {4 5 }
	Port: kernel_data_V_1_39 | {4 5 }
	Port: kernel_data_V_1_40 | {4 5 }
	Port: kernel_data_V_1_41 | {4 5 }
	Port: kernel_data_V_1_42 | {4 5 }
	Port: kernel_data_V_1_43 | {4 5 }
	Port: kernel_data_V_1_44 | {4 5 }
	Port: kernel_data_V_1_45 | {4 5 }
	Port: kernel_data_V_1_46 | {4 5 }
	Port: kernel_data_V_1_47 | {4 5 }
	Port: kernel_data_V_1_48 | {4 5 }
	Port: kernel_data_V_1_49 | {4 5 }
	Port: kernel_data_V_1_50 | {4 5 }
	Port: kernel_data_V_1_51 | {4 5 }
	Port: kernel_data_V_1_52 | {4 5 }
	Port: kernel_data_V_1_53 | {4 5 }
	Port: kernel_data_V_1_54 | {4 5 }
	Port: kernel_data_V_1_55 | {4 5 }
	Port: kernel_data_V_1_56 | {4 5 }
	Port: kernel_data_V_1_57 | {4 5 }
	Port: kernel_data_V_1_58 | {4 5 }
	Port: kernel_data_V_1_59 | {4 5 }
	Port: kernel_data_V_1_60 | {4 5 }
	Port: kernel_data_V_1_61 | {4 5 }
	Port: kernel_data_V_1_62 | {4 5 }
	Port: kernel_data_V_1_63 | {4 5 }
	Port: kernel_data_V_1_128 | {4 5 }
	Port: kernel_data_V_1_129 | {4 5 }
	Port: kernel_data_V_1_130 | {4 5 }
	Port: kernel_data_V_1_131 | {4 5 }
	Port: kernel_data_V_1_132 | {4 5 }
	Port: kernel_data_V_1_133 | {4 5 }
	Port: kernel_data_V_1_134 | {4 5 }
	Port: kernel_data_V_1_135 | {4 5 }
	Port: kernel_data_V_1_136 | {4 5 }
	Port: kernel_data_V_1_137 | {4 5 }
	Port: kernel_data_V_1_138 | {4 5 }
	Port: kernel_data_V_1_139 | {4 5 }
	Port: kernel_data_V_1_140 | {4 5 }
	Port: kernel_data_V_1_141 | {4 5 }
	Port: kernel_data_V_1_142 | {4 5 }
	Port: kernel_data_V_1_143 | {4 5 }
	Port: kernel_data_V_1_144 | {4 5 }
	Port: kernel_data_V_1_145 | {4 5 }
	Port: kernel_data_V_1_146 | {4 5 }
	Port: kernel_data_V_1_147 | {4 5 }
	Port: kernel_data_V_1_148 | {4 5 }
	Port: kernel_data_V_1_149 | {4 5 }
	Port: kernel_data_V_1_150 | {4 5 }
	Port: kernel_data_V_1_151 | {4 5 }
	Port: kernel_data_V_1_152 | {4 5 }
	Port: kernel_data_V_1_153 | {4 5 }
	Port: kernel_data_V_1_154 | {4 5 }
	Port: kernel_data_V_1_155 | {4 5 }
	Port: kernel_data_V_1_156 | {4 5 }
	Port: kernel_data_V_1_157 | {4 5 }
	Port: kernel_data_V_1_158 | {4 5 }
	Port: kernel_data_V_1_159 | {4 5 }
	Port: kernel_data_V_1_224 | {4 5 }
	Port: kernel_data_V_1_225 | {4 5 }
	Port: kernel_data_V_1_226 | {4 5 }
	Port: kernel_data_V_1_227 | {4 5 }
	Port: kernel_data_V_1_228 | {4 5 }
	Port: kernel_data_V_1_229 | {4 5 }
	Port: kernel_data_V_1_230 | {4 5 }
	Port: kernel_data_V_1_231 | {4 5 }
	Port: kernel_data_V_1_232 | {4 5 }
	Port: kernel_data_V_1_233 | {4 5 }
	Port: kernel_data_V_1_234 | {4 5 }
	Port: kernel_data_V_1_235 | {4 5 }
	Port: kernel_data_V_1_236 | {4 5 }
	Port: kernel_data_V_1_237 | {4 5 }
	Port: kernel_data_V_1_238 | {4 5 }
	Port: kernel_data_V_1_239 | {4 5 }
	Port: kernel_data_V_1_240 | {4 5 }
	Port: kernel_data_V_1_241 | {4 5 }
	Port: kernel_data_V_1_242 | {4 5 }
	Port: kernel_data_V_1_243 | {4 5 }
	Port: kernel_data_V_1_244 | {4 5 }
	Port: kernel_data_V_1_245 | {4 5 }
	Port: kernel_data_V_1_246 | {4 5 }
	Port: kernel_data_V_1_247 | {4 5 }
	Port: kernel_data_V_1_248 | {4 5 }
	Port: kernel_data_V_1_249 | {4 5 }
	Port: kernel_data_V_1_250 | {4 5 }
	Port: kernel_data_V_1_251 | {4 5 }
	Port: kernel_data_V_1_252 | {4 5 }
	Port: kernel_data_V_1_253 | {4 5 }
	Port: kernel_data_V_1_254 | {4 5 }
	Port: kernel_data_V_1_255 | {4 5 }
	Port: sX_1 | {4 5 }
	Port: sY_1 | {4 5 }
	Port: pY_1 | {4 5 }
	Port: pX_1 | {4 5 }
	Port: kernel_data_V_1_0 | {4 5 }
	Port: kernel_data_V_1_1 | {4 5 }
	Port: kernel_data_V_1_2 | {4 5 }
	Port: kernel_data_V_1_3 | {4 5 }
	Port: kernel_data_V_1_4 | {4 5 }
	Port: kernel_data_V_1_5 | {4 5 }
	Port: kernel_data_V_1_6 | {4 5 }
	Port: kernel_data_V_1_7 | {4 5 }
	Port: kernel_data_V_1_8 | {4 5 }
	Port: kernel_data_V_1_9 | {4 5 }
	Port: kernel_data_V_1_10 | {4 5 }
	Port: kernel_data_V_1_11 | {4 5 }
	Port: kernel_data_V_1_12 | {4 5 }
	Port: kernel_data_V_1_13 | {4 5 }
	Port: kernel_data_V_1_14 | {4 5 }
	Port: kernel_data_V_1_15 | {4 5 }
	Port: kernel_data_V_1_16 | {4 5 }
	Port: kernel_data_V_1_17 | {4 5 }
	Port: kernel_data_V_1_18 | {4 5 }
	Port: kernel_data_V_1_19 | {4 5 }
	Port: kernel_data_V_1_20 | {4 5 }
	Port: kernel_data_V_1_21 | {4 5 }
	Port: kernel_data_V_1_22 | {4 5 }
	Port: kernel_data_V_1_23 | {4 5 }
	Port: kernel_data_V_1_24 | {4 5 }
	Port: kernel_data_V_1_25 | {4 5 }
	Port: kernel_data_V_1_26 | {4 5 }
	Port: kernel_data_V_1_27 | {4 5 }
	Port: kernel_data_V_1_28 | {4 5 }
	Port: kernel_data_V_1_29 | {4 5 }
	Port: kernel_data_V_1_30 | {4 5 }
	Port: kernel_data_V_1_31 | {4 5 }
	Port: kernel_data_V_1_96 | {4 5 }
	Port: kernel_data_V_1_97 | {4 5 }
	Port: kernel_data_V_1_98 | {4 5 }
	Port: kernel_data_V_1_99 | {4 5 }
	Port: kernel_data_V_1_100 | {4 5 }
	Port: kernel_data_V_1_101 | {4 5 }
	Port: kernel_data_V_1_102 | {4 5 }
	Port: kernel_data_V_1_103 | {4 5 }
	Port: kernel_data_V_1_104 | {4 5 }
	Port: kernel_data_V_1_105 | {4 5 }
	Port: kernel_data_V_1_106 | {4 5 }
	Port: kernel_data_V_1_107 | {4 5 }
	Port: kernel_data_V_1_108 | {4 5 }
	Port: kernel_data_V_1_109 | {4 5 }
	Port: kernel_data_V_1_110 | {4 5 }
	Port: kernel_data_V_1_111 | {4 5 }
	Port: kernel_data_V_1_112 | {4 5 }
	Port: kernel_data_V_1_113 | {4 5 }
	Port: kernel_data_V_1_114 | {4 5 }
	Port: kernel_data_V_1_115 | {4 5 }
	Port: kernel_data_V_1_116 | {4 5 }
	Port: kernel_data_V_1_117 | {4 5 }
	Port: kernel_data_V_1_118 | {4 5 }
	Port: kernel_data_V_1_119 | {4 5 }
	Port: kernel_data_V_1_120 | {4 5 }
	Port: kernel_data_V_1_121 | {4 5 }
	Port: kernel_data_V_1_122 | {4 5 }
	Port: kernel_data_V_1_123 | {4 5 }
	Port: kernel_data_V_1_124 | {4 5 }
	Port: kernel_data_V_1_125 | {4 5 }
	Port: kernel_data_V_1_126 | {4 5 }
	Port: kernel_data_V_1_127 | {4 5 }
	Port: kernel_data_V_1_192 | {4 5 }
	Port: kernel_data_V_1_193 | {4 5 }
	Port: kernel_data_V_1_194 | {4 5 }
	Port: kernel_data_V_1_195 | {4 5 }
	Port: kernel_data_V_1_196 | {4 5 }
	Port: kernel_data_V_1_197 | {4 5 }
	Port: kernel_data_V_1_198 | {4 5 }
	Port: kernel_data_V_1_199 | {4 5 }
	Port: kernel_data_V_1_200 | {4 5 }
	Port: kernel_data_V_1_201 | {4 5 }
	Port: kernel_data_V_1_202 | {4 5 }
	Port: kernel_data_V_1_203 | {4 5 }
	Port: kernel_data_V_1_204 | {4 5 }
	Port: kernel_data_V_1_205 | {4 5 }
	Port: kernel_data_V_1_206 | {4 5 }
	Port: kernel_data_V_1_207 | {4 5 }
	Port: kernel_data_V_1_208 | {4 5 }
	Port: kernel_data_V_1_209 | {4 5 }
	Port: kernel_data_V_1_210 | {4 5 }
	Port: kernel_data_V_1_211 | {4 5 }
	Port: kernel_data_V_1_212 | {4 5 }
	Port: kernel_data_V_1_213 | {4 5 }
	Port: kernel_data_V_1_214 | {4 5 }
	Port: kernel_data_V_1_215 | {4 5 }
	Port: kernel_data_V_1_216 | {4 5 }
	Port: kernel_data_V_1_217 | {4 5 }
	Port: kernel_data_V_1_218 | {4 5 }
	Port: kernel_data_V_1_219 | {4 5 }
	Port: kernel_data_V_1_220 | {4 5 }
	Port: kernel_data_V_1_221 | {4 5 }
	Port: kernel_data_V_1_222 | {4 5 }
	Port: kernel_data_V_1_223 | {4 5 }
	Port: line_buffer_Array_V_1_0_0 | {4 5 }
	Port: line_buffer_Array_V_1_0_1 | {4 5 }
	Port: line_buffer_Array_V_1_0_2 | {4 5 }
	Port: line_buffer_Array_V_1_0_3 | {4 5 }
	Port: line_buffer_Array_V_1_0_4 | {4 5 }
	Port: line_buffer_Array_V_1_0_5 | {4 5 }
	Port: line_buffer_Array_V_1_0_6 | {4 5 }
	Port: line_buffer_Array_V_1_0_7 | {4 5 }
	Port: line_buffer_Array_V_1_0_8 | {4 5 }
	Port: line_buffer_Array_V_1_0_9 | {4 5 }
	Port: line_buffer_Array_V_1_0_10 | {4 5 }
	Port: line_buffer_Array_V_1_0_11 | {4 5 }
	Port: line_buffer_Array_V_1_0_12 | {4 5 }
	Port: line_buffer_Array_V_1_0_13 | {4 5 }
	Port: line_buffer_Array_V_1_0_14 | {4 5 }
	Port: line_buffer_Array_V_1_0_15 | {4 5 }
	Port: line_buffer_Array_V_1_0_16 | {4 5 }
	Port: line_buffer_Array_V_1_0_17 | {4 5 }
	Port: line_buffer_Array_V_1_0_18 | {4 5 }
	Port: line_buffer_Array_V_1_0_19 | {4 5 }
	Port: line_buffer_Array_V_1_0_20 | {4 5 }
	Port: line_buffer_Array_V_1_0_21 | {4 5 }
	Port: line_buffer_Array_V_1_0_22 | {4 5 }
	Port: line_buffer_Array_V_1_0_23 | {4 5 }
	Port: line_buffer_Array_V_1_0_24 | {4 5 }
	Port: line_buffer_Array_V_1_0_25 | {4 5 }
	Port: line_buffer_Array_V_1_0_26 | {4 5 }
	Port: line_buffer_Array_V_1_0_27 | {4 5 }
	Port: line_buffer_Array_V_1_0_28 | {4 5 }
	Port: line_buffer_Array_V_1_0_29 | {4 5 }
	Port: line_buffer_Array_V_1_0_30 | {4 5 }
	Port: line_buffer_Array_V_1_0_31 | {4 5 }
	Port: line_buffer_Array_V_1_1_0 | {4 5 }
	Port: line_buffer_Array_V_1_1_1 | {4 5 }
	Port: line_buffer_Array_V_1_1_2 | {4 5 }
	Port: line_buffer_Array_V_1_1_3 | {4 5 }
	Port: line_buffer_Array_V_1_1_4 | {4 5 }
	Port: line_buffer_Array_V_1_1_5 | {4 5 }
	Port: line_buffer_Array_V_1_1_6 | {4 5 }
	Port: line_buffer_Array_V_1_1_7 | {4 5 }
	Port: line_buffer_Array_V_1_1_8 | {4 5 }
	Port: line_buffer_Array_V_1_1_9 | {4 5 }
	Port: line_buffer_Array_V_1_1_10 | {4 5 }
	Port: line_buffer_Array_V_1_1_11 | {4 5 }
	Port: line_buffer_Array_V_1_1_12 | {4 5 }
	Port: line_buffer_Array_V_1_1_13 | {4 5 }
	Port: line_buffer_Array_V_1_1_14 | {4 5 }
	Port: line_buffer_Array_V_1_1_15 | {4 5 }
	Port: line_buffer_Array_V_1_1_16 | {4 5 }
	Port: line_buffer_Array_V_1_1_17 | {4 5 }
	Port: line_buffer_Array_V_1_1_18 | {4 5 }
	Port: line_buffer_Array_V_1_1_19 | {4 5 }
	Port: line_buffer_Array_V_1_1_20 | {4 5 }
	Port: line_buffer_Array_V_1_1_21 | {4 5 }
	Port: line_buffer_Array_V_1_1_22 | {4 5 }
	Port: line_buffer_Array_V_1_1_23 | {4 5 }
	Port: line_buffer_Array_V_1_1_24 | {4 5 }
	Port: line_buffer_Array_V_1_1_25 | {4 5 }
	Port: line_buffer_Array_V_1_1_26 | {4 5 }
	Port: line_buffer_Array_V_1_1_27 | {4 5 }
	Port: line_buffer_Array_V_1_1_28 | {4 5 }
	Port: line_buffer_Array_V_1_1_29 | {4 5 }
	Port: line_buffer_Array_V_1_1_30 | {4 5 }
	Port: line_buffer_Array_V_1_1_31 | {4 5 }
 - Input state : 
	Port: myproject_axi : in_data | {2 3 }
	Port: myproject_axi : in_last_V | {2 3 }
	Port: myproject_axi : kernel_data_V_2_7 | {4 5 }
	Port: myproject_axi : kernel_data_V_2_8 | {4 5 }
	Port: myproject_axi : kernel_data_V_2_16 | {4 5 }
	Port: myproject_axi : kernel_data_V_2_17 | {4 5 }
	Port: myproject_axi : kernel_data_V_2_25 | {4 5 }
	Port: myproject_axi : kernel_data_V_2_26 | {4 5 }
	Port: myproject_axi : kernel_data_V_2_15 | {4 5 }
	Port: myproject_axi : kernel_data_V_2_3 | {4 5 }
	Port: myproject_axi : kernel_data_V_2_6 | {4 5 }
	Port: myproject_axi : kernel_data_V_2_4 | {4 5 }
	Port: myproject_axi : kernel_data_V_2_5 | {4 5 }
	Port: myproject_axi : kernel_data_V_2_12 | {4 5 }
	Port: myproject_axi : kernel_data_V_2_13 | {4 5 }
	Port: myproject_axi : kernel_data_V_2_14 | {4 5 }
	Port: myproject_axi : kernel_data_V_2_21 | {4 5 }
	Port: myproject_axi : kernel_data_V_2_24 | {4 5 }
	Port: myproject_axi : kernel_data_V_2_22 | {4 5 }
	Port: myproject_axi : kernel_data_V_2_23 | {4 5 }
	Port: myproject_axi : sX | {4 5 }
	Port: myproject_axi : sY | {4 5 }
	Port: myproject_axi : pY | {4 5 }
	Port: myproject_axi : pX | {4 5 }
	Port: myproject_axi : outidx4 | {4 5 }
	Port: myproject_axi : kernel_data_V_2_0 | {4 5 }
	Port: myproject_axi : kernel_data_V_2_1 | {4 5 }
	Port: myproject_axi : kernel_data_V_2_2 | {4 5 }
	Port: myproject_axi : kernel_data_V_2_9 | {4 5 }
	Port: myproject_axi : kernel_data_V_2_10 | {4 5 }
	Port: myproject_axi : kernel_data_V_2_11 | {4 5 }
	Port: myproject_axi : kernel_data_V_2_18 | {4 5 }
	Port: myproject_axi : kernel_data_V_2_19 | {4 5 }
	Port: myproject_axi : kernel_data_V_2_20 | {4 5 }
	Port: myproject_axi : w2_V | {4 5 }
	Port: myproject_axi : line_buffer_Array_V_2_0_0 | {4 5 }
	Port: myproject_axi : line_buffer_Array_V_2_0_1 | {4 5 }
	Port: myproject_axi : line_buffer_Array_V_2_0_2 | {4 5 }
	Port: myproject_axi : line_buffer_Array_V_2_1_0 | {4 5 }
	Port: myproject_axi : line_buffer_Array_V_2_1_1 | {4 5 }
	Port: myproject_axi : line_buffer_Array_V_2_1_2 | {4 5 }
	Port: myproject_axi : kernel_data_V_64 | {4 5 }
	Port: myproject_axi : kernel_data_V_65 | {4 5 }
	Port: myproject_axi : kernel_data_V_66 | {4 5 }
	Port: myproject_axi : kernel_data_V_67 | {4 5 }
	Port: myproject_axi : kernel_data_V_68 | {4 5 }
	Port: myproject_axi : kernel_data_V_69 | {4 5 }
	Port: myproject_axi : kernel_data_V_70 | {4 5 }
	Port: myproject_axi : kernel_data_V_71 | {4 5 }
	Port: myproject_axi : kernel_data_V_72 | {4 5 }
	Port: myproject_axi : kernel_data_V_73 | {4 5 }
	Port: myproject_axi : kernel_data_V_74 | {4 5 }
	Port: myproject_axi : kernel_data_V_75 | {4 5 }
	Port: myproject_axi : kernel_data_V_76 | {4 5 }
	Port: myproject_axi : kernel_data_V_77 | {4 5 }
	Port: myproject_axi : kernel_data_V_78 | {4 5 }
	Port: myproject_axi : kernel_data_V_79 | {4 5 }
	Port: myproject_axi : kernel_data_V_80 | {4 5 }
	Port: myproject_axi : kernel_data_V_81 | {4 5 }
	Port: myproject_axi : kernel_data_V_82 | {4 5 }
	Port: myproject_axi : kernel_data_V_83 | {4 5 }
	Port: myproject_axi : kernel_data_V_84 | {4 5 }
	Port: myproject_axi : kernel_data_V_85 | {4 5 }
	Port: myproject_axi : kernel_data_V_86 | {4 5 }
	Port: myproject_axi : kernel_data_V_87 | {4 5 }
	Port: myproject_axi : kernel_data_V_88 | {4 5 }
	Port: myproject_axi : kernel_data_V_89 | {4 5 }
	Port: myproject_axi : kernel_data_V_90 | {4 5 }
	Port: myproject_axi : kernel_data_V_91 | {4 5 }
	Port: myproject_axi : kernel_data_V_92 | {4 5 }
	Port: myproject_axi : kernel_data_V_93 | {4 5 }
	Port: myproject_axi : kernel_data_V_94 | {4 5 }
	Port: myproject_axi : kernel_data_V_95 | {4 5 }
	Port: myproject_axi : kernel_data_V_160 | {4 5 }
	Port: myproject_axi : kernel_data_V_161 | {4 5 }
	Port: myproject_axi : kernel_data_V_162 | {4 5 }
	Port: myproject_axi : kernel_data_V_163 | {4 5 }
	Port: myproject_axi : kernel_data_V_164 | {4 5 }
	Port: myproject_axi : kernel_data_V_165 | {4 5 }
	Port: myproject_axi : kernel_data_V_166 | {4 5 }
	Port: myproject_axi : kernel_data_V_167 | {4 5 }
	Port: myproject_axi : kernel_data_V_168 | {4 5 }
	Port: myproject_axi : kernel_data_V_169 | {4 5 }
	Port: myproject_axi : kernel_data_V_170 | {4 5 }
	Port: myproject_axi : kernel_data_V_171 | {4 5 }
	Port: myproject_axi : kernel_data_V_172 | {4 5 }
	Port: myproject_axi : kernel_data_V_173 | {4 5 }
	Port: myproject_axi : kernel_data_V_174 | {4 5 }
	Port: myproject_axi : kernel_data_V_175 | {4 5 }
	Port: myproject_axi : kernel_data_V_176 | {4 5 }
	Port: myproject_axi : kernel_data_V_177 | {4 5 }
	Port: myproject_axi : kernel_data_V_178 | {4 5 }
	Port: myproject_axi : kernel_data_V_179 | {4 5 }
	Port: myproject_axi : kernel_data_V_180 | {4 5 }
	Port: myproject_axi : kernel_data_V_181 | {4 5 }
	Port: myproject_axi : kernel_data_V_182 | {4 5 }
	Port: myproject_axi : kernel_data_V_183 | {4 5 }
	Port: myproject_axi : kernel_data_V_184 | {4 5 }
	Port: myproject_axi : kernel_data_V_185 | {4 5 }
	Port: myproject_axi : kernel_data_V_186 | {4 5 }
	Port: myproject_axi : kernel_data_V_187 | {4 5 }
	Port: myproject_axi : kernel_data_V_188 | {4 5 }
	Port: myproject_axi : kernel_data_V_189 | {4 5 }
	Port: myproject_axi : kernel_data_V_190 | {4 5 }
	Port: myproject_axi : kernel_data_V_191 | {4 5 }
	Port: myproject_axi : kernel_data_V_256 | {4 5 }
	Port: myproject_axi : kernel_data_V_257 | {4 5 }
	Port: myproject_axi : kernel_data_V_258 | {4 5 }
	Port: myproject_axi : kernel_data_V_259 | {4 5 }
	Port: myproject_axi : kernel_data_V_260 | {4 5 }
	Port: myproject_axi : kernel_data_V_261 | {4 5 }
	Port: myproject_axi : kernel_data_V_262 | {4 5 }
	Port: myproject_axi : kernel_data_V_263 | {4 5 }
	Port: myproject_axi : kernel_data_V_264 | {4 5 }
	Port: myproject_axi : kernel_data_V_265 | {4 5 }
	Port: myproject_axi : kernel_data_V_266 | {4 5 }
	Port: myproject_axi : kernel_data_V_267 | {4 5 }
	Port: myproject_axi : kernel_data_V_268 | {4 5 }
	Port: myproject_axi : kernel_data_V_269 | {4 5 }
	Port: myproject_axi : kernel_data_V_270 | {4 5 }
	Port: myproject_axi : kernel_data_V_271 | {4 5 }
	Port: myproject_axi : kernel_data_V_272 | {4 5 }
	Port: myproject_axi : kernel_data_V_273 | {4 5 }
	Port: myproject_axi : kernel_data_V_274 | {4 5 }
	Port: myproject_axi : kernel_data_V_275 | {4 5 }
	Port: myproject_axi : kernel_data_V_276 | {4 5 }
	Port: myproject_axi : kernel_data_V_277 | {4 5 }
	Port: myproject_axi : kernel_data_V_278 | {4 5 }
	Port: myproject_axi : kernel_data_V_279 | {4 5 }
	Port: myproject_axi : kernel_data_V_280 | {4 5 }
	Port: myproject_axi : kernel_data_V_281 | {4 5 }
	Port: myproject_axi : kernel_data_V_282 | {4 5 }
	Port: myproject_axi : kernel_data_V_283 | {4 5 }
	Port: myproject_axi : kernel_data_V_284 | {4 5 }
	Port: myproject_axi : kernel_data_V_285 | {4 5 }
	Port: myproject_axi : kernel_data_V_286 | {4 5 }
	Port: myproject_axi : kernel_data_V_287 | {4 5 }
	Port: myproject_axi : kernel_data_V_32 | {4 5 }
	Port: myproject_axi : kernel_data_V_33 | {4 5 }
	Port: myproject_axi : kernel_data_V_34 | {4 5 }
	Port: myproject_axi : kernel_data_V_35 | {4 5 }
	Port: myproject_axi : kernel_data_V_36 | {4 5 }
	Port: myproject_axi : kernel_data_V_37 | {4 5 }
	Port: myproject_axi : kernel_data_V_38 | {4 5 }
	Port: myproject_axi : kernel_data_V_39 | {4 5 }
	Port: myproject_axi : kernel_data_V_40 | {4 5 }
	Port: myproject_axi : kernel_data_V_41 | {4 5 }
	Port: myproject_axi : kernel_data_V_42 | {4 5 }
	Port: myproject_axi : kernel_data_V_43 | {4 5 }
	Port: myproject_axi : kernel_data_V_44 | {4 5 }
	Port: myproject_axi : kernel_data_V_45 | {4 5 }
	Port: myproject_axi : kernel_data_V_46 | {4 5 }
	Port: myproject_axi : kernel_data_V_47 | {4 5 }
	Port: myproject_axi : kernel_data_V_48 | {4 5 }
	Port: myproject_axi : kernel_data_V_49 | {4 5 }
	Port: myproject_axi : kernel_data_V_50 | {4 5 }
	Port: myproject_axi : kernel_data_V_51 | {4 5 }
	Port: myproject_axi : kernel_data_V_52 | {4 5 }
	Port: myproject_axi : kernel_data_V_53 | {4 5 }
	Port: myproject_axi : kernel_data_V_54 | {4 5 }
	Port: myproject_axi : kernel_data_V_55 | {4 5 }
	Port: myproject_axi : kernel_data_V_56 | {4 5 }
	Port: myproject_axi : kernel_data_V_57 | {4 5 }
	Port: myproject_axi : kernel_data_V_58 | {4 5 }
	Port: myproject_axi : kernel_data_V_59 | {4 5 }
	Port: myproject_axi : kernel_data_V_60 | {4 5 }
	Port: myproject_axi : kernel_data_V_61 | {4 5 }
	Port: myproject_axi : kernel_data_V_62 | {4 5 }
	Port: myproject_axi : kernel_data_V_63 | {4 5 }
	Port: myproject_axi : kernel_data_V_128 | {4 5 }
	Port: myproject_axi : kernel_data_V_129 | {4 5 }
	Port: myproject_axi : kernel_data_V_130 | {4 5 }
	Port: myproject_axi : kernel_data_V_131 | {4 5 }
	Port: myproject_axi : kernel_data_V_132 | {4 5 }
	Port: myproject_axi : kernel_data_V_133 | {4 5 }
	Port: myproject_axi : kernel_data_V_134 | {4 5 }
	Port: myproject_axi : kernel_data_V_135 | {4 5 }
	Port: myproject_axi : kernel_data_V_136 | {4 5 }
	Port: myproject_axi : kernel_data_V_137 | {4 5 }
	Port: myproject_axi : kernel_data_V_138 | {4 5 }
	Port: myproject_axi : kernel_data_V_139 | {4 5 }
	Port: myproject_axi : kernel_data_V_140 | {4 5 }
	Port: myproject_axi : kernel_data_V_141 | {4 5 }
	Port: myproject_axi : kernel_data_V_142 | {4 5 }
	Port: myproject_axi : kernel_data_V_143 | {4 5 }
	Port: myproject_axi : kernel_data_V_144 | {4 5 }
	Port: myproject_axi : kernel_data_V_145 | {4 5 }
	Port: myproject_axi : kernel_data_V_146 | {4 5 }
	Port: myproject_axi : kernel_data_V_147 | {4 5 }
	Port: myproject_axi : kernel_data_V_148 | {4 5 }
	Port: myproject_axi : kernel_data_V_149 | {4 5 }
	Port: myproject_axi : kernel_data_V_150 | {4 5 }
	Port: myproject_axi : kernel_data_V_151 | {4 5 }
	Port: myproject_axi : kernel_data_V_152 | {4 5 }
	Port: myproject_axi : kernel_data_V_153 | {4 5 }
	Port: myproject_axi : kernel_data_V_154 | {4 5 }
	Port: myproject_axi : kernel_data_V_155 | {4 5 }
	Port: myproject_axi : kernel_data_V_156 | {4 5 }
	Port: myproject_axi : kernel_data_V_157 | {4 5 }
	Port: myproject_axi : kernel_data_V_158 | {4 5 }
	Port: myproject_axi : kernel_data_V_159 | {4 5 }
	Port: myproject_axi : kernel_data_V_224 | {4 5 }
	Port: myproject_axi : kernel_data_V_225 | {4 5 }
	Port: myproject_axi : kernel_data_V_226 | {4 5 }
	Port: myproject_axi : kernel_data_V_227 | {4 5 }
	Port: myproject_axi : kernel_data_V_228 | {4 5 }
	Port: myproject_axi : kernel_data_V_229 | {4 5 }
	Port: myproject_axi : kernel_data_V_230 | {4 5 }
	Port: myproject_axi : kernel_data_V_231 | {4 5 }
	Port: myproject_axi : kernel_data_V_232 | {4 5 }
	Port: myproject_axi : kernel_data_V_233 | {4 5 }
	Port: myproject_axi : kernel_data_V_234 | {4 5 }
	Port: myproject_axi : kernel_data_V_235 | {4 5 }
	Port: myproject_axi : kernel_data_V_236 | {4 5 }
	Port: myproject_axi : kernel_data_V_237 | {4 5 }
	Port: myproject_axi : kernel_data_V_238 | {4 5 }
	Port: myproject_axi : kernel_data_V_239 | {4 5 }
	Port: myproject_axi : kernel_data_V_240 | {4 5 }
	Port: myproject_axi : kernel_data_V_241 | {4 5 }
	Port: myproject_axi : kernel_data_V_242 | {4 5 }
	Port: myproject_axi : kernel_data_V_243 | {4 5 }
	Port: myproject_axi : kernel_data_V_244 | {4 5 }
	Port: myproject_axi : kernel_data_V_245 | {4 5 }
	Port: myproject_axi : kernel_data_V_246 | {4 5 }
	Port: myproject_axi : kernel_data_V_247 | {4 5 }
	Port: myproject_axi : kernel_data_V_248 | {4 5 }
	Port: myproject_axi : kernel_data_V_249 | {4 5 }
	Port: myproject_axi : kernel_data_V_250 | {4 5 }
	Port: myproject_axi : kernel_data_V_251 | {4 5 }
	Port: myproject_axi : kernel_data_V_252 | {4 5 }
	Port: myproject_axi : kernel_data_V_253 | {4 5 }
	Port: myproject_axi : kernel_data_V_254 | {4 5 }
	Port: myproject_axi : kernel_data_V_255 | {4 5 }
	Port: myproject_axi : sX_2 | {4 5 }
	Port: myproject_axi : sY_2 | {4 5 }
	Port: myproject_axi : pY_2 | {4 5 }
	Port: myproject_axi : pX_2 | {4 5 }
	Port: myproject_axi : outidx2 | {4 5 }
	Port: myproject_axi : kernel_data_V_0 | {4 5 }
	Port: myproject_axi : kernel_data_V_1169 | {4 5 }
	Port: myproject_axi : kernel_data_V_2170 | {4 5 }
	Port: myproject_axi : kernel_data_V_3 | {4 5 }
	Port: myproject_axi : kernel_data_V_4 | {4 5 }
	Port: myproject_axi : kernel_data_V_5 | {4 5 }
	Port: myproject_axi : kernel_data_V_6 | {4 5 }
	Port: myproject_axi : kernel_data_V_7 | {4 5 }
	Port: myproject_axi : kernel_data_V_8 | {4 5 }
	Port: myproject_axi : kernel_data_V_9 | {4 5 }
	Port: myproject_axi : kernel_data_V_10 | {4 5 }
	Port: myproject_axi : kernel_data_V_11 | {4 5 }
	Port: myproject_axi : kernel_data_V_12 | {4 5 }
	Port: myproject_axi : kernel_data_V_13 | {4 5 }
	Port: myproject_axi : kernel_data_V_14 | {4 5 }
	Port: myproject_axi : kernel_data_V_15 | {4 5 }
	Port: myproject_axi : kernel_data_V_16 | {4 5 }
	Port: myproject_axi : kernel_data_V_17 | {4 5 }
	Port: myproject_axi : kernel_data_V_18 | {4 5 }
	Port: myproject_axi : kernel_data_V_19 | {4 5 }
	Port: myproject_axi : kernel_data_V_20 | {4 5 }
	Port: myproject_axi : kernel_data_V_21 | {4 5 }
	Port: myproject_axi : kernel_data_V_22 | {4 5 }
	Port: myproject_axi : kernel_data_V_23 | {4 5 }
	Port: myproject_axi : kernel_data_V_24 | {4 5 }
	Port: myproject_axi : kernel_data_V_25 | {4 5 }
	Port: myproject_axi : kernel_data_V_26 | {4 5 }
	Port: myproject_axi : kernel_data_V_27 | {4 5 }
	Port: myproject_axi : kernel_data_V_28 | {4 5 }
	Port: myproject_axi : kernel_data_V_29 | {4 5 }
	Port: myproject_axi : kernel_data_V_30 | {4 5 }
	Port: myproject_axi : kernel_data_V_31 | {4 5 }
	Port: myproject_axi : kernel_data_V_96 | {4 5 }
	Port: myproject_axi : kernel_data_V_97 | {4 5 }
	Port: myproject_axi : kernel_data_V_98 | {4 5 }
	Port: myproject_axi : kernel_data_V_99 | {4 5 }
	Port: myproject_axi : kernel_data_V_100 | {4 5 }
	Port: myproject_axi : kernel_data_V_101 | {4 5 }
	Port: myproject_axi : kernel_data_V_102 | {4 5 }
	Port: myproject_axi : kernel_data_V_103 | {4 5 }
	Port: myproject_axi : kernel_data_V_104 | {4 5 }
	Port: myproject_axi : kernel_data_V_105 | {4 5 }
	Port: myproject_axi : kernel_data_V_106 | {4 5 }
	Port: myproject_axi : kernel_data_V_107 | {4 5 }
	Port: myproject_axi : kernel_data_V_108 | {4 5 }
	Port: myproject_axi : kernel_data_V_109 | {4 5 }
	Port: myproject_axi : kernel_data_V_110 | {4 5 }
	Port: myproject_axi : kernel_data_V_111 | {4 5 }
	Port: myproject_axi : kernel_data_V_112 | {4 5 }
	Port: myproject_axi : kernel_data_V_113 | {4 5 }
	Port: myproject_axi : kernel_data_V_114 | {4 5 }
	Port: myproject_axi : kernel_data_V_115 | {4 5 }
	Port: myproject_axi : kernel_data_V_116 | {4 5 }
	Port: myproject_axi : kernel_data_V_117 | {4 5 }
	Port: myproject_axi : kernel_data_V_118 | {4 5 }
	Port: myproject_axi : kernel_data_V_119 | {4 5 }
	Port: myproject_axi : kernel_data_V_120 | {4 5 }
	Port: myproject_axi : kernel_data_V_121 | {4 5 }
	Port: myproject_axi : kernel_data_V_122 | {4 5 }
	Port: myproject_axi : kernel_data_V_123 | {4 5 }
	Port: myproject_axi : kernel_data_V_124 | {4 5 }
	Port: myproject_axi : kernel_data_V_125 | {4 5 }
	Port: myproject_axi : kernel_data_V_126 | {4 5 }
	Port: myproject_axi : kernel_data_V_127 | {4 5 }
	Port: myproject_axi : kernel_data_V_192 | {4 5 }
	Port: myproject_axi : kernel_data_V_193 | {4 5 }
	Port: myproject_axi : kernel_data_V_194 | {4 5 }
	Port: myproject_axi : kernel_data_V_195 | {4 5 }
	Port: myproject_axi : kernel_data_V_196 | {4 5 }
	Port: myproject_axi : kernel_data_V_197 | {4 5 }
	Port: myproject_axi : kernel_data_V_198 | {4 5 }
	Port: myproject_axi : kernel_data_V_199 | {4 5 }
	Port: myproject_axi : kernel_data_V_200 | {4 5 }
	Port: myproject_axi : kernel_data_V_201 | {4 5 }
	Port: myproject_axi : kernel_data_V_202 | {4 5 }
	Port: myproject_axi : kernel_data_V_203 | {4 5 }
	Port: myproject_axi : kernel_data_V_204 | {4 5 }
	Port: myproject_axi : kernel_data_V_205 | {4 5 }
	Port: myproject_axi : kernel_data_V_206 | {4 5 }
	Port: myproject_axi : kernel_data_V_207 | {4 5 }
	Port: myproject_axi : kernel_data_V_208 | {4 5 }
	Port: myproject_axi : kernel_data_V_209 | {4 5 }
	Port: myproject_axi : kernel_data_V_210 | {4 5 }
	Port: myproject_axi : kernel_data_V_211 | {4 5 }
	Port: myproject_axi : kernel_data_V_212 | {4 5 }
	Port: myproject_axi : kernel_data_V_213 | {4 5 }
	Port: myproject_axi : kernel_data_V_214 | {4 5 }
	Port: myproject_axi : kernel_data_V_215 | {4 5 }
	Port: myproject_axi : kernel_data_V_216 | {4 5 }
	Port: myproject_axi : kernel_data_V_217 | {4 5 }
	Port: myproject_axi : kernel_data_V_218 | {4 5 }
	Port: myproject_axi : kernel_data_V_219 | {4 5 }
	Port: myproject_axi : kernel_data_V_220 | {4 5 }
	Port: myproject_axi : kernel_data_V_221 | {4 5 }
	Port: myproject_axi : kernel_data_V_222 | {4 5 }
	Port: myproject_axi : kernel_data_V_223 | {4 5 }
	Port: myproject_axi : w5_V | {4 5 }
	Port: myproject_axi : line_buffer_Array_V_0_0 | {4 5 }
	Port: myproject_axi : line_buffer_Array_V_0_1 | {4 5 }
	Port: myproject_axi : line_buffer_Array_V_0_2 | {4 5 }
	Port: myproject_axi : line_buffer_Array_V_0_3 | {4 5 }
	Port: myproject_axi : line_buffer_Array_V_0_4 | {4 5 }
	Port: myproject_axi : line_buffer_Array_V_0_5 | {4 5 }
	Port: myproject_axi : line_buffer_Array_V_0_6 | {4 5 }
	Port: myproject_axi : line_buffer_Array_V_0_7 | {4 5 }
	Port: myproject_axi : line_buffer_Array_V_0_8 | {4 5 }
	Port: myproject_axi : line_buffer_Array_V_0_9 | {4 5 }
	Port: myproject_axi : line_buffer_Array_V_0_10 | {4 5 }
	Port: myproject_axi : line_buffer_Array_V_0_11 | {4 5 }
	Port: myproject_axi : line_buffer_Array_V_0_12 | {4 5 }
	Port: myproject_axi : line_buffer_Array_V_0_13 | {4 5 }
	Port: myproject_axi : line_buffer_Array_V_0_14 | {4 5 }
	Port: myproject_axi : line_buffer_Array_V_0_15 | {4 5 }
	Port: myproject_axi : line_buffer_Array_V_0_16 | {4 5 }
	Port: myproject_axi : line_buffer_Array_V_0_17 | {4 5 }
	Port: myproject_axi : line_buffer_Array_V_0_18 | {4 5 }
	Port: myproject_axi : line_buffer_Array_V_0_19 | {4 5 }
	Port: myproject_axi : line_buffer_Array_V_0_20 | {4 5 }
	Port: myproject_axi : line_buffer_Array_V_0_21 | {4 5 }
	Port: myproject_axi : line_buffer_Array_V_0_22 | {4 5 }
	Port: myproject_axi : line_buffer_Array_V_0_23 | {4 5 }
	Port: myproject_axi : line_buffer_Array_V_0_24 | {4 5 }
	Port: myproject_axi : line_buffer_Array_V_0_25 | {4 5 }
	Port: myproject_axi : line_buffer_Array_V_0_26 | {4 5 }
	Port: myproject_axi : line_buffer_Array_V_0_27 | {4 5 }
	Port: myproject_axi : line_buffer_Array_V_0_28 | {4 5 }
	Port: myproject_axi : line_buffer_Array_V_0_29 | {4 5 }
	Port: myproject_axi : line_buffer_Array_V_0_30 | {4 5 }
	Port: myproject_axi : line_buffer_Array_V_0_31 | {4 5 }
	Port: myproject_axi : line_buffer_Array_V_1168_0 | {4 5 }
	Port: myproject_axi : line_buffer_Array_V_1168_1 | {4 5 }
	Port: myproject_axi : line_buffer_Array_V_1168_2 | {4 5 }
	Port: myproject_axi : line_buffer_Array_V_1168_3 | {4 5 }
	Port: myproject_axi : line_buffer_Array_V_1168_4 | {4 5 }
	Port: myproject_axi : line_buffer_Array_V_1168_5 | {4 5 }
	Port: myproject_axi : line_buffer_Array_V_1168_6 | {4 5 }
	Port: myproject_axi : line_buffer_Array_V_1168_7 | {4 5 }
	Port: myproject_axi : line_buffer_Array_V_1168_8 | {4 5 }
	Port: myproject_axi : line_buffer_Array_V_1168_9 | {4 5 }
	Port: myproject_axi : line_buffer_Array_V_1168_10 | {4 5 }
	Port: myproject_axi : line_buffer_Array_V_1168_11 | {4 5 }
	Port: myproject_axi : line_buffer_Array_V_1168_12 | {4 5 }
	Port: myproject_axi : line_buffer_Array_V_1168_13 | {4 5 }
	Port: myproject_axi : line_buffer_Array_V_1168_14 | {4 5 }
	Port: myproject_axi : line_buffer_Array_V_1168_15 | {4 5 }
	Port: myproject_axi : line_buffer_Array_V_1168_16 | {4 5 }
	Port: myproject_axi : line_buffer_Array_V_1168_17 | {4 5 }
	Port: myproject_axi : line_buffer_Array_V_1168_18 | {4 5 }
	Port: myproject_axi : line_buffer_Array_V_1168_19 | {4 5 }
	Port: myproject_axi : line_buffer_Array_V_1168_20 | {4 5 }
	Port: myproject_axi : line_buffer_Array_V_1168_21 | {4 5 }
	Port: myproject_axi : line_buffer_Array_V_1168_22 | {4 5 }
	Port: myproject_axi : line_buffer_Array_V_1168_23 | {4 5 }
	Port: myproject_axi : line_buffer_Array_V_1168_24 | {4 5 }
	Port: myproject_axi : line_buffer_Array_V_1168_25 | {4 5 }
	Port: myproject_axi : line_buffer_Array_V_1168_26 | {4 5 }
	Port: myproject_axi : line_buffer_Array_V_1168_27 | {4 5 }
	Port: myproject_axi : line_buffer_Array_V_1168_28 | {4 5 }
	Port: myproject_axi : line_buffer_Array_V_1168_29 | {4 5 }
	Port: myproject_axi : line_buffer_Array_V_1168_30 | {4 5 }
	Port: myproject_axi : line_buffer_Array_V_1168_31 | {4 5 }
	Port: myproject_axi : kernel_data_V_1_64 | {4 5 }
	Port: myproject_axi : kernel_data_V_1_65 | {4 5 }
	Port: myproject_axi : kernel_data_V_1_66 | {4 5 }
	Port: myproject_axi : kernel_data_V_1_67 | {4 5 }
	Port: myproject_axi : kernel_data_V_1_68 | {4 5 }
	Port: myproject_axi : kernel_data_V_1_69 | {4 5 }
	Port: myproject_axi : kernel_data_V_1_70 | {4 5 }
	Port: myproject_axi : kernel_data_V_1_71 | {4 5 }
	Port: myproject_axi : kernel_data_V_1_72 | {4 5 }
	Port: myproject_axi : kernel_data_V_1_73 | {4 5 }
	Port: myproject_axi : kernel_data_V_1_74 | {4 5 }
	Port: myproject_axi : kernel_data_V_1_75 | {4 5 }
	Port: myproject_axi : kernel_data_V_1_76 | {4 5 }
	Port: myproject_axi : kernel_data_V_1_77 | {4 5 }
	Port: myproject_axi : kernel_data_V_1_78 | {4 5 }
	Port: myproject_axi : kernel_data_V_1_79 | {4 5 }
	Port: myproject_axi : kernel_data_V_1_80 | {4 5 }
	Port: myproject_axi : kernel_data_V_1_81 | {4 5 }
	Port: myproject_axi : kernel_data_V_1_82 | {4 5 }
	Port: myproject_axi : kernel_data_V_1_83 | {4 5 }
	Port: myproject_axi : kernel_data_V_1_84 | {4 5 }
	Port: myproject_axi : kernel_data_V_1_85 | {4 5 }
	Port: myproject_axi : kernel_data_V_1_86 | {4 5 }
	Port: myproject_axi : kernel_data_V_1_87 | {4 5 }
	Port: myproject_axi : kernel_data_V_1_88 | {4 5 }
	Port: myproject_axi : kernel_data_V_1_89 | {4 5 }
	Port: myproject_axi : kernel_data_V_1_90 | {4 5 }
	Port: myproject_axi : kernel_data_V_1_91 | {4 5 }
	Port: myproject_axi : kernel_data_V_1_92 | {4 5 }
	Port: myproject_axi : kernel_data_V_1_93 | {4 5 }
	Port: myproject_axi : kernel_data_V_1_94 | {4 5 }
	Port: myproject_axi : kernel_data_V_1_95 | {4 5 }
	Port: myproject_axi : kernel_data_V_1_160 | {4 5 }
	Port: myproject_axi : kernel_data_V_1_161 | {4 5 }
	Port: myproject_axi : kernel_data_V_1_162 | {4 5 }
	Port: myproject_axi : kernel_data_V_1_163 | {4 5 }
	Port: myproject_axi : kernel_data_V_1_164 | {4 5 }
	Port: myproject_axi : kernel_data_V_1_165 | {4 5 }
	Port: myproject_axi : kernel_data_V_1_166 | {4 5 }
	Port: myproject_axi : kernel_data_V_1_167 | {4 5 }
	Port: myproject_axi : kernel_data_V_1_168 | {4 5 }
	Port: myproject_axi : kernel_data_V_1_169 | {4 5 }
	Port: myproject_axi : kernel_data_V_1_170 | {4 5 }
	Port: myproject_axi : kernel_data_V_1_171 | {4 5 }
	Port: myproject_axi : kernel_data_V_1_172 | {4 5 }
	Port: myproject_axi : kernel_data_V_1_173 | {4 5 }
	Port: myproject_axi : kernel_data_V_1_174 | {4 5 }
	Port: myproject_axi : kernel_data_V_1_175 | {4 5 }
	Port: myproject_axi : kernel_data_V_1_176 | {4 5 }
	Port: myproject_axi : kernel_data_V_1_177 | {4 5 }
	Port: myproject_axi : kernel_data_V_1_178 | {4 5 }
	Port: myproject_axi : kernel_data_V_1_179 | {4 5 }
	Port: myproject_axi : kernel_data_V_1_180 | {4 5 }
	Port: myproject_axi : kernel_data_V_1_181 | {4 5 }
	Port: myproject_axi : kernel_data_V_1_182 | {4 5 }
	Port: myproject_axi : kernel_data_V_1_183 | {4 5 }
	Port: myproject_axi : kernel_data_V_1_184 | {4 5 }
	Port: myproject_axi : kernel_data_V_1_185 | {4 5 }
	Port: myproject_axi : kernel_data_V_1_186 | {4 5 }
	Port: myproject_axi : kernel_data_V_1_187 | {4 5 }
	Port: myproject_axi : kernel_data_V_1_188 | {4 5 }
	Port: myproject_axi : kernel_data_V_1_189 | {4 5 }
	Port: myproject_axi : kernel_data_V_1_190 | {4 5 }
	Port: myproject_axi : kernel_data_V_1_191 | {4 5 }
	Port: myproject_axi : kernel_data_V_1_256 | {4 5 }
	Port: myproject_axi : kernel_data_V_1_257 | {4 5 }
	Port: myproject_axi : kernel_data_V_1_258 | {4 5 }
	Port: myproject_axi : kernel_data_V_1_259 | {4 5 }
	Port: myproject_axi : kernel_data_V_1_260 | {4 5 }
	Port: myproject_axi : kernel_data_V_1_261 | {4 5 }
	Port: myproject_axi : kernel_data_V_1_262 | {4 5 }
	Port: myproject_axi : kernel_data_V_1_263 | {4 5 }
	Port: myproject_axi : kernel_data_V_1_264 | {4 5 }
	Port: myproject_axi : kernel_data_V_1_265 | {4 5 }
	Port: myproject_axi : kernel_data_V_1_266 | {4 5 }
	Port: myproject_axi : kernel_data_V_1_267 | {4 5 }
	Port: myproject_axi : kernel_data_V_1_268 | {4 5 }
	Port: myproject_axi : kernel_data_V_1_269 | {4 5 }
	Port: myproject_axi : kernel_data_V_1_270 | {4 5 }
	Port: myproject_axi : kernel_data_V_1_271 | {4 5 }
	Port: myproject_axi : kernel_data_V_1_272 | {4 5 }
	Port: myproject_axi : kernel_data_V_1_273 | {4 5 }
	Port: myproject_axi : kernel_data_V_1_274 | {4 5 }
	Port: myproject_axi : kernel_data_V_1_275 | {4 5 }
	Port: myproject_axi : kernel_data_V_1_276 | {4 5 }
	Port: myproject_axi : kernel_data_V_1_277 | {4 5 }
	Port: myproject_axi : kernel_data_V_1_278 | {4 5 }
	Port: myproject_axi : kernel_data_V_1_279 | {4 5 }
	Port: myproject_axi : kernel_data_V_1_280 | {4 5 }
	Port: myproject_axi : kernel_data_V_1_281 | {4 5 }
	Port: myproject_axi : kernel_data_V_1_282 | {4 5 }
	Port: myproject_axi : kernel_data_V_1_283 | {4 5 }
	Port: myproject_axi : kernel_data_V_1_284 | {4 5 }
	Port: myproject_axi : kernel_data_V_1_285 | {4 5 }
	Port: myproject_axi : kernel_data_V_1_286 | {4 5 }
	Port: myproject_axi : kernel_data_V_1_287 | {4 5 }
	Port: myproject_axi : kernel_data_V_1_32 | {4 5 }
	Port: myproject_axi : kernel_data_V_1_33 | {4 5 }
	Port: myproject_axi : kernel_data_V_1_34 | {4 5 }
	Port: myproject_axi : kernel_data_V_1_35 | {4 5 }
	Port: myproject_axi : kernel_data_V_1_36 | {4 5 }
	Port: myproject_axi : kernel_data_V_1_37 | {4 5 }
	Port: myproject_axi : kernel_data_V_1_38 | {4 5 }
	Port: myproject_axi : kernel_data_V_1_39 | {4 5 }
	Port: myproject_axi : kernel_data_V_1_40 | {4 5 }
	Port: myproject_axi : kernel_data_V_1_41 | {4 5 }
	Port: myproject_axi : kernel_data_V_1_42 | {4 5 }
	Port: myproject_axi : kernel_data_V_1_43 | {4 5 }
	Port: myproject_axi : kernel_data_V_1_44 | {4 5 }
	Port: myproject_axi : kernel_data_V_1_45 | {4 5 }
	Port: myproject_axi : kernel_data_V_1_46 | {4 5 }
	Port: myproject_axi : kernel_data_V_1_47 | {4 5 }
	Port: myproject_axi : kernel_data_V_1_48 | {4 5 }
	Port: myproject_axi : kernel_data_V_1_49 | {4 5 }
	Port: myproject_axi : kernel_data_V_1_50 | {4 5 }
	Port: myproject_axi : kernel_data_V_1_51 | {4 5 }
	Port: myproject_axi : kernel_data_V_1_52 | {4 5 }
	Port: myproject_axi : kernel_data_V_1_53 | {4 5 }
	Port: myproject_axi : kernel_data_V_1_54 | {4 5 }
	Port: myproject_axi : kernel_data_V_1_55 | {4 5 }
	Port: myproject_axi : kernel_data_V_1_56 | {4 5 }
	Port: myproject_axi : kernel_data_V_1_57 | {4 5 }
	Port: myproject_axi : kernel_data_V_1_58 | {4 5 }
	Port: myproject_axi : kernel_data_V_1_59 | {4 5 }
	Port: myproject_axi : kernel_data_V_1_60 | {4 5 }
	Port: myproject_axi : kernel_data_V_1_61 | {4 5 }
	Port: myproject_axi : kernel_data_V_1_62 | {4 5 }
	Port: myproject_axi : kernel_data_V_1_63 | {4 5 }
	Port: myproject_axi : kernel_data_V_1_128 | {4 5 }
	Port: myproject_axi : kernel_data_V_1_129 | {4 5 }
	Port: myproject_axi : kernel_data_V_1_130 | {4 5 }
	Port: myproject_axi : kernel_data_V_1_131 | {4 5 }
	Port: myproject_axi : kernel_data_V_1_132 | {4 5 }
	Port: myproject_axi : kernel_data_V_1_133 | {4 5 }
	Port: myproject_axi : kernel_data_V_1_134 | {4 5 }
	Port: myproject_axi : kernel_data_V_1_135 | {4 5 }
	Port: myproject_axi : kernel_data_V_1_136 | {4 5 }
	Port: myproject_axi : kernel_data_V_1_137 | {4 5 }
	Port: myproject_axi : kernel_data_V_1_138 | {4 5 }
	Port: myproject_axi : kernel_data_V_1_139 | {4 5 }
	Port: myproject_axi : kernel_data_V_1_140 | {4 5 }
	Port: myproject_axi : kernel_data_V_1_141 | {4 5 }
	Port: myproject_axi : kernel_data_V_1_142 | {4 5 }
	Port: myproject_axi : kernel_data_V_1_143 | {4 5 }
	Port: myproject_axi : kernel_data_V_1_144 | {4 5 }
	Port: myproject_axi : kernel_data_V_1_145 | {4 5 }
	Port: myproject_axi : kernel_data_V_1_146 | {4 5 }
	Port: myproject_axi : kernel_data_V_1_147 | {4 5 }
	Port: myproject_axi : kernel_data_V_1_148 | {4 5 }
	Port: myproject_axi : kernel_data_V_1_149 | {4 5 }
	Port: myproject_axi : kernel_data_V_1_150 | {4 5 }
	Port: myproject_axi : kernel_data_V_1_151 | {4 5 }
	Port: myproject_axi : kernel_data_V_1_152 | {4 5 }
	Port: myproject_axi : kernel_data_V_1_153 | {4 5 }
	Port: myproject_axi : kernel_data_V_1_154 | {4 5 }
	Port: myproject_axi : kernel_data_V_1_155 | {4 5 }
	Port: myproject_axi : kernel_data_V_1_156 | {4 5 }
	Port: myproject_axi : kernel_data_V_1_157 | {4 5 }
	Port: myproject_axi : kernel_data_V_1_158 | {4 5 }
	Port: myproject_axi : kernel_data_V_1_159 | {4 5 }
	Port: myproject_axi : kernel_data_V_1_224 | {4 5 }
	Port: myproject_axi : kernel_data_V_1_225 | {4 5 }
	Port: myproject_axi : kernel_data_V_1_226 | {4 5 }
	Port: myproject_axi : kernel_data_V_1_227 | {4 5 }
	Port: myproject_axi : kernel_data_V_1_228 | {4 5 }
	Port: myproject_axi : kernel_data_V_1_229 | {4 5 }
	Port: myproject_axi : kernel_data_V_1_230 | {4 5 }
	Port: myproject_axi : kernel_data_V_1_231 | {4 5 }
	Port: myproject_axi : kernel_data_V_1_232 | {4 5 }
	Port: myproject_axi : kernel_data_V_1_233 | {4 5 }
	Port: myproject_axi : kernel_data_V_1_234 | {4 5 }
	Port: myproject_axi : kernel_data_V_1_235 | {4 5 }
	Port: myproject_axi : kernel_data_V_1_236 | {4 5 }
	Port: myproject_axi : kernel_data_V_1_237 | {4 5 }
	Port: myproject_axi : kernel_data_V_1_238 | {4 5 }
	Port: myproject_axi : kernel_data_V_1_239 | {4 5 }
	Port: myproject_axi : kernel_data_V_1_240 | {4 5 }
	Port: myproject_axi : kernel_data_V_1_241 | {4 5 }
	Port: myproject_axi : kernel_data_V_1_242 | {4 5 }
	Port: myproject_axi : kernel_data_V_1_243 | {4 5 }
	Port: myproject_axi : kernel_data_V_1_244 | {4 5 }
	Port: myproject_axi : kernel_data_V_1_245 | {4 5 }
	Port: myproject_axi : kernel_data_V_1_246 | {4 5 }
	Port: myproject_axi : kernel_data_V_1_247 | {4 5 }
	Port: myproject_axi : kernel_data_V_1_248 | {4 5 }
	Port: myproject_axi : kernel_data_V_1_249 | {4 5 }
	Port: myproject_axi : kernel_data_V_1_250 | {4 5 }
	Port: myproject_axi : kernel_data_V_1_251 | {4 5 }
	Port: myproject_axi : kernel_data_V_1_252 | {4 5 }
	Port: myproject_axi : kernel_data_V_1_253 | {4 5 }
	Port: myproject_axi : kernel_data_V_1_254 | {4 5 }
	Port: myproject_axi : kernel_data_V_1_255 | {4 5 }
	Port: myproject_axi : sX_1 | {4 5 }
	Port: myproject_axi : sY_1 | {4 5 }
	Port: myproject_axi : pY_1 | {4 5 }
	Port: myproject_axi : pX_1 | {4 5 }
	Port: myproject_axi : outidx | {4 5 }
	Port: myproject_axi : kernel_data_V_1_0 | {4 5 }
	Port: myproject_axi : kernel_data_V_1_1 | {4 5 }
	Port: myproject_axi : kernel_data_V_1_2 | {4 5 }
	Port: myproject_axi : kernel_data_V_1_3 | {4 5 }
	Port: myproject_axi : kernel_data_V_1_4 | {4 5 }
	Port: myproject_axi : kernel_data_V_1_5 | {4 5 }
	Port: myproject_axi : kernel_data_V_1_6 | {4 5 }
	Port: myproject_axi : kernel_data_V_1_7 | {4 5 }
	Port: myproject_axi : kernel_data_V_1_8 | {4 5 }
	Port: myproject_axi : kernel_data_V_1_9 | {4 5 }
	Port: myproject_axi : kernel_data_V_1_10 | {4 5 }
	Port: myproject_axi : kernel_data_V_1_11 | {4 5 }
	Port: myproject_axi : kernel_data_V_1_12 | {4 5 }
	Port: myproject_axi : kernel_data_V_1_13 | {4 5 }
	Port: myproject_axi : kernel_data_V_1_14 | {4 5 }
	Port: myproject_axi : kernel_data_V_1_15 | {4 5 }
	Port: myproject_axi : kernel_data_V_1_16 | {4 5 }
	Port: myproject_axi : kernel_data_V_1_17 | {4 5 }
	Port: myproject_axi : kernel_data_V_1_18 | {4 5 }
	Port: myproject_axi : kernel_data_V_1_19 | {4 5 }
	Port: myproject_axi : kernel_data_V_1_20 | {4 5 }
	Port: myproject_axi : kernel_data_V_1_21 | {4 5 }
	Port: myproject_axi : kernel_data_V_1_22 | {4 5 }
	Port: myproject_axi : kernel_data_V_1_23 | {4 5 }
	Port: myproject_axi : kernel_data_V_1_24 | {4 5 }
	Port: myproject_axi : kernel_data_V_1_25 | {4 5 }
	Port: myproject_axi : kernel_data_V_1_26 | {4 5 }
	Port: myproject_axi : kernel_data_V_1_27 | {4 5 }
	Port: myproject_axi : kernel_data_V_1_28 | {4 5 }
	Port: myproject_axi : kernel_data_V_1_29 | {4 5 }
	Port: myproject_axi : kernel_data_V_1_30 | {4 5 }
	Port: myproject_axi : kernel_data_V_1_31 | {4 5 }
	Port: myproject_axi : kernel_data_V_1_96 | {4 5 }
	Port: myproject_axi : kernel_data_V_1_97 | {4 5 }
	Port: myproject_axi : kernel_data_V_1_98 | {4 5 }
	Port: myproject_axi : kernel_data_V_1_99 | {4 5 }
	Port: myproject_axi : kernel_data_V_1_100 | {4 5 }
	Port: myproject_axi : kernel_data_V_1_101 | {4 5 }
	Port: myproject_axi : kernel_data_V_1_102 | {4 5 }
	Port: myproject_axi : kernel_data_V_1_103 | {4 5 }
	Port: myproject_axi : kernel_data_V_1_104 | {4 5 }
	Port: myproject_axi : kernel_data_V_1_105 | {4 5 }
	Port: myproject_axi : kernel_data_V_1_106 | {4 5 }
	Port: myproject_axi : kernel_data_V_1_107 | {4 5 }
	Port: myproject_axi : kernel_data_V_1_108 | {4 5 }
	Port: myproject_axi : kernel_data_V_1_109 | {4 5 }
	Port: myproject_axi : kernel_data_V_1_110 | {4 5 }
	Port: myproject_axi : kernel_data_V_1_111 | {4 5 }
	Port: myproject_axi : kernel_data_V_1_112 | {4 5 }
	Port: myproject_axi : kernel_data_V_1_113 | {4 5 }
	Port: myproject_axi : kernel_data_V_1_114 | {4 5 }
	Port: myproject_axi : kernel_data_V_1_115 | {4 5 }
	Port: myproject_axi : kernel_data_V_1_116 | {4 5 }
	Port: myproject_axi : kernel_data_V_1_117 | {4 5 }
	Port: myproject_axi : kernel_data_V_1_118 | {4 5 }
	Port: myproject_axi : kernel_data_V_1_119 | {4 5 }
	Port: myproject_axi : kernel_data_V_1_120 | {4 5 }
	Port: myproject_axi : kernel_data_V_1_121 | {4 5 }
	Port: myproject_axi : kernel_data_V_1_122 | {4 5 }
	Port: myproject_axi : kernel_data_V_1_123 | {4 5 }
	Port: myproject_axi : kernel_data_V_1_124 | {4 5 }
	Port: myproject_axi : kernel_data_V_1_125 | {4 5 }
	Port: myproject_axi : kernel_data_V_1_126 | {4 5 }
	Port: myproject_axi : kernel_data_V_1_127 | {4 5 }
	Port: myproject_axi : kernel_data_V_1_192 | {4 5 }
	Port: myproject_axi : kernel_data_V_1_193 | {4 5 }
	Port: myproject_axi : kernel_data_V_1_194 | {4 5 }
	Port: myproject_axi : kernel_data_V_1_195 | {4 5 }
	Port: myproject_axi : kernel_data_V_1_196 | {4 5 }
	Port: myproject_axi : kernel_data_V_1_197 | {4 5 }
	Port: myproject_axi : kernel_data_V_1_198 | {4 5 }
	Port: myproject_axi : kernel_data_V_1_199 | {4 5 }
	Port: myproject_axi : kernel_data_V_1_200 | {4 5 }
	Port: myproject_axi : kernel_data_V_1_201 | {4 5 }
	Port: myproject_axi : kernel_data_V_1_202 | {4 5 }
	Port: myproject_axi : kernel_data_V_1_203 | {4 5 }
	Port: myproject_axi : kernel_data_V_1_204 | {4 5 }
	Port: myproject_axi : kernel_data_V_1_205 | {4 5 }
	Port: myproject_axi : kernel_data_V_1_206 | {4 5 }
	Port: myproject_axi : kernel_data_V_1_207 | {4 5 }
	Port: myproject_axi : kernel_data_V_1_208 | {4 5 }
	Port: myproject_axi : kernel_data_V_1_209 | {4 5 }
	Port: myproject_axi : kernel_data_V_1_210 | {4 5 }
	Port: myproject_axi : kernel_data_V_1_211 | {4 5 }
	Port: myproject_axi : kernel_data_V_1_212 | {4 5 }
	Port: myproject_axi : kernel_data_V_1_213 | {4 5 }
	Port: myproject_axi : kernel_data_V_1_214 | {4 5 }
	Port: myproject_axi : kernel_data_V_1_215 | {4 5 }
	Port: myproject_axi : kernel_data_V_1_216 | {4 5 }
	Port: myproject_axi : kernel_data_V_1_217 | {4 5 }
	Port: myproject_axi : kernel_data_V_1_218 | {4 5 }
	Port: myproject_axi : kernel_data_V_1_219 | {4 5 }
	Port: myproject_axi : kernel_data_V_1_220 | {4 5 }
	Port: myproject_axi : kernel_data_V_1_221 | {4 5 }
	Port: myproject_axi : kernel_data_V_1_222 | {4 5 }
	Port: myproject_axi : kernel_data_V_1_223 | {4 5 }
	Port: myproject_axi : w8_V | {4 5 }
	Port: myproject_axi : line_buffer_Array_V_1_0_0 | {4 5 }
	Port: myproject_axi : line_buffer_Array_V_1_0_1 | {4 5 }
	Port: myproject_axi : line_buffer_Array_V_1_0_2 | {4 5 }
	Port: myproject_axi : line_buffer_Array_V_1_0_3 | {4 5 }
	Port: myproject_axi : line_buffer_Array_V_1_0_4 | {4 5 }
	Port: myproject_axi : line_buffer_Array_V_1_0_5 | {4 5 }
	Port: myproject_axi : line_buffer_Array_V_1_0_6 | {4 5 }
	Port: myproject_axi : line_buffer_Array_V_1_0_7 | {4 5 }
	Port: myproject_axi : line_buffer_Array_V_1_0_8 | {4 5 }
	Port: myproject_axi : line_buffer_Array_V_1_0_9 | {4 5 }
	Port: myproject_axi : line_buffer_Array_V_1_0_10 | {4 5 }
	Port: myproject_axi : line_buffer_Array_V_1_0_11 | {4 5 }
	Port: myproject_axi : line_buffer_Array_V_1_0_12 | {4 5 }
	Port: myproject_axi : line_buffer_Array_V_1_0_13 | {4 5 }
	Port: myproject_axi : line_buffer_Array_V_1_0_14 | {4 5 }
	Port: myproject_axi : line_buffer_Array_V_1_0_15 | {4 5 }
	Port: myproject_axi : line_buffer_Array_V_1_0_16 | {4 5 }
	Port: myproject_axi : line_buffer_Array_V_1_0_17 | {4 5 }
	Port: myproject_axi : line_buffer_Array_V_1_0_18 | {4 5 }
	Port: myproject_axi : line_buffer_Array_V_1_0_19 | {4 5 }
	Port: myproject_axi : line_buffer_Array_V_1_0_20 | {4 5 }
	Port: myproject_axi : line_buffer_Array_V_1_0_21 | {4 5 }
	Port: myproject_axi : line_buffer_Array_V_1_0_22 | {4 5 }
	Port: myproject_axi : line_buffer_Array_V_1_0_23 | {4 5 }
	Port: myproject_axi : line_buffer_Array_V_1_0_24 | {4 5 }
	Port: myproject_axi : line_buffer_Array_V_1_0_25 | {4 5 }
	Port: myproject_axi : line_buffer_Array_V_1_0_26 | {4 5 }
	Port: myproject_axi : line_buffer_Array_V_1_0_27 | {4 5 }
	Port: myproject_axi : line_buffer_Array_V_1_0_28 | {4 5 }
	Port: myproject_axi : line_buffer_Array_V_1_0_29 | {4 5 }
	Port: myproject_axi : line_buffer_Array_V_1_0_30 | {4 5 }
	Port: myproject_axi : line_buffer_Array_V_1_0_31 | {4 5 }
	Port: myproject_axi : line_buffer_Array_V_1_1_0 | {4 5 }
	Port: myproject_axi : line_buffer_Array_V_1_1_1 | {4 5 }
	Port: myproject_axi : line_buffer_Array_V_1_1_2 | {4 5 }
	Port: myproject_axi : line_buffer_Array_V_1_1_3 | {4 5 }
	Port: myproject_axi : line_buffer_Array_V_1_1_4 | {4 5 }
	Port: myproject_axi : line_buffer_Array_V_1_1_5 | {4 5 }
	Port: myproject_axi : line_buffer_Array_V_1_1_6 | {4 5 }
	Port: myproject_axi : line_buffer_Array_V_1_1_7 | {4 5 }
	Port: myproject_axi : line_buffer_Array_V_1_1_8 | {4 5 }
	Port: myproject_axi : line_buffer_Array_V_1_1_9 | {4 5 }
	Port: myproject_axi : line_buffer_Array_V_1_1_10 | {4 5 }
	Port: myproject_axi : line_buffer_Array_V_1_1_11 | {4 5 }
	Port: myproject_axi : line_buffer_Array_V_1_1_12 | {4 5 }
	Port: myproject_axi : line_buffer_Array_V_1_1_13 | {4 5 }
	Port: myproject_axi : line_buffer_Array_V_1_1_14 | {4 5 }
	Port: myproject_axi : line_buffer_Array_V_1_1_15 | {4 5 }
	Port: myproject_axi : line_buffer_Array_V_1_1_16 | {4 5 }
	Port: myproject_axi : line_buffer_Array_V_1_1_17 | {4 5 }
	Port: myproject_axi : line_buffer_Array_V_1_1_18 | {4 5 }
	Port: myproject_axi : line_buffer_Array_V_1_1_19 | {4 5 }
	Port: myproject_axi : line_buffer_Array_V_1_1_20 | {4 5 }
	Port: myproject_axi : line_buffer_Array_V_1_1_21 | {4 5 }
	Port: myproject_axi : line_buffer_Array_V_1_1_22 | {4 5 }
	Port: myproject_axi : line_buffer_Array_V_1_1_23 | {4 5 }
	Port: myproject_axi : line_buffer_Array_V_1_1_24 | {4 5 }
	Port: myproject_axi : line_buffer_Array_V_1_1_25 | {4 5 }
	Port: myproject_axi : line_buffer_Array_V_1_1_26 | {4 5 }
	Port: myproject_axi : line_buffer_Array_V_1_1_27 | {4 5 }
	Port: myproject_axi : line_buffer_Array_V_1_1_28 | {4 5 }
	Port: myproject_axi : line_buffer_Array_V_1_1_29 | {4 5 }
	Port: myproject_axi : line_buffer_Array_V_1_1_30 | {4 5 }
	Port: myproject_axi : line_buffer_Array_V_1_1_31 | {4 5 }
	Port: myproject_axi : w12_V | {4 5 }
  - Chain level:
	State 1
	State 2
	State 3
	State 4
	State 5
	State 6
	State 7
	State 8
	State 9


============================================================
+ Verbose Summary: Datapath Resource usage 
============================================================

* Functional unit list:
|----------|--------------------------------------------------|---------|---------|---------|---------|---------|---------|
| Operation|                  Functional Unit                 |   BRAM  |  DSP48E |  Delay  |    FF   |   LUT   |   URAM  |
|----------|--------------------------------------------------|---------|---------|---------|---------|---------|---------|
|          |               grp_myproject_fu_1684              |    64   |    0    |  3757.4 |  61835  |  33194  |    0    |
|   call   |            grp_Loop_1_proc195_fu_3213            |    0    |    0    |  3.538  |   290   |   931   |    0    |
|          |              grp_Loop_2_proc_fu_3224             |    0    |    0    |  1.769  |   267   |   842   |    0    |
|          | call_ln0_Block_myproject_axi_exit50_proc_fu_3243 |    0    |    0    |    0    |    0    |    0    |    0    |
|----------|--------------------------------------------------|---------|---------|---------|---------|---------|---------|
|   Total  |                                                  |    64   |    0    | 3762.71 |  62392  |  34967  |    0    |
|----------|--------------------------------------------------|---------|---------|---------|---------|---------|---------|

Memories:
+---------------------------+--------+--------+--------+
|                           |  BRAM  |   FF   |   LUT  |
+---------------------------+--------+--------+--------+
|  line_buffer_Array_V_0_0  |    0   |   64   |   32   |
|  line_buffer_Array_V_0_1  |    0   |   64   |   32   |
|  line_buffer_Array_V_0_10 |    0   |   64   |   32   |
|  line_buffer_Array_V_0_11 |    0   |   64   |   32   |
|  line_buffer_Array_V_0_12 |    0   |   64   |   32   |
|  line_buffer_Array_V_0_13 |    0   |   64   |   32   |
|  line_buffer_Array_V_0_14 |    0   |   64   |   32   |
|  line_buffer_Array_V_0_15 |    0   |   64   |   32   |
|  line_buffer_Array_V_0_16 |    0   |   64   |   32   |
|  line_buffer_Array_V_0_17 |    0   |   64   |   32   |
|  line_buffer_Array_V_0_18 |    0   |   64   |   32   |
|  line_buffer_Array_V_0_19 |    0   |   64   |   32   |
|  line_buffer_Array_V_0_2  |    0   |   64   |   32   |
|  line_buffer_Array_V_0_20 |    0   |   64   |   32   |
|  line_buffer_Array_V_0_21 |    0   |   64   |   32   |
|  line_buffer_Array_V_0_22 |    0   |   64   |   32   |
|  line_buffer_Array_V_0_23 |    0   |   64   |   32   |
|  line_buffer_Array_V_0_24 |    0   |   64   |   32   |
|  line_buffer_Array_V_0_25 |    0   |   64   |   32   |
|  line_buffer_Array_V_0_26 |    0   |   64   |   32   |
|  line_buffer_Array_V_0_27 |    0   |   64   |   32   |
|  line_buffer_Array_V_0_28 |    0   |   64   |   32   |
|  line_buffer_Array_V_0_29 |    0   |   64   |   32   |
|  line_buffer_Array_V_0_3  |    0   |   64   |   32   |
|  line_buffer_Array_V_0_30 |    0   |   64   |   32   |
|  line_buffer_Array_V_0_31 |    0   |   64   |   32   |
|  line_buffer_Array_V_0_4  |    0   |   64   |   32   |
|  line_buffer_Array_V_0_5  |    0   |   64   |   32   |
|  line_buffer_Array_V_0_6  |    0   |   64   |   32   |
|  line_buffer_Array_V_0_7  |    0   |   64   |   32   |
|  line_buffer_Array_V_0_8  |    0   |   64   |   32   |
|  line_buffer_Array_V_0_9  |    0   |   64   |   32   |
| line_buffer_Array_V_1168_0|    0   |   64   |   32   |
| line_buffer_Array_V_1168_1|    0   |   64   |   32   |
|line_buffer_Array_V_1168_10|    0   |   64   |   32   |
|line_buffer_Array_V_1168_11|    0   |   64   |   32   |
|line_buffer_Array_V_1168_12|    0   |   64   |   32   |
|line_buffer_Array_V_1168_13|    0   |   64   |   32   |
|line_buffer_Array_V_1168_14|    0   |   64   |   32   |
|line_buffer_Array_V_1168_15|    0   |   64   |   32   |
|line_buffer_Array_V_1168_16|    0   |   64   |   32   |
|line_buffer_Array_V_1168_17|    0   |   64   |   32   |
|line_buffer_Array_V_1168_18|    0   |   64   |   32   |
|line_buffer_Array_V_1168_19|    0   |   64   |   32   |
| line_buffer_Array_V_1168_2|    0   |   64   |   32   |
|line_buffer_Array_V_1168_20|    0   |   64   |   32   |
|line_buffer_Array_V_1168_21|    0   |   64   |   32   |
|line_buffer_Array_V_1168_22|    0   |   64   |   32   |
|line_buffer_Array_V_1168_23|    0   |   64   |   32   |
|line_buffer_Array_V_1168_24|    0   |   64   |   32   |
|line_buffer_Array_V_1168_25|    0   |   64   |   32   |
|line_buffer_Array_V_1168_26|    0   |   64   |   32   |
|line_buffer_Array_V_1168_27|    0   |   64   |   32   |
|line_buffer_Array_V_1168_28|    0   |   64   |   32   |
|line_buffer_Array_V_1168_29|    0   |   64   |   32   |
| line_buffer_Array_V_1168_3|    0   |   64   |   32   |
|line_buffer_Array_V_1168_30|    0   |   64   |   32   |
|line_buffer_Array_V_1168_31|    0   |   64   |   32   |
| line_buffer_Array_V_1168_4|    0   |   64   |   32   |
| line_buffer_Array_V_1168_5|    0   |   64   |   32   |
| line_buffer_Array_V_1168_6|    0   |   64   |   32   |
| line_buffer_Array_V_1168_7|    0   |   64   |   32   |
| line_buffer_Array_V_1168_8|    0   |   64   |   32   |
| line_buffer_Array_V_1168_9|    0   |   64   |   32   |
| line_buffer_Array_V_1_0_0 |    0   |   64   |   32   |
| line_buffer_Array_V_1_0_1 |    0   |   64   |   32   |
| line_buffer_Array_V_1_0_10|    0   |   64   |   32   |
| line_buffer_Array_V_1_0_11|    0   |   64   |   32   |
| line_buffer_Array_V_1_0_12|    0   |   64   |   32   |
| line_buffer_Array_V_1_0_13|    0   |   64   |   32   |
| line_buffer_Array_V_1_0_14|    0   |   64   |   32   |
| line_buffer_Array_V_1_0_15|    0   |   64   |   32   |
| line_buffer_Array_V_1_0_16|    0   |   64   |   32   |
| line_buffer_Array_V_1_0_17|    0   |   64   |   32   |
| line_buffer_Array_V_1_0_18|    0   |   64   |   32   |
| line_buffer_Array_V_1_0_19|    0   |   64   |   32   |
| line_buffer_Array_V_1_0_2 |    0   |   64   |   32   |
| line_buffer_Array_V_1_0_20|    0   |   64   |   32   |
| line_buffer_Array_V_1_0_21|    0   |   64   |   32   |
| line_buffer_Array_V_1_0_22|    0   |   64   |   32   |
| line_buffer_Array_V_1_0_23|    0   |   64   |   32   |
| line_buffer_Array_V_1_0_24|    0   |   64   |   32   |
| line_buffer_Array_V_1_0_25|    0   |   64   |   32   |
| line_buffer_Array_V_1_0_26|    0   |   64   |   32   |
| line_buffer_Array_V_1_0_27|    0   |   64   |   32   |
| line_buffer_Array_V_1_0_28|    0   |   64   |   32   |
| line_buffer_Array_V_1_0_29|    0   |   64   |   32   |
| line_buffer_Array_V_1_0_3 |    0   |   64   |   32   |
| line_buffer_Array_V_1_0_30|    0   |   64   |   32   |
| line_buffer_Array_V_1_0_31|    0   |   64   |   32   |
| line_buffer_Array_V_1_0_4 |    0   |   64   |   32   |
| line_buffer_Array_V_1_0_5 |    0   |   64   |   32   |
| line_buffer_Array_V_1_0_6 |    0   |   64   |   32   |
| line_buffer_Array_V_1_0_7 |    0   |   64   |   32   |
| line_buffer_Array_V_1_0_8 |    0   |   64   |   32   |
| line_buffer_Array_V_1_0_9 |    0   |   64   |   32   |
| line_buffer_Array_V_1_1_0 |    0   |   64   |   32   |
| line_buffer_Array_V_1_1_1 |    0   |   64   |   32   |
| line_buffer_Array_V_1_1_10|    0   |   64   |   32   |
| line_buffer_Array_V_1_1_11|    0   |   64   |   32   |
| line_buffer_Array_V_1_1_12|    0   |   64   |   32   |
| line_buffer_Array_V_1_1_13|    0   |   64   |   32   |
| line_buffer_Array_V_1_1_14|    0   |   64   |   32   |
| line_buffer_Array_V_1_1_15|    0   |   64   |   32   |
| line_buffer_Array_V_1_1_16|    0   |   64   |   32   |
| line_buffer_Array_V_1_1_17|    0   |   64   |   32   |
| line_buffer_Array_V_1_1_18|    0   |   64   |   32   |
| line_buffer_Array_V_1_1_19|    0   |   64   |   32   |
| line_buffer_Array_V_1_1_2 |    0   |   64   |   32   |
| line_buffer_Array_V_1_1_20|    0   |   64   |   32   |
| line_buffer_Array_V_1_1_21|    0   |   64   |   32   |
| line_buffer_Array_V_1_1_22|    0   |   64   |   32   |
| line_buffer_Array_V_1_1_23|    0   |   64   |   32   |
| line_buffer_Array_V_1_1_24|    0   |   64   |   32   |
| line_buffer_Array_V_1_1_25|    0   |   64   |   32   |
| line_buffer_Array_V_1_1_26|    0   |   64   |   32   |
| line_buffer_Array_V_1_1_27|    0   |   64   |   32   |
| line_buffer_Array_V_1_1_28|    0   |   64   |   32   |
| line_buffer_Array_V_1_1_29|    0   |   64   |   32   |
| line_buffer_Array_V_1_1_3 |    0   |   64   |   32   |
| line_buffer_Array_V_1_1_30|    0   |   64   |   32   |
| line_buffer_Array_V_1_1_31|    0   |   64   |   32   |
| line_buffer_Array_V_1_1_4 |    0   |   64   |   32   |
| line_buffer_Array_V_1_1_5 |    0   |   64   |   32   |
| line_buffer_Array_V_1_1_6 |    0   |   64   |   32   |
| line_buffer_Array_V_1_1_7 |    0   |   64   |   32   |
| line_buffer_Array_V_1_1_8 |    0   |   64   |   32   |
| line_buffer_Array_V_1_1_9 |    0   |   64   |   32   |
| line_buffer_Array_V_2_0_0 |    0   |   64   |   32   |
| line_buffer_Array_V_2_0_1 |    0   |   64   |   32   |
| line_buffer_Array_V_2_0_2 |    0   |   64   |   32   |
| line_buffer_Array_V_2_1_0 |    0   |   64   |   32   |
| line_buffer_Array_V_2_1_1 |    0   |   64   |   32   |
| line_buffer_Array_V_2_1_2 |    0   |   64   |   32   |
|           outidx          |    5   |    0   |    0   |
|          outidx2          |    5   |    0   |    0   |
|          outidx4          |    1   |    0   |    0   |
|           w12_V           |   14   |    0   |    0   |
|            w2_V           |    1   |    0   |    0   |
|            w5_V           |    7   |    0   |    0   |
|            w8_V           |    4   |    0   |    0   |
+---------------------------+--------+--------+--------+
|           Total           |   37   |  8576  |  4288  |
+---------------------------+--------+--------+--------+

* Register list:
+--------------------------------+--------+
|                                |   FF   |
+--------------------------------+--------+
|  in_local_V_data_0_V_reg_3267  |    8   |
|  in_local_V_data_1_V_reg_3273  |    8   |
|  in_local_V_data_2_V_reg_3279  |    8   |
|is_last_0_i_loc_channel_reg_3405|    1   |
|  out_local_V_data_0_V_reg_3285 |   14   |
|  out_local_V_data_1_V_reg_3291 |   14   |
|  out_local_V_data_2_V_reg_3297 |   14   |
|  out_local_V_data_3_V_reg_3303 |   14   |
|  out_local_V_data_4_V_reg_3309 |   14   |
|  out_local_V_data_5_V_reg_3315 |   14   |
|  out_local_V_data_6_V_reg_3321 |   14   |
|  out_local_V_data_7_V_reg_3327 |   14   |
|  out_local_V_data_8_V_reg_3333 |   14   |
|  out_local_V_data_9_V_reg_3339 |   14   |
|      tmp_data_V_0_reg_3345     |   14   |
|      tmp_data_V_1_reg_3351     |   14   |
|      tmp_data_V_2_reg_3357     |   14   |
|      tmp_data_V_3_reg_3363     |   14   |
|      tmp_data_V_4_reg_3369     |   14   |
|      tmp_data_V_5_reg_3375     |   14   |
|      tmp_data_V_6_reg_3381     |   14   |
|      tmp_data_V_7_reg_3387     |   14   |
|      tmp_data_V_8_reg_3393     |   14   |
|      tmp_data_V_9_reg_3399     |   14   |
+--------------------------------+--------+
|              Total             |   305  |
+--------------------------------+--------+

* Multiplexer (MUX) list: 
|--------|------|------|------|--------|
|  Comp  |  Pin | Size |  BW  | S x BW |
|--------|------|------|------|--------|
|  Total |      |      |      |    0   |
|--------|------|------|------|--------|



* Summary:
+-----------+--------+--------+--------+--------+--------+--------+
|           |  BRAM  | DSP48E |  Delay |   FF   |   LUT  |  URAM  |
+-----------+--------+--------+--------+--------+--------+--------+
|  Function |   64   |    0   |  3762  |  62392 |  34967 |    0   |
|   Memory  |   37   |    -   |    -   |  8576  |  4288  |    -   |
|Multiplexer|    -   |    -   |    -   |    -   |    -   |    -   |
|  Register |    -   |    -   |    -   |   305  |    -   |    -   |
+-----------+--------+--------+--------+--------+--------+--------+
|   Total   |   101  |    0   |  3762  |  71273 |  39255 |    0   |
+-----------+--------+--------+--------+--------+--------+--------+
