

================================================================
== Vivado HLS Report for 'relu_array_ap_fixed_32u_array_ap_fixed_8_4_0_0_0_32u_relu_config10_s'
================================================================
* Date:           Thu Jul 11 17:08:27 2024

* Version:        2020.1 (Build 2897737 on Wed May 27 20:21:37 MDT 2020)
* Project:        myproject_prj
* Solution:       solution1
* Product family: zynq
* Target device:  xc7z020-clg400-1


================================================================
== Performance Estimates
================================================================
+ Timing: 
    * Summary: 
    +--------+----------+----------+------------+
    |  Clock |  Target  | Estimated| Uncertainty|
    +--------+----------+----------+------------+
    |ap_clk  | 10.00 ns | 7.535 ns |   1.25 ns  |
    +--------+----------+----------+------------+

+ Latency: 
    * Summary: 
    +---------+---------+----------+----------+-----+-----+---------+
    |  Latency (cycles) |  Latency (absolute) |  Interval | Pipeline|
    |   min   |   max   |    min   |    max   | min | max |   Type  |
    +---------+---------+----------+----------+-----+-----+---------+
    |       67|       67| 0.670 us | 0.670 us |   67|   67|   none  |
    +---------+---------+----------+----------+-----+-----+---------+

    + Detail: 
        * Instance: 
        N/A

        * Loop: 
        +---------------+---------+---------+----------+-----------+-----------+------+----------+
        |               |  Latency (cycles) | Iteration|  Initiation Interval  | Trip |          |
        |   Loop Name   |   min   |   max   |  Latency |  achieved |   target  | Count| Pipelined|
        +---------------+---------+---------+----------+-----------+-----------+------+----------+
        |- ReLUActLoop  |       65|       65|         3|          1|          1|    64|    yes   |
        +---------------+---------+---------+----------+-----------+-----------+------+----------+



================================================================
== Utilization Estimates
================================================================
* Summary: 
+-----------------+---------+-------+--------+-------+-----+
|       Name      | BRAM_18K| DSP48E|   FF   |  LUT  | URAM|
+-----------------+---------+-------+--------+-------+-----+
|DSP              |        -|      -|       -|      -|    -|
|Expression       |        -|      -|       0|   2762|    -|
|FIFO             |        -|      -|       -|      -|    -|
|Instance         |        -|      -|       -|      -|    -|
|Memory           |        -|      -|       -|      -|    -|
|Multiplexer      |        -|      -|       -|    642|    -|
|Register         |        -|      -|     241|      -|    -|
+-----------------+---------+-------+--------+-------+-----+
|Total            |        0|      0|     241|   3404|    0|
+-----------------+---------+-------+--------+-------+-----+
|Available        |      280|    220|  106400|  53200|    0|
+-----------------+---------+-------+--------+-------+-----+
|Utilization (%)  |        0|      0|   ~0   |      6|    0|
+-----------------+---------+-------+--------+-------+-----+

+ Detail: 
    * Instance: 
    N/A

    * DSP48E: 
    N/A

    * Memory: 
    N/A

    * FIFO: 
    N/A

    * Expression: 
    +----------------------------------+----------+-------+---+----+------------+------------+
    |           Variable Name          | Operation| DSP48E| FF| LUT| Bitwidth P0| Bitwidth P1|
    +----------------------------------+----------+-------+---+----+------------+------------+
    |add_ln415_63_fu_717_p2            |     +    |      0|  0|  15|           8|           8|
    |add_ln415_64_fu_865_p2            |     +    |      0|  0|  15|           8|           8|
    |add_ln415_65_fu_1013_p2           |     +    |      0|  0|  15|           8|           8|
    |add_ln415_66_fu_1161_p2           |     +    |      0|  0|  15|           8|           8|
    |add_ln415_67_fu_1309_p2           |     +    |      0|  0|  15|           8|           8|
    |add_ln415_68_fu_1457_p2           |     +    |      0|  0|  15|           8|           8|
    |add_ln415_69_fu_1605_p2           |     +    |      0|  0|  15|           8|           8|
    |add_ln415_70_fu_1753_p2           |     +    |      0|  0|  15|           8|           8|
    |add_ln415_71_fu_1901_p2           |     +    |      0|  0|  15|           8|           8|
    |add_ln415_72_fu_2049_p2           |     +    |      0|  0|  15|           8|           8|
    |add_ln415_73_fu_2197_p2           |     +    |      0|  0|  15|           8|           8|
    |add_ln415_74_fu_2345_p2           |     +    |      0|  0|  15|           8|           8|
    |add_ln415_75_fu_2493_p2           |     +    |      0|  0|  15|           8|           8|
    |add_ln415_76_fu_2641_p2           |     +    |      0|  0|  15|           8|           8|
    |add_ln415_77_fu_2789_p2           |     +    |      0|  0|  15|           8|           8|
    |add_ln415_78_fu_2937_p2           |     +    |      0|  0|  15|           8|           8|
    |add_ln415_79_fu_3085_p2           |     +    |      0|  0|  15|           8|           8|
    |add_ln415_80_fu_3233_p2           |     +    |      0|  0|  15|           8|           8|
    |add_ln415_81_fu_3381_p2           |     +    |      0|  0|  15|           8|           8|
    |add_ln415_82_fu_3529_p2           |     +    |      0|  0|  15|           8|           8|
    |add_ln415_83_fu_3677_p2           |     +    |      0|  0|  15|           8|           8|
    |add_ln415_84_fu_3825_p2           |     +    |      0|  0|  15|           8|           8|
    |add_ln415_85_fu_3973_p2           |     +    |      0|  0|  15|           8|           8|
    |add_ln415_86_fu_4121_p2           |     +    |      0|  0|  15|           8|           8|
    |add_ln415_87_fu_4269_p2           |     +    |      0|  0|  15|           8|           8|
    |add_ln415_88_fu_4417_p2           |     +    |      0|  0|  15|           8|           8|
    |add_ln415_89_fu_4565_p2           |     +    |      0|  0|  15|           8|           8|
    |add_ln415_90_fu_4713_p2           |     +    |      0|  0|  15|           8|           8|
    |add_ln415_91_fu_4861_p2           |     +    |      0|  0|  15|           8|           8|
    |add_ln415_92_fu_5009_p2           |     +    |      0|  0|  15|           8|           8|
    |add_ln415_93_fu_5157_p2           |     +    |      0|  0|  15|           8|           8|
    |add_ln415_fu_569_p2               |     +    |      0|  0|  15|           8|           8|
    |add_ln416_63_fu_723_p2            |     +    |      0|  0|  15|           7|           7|
    |add_ln416_64_fu_871_p2            |     +    |      0|  0|  15|           7|           7|
    |add_ln416_65_fu_1019_p2           |     +    |      0|  0|  15|           7|           7|
    |add_ln416_66_fu_1167_p2           |     +    |      0|  0|  15|           7|           7|
    |add_ln416_67_fu_1315_p2           |     +    |      0|  0|  15|           7|           7|
    |add_ln416_68_fu_1463_p2           |     +    |      0|  0|  15|           7|           7|
    |add_ln416_69_fu_1611_p2           |     +    |      0|  0|  15|           7|           7|
    |add_ln416_70_fu_1759_p2           |     +    |      0|  0|  15|           7|           7|
    |add_ln416_71_fu_1907_p2           |     +    |      0|  0|  15|           7|           7|
    |add_ln416_72_fu_2055_p2           |     +    |      0|  0|  15|           7|           7|
    |add_ln416_73_fu_2203_p2           |     +    |      0|  0|  15|           7|           7|
    |add_ln416_74_fu_2351_p2           |     +    |      0|  0|  15|           7|           7|
    |add_ln416_75_fu_2499_p2           |     +    |      0|  0|  15|           7|           7|
    |add_ln416_76_fu_2647_p2           |     +    |      0|  0|  15|           7|           7|
    |add_ln416_77_fu_2795_p2           |     +    |      0|  0|  15|           7|           7|
    |add_ln416_78_fu_2943_p2           |     +    |      0|  0|  15|           7|           7|
    |add_ln416_79_fu_3091_p2           |     +    |      0|  0|  15|           7|           7|
    |add_ln416_80_fu_3239_p2           |     +    |      0|  0|  15|           7|           7|
    |add_ln416_81_fu_3387_p2           |     +    |      0|  0|  15|           7|           7|
    |add_ln416_82_fu_3535_p2           |     +    |      0|  0|  15|           7|           7|
    |add_ln416_83_fu_3683_p2           |     +    |      0|  0|  15|           7|           7|
    |add_ln416_84_fu_3831_p2           |     +    |      0|  0|  15|           7|           7|
    |add_ln416_85_fu_3979_p2           |     +    |      0|  0|  15|           7|           7|
    |add_ln416_86_fu_4127_p2           |     +    |      0|  0|  15|           7|           7|
    |add_ln416_87_fu_4275_p2           |     +    |      0|  0|  15|           7|           7|
    |add_ln416_88_fu_4423_p2           |     +    |      0|  0|  15|           7|           7|
    |add_ln416_89_fu_4571_p2           |     +    |      0|  0|  15|           7|           7|
    |add_ln416_90_fu_4719_p2           |     +    |      0|  0|  15|           7|           7|
    |add_ln416_91_fu_4867_p2           |     +    |      0|  0|  15|           7|           7|
    |add_ln416_92_fu_5015_p2           |     +    |      0|  0|  15|           7|           7|
    |add_ln416_93_fu_5163_p2           |     +    |      0|  0|  15|           7|           7|
    |add_ln416_fu_575_p2               |     +    |      0|  0|  15|           7|           7|
    |i_fu_385_p2                       |     +    |      0|  0|  15|           7|           1|
    |and_ln416_63_fu_743_p2            |    and   |      0|  0|   2|           1|           1|
    |and_ln416_64_fu_891_p2            |    and   |      0|  0|   2|           1|           1|
    |and_ln416_65_fu_1039_p2           |    and   |      0|  0|   2|           1|           1|
    |and_ln416_66_fu_1187_p2           |    and   |      0|  0|   2|           1|           1|
    |and_ln416_67_fu_1335_p2           |    and   |      0|  0|   2|           1|           1|
    |and_ln416_68_fu_1483_p2           |    and   |      0|  0|   2|           1|           1|
    |and_ln416_69_fu_1631_p2           |    and   |      0|  0|   2|           1|           1|
    |and_ln416_70_fu_1779_p2           |    and   |      0|  0|   2|           1|           1|
    |and_ln416_71_fu_1927_p2           |    and   |      0|  0|   2|           1|           1|
    |and_ln416_72_fu_2075_p2           |    and   |      0|  0|   2|           1|           1|
    |and_ln416_73_fu_2223_p2           |    and   |      0|  0|   2|           1|           1|
    |and_ln416_74_fu_2371_p2           |    and   |      0|  0|   2|           1|           1|
    |and_ln416_75_fu_2519_p2           |    and   |      0|  0|   2|           1|           1|
    |and_ln416_76_fu_2667_p2           |    and   |      0|  0|   2|           1|           1|
    |and_ln416_77_fu_2815_p2           |    and   |      0|  0|   2|           1|           1|
    |and_ln416_78_fu_2963_p2           |    and   |      0|  0|   2|           1|           1|
    |and_ln416_79_fu_3111_p2           |    and   |      0|  0|   2|           1|           1|
    |and_ln416_80_fu_3259_p2           |    and   |      0|  0|   2|           1|           1|
    |and_ln416_81_fu_3407_p2           |    and   |      0|  0|   2|           1|           1|
    |and_ln416_82_fu_3555_p2           |    and   |      0|  0|   2|           1|           1|
    |and_ln416_83_fu_3703_p2           |    and   |      0|  0|   2|           1|           1|
    |and_ln416_84_fu_3851_p2           |    and   |      0|  0|   2|           1|           1|
    |and_ln416_85_fu_3999_p2           |    and   |      0|  0|   2|           1|           1|
    |and_ln416_86_fu_4147_p2           |    and   |      0|  0|   2|           1|           1|
    |and_ln416_87_fu_4295_p2           |    and   |      0|  0|   2|           1|           1|
    |and_ln416_88_fu_4443_p2           |    and   |      0|  0|   2|           1|           1|
    |and_ln416_89_fu_4591_p2           |    and   |      0|  0|   2|           1|           1|
    |and_ln416_90_fu_4739_p2           |    and   |      0|  0|   2|           1|           1|
    |and_ln416_91_fu_4887_p2           |    and   |      0|  0|   2|           1|           1|
    |and_ln416_92_fu_5035_p2           |    and   |      0|  0|   2|           1|           1|
    |and_ln416_93_fu_5183_p2           |    and   |      0|  0|   2|           1|           1|
    |and_ln416_fu_595_p2               |    and   |      0|  0|   2|           1|           1|
    |ap_block_state3_pp0_stage0_iter1  |    and   |      0|  0|   2|           1|           1|
    |ap_block_state4_pp0_stage0_iter2  |    and   |      0|  0|   2|           1|           1|
    |io_acc_block_signal_op76          |    and   |      0|  0|   2|           1|           1|
    |io_acc_block_signal_op816         |    and   |      0|  0|   2|           1|           1|
    |icmp_ln1494_10_fu_1999_p2         |   icmp   |      0|  0|  13|          14|           1|
    |icmp_ln1494_11_fu_2147_p2         |   icmp   |      0|  0|  13|          14|           1|
    |icmp_ln1494_12_fu_2295_p2         |   icmp   |      0|  0|  13|          14|           1|
    |icmp_ln1494_13_fu_2443_p2         |   icmp   |      0|  0|  13|          14|           1|
    |icmp_ln1494_14_fu_2591_p2         |   icmp   |      0|  0|  13|          14|           1|
    |icmp_ln1494_15_fu_2739_p2         |   icmp   |      0|  0|  13|          14|           1|
    |icmp_ln1494_16_fu_2887_p2         |   icmp   |      0|  0|  13|          14|           1|
    |icmp_ln1494_17_fu_3035_p2         |   icmp   |      0|  0|  13|          14|           1|
    |icmp_ln1494_18_fu_3183_p2         |   icmp   |      0|  0|  13|          14|           1|
    |icmp_ln1494_19_fu_3331_p2         |   icmp   |      0|  0|  13|          14|           1|
    |icmp_ln1494_1_fu_667_p2           |   icmp   |      0|  0|  13|          14|           1|
    |icmp_ln1494_20_fu_3479_p2         |   icmp   |      0|  0|  13|          14|           1|
    |icmp_ln1494_21_fu_3627_p2         |   icmp   |      0|  0|  13|          14|           1|
    |icmp_ln1494_22_fu_3775_p2         |   icmp   |      0|  0|  13|          14|           1|
    |icmp_ln1494_23_fu_3923_p2         |   icmp   |      0|  0|  13|          14|           1|
    |icmp_ln1494_24_fu_4071_p2         |   icmp   |      0|  0|  13|          14|           1|
    |icmp_ln1494_25_fu_4219_p2         |   icmp   |      0|  0|  13|          14|           1|
    |icmp_ln1494_26_fu_4367_p2         |   icmp   |      0|  0|  13|          14|           1|
    |icmp_ln1494_27_fu_4515_p2         |   icmp   |      0|  0|  13|          14|           1|
    |icmp_ln1494_28_fu_4663_p2         |   icmp   |      0|  0|  13|          14|           1|
    |icmp_ln1494_29_fu_4811_p2         |   icmp   |      0|  0|  13|          14|           1|
    |icmp_ln1494_2_fu_815_p2           |   icmp   |      0|  0|  13|          14|           1|
    |icmp_ln1494_30_fu_4959_p2         |   icmp   |      0|  0|  13|          14|           1|
    |icmp_ln1494_31_fu_5107_p2         |   icmp   |      0|  0|  13|          14|           1|
    |icmp_ln1494_3_fu_963_p2           |   icmp   |      0|  0|  13|          14|           1|
    |icmp_ln1494_4_fu_1111_p2          |   icmp   |      0|  0|  13|          14|           1|
    |icmp_ln1494_5_fu_1259_p2          |   icmp   |      0|  0|  13|          14|           1|
    |icmp_ln1494_6_fu_1407_p2          |   icmp   |      0|  0|  13|          14|           1|
    |icmp_ln1494_7_fu_1555_p2          |   icmp   |      0|  0|  13|          14|           1|
    |icmp_ln1494_8_fu_1703_p2          |   icmp   |      0|  0|  13|          14|           1|
    |icmp_ln1494_9_fu_1851_p2          |   icmp   |      0|  0|  13|          14|           1|
    |icmp_ln1494_fu_519_p2             |   icmp   |      0|  0|  13|          14|           1|
    |icmp_ln41_fu_379_p2               |   icmp   |      0|  0|  11|           7|           8|
    |icmp_ln768_63_fu_773_p2           |   icmp   |      0|  0|   9|           4|           1|
    |icmp_ln768_64_fu_921_p2           |   icmp   |      0|  0|   9|           4|           1|
    |icmp_ln768_65_fu_1069_p2          |   icmp   |      0|  0|   9|           4|           1|
    |icmp_ln768_66_fu_1217_p2          |   icmp   |      0|  0|   9|           4|           1|
    |icmp_ln768_67_fu_1365_p2          |   icmp   |      0|  0|   9|           4|           1|
    |icmp_ln768_68_fu_1513_p2          |   icmp   |      0|  0|   9|           4|           1|
    |icmp_ln768_69_fu_1661_p2          |   icmp   |      0|  0|   9|           4|           1|
    |icmp_ln768_70_fu_1809_p2          |   icmp   |      0|  0|   9|           4|           1|
    |icmp_ln768_71_fu_1957_p2          |   icmp   |      0|  0|   9|           4|           1|
    |icmp_ln768_72_fu_2105_p2          |   icmp   |      0|  0|   9|           4|           1|
    |icmp_ln768_73_fu_2253_p2          |   icmp   |      0|  0|   9|           4|           1|
    |icmp_ln768_74_fu_2401_p2          |   icmp   |      0|  0|   9|           4|           1|
    |icmp_ln768_75_fu_2549_p2          |   icmp   |      0|  0|   9|           4|           1|
    |icmp_ln768_76_fu_2697_p2          |   icmp   |      0|  0|   9|           4|           1|
    |icmp_ln768_77_fu_2845_p2          |   icmp   |      0|  0|   9|           4|           1|
    |icmp_ln768_78_fu_2993_p2          |   icmp   |      0|  0|   9|           4|           1|
    |icmp_ln768_79_fu_3141_p2          |   icmp   |      0|  0|   9|           4|           1|
    |icmp_ln768_80_fu_3289_p2          |   icmp   |      0|  0|   9|           4|           1|
    |icmp_ln768_81_fu_3437_p2          |   icmp   |      0|  0|   9|           4|           1|
    |icmp_ln768_82_fu_3585_p2          |   icmp   |      0|  0|   9|           4|           1|
    |icmp_ln768_83_fu_3733_p2          |   icmp   |      0|  0|   9|           4|           1|
    |icmp_ln768_84_fu_3881_p2          |   icmp   |      0|  0|   9|           4|           1|
    |icmp_ln768_85_fu_4029_p2          |   icmp   |      0|  0|   9|           4|           1|
    |icmp_ln768_86_fu_4177_p2          |   icmp   |      0|  0|   9|           4|           1|
    |icmp_ln768_87_fu_4325_p2          |   icmp   |      0|  0|   9|           4|           1|
    |icmp_ln768_88_fu_4473_p2          |   icmp   |      0|  0|   9|           4|           1|
    |icmp_ln768_89_fu_4621_p2          |   icmp   |      0|  0|   9|           4|           1|
    |icmp_ln768_90_fu_4769_p2          |   icmp   |      0|  0|   9|           4|           1|
    |icmp_ln768_91_fu_4917_p2          |   icmp   |      0|  0|   9|           4|           1|
    |icmp_ln768_92_fu_5065_p2          |   icmp   |      0|  0|   9|           4|           1|
    |icmp_ln768_93_fu_5213_p2          |   icmp   |      0|  0|   9|           4|           1|
    |icmp_ln768_fu_625_p2              |   icmp   |      0|  0|   9|           4|           1|
    |icmp_ln879_63_fu_767_p2           |   icmp   |      0|  0|   9|           4|           2|
    |icmp_ln879_64_fu_915_p2           |   icmp   |      0|  0|   9|           4|           2|
    |icmp_ln879_65_fu_1063_p2          |   icmp   |      0|  0|   9|           4|           2|
    |icmp_ln879_66_fu_1211_p2          |   icmp   |      0|  0|   9|           4|           2|
    |icmp_ln879_67_fu_1359_p2          |   icmp   |      0|  0|   9|           4|           2|
    |icmp_ln879_68_fu_1507_p2          |   icmp   |      0|  0|   9|           4|           2|
    |icmp_ln879_69_fu_1655_p2          |   icmp   |      0|  0|   9|           4|           2|
    |icmp_ln879_70_fu_1803_p2          |   icmp   |      0|  0|   9|           4|           2|
    |icmp_ln879_71_fu_1951_p2          |   icmp   |      0|  0|   9|           4|           2|
    |icmp_ln879_72_fu_2099_p2          |   icmp   |      0|  0|   9|           4|           2|
    |icmp_ln879_73_fu_2247_p2          |   icmp   |      0|  0|   9|           4|           2|
    |icmp_ln879_74_fu_2395_p2          |   icmp   |      0|  0|   9|           4|           2|
    |icmp_ln879_75_fu_2543_p2          |   icmp   |      0|  0|   9|           4|           2|
    |icmp_ln879_76_fu_2691_p2          |   icmp   |      0|  0|   9|           4|           2|
    |icmp_ln879_77_fu_2839_p2          |   icmp   |      0|  0|   9|           4|           2|
    |icmp_ln879_78_fu_2987_p2          |   icmp   |      0|  0|   9|           4|           2|
    |icmp_ln879_79_fu_3135_p2          |   icmp   |      0|  0|   9|           4|           2|
    |icmp_ln879_80_fu_3283_p2          |   icmp   |      0|  0|   9|           4|           2|
    |icmp_ln879_81_fu_3431_p2          |   icmp   |      0|  0|   9|           4|           2|
    |icmp_ln879_82_fu_3579_p2          |   icmp   |      0|  0|   9|           4|           2|
    |icmp_ln879_83_fu_3727_p2          |   icmp   |      0|  0|   9|           4|           2|
    |icmp_ln879_84_fu_3875_p2          |   icmp   |      0|  0|   9|           4|           2|
    |icmp_ln879_85_fu_4023_p2          |   icmp   |      0|  0|   9|           4|           2|
    |icmp_ln879_86_fu_4171_p2          |   icmp   |      0|  0|   9|           4|           2|
    |icmp_ln879_87_fu_4319_p2          |   icmp   |      0|  0|   9|           4|           2|
    |icmp_ln879_88_fu_4467_p2          |   icmp   |      0|  0|   9|           4|           2|
    |icmp_ln879_89_fu_4615_p2          |   icmp   |      0|  0|   9|           4|           2|
    |icmp_ln879_90_fu_4763_p2          |   icmp   |      0|  0|   9|           4|           2|
    |icmp_ln879_91_fu_4911_p2          |   icmp   |      0|  0|   9|           4|           2|
    |icmp_ln879_92_fu_5059_p2          |   icmp   |      0|  0|   9|           4|           2|
    |icmp_ln879_93_fu_5207_p2          |   icmp   |      0|  0|   9|           4|           2|
    |icmp_ln879_fu_619_p2              |   icmp   |      0|  0|   9|           4|           2|
    |ap_block_pp0_stage0_01001         |    or    |      0|  0|   2|           1|           1|
    |ap_block_state1                   |    or    |      0|  0|   2|           1|           1|
    |or_ln340_10_fu_2125_p2            |    or    |      0|  0|   2|           1|           1|
    |or_ln340_11_fu_2273_p2            |    or    |      0|  0|   2|           1|           1|
    |or_ln340_12_fu_2421_p2            |    or    |      0|  0|   2|           1|           1|
    |or_ln340_13_fu_2569_p2            |    or    |      0|  0|   2|           1|           1|
    |or_ln340_14_fu_2717_p2            |    or    |      0|  0|   2|           1|           1|
    |or_ln340_15_fu_2865_p2            |    or    |      0|  0|   2|           1|           1|
    |or_ln340_16_fu_3013_p2            |    or    |      0|  0|   2|           1|           1|
    |or_ln340_17_fu_3161_p2            |    or    |      0|  0|   2|           1|           1|
    |or_ln340_18_fu_3309_p2            |    or    |      0|  0|   2|           1|           1|
    |or_ln340_19_fu_3457_p2            |    or    |      0|  0|   2|           1|           1|
    |or_ln340_1_fu_793_p2              |    or    |      0|  0|   2|           1|           1|
    |or_ln340_20_fu_3605_p2            |    or    |      0|  0|   2|           1|           1|
    |or_ln340_21_fu_3753_p2            |    or    |      0|  0|   2|           1|           1|
    |or_ln340_22_fu_3901_p2            |    or    |      0|  0|   2|           1|           1|
    |or_ln340_23_fu_4049_p2            |    or    |      0|  0|   2|           1|           1|
    |or_ln340_24_fu_4197_p2            |    or    |      0|  0|   2|           1|           1|
    |or_ln340_25_fu_4345_p2            |    or    |      0|  0|   2|           1|           1|
    |or_ln340_26_fu_4493_p2            |    or    |      0|  0|   2|           1|           1|
    |or_ln340_27_fu_4641_p2            |    or    |      0|  0|   2|           1|           1|
    |or_ln340_28_fu_4789_p2            |    or    |      0|  0|   2|           1|           1|
    |or_ln340_29_fu_4937_p2            |    or    |      0|  0|   2|           1|           1|
    |or_ln340_2_fu_941_p2              |    or    |      0|  0|   2|           1|           1|
    |or_ln340_30_fu_5085_p2            |    or    |      0|  0|   2|           1|           1|
    |or_ln340_31_fu_5233_p2            |    or    |      0|  0|   2|           1|           1|
    |or_ln340_3_fu_1089_p2             |    or    |      0|  0|   2|           1|           1|
    |or_ln340_4_fu_1237_p2             |    or    |      0|  0|   2|           1|           1|
    |or_ln340_5_fu_1385_p2             |    or    |      0|  0|   2|           1|           1|
    |or_ln340_6_fu_1533_p2             |    or    |      0|  0|   2|           1|           1|
    |or_ln340_7_fu_1681_p2             |    or    |      0|  0|   2|           1|           1|
    |or_ln340_8_fu_1829_p2             |    or    |      0|  0|   2|           1|           1|
    |or_ln340_9_fu_1977_p2             |    or    |      0|  0|   2|           1|           1|
    |or_ln340_fu_645_p2                |    or    |      0|  0|   2|           1|           1|
    |select_ln340_10_fu_2131_p3        |  select  |      0|  0|   7|           1|           2|
    |select_ln340_11_fu_2279_p3        |  select  |      0|  0|   7|           1|           2|
    |select_ln340_12_fu_2427_p3        |  select  |      0|  0|   7|           1|           2|
    |select_ln340_13_fu_2575_p3        |  select  |      0|  0|   7|           1|           2|
    |select_ln340_14_fu_2723_p3        |  select  |      0|  0|   7|           1|           2|
    |select_ln340_15_fu_2871_p3        |  select  |      0|  0|   7|           1|           2|
    |select_ln340_16_fu_3019_p3        |  select  |      0|  0|   7|           1|           2|
    |select_ln340_17_fu_3167_p3        |  select  |      0|  0|   7|           1|           2|
    |select_ln340_18_fu_3315_p3        |  select  |      0|  0|   7|           1|           2|
    |select_ln340_19_fu_3463_p3        |  select  |      0|  0|   7|           1|           2|
    |select_ln340_1_fu_799_p3          |  select  |      0|  0|   7|           1|           2|
    |select_ln340_20_fu_3611_p3        |  select  |      0|  0|   7|           1|           2|
    |select_ln340_21_fu_3759_p3        |  select  |      0|  0|   7|           1|           2|
    |select_ln340_22_fu_3907_p3        |  select  |      0|  0|   7|           1|           2|
    |select_ln340_23_fu_4055_p3        |  select  |      0|  0|   7|           1|           2|
    |select_ln340_24_fu_4203_p3        |  select  |      0|  0|   7|           1|           2|
    |select_ln340_25_fu_4351_p3        |  select  |      0|  0|   7|           1|           2|
    |select_ln340_26_fu_4499_p3        |  select  |      0|  0|   7|           1|           2|
    |select_ln340_27_fu_4647_p3        |  select  |      0|  0|   7|           1|           2|
    |select_ln340_28_fu_4795_p3        |  select  |      0|  0|   7|           1|           2|
    |select_ln340_29_fu_4943_p3        |  select  |      0|  0|   7|           1|           2|
    |select_ln340_2_fu_947_p3          |  select  |      0|  0|   7|           1|           2|
    |select_ln340_30_fu_5091_p3        |  select  |      0|  0|   7|           1|           2|
    |select_ln340_31_fu_5239_p3        |  select  |      0|  0|   7|           1|           2|
    |select_ln340_3_fu_1095_p3         |  select  |      0|  0|   7|           1|           2|
    |select_ln340_4_fu_1243_p3         |  select  |      0|  0|   7|           1|           2|
    |select_ln340_5_fu_1391_p3         |  select  |      0|  0|   7|           1|           2|
    |select_ln340_6_fu_1539_p3         |  select  |      0|  0|   7|           1|           2|
    |select_ln340_7_fu_1687_p3         |  select  |      0|  0|   7|           1|           2|
    |select_ln340_8_fu_1835_p3         |  select  |      0|  0|   7|           1|           2|
    |select_ln340_9_fu_1983_p3         |  select  |      0|  0|   7|           1|           2|
    |select_ln340_fu_651_p3            |  select  |      0|  0|   7|           1|           2|
    |select_ln777_63_fu_779_p3         |  select  |      0|  0|   2|           1|           1|
    |select_ln777_64_fu_927_p3         |  select  |      0|  0|   2|           1|           1|
    |select_ln777_65_fu_1075_p3        |  select  |      0|  0|   2|           1|           1|
    |select_ln777_66_fu_1223_p3        |  select  |      0|  0|   2|           1|           1|
    |select_ln777_67_fu_1371_p3        |  select  |      0|  0|   2|           1|           1|
    |select_ln777_68_fu_1519_p3        |  select  |      0|  0|   2|           1|           1|
    |select_ln777_69_fu_1667_p3        |  select  |      0|  0|   2|           1|           1|
    |select_ln777_70_fu_1815_p3        |  select  |      0|  0|   2|           1|           1|
    |select_ln777_71_fu_1963_p3        |  select  |      0|  0|   2|           1|           1|
    |select_ln777_72_fu_2111_p3        |  select  |      0|  0|   2|           1|           1|
    |select_ln777_73_fu_2259_p3        |  select  |      0|  0|   2|           1|           1|
    |select_ln777_74_fu_2407_p3        |  select  |      0|  0|   2|           1|           1|
    |select_ln777_75_fu_2555_p3        |  select  |      0|  0|   2|           1|           1|
    |select_ln777_76_fu_2703_p3        |  select  |      0|  0|   2|           1|           1|
    |select_ln777_77_fu_2851_p3        |  select  |      0|  0|   2|           1|           1|
    |select_ln777_78_fu_2999_p3        |  select  |      0|  0|   2|           1|           1|
    |select_ln777_79_fu_3147_p3        |  select  |      0|  0|   2|           1|           1|
    |select_ln777_80_fu_3295_p3        |  select  |      0|  0|   2|           1|           1|
    |select_ln777_81_fu_3443_p3        |  select  |      0|  0|   2|           1|           1|
    |select_ln777_82_fu_3591_p3        |  select  |      0|  0|   2|           1|           1|
    |select_ln777_83_fu_3739_p3        |  select  |      0|  0|   2|           1|           1|
    |select_ln777_84_fu_3887_p3        |  select  |      0|  0|   2|           1|           1|
    |select_ln777_85_fu_4035_p3        |  select  |      0|  0|   2|           1|           1|
    |select_ln777_86_fu_4183_p3        |  select  |      0|  0|   2|           1|           1|
    |select_ln777_87_fu_4331_p3        |  select  |      0|  0|   2|           1|           1|
    |select_ln777_88_fu_4479_p3        |  select  |      0|  0|   2|           1|           1|
    |select_ln777_89_fu_4627_p3        |  select  |      0|  0|   2|           1|           1|
    |select_ln777_90_fu_4775_p3        |  select  |      0|  0|   2|           1|           1|
    |select_ln777_91_fu_4923_p3        |  select  |      0|  0|   2|           1|           1|
    |select_ln777_92_fu_5071_p3        |  select  |      0|  0|   2|           1|           1|
    |select_ln777_93_fu_5219_p3        |  select  |      0|  0|   2|           1|           1|
    |select_ln777_fu_631_p3            |  select  |      0|  0|   2|           1|           1|
    |tmp_data_0_V_fu_659_p3            |  select  |      0|  0|   7|           1|           7|
    |tmp_data_10_V_fu_2139_p3          |  select  |      0|  0|   7|           1|           7|
    |tmp_data_11_V_fu_2287_p3          |  select  |      0|  0|   7|           1|           7|
    |tmp_data_12_V_fu_2435_p3          |  select  |      0|  0|   7|           1|           7|
    |tmp_data_13_V_fu_2583_p3          |  select  |      0|  0|   7|           1|           7|
    |tmp_data_14_V_fu_2731_p3          |  select  |      0|  0|   7|           1|           7|
    |tmp_data_15_V_fu_2879_p3          |  select  |      0|  0|   7|           1|           7|
    |tmp_data_16_V_fu_3027_p3          |  select  |      0|  0|   7|           1|           7|
    |tmp_data_17_V_fu_3175_p3          |  select  |      0|  0|   7|           1|           7|
    |tmp_data_18_V_fu_3323_p3          |  select  |      0|  0|   7|           1|           7|
    |tmp_data_19_V_fu_3471_p3          |  select  |      0|  0|   7|           1|           7|
    |tmp_data_1_V_fu_807_p3            |  select  |      0|  0|   7|           1|           7|
    |tmp_data_20_V_fu_3619_p3          |  select  |      0|  0|   7|           1|           7|
    |tmp_data_21_V_fu_3767_p3          |  select  |      0|  0|   7|           1|           7|
    |tmp_data_22_V_fu_3915_p3          |  select  |      0|  0|   7|           1|           7|
    |tmp_data_23_V_fu_4063_p3          |  select  |      0|  0|   7|           1|           7|
    |tmp_data_24_V_fu_4211_p3          |  select  |      0|  0|   7|           1|           7|
    |tmp_data_25_V_fu_4359_p3          |  select  |      0|  0|   7|           1|           7|
    |tmp_data_26_V_fu_4507_p3          |  select  |      0|  0|   7|           1|           7|
    |tmp_data_27_V_fu_4655_p3          |  select  |      0|  0|   7|           1|           7|
    |tmp_data_28_V_fu_4803_p3          |  select  |      0|  0|   7|           1|           7|
    |tmp_data_29_V_fu_4951_p3          |  select  |      0|  0|   7|           1|           7|
    |tmp_data_2_V_fu_955_p3            |  select  |      0|  0|   7|           1|           7|
    |tmp_data_30_V_fu_5099_p3          |  select  |      0|  0|   7|           1|           7|
    |tmp_data_31_V_fu_5247_p3          |  select  |      0|  0|   7|           1|           7|
    |tmp_data_3_V_fu_1103_p3           |  select  |      0|  0|   7|           1|           7|
    |tmp_data_4_V_fu_1251_p3           |  select  |      0|  0|   7|           1|           7|
    |tmp_data_5_V_fu_1399_p3           |  select  |      0|  0|   7|           1|           7|
    |tmp_data_6_V_fu_1547_p3           |  select  |      0|  0|   7|           1|           7|
    |tmp_data_7_V_fu_1695_p3           |  select  |      0|  0|   7|           1|           7|
    |tmp_data_8_V_fu_1843_p3           |  select  |      0|  0|   7|           1|           7|
    |tmp_data_9_V_fu_1991_p3           |  select  |      0|  0|   7|           1|           7|
    |ap_enable_pp0                     |    xor   |      0|  0|   2|           1|           2|
    |ap_enable_reg_pp0_iter1           |    xor   |      0|  0|   2|           2|           1|
    |xor_ln416_63_fu_737_p2            |    xor   |      0|  0|   2|           1|           2|
    |xor_ln416_64_fu_885_p2            |    xor   |      0|  0|   2|           1|           2|
    |xor_ln416_65_fu_1033_p2           |    xor   |      0|  0|   2|           1|           2|
    |xor_ln416_66_fu_1181_p2           |    xor   |      0|  0|   2|           1|           2|
    |xor_ln416_67_fu_1329_p2           |    xor   |      0|  0|   2|           1|           2|
    |xor_ln416_68_fu_1477_p2           |    xor   |      0|  0|   2|           1|           2|
    |xor_ln416_69_fu_1625_p2           |    xor   |      0|  0|   2|           1|           2|
    |xor_ln416_70_fu_1773_p2           |    xor   |      0|  0|   2|           1|           2|
    |xor_ln416_71_fu_1921_p2           |    xor   |      0|  0|   2|           1|           2|
    |xor_ln416_72_fu_2069_p2           |    xor   |      0|  0|   2|           1|           2|
    |xor_ln416_73_fu_2217_p2           |    xor   |      0|  0|   2|           1|           2|
    |xor_ln416_74_fu_2365_p2           |    xor   |      0|  0|   2|           1|           2|
    |xor_ln416_75_fu_2513_p2           |    xor   |      0|  0|   2|           1|           2|
    |xor_ln416_76_fu_2661_p2           |    xor   |      0|  0|   2|           1|           2|
    |xor_ln416_77_fu_2809_p2           |    xor   |      0|  0|   2|           1|           2|
    |xor_ln416_78_fu_2957_p2           |    xor   |      0|  0|   2|           1|           2|
    |xor_ln416_79_fu_3105_p2           |    xor   |      0|  0|   2|           1|           2|
    |xor_ln416_80_fu_3253_p2           |    xor   |      0|  0|   2|           1|           2|
    |xor_ln416_81_fu_3401_p2           |    xor   |      0|  0|   2|           1|           2|
    |xor_ln416_82_fu_3549_p2           |    xor   |      0|  0|   2|           1|           2|
    |xor_ln416_83_fu_3697_p2           |    xor   |      0|  0|   2|           1|           2|
    |xor_ln416_84_fu_3845_p2           |    xor   |      0|  0|   2|           1|           2|
    |xor_ln416_85_fu_3993_p2           |    xor   |      0|  0|   2|           1|           2|
    |xor_ln416_86_fu_4141_p2           |    xor   |      0|  0|   2|           1|           2|
    |xor_ln416_87_fu_4289_p2           |    xor   |      0|  0|   2|           1|           2|
    |xor_ln416_88_fu_4437_p2           |    xor   |      0|  0|   2|           1|           2|
    |xor_ln416_89_fu_4585_p2           |    xor   |      0|  0|   2|           1|           2|
    |xor_ln416_90_fu_4733_p2           |    xor   |      0|  0|   2|           1|           2|
    |xor_ln416_91_fu_4881_p2           |    xor   |      0|  0|   2|           1|           2|
    |xor_ln416_92_fu_5029_p2           |    xor   |      0|  0|   2|           1|           2|
    |xor_ln416_93_fu_5177_p2           |    xor   |      0|  0|   2|           1|           2|
    |xor_ln416_fu_589_p2               |    xor   |      0|  0|   2|           1|           2|
    |xor_ln785_10_fu_2119_p2           |    xor   |      0|  0|   2|           1|           2|
    |xor_ln785_11_fu_2267_p2           |    xor   |      0|  0|   2|           1|           2|
    |xor_ln785_12_fu_2415_p2           |    xor   |      0|  0|   2|           1|           2|
    |xor_ln785_13_fu_2563_p2           |    xor   |      0|  0|   2|           1|           2|
    |xor_ln785_14_fu_2711_p2           |    xor   |      0|  0|   2|           1|           2|
    |xor_ln785_15_fu_2859_p2           |    xor   |      0|  0|   2|           1|           2|
    |xor_ln785_16_fu_3007_p2           |    xor   |      0|  0|   2|           1|           2|
    |xor_ln785_17_fu_3155_p2           |    xor   |      0|  0|   2|           1|           2|
    |xor_ln785_18_fu_3303_p2           |    xor   |      0|  0|   2|           1|           2|
    |xor_ln785_19_fu_3451_p2           |    xor   |      0|  0|   2|           1|           2|
    |xor_ln785_1_fu_787_p2             |    xor   |      0|  0|   2|           1|           2|
    |xor_ln785_20_fu_3599_p2           |    xor   |      0|  0|   2|           1|           2|
    |xor_ln785_21_fu_3747_p2           |    xor   |      0|  0|   2|           1|           2|
    |xor_ln785_22_fu_3895_p2           |    xor   |      0|  0|   2|           1|           2|
    |xor_ln785_23_fu_4043_p2           |    xor   |      0|  0|   2|           1|           2|
    |xor_ln785_24_fu_4191_p2           |    xor   |      0|  0|   2|           1|           2|
    |xor_ln785_25_fu_4339_p2           |    xor   |      0|  0|   2|           1|           2|
    |xor_ln785_26_fu_4487_p2           |    xor   |      0|  0|   2|           1|           2|
    |xor_ln785_27_fu_4635_p2           |    xor   |      0|  0|   2|           1|           2|
    |xor_ln785_28_fu_4783_p2           |    xor   |      0|  0|   2|           1|           2|
    |xor_ln785_29_fu_4931_p2           |    xor   |      0|  0|   2|           1|           2|
    |xor_ln785_2_fu_935_p2             |    xor   |      0|  0|   2|           1|           2|
    |xor_ln785_30_fu_5079_p2           |    xor   |      0|  0|   2|           1|           2|
    |xor_ln785_31_fu_5227_p2           |    xor   |      0|  0|   2|           1|           2|
    |xor_ln785_3_fu_1083_p2            |    xor   |      0|  0|   2|           1|           2|
    |xor_ln785_4_fu_1231_p2            |    xor   |      0|  0|   2|           1|           2|
    |xor_ln785_5_fu_1379_p2            |    xor   |      0|  0|   2|           1|           2|
    |xor_ln785_6_fu_1527_p2            |    xor   |      0|  0|   2|           1|           2|
    |xor_ln785_7_fu_1675_p2            |    xor   |      0|  0|   2|           1|           2|
    |xor_ln785_8_fu_1823_p2            |    xor   |      0|  0|   2|           1|           2|
    |xor_ln785_9_fu_1971_p2            |    xor   |      0|  0|   2|           1|           2|
    |xor_ln785_fu_639_p2               |    xor   |      0|  0|   2|           1|           2|
    +----------------------------------+----------+-------+---+----+------------+------------+
    |Total                             |          |      0|  0|2762|        1431|        1138|
    +----------------------------------+----------+-------+---+----+------------+------------+

    * Multiplexer: 
    +-------------------------+----+-----------+-----+-----------+
    |           Name          | LUT| Input Size| Bits| Total Bits|
    +-------------------------+----+-----------+-----+-----------+
    |ap_NS_fsm                |  21|          4|    1|          4|
    |ap_done                  |   9|          2|    1|          2|
    |ap_enable_reg_pp0_iter1  |   9|          2|    1|          2|
    |ap_enable_reg_pp0_iter2  |   9|          2|    1|          2|
    |data_V_data_0_V_blk_n    |   9|          2|    1|          2|
    |data_V_data_10_V_blk_n   |   9|          2|    1|          2|
    |data_V_data_11_V_blk_n   |   9|          2|    1|          2|
    |data_V_data_12_V_blk_n   |   9|          2|    1|          2|
    |data_V_data_13_V_blk_n   |   9|          2|    1|          2|
    |data_V_data_14_V_blk_n   |   9|          2|    1|          2|
    |data_V_data_15_V_blk_n   |   9|          2|    1|          2|
    |data_V_data_16_V_blk_n   |   9|          2|    1|          2|
    |data_V_data_17_V_blk_n   |   9|          2|    1|          2|
    |data_V_data_18_V_blk_n   |   9|          2|    1|          2|
    |data_V_data_19_V_blk_n   |   9|          2|    1|          2|
    |data_V_data_1_V_blk_n    |   9|          2|    1|          2|
    |data_V_data_20_V_blk_n   |   9|          2|    1|          2|
    |data_V_data_21_V_blk_n   |   9|          2|    1|          2|
    |data_V_data_22_V_blk_n   |   9|          2|    1|          2|
    |data_V_data_23_V_blk_n   |   9|          2|    1|          2|
    |data_V_data_24_V_blk_n   |   9|          2|    1|          2|
    |data_V_data_25_V_blk_n   |   9|          2|    1|          2|
    |data_V_data_26_V_blk_n   |   9|          2|    1|          2|
    |data_V_data_27_V_blk_n   |   9|          2|    1|          2|
    |data_V_data_28_V_blk_n   |   9|          2|    1|          2|
    |data_V_data_29_V_blk_n   |   9|          2|    1|          2|
    |data_V_data_2_V_blk_n    |   9|          2|    1|          2|
    |data_V_data_30_V_blk_n   |   9|          2|    1|          2|
    |data_V_data_31_V_blk_n   |   9|          2|    1|          2|
    |data_V_data_3_V_blk_n    |   9|          2|    1|          2|
    |data_V_data_4_V_blk_n    |   9|          2|    1|          2|
    |data_V_data_5_V_blk_n    |   9|          2|    1|          2|
    |data_V_data_6_V_blk_n    |   9|          2|    1|          2|
    |data_V_data_7_V_blk_n    |   9|          2|    1|          2|
    |data_V_data_8_V_blk_n    |   9|          2|    1|          2|
    |data_V_data_9_V_blk_n    |   9|          2|    1|          2|
    |i_0_reg_368              |   9|          2|    7|         14|
    |real_start               |   9|          2|    1|          2|
    |res_V_data_0_V_blk_n     |   9|          2|    1|          2|
    |res_V_data_10_V_blk_n    |   9|          2|    1|          2|
    |res_V_data_11_V_blk_n    |   9|          2|    1|          2|
    |res_V_data_12_V_blk_n    |   9|          2|    1|          2|
    |res_V_data_13_V_blk_n    |   9|          2|    1|          2|
    |res_V_data_14_V_blk_n    |   9|          2|    1|          2|
    |res_V_data_15_V_blk_n    |   9|          2|    1|          2|
    |res_V_data_16_V_blk_n    |   9|          2|    1|          2|
    |res_V_data_17_V_blk_n    |   9|          2|    1|          2|
    |res_V_data_18_V_blk_n    |   9|          2|    1|          2|
    |res_V_data_19_V_blk_n    |   9|          2|    1|          2|
    |res_V_data_1_V_blk_n     |   9|          2|    1|          2|
    |res_V_data_20_V_blk_n    |   9|          2|    1|          2|
    |res_V_data_21_V_blk_n    |   9|          2|    1|          2|
    |res_V_data_22_V_blk_n    |   9|          2|    1|          2|
    |res_V_data_23_V_blk_n    |   9|          2|    1|          2|
    |res_V_data_24_V_blk_n    |   9|          2|    1|          2|
    |res_V_data_25_V_blk_n    |   9|          2|    1|          2|
    |res_V_data_26_V_blk_n    |   9|          2|    1|          2|
    |res_V_data_27_V_blk_n    |   9|          2|    1|          2|
    |res_V_data_28_V_blk_n    |   9|          2|    1|          2|
    |res_V_data_29_V_blk_n    |   9|          2|    1|          2|
    |res_V_data_2_V_blk_n     |   9|          2|    1|          2|
    |res_V_data_30_V_blk_n    |   9|          2|    1|          2|
    |res_V_data_31_V_blk_n    |   9|          2|    1|          2|
    |res_V_data_3_V_blk_n     |   9|          2|    1|          2|
    |res_V_data_4_V_blk_n     |   9|          2|    1|          2|
    |res_V_data_5_V_blk_n     |   9|          2|    1|          2|
    |res_V_data_6_V_blk_n     |   9|          2|    1|          2|
    |res_V_data_7_V_blk_n     |   9|          2|    1|          2|
    |res_V_data_8_V_blk_n     |   9|          2|    1|          2|
    |res_V_data_9_V_blk_n     |   9|          2|    1|          2|
    +-------------------------+----+-----------+-----+-----------+
    |Total                    | 642|        142|   76|        154|
    +-------------------------+----+-----------+-----+-----------+

    * Register: 
    +----------------------------------+---+----+-----+-----------+
    |               Name               | FF| LUT| Bits| Const Bits|
    +----------------------------------+---+----+-----+-----------+
    |ap_CS_fsm                         |  3|   0|    3|          0|
    |ap_done_reg                       |  1|   0|    1|          0|
    |ap_enable_reg_pp0_iter0           |  1|   0|    1|          0|
    |ap_enable_reg_pp0_iter1           |  1|   0|    1|          0|
    |ap_enable_reg_pp0_iter2           |  1|   0|    1|          0|
    |i_0_reg_368                       |  7|   0|    7|          0|
    |icmp_ln41_reg_5383                |  1|   0|    1|          0|
    |icmp_ln41_reg_5383_pp0_iter1_reg  |  1|   0|    1|          0|
    |start_once_reg                    |  1|   0|    1|          0|
    |tmp_data_0_V_reg_5392             |  7|   0|    7|          0|
    |tmp_data_10_V_reg_5442            |  7|   0|    7|          0|
    |tmp_data_11_V_reg_5447            |  7|   0|    7|          0|
    |tmp_data_12_V_reg_5452            |  7|   0|    7|          0|
    |tmp_data_13_V_reg_5457            |  7|   0|    7|          0|
    |tmp_data_14_V_reg_5462            |  7|   0|    7|          0|
    |tmp_data_15_V_reg_5467            |  7|   0|    7|          0|
    |tmp_data_16_V_reg_5472            |  7|   0|    7|          0|
    |tmp_data_17_V_reg_5477            |  7|   0|    7|          0|
    |tmp_data_18_V_reg_5482            |  7|   0|    7|          0|
    |tmp_data_19_V_reg_5487            |  7|   0|    7|          0|
    |tmp_data_1_V_reg_5397             |  7|   0|    7|          0|
    |tmp_data_20_V_reg_5492            |  7|   0|    7|          0|
    |tmp_data_21_V_reg_5497            |  7|   0|    7|          0|
    |tmp_data_22_V_reg_5502            |  7|   0|    7|          0|
    |tmp_data_23_V_reg_5507            |  7|   0|    7|          0|
    |tmp_data_24_V_reg_5512            |  7|   0|    7|          0|
    |tmp_data_25_V_reg_5517            |  7|   0|    7|          0|
    |tmp_data_26_V_reg_5522            |  7|   0|    7|          0|
    |tmp_data_27_V_reg_5527            |  7|   0|    7|          0|
    |tmp_data_28_V_reg_5532            |  7|   0|    7|          0|
    |tmp_data_29_V_reg_5537            |  7|   0|    7|          0|
    |tmp_data_2_V_reg_5402             |  7|   0|    7|          0|
    |tmp_data_30_V_reg_5542            |  7|   0|    7|          0|
    |tmp_data_31_V_reg_5547            |  7|   0|    7|          0|
    |tmp_data_3_V_reg_5407             |  7|   0|    7|          0|
    |tmp_data_4_V_reg_5412             |  7|   0|    7|          0|
    |tmp_data_5_V_reg_5417             |  7|   0|    7|          0|
    |tmp_data_6_V_reg_5422             |  7|   0|    7|          0|
    |tmp_data_7_V_reg_5427             |  7|   0|    7|          0|
    |tmp_data_8_V_reg_5432             |  7|   0|    7|          0|
    |tmp_data_9_V_reg_5437             |  7|   0|    7|          0|
    +----------------------------------+---+----+-----+-----------+
    |Total                             |241|   0|  241|          0|
    +----------------------------------+---+----+-----+-----------+



================================================================
== Interface
================================================================
* Summary: 
+--------------------------+-----+-----+------------+------------------------------------------------------------------------+--------------+
|         RTL Ports        | Dir | Bits|  Protocol  |                              Source Object                             |    C Type    |
+--------------------------+-----+-----+------------+------------------------------------------------------------------------+--------------+
|ap_clk                    |  in |    1| ap_ctrl_hs | relu<array<ap_fixed,32u>,array<ap_fixed<8,4,0,0,0>,32u>,relu_config10> | return value |
|ap_rst                    |  in |    1| ap_ctrl_hs | relu<array<ap_fixed,32u>,array<ap_fixed<8,4,0,0,0>,32u>,relu_config10> | return value |
|ap_start                  |  in |    1| ap_ctrl_hs | relu<array<ap_fixed,32u>,array<ap_fixed<8,4,0,0,0>,32u>,relu_config10> | return value |
|start_full_n              |  in |    1| ap_ctrl_hs | relu<array<ap_fixed,32u>,array<ap_fixed<8,4,0,0,0>,32u>,relu_config10> | return value |
|ap_done                   | out |    1| ap_ctrl_hs | relu<array<ap_fixed,32u>,array<ap_fixed<8,4,0,0,0>,32u>,relu_config10> | return value |
|ap_continue               |  in |    1| ap_ctrl_hs | relu<array<ap_fixed,32u>,array<ap_fixed<8,4,0,0,0>,32u>,relu_config10> | return value |
|ap_idle                   | out |    1| ap_ctrl_hs | relu<array<ap_fixed,32u>,array<ap_fixed<8,4,0,0,0>,32u>,relu_config10> | return value |
|ap_ready                  | out |    1| ap_ctrl_hs | relu<array<ap_fixed,32u>,array<ap_fixed<8,4,0,0,0>,32u>,relu_config10> | return value |
|start_out                 | out |    1| ap_ctrl_hs | relu<array<ap_fixed,32u>,array<ap_fixed<8,4,0,0,0>,32u>,relu_config10> | return value |
|start_write               | out |    1| ap_ctrl_hs | relu<array<ap_fixed,32u>,array<ap_fixed<8,4,0,0,0>,32u>,relu_config10> | return value |
|data_V_data_0_V_dout      |  in |   14|   ap_fifo  |                             data_V_data_0_V                            |    pointer   |
|data_V_data_0_V_empty_n   |  in |    1|   ap_fifo  |                             data_V_data_0_V                            |    pointer   |
|data_V_data_0_V_read      | out |    1|   ap_fifo  |                             data_V_data_0_V                            |    pointer   |
|data_V_data_1_V_dout      |  in |   14|   ap_fifo  |                             data_V_data_1_V                            |    pointer   |
|data_V_data_1_V_empty_n   |  in |    1|   ap_fifo  |                             data_V_data_1_V                            |    pointer   |
|data_V_data_1_V_read      | out |    1|   ap_fifo  |                             data_V_data_1_V                            |    pointer   |
|data_V_data_2_V_dout      |  in |   14|   ap_fifo  |                             data_V_data_2_V                            |    pointer   |
|data_V_data_2_V_empty_n   |  in |    1|   ap_fifo  |                             data_V_data_2_V                            |    pointer   |
|data_V_data_2_V_read      | out |    1|   ap_fifo  |                             data_V_data_2_V                            |    pointer   |
|data_V_data_3_V_dout      |  in |   14|   ap_fifo  |                             data_V_data_3_V                            |    pointer   |
|data_V_data_3_V_empty_n   |  in |    1|   ap_fifo  |                             data_V_data_3_V                            |    pointer   |
|data_V_data_3_V_read      | out |    1|   ap_fifo  |                             data_V_data_3_V                            |    pointer   |
|data_V_data_4_V_dout      |  in |   14|   ap_fifo  |                             data_V_data_4_V                            |    pointer   |
|data_V_data_4_V_empty_n   |  in |    1|   ap_fifo  |                             data_V_data_4_V                            |    pointer   |
|data_V_data_4_V_read      | out |    1|   ap_fifo  |                             data_V_data_4_V                            |    pointer   |
|data_V_data_5_V_dout      |  in |   14|   ap_fifo  |                             data_V_data_5_V                            |    pointer   |
|data_V_data_5_V_empty_n   |  in |    1|   ap_fifo  |                             data_V_data_5_V                            |    pointer   |
|data_V_data_5_V_read      | out |    1|   ap_fifo  |                             data_V_data_5_V                            |    pointer   |
|data_V_data_6_V_dout      |  in |   14|   ap_fifo  |                             data_V_data_6_V                            |    pointer   |
|data_V_data_6_V_empty_n   |  in |    1|   ap_fifo  |                             data_V_data_6_V                            |    pointer   |
|data_V_data_6_V_read      | out |    1|   ap_fifo  |                             data_V_data_6_V                            |    pointer   |
|data_V_data_7_V_dout      |  in |   14|   ap_fifo  |                             data_V_data_7_V                            |    pointer   |
|data_V_data_7_V_empty_n   |  in |    1|   ap_fifo  |                             data_V_data_7_V                            |    pointer   |
|data_V_data_7_V_read      | out |    1|   ap_fifo  |                             data_V_data_7_V                            |    pointer   |
|data_V_data_8_V_dout      |  in |   14|   ap_fifo  |                             data_V_data_8_V                            |    pointer   |
|data_V_data_8_V_empty_n   |  in |    1|   ap_fifo  |                             data_V_data_8_V                            |    pointer   |
|data_V_data_8_V_read      | out |    1|   ap_fifo  |                             data_V_data_8_V                            |    pointer   |
|data_V_data_9_V_dout      |  in |   14|   ap_fifo  |                             data_V_data_9_V                            |    pointer   |
|data_V_data_9_V_empty_n   |  in |    1|   ap_fifo  |                             data_V_data_9_V                            |    pointer   |
|data_V_data_9_V_read      | out |    1|   ap_fifo  |                             data_V_data_9_V                            |    pointer   |
|data_V_data_10_V_dout     |  in |   14|   ap_fifo  |                            data_V_data_10_V                            |    pointer   |
|data_V_data_10_V_empty_n  |  in |    1|   ap_fifo  |                            data_V_data_10_V                            |    pointer   |
|data_V_data_10_V_read     | out |    1|   ap_fifo  |                            data_V_data_10_V                            |    pointer   |
|data_V_data_11_V_dout     |  in |   14|   ap_fifo  |                            data_V_data_11_V                            |    pointer   |
|data_V_data_11_V_empty_n  |  in |    1|   ap_fifo  |                            data_V_data_11_V                            |    pointer   |
|data_V_data_11_V_read     | out |    1|   ap_fifo  |                            data_V_data_11_V                            |    pointer   |
|data_V_data_12_V_dout     |  in |   14|   ap_fifo  |                            data_V_data_12_V                            |    pointer   |
|data_V_data_12_V_empty_n  |  in |    1|   ap_fifo  |                            data_V_data_12_V                            |    pointer   |
|data_V_data_12_V_read     | out |    1|   ap_fifo  |                            data_V_data_12_V                            |    pointer   |
|data_V_data_13_V_dout     |  in |   14|   ap_fifo  |                            data_V_data_13_V                            |    pointer   |
|data_V_data_13_V_empty_n  |  in |    1|   ap_fifo  |                            data_V_data_13_V                            |    pointer   |
|data_V_data_13_V_read     | out |    1|   ap_fifo  |                            data_V_data_13_V                            |    pointer   |
|data_V_data_14_V_dout     |  in |   14|   ap_fifo  |                            data_V_data_14_V                            |    pointer   |
|data_V_data_14_V_empty_n  |  in |    1|   ap_fifo  |                            data_V_data_14_V                            |    pointer   |
|data_V_data_14_V_read     | out |    1|   ap_fifo  |                            data_V_data_14_V                            |    pointer   |
|data_V_data_15_V_dout     |  in |   14|   ap_fifo  |                            data_V_data_15_V                            |    pointer   |
|data_V_data_15_V_empty_n  |  in |    1|   ap_fifo  |                            data_V_data_15_V                            |    pointer   |
|data_V_data_15_V_read     | out |    1|   ap_fifo  |                            data_V_data_15_V                            |    pointer   |
|data_V_data_16_V_dout     |  in |   14|   ap_fifo  |                            data_V_data_16_V                            |    pointer   |
|data_V_data_16_V_empty_n  |  in |    1|   ap_fifo  |                            data_V_data_16_V                            |    pointer   |
|data_V_data_16_V_read     | out |    1|   ap_fifo  |                            data_V_data_16_V                            |    pointer   |
|data_V_data_17_V_dout     |  in |   14|   ap_fifo  |                            data_V_data_17_V                            |    pointer   |
|data_V_data_17_V_empty_n  |  in |    1|   ap_fifo  |                            data_V_data_17_V                            |    pointer   |
|data_V_data_17_V_read     | out |    1|   ap_fifo  |                            data_V_data_17_V                            |    pointer   |
|data_V_data_18_V_dout     |  in |   14|   ap_fifo  |                            data_V_data_18_V                            |    pointer   |
|data_V_data_18_V_empty_n  |  in |    1|   ap_fifo  |                            data_V_data_18_V                            |    pointer   |
|data_V_data_18_V_read     | out |    1|   ap_fifo  |                            data_V_data_18_V                            |    pointer   |
|data_V_data_19_V_dout     |  in |   14|   ap_fifo  |                            data_V_data_19_V                            |    pointer   |
|data_V_data_19_V_empty_n  |  in |    1|   ap_fifo  |                            data_V_data_19_V                            |    pointer   |
|data_V_data_19_V_read     | out |    1|   ap_fifo  |                            data_V_data_19_V                            |    pointer   |
|data_V_data_20_V_dout     |  in |   14|   ap_fifo  |                            data_V_data_20_V                            |    pointer   |
|data_V_data_20_V_empty_n  |  in |    1|   ap_fifo  |                            data_V_data_20_V                            |    pointer   |
|data_V_data_20_V_read     | out |    1|   ap_fifo  |                            data_V_data_20_V                            |    pointer   |
|data_V_data_21_V_dout     |  in |   14|   ap_fifo  |                            data_V_data_21_V                            |    pointer   |
|data_V_data_21_V_empty_n  |  in |    1|   ap_fifo  |                            data_V_data_21_V                            |    pointer   |
|data_V_data_21_V_read     | out |    1|   ap_fifo  |                            data_V_data_21_V                            |    pointer   |
|data_V_data_22_V_dout     |  in |   14|   ap_fifo  |                            data_V_data_22_V                            |    pointer   |
|data_V_data_22_V_empty_n  |  in |    1|   ap_fifo  |                            data_V_data_22_V                            |    pointer   |
|data_V_data_22_V_read     | out |    1|   ap_fifo  |                            data_V_data_22_V                            |    pointer   |
|data_V_data_23_V_dout     |  in |   14|   ap_fifo  |                            data_V_data_23_V                            |    pointer   |
|data_V_data_23_V_empty_n  |  in |    1|   ap_fifo  |                            data_V_data_23_V                            |    pointer   |
|data_V_data_23_V_read     | out |    1|   ap_fifo  |                            data_V_data_23_V                            |    pointer   |
|data_V_data_24_V_dout     |  in |   14|   ap_fifo  |                            data_V_data_24_V                            |    pointer   |
|data_V_data_24_V_empty_n  |  in |    1|   ap_fifo  |                            data_V_data_24_V                            |    pointer   |
|data_V_data_24_V_read     | out |    1|   ap_fifo  |                            data_V_data_24_V                            |    pointer   |
|data_V_data_25_V_dout     |  in |   14|   ap_fifo  |                            data_V_data_25_V                            |    pointer   |
|data_V_data_25_V_empty_n  |  in |    1|   ap_fifo  |                            data_V_data_25_V                            |    pointer   |
|data_V_data_25_V_read     | out |    1|   ap_fifo  |                            data_V_data_25_V                            |    pointer   |
|data_V_data_26_V_dout     |  in |   14|   ap_fifo  |                            data_V_data_26_V                            |    pointer   |
|data_V_data_26_V_empty_n  |  in |    1|   ap_fifo  |                            data_V_data_26_V                            |    pointer   |
|data_V_data_26_V_read     | out |    1|   ap_fifo  |                            data_V_data_26_V                            |    pointer   |
|data_V_data_27_V_dout     |  in |   14|   ap_fifo  |                            data_V_data_27_V                            |    pointer   |
|data_V_data_27_V_empty_n  |  in |    1|   ap_fifo  |                            data_V_data_27_V                            |    pointer   |
|data_V_data_27_V_read     | out |    1|   ap_fifo  |                            data_V_data_27_V                            |    pointer   |
|data_V_data_28_V_dout     |  in |   14|   ap_fifo  |                            data_V_data_28_V                            |    pointer   |
|data_V_data_28_V_empty_n  |  in |    1|   ap_fifo  |                            data_V_data_28_V                            |    pointer   |
|data_V_data_28_V_read     | out |    1|   ap_fifo  |                            data_V_data_28_V                            |    pointer   |
|data_V_data_29_V_dout     |  in |   14|   ap_fifo  |                            data_V_data_29_V                            |    pointer   |
|data_V_data_29_V_empty_n  |  in |    1|   ap_fifo  |                            data_V_data_29_V                            |    pointer   |
|data_V_data_29_V_read     | out |    1|   ap_fifo  |                            data_V_data_29_V                            |    pointer   |
|data_V_data_30_V_dout     |  in |   14|   ap_fifo  |                            data_V_data_30_V                            |    pointer   |
|data_V_data_30_V_empty_n  |  in |    1|   ap_fifo  |                            data_V_data_30_V                            |    pointer   |
|data_V_data_30_V_read     | out |    1|   ap_fifo  |                            data_V_data_30_V                            |    pointer   |
|data_V_data_31_V_dout     |  in |   14|   ap_fifo  |                            data_V_data_31_V                            |    pointer   |
|data_V_data_31_V_empty_n  |  in |    1|   ap_fifo  |                            data_V_data_31_V                            |    pointer   |
|data_V_data_31_V_read     | out |    1|   ap_fifo  |                            data_V_data_31_V                            |    pointer   |
|res_V_data_0_V_din        | out |    8|   ap_fifo  |                             res_V_data_0_V                             |    pointer   |
|res_V_data_0_V_full_n     |  in |    1|   ap_fifo  |                             res_V_data_0_V                             |    pointer   |
|res_V_data_0_V_write      | out |    1|   ap_fifo  |                             res_V_data_0_V                             |    pointer   |
|res_V_data_1_V_din        | out |    8|   ap_fifo  |                             res_V_data_1_V                             |    pointer   |
|res_V_data_1_V_full_n     |  in |    1|   ap_fifo  |                             res_V_data_1_V                             |    pointer   |
|res_V_data_1_V_write      | out |    1|   ap_fifo  |                             res_V_data_1_V                             |    pointer   |
|res_V_data_2_V_din        | out |    8|   ap_fifo  |                             res_V_data_2_V                             |    pointer   |
|res_V_data_2_V_full_n     |  in |    1|   ap_fifo  |                             res_V_data_2_V                             |    pointer   |
|res_V_data_2_V_write      | out |    1|   ap_fifo  |                             res_V_data_2_V                             |    pointer   |
|res_V_data_3_V_din        | out |    8|   ap_fifo  |                             res_V_data_3_V                             |    pointer   |
|res_V_data_3_V_full_n     |  in |    1|   ap_fifo  |                             res_V_data_3_V                             |    pointer   |
|res_V_data_3_V_write      | out |    1|   ap_fifo  |                             res_V_data_3_V                             |    pointer   |
|res_V_data_4_V_din        | out |    8|   ap_fifo  |                             res_V_data_4_V                             |    pointer   |
|res_V_data_4_V_full_n     |  in |    1|   ap_fifo  |                             res_V_data_4_V                             |    pointer   |
|res_V_data_4_V_write      | out |    1|   ap_fifo  |                             res_V_data_4_V                             |    pointer   |
|res_V_data_5_V_din        | out |    8|   ap_fifo  |                             res_V_data_5_V                             |    pointer   |
|res_V_data_5_V_full_n     |  in |    1|   ap_fifo  |                             res_V_data_5_V                             |    pointer   |
|res_V_data_5_V_write      | out |    1|   ap_fifo  |                             res_V_data_5_V                             |    pointer   |
|res_V_data_6_V_din        | out |    8|   ap_fifo  |                             res_V_data_6_V                             |    pointer   |
|res_V_data_6_V_full_n     |  in |    1|   ap_fifo  |                             res_V_data_6_V                             |    pointer   |
|res_V_data_6_V_write      | out |    1|   ap_fifo  |                             res_V_data_6_V                             |    pointer   |
|res_V_data_7_V_din        | out |    8|   ap_fifo  |                             res_V_data_7_V                             |    pointer   |
|res_V_data_7_V_full_n     |  in |    1|   ap_fifo  |                             res_V_data_7_V                             |    pointer   |
|res_V_data_7_V_write      | out |    1|   ap_fifo  |                             res_V_data_7_V                             |    pointer   |
|res_V_data_8_V_din        | out |    8|   ap_fifo  |                             res_V_data_8_V                             |    pointer   |
|res_V_data_8_V_full_n     |  in |    1|   ap_fifo  |                             res_V_data_8_V                             |    pointer   |
|res_V_data_8_V_write      | out |    1|   ap_fifo  |                             res_V_data_8_V                             |    pointer   |
|res_V_data_9_V_din        | out |    8|   ap_fifo  |                             res_V_data_9_V                             |    pointer   |
|res_V_data_9_V_full_n     |  in |    1|   ap_fifo  |                             res_V_data_9_V                             |    pointer   |
|res_V_data_9_V_write      | out |    1|   ap_fifo  |                             res_V_data_9_V                             |    pointer   |
|res_V_data_10_V_din       | out |    8|   ap_fifo  |                             res_V_data_10_V                            |    pointer   |
|res_V_data_10_V_full_n    |  in |    1|   ap_fifo  |                             res_V_data_10_V                            |    pointer   |
|res_V_data_10_V_write     | out |    1|   ap_fifo  |                             res_V_data_10_V                            |    pointer   |
|res_V_data_11_V_din       | out |    8|   ap_fifo  |                             res_V_data_11_V                            |    pointer   |
|res_V_data_11_V_full_n    |  in |    1|   ap_fifo  |                             res_V_data_11_V                            |    pointer   |
|res_V_data_11_V_write     | out |    1|   ap_fifo  |                             res_V_data_11_V                            |    pointer   |
|res_V_data_12_V_din       | out |    8|   ap_fifo  |                             res_V_data_12_V                            |    pointer   |
|res_V_data_12_V_full_n    |  in |    1|   ap_fifo  |                             res_V_data_12_V                            |    pointer   |
|res_V_data_12_V_write     | out |    1|   ap_fifo  |                             res_V_data_12_V                            |    pointer   |
|res_V_data_13_V_din       | out |    8|   ap_fifo  |                             res_V_data_13_V                            |    pointer   |
|res_V_data_13_V_full_n    |  in |    1|   ap_fifo  |                             res_V_data_13_V                            |    pointer   |
|res_V_data_13_V_write     | out |    1|   ap_fifo  |                             res_V_data_13_V                            |    pointer   |
|res_V_data_14_V_din       | out |    8|   ap_fifo  |                             res_V_data_14_V                            |    pointer   |
|res_V_data_14_V_full_n    |  in |    1|   ap_fifo  |                             res_V_data_14_V                            |    pointer   |
|res_V_data_14_V_write     | out |    1|   ap_fifo  |                             res_V_data_14_V                            |    pointer   |
|res_V_data_15_V_din       | out |    8|   ap_fifo  |                             res_V_data_15_V                            |    pointer   |
|res_V_data_15_V_full_n    |  in |    1|   ap_fifo  |                             res_V_data_15_V                            |    pointer   |
|res_V_data_15_V_write     | out |    1|   ap_fifo  |                             res_V_data_15_V                            |    pointer   |
|res_V_data_16_V_din       | out |    8|   ap_fifo  |                             res_V_data_16_V                            |    pointer   |
|res_V_data_16_V_full_n    |  in |    1|   ap_fifo  |                             res_V_data_16_V                            |    pointer   |
|res_V_data_16_V_write     | out |    1|   ap_fifo  |                             res_V_data_16_V                            |    pointer   |
|res_V_data_17_V_din       | out |    8|   ap_fifo  |                             res_V_data_17_V                            |    pointer   |
|res_V_data_17_V_full_n    |  in |    1|   ap_fifo  |                             res_V_data_17_V                            |    pointer   |
|res_V_data_17_V_write     | out |    1|   ap_fifo  |                             res_V_data_17_V                            |    pointer   |
|res_V_data_18_V_din       | out |    8|   ap_fifo  |                             res_V_data_18_V                            |    pointer   |
|res_V_data_18_V_full_n    |  in |    1|   ap_fifo  |                             res_V_data_18_V                            |    pointer   |
|res_V_data_18_V_write     | out |    1|   ap_fifo  |                             res_V_data_18_V                            |    pointer   |
|res_V_data_19_V_din       | out |    8|   ap_fifo  |                             res_V_data_19_V                            |    pointer   |
|res_V_data_19_V_full_n    |  in |    1|   ap_fifo  |                             res_V_data_19_V                            |    pointer   |
|res_V_data_19_V_write     | out |    1|   ap_fifo  |                             res_V_data_19_V                            |    pointer   |
|res_V_data_20_V_din       | out |    8|   ap_fifo  |                             res_V_data_20_V                            |    pointer   |
|res_V_data_20_V_full_n    |  in |    1|   ap_fifo  |                             res_V_data_20_V                            |    pointer   |
|res_V_data_20_V_write     | out |    1|   ap_fifo  |                             res_V_data_20_V                            |    pointer   |
|res_V_data_21_V_din       | out |    8|   ap_fifo  |                             res_V_data_21_V                            |    pointer   |
|res_V_data_21_V_full_n    |  in |    1|   ap_fifo  |                             res_V_data_21_V                            |    pointer   |
|res_V_data_21_V_write     | out |    1|   ap_fifo  |                             res_V_data_21_V                            |    pointer   |
|res_V_data_22_V_din       | out |    8|   ap_fifo  |                             res_V_data_22_V                            |    pointer   |
|res_V_data_22_V_full_n    |  in |    1|   ap_fifo  |                             res_V_data_22_V                            |    pointer   |
|res_V_data_22_V_write     | out |    1|   ap_fifo  |                             res_V_data_22_V                            |    pointer   |
|res_V_data_23_V_din       | out |    8|   ap_fifo  |                             res_V_data_23_V                            |    pointer   |
|res_V_data_23_V_full_n    |  in |    1|   ap_fifo  |                             res_V_data_23_V                            |    pointer   |
|res_V_data_23_V_write     | out |    1|   ap_fifo  |                             res_V_data_23_V                            |    pointer   |
|res_V_data_24_V_din       | out |    8|   ap_fifo  |                             res_V_data_24_V                            |    pointer   |
|res_V_data_24_V_full_n    |  in |    1|   ap_fifo  |                             res_V_data_24_V                            |    pointer   |
|res_V_data_24_V_write     | out |    1|   ap_fifo  |                             res_V_data_24_V                            |    pointer   |
|res_V_data_25_V_din       | out |    8|   ap_fifo  |                             res_V_data_25_V                            |    pointer   |
|res_V_data_25_V_full_n    |  in |    1|   ap_fifo  |                             res_V_data_25_V                            |    pointer   |
|res_V_data_25_V_write     | out |    1|   ap_fifo  |                             res_V_data_25_V                            |    pointer   |
|res_V_data_26_V_din       | out |    8|   ap_fifo  |                             res_V_data_26_V                            |    pointer   |
|res_V_data_26_V_full_n    |  in |    1|   ap_fifo  |                             res_V_data_26_V                            |    pointer   |
|res_V_data_26_V_write     | out |    1|   ap_fifo  |                             res_V_data_26_V                            |    pointer   |
|res_V_data_27_V_din       | out |    8|   ap_fifo  |                             res_V_data_27_V                            |    pointer   |
|res_V_data_27_V_full_n    |  in |    1|   ap_fifo  |                             res_V_data_27_V                            |    pointer   |
|res_V_data_27_V_write     | out |    1|   ap_fifo  |                             res_V_data_27_V                            |    pointer   |
|res_V_data_28_V_din       | out |    8|   ap_fifo  |                             res_V_data_28_V                            |    pointer   |
|res_V_data_28_V_full_n    |  in |    1|   ap_fifo  |                             res_V_data_28_V                            |    pointer   |
|res_V_data_28_V_write     | out |    1|   ap_fifo  |                             res_V_data_28_V                            |    pointer   |
|res_V_data_29_V_din       | out |    8|   ap_fifo  |                             res_V_data_29_V                            |    pointer   |
|res_V_data_29_V_full_n    |  in |    1|   ap_fifo  |                             res_V_data_29_V                            |    pointer   |
|res_V_data_29_V_write     | out |    1|   ap_fifo  |                             res_V_data_29_V                            |    pointer   |
|res_V_data_30_V_din       | out |    8|   ap_fifo  |                             res_V_data_30_V                            |    pointer   |
|res_V_data_30_V_full_n    |  in |    1|   ap_fifo  |                             res_V_data_30_V                            |    pointer   |
|res_V_data_30_V_write     | out |    1|   ap_fifo  |                             res_V_data_30_V                            |    pointer   |
|res_V_data_31_V_din       | out |    8|   ap_fifo  |                             res_V_data_31_V                            |    pointer   |
|res_V_data_31_V_full_n    |  in |    1|   ap_fifo  |                             res_V_data_31_V                            |    pointer   |
|res_V_data_31_V_write     | out |    1|   ap_fifo  |                             res_V_data_31_V                            |    pointer   |
+--------------------------+-----+-----+------------+------------------------------------------------------------------------+--------------+

============================================================
+ Verbose Summary: Synthesis Manager
============================================================
InlineROM: 1
ExposeGlobal: 0
============================================================
+ Verbose Summary: CDFG Model
============================================================
IsTopModel: 0
ResetActiveHigh: 1
IsCombinational: 2
IsDatapathOnly: 0
HasWiredReturn: 1
HasMFsm: 0
HasVarLatency: 1
IsPipeline: 0
IsRtlPipelined: 0
IsInstanceOverlapped: 0
IsDontTouch: 0
HasImplIP: 0
IsGatedGlobalClock: 0

+ Individual pipeline summary: 
  * Pipeline-0: initiation interval (II) = 1, depth = 3


============================================================
+ Verbose Summary: Schedule
============================================================
* Number of FSM states : 5
* Pipeline : 1
  Pipeline-0 : II = 1, D = 3, States = { 2 3 4 }
* Dataflow Pipeline: 0

* FSM state transitions: 
1 --> 2 
2 --> 5 3 
3 --> 4 
4 --> 2 
5 --> 

* FSM state operations: 

State 1 <SV = 0> <Delay = 1.76>
ST_1 : Operation 6 [1/1] (0.00ns)   --->   "call void (...)* @_ssdm_op_SpecInterface(i8* %res_V_data_31_V, [8 x i8]* @ap_fifo_str, i32 0, i32 0, [1 x i8]* @p_str, i32 0, i32 0, [1 x i8]* @p_str, [1 x i8]* @p_str, [1 x i8]* @p_str, i32 2, i32 2, i32 16, i32 16, [1 x i8]* @p_str, [1 x i8]* @p_str)"   --->   Operation 6 'specinterface' <Predicate = true> <Delay = 0.00>
ST_1 : Operation 7 [1/1] (0.00ns)   --->   "call void (...)* @_ssdm_op_SpecInterface(i8* %res_V_data_30_V, [8 x i8]* @ap_fifo_str, i32 0, i32 0, [1 x i8]* @p_str, i32 0, i32 0, [1 x i8]* @p_str, [1 x i8]* @p_str, [1 x i8]* @p_str, i32 2, i32 2, i32 16, i32 16, [1 x i8]* @p_str, [1 x i8]* @p_str)"   --->   Operation 7 'specinterface' <Predicate = true> <Delay = 0.00>
ST_1 : Operation 8 [1/1] (0.00ns)   --->   "call void (...)* @_ssdm_op_SpecInterface(i8* %res_V_data_29_V, [8 x i8]* @ap_fifo_str, i32 0, i32 0, [1 x i8]* @p_str, i32 0, i32 0, [1 x i8]* @p_str, [1 x i8]* @p_str, [1 x i8]* @p_str, i32 2, i32 2, i32 16, i32 16, [1 x i8]* @p_str, [1 x i8]* @p_str)"   --->   Operation 8 'specinterface' <Predicate = true> <Delay = 0.00>
ST_1 : Operation 9 [1/1] (0.00ns)   --->   "call void (...)* @_ssdm_op_SpecInterface(i8* %res_V_data_28_V, [8 x i8]* @ap_fifo_str, i32 0, i32 0, [1 x i8]* @p_str, i32 0, i32 0, [1 x i8]* @p_str, [1 x i8]* @p_str, [1 x i8]* @p_str, i32 2, i32 2, i32 16, i32 16, [1 x i8]* @p_str, [1 x i8]* @p_str)"   --->   Operation 9 'specinterface' <Predicate = true> <Delay = 0.00>
ST_1 : Operation 10 [1/1] (0.00ns)   --->   "call void (...)* @_ssdm_op_SpecInterface(i8* %res_V_data_27_V, [8 x i8]* @ap_fifo_str, i32 0, i32 0, [1 x i8]* @p_str, i32 0, i32 0, [1 x i8]* @p_str, [1 x i8]* @p_str, [1 x i8]* @p_str, i32 2, i32 2, i32 16, i32 16, [1 x i8]* @p_str, [1 x i8]* @p_str)"   --->   Operation 10 'specinterface' <Predicate = true> <Delay = 0.00>
ST_1 : Operation 11 [1/1] (0.00ns)   --->   "call void (...)* @_ssdm_op_SpecInterface(i8* %res_V_data_26_V, [8 x i8]* @ap_fifo_str, i32 0, i32 0, [1 x i8]* @p_str, i32 0, i32 0, [1 x i8]* @p_str, [1 x i8]* @p_str, [1 x i8]* @p_str, i32 2, i32 2, i32 16, i32 16, [1 x i8]* @p_str, [1 x i8]* @p_str)"   --->   Operation 11 'specinterface' <Predicate = true> <Delay = 0.00>
ST_1 : Operation 12 [1/1] (0.00ns)   --->   "call void (...)* @_ssdm_op_SpecInterface(i8* %res_V_data_25_V, [8 x i8]* @ap_fifo_str, i32 0, i32 0, [1 x i8]* @p_str, i32 0, i32 0, [1 x i8]* @p_str, [1 x i8]* @p_str, [1 x i8]* @p_str, i32 2, i32 2, i32 16, i32 16, [1 x i8]* @p_str, [1 x i8]* @p_str)"   --->   Operation 12 'specinterface' <Predicate = true> <Delay = 0.00>
ST_1 : Operation 13 [1/1] (0.00ns)   --->   "call void (...)* @_ssdm_op_SpecInterface(i8* %res_V_data_24_V, [8 x i8]* @ap_fifo_str, i32 0, i32 0, [1 x i8]* @p_str, i32 0, i32 0, [1 x i8]* @p_str, [1 x i8]* @p_str, [1 x i8]* @p_str, i32 2, i32 2, i32 16, i32 16, [1 x i8]* @p_str, [1 x i8]* @p_str)"   --->   Operation 13 'specinterface' <Predicate = true> <Delay = 0.00>
ST_1 : Operation 14 [1/1] (0.00ns)   --->   "call void (...)* @_ssdm_op_SpecInterface(i8* %res_V_data_23_V, [8 x i8]* @ap_fifo_str, i32 0, i32 0, [1 x i8]* @p_str, i32 0, i32 0, [1 x i8]* @p_str, [1 x i8]* @p_str, [1 x i8]* @p_str, i32 2, i32 2, i32 16, i32 16, [1 x i8]* @p_str, [1 x i8]* @p_str)"   --->   Operation 14 'specinterface' <Predicate = true> <Delay = 0.00>
ST_1 : Operation 15 [1/1] (0.00ns)   --->   "call void (...)* @_ssdm_op_SpecInterface(i8* %res_V_data_22_V, [8 x i8]* @ap_fifo_str, i32 0, i32 0, [1 x i8]* @p_str, i32 0, i32 0, [1 x i8]* @p_str, [1 x i8]* @p_str, [1 x i8]* @p_str, i32 2, i32 2, i32 16, i32 16, [1 x i8]* @p_str, [1 x i8]* @p_str)"   --->   Operation 15 'specinterface' <Predicate = true> <Delay = 0.00>
ST_1 : Operation 16 [1/1] (0.00ns)   --->   "call void (...)* @_ssdm_op_SpecInterface(i8* %res_V_data_21_V, [8 x i8]* @ap_fifo_str, i32 0, i32 0, [1 x i8]* @p_str, i32 0, i32 0, [1 x i8]* @p_str, [1 x i8]* @p_str, [1 x i8]* @p_str, i32 2, i32 2, i32 16, i32 16, [1 x i8]* @p_str, [1 x i8]* @p_str)"   --->   Operation 16 'specinterface' <Predicate = true> <Delay = 0.00>
ST_1 : Operation 17 [1/1] (0.00ns)   --->   "call void (...)* @_ssdm_op_SpecInterface(i8* %res_V_data_20_V, [8 x i8]* @ap_fifo_str, i32 0, i32 0, [1 x i8]* @p_str, i32 0, i32 0, [1 x i8]* @p_str, [1 x i8]* @p_str, [1 x i8]* @p_str, i32 2, i32 2, i32 16, i32 16, [1 x i8]* @p_str, [1 x i8]* @p_str)"   --->   Operation 17 'specinterface' <Predicate = true> <Delay = 0.00>
ST_1 : Operation 18 [1/1] (0.00ns)   --->   "call void (...)* @_ssdm_op_SpecInterface(i8* %res_V_data_19_V, [8 x i8]* @ap_fifo_str, i32 0, i32 0, [1 x i8]* @p_str, i32 0, i32 0, [1 x i8]* @p_str, [1 x i8]* @p_str, [1 x i8]* @p_str, i32 2, i32 2, i32 16, i32 16, [1 x i8]* @p_str, [1 x i8]* @p_str)"   --->   Operation 18 'specinterface' <Predicate = true> <Delay = 0.00>
ST_1 : Operation 19 [1/1] (0.00ns)   --->   "call void (...)* @_ssdm_op_SpecInterface(i8* %res_V_data_18_V, [8 x i8]* @ap_fifo_str, i32 0, i32 0, [1 x i8]* @p_str, i32 0, i32 0, [1 x i8]* @p_str, [1 x i8]* @p_str, [1 x i8]* @p_str, i32 2, i32 2, i32 16, i32 16, [1 x i8]* @p_str, [1 x i8]* @p_str)"   --->   Operation 19 'specinterface' <Predicate = true> <Delay = 0.00>
ST_1 : Operation 20 [1/1] (0.00ns)   --->   "call void (...)* @_ssdm_op_SpecInterface(i8* %res_V_data_17_V, [8 x i8]* @ap_fifo_str, i32 0, i32 0, [1 x i8]* @p_str, i32 0, i32 0, [1 x i8]* @p_str, [1 x i8]* @p_str, [1 x i8]* @p_str, i32 2, i32 2, i32 16, i32 16, [1 x i8]* @p_str, [1 x i8]* @p_str)"   --->   Operation 20 'specinterface' <Predicate = true> <Delay = 0.00>
ST_1 : Operation 21 [1/1] (0.00ns)   --->   "call void (...)* @_ssdm_op_SpecInterface(i8* %res_V_data_16_V, [8 x i8]* @ap_fifo_str, i32 0, i32 0, [1 x i8]* @p_str, i32 0, i32 0, [1 x i8]* @p_str, [1 x i8]* @p_str, [1 x i8]* @p_str, i32 2, i32 2, i32 16, i32 16, [1 x i8]* @p_str, [1 x i8]* @p_str)"   --->   Operation 21 'specinterface' <Predicate = true> <Delay = 0.00>
ST_1 : Operation 22 [1/1] (0.00ns)   --->   "call void (...)* @_ssdm_op_SpecInterface(i8* %res_V_data_15_V, [8 x i8]* @ap_fifo_str, i32 0, i32 0, [1 x i8]* @p_str, i32 0, i32 0, [1 x i8]* @p_str, [1 x i8]* @p_str, [1 x i8]* @p_str, i32 2, i32 2, i32 16, i32 16, [1 x i8]* @p_str, [1 x i8]* @p_str)"   --->   Operation 22 'specinterface' <Predicate = true> <Delay = 0.00>
ST_1 : Operation 23 [1/1] (0.00ns)   --->   "call void (...)* @_ssdm_op_SpecInterface(i8* %res_V_data_14_V, [8 x i8]* @ap_fifo_str, i32 0, i32 0, [1 x i8]* @p_str, i32 0, i32 0, [1 x i8]* @p_str, [1 x i8]* @p_str, [1 x i8]* @p_str, i32 2, i32 2, i32 16, i32 16, [1 x i8]* @p_str, [1 x i8]* @p_str)"   --->   Operation 23 'specinterface' <Predicate = true> <Delay = 0.00>
ST_1 : Operation 24 [1/1] (0.00ns)   --->   "call void (...)* @_ssdm_op_SpecInterface(i8* %res_V_data_13_V, [8 x i8]* @ap_fifo_str, i32 0, i32 0, [1 x i8]* @p_str, i32 0, i32 0, [1 x i8]* @p_str, [1 x i8]* @p_str, [1 x i8]* @p_str, i32 2, i32 2, i32 16, i32 16, [1 x i8]* @p_str, [1 x i8]* @p_str)"   --->   Operation 24 'specinterface' <Predicate = true> <Delay = 0.00>
ST_1 : Operation 25 [1/1] (0.00ns)   --->   "call void (...)* @_ssdm_op_SpecInterface(i8* %res_V_data_12_V, [8 x i8]* @ap_fifo_str, i32 0, i32 0, [1 x i8]* @p_str, i32 0, i32 0, [1 x i8]* @p_str, [1 x i8]* @p_str, [1 x i8]* @p_str, i32 2, i32 2, i32 16, i32 16, [1 x i8]* @p_str, [1 x i8]* @p_str)"   --->   Operation 25 'specinterface' <Predicate = true> <Delay = 0.00>
ST_1 : Operation 26 [1/1] (0.00ns)   --->   "call void (...)* @_ssdm_op_SpecInterface(i8* %res_V_data_11_V, [8 x i8]* @ap_fifo_str, i32 0, i32 0, [1 x i8]* @p_str, i32 0, i32 0, [1 x i8]* @p_str, [1 x i8]* @p_str, [1 x i8]* @p_str, i32 2, i32 2, i32 16, i32 16, [1 x i8]* @p_str, [1 x i8]* @p_str)"   --->   Operation 26 'specinterface' <Predicate = true> <Delay = 0.00>
ST_1 : Operation 27 [1/1] (0.00ns)   --->   "call void (...)* @_ssdm_op_SpecInterface(i8* %res_V_data_10_V, [8 x i8]* @ap_fifo_str, i32 0, i32 0, [1 x i8]* @p_str, i32 0, i32 0, [1 x i8]* @p_str, [1 x i8]* @p_str, [1 x i8]* @p_str, i32 2, i32 2, i32 16, i32 16, [1 x i8]* @p_str, [1 x i8]* @p_str)"   --->   Operation 27 'specinterface' <Predicate = true> <Delay = 0.00>
ST_1 : Operation 28 [1/1] (0.00ns)   --->   "call void (...)* @_ssdm_op_SpecInterface(i8* %res_V_data_9_V, [8 x i8]* @ap_fifo_str, i32 0, i32 0, [1 x i8]* @p_str, i32 0, i32 0, [1 x i8]* @p_str, [1 x i8]* @p_str, [1 x i8]* @p_str, i32 2, i32 2, i32 16, i32 16, [1 x i8]* @p_str, [1 x i8]* @p_str)"   --->   Operation 28 'specinterface' <Predicate = true> <Delay = 0.00>
ST_1 : Operation 29 [1/1] (0.00ns)   --->   "call void (...)* @_ssdm_op_SpecInterface(i8* %res_V_data_8_V, [8 x i8]* @ap_fifo_str, i32 0, i32 0, [1 x i8]* @p_str, i32 0, i32 0, [1 x i8]* @p_str, [1 x i8]* @p_str, [1 x i8]* @p_str, i32 2, i32 2, i32 16, i32 16, [1 x i8]* @p_str, [1 x i8]* @p_str)"   --->   Operation 29 'specinterface' <Predicate = true> <Delay = 0.00>
ST_1 : Operation 30 [1/1] (0.00ns)   --->   "call void (...)* @_ssdm_op_SpecInterface(i8* %res_V_data_7_V, [8 x i8]* @ap_fifo_str, i32 0, i32 0, [1 x i8]* @p_str, i32 0, i32 0, [1 x i8]* @p_str, [1 x i8]* @p_str, [1 x i8]* @p_str, i32 2, i32 2, i32 16, i32 16, [1 x i8]* @p_str, [1 x i8]* @p_str)"   --->   Operation 30 'specinterface' <Predicate = true> <Delay = 0.00>
ST_1 : Operation 31 [1/1] (0.00ns)   --->   "call void (...)* @_ssdm_op_SpecInterface(i8* %res_V_data_6_V, [8 x i8]* @ap_fifo_str, i32 0, i32 0, [1 x i8]* @p_str, i32 0, i32 0, [1 x i8]* @p_str, [1 x i8]* @p_str, [1 x i8]* @p_str, i32 2, i32 2, i32 16, i32 16, [1 x i8]* @p_str, [1 x i8]* @p_str)"   --->   Operation 31 'specinterface' <Predicate = true> <Delay = 0.00>
ST_1 : Operation 32 [1/1] (0.00ns)   --->   "call void (...)* @_ssdm_op_SpecInterface(i8* %res_V_data_5_V, [8 x i8]* @ap_fifo_str, i32 0, i32 0, [1 x i8]* @p_str, i32 0, i32 0, [1 x i8]* @p_str, [1 x i8]* @p_str, [1 x i8]* @p_str, i32 2, i32 2, i32 16, i32 16, [1 x i8]* @p_str, [1 x i8]* @p_str)"   --->   Operation 32 'specinterface' <Predicate = true> <Delay = 0.00>
ST_1 : Operation 33 [1/1] (0.00ns)   --->   "call void (...)* @_ssdm_op_SpecInterface(i8* %res_V_data_4_V, [8 x i8]* @ap_fifo_str, i32 0, i32 0, [1 x i8]* @p_str, i32 0, i32 0, [1 x i8]* @p_str, [1 x i8]* @p_str, [1 x i8]* @p_str, i32 2, i32 2, i32 16, i32 16, [1 x i8]* @p_str, [1 x i8]* @p_str)"   --->   Operation 33 'specinterface' <Predicate = true> <Delay = 0.00>
ST_1 : Operation 34 [1/1] (0.00ns)   --->   "call void (...)* @_ssdm_op_SpecInterface(i8* %res_V_data_3_V, [8 x i8]* @ap_fifo_str, i32 0, i32 0, [1 x i8]* @p_str, i32 0, i32 0, [1 x i8]* @p_str, [1 x i8]* @p_str, [1 x i8]* @p_str, i32 2, i32 2, i32 16, i32 16, [1 x i8]* @p_str, [1 x i8]* @p_str)"   --->   Operation 34 'specinterface' <Predicate = true> <Delay = 0.00>
ST_1 : Operation 35 [1/1] (0.00ns)   --->   "call void (...)* @_ssdm_op_SpecInterface(i8* %res_V_data_2_V, [8 x i8]* @ap_fifo_str, i32 0, i32 0, [1 x i8]* @p_str, i32 0, i32 0, [1 x i8]* @p_str, [1 x i8]* @p_str, [1 x i8]* @p_str, i32 2, i32 2, i32 16, i32 16, [1 x i8]* @p_str, [1 x i8]* @p_str)"   --->   Operation 35 'specinterface' <Predicate = true> <Delay = 0.00>
ST_1 : Operation 36 [1/1] (0.00ns)   --->   "call void (...)* @_ssdm_op_SpecInterface(i8* %res_V_data_1_V, [8 x i8]* @ap_fifo_str, i32 0, i32 0, [1 x i8]* @p_str, i32 0, i32 0, [1 x i8]* @p_str, [1 x i8]* @p_str, [1 x i8]* @p_str, i32 2, i32 2, i32 16, i32 16, [1 x i8]* @p_str, [1 x i8]* @p_str)"   --->   Operation 36 'specinterface' <Predicate = true> <Delay = 0.00>
ST_1 : Operation 37 [1/1] (0.00ns)   --->   "call void (...)* @_ssdm_op_SpecInterface(i8* %res_V_data_0_V, [8 x i8]* @ap_fifo_str, i32 0, i32 0, [1 x i8]* @p_str, i32 0, i32 0, [1 x i8]* @p_str, [1 x i8]* @p_str, [1 x i8]* @p_str, i32 2, i32 2, i32 16, i32 16, [1 x i8]* @p_str, [1 x i8]* @p_str)"   --->   Operation 37 'specinterface' <Predicate = true> <Delay = 0.00>
ST_1 : Operation 38 [1/1] (0.00ns)   --->   "call void (...)* @_ssdm_op_SpecInterface(i14* %data_V_data_31_V, [8 x i8]* @ap_fifo_str, i32 0, i32 0, [1 x i8]* @p_str, i32 0, i32 0, [1 x i8]* @p_str, [1 x i8]* @p_str, [1 x i8]* @p_str, i32 2, i32 2, i32 16, i32 16, [1 x i8]* @p_str, [1 x i8]* @p_str)"   --->   Operation 38 'specinterface' <Predicate = true> <Delay = 0.00>
ST_1 : Operation 39 [1/1] (0.00ns)   --->   "call void (...)* @_ssdm_op_SpecInterface(i14* %data_V_data_30_V, [8 x i8]* @ap_fifo_str, i32 0, i32 0, [1 x i8]* @p_str, i32 0, i32 0, [1 x i8]* @p_str, [1 x i8]* @p_str, [1 x i8]* @p_str, i32 2, i32 2, i32 16, i32 16, [1 x i8]* @p_str, [1 x i8]* @p_str)"   --->   Operation 39 'specinterface' <Predicate = true> <Delay = 0.00>
ST_1 : Operation 40 [1/1] (0.00ns)   --->   "call void (...)* @_ssdm_op_SpecInterface(i14* %data_V_data_29_V, [8 x i8]* @ap_fifo_str, i32 0, i32 0, [1 x i8]* @p_str, i32 0, i32 0, [1 x i8]* @p_str, [1 x i8]* @p_str, [1 x i8]* @p_str, i32 2, i32 2, i32 16, i32 16, [1 x i8]* @p_str, [1 x i8]* @p_str)"   --->   Operation 40 'specinterface' <Predicate = true> <Delay = 0.00>
ST_1 : Operation 41 [1/1] (0.00ns)   --->   "call void (...)* @_ssdm_op_SpecInterface(i14* %data_V_data_28_V, [8 x i8]* @ap_fifo_str, i32 0, i32 0, [1 x i8]* @p_str, i32 0, i32 0, [1 x i8]* @p_str, [1 x i8]* @p_str, [1 x i8]* @p_str, i32 2, i32 2, i32 16, i32 16, [1 x i8]* @p_str, [1 x i8]* @p_str)"   --->   Operation 41 'specinterface' <Predicate = true> <Delay = 0.00>
ST_1 : Operation 42 [1/1] (0.00ns)   --->   "call void (...)* @_ssdm_op_SpecInterface(i14* %data_V_data_27_V, [8 x i8]* @ap_fifo_str, i32 0, i32 0, [1 x i8]* @p_str, i32 0, i32 0, [1 x i8]* @p_str, [1 x i8]* @p_str, [1 x i8]* @p_str, i32 2, i32 2, i32 16, i32 16, [1 x i8]* @p_str, [1 x i8]* @p_str)"   --->   Operation 42 'specinterface' <Predicate = true> <Delay = 0.00>
ST_1 : Operation 43 [1/1] (0.00ns)   --->   "call void (...)* @_ssdm_op_SpecInterface(i14* %data_V_data_26_V, [8 x i8]* @ap_fifo_str, i32 0, i32 0, [1 x i8]* @p_str, i32 0, i32 0, [1 x i8]* @p_str, [1 x i8]* @p_str, [1 x i8]* @p_str, i32 2, i32 2, i32 16, i32 16, [1 x i8]* @p_str, [1 x i8]* @p_str)"   --->   Operation 43 'specinterface' <Predicate = true> <Delay = 0.00>
ST_1 : Operation 44 [1/1] (0.00ns)   --->   "call void (...)* @_ssdm_op_SpecInterface(i14* %data_V_data_25_V, [8 x i8]* @ap_fifo_str, i32 0, i32 0, [1 x i8]* @p_str, i32 0, i32 0, [1 x i8]* @p_str, [1 x i8]* @p_str, [1 x i8]* @p_str, i32 2, i32 2, i32 16, i32 16, [1 x i8]* @p_str, [1 x i8]* @p_str)"   --->   Operation 44 'specinterface' <Predicate = true> <Delay = 0.00>
ST_1 : Operation 45 [1/1] (0.00ns)   --->   "call void (...)* @_ssdm_op_SpecInterface(i14* %data_V_data_24_V, [8 x i8]* @ap_fifo_str, i32 0, i32 0, [1 x i8]* @p_str, i32 0, i32 0, [1 x i8]* @p_str, [1 x i8]* @p_str, [1 x i8]* @p_str, i32 2, i32 2, i32 16, i32 16, [1 x i8]* @p_str, [1 x i8]* @p_str)"   --->   Operation 45 'specinterface' <Predicate = true> <Delay = 0.00>
ST_1 : Operation 46 [1/1] (0.00ns)   --->   "call void (...)* @_ssdm_op_SpecInterface(i14* %data_V_data_23_V, [8 x i8]* @ap_fifo_str, i32 0, i32 0, [1 x i8]* @p_str, i32 0, i32 0, [1 x i8]* @p_str, [1 x i8]* @p_str, [1 x i8]* @p_str, i32 2, i32 2, i32 16, i32 16, [1 x i8]* @p_str, [1 x i8]* @p_str)"   --->   Operation 46 'specinterface' <Predicate = true> <Delay = 0.00>
ST_1 : Operation 47 [1/1] (0.00ns)   --->   "call void (...)* @_ssdm_op_SpecInterface(i14* %data_V_data_22_V, [8 x i8]* @ap_fifo_str, i32 0, i32 0, [1 x i8]* @p_str, i32 0, i32 0, [1 x i8]* @p_str, [1 x i8]* @p_str, [1 x i8]* @p_str, i32 2, i32 2, i32 16, i32 16, [1 x i8]* @p_str, [1 x i8]* @p_str)"   --->   Operation 47 'specinterface' <Predicate = true> <Delay = 0.00>
ST_1 : Operation 48 [1/1] (0.00ns)   --->   "call void (...)* @_ssdm_op_SpecInterface(i14* %data_V_data_21_V, [8 x i8]* @ap_fifo_str, i32 0, i32 0, [1 x i8]* @p_str, i32 0, i32 0, [1 x i8]* @p_str, [1 x i8]* @p_str, [1 x i8]* @p_str, i32 2, i32 2, i32 16, i32 16, [1 x i8]* @p_str, [1 x i8]* @p_str)"   --->   Operation 48 'specinterface' <Predicate = true> <Delay = 0.00>
ST_1 : Operation 49 [1/1] (0.00ns)   --->   "call void (...)* @_ssdm_op_SpecInterface(i14* %data_V_data_20_V, [8 x i8]* @ap_fifo_str, i32 0, i32 0, [1 x i8]* @p_str, i32 0, i32 0, [1 x i8]* @p_str, [1 x i8]* @p_str, [1 x i8]* @p_str, i32 2, i32 2, i32 16, i32 16, [1 x i8]* @p_str, [1 x i8]* @p_str)"   --->   Operation 49 'specinterface' <Predicate = true> <Delay = 0.00>
ST_1 : Operation 50 [1/1] (0.00ns)   --->   "call void (...)* @_ssdm_op_SpecInterface(i14* %data_V_data_19_V, [8 x i8]* @ap_fifo_str, i32 0, i32 0, [1 x i8]* @p_str, i32 0, i32 0, [1 x i8]* @p_str, [1 x i8]* @p_str, [1 x i8]* @p_str, i32 2, i32 2, i32 16, i32 16, [1 x i8]* @p_str, [1 x i8]* @p_str)"   --->   Operation 50 'specinterface' <Predicate = true> <Delay = 0.00>
ST_1 : Operation 51 [1/1] (0.00ns)   --->   "call void (...)* @_ssdm_op_SpecInterface(i14* %data_V_data_18_V, [8 x i8]* @ap_fifo_str, i32 0, i32 0, [1 x i8]* @p_str, i32 0, i32 0, [1 x i8]* @p_str, [1 x i8]* @p_str, [1 x i8]* @p_str, i32 2, i32 2, i32 16, i32 16, [1 x i8]* @p_str, [1 x i8]* @p_str)"   --->   Operation 51 'specinterface' <Predicate = true> <Delay = 0.00>
ST_1 : Operation 52 [1/1] (0.00ns)   --->   "call void (...)* @_ssdm_op_SpecInterface(i14* %data_V_data_17_V, [8 x i8]* @ap_fifo_str, i32 0, i32 0, [1 x i8]* @p_str, i32 0, i32 0, [1 x i8]* @p_str, [1 x i8]* @p_str, [1 x i8]* @p_str, i32 2, i32 2, i32 16, i32 16, [1 x i8]* @p_str, [1 x i8]* @p_str)"   --->   Operation 52 'specinterface' <Predicate = true> <Delay = 0.00>
ST_1 : Operation 53 [1/1] (0.00ns)   --->   "call void (...)* @_ssdm_op_SpecInterface(i14* %data_V_data_16_V, [8 x i8]* @ap_fifo_str, i32 0, i32 0, [1 x i8]* @p_str, i32 0, i32 0, [1 x i8]* @p_str, [1 x i8]* @p_str, [1 x i8]* @p_str, i32 2, i32 2, i32 16, i32 16, [1 x i8]* @p_str, [1 x i8]* @p_str)"   --->   Operation 53 'specinterface' <Predicate = true> <Delay = 0.00>
ST_1 : Operation 54 [1/1] (0.00ns)   --->   "call void (...)* @_ssdm_op_SpecInterface(i14* %data_V_data_15_V, [8 x i8]* @ap_fifo_str, i32 0, i32 0, [1 x i8]* @p_str, i32 0, i32 0, [1 x i8]* @p_str, [1 x i8]* @p_str, [1 x i8]* @p_str, i32 2, i32 2, i32 16, i32 16, [1 x i8]* @p_str, [1 x i8]* @p_str)"   --->   Operation 54 'specinterface' <Predicate = true> <Delay = 0.00>
ST_1 : Operation 55 [1/1] (0.00ns)   --->   "call void (...)* @_ssdm_op_SpecInterface(i14* %data_V_data_14_V, [8 x i8]* @ap_fifo_str, i32 0, i32 0, [1 x i8]* @p_str, i32 0, i32 0, [1 x i8]* @p_str, [1 x i8]* @p_str, [1 x i8]* @p_str, i32 2, i32 2, i32 16, i32 16, [1 x i8]* @p_str, [1 x i8]* @p_str)"   --->   Operation 55 'specinterface' <Predicate = true> <Delay = 0.00>
ST_1 : Operation 56 [1/1] (0.00ns)   --->   "call void (...)* @_ssdm_op_SpecInterface(i14* %data_V_data_13_V, [8 x i8]* @ap_fifo_str, i32 0, i32 0, [1 x i8]* @p_str, i32 0, i32 0, [1 x i8]* @p_str, [1 x i8]* @p_str, [1 x i8]* @p_str, i32 2, i32 2, i32 16, i32 16, [1 x i8]* @p_str, [1 x i8]* @p_str)"   --->   Operation 56 'specinterface' <Predicate = true> <Delay = 0.00>
ST_1 : Operation 57 [1/1] (0.00ns)   --->   "call void (...)* @_ssdm_op_SpecInterface(i14* %data_V_data_12_V, [8 x i8]* @ap_fifo_str, i32 0, i32 0, [1 x i8]* @p_str, i32 0, i32 0, [1 x i8]* @p_str, [1 x i8]* @p_str, [1 x i8]* @p_str, i32 2, i32 2, i32 16, i32 16, [1 x i8]* @p_str, [1 x i8]* @p_str)"   --->   Operation 57 'specinterface' <Predicate = true> <Delay = 0.00>
ST_1 : Operation 58 [1/1] (0.00ns)   --->   "call void (...)* @_ssdm_op_SpecInterface(i14* %data_V_data_11_V, [8 x i8]* @ap_fifo_str, i32 0, i32 0, [1 x i8]* @p_str, i32 0, i32 0, [1 x i8]* @p_str, [1 x i8]* @p_str, [1 x i8]* @p_str, i32 2, i32 2, i32 16, i32 16, [1 x i8]* @p_str, [1 x i8]* @p_str)"   --->   Operation 58 'specinterface' <Predicate = true> <Delay = 0.00>
ST_1 : Operation 59 [1/1] (0.00ns)   --->   "call void (...)* @_ssdm_op_SpecInterface(i14* %data_V_data_10_V, [8 x i8]* @ap_fifo_str, i32 0, i32 0, [1 x i8]* @p_str, i32 0, i32 0, [1 x i8]* @p_str, [1 x i8]* @p_str, [1 x i8]* @p_str, i32 2, i32 2, i32 16, i32 16, [1 x i8]* @p_str, [1 x i8]* @p_str)"   --->   Operation 59 'specinterface' <Predicate = true> <Delay = 0.00>
ST_1 : Operation 60 [1/1] (0.00ns)   --->   "call void (...)* @_ssdm_op_SpecInterface(i14* %data_V_data_9_V, [8 x i8]* @ap_fifo_str, i32 0, i32 0, [1 x i8]* @p_str, i32 0, i32 0, [1 x i8]* @p_str, [1 x i8]* @p_str, [1 x i8]* @p_str, i32 2, i32 2, i32 16, i32 16, [1 x i8]* @p_str, [1 x i8]* @p_str)"   --->   Operation 60 'specinterface' <Predicate = true> <Delay = 0.00>
ST_1 : Operation 61 [1/1] (0.00ns)   --->   "call void (...)* @_ssdm_op_SpecInterface(i14* %data_V_data_8_V, [8 x i8]* @ap_fifo_str, i32 0, i32 0, [1 x i8]* @p_str, i32 0, i32 0, [1 x i8]* @p_str, [1 x i8]* @p_str, [1 x i8]* @p_str, i32 2, i32 2, i32 16, i32 16, [1 x i8]* @p_str, [1 x i8]* @p_str)"   --->   Operation 61 'specinterface' <Predicate = true> <Delay = 0.00>
ST_1 : Operation 62 [1/1] (0.00ns)   --->   "call void (...)* @_ssdm_op_SpecInterface(i14* %data_V_data_7_V, [8 x i8]* @ap_fifo_str, i32 0, i32 0, [1 x i8]* @p_str, i32 0, i32 0, [1 x i8]* @p_str, [1 x i8]* @p_str, [1 x i8]* @p_str, i32 2, i32 2, i32 16, i32 16, [1 x i8]* @p_str, [1 x i8]* @p_str)"   --->   Operation 62 'specinterface' <Predicate = true> <Delay = 0.00>
ST_1 : Operation 63 [1/1] (0.00ns)   --->   "call void (...)* @_ssdm_op_SpecInterface(i14* %data_V_data_6_V, [8 x i8]* @ap_fifo_str, i32 0, i32 0, [1 x i8]* @p_str, i32 0, i32 0, [1 x i8]* @p_str, [1 x i8]* @p_str, [1 x i8]* @p_str, i32 2, i32 2, i32 16, i32 16, [1 x i8]* @p_str, [1 x i8]* @p_str)"   --->   Operation 63 'specinterface' <Predicate = true> <Delay = 0.00>
ST_1 : Operation 64 [1/1] (0.00ns)   --->   "call void (...)* @_ssdm_op_SpecInterface(i14* %data_V_data_5_V, [8 x i8]* @ap_fifo_str, i32 0, i32 0, [1 x i8]* @p_str, i32 0, i32 0, [1 x i8]* @p_str, [1 x i8]* @p_str, [1 x i8]* @p_str, i32 2, i32 2, i32 16, i32 16, [1 x i8]* @p_str, [1 x i8]* @p_str)"   --->   Operation 64 'specinterface' <Predicate = true> <Delay = 0.00>
ST_1 : Operation 65 [1/1] (0.00ns)   --->   "call void (...)* @_ssdm_op_SpecInterface(i14* %data_V_data_4_V, [8 x i8]* @ap_fifo_str, i32 0, i32 0, [1 x i8]* @p_str, i32 0, i32 0, [1 x i8]* @p_str, [1 x i8]* @p_str, [1 x i8]* @p_str, i32 2, i32 2, i32 16, i32 16, [1 x i8]* @p_str, [1 x i8]* @p_str)"   --->   Operation 65 'specinterface' <Predicate = true> <Delay = 0.00>
ST_1 : Operation 66 [1/1] (0.00ns)   --->   "call void (...)* @_ssdm_op_SpecInterface(i14* %data_V_data_3_V, [8 x i8]* @ap_fifo_str, i32 0, i32 0, [1 x i8]* @p_str, i32 0, i32 0, [1 x i8]* @p_str, [1 x i8]* @p_str, [1 x i8]* @p_str, i32 2, i32 2, i32 16, i32 16, [1 x i8]* @p_str, [1 x i8]* @p_str)"   --->   Operation 66 'specinterface' <Predicate = true> <Delay = 0.00>
ST_1 : Operation 67 [1/1] (0.00ns)   --->   "call void (...)* @_ssdm_op_SpecInterface(i14* %data_V_data_2_V, [8 x i8]* @ap_fifo_str, i32 0, i32 0, [1 x i8]* @p_str, i32 0, i32 0, [1 x i8]* @p_str, [1 x i8]* @p_str, [1 x i8]* @p_str, i32 2, i32 2, i32 16, i32 16, [1 x i8]* @p_str, [1 x i8]* @p_str)"   --->   Operation 67 'specinterface' <Predicate = true> <Delay = 0.00>
ST_1 : Operation 68 [1/1] (0.00ns)   --->   "call void (...)* @_ssdm_op_SpecInterface(i14* %data_V_data_1_V, [8 x i8]* @ap_fifo_str, i32 0, i32 0, [1 x i8]* @p_str, i32 0, i32 0, [1 x i8]* @p_str, [1 x i8]* @p_str, [1 x i8]* @p_str, i32 2, i32 2, i32 16, i32 16, [1 x i8]* @p_str, [1 x i8]* @p_str)"   --->   Operation 68 'specinterface' <Predicate = true> <Delay = 0.00>
ST_1 : Operation 69 [1/1] (0.00ns)   --->   "call void (...)* @_ssdm_op_SpecInterface(i14* %data_V_data_0_V, [8 x i8]* @ap_fifo_str, i32 0, i32 0, [1 x i8]* @p_str, i32 0, i32 0, [1 x i8]* @p_str, [1 x i8]* @p_str, [1 x i8]* @p_str, i32 2, i32 2, i32 16, i32 16, [1 x i8]* @p_str, [1 x i8]* @p_str)"   --->   Operation 69 'specinterface' <Predicate = true> <Delay = 0.00>
ST_1 : Operation 70 [1/1] (1.76ns)   --->   "br label %1" [firmware/nnet_utils/nnet_activation_stream.h:41]   --->   Operation 70 'br' <Predicate = true> <Delay = 1.76>

State 2 <SV = 1> <Delay = 1.87>
ST_2 : Operation 71 [1/1] (0.00ns)   --->   "%i_0 = phi i7 [ 0, %0 ], [ %i, %ReLUActLoop ]"   --->   Operation 71 'phi' 'i_0' <Predicate = true> <Delay = 0.00>
ST_2 : Operation 72 [1/1] (1.48ns)   --->   "%icmp_ln41 = icmp eq i7 %i_0, -64" [firmware/nnet_utils/nnet_activation_stream.h:41]   --->   Operation 72 'icmp' 'icmp_ln41' <Predicate = true> <Delay = 1.48> <Core = "Cmp">   --->   Core 25 'Cmp' <Latency = 0> <II = 1> <Delay = 1.30> <FuncUnit> <Opcode : 'icmp'> <InPorts = 2> <OutPorts = 1>
ST_2 : Operation 73 [1/1] (0.00ns)   --->   "%empty = call i32 (...)* @_ssdm_op_SpecLoopTripCount(i64 64, i64 64, i64 64)"   --->   Operation 73 'speclooptripcount' 'empty' <Predicate = true> <Delay = 0.00>
ST_2 : Operation 74 [1/1] (1.87ns)   --->   "%i = add i7 %i_0, 1" [firmware/nnet_utils/nnet_activation_stream.h:41]   --->   Operation 74 'add' 'i' <Predicate = true> <Delay = 1.87> <Core = "AddSub">   --->   Core 14 'AddSub' <Latency = 0> <II = 1> <Delay = 1.87> <FuncUnit> <Opcode : 'add' 'sub'> <InPorts = 2> <OutPorts = 1>
ST_2 : Operation 75 [1/1] (0.00ns)   --->   "br i1 %icmp_ln41, label %2, label %ReLUActLoop" [firmware/nnet_utils/nnet_activation_stream.h:41]   --->   Operation 75 'br' <Predicate = true> <Delay = 0.00>

State 3 <SV = 2> <Delay = 7.53>
ST_3 : Operation 76 [1/1] (3.63ns)   --->   "%empty_41 = call { i14, i14, i14, i14, i14, i14, i14, i14, i14, i14, i14, i14, i14, i14, i14, i14, i14, i14, i14, i14, i14, i14, i14, i14, i14, i14, i14, i14, i14, i14, i14, i14 } @_ssdm_op_Read.ap_fifo.volatile.i14P.i14P.i14P.i14P.i14P.i14P.i14P.i14P.i14P.i14P.i14P.i14P.i14P.i14P.i14P.i14P.i14P.i14P.i14P.i14P.i14P.i14P.i14P.i14P.i14P.i14P.i14P.i14P.i14P.i14P.i14P.i14P(i14* %data_V_data_0_V, i14* %data_V_data_1_V, i14* %data_V_data_2_V, i14* %data_V_data_3_V, i14* %data_V_data_4_V, i14* %data_V_data_5_V, i14* %data_V_data_6_V, i14* %data_V_data_7_V, i14* %data_V_data_8_V, i14* %data_V_data_9_V, i14* %data_V_data_10_V, i14* %data_V_data_11_V, i14* %data_V_data_12_V, i14* %data_V_data_13_V, i14* %data_V_data_14_V, i14* %data_V_data_15_V, i14* %data_V_data_16_V, i14* %data_V_data_17_V, i14* %data_V_data_18_V, i14* %data_V_data_19_V, i14* %data_V_data_20_V, i14* %data_V_data_21_V, i14* %data_V_data_22_V, i14* %data_V_data_23_V, i14* %data_V_data_24_V, i14* %data_V_data_25_V, i14* %data_V_data_26_V, i14* %data_V_data_27_V, i14* %data_V_data_28_V, i14* %data_V_data_29_V, i14* %data_V_data_30_V, i14* %data_V_data_31_V)" [firmware/nnet_utils/nnet_activation_stream.h:44]   --->   Operation 76 'read' 'empty_41' <Predicate = (!icmp_ln41)> <Delay = 3.63> <Core = "FIFO">   --->   Core 32 'FIFO' <Latency = 0> <II = 1> <Delay = 3.63> <Storage> <Opcode : 'read' 'write' 'nbread' 'nbwrite'> <Ports = 0> <Width = 14> <Depth = 1> <FIFO>
ST_3 : Operation 77 [1/1] (0.00ns)   --->   "%tmp_data_V_0 = extractvalue { i14, i14, i14, i14, i14, i14, i14, i14, i14, i14, i14, i14, i14, i14, i14, i14, i14, i14, i14, i14, i14, i14, i14, i14, i14, i14, i14, i14, i14, i14, i14, i14 } %empty_41, 0" [firmware/nnet_utils/nnet_activation_stream.h:44]   --->   Operation 77 'extractvalue' 'tmp_data_V_0' <Predicate = (!icmp_ln41)> <Delay = 0.00>
ST_3 : Operation 78 [1/1] (0.00ns)   --->   "%tmp_data_V_1 = extractvalue { i14, i14, i14, i14, i14, i14, i14, i14, i14, i14, i14, i14, i14, i14, i14, i14, i14, i14, i14, i14, i14, i14, i14, i14, i14, i14, i14, i14, i14, i14, i14, i14 } %empty_41, 1" [firmware/nnet_utils/nnet_activation_stream.h:44]   --->   Operation 78 'extractvalue' 'tmp_data_V_1' <Predicate = (!icmp_ln41)> <Delay = 0.00>
ST_3 : Operation 79 [1/1] (0.00ns)   --->   "%tmp_data_V_2 = extractvalue { i14, i14, i14, i14, i14, i14, i14, i14, i14, i14, i14, i14, i14, i14, i14, i14, i14, i14, i14, i14, i14, i14, i14, i14, i14, i14, i14, i14, i14, i14, i14, i14 } %empty_41, 2" [firmware/nnet_utils/nnet_activation_stream.h:44]   --->   Operation 79 'extractvalue' 'tmp_data_V_2' <Predicate = (!icmp_ln41)> <Delay = 0.00>
ST_3 : Operation 80 [1/1] (0.00ns)   --->   "%tmp_data_V_3 = extractvalue { i14, i14, i14, i14, i14, i14, i14, i14, i14, i14, i14, i14, i14, i14, i14, i14, i14, i14, i14, i14, i14, i14, i14, i14, i14, i14, i14, i14, i14, i14, i14, i14 } %empty_41, 3" [firmware/nnet_utils/nnet_activation_stream.h:44]   --->   Operation 80 'extractvalue' 'tmp_data_V_3' <Predicate = (!icmp_ln41)> <Delay = 0.00>
ST_3 : Operation 81 [1/1] (0.00ns)   --->   "%tmp_data_V_4 = extractvalue { i14, i14, i14, i14, i14, i14, i14, i14, i14, i14, i14, i14, i14, i14, i14, i14, i14, i14, i14, i14, i14, i14, i14, i14, i14, i14, i14, i14, i14, i14, i14, i14 } %empty_41, 4" [firmware/nnet_utils/nnet_activation_stream.h:44]   --->   Operation 81 'extractvalue' 'tmp_data_V_4' <Predicate = (!icmp_ln41)> <Delay = 0.00>
ST_3 : Operation 82 [1/1] (0.00ns)   --->   "%tmp_data_V_5 = extractvalue { i14, i14, i14, i14, i14, i14, i14, i14, i14, i14, i14, i14, i14, i14, i14, i14, i14, i14, i14, i14, i14, i14, i14, i14, i14, i14, i14, i14, i14, i14, i14, i14 } %empty_41, 5" [firmware/nnet_utils/nnet_activation_stream.h:44]   --->   Operation 82 'extractvalue' 'tmp_data_V_5' <Predicate = (!icmp_ln41)> <Delay = 0.00>
ST_3 : Operation 83 [1/1] (0.00ns)   --->   "%tmp_data_V_6 = extractvalue { i14, i14, i14, i14, i14, i14, i14, i14, i14, i14, i14, i14, i14, i14, i14, i14, i14, i14, i14, i14, i14, i14, i14, i14, i14, i14, i14, i14, i14, i14, i14, i14 } %empty_41, 6" [firmware/nnet_utils/nnet_activation_stream.h:44]   --->   Operation 83 'extractvalue' 'tmp_data_V_6' <Predicate = (!icmp_ln41)> <Delay = 0.00>
ST_3 : Operation 84 [1/1] (0.00ns)   --->   "%tmp_data_V_7 = extractvalue { i14, i14, i14, i14, i14, i14, i14, i14, i14, i14, i14, i14, i14, i14, i14, i14, i14, i14, i14, i14, i14, i14, i14, i14, i14, i14, i14, i14, i14, i14, i14, i14 } %empty_41, 7" [firmware/nnet_utils/nnet_activation_stream.h:44]   --->   Operation 84 'extractvalue' 'tmp_data_V_7' <Predicate = (!icmp_ln41)> <Delay = 0.00>
ST_3 : Operation 85 [1/1] (0.00ns)   --->   "%tmp_data_V_8 = extractvalue { i14, i14, i14, i14, i14, i14, i14, i14, i14, i14, i14, i14, i14, i14, i14, i14, i14, i14, i14, i14, i14, i14, i14, i14, i14, i14, i14, i14, i14, i14, i14, i14 } %empty_41, 8" [firmware/nnet_utils/nnet_activation_stream.h:44]   --->   Operation 85 'extractvalue' 'tmp_data_V_8' <Predicate = (!icmp_ln41)> <Delay = 0.00>
ST_3 : Operation 86 [1/1] (0.00ns)   --->   "%tmp_data_V_9 = extractvalue { i14, i14, i14, i14, i14, i14, i14, i14, i14, i14, i14, i14, i14, i14, i14, i14, i14, i14, i14, i14, i14, i14, i14, i14, i14, i14, i14, i14, i14, i14, i14, i14 } %empty_41, 9" [firmware/nnet_utils/nnet_activation_stream.h:44]   --->   Operation 86 'extractvalue' 'tmp_data_V_9' <Predicate = (!icmp_ln41)> <Delay = 0.00>
ST_3 : Operation 87 [1/1] (0.00ns)   --->   "%tmp_data_V_10 = extractvalue { i14, i14, i14, i14, i14, i14, i14, i14, i14, i14, i14, i14, i14, i14, i14, i14, i14, i14, i14, i14, i14, i14, i14, i14, i14, i14, i14, i14, i14, i14, i14, i14 } %empty_41, 10" [firmware/nnet_utils/nnet_activation_stream.h:44]   --->   Operation 87 'extractvalue' 'tmp_data_V_10' <Predicate = (!icmp_ln41)> <Delay = 0.00>
ST_3 : Operation 88 [1/1] (0.00ns)   --->   "%tmp_data_V_11 = extractvalue { i14, i14, i14, i14, i14, i14, i14, i14, i14, i14, i14, i14, i14, i14, i14, i14, i14, i14, i14, i14, i14, i14, i14, i14, i14, i14, i14, i14, i14, i14, i14, i14 } %empty_41, 11" [firmware/nnet_utils/nnet_activation_stream.h:44]   --->   Operation 88 'extractvalue' 'tmp_data_V_11' <Predicate = (!icmp_ln41)> <Delay = 0.00>
ST_3 : Operation 89 [1/1] (0.00ns)   --->   "%tmp_data_V_12 = extractvalue { i14, i14, i14, i14, i14, i14, i14, i14, i14, i14, i14, i14, i14, i14, i14, i14, i14, i14, i14, i14, i14, i14, i14, i14, i14, i14, i14, i14, i14, i14, i14, i14 } %empty_41, 12" [firmware/nnet_utils/nnet_activation_stream.h:44]   --->   Operation 89 'extractvalue' 'tmp_data_V_12' <Predicate = (!icmp_ln41)> <Delay = 0.00>
ST_3 : Operation 90 [1/1] (0.00ns)   --->   "%tmp_data_V_1339 = extractvalue { i14, i14, i14, i14, i14, i14, i14, i14, i14, i14, i14, i14, i14, i14, i14, i14, i14, i14, i14, i14, i14, i14, i14, i14, i14, i14, i14, i14, i14, i14, i14, i14 } %empty_41, 13" [firmware/nnet_utils/nnet_activation_stream.h:44]   --->   Operation 90 'extractvalue' 'tmp_data_V_1339' <Predicate = (!icmp_ln41)> <Delay = 0.00>
ST_3 : Operation 91 [1/1] (0.00ns)   --->   "%tmp_data_V_14 = extractvalue { i14, i14, i14, i14, i14, i14, i14, i14, i14, i14, i14, i14, i14, i14, i14, i14, i14, i14, i14, i14, i14, i14, i14, i14, i14, i14, i14, i14, i14, i14, i14, i14 } %empty_41, 14" [firmware/nnet_utils/nnet_activation_stream.h:44]   --->   Operation 91 'extractvalue' 'tmp_data_V_14' <Predicate = (!icmp_ln41)> <Delay = 0.00>
ST_3 : Operation 92 [1/1] (0.00ns)   --->   "%tmp_data_V_15 = extractvalue { i14, i14, i14, i14, i14, i14, i14, i14, i14, i14, i14, i14, i14, i14, i14, i14, i14, i14, i14, i14, i14, i14, i14, i14, i14, i14, i14, i14, i14, i14, i14, i14 } %empty_41, 15" [firmware/nnet_utils/nnet_activation_stream.h:44]   --->   Operation 92 'extractvalue' 'tmp_data_V_15' <Predicate = (!icmp_ln41)> <Delay = 0.00>
ST_3 : Operation 93 [1/1] (0.00ns)   --->   "%tmp_data_V_16 = extractvalue { i14, i14, i14, i14, i14, i14, i14, i14, i14, i14, i14, i14, i14, i14, i14, i14, i14, i14, i14, i14, i14, i14, i14, i14, i14, i14, i14, i14, i14, i14, i14, i14 } %empty_41, 16" [firmware/nnet_utils/nnet_activation_stream.h:44]   --->   Operation 93 'extractvalue' 'tmp_data_V_16' <Predicate = (!icmp_ln41)> <Delay = 0.00>
ST_3 : Operation 94 [1/1] (0.00ns)   --->   "%tmp_data_V_17 = extractvalue { i14, i14, i14, i14, i14, i14, i14, i14, i14, i14, i14, i14, i14, i14, i14, i14, i14, i14, i14, i14, i14, i14, i14, i14, i14, i14, i14, i14, i14, i14, i14, i14 } %empty_41, 17" [firmware/nnet_utils/nnet_activation_stream.h:44]   --->   Operation 94 'extractvalue' 'tmp_data_V_17' <Predicate = (!icmp_ln41)> <Delay = 0.00>
ST_3 : Operation 95 [1/1] (0.00ns)   --->   "%tmp_data_V_18 = extractvalue { i14, i14, i14, i14, i14, i14, i14, i14, i14, i14, i14, i14, i14, i14, i14, i14, i14, i14, i14, i14, i14, i14, i14, i14, i14, i14, i14, i14, i14, i14, i14, i14 } %empty_41, 18" [firmware/nnet_utils/nnet_activation_stream.h:44]   --->   Operation 95 'extractvalue' 'tmp_data_V_18' <Predicate = (!icmp_ln41)> <Delay = 0.00>
ST_3 : Operation 96 [1/1] (0.00ns)   --->   "%tmp_data_V_19 = extractvalue { i14, i14, i14, i14, i14, i14, i14, i14, i14, i14, i14, i14, i14, i14, i14, i14, i14, i14, i14, i14, i14, i14, i14, i14, i14, i14, i14, i14, i14, i14, i14, i14 } %empty_41, 19" [firmware/nnet_utils/nnet_activation_stream.h:44]   --->   Operation 96 'extractvalue' 'tmp_data_V_19' <Predicate = (!icmp_ln41)> <Delay = 0.00>
ST_3 : Operation 97 [1/1] (0.00ns)   --->   "%tmp_data_V_20 = extractvalue { i14, i14, i14, i14, i14, i14, i14, i14, i14, i14, i14, i14, i14, i14, i14, i14, i14, i14, i14, i14, i14, i14, i14, i14, i14, i14, i14, i14, i14, i14, i14, i14 } %empty_41, 20" [firmware/nnet_utils/nnet_activation_stream.h:44]   --->   Operation 97 'extractvalue' 'tmp_data_V_20' <Predicate = (!icmp_ln41)> <Delay = 0.00>
ST_3 : Operation 98 [1/1] (0.00ns)   --->   "%tmp_data_V_21 = extractvalue { i14, i14, i14, i14, i14, i14, i14, i14, i14, i14, i14, i14, i14, i14, i14, i14, i14, i14, i14, i14, i14, i14, i14, i14, i14, i14, i14, i14, i14, i14, i14, i14 } %empty_41, 21" [firmware/nnet_utils/nnet_activation_stream.h:44]   --->   Operation 98 'extractvalue' 'tmp_data_V_21' <Predicate = (!icmp_ln41)> <Delay = 0.00>
ST_3 : Operation 99 [1/1] (0.00ns)   --->   "%tmp_data_V_22 = extractvalue { i14, i14, i14, i14, i14, i14, i14, i14, i14, i14, i14, i14, i14, i14, i14, i14, i14, i14, i14, i14, i14, i14, i14, i14, i14, i14, i14, i14, i14, i14, i14, i14 } %empty_41, 22" [firmware/nnet_utils/nnet_activation_stream.h:44]   --->   Operation 99 'extractvalue' 'tmp_data_V_22' <Predicate = (!icmp_ln41)> <Delay = 0.00>
ST_3 : Operation 100 [1/1] (0.00ns)   --->   "%tmp_data_V_23 = extractvalue { i14, i14, i14, i14, i14, i14, i14, i14, i14, i14, i14, i14, i14, i14, i14, i14, i14, i14, i14, i14, i14, i14, i14, i14, i14, i14, i14, i14, i14, i14, i14, i14 } %empty_41, 23" [firmware/nnet_utils/nnet_activation_stream.h:44]   --->   Operation 100 'extractvalue' 'tmp_data_V_23' <Predicate = (!icmp_ln41)> <Delay = 0.00>
ST_3 : Operation 101 [1/1] (0.00ns)   --->   "%tmp_data_V_24 = extractvalue { i14, i14, i14, i14, i14, i14, i14, i14, i14, i14, i14, i14, i14, i14, i14, i14, i14, i14, i14, i14, i14, i14, i14, i14, i14, i14, i14, i14, i14, i14, i14, i14 } %empty_41, 24" [firmware/nnet_utils/nnet_activation_stream.h:44]   --->   Operation 101 'extractvalue' 'tmp_data_V_24' <Predicate = (!icmp_ln41)> <Delay = 0.00>
ST_3 : Operation 102 [1/1] (0.00ns)   --->   "%tmp_data_V_25 = extractvalue { i14, i14, i14, i14, i14, i14, i14, i14, i14, i14, i14, i14, i14, i14, i14, i14, i14, i14, i14, i14, i14, i14, i14, i14, i14, i14, i14, i14, i14, i14, i14, i14 } %empty_41, 25" [firmware/nnet_utils/nnet_activation_stream.h:44]   --->   Operation 102 'extractvalue' 'tmp_data_V_25' <Predicate = (!icmp_ln41)> <Delay = 0.00>
ST_3 : Operation 103 [1/1] (0.00ns)   --->   "%tmp_data_V_26 = extractvalue { i14, i14, i14, i14, i14, i14, i14, i14, i14, i14, i14, i14, i14, i14, i14, i14, i14, i14, i14, i14, i14, i14, i14, i14, i14, i14, i14, i14, i14, i14, i14, i14 } %empty_41, 26" [firmware/nnet_utils/nnet_activation_stream.h:44]   --->   Operation 103 'extractvalue' 'tmp_data_V_26' <Predicate = (!icmp_ln41)> <Delay = 0.00>
ST_3 : Operation 104 [1/1] (0.00ns)   --->   "%tmp_data_V_27 = extractvalue { i14, i14, i14, i14, i14, i14, i14, i14, i14, i14, i14, i14, i14, i14, i14, i14, i14, i14, i14, i14, i14, i14, i14, i14, i14, i14, i14, i14, i14, i14, i14, i14 } %empty_41, 27" [firmware/nnet_utils/nnet_activation_stream.h:44]   --->   Operation 104 'extractvalue' 'tmp_data_V_27' <Predicate = (!icmp_ln41)> <Delay = 0.00>
ST_3 : Operation 105 [1/1] (0.00ns)   --->   "%tmp_data_V_28 = extractvalue { i14, i14, i14, i14, i14, i14, i14, i14, i14, i14, i14, i14, i14, i14, i14, i14, i14, i14, i14, i14, i14, i14, i14, i14, i14, i14, i14, i14, i14, i14, i14, i14 } %empty_41, 28" [firmware/nnet_utils/nnet_activation_stream.h:44]   --->   Operation 105 'extractvalue' 'tmp_data_V_28' <Predicate = (!icmp_ln41)> <Delay = 0.00>
ST_3 : Operation 106 [1/1] (0.00ns)   --->   "%tmp_data_V_29 = extractvalue { i14, i14, i14, i14, i14, i14, i14, i14, i14, i14, i14, i14, i14, i14, i14, i14, i14, i14, i14, i14, i14, i14, i14, i14, i14, i14, i14, i14, i14, i14, i14, i14 } %empty_41, 29" [firmware/nnet_utils/nnet_activation_stream.h:44]   --->   Operation 106 'extractvalue' 'tmp_data_V_29' <Predicate = (!icmp_ln41)> <Delay = 0.00>
ST_3 : Operation 107 [1/1] (0.00ns)   --->   "%tmp_data_V_30 = extractvalue { i14, i14, i14, i14, i14, i14, i14, i14, i14, i14, i14, i14, i14, i14, i14, i14, i14, i14, i14, i14, i14, i14, i14, i14, i14, i14, i14, i14, i14, i14, i14, i14 } %empty_41, 30" [firmware/nnet_utils/nnet_activation_stream.h:44]   --->   Operation 107 'extractvalue' 'tmp_data_V_30' <Predicate = (!icmp_ln41)> <Delay = 0.00>
ST_3 : Operation 108 [1/1] (0.00ns)   --->   "%tmp_data_V_31 = extractvalue { i14, i14, i14, i14, i14, i14, i14, i14, i14, i14, i14, i14, i14, i14, i14, i14, i14, i14, i14, i14, i14, i14, i14, i14, i14, i14, i14, i14, i14, i14, i14, i14 } %empty_41, 31" [firmware/nnet_utils/nnet_activation_stream.h:44]   --->   Operation 108 'extractvalue' 'tmp_data_V_31' <Predicate = (!icmp_ln41)> <Delay = 0.00>
ST_3 : Operation 109 [1/1] (2.20ns)   --->   "%icmp_ln1494 = icmp sgt i14 %tmp_data_V_0, 0" [firmware/nnet_utils/nnet_activation_stream.h:51]   --->   Operation 109 'icmp' 'icmp_ln1494' <Predicate = (!icmp_ln41)> <Delay = 2.20> <Core = "Cmp">   --->   Core 25 'Cmp' <Latency = 0> <II = 1> <Delay = 1.30> <FuncUnit> <Opcode : 'icmp'> <InPorts = 2> <OutPorts = 1>
ST_3 : Operation 110 [1/1] (0.00ns)   --->   "%trunc_ln = call i8 @_ssdm_op_PartSelect.i8.i14.i32.i32(i14 %tmp_data_V_0, i32 2, i32 9)" [firmware/nnet_utils/nnet_activation_stream.h:52]   --->   Operation 110 'partselect' 'trunc_ln' <Predicate = (!icmp_ln41)> <Delay = 0.00>
ST_3 : Operation 111 [1/1] (0.00ns) (grouped into LUT with out node select_ln340)   --->   "%tmp_257 = call i1 @_ssdm_op_BitSelect.i1.i14.i32(i14 %tmp_data_V_0, i32 9)" [firmware/nnet_utils/nnet_activation_stream.h:52]   --->   Operation 111 'bitselect' 'tmp_257' <Predicate = (!icmp_ln41)> <Delay = 0.00>
ST_3 : Operation 112 [1/1] (0.00ns)   --->   "%tmp_258 = call i1 @_ssdm_op_BitSelect.i1.i14.i32(i14 %tmp_data_V_0, i32 1)" [firmware/nnet_utils/nnet_activation_stream.h:52]   --->   Operation 112 'bitselect' 'tmp_258' <Predicate = (!icmp_ln41)> <Delay = 0.00>
ST_3 : Operation 113 [1/1] (0.00ns)   --->   "%zext_ln415 = zext i1 %tmp_258 to i8" [firmware/nnet_utils/nnet_activation_stream.h:52]   --->   Operation 113 'zext' 'zext_ln415' <Predicate = (!icmp_ln41)> <Delay = 0.00>
ST_3 : Operation 114 [1/1] (0.00ns)   --->   "%trunc_ln415_s = call i7 @_ssdm_op_PartSelect.i7.i14.i32.i32(i14 %tmp_data_V_0, i32 2, i32 8)" [firmware/nnet_utils/nnet_activation_stream.h:52]   --->   Operation 114 'partselect' 'trunc_ln415_s' <Predicate = (!icmp_ln41)> <Delay = 0.00>
ST_3 : Operation 115 [1/1] (0.00ns)   --->   "%zext_ln415_96 = zext i1 %tmp_258 to i7" [firmware/nnet_utils/nnet_activation_stream.h:52]   --->   Operation 115 'zext' 'zext_ln415_96' <Predicate = (!icmp_ln41)> <Delay = 0.00>
ST_3 : Operation 116 [1/1] (1.91ns)   --->   "%add_ln415 = add i8 %trunc_ln, %zext_ln415" [firmware/nnet_utils/nnet_activation_stream.h:52]   --->   Operation 116 'add' 'add_ln415' <Predicate = (!icmp_ln41)> <Delay = 1.91> <Core = "AddSub">   --->   Core 14 'AddSub' <Latency = 0> <II = 1> <Delay = 1.87> <FuncUnit> <Opcode : 'add' 'sub'> <InPorts = 2> <OutPorts = 1>
ST_3 : Operation 117 [1/1] (1.87ns)   --->   "%add_ln416 = add i7 %trunc_ln415_s, %zext_ln415_96" [firmware/nnet_utils/nnet_activation_stream.h:52]   --->   Operation 117 'add' 'add_ln416' <Predicate = (!icmp_ln41)> <Delay = 1.87> <Core = "AddSub">   --->   Core 14 'AddSub' <Latency = 0> <II = 1> <Delay = 1.87> <FuncUnit> <Opcode : 'add' 'sub'> <InPorts = 2> <OutPorts = 1>
ST_3 : Operation 118 [1/1] (0.00ns) (grouped into LUT with out node select_ln340)   --->   "%tmp_259 = call i1 @_ssdm_op_BitSelect.i1.i8.i32(i8 %add_ln415, i32 7)" [firmware/nnet_utils/nnet_activation_stream.h:52]   --->   Operation 118 'bitselect' 'tmp_259' <Predicate = (!icmp_ln41)> <Delay = 0.00>
ST_3 : Operation 119 [1/1] (0.00ns) (grouped into LUT with out node select_ln340)   --->   "%xor_ln416 = xor i1 %tmp_259, true" [firmware/nnet_utils/nnet_activation_stream.h:52]   --->   Operation 119 'xor' 'xor_ln416' <Predicate = (!icmp_ln41)> <Delay = 0.00> <Core = "LogicGate">   --->   Core 27 'LogicGate' <Latency = 0> <II = 1> <Delay = 0.97> <FuncUnit> <Opcode : 'and' 'or' 'xor'> <InPorts = 2> <OutPorts = 1>
ST_3 : Operation 120 [1/1] (0.00ns) (grouped into LUT with out node select_ln340)   --->   "%and_ln416 = and i1 %tmp_257, %xor_ln416" [firmware/nnet_utils/nnet_activation_stream.h:52]   --->   Operation 120 'and' 'and_ln416' <Predicate = (!icmp_ln41)> <Delay = 0.00> <Core = "LogicGate">   --->   Core 27 'LogicGate' <Latency = 0> <II = 1> <Delay = 0.97> <FuncUnit> <Opcode : 'and' 'or' 'xor'> <InPorts = 2> <OutPorts = 1>
ST_3 : Operation 121 [1/1] (0.00ns) (grouped into LUT with out node select_ln340)   --->   "%tmp_260 = call i1 @_ssdm_op_BitSelect.i1.i8.i32(i8 %add_ln415, i32 7)" [firmware/nnet_utils/nnet_activation_stream.h:52]   --->   Operation 121 'bitselect' 'tmp_260' <Predicate = (!icmp_ln41)> <Delay = 0.00>
ST_3 : Operation 122 [1/1] (0.00ns)   --->   "%p_Result_s = call i4 @_ssdm_op_PartSelect.i4.i14.i32.i32(i14 %tmp_data_V_0, i32 10, i32 13)" [firmware/nnet_utils/nnet_activation_stream.h:52]   --->   Operation 122 'partselect' 'p_Result_s' <Predicate = (!icmp_ln41)> <Delay = 0.00>
ST_3 : Operation 123 [1/1] (1.30ns)   --->   "%icmp_ln879 = icmp eq i4 %p_Result_s, -1" [firmware/nnet_utils/nnet_activation_stream.h:52]   --->   Operation 123 'icmp' 'icmp_ln879' <Predicate = (!icmp_ln41)> <Delay = 1.30> <Core = "Cmp">   --->   Core 25 'Cmp' <Latency = 0> <II = 1> <Delay = 1.30> <FuncUnit> <Opcode : 'icmp'> <InPorts = 2> <OutPorts = 1>
ST_3 : Operation 124 [1/1] (1.30ns)   --->   "%icmp_ln768 = icmp eq i4 %p_Result_s, 0" [firmware/nnet_utils/nnet_activation_stream.h:52]   --->   Operation 124 'icmp' 'icmp_ln768' <Predicate = (!icmp_ln41)> <Delay = 1.30> <Core = "Cmp">   --->   Core 25 'Cmp' <Latency = 0> <II = 1> <Delay = 1.30> <FuncUnit> <Opcode : 'icmp'> <InPorts = 2> <OutPorts = 1>
ST_3 : Operation 125 [1/1] (0.00ns) (grouped into LUT with out node select_ln340)   --->   "%select_ln777 = select i1 %and_ln416, i1 %icmp_ln879, i1 %icmp_ln768" [firmware/nnet_utils/nnet_activation_stream.h:52]   --->   Operation 125 'select' 'select_ln777' <Predicate = (!icmp_ln41)> <Delay = 0.00> <Core = "Sel">   --->   Core 26 'Sel' <Latency = 0> <II = 1> <Delay = 0.99> <FuncUnit> <Opcode : 'select'> <InPorts = 3> <OutPorts = 1>
ST_3 : Operation 126 [1/1] (0.00ns) (grouped into LUT with out node select_ln340)   --->   "%xor_ln785 = xor i1 %select_ln777, true" [firmware/nnet_utils/nnet_activation_stream.h:52]   --->   Operation 126 'xor' 'xor_ln785' <Predicate = (!icmp_ln41)> <Delay = 0.00> <Core = "LogicGate">   --->   Core 27 'LogicGate' <Latency = 0> <II = 1> <Delay = 0.97> <FuncUnit> <Opcode : 'and' 'or' 'xor'> <InPorts = 2> <OutPorts = 1>
ST_3 : Operation 127 [1/1] (0.00ns) (grouped into LUT with out node select_ln340)   --->   "%or_ln340 = or i1 %tmp_260, %xor_ln785" [firmware/nnet_utils/nnet_activation_stream.h:52]   --->   Operation 127 'or' 'or_ln340' <Predicate = (!icmp_ln41)> <Delay = 0.00> <Core = "LogicGate">   --->   Core 27 'LogicGate' <Latency = 0> <II = 1> <Delay = 0.97> <FuncUnit> <Opcode : 'and' 'or' 'xor'> <InPorts = 2> <OutPorts = 1>
ST_3 : Operation 128 [1/1] (0.99ns) (out node of the LUT)   --->   "%select_ln340 = select i1 %or_ln340, i7 -1, i7 %add_ln416" [firmware/nnet_utils/nnet_activation_stream.h:52]   --->   Operation 128 'select' 'select_ln340' <Predicate = (!icmp_ln41)> <Delay = 0.99> <Core = "Sel">   --->   Core 26 'Sel' <Latency = 0> <II = 1> <Delay = 0.99> <FuncUnit> <Opcode : 'select'> <InPorts = 3> <OutPorts = 1>
ST_3 : Operation 129 [1/1] (0.99ns) (out node of the LUT)   --->   "%tmp_data_0_V = select i1 %icmp_ln1494, i7 %select_ln340, i7 0" [firmware/nnet_utils/nnet_activation_stream.h:51]   --->   Operation 129 'select' 'tmp_data_0_V' <Predicate = (!icmp_ln41)> <Delay = 0.99> <Core = "Sel">   --->   Core 26 'Sel' <Latency = 0> <II = 1> <Delay = 0.99> <FuncUnit> <Opcode : 'select'> <InPorts = 3> <OutPorts = 1>
ST_3 : Operation 130 [1/1] (2.20ns)   --->   "%icmp_ln1494_1 = icmp sgt i14 %tmp_data_V_1, 0" [firmware/nnet_utils/nnet_activation_stream.h:51]   --->   Operation 130 'icmp' 'icmp_ln1494_1' <Predicate = (!icmp_ln41)> <Delay = 2.20> <Core = "Cmp">   --->   Core 25 'Cmp' <Latency = 0> <II = 1> <Delay = 1.30> <FuncUnit> <Opcode : 'icmp'> <InPorts = 2> <OutPorts = 1>
ST_3 : Operation 131 [1/1] (0.00ns)   --->   "%trunc_ln708_s = call i8 @_ssdm_op_PartSelect.i8.i14.i32.i32(i14 %tmp_data_V_1, i32 2, i32 9)" [firmware/nnet_utils/nnet_activation_stream.h:52]   --->   Operation 131 'partselect' 'trunc_ln708_s' <Predicate = (!icmp_ln41)> <Delay = 0.00>
ST_3 : Operation 132 [1/1] (0.00ns) (grouped into LUT with out node select_ln340_1)   --->   "%tmp_261 = call i1 @_ssdm_op_BitSelect.i1.i14.i32(i14 %tmp_data_V_1, i32 9)" [firmware/nnet_utils/nnet_activation_stream.h:52]   --->   Operation 132 'bitselect' 'tmp_261' <Predicate = (!icmp_ln41)> <Delay = 0.00>
ST_3 : Operation 133 [1/1] (0.00ns)   --->   "%tmp_262 = call i1 @_ssdm_op_BitSelect.i1.i14.i32(i14 %tmp_data_V_1, i32 1)" [firmware/nnet_utils/nnet_activation_stream.h:52]   --->   Operation 133 'bitselect' 'tmp_262' <Predicate = (!icmp_ln41)> <Delay = 0.00>
ST_3 : Operation 134 [1/1] (0.00ns)   --->   "%zext_ln415_63 = zext i1 %tmp_262 to i8" [firmware/nnet_utils/nnet_activation_stream.h:52]   --->   Operation 134 'zext' 'zext_ln415_63' <Predicate = (!icmp_ln41)> <Delay = 0.00>
ST_3 : Operation 135 [1/1] (0.00ns)   --->   "%trunc_ln415_63 = call i7 @_ssdm_op_PartSelect.i7.i14.i32.i32(i14 %tmp_data_V_1, i32 2, i32 8)" [firmware/nnet_utils/nnet_activation_stream.h:52]   --->   Operation 135 'partselect' 'trunc_ln415_63' <Predicate = (!icmp_ln41)> <Delay = 0.00>
ST_3 : Operation 136 [1/1] (0.00ns)   --->   "%zext_ln415_97 = zext i1 %tmp_262 to i7" [firmware/nnet_utils/nnet_activation_stream.h:52]   --->   Operation 136 'zext' 'zext_ln415_97' <Predicate = (!icmp_ln41)> <Delay = 0.00>
ST_3 : Operation 137 [1/1] (1.91ns)   --->   "%add_ln415_63 = add i8 %trunc_ln708_s, %zext_ln415_63" [firmware/nnet_utils/nnet_activation_stream.h:52]   --->   Operation 137 'add' 'add_ln415_63' <Predicate = (!icmp_ln41)> <Delay = 1.91> <Core = "AddSub">   --->   Core 14 'AddSub' <Latency = 0> <II = 1> <Delay = 1.87> <FuncUnit> <Opcode : 'add' 'sub'> <InPorts = 2> <OutPorts = 1>
ST_3 : Operation 138 [1/1] (1.87ns)   --->   "%add_ln416_63 = add i7 %trunc_ln415_63, %zext_ln415_97" [firmware/nnet_utils/nnet_activation_stream.h:52]   --->   Operation 138 'add' 'add_ln416_63' <Predicate = (!icmp_ln41)> <Delay = 1.87> <Core = "AddSub">   --->   Core 14 'AddSub' <Latency = 0> <II = 1> <Delay = 1.87> <FuncUnit> <Opcode : 'add' 'sub'> <InPorts = 2> <OutPorts = 1>
ST_3 : Operation 139 [1/1] (0.00ns) (grouped into LUT with out node select_ln340_1)   --->   "%tmp_263 = call i1 @_ssdm_op_BitSelect.i1.i8.i32(i8 %add_ln415_63, i32 7)" [firmware/nnet_utils/nnet_activation_stream.h:52]   --->   Operation 139 'bitselect' 'tmp_263' <Predicate = (!icmp_ln41)> <Delay = 0.00>
ST_3 : Operation 140 [1/1] (0.00ns) (grouped into LUT with out node select_ln340_1)   --->   "%xor_ln416_63 = xor i1 %tmp_263, true" [firmware/nnet_utils/nnet_activation_stream.h:52]   --->   Operation 140 'xor' 'xor_ln416_63' <Predicate = (!icmp_ln41)> <Delay = 0.00> <Core = "LogicGate">   --->   Core 27 'LogicGate' <Latency = 0> <II = 1> <Delay = 0.97> <FuncUnit> <Opcode : 'and' 'or' 'xor'> <InPorts = 2> <OutPorts = 1>
ST_3 : Operation 141 [1/1] (0.00ns) (grouped into LUT with out node select_ln340_1)   --->   "%and_ln416_63 = and i1 %tmp_261, %xor_ln416_63" [firmware/nnet_utils/nnet_activation_stream.h:52]   --->   Operation 141 'and' 'and_ln416_63' <Predicate = (!icmp_ln41)> <Delay = 0.00> <Core = "LogicGate">   --->   Core 27 'LogicGate' <Latency = 0> <II = 1> <Delay = 0.97> <FuncUnit> <Opcode : 'and' 'or' 'xor'> <InPorts = 2> <OutPorts = 1>
ST_3 : Operation 142 [1/1] (0.00ns) (grouped into LUT with out node select_ln340_1)   --->   "%tmp_264 = call i1 @_ssdm_op_BitSelect.i1.i8.i32(i8 %add_ln415_63, i32 7)" [firmware/nnet_utils/nnet_activation_stream.h:52]   --->   Operation 142 'bitselect' 'tmp_264' <Predicate = (!icmp_ln41)> <Delay = 0.00>
ST_3 : Operation 143 [1/1] (0.00ns)   --->   "%p_Result_12_1 = call i4 @_ssdm_op_PartSelect.i4.i14.i32.i32(i14 %tmp_data_V_1, i32 10, i32 13)" [firmware/nnet_utils/nnet_activation_stream.h:52]   --->   Operation 143 'partselect' 'p_Result_12_1' <Predicate = (!icmp_ln41)> <Delay = 0.00>
ST_3 : Operation 144 [1/1] (1.30ns)   --->   "%icmp_ln879_63 = icmp eq i4 %p_Result_12_1, -1" [firmware/nnet_utils/nnet_activation_stream.h:52]   --->   Operation 144 'icmp' 'icmp_ln879_63' <Predicate = (!icmp_ln41)> <Delay = 1.30> <Core = "Cmp">   --->   Core 25 'Cmp' <Latency = 0> <II = 1> <Delay = 1.30> <FuncUnit> <Opcode : 'icmp'> <InPorts = 2> <OutPorts = 1>
ST_3 : Operation 145 [1/1] (1.30ns)   --->   "%icmp_ln768_63 = icmp eq i4 %p_Result_12_1, 0" [firmware/nnet_utils/nnet_activation_stream.h:52]   --->   Operation 145 'icmp' 'icmp_ln768_63' <Predicate = (!icmp_ln41)> <Delay = 1.30> <Core = "Cmp">   --->   Core 25 'Cmp' <Latency = 0> <II = 1> <Delay = 1.30> <FuncUnit> <Opcode : 'icmp'> <InPorts = 2> <OutPorts = 1>
ST_3 : Operation 146 [1/1] (0.00ns) (grouped into LUT with out node select_ln340_1)   --->   "%select_ln777_63 = select i1 %and_ln416_63, i1 %icmp_ln879_63, i1 %icmp_ln768_63" [firmware/nnet_utils/nnet_activation_stream.h:52]   --->   Operation 146 'select' 'select_ln777_63' <Predicate = (!icmp_ln41)> <Delay = 0.00> <Core = "Sel">   --->   Core 26 'Sel' <Latency = 0> <II = 1> <Delay = 0.99> <FuncUnit> <Opcode : 'select'> <InPorts = 3> <OutPorts = 1>
ST_3 : Operation 147 [1/1] (0.00ns) (grouped into LUT with out node select_ln340_1)   --->   "%xor_ln785_1 = xor i1 %select_ln777_63, true" [firmware/nnet_utils/nnet_activation_stream.h:52]   --->   Operation 147 'xor' 'xor_ln785_1' <Predicate = (!icmp_ln41)> <Delay = 0.00> <Core = "LogicGate">   --->   Core 27 'LogicGate' <Latency = 0> <II = 1> <Delay = 0.97> <FuncUnit> <Opcode : 'and' 'or' 'xor'> <InPorts = 2> <OutPorts = 1>
ST_3 : Operation 148 [1/1] (0.00ns) (grouped into LUT with out node select_ln340_1)   --->   "%or_ln340_1 = or i1 %tmp_264, %xor_ln785_1" [firmware/nnet_utils/nnet_activation_stream.h:52]   --->   Operation 148 'or' 'or_ln340_1' <Predicate = (!icmp_ln41)> <Delay = 0.00> <Core = "LogicGate">   --->   Core 27 'LogicGate' <Latency = 0> <II = 1> <Delay = 0.97> <FuncUnit> <Opcode : 'and' 'or' 'xor'> <InPorts = 2> <OutPorts = 1>
ST_3 : Operation 149 [1/1] (0.99ns) (out node of the LUT)   --->   "%select_ln340_1 = select i1 %or_ln340_1, i7 -1, i7 %add_ln416_63" [firmware/nnet_utils/nnet_activation_stream.h:52]   --->   Operation 149 'select' 'select_ln340_1' <Predicate = (!icmp_ln41)> <Delay = 0.99> <Core = "Sel">   --->   Core 26 'Sel' <Latency = 0> <II = 1> <Delay = 0.99> <FuncUnit> <Opcode : 'select'> <InPorts = 3> <OutPorts = 1>
ST_3 : Operation 150 [1/1] (0.99ns) (out node of the LUT)   --->   "%tmp_data_1_V = select i1 %icmp_ln1494_1, i7 %select_ln340_1, i7 0" [firmware/nnet_utils/nnet_activation_stream.h:51]   --->   Operation 150 'select' 'tmp_data_1_V' <Predicate = (!icmp_ln41)> <Delay = 0.99> <Core = "Sel">   --->   Core 26 'Sel' <Latency = 0> <II = 1> <Delay = 0.99> <FuncUnit> <Opcode : 'select'> <InPorts = 3> <OutPorts = 1>
ST_3 : Operation 151 [1/1] (2.20ns)   --->   "%icmp_ln1494_2 = icmp sgt i14 %tmp_data_V_2, 0" [firmware/nnet_utils/nnet_activation_stream.h:51]   --->   Operation 151 'icmp' 'icmp_ln1494_2' <Predicate = (!icmp_ln41)> <Delay = 2.20> <Core = "Cmp">   --->   Core 25 'Cmp' <Latency = 0> <II = 1> <Delay = 1.30> <FuncUnit> <Opcode : 'icmp'> <InPorts = 2> <OutPorts = 1>
ST_3 : Operation 152 [1/1] (0.00ns)   --->   "%trunc_ln708_61 = call i8 @_ssdm_op_PartSelect.i8.i14.i32.i32(i14 %tmp_data_V_2, i32 2, i32 9)" [firmware/nnet_utils/nnet_activation_stream.h:52]   --->   Operation 152 'partselect' 'trunc_ln708_61' <Predicate = (!icmp_ln41)> <Delay = 0.00>
ST_3 : Operation 153 [1/1] (0.00ns) (grouped into LUT with out node select_ln340_2)   --->   "%tmp_265 = call i1 @_ssdm_op_BitSelect.i1.i14.i32(i14 %tmp_data_V_2, i32 9)" [firmware/nnet_utils/nnet_activation_stream.h:52]   --->   Operation 153 'bitselect' 'tmp_265' <Predicate = (!icmp_ln41)> <Delay = 0.00>
ST_3 : Operation 154 [1/1] (0.00ns)   --->   "%tmp_266 = call i1 @_ssdm_op_BitSelect.i1.i14.i32(i14 %tmp_data_V_2, i32 1)" [firmware/nnet_utils/nnet_activation_stream.h:52]   --->   Operation 154 'bitselect' 'tmp_266' <Predicate = (!icmp_ln41)> <Delay = 0.00>
ST_3 : Operation 155 [1/1] (0.00ns)   --->   "%zext_ln415_64 = zext i1 %tmp_266 to i8" [firmware/nnet_utils/nnet_activation_stream.h:52]   --->   Operation 155 'zext' 'zext_ln415_64' <Predicate = (!icmp_ln41)> <Delay = 0.00>
ST_3 : Operation 156 [1/1] (0.00ns)   --->   "%trunc_ln415_64 = call i7 @_ssdm_op_PartSelect.i7.i14.i32.i32(i14 %tmp_data_V_2, i32 2, i32 8)" [firmware/nnet_utils/nnet_activation_stream.h:52]   --->   Operation 156 'partselect' 'trunc_ln415_64' <Predicate = (!icmp_ln41)> <Delay = 0.00>
ST_3 : Operation 157 [1/1] (0.00ns)   --->   "%zext_ln415_98 = zext i1 %tmp_266 to i7" [firmware/nnet_utils/nnet_activation_stream.h:52]   --->   Operation 157 'zext' 'zext_ln415_98' <Predicate = (!icmp_ln41)> <Delay = 0.00>
ST_3 : Operation 158 [1/1] (1.91ns)   --->   "%add_ln415_64 = add i8 %trunc_ln708_61, %zext_ln415_64" [firmware/nnet_utils/nnet_activation_stream.h:52]   --->   Operation 158 'add' 'add_ln415_64' <Predicate = (!icmp_ln41)> <Delay = 1.91> <Core = "AddSub">   --->   Core 14 'AddSub' <Latency = 0> <II = 1> <Delay = 1.87> <FuncUnit> <Opcode : 'add' 'sub'> <InPorts = 2> <OutPorts = 1>
ST_3 : Operation 159 [1/1] (1.87ns)   --->   "%add_ln416_64 = add i7 %trunc_ln415_64, %zext_ln415_98" [firmware/nnet_utils/nnet_activation_stream.h:52]   --->   Operation 159 'add' 'add_ln416_64' <Predicate = (!icmp_ln41)> <Delay = 1.87> <Core = "AddSub">   --->   Core 14 'AddSub' <Latency = 0> <II = 1> <Delay = 1.87> <FuncUnit> <Opcode : 'add' 'sub'> <InPorts = 2> <OutPorts = 1>
ST_3 : Operation 160 [1/1] (0.00ns) (grouped into LUT with out node select_ln340_2)   --->   "%tmp_267 = call i1 @_ssdm_op_BitSelect.i1.i8.i32(i8 %add_ln415_64, i32 7)" [firmware/nnet_utils/nnet_activation_stream.h:52]   --->   Operation 160 'bitselect' 'tmp_267' <Predicate = (!icmp_ln41)> <Delay = 0.00>
ST_3 : Operation 161 [1/1] (0.00ns) (grouped into LUT with out node select_ln340_2)   --->   "%xor_ln416_64 = xor i1 %tmp_267, true" [firmware/nnet_utils/nnet_activation_stream.h:52]   --->   Operation 161 'xor' 'xor_ln416_64' <Predicate = (!icmp_ln41)> <Delay = 0.00> <Core = "LogicGate">   --->   Core 27 'LogicGate' <Latency = 0> <II = 1> <Delay = 0.97> <FuncUnit> <Opcode : 'and' 'or' 'xor'> <InPorts = 2> <OutPorts = 1>
ST_3 : Operation 162 [1/1] (0.00ns) (grouped into LUT with out node select_ln340_2)   --->   "%and_ln416_64 = and i1 %tmp_265, %xor_ln416_64" [firmware/nnet_utils/nnet_activation_stream.h:52]   --->   Operation 162 'and' 'and_ln416_64' <Predicate = (!icmp_ln41)> <Delay = 0.00> <Core = "LogicGate">   --->   Core 27 'LogicGate' <Latency = 0> <II = 1> <Delay = 0.97> <FuncUnit> <Opcode : 'and' 'or' 'xor'> <InPorts = 2> <OutPorts = 1>
ST_3 : Operation 163 [1/1] (0.00ns) (grouped into LUT with out node select_ln340_2)   --->   "%tmp_268 = call i1 @_ssdm_op_BitSelect.i1.i8.i32(i8 %add_ln415_64, i32 7)" [firmware/nnet_utils/nnet_activation_stream.h:52]   --->   Operation 163 'bitselect' 'tmp_268' <Predicate = (!icmp_ln41)> <Delay = 0.00>
ST_3 : Operation 164 [1/1] (0.00ns)   --->   "%p_Result_12_2 = call i4 @_ssdm_op_PartSelect.i4.i14.i32.i32(i14 %tmp_data_V_2, i32 10, i32 13)" [firmware/nnet_utils/nnet_activation_stream.h:52]   --->   Operation 164 'partselect' 'p_Result_12_2' <Predicate = (!icmp_ln41)> <Delay = 0.00>
ST_3 : Operation 165 [1/1] (1.30ns)   --->   "%icmp_ln879_64 = icmp eq i4 %p_Result_12_2, -1" [firmware/nnet_utils/nnet_activation_stream.h:52]   --->   Operation 165 'icmp' 'icmp_ln879_64' <Predicate = (!icmp_ln41)> <Delay = 1.30> <Core = "Cmp">   --->   Core 25 'Cmp' <Latency = 0> <II = 1> <Delay = 1.30> <FuncUnit> <Opcode : 'icmp'> <InPorts = 2> <OutPorts = 1>
ST_3 : Operation 166 [1/1] (1.30ns)   --->   "%icmp_ln768_64 = icmp eq i4 %p_Result_12_2, 0" [firmware/nnet_utils/nnet_activation_stream.h:52]   --->   Operation 166 'icmp' 'icmp_ln768_64' <Predicate = (!icmp_ln41)> <Delay = 1.30> <Core = "Cmp">   --->   Core 25 'Cmp' <Latency = 0> <II = 1> <Delay = 1.30> <FuncUnit> <Opcode : 'icmp'> <InPorts = 2> <OutPorts = 1>
ST_3 : Operation 167 [1/1] (0.00ns) (grouped into LUT with out node select_ln340_2)   --->   "%select_ln777_64 = select i1 %and_ln416_64, i1 %icmp_ln879_64, i1 %icmp_ln768_64" [firmware/nnet_utils/nnet_activation_stream.h:52]   --->   Operation 167 'select' 'select_ln777_64' <Predicate = (!icmp_ln41)> <Delay = 0.00> <Core = "Sel">   --->   Core 26 'Sel' <Latency = 0> <II = 1> <Delay = 0.99> <FuncUnit> <Opcode : 'select'> <InPorts = 3> <OutPorts = 1>
ST_3 : Operation 168 [1/1] (0.00ns) (grouped into LUT with out node select_ln340_2)   --->   "%xor_ln785_2 = xor i1 %select_ln777_64, true" [firmware/nnet_utils/nnet_activation_stream.h:52]   --->   Operation 168 'xor' 'xor_ln785_2' <Predicate = (!icmp_ln41)> <Delay = 0.00> <Core = "LogicGate">   --->   Core 27 'LogicGate' <Latency = 0> <II = 1> <Delay = 0.97> <FuncUnit> <Opcode : 'and' 'or' 'xor'> <InPorts = 2> <OutPorts = 1>
ST_3 : Operation 169 [1/1] (0.00ns) (grouped into LUT with out node select_ln340_2)   --->   "%or_ln340_2 = or i1 %tmp_268, %xor_ln785_2" [firmware/nnet_utils/nnet_activation_stream.h:52]   --->   Operation 169 'or' 'or_ln340_2' <Predicate = (!icmp_ln41)> <Delay = 0.00> <Core = "LogicGate">   --->   Core 27 'LogicGate' <Latency = 0> <II = 1> <Delay = 0.97> <FuncUnit> <Opcode : 'and' 'or' 'xor'> <InPorts = 2> <OutPorts = 1>
ST_3 : Operation 170 [1/1] (0.99ns) (out node of the LUT)   --->   "%select_ln340_2 = select i1 %or_ln340_2, i7 -1, i7 %add_ln416_64" [firmware/nnet_utils/nnet_activation_stream.h:52]   --->   Operation 170 'select' 'select_ln340_2' <Predicate = (!icmp_ln41)> <Delay = 0.99> <Core = "Sel">   --->   Core 26 'Sel' <Latency = 0> <II = 1> <Delay = 0.99> <FuncUnit> <Opcode : 'select'> <InPorts = 3> <OutPorts = 1>
ST_3 : Operation 171 [1/1] (0.99ns) (out node of the LUT)   --->   "%tmp_data_2_V = select i1 %icmp_ln1494_2, i7 %select_ln340_2, i7 0" [firmware/nnet_utils/nnet_activation_stream.h:51]   --->   Operation 171 'select' 'tmp_data_2_V' <Predicate = (!icmp_ln41)> <Delay = 0.99> <Core = "Sel">   --->   Core 26 'Sel' <Latency = 0> <II = 1> <Delay = 0.99> <FuncUnit> <Opcode : 'select'> <InPorts = 3> <OutPorts = 1>
ST_3 : Operation 172 [1/1] (2.20ns)   --->   "%icmp_ln1494_3 = icmp sgt i14 %tmp_data_V_3, 0" [firmware/nnet_utils/nnet_activation_stream.h:51]   --->   Operation 172 'icmp' 'icmp_ln1494_3' <Predicate = (!icmp_ln41)> <Delay = 2.20> <Core = "Cmp">   --->   Core 25 'Cmp' <Latency = 0> <II = 1> <Delay = 1.30> <FuncUnit> <Opcode : 'icmp'> <InPorts = 2> <OutPorts = 1>
ST_3 : Operation 173 [1/1] (0.00ns)   --->   "%trunc_ln708_62 = call i8 @_ssdm_op_PartSelect.i8.i14.i32.i32(i14 %tmp_data_V_3, i32 2, i32 9)" [firmware/nnet_utils/nnet_activation_stream.h:52]   --->   Operation 173 'partselect' 'trunc_ln708_62' <Predicate = (!icmp_ln41)> <Delay = 0.00>
ST_3 : Operation 174 [1/1] (0.00ns) (grouped into LUT with out node select_ln340_3)   --->   "%tmp_269 = call i1 @_ssdm_op_BitSelect.i1.i14.i32(i14 %tmp_data_V_3, i32 9)" [firmware/nnet_utils/nnet_activation_stream.h:52]   --->   Operation 174 'bitselect' 'tmp_269' <Predicate = (!icmp_ln41)> <Delay = 0.00>
ST_3 : Operation 175 [1/1] (0.00ns)   --->   "%tmp_270 = call i1 @_ssdm_op_BitSelect.i1.i14.i32(i14 %tmp_data_V_3, i32 1)" [firmware/nnet_utils/nnet_activation_stream.h:52]   --->   Operation 175 'bitselect' 'tmp_270' <Predicate = (!icmp_ln41)> <Delay = 0.00>
ST_3 : Operation 176 [1/1] (0.00ns)   --->   "%zext_ln415_65 = zext i1 %tmp_270 to i8" [firmware/nnet_utils/nnet_activation_stream.h:52]   --->   Operation 176 'zext' 'zext_ln415_65' <Predicate = (!icmp_ln41)> <Delay = 0.00>
ST_3 : Operation 177 [1/1] (0.00ns)   --->   "%trunc_ln415_65 = call i7 @_ssdm_op_PartSelect.i7.i14.i32.i32(i14 %tmp_data_V_3, i32 2, i32 8)" [firmware/nnet_utils/nnet_activation_stream.h:52]   --->   Operation 177 'partselect' 'trunc_ln415_65' <Predicate = (!icmp_ln41)> <Delay = 0.00>
ST_3 : Operation 178 [1/1] (0.00ns)   --->   "%zext_ln415_99 = zext i1 %tmp_270 to i7" [firmware/nnet_utils/nnet_activation_stream.h:52]   --->   Operation 178 'zext' 'zext_ln415_99' <Predicate = (!icmp_ln41)> <Delay = 0.00>
ST_3 : Operation 179 [1/1] (1.91ns)   --->   "%add_ln415_65 = add i8 %trunc_ln708_62, %zext_ln415_65" [firmware/nnet_utils/nnet_activation_stream.h:52]   --->   Operation 179 'add' 'add_ln415_65' <Predicate = (!icmp_ln41)> <Delay = 1.91> <Core = "AddSub">   --->   Core 14 'AddSub' <Latency = 0> <II = 1> <Delay = 1.87> <FuncUnit> <Opcode : 'add' 'sub'> <InPorts = 2> <OutPorts = 1>
ST_3 : Operation 180 [1/1] (1.87ns)   --->   "%add_ln416_65 = add i7 %trunc_ln415_65, %zext_ln415_99" [firmware/nnet_utils/nnet_activation_stream.h:52]   --->   Operation 180 'add' 'add_ln416_65' <Predicate = (!icmp_ln41)> <Delay = 1.87> <Core = "AddSub">   --->   Core 14 'AddSub' <Latency = 0> <II = 1> <Delay = 1.87> <FuncUnit> <Opcode : 'add' 'sub'> <InPorts = 2> <OutPorts = 1>
ST_3 : Operation 181 [1/1] (0.00ns) (grouped into LUT with out node select_ln340_3)   --->   "%tmp_271 = call i1 @_ssdm_op_BitSelect.i1.i8.i32(i8 %add_ln415_65, i32 7)" [firmware/nnet_utils/nnet_activation_stream.h:52]   --->   Operation 181 'bitselect' 'tmp_271' <Predicate = (!icmp_ln41)> <Delay = 0.00>
ST_3 : Operation 182 [1/1] (0.00ns) (grouped into LUT with out node select_ln340_3)   --->   "%xor_ln416_65 = xor i1 %tmp_271, true" [firmware/nnet_utils/nnet_activation_stream.h:52]   --->   Operation 182 'xor' 'xor_ln416_65' <Predicate = (!icmp_ln41)> <Delay = 0.00> <Core = "LogicGate">   --->   Core 27 'LogicGate' <Latency = 0> <II = 1> <Delay = 0.97> <FuncUnit> <Opcode : 'and' 'or' 'xor'> <InPorts = 2> <OutPorts = 1>
ST_3 : Operation 183 [1/1] (0.00ns) (grouped into LUT with out node select_ln340_3)   --->   "%and_ln416_65 = and i1 %tmp_269, %xor_ln416_65" [firmware/nnet_utils/nnet_activation_stream.h:52]   --->   Operation 183 'and' 'and_ln416_65' <Predicate = (!icmp_ln41)> <Delay = 0.00> <Core = "LogicGate">   --->   Core 27 'LogicGate' <Latency = 0> <II = 1> <Delay = 0.97> <FuncUnit> <Opcode : 'and' 'or' 'xor'> <InPorts = 2> <OutPorts = 1>
ST_3 : Operation 184 [1/1] (0.00ns) (grouped into LUT with out node select_ln340_3)   --->   "%tmp_272 = call i1 @_ssdm_op_BitSelect.i1.i8.i32(i8 %add_ln415_65, i32 7)" [firmware/nnet_utils/nnet_activation_stream.h:52]   --->   Operation 184 'bitselect' 'tmp_272' <Predicate = (!icmp_ln41)> <Delay = 0.00>
ST_3 : Operation 185 [1/1] (0.00ns)   --->   "%p_Result_12_3 = call i4 @_ssdm_op_PartSelect.i4.i14.i32.i32(i14 %tmp_data_V_3, i32 10, i32 13)" [firmware/nnet_utils/nnet_activation_stream.h:52]   --->   Operation 185 'partselect' 'p_Result_12_3' <Predicate = (!icmp_ln41)> <Delay = 0.00>
ST_3 : Operation 186 [1/1] (1.30ns)   --->   "%icmp_ln879_65 = icmp eq i4 %p_Result_12_3, -1" [firmware/nnet_utils/nnet_activation_stream.h:52]   --->   Operation 186 'icmp' 'icmp_ln879_65' <Predicate = (!icmp_ln41)> <Delay = 1.30> <Core = "Cmp">   --->   Core 25 'Cmp' <Latency = 0> <II = 1> <Delay = 1.30> <FuncUnit> <Opcode : 'icmp'> <InPorts = 2> <OutPorts = 1>
ST_3 : Operation 187 [1/1] (1.30ns)   --->   "%icmp_ln768_65 = icmp eq i4 %p_Result_12_3, 0" [firmware/nnet_utils/nnet_activation_stream.h:52]   --->   Operation 187 'icmp' 'icmp_ln768_65' <Predicate = (!icmp_ln41)> <Delay = 1.30> <Core = "Cmp">   --->   Core 25 'Cmp' <Latency = 0> <II = 1> <Delay = 1.30> <FuncUnit> <Opcode : 'icmp'> <InPorts = 2> <OutPorts = 1>
ST_3 : Operation 188 [1/1] (0.00ns) (grouped into LUT with out node select_ln340_3)   --->   "%select_ln777_65 = select i1 %and_ln416_65, i1 %icmp_ln879_65, i1 %icmp_ln768_65" [firmware/nnet_utils/nnet_activation_stream.h:52]   --->   Operation 188 'select' 'select_ln777_65' <Predicate = (!icmp_ln41)> <Delay = 0.00> <Core = "Sel">   --->   Core 26 'Sel' <Latency = 0> <II = 1> <Delay = 0.99> <FuncUnit> <Opcode : 'select'> <InPorts = 3> <OutPorts = 1>
ST_3 : Operation 189 [1/1] (0.00ns) (grouped into LUT with out node select_ln340_3)   --->   "%xor_ln785_3 = xor i1 %select_ln777_65, true" [firmware/nnet_utils/nnet_activation_stream.h:52]   --->   Operation 189 'xor' 'xor_ln785_3' <Predicate = (!icmp_ln41)> <Delay = 0.00> <Core = "LogicGate">   --->   Core 27 'LogicGate' <Latency = 0> <II = 1> <Delay = 0.97> <FuncUnit> <Opcode : 'and' 'or' 'xor'> <InPorts = 2> <OutPorts = 1>
ST_3 : Operation 190 [1/1] (0.00ns) (grouped into LUT with out node select_ln340_3)   --->   "%or_ln340_3 = or i1 %tmp_272, %xor_ln785_3" [firmware/nnet_utils/nnet_activation_stream.h:52]   --->   Operation 190 'or' 'or_ln340_3' <Predicate = (!icmp_ln41)> <Delay = 0.00> <Core = "LogicGate">   --->   Core 27 'LogicGate' <Latency = 0> <II = 1> <Delay = 0.97> <FuncUnit> <Opcode : 'and' 'or' 'xor'> <InPorts = 2> <OutPorts = 1>
ST_3 : Operation 191 [1/1] (0.99ns) (out node of the LUT)   --->   "%select_ln340_3 = select i1 %or_ln340_3, i7 -1, i7 %add_ln416_65" [firmware/nnet_utils/nnet_activation_stream.h:52]   --->   Operation 191 'select' 'select_ln340_3' <Predicate = (!icmp_ln41)> <Delay = 0.99> <Core = "Sel">   --->   Core 26 'Sel' <Latency = 0> <II = 1> <Delay = 0.99> <FuncUnit> <Opcode : 'select'> <InPorts = 3> <OutPorts = 1>
ST_3 : Operation 192 [1/1] (0.99ns) (out node of the LUT)   --->   "%tmp_data_3_V = select i1 %icmp_ln1494_3, i7 %select_ln340_3, i7 0" [firmware/nnet_utils/nnet_activation_stream.h:51]   --->   Operation 192 'select' 'tmp_data_3_V' <Predicate = (!icmp_ln41)> <Delay = 0.99> <Core = "Sel">   --->   Core 26 'Sel' <Latency = 0> <II = 1> <Delay = 0.99> <FuncUnit> <Opcode : 'select'> <InPorts = 3> <OutPorts = 1>
ST_3 : Operation 193 [1/1] (2.20ns)   --->   "%icmp_ln1494_4 = icmp sgt i14 %tmp_data_V_4, 0" [firmware/nnet_utils/nnet_activation_stream.h:51]   --->   Operation 193 'icmp' 'icmp_ln1494_4' <Predicate = (!icmp_ln41)> <Delay = 2.20> <Core = "Cmp">   --->   Core 25 'Cmp' <Latency = 0> <II = 1> <Delay = 1.30> <FuncUnit> <Opcode : 'icmp'> <InPorts = 2> <OutPorts = 1>
ST_3 : Operation 194 [1/1] (0.00ns)   --->   "%trunc_ln708_63 = call i8 @_ssdm_op_PartSelect.i8.i14.i32.i32(i14 %tmp_data_V_4, i32 2, i32 9)" [firmware/nnet_utils/nnet_activation_stream.h:52]   --->   Operation 194 'partselect' 'trunc_ln708_63' <Predicate = (!icmp_ln41)> <Delay = 0.00>
ST_3 : Operation 195 [1/1] (0.00ns) (grouped into LUT with out node select_ln340_4)   --->   "%tmp_273 = call i1 @_ssdm_op_BitSelect.i1.i14.i32(i14 %tmp_data_V_4, i32 9)" [firmware/nnet_utils/nnet_activation_stream.h:52]   --->   Operation 195 'bitselect' 'tmp_273' <Predicate = (!icmp_ln41)> <Delay = 0.00>
ST_3 : Operation 196 [1/1] (0.00ns)   --->   "%tmp_274 = call i1 @_ssdm_op_BitSelect.i1.i14.i32(i14 %tmp_data_V_4, i32 1)" [firmware/nnet_utils/nnet_activation_stream.h:52]   --->   Operation 196 'bitselect' 'tmp_274' <Predicate = (!icmp_ln41)> <Delay = 0.00>
ST_3 : Operation 197 [1/1] (0.00ns)   --->   "%zext_ln415_66 = zext i1 %tmp_274 to i8" [firmware/nnet_utils/nnet_activation_stream.h:52]   --->   Operation 197 'zext' 'zext_ln415_66' <Predicate = (!icmp_ln41)> <Delay = 0.00>
ST_3 : Operation 198 [1/1] (0.00ns)   --->   "%trunc_ln415_66 = call i7 @_ssdm_op_PartSelect.i7.i14.i32.i32(i14 %tmp_data_V_4, i32 2, i32 8)" [firmware/nnet_utils/nnet_activation_stream.h:52]   --->   Operation 198 'partselect' 'trunc_ln415_66' <Predicate = (!icmp_ln41)> <Delay = 0.00>
ST_3 : Operation 199 [1/1] (0.00ns)   --->   "%zext_ln415_100 = zext i1 %tmp_274 to i7" [firmware/nnet_utils/nnet_activation_stream.h:52]   --->   Operation 199 'zext' 'zext_ln415_100' <Predicate = (!icmp_ln41)> <Delay = 0.00>
ST_3 : Operation 200 [1/1] (1.91ns)   --->   "%add_ln415_66 = add i8 %trunc_ln708_63, %zext_ln415_66" [firmware/nnet_utils/nnet_activation_stream.h:52]   --->   Operation 200 'add' 'add_ln415_66' <Predicate = (!icmp_ln41)> <Delay = 1.91> <Core = "AddSub">   --->   Core 14 'AddSub' <Latency = 0> <II = 1> <Delay = 1.87> <FuncUnit> <Opcode : 'add' 'sub'> <InPorts = 2> <OutPorts = 1>
ST_3 : Operation 201 [1/1] (1.87ns)   --->   "%add_ln416_66 = add i7 %trunc_ln415_66, %zext_ln415_100" [firmware/nnet_utils/nnet_activation_stream.h:52]   --->   Operation 201 'add' 'add_ln416_66' <Predicate = (!icmp_ln41)> <Delay = 1.87> <Core = "AddSub">   --->   Core 14 'AddSub' <Latency = 0> <II = 1> <Delay = 1.87> <FuncUnit> <Opcode : 'add' 'sub'> <InPorts = 2> <OutPorts = 1>
ST_3 : Operation 202 [1/1] (0.00ns) (grouped into LUT with out node select_ln340_4)   --->   "%tmp_275 = call i1 @_ssdm_op_BitSelect.i1.i8.i32(i8 %add_ln415_66, i32 7)" [firmware/nnet_utils/nnet_activation_stream.h:52]   --->   Operation 202 'bitselect' 'tmp_275' <Predicate = (!icmp_ln41)> <Delay = 0.00>
ST_3 : Operation 203 [1/1] (0.00ns) (grouped into LUT with out node select_ln340_4)   --->   "%xor_ln416_66 = xor i1 %tmp_275, true" [firmware/nnet_utils/nnet_activation_stream.h:52]   --->   Operation 203 'xor' 'xor_ln416_66' <Predicate = (!icmp_ln41)> <Delay = 0.00> <Core = "LogicGate">   --->   Core 27 'LogicGate' <Latency = 0> <II = 1> <Delay = 0.97> <FuncUnit> <Opcode : 'and' 'or' 'xor'> <InPorts = 2> <OutPorts = 1>
ST_3 : Operation 204 [1/1] (0.00ns) (grouped into LUT with out node select_ln340_4)   --->   "%and_ln416_66 = and i1 %tmp_273, %xor_ln416_66" [firmware/nnet_utils/nnet_activation_stream.h:52]   --->   Operation 204 'and' 'and_ln416_66' <Predicate = (!icmp_ln41)> <Delay = 0.00> <Core = "LogicGate">   --->   Core 27 'LogicGate' <Latency = 0> <II = 1> <Delay = 0.97> <FuncUnit> <Opcode : 'and' 'or' 'xor'> <InPorts = 2> <OutPorts = 1>
ST_3 : Operation 205 [1/1] (0.00ns) (grouped into LUT with out node select_ln340_4)   --->   "%tmp_276 = call i1 @_ssdm_op_BitSelect.i1.i8.i32(i8 %add_ln415_66, i32 7)" [firmware/nnet_utils/nnet_activation_stream.h:52]   --->   Operation 205 'bitselect' 'tmp_276' <Predicate = (!icmp_ln41)> <Delay = 0.00>
ST_3 : Operation 206 [1/1] (0.00ns)   --->   "%p_Result_12_4 = call i4 @_ssdm_op_PartSelect.i4.i14.i32.i32(i14 %tmp_data_V_4, i32 10, i32 13)" [firmware/nnet_utils/nnet_activation_stream.h:52]   --->   Operation 206 'partselect' 'p_Result_12_4' <Predicate = (!icmp_ln41)> <Delay = 0.00>
ST_3 : Operation 207 [1/1] (1.30ns)   --->   "%icmp_ln879_66 = icmp eq i4 %p_Result_12_4, -1" [firmware/nnet_utils/nnet_activation_stream.h:52]   --->   Operation 207 'icmp' 'icmp_ln879_66' <Predicate = (!icmp_ln41)> <Delay = 1.30> <Core = "Cmp">   --->   Core 25 'Cmp' <Latency = 0> <II = 1> <Delay = 1.30> <FuncUnit> <Opcode : 'icmp'> <InPorts = 2> <OutPorts = 1>
ST_3 : Operation 208 [1/1] (1.30ns)   --->   "%icmp_ln768_66 = icmp eq i4 %p_Result_12_4, 0" [firmware/nnet_utils/nnet_activation_stream.h:52]   --->   Operation 208 'icmp' 'icmp_ln768_66' <Predicate = (!icmp_ln41)> <Delay = 1.30> <Core = "Cmp">   --->   Core 25 'Cmp' <Latency = 0> <II = 1> <Delay = 1.30> <FuncUnit> <Opcode : 'icmp'> <InPorts = 2> <OutPorts = 1>
ST_3 : Operation 209 [1/1] (0.00ns) (grouped into LUT with out node select_ln340_4)   --->   "%select_ln777_66 = select i1 %and_ln416_66, i1 %icmp_ln879_66, i1 %icmp_ln768_66" [firmware/nnet_utils/nnet_activation_stream.h:52]   --->   Operation 209 'select' 'select_ln777_66' <Predicate = (!icmp_ln41)> <Delay = 0.00> <Core = "Sel">   --->   Core 26 'Sel' <Latency = 0> <II = 1> <Delay = 0.99> <FuncUnit> <Opcode : 'select'> <InPorts = 3> <OutPorts = 1>
ST_3 : Operation 210 [1/1] (0.00ns) (grouped into LUT with out node select_ln340_4)   --->   "%xor_ln785_4 = xor i1 %select_ln777_66, true" [firmware/nnet_utils/nnet_activation_stream.h:52]   --->   Operation 210 'xor' 'xor_ln785_4' <Predicate = (!icmp_ln41)> <Delay = 0.00> <Core = "LogicGate">   --->   Core 27 'LogicGate' <Latency = 0> <II = 1> <Delay = 0.97> <FuncUnit> <Opcode : 'and' 'or' 'xor'> <InPorts = 2> <OutPorts = 1>
ST_3 : Operation 211 [1/1] (0.00ns) (grouped into LUT with out node select_ln340_4)   --->   "%or_ln340_4 = or i1 %tmp_276, %xor_ln785_4" [firmware/nnet_utils/nnet_activation_stream.h:52]   --->   Operation 211 'or' 'or_ln340_4' <Predicate = (!icmp_ln41)> <Delay = 0.00> <Core = "LogicGate">   --->   Core 27 'LogicGate' <Latency = 0> <II = 1> <Delay = 0.97> <FuncUnit> <Opcode : 'and' 'or' 'xor'> <InPorts = 2> <OutPorts = 1>
ST_3 : Operation 212 [1/1] (0.99ns) (out node of the LUT)   --->   "%select_ln340_4 = select i1 %or_ln340_4, i7 -1, i7 %add_ln416_66" [firmware/nnet_utils/nnet_activation_stream.h:52]   --->   Operation 212 'select' 'select_ln340_4' <Predicate = (!icmp_ln41)> <Delay = 0.99> <Core = "Sel">   --->   Core 26 'Sel' <Latency = 0> <II = 1> <Delay = 0.99> <FuncUnit> <Opcode : 'select'> <InPorts = 3> <OutPorts = 1>
ST_3 : Operation 213 [1/1] (0.99ns) (out node of the LUT)   --->   "%tmp_data_4_V = select i1 %icmp_ln1494_4, i7 %select_ln340_4, i7 0" [firmware/nnet_utils/nnet_activation_stream.h:51]   --->   Operation 213 'select' 'tmp_data_4_V' <Predicate = (!icmp_ln41)> <Delay = 0.99> <Core = "Sel">   --->   Core 26 'Sel' <Latency = 0> <II = 1> <Delay = 0.99> <FuncUnit> <Opcode : 'select'> <InPorts = 3> <OutPorts = 1>
ST_3 : Operation 214 [1/1] (2.20ns)   --->   "%icmp_ln1494_5 = icmp sgt i14 %tmp_data_V_5, 0" [firmware/nnet_utils/nnet_activation_stream.h:51]   --->   Operation 214 'icmp' 'icmp_ln1494_5' <Predicate = (!icmp_ln41)> <Delay = 2.20> <Core = "Cmp">   --->   Core 25 'Cmp' <Latency = 0> <II = 1> <Delay = 1.30> <FuncUnit> <Opcode : 'icmp'> <InPorts = 2> <OutPorts = 1>
ST_3 : Operation 215 [1/1] (0.00ns)   --->   "%trunc_ln708_64 = call i8 @_ssdm_op_PartSelect.i8.i14.i32.i32(i14 %tmp_data_V_5, i32 2, i32 9)" [firmware/nnet_utils/nnet_activation_stream.h:52]   --->   Operation 215 'partselect' 'trunc_ln708_64' <Predicate = (!icmp_ln41)> <Delay = 0.00>
ST_3 : Operation 216 [1/1] (0.00ns) (grouped into LUT with out node select_ln340_5)   --->   "%tmp_277 = call i1 @_ssdm_op_BitSelect.i1.i14.i32(i14 %tmp_data_V_5, i32 9)" [firmware/nnet_utils/nnet_activation_stream.h:52]   --->   Operation 216 'bitselect' 'tmp_277' <Predicate = (!icmp_ln41)> <Delay = 0.00>
ST_3 : Operation 217 [1/1] (0.00ns)   --->   "%tmp_278 = call i1 @_ssdm_op_BitSelect.i1.i14.i32(i14 %tmp_data_V_5, i32 1)" [firmware/nnet_utils/nnet_activation_stream.h:52]   --->   Operation 217 'bitselect' 'tmp_278' <Predicate = (!icmp_ln41)> <Delay = 0.00>
ST_3 : Operation 218 [1/1] (0.00ns)   --->   "%zext_ln415_67 = zext i1 %tmp_278 to i8" [firmware/nnet_utils/nnet_activation_stream.h:52]   --->   Operation 218 'zext' 'zext_ln415_67' <Predicate = (!icmp_ln41)> <Delay = 0.00>
ST_3 : Operation 219 [1/1] (0.00ns)   --->   "%trunc_ln415_67 = call i7 @_ssdm_op_PartSelect.i7.i14.i32.i32(i14 %tmp_data_V_5, i32 2, i32 8)" [firmware/nnet_utils/nnet_activation_stream.h:52]   --->   Operation 219 'partselect' 'trunc_ln415_67' <Predicate = (!icmp_ln41)> <Delay = 0.00>
ST_3 : Operation 220 [1/1] (0.00ns)   --->   "%zext_ln415_101 = zext i1 %tmp_278 to i7" [firmware/nnet_utils/nnet_activation_stream.h:52]   --->   Operation 220 'zext' 'zext_ln415_101' <Predicate = (!icmp_ln41)> <Delay = 0.00>
ST_3 : Operation 221 [1/1] (1.91ns)   --->   "%add_ln415_67 = add i8 %trunc_ln708_64, %zext_ln415_67" [firmware/nnet_utils/nnet_activation_stream.h:52]   --->   Operation 221 'add' 'add_ln415_67' <Predicate = (!icmp_ln41)> <Delay = 1.91> <Core = "AddSub">   --->   Core 14 'AddSub' <Latency = 0> <II = 1> <Delay = 1.87> <FuncUnit> <Opcode : 'add' 'sub'> <InPorts = 2> <OutPorts = 1>
ST_3 : Operation 222 [1/1] (1.87ns)   --->   "%add_ln416_67 = add i7 %trunc_ln415_67, %zext_ln415_101" [firmware/nnet_utils/nnet_activation_stream.h:52]   --->   Operation 222 'add' 'add_ln416_67' <Predicate = (!icmp_ln41)> <Delay = 1.87> <Core = "AddSub">   --->   Core 14 'AddSub' <Latency = 0> <II = 1> <Delay = 1.87> <FuncUnit> <Opcode : 'add' 'sub'> <InPorts = 2> <OutPorts = 1>
ST_3 : Operation 223 [1/1] (0.00ns) (grouped into LUT with out node select_ln340_5)   --->   "%tmp_279 = call i1 @_ssdm_op_BitSelect.i1.i8.i32(i8 %add_ln415_67, i32 7)" [firmware/nnet_utils/nnet_activation_stream.h:52]   --->   Operation 223 'bitselect' 'tmp_279' <Predicate = (!icmp_ln41)> <Delay = 0.00>
ST_3 : Operation 224 [1/1] (0.00ns) (grouped into LUT with out node select_ln340_5)   --->   "%xor_ln416_67 = xor i1 %tmp_279, true" [firmware/nnet_utils/nnet_activation_stream.h:52]   --->   Operation 224 'xor' 'xor_ln416_67' <Predicate = (!icmp_ln41)> <Delay = 0.00> <Core = "LogicGate">   --->   Core 27 'LogicGate' <Latency = 0> <II = 1> <Delay = 0.97> <FuncUnit> <Opcode : 'and' 'or' 'xor'> <InPorts = 2> <OutPorts = 1>
ST_3 : Operation 225 [1/1] (0.00ns) (grouped into LUT with out node select_ln340_5)   --->   "%and_ln416_67 = and i1 %tmp_277, %xor_ln416_67" [firmware/nnet_utils/nnet_activation_stream.h:52]   --->   Operation 225 'and' 'and_ln416_67' <Predicate = (!icmp_ln41)> <Delay = 0.00> <Core = "LogicGate">   --->   Core 27 'LogicGate' <Latency = 0> <II = 1> <Delay = 0.97> <FuncUnit> <Opcode : 'and' 'or' 'xor'> <InPorts = 2> <OutPorts = 1>
ST_3 : Operation 226 [1/1] (0.00ns) (grouped into LUT with out node select_ln340_5)   --->   "%tmp_280 = call i1 @_ssdm_op_BitSelect.i1.i8.i32(i8 %add_ln415_67, i32 7)" [firmware/nnet_utils/nnet_activation_stream.h:52]   --->   Operation 226 'bitselect' 'tmp_280' <Predicate = (!icmp_ln41)> <Delay = 0.00>
ST_3 : Operation 227 [1/1] (0.00ns)   --->   "%p_Result_12_5 = call i4 @_ssdm_op_PartSelect.i4.i14.i32.i32(i14 %tmp_data_V_5, i32 10, i32 13)" [firmware/nnet_utils/nnet_activation_stream.h:52]   --->   Operation 227 'partselect' 'p_Result_12_5' <Predicate = (!icmp_ln41)> <Delay = 0.00>
ST_3 : Operation 228 [1/1] (1.30ns)   --->   "%icmp_ln879_67 = icmp eq i4 %p_Result_12_5, -1" [firmware/nnet_utils/nnet_activation_stream.h:52]   --->   Operation 228 'icmp' 'icmp_ln879_67' <Predicate = (!icmp_ln41)> <Delay = 1.30> <Core = "Cmp">   --->   Core 25 'Cmp' <Latency = 0> <II = 1> <Delay = 1.30> <FuncUnit> <Opcode : 'icmp'> <InPorts = 2> <OutPorts = 1>
ST_3 : Operation 229 [1/1] (1.30ns)   --->   "%icmp_ln768_67 = icmp eq i4 %p_Result_12_5, 0" [firmware/nnet_utils/nnet_activation_stream.h:52]   --->   Operation 229 'icmp' 'icmp_ln768_67' <Predicate = (!icmp_ln41)> <Delay = 1.30> <Core = "Cmp">   --->   Core 25 'Cmp' <Latency = 0> <II = 1> <Delay = 1.30> <FuncUnit> <Opcode : 'icmp'> <InPorts = 2> <OutPorts = 1>
ST_3 : Operation 230 [1/1] (0.00ns) (grouped into LUT with out node select_ln340_5)   --->   "%select_ln777_67 = select i1 %and_ln416_67, i1 %icmp_ln879_67, i1 %icmp_ln768_67" [firmware/nnet_utils/nnet_activation_stream.h:52]   --->   Operation 230 'select' 'select_ln777_67' <Predicate = (!icmp_ln41)> <Delay = 0.00> <Core = "Sel">   --->   Core 26 'Sel' <Latency = 0> <II = 1> <Delay = 0.99> <FuncUnit> <Opcode : 'select'> <InPorts = 3> <OutPorts = 1>
ST_3 : Operation 231 [1/1] (0.00ns) (grouped into LUT with out node select_ln340_5)   --->   "%xor_ln785_5 = xor i1 %select_ln777_67, true" [firmware/nnet_utils/nnet_activation_stream.h:52]   --->   Operation 231 'xor' 'xor_ln785_5' <Predicate = (!icmp_ln41)> <Delay = 0.00> <Core = "LogicGate">   --->   Core 27 'LogicGate' <Latency = 0> <II = 1> <Delay = 0.97> <FuncUnit> <Opcode : 'and' 'or' 'xor'> <InPorts = 2> <OutPorts = 1>
ST_3 : Operation 232 [1/1] (0.00ns) (grouped into LUT with out node select_ln340_5)   --->   "%or_ln340_5 = or i1 %tmp_280, %xor_ln785_5" [firmware/nnet_utils/nnet_activation_stream.h:52]   --->   Operation 232 'or' 'or_ln340_5' <Predicate = (!icmp_ln41)> <Delay = 0.00> <Core = "LogicGate">   --->   Core 27 'LogicGate' <Latency = 0> <II = 1> <Delay = 0.97> <FuncUnit> <Opcode : 'and' 'or' 'xor'> <InPorts = 2> <OutPorts = 1>
ST_3 : Operation 233 [1/1] (0.99ns) (out node of the LUT)   --->   "%select_ln340_5 = select i1 %or_ln340_5, i7 -1, i7 %add_ln416_67" [firmware/nnet_utils/nnet_activation_stream.h:52]   --->   Operation 233 'select' 'select_ln340_5' <Predicate = (!icmp_ln41)> <Delay = 0.99> <Core = "Sel">   --->   Core 26 'Sel' <Latency = 0> <II = 1> <Delay = 0.99> <FuncUnit> <Opcode : 'select'> <InPorts = 3> <OutPorts = 1>
ST_3 : Operation 234 [1/1] (0.99ns) (out node of the LUT)   --->   "%tmp_data_5_V = select i1 %icmp_ln1494_5, i7 %select_ln340_5, i7 0" [firmware/nnet_utils/nnet_activation_stream.h:51]   --->   Operation 234 'select' 'tmp_data_5_V' <Predicate = (!icmp_ln41)> <Delay = 0.99> <Core = "Sel">   --->   Core 26 'Sel' <Latency = 0> <II = 1> <Delay = 0.99> <FuncUnit> <Opcode : 'select'> <InPorts = 3> <OutPorts = 1>
ST_3 : Operation 235 [1/1] (2.20ns)   --->   "%icmp_ln1494_6 = icmp sgt i14 %tmp_data_V_6, 0" [firmware/nnet_utils/nnet_activation_stream.h:51]   --->   Operation 235 'icmp' 'icmp_ln1494_6' <Predicate = (!icmp_ln41)> <Delay = 2.20> <Core = "Cmp">   --->   Core 25 'Cmp' <Latency = 0> <II = 1> <Delay = 1.30> <FuncUnit> <Opcode : 'icmp'> <InPorts = 2> <OutPorts = 1>
ST_3 : Operation 236 [1/1] (0.00ns)   --->   "%trunc_ln708_65 = call i8 @_ssdm_op_PartSelect.i8.i14.i32.i32(i14 %tmp_data_V_6, i32 2, i32 9)" [firmware/nnet_utils/nnet_activation_stream.h:52]   --->   Operation 236 'partselect' 'trunc_ln708_65' <Predicate = (!icmp_ln41)> <Delay = 0.00>
ST_3 : Operation 237 [1/1] (0.00ns) (grouped into LUT with out node select_ln340_6)   --->   "%tmp_281 = call i1 @_ssdm_op_BitSelect.i1.i14.i32(i14 %tmp_data_V_6, i32 9)" [firmware/nnet_utils/nnet_activation_stream.h:52]   --->   Operation 237 'bitselect' 'tmp_281' <Predicate = (!icmp_ln41)> <Delay = 0.00>
ST_3 : Operation 238 [1/1] (0.00ns)   --->   "%tmp_282 = call i1 @_ssdm_op_BitSelect.i1.i14.i32(i14 %tmp_data_V_6, i32 1)" [firmware/nnet_utils/nnet_activation_stream.h:52]   --->   Operation 238 'bitselect' 'tmp_282' <Predicate = (!icmp_ln41)> <Delay = 0.00>
ST_3 : Operation 239 [1/1] (0.00ns)   --->   "%zext_ln415_68 = zext i1 %tmp_282 to i8" [firmware/nnet_utils/nnet_activation_stream.h:52]   --->   Operation 239 'zext' 'zext_ln415_68' <Predicate = (!icmp_ln41)> <Delay = 0.00>
ST_3 : Operation 240 [1/1] (0.00ns)   --->   "%trunc_ln415_68 = call i7 @_ssdm_op_PartSelect.i7.i14.i32.i32(i14 %tmp_data_V_6, i32 2, i32 8)" [firmware/nnet_utils/nnet_activation_stream.h:52]   --->   Operation 240 'partselect' 'trunc_ln415_68' <Predicate = (!icmp_ln41)> <Delay = 0.00>
ST_3 : Operation 241 [1/1] (0.00ns)   --->   "%zext_ln415_102 = zext i1 %tmp_282 to i7" [firmware/nnet_utils/nnet_activation_stream.h:52]   --->   Operation 241 'zext' 'zext_ln415_102' <Predicate = (!icmp_ln41)> <Delay = 0.00>
ST_3 : Operation 242 [1/1] (1.91ns)   --->   "%add_ln415_68 = add i8 %trunc_ln708_65, %zext_ln415_68" [firmware/nnet_utils/nnet_activation_stream.h:52]   --->   Operation 242 'add' 'add_ln415_68' <Predicate = (!icmp_ln41)> <Delay = 1.91> <Core = "AddSub">   --->   Core 14 'AddSub' <Latency = 0> <II = 1> <Delay = 1.87> <FuncUnit> <Opcode : 'add' 'sub'> <InPorts = 2> <OutPorts = 1>
ST_3 : Operation 243 [1/1] (1.87ns)   --->   "%add_ln416_68 = add i7 %trunc_ln415_68, %zext_ln415_102" [firmware/nnet_utils/nnet_activation_stream.h:52]   --->   Operation 243 'add' 'add_ln416_68' <Predicate = (!icmp_ln41)> <Delay = 1.87> <Core = "AddSub">   --->   Core 14 'AddSub' <Latency = 0> <II = 1> <Delay = 1.87> <FuncUnit> <Opcode : 'add' 'sub'> <InPorts = 2> <OutPorts = 1>
ST_3 : Operation 244 [1/1] (0.00ns) (grouped into LUT with out node select_ln340_6)   --->   "%tmp_283 = call i1 @_ssdm_op_BitSelect.i1.i8.i32(i8 %add_ln415_68, i32 7)" [firmware/nnet_utils/nnet_activation_stream.h:52]   --->   Operation 244 'bitselect' 'tmp_283' <Predicate = (!icmp_ln41)> <Delay = 0.00>
ST_3 : Operation 245 [1/1] (0.00ns) (grouped into LUT with out node select_ln340_6)   --->   "%xor_ln416_68 = xor i1 %tmp_283, true" [firmware/nnet_utils/nnet_activation_stream.h:52]   --->   Operation 245 'xor' 'xor_ln416_68' <Predicate = (!icmp_ln41)> <Delay = 0.00> <Core = "LogicGate">   --->   Core 27 'LogicGate' <Latency = 0> <II = 1> <Delay = 0.97> <FuncUnit> <Opcode : 'and' 'or' 'xor'> <InPorts = 2> <OutPorts = 1>
ST_3 : Operation 246 [1/1] (0.00ns) (grouped into LUT with out node select_ln340_6)   --->   "%and_ln416_68 = and i1 %tmp_281, %xor_ln416_68" [firmware/nnet_utils/nnet_activation_stream.h:52]   --->   Operation 246 'and' 'and_ln416_68' <Predicate = (!icmp_ln41)> <Delay = 0.00> <Core = "LogicGate">   --->   Core 27 'LogicGate' <Latency = 0> <II = 1> <Delay = 0.97> <FuncUnit> <Opcode : 'and' 'or' 'xor'> <InPorts = 2> <OutPorts = 1>
ST_3 : Operation 247 [1/1] (0.00ns) (grouped into LUT with out node select_ln340_6)   --->   "%tmp_284 = call i1 @_ssdm_op_BitSelect.i1.i8.i32(i8 %add_ln415_68, i32 7)" [firmware/nnet_utils/nnet_activation_stream.h:52]   --->   Operation 247 'bitselect' 'tmp_284' <Predicate = (!icmp_ln41)> <Delay = 0.00>
ST_3 : Operation 248 [1/1] (0.00ns)   --->   "%p_Result_12_6 = call i4 @_ssdm_op_PartSelect.i4.i14.i32.i32(i14 %tmp_data_V_6, i32 10, i32 13)" [firmware/nnet_utils/nnet_activation_stream.h:52]   --->   Operation 248 'partselect' 'p_Result_12_6' <Predicate = (!icmp_ln41)> <Delay = 0.00>
ST_3 : Operation 249 [1/1] (1.30ns)   --->   "%icmp_ln879_68 = icmp eq i4 %p_Result_12_6, -1" [firmware/nnet_utils/nnet_activation_stream.h:52]   --->   Operation 249 'icmp' 'icmp_ln879_68' <Predicate = (!icmp_ln41)> <Delay = 1.30> <Core = "Cmp">   --->   Core 25 'Cmp' <Latency = 0> <II = 1> <Delay = 1.30> <FuncUnit> <Opcode : 'icmp'> <InPorts = 2> <OutPorts = 1>
ST_3 : Operation 250 [1/1] (1.30ns)   --->   "%icmp_ln768_68 = icmp eq i4 %p_Result_12_6, 0" [firmware/nnet_utils/nnet_activation_stream.h:52]   --->   Operation 250 'icmp' 'icmp_ln768_68' <Predicate = (!icmp_ln41)> <Delay = 1.30> <Core = "Cmp">   --->   Core 25 'Cmp' <Latency = 0> <II = 1> <Delay = 1.30> <FuncUnit> <Opcode : 'icmp'> <InPorts = 2> <OutPorts = 1>
ST_3 : Operation 251 [1/1] (0.00ns) (grouped into LUT with out node select_ln340_6)   --->   "%select_ln777_68 = select i1 %and_ln416_68, i1 %icmp_ln879_68, i1 %icmp_ln768_68" [firmware/nnet_utils/nnet_activation_stream.h:52]   --->   Operation 251 'select' 'select_ln777_68' <Predicate = (!icmp_ln41)> <Delay = 0.00> <Core = "Sel">   --->   Core 26 'Sel' <Latency = 0> <II = 1> <Delay = 0.99> <FuncUnit> <Opcode : 'select'> <InPorts = 3> <OutPorts = 1>
ST_3 : Operation 252 [1/1] (0.00ns) (grouped into LUT with out node select_ln340_6)   --->   "%xor_ln785_6 = xor i1 %select_ln777_68, true" [firmware/nnet_utils/nnet_activation_stream.h:52]   --->   Operation 252 'xor' 'xor_ln785_6' <Predicate = (!icmp_ln41)> <Delay = 0.00> <Core = "LogicGate">   --->   Core 27 'LogicGate' <Latency = 0> <II = 1> <Delay = 0.97> <FuncUnit> <Opcode : 'and' 'or' 'xor'> <InPorts = 2> <OutPorts = 1>
ST_3 : Operation 253 [1/1] (0.00ns) (grouped into LUT with out node select_ln340_6)   --->   "%or_ln340_6 = or i1 %tmp_284, %xor_ln785_6" [firmware/nnet_utils/nnet_activation_stream.h:52]   --->   Operation 253 'or' 'or_ln340_6' <Predicate = (!icmp_ln41)> <Delay = 0.00> <Core = "LogicGate">   --->   Core 27 'LogicGate' <Latency = 0> <II = 1> <Delay = 0.97> <FuncUnit> <Opcode : 'and' 'or' 'xor'> <InPorts = 2> <OutPorts = 1>
ST_3 : Operation 254 [1/1] (0.99ns) (out node of the LUT)   --->   "%select_ln340_6 = select i1 %or_ln340_6, i7 -1, i7 %add_ln416_68" [firmware/nnet_utils/nnet_activation_stream.h:52]   --->   Operation 254 'select' 'select_ln340_6' <Predicate = (!icmp_ln41)> <Delay = 0.99> <Core = "Sel">   --->   Core 26 'Sel' <Latency = 0> <II = 1> <Delay = 0.99> <FuncUnit> <Opcode : 'select'> <InPorts = 3> <OutPorts = 1>
ST_3 : Operation 255 [1/1] (0.99ns) (out node of the LUT)   --->   "%tmp_data_6_V = select i1 %icmp_ln1494_6, i7 %select_ln340_6, i7 0" [firmware/nnet_utils/nnet_activation_stream.h:51]   --->   Operation 255 'select' 'tmp_data_6_V' <Predicate = (!icmp_ln41)> <Delay = 0.99> <Core = "Sel">   --->   Core 26 'Sel' <Latency = 0> <II = 1> <Delay = 0.99> <FuncUnit> <Opcode : 'select'> <InPorts = 3> <OutPorts = 1>
ST_3 : Operation 256 [1/1] (2.20ns)   --->   "%icmp_ln1494_7 = icmp sgt i14 %tmp_data_V_7, 0" [firmware/nnet_utils/nnet_activation_stream.h:51]   --->   Operation 256 'icmp' 'icmp_ln1494_7' <Predicate = (!icmp_ln41)> <Delay = 2.20> <Core = "Cmp">   --->   Core 25 'Cmp' <Latency = 0> <II = 1> <Delay = 1.30> <FuncUnit> <Opcode : 'icmp'> <InPorts = 2> <OutPorts = 1>
ST_3 : Operation 257 [1/1] (0.00ns)   --->   "%trunc_ln708_66 = call i8 @_ssdm_op_PartSelect.i8.i14.i32.i32(i14 %tmp_data_V_7, i32 2, i32 9)" [firmware/nnet_utils/nnet_activation_stream.h:52]   --->   Operation 257 'partselect' 'trunc_ln708_66' <Predicate = (!icmp_ln41)> <Delay = 0.00>
ST_3 : Operation 258 [1/1] (0.00ns) (grouped into LUT with out node select_ln340_7)   --->   "%tmp_285 = call i1 @_ssdm_op_BitSelect.i1.i14.i32(i14 %tmp_data_V_7, i32 9)" [firmware/nnet_utils/nnet_activation_stream.h:52]   --->   Operation 258 'bitselect' 'tmp_285' <Predicate = (!icmp_ln41)> <Delay = 0.00>
ST_3 : Operation 259 [1/1] (0.00ns)   --->   "%tmp_286 = call i1 @_ssdm_op_BitSelect.i1.i14.i32(i14 %tmp_data_V_7, i32 1)" [firmware/nnet_utils/nnet_activation_stream.h:52]   --->   Operation 259 'bitselect' 'tmp_286' <Predicate = (!icmp_ln41)> <Delay = 0.00>
ST_3 : Operation 260 [1/1] (0.00ns)   --->   "%zext_ln415_69 = zext i1 %tmp_286 to i8" [firmware/nnet_utils/nnet_activation_stream.h:52]   --->   Operation 260 'zext' 'zext_ln415_69' <Predicate = (!icmp_ln41)> <Delay = 0.00>
ST_3 : Operation 261 [1/1] (0.00ns)   --->   "%trunc_ln415_69 = call i7 @_ssdm_op_PartSelect.i7.i14.i32.i32(i14 %tmp_data_V_7, i32 2, i32 8)" [firmware/nnet_utils/nnet_activation_stream.h:52]   --->   Operation 261 'partselect' 'trunc_ln415_69' <Predicate = (!icmp_ln41)> <Delay = 0.00>
ST_3 : Operation 262 [1/1] (0.00ns)   --->   "%zext_ln415_103 = zext i1 %tmp_286 to i7" [firmware/nnet_utils/nnet_activation_stream.h:52]   --->   Operation 262 'zext' 'zext_ln415_103' <Predicate = (!icmp_ln41)> <Delay = 0.00>
ST_3 : Operation 263 [1/1] (1.91ns)   --->   "%add_ln415_69 = add i8 %trunc_ln708_66, %zext_ln415_69" [firmware/nnet_utils/nnet_activation_stream.h:52]   --->   Operation 263 'add' 'add_ln415_69' <Predicate = (!icmp_ln41)> <Delay = 1.91> <Core = "AddSub">   --->   Core 14 'AddSub' <Latency = 0> <II = 1> <Delay = 1.87> <FuncUnit> <Opcode : 'add' 'sub'> <InPorts = 2> <OutPorts = 1>
ST_3 : Operation 264 [1/1] (1.87ns)   --->   "%add_ln416_69 = add i7 %trunc_ln415_69, %zext_ln415_103" [firmware/nnet_utils/nnet_activation_stream.h:52]   --->   Operation 264 'add' 'add_ln416_69' <Predicate = (!icmp_ln41)> <Delay = 1.87> <Core = "AddSub">   --->   Core 14 'AddSub' <Latency = 0> <II = 1> <Delay = 1.87> <FuncUnit> <Opcode : 'add' 'sub'> <InPorts = 2> <OutPorts = 1>
ST_3 : Operation 265 [1/1] (0.00ns) (grouped into LUT with out node select_ln340_7)   --->   "%tmp_287 = call i1 @_ssdm_op_BitSelect.i1.i8.i32(i8 %add_ln415_69, i32 7)" [firmware/nnet_utils/nnet_activation_stream.h:52]   --->   Operation 265 'bitselect' 'tmp_287' <Predicate = (!icmp_ln41)> <Delay = 0.00>
ST_3 : Operation 266 [1/1] (0.00ns) (grouped into LUT with out node select_ln340_7)   --->   "%xor_ln416_69 = xor i1 %tmp_287, true" [firmware/nnet_utils/nnet_activation_stream.h:52]   --->   Operation 266 'xor' 'xor_ln416_69' <Predicate = (!icmp_ln41)> <Delay = 0.00> <Core = "LogicGate">   --->   Core 27 'LogicGate' <Latency = 0> <II = 1> <Delay = 0.97> <FuncUnit> <Opcode : 'and' 'or' 'xor'> <InPorts = 2> <OutPorts = 1>
ST_3 : Operation 267 [1/1] (0.00ns) (grouped into LUT with out node select_ln340_7)   --->   "%and_ln416_69 = and i1 %tmp_285, %xor_ln416_69" [firmware/nnet_utils/nnet_activation_stream.h:52]   --->   Operation 267 'and' 'and_ln416_69' <Predicate = (!icmp_ln41)> <Delay = 0.00> <Core = "LogicGate">   --->   Core 27 'LogicGate' <Latency = 0> <II = 1> <Delay = 0.97> <FuncUnit> <Opcode : 'and' 'or' 'xor'> <InPorts = 2> <OutPorts = 1>
ST_3 : Operation 268 [1/1] (0.00ns) (grouped into LUT with out node select_ln340_7)   --->   "%tmp_288 = call i1 @_ssdm_op_BitSelect.i1.i8.i32(i8 %add_ln415_69, i32 7)" [firmware/nnet_utils/nnet_activation_stream.h:52]   --->   Operation 268 'bitselect' 'tmp_288' <Predicate = (!icmp_ln41)> <Delay = 0.00>
ST_3 : Operation 269 [1/1] (0.00ns)   --->   "%p_Result_12_7 = call i4 @_ssdm_op_PartSelect.i4.i14.i32.i32(i14 %tmp_data_V_7, i32 10, i32 13)" [firmware/nnet_utils/nnet_activation_stream.h:52]   --->   Operation 269 'partselect' 'p_Result_12_7' <Predicate = (!icmp_ln41)> <Delay = 0.00>
ST_3 : Operation 270 [1/1] (1.30ns)   --->   "%icmp_ln879_69 = icmp eq i4 %p_Result_12_7, -1" [firmware/nnet_utils/nnet_activation_stream.h:52]   --->   Operation 270 'icmp' 'icmp_ln879_69' <Predicate = (!icmp_ln41)> <Delay = 1.30> <Core = "Cmp">   --->   Core 25 'Cmp' <Latency = 0> <II = 1> <Delay = 1.30> <FuncUnit> <Opcode : 'icmp'> <InPorts = 2> <OutPorts = 1>
ST_3 : Operation 271 [1/1] (1.30ns)   --->   "%icmp_ln768_69 = icmp eq i4 %p_Result_12_7, 0" [firmware/nnet_utils/nnet_activation_stream.h:52]   --->   Operation 271 'icmp' 'icmp_ln768_69' <Predicate = (!icmp_ln41)> <Delay = 1.30> <Core = "Cmp">   --->   Core 25 'Cmp' <Latency = 0> <II = 1> <Delay = 1.30> <FuncUnit> <Opcode : 'icmp'> <InPorts = 2> <OutPorts = 1>
ST_3 : Operation 272 [1/1] (0.00ns) (grouped into LUT with out node select_ln340_7)   --->   "%select_ln777_69 = select i1 %and_ln416_69, i1 %icmp_ln879_69, i1 %icmp_ln768_69" [firmware/nnet_utils/nnet_activation_stream.h:52]   --->   Operation 272 'select' 'select_ln777_69' <Predicate = (!icmp_ln41)> <Delay = 0.00> <Core = "Sel">   --->   Core 26 'Sel' <Latency = 0> <II = 1> <Delay = 0.99> <FuncUnit> <Opcode : 'select'> <InPorts = 3> <OutPorts = 1>
ST_3 : Operation 273 [1/1] (0.00ns) (grouped into LUT with out node select_ln340_7)   --->   "%xor_ln785_7 = xor i1 %select_ln777_69, true" [firmware/nnet_utils/nnet_activation_stream.h:52]   --->   Operation 273 'xor' 'xor_ln785_7' <Predicate = (!icmp_ln41)> <Delay = 0.00> <Core = "LogicGate">   --->   Core 27 'LogicGate' <Latency = 0> <II = 1> <Delay = 0.97> <FuncUnit> <Opcode : 'and' 'or' 'xor'> <InPorts = 2> <OutPorts = 1>
ST_3 : Operation 274 [1/1] (0.00ns) (grouped into LUT with out node select_ln340_7)   --->   "%or_ln340_7 = or i1 %tmp_288, %xor_ln785_7" [firmware/nnet_utils/nnet_activation_stream.h:52]   --->   Operation 274 'or' 'or_ln340_7' <Predicate = (!icmp_ln41)> <Delay = 0.00> <Core = "LogicGate">   --->   Core 27 'LogicGate' <Latency = 0> <II = 1> <Delay = 0.97> <FuncUnit> <Opcode : 'and' 'or' 'xor'> <InPorts = 2> <OutPorts = 1>
ST_3 : Operation 275 [1/1] (0.99ns) (out node of the LUT)   --->   "%select_ln340_7 = select i1 %or_ln340_7, i7 -1, i7 %add_ln416_69" [firmware/nnet_utils/nnet_activation_stream.h:52]   --->   Operation 275 'select' 'select_ln340_7' <Predicate = (!icmp_ln41)> <Delay = 0.99> <Core = "Sel">   --->   Core 26 'Sel' <Latency = 0> <II = 1> <Delay = 0.99> <FuncUnit> <Opcode : 'select'> <InPorts = 3> <OutPorts = 1>
ST_3 : Operation 276 [1/1] (0.99ns) (out node of the LUT)   --->   "%tmp_data_7_V = select i1 %icmp_ln1494_7, i7 %select_ln340_7, i7 0" [firmware/nnet_utils/nnet_activation_stream.h:51]   --->   Operation 276 'select' 'tmp_data_7_V' <Predicate = (!icmp_ln41)> <Delay = 0.99> <Core = "Sel">   --->   Core 26 'Sel' <Latency = 0> <II = 1> <Delay = 0.99> <FuncUnit> <Opcode : 'select'> <InPorts = 3> <OutPorts = 1>
ST_3 : Operation 277 [1/1] (2.20ns)   --->   "%icmp_ln1494_8 = icmp sgt i14 %tmp_data_V_8, 0" [firmware/nnet_utils/nnet_activation_stream.h:51]   --->   Operation 277 'icmp' 'icmp_ln1494_8' <Predicate = (!icmp_ln41)> <Delay = 2.20> <Core = "Cmp">   --->   Core 25 'Cmp' <Latency = 0> <II = 1> <Delay = 1.30> <FuncUnit> <Opcode : 'icmp'> <InPorts = 2> <OutPorts = 1>
ST_3 : Operation 278 [1/1] (0.00ns)   --->   "%trunc_ln708_67 = call i8 @_ssdm_op_PartSelect.i8.i14.i32.i32(i14 %tmp_data_V_8, i32 2, i32 9)" [firmware/nnet_utils/nnet_activation_stream.h:52]   --->   Operation 278 'partselect' 'trunc_ln708_67' <Predicate = (!icmp_ln41)> <Delay = 0.00>
ST_3 : Operation 279 [1/1] (0.00ns) (grouped into LUT with out node select_ln340_8)   --->   "%tmp_289 = call i1 @_ssdm_op_BitSelect.i1.i14.i32(i14 %tmp_data_V_8, i32 9)" [firmware/nnet_utils/nnet_activation_stream.h:52]   --->   Operation 279 'bitselect' 'tmp_289' <Predicate = (!icmp_ln41)> <Delay = 0.00>
ST_3 : Operation 280 [1/1] (0.00ns)   --->   "%tmp_290 = call i1 @_ssdm_op_BitSelect.i1.i14.i32(i14 %tmp_data_V_8, i32 1)" [firmware/nnet_utils/nnet_activation_stream.h:52]   --->   Operation 280 'bitselect' 'tmp_290' <Predicate = (!icmp_ln41)> <Delay = 0.00>
ST_3 : Operation 281 [1/1] (0.00ns)   --->   "%zext_ln415_70 = zext i1 %tmp_290 to i8" [firmware/nnet_utils/nnet_activation_stream.h:52]   --->   Operation 281 'zext' 'zext_ln415_70' <Predicate = (!icmp_ln41)> <Delay = 0.00>
ST_3 : Operation 282 [1/1] (0.00ns)   --->   "%trunc_ln415_70 = call i7 @_ssdm_op_PartSelect.i7.i14.i32.i32(i14 %tmp_data_V_8, i32 2, i32 8)" [firmware/nnet_utils/nnet_activation_stream.h:52]   --->   Operation 282 'partselect' 'trunc_ln415_70' <Predicate = (!icmp_ln41)> <Delay = 0.00>
ST_3 : Operation 283 [1/1] (0.00ns)   --->   "%zext_ln415_104 = zext i1 %tmp_290 to i7" [firmware/nnet_utils/nnet_activation_stream.h:52]   --->   Operation 283 'zext' 'zext_ln415_104' <Predicate = (!icmp_ln41)> <Delay = 0.00>
ST_3 : Operation 284 [1/1] (1.91ns)   --->   "%add_ln415_70 = add i8 %trunc_ln708_67, %zext_ln415_70" [firmware/nnet_utils/nnet_activation_stream.h:52]   --->   Operation 284 'add' 'add_ln415_70' <Predicate = (!icmp_ln41)> <Delay = 1.91> <Core = "AddSub">   --->   Core 14 'AddSub' <Latency = 0> <II = 1> <Delay = 1.87> <FuncUnit> <Opcode : 'add' 'sub'> <InPorts = 2> <OutPorts = 1>
ST_3 : Operation 285 [1/1] (1.87ns)   --->   "%add_ln416_70 = add i7 %trunc_ln415_70, %zext_ln415_104" [firmware/nnet_utils/nnet_activation_stream.h:52]   --->   Operation 285 'add' 'add_ln416_70' <Predicate = (!icmp_ln41)> <Delay = 1.87> <Core = "AddSub">   --->   Core 14 'AddSub' <Latency = 0> <II = 1> <Delay = 1.87> <FuncUnit> <Opcode : 'add' 'sub'> <InPorts = 2> <OutPorts = 1>
ST_3 : Operation 286 [1/1] (0.00ns) (grouped into LUT with out node select_ln340_8)   --->   "%tmp_291 = call i1 @_ssdm_op_BitSelect.i1.i8.i32(i8 %add_ln415_70, i32 7)" [firmware/nnet_utils/nnet_activation_stream.h:52]   --->   Operation 286 'bitselect' 'tmp_291' <Predicate = (!icmp_ln41)> <Delay = 0.00>
ST_3 : Operation 287 [1/1] (0.00ns) (grouped into LUT with out node select_ln340_8)   --->   "%xor_ln416_70 = xor i1 %tmp_291, true" [firmware/nnet_utils/nnet_activation_stream.h:52]   --->   Operation 287 'xor' 'xor_ln416_70' <Predicate = (!icmp_ln41)> <Delay = 0.00> <Core = "LogicGate">   --->   Core 27 'LogicGate' <Latency = 0> <II = 1> <Delay = 0.97> <FuncUnit> <Opcode : 'and' 'or' 'xor'> <InPorts = 2> <OutPorts = 1>
ST_3 : Operation 288 [1/1] (0.00ns) (grouped into LUT with out node select_ln340_8)   --->   "%and_ln416_70 = and i1 %tmp_289, %xor_ln416_70" [firmware/nnet_utils/nnet_activation_stream.h:52]   --->   Operation 288 'and' 'and_ln416_70' <Predicate = (!icmp_ln41)> <Delay = 0.00> <Core = "LogicGate">   --->   Core 27 'LogicGate' <Latency = 0> <II = 1> <Delay = 0.97> <FuncUnit> <Opcode : 'and' 'or' 'xor'> <InPorts = 2> <OutPorts = 1>
ST_3 : Operation 289 [1/1] (0.00ns) (grouped into LUT with out node select_ln340_8)   --->   "%tmp_292 = call i1 @_ssdm_op_BitSelect.i1.i8.i32(i8 %add_ln415_70, i32 7)" [firmware/nnet_utils/nnet_activation_stream.h:52]   --->   Operation 289 'bitselect' 'tmp_292' <Predicate = (!icmp_ln41)> <Delay = 0.00>
ST_3 : Operation 290 [1/1] (0.00ns)   --->   "%p_Result_12_8 = call i4 @_ssdm_op_PartSelect.i4.i14.i32.i32(i14 %tmp_data_V_8, i32 10, i32 13)" [firmware/nnet_utils/nnet_activation_stream.h:52]   --->   Operation 290 'partselect' 'p_Result_12_8' <Predicate = (!icmp_ln41)> <Delay = 0.00>
ST_3 : Operation 291 [1/1] (1.30ns)   --->   "%icmp_ln879_70 = icmp eq i4 %p_Result_12_8, -1" [firmware/nnet_utils/nnet_activation_stream.h:52]   --->   Operation 291 'icmp' 'icmp_ln879_70' <Predicate = (!icmp_ln41)> <Delay = 1.30> <Core = "Cmp">   --->   Core 25 'Cmp' <Latency = 0> <II = 1> <Delay = 1.30> <FuncUnit> <Opcode : 'icmp'> <InPorts = 2> <OutPorts = 1>
ST_3 : Operation 292 [1/1] (1.30ns)   --->   "%icmp_ln768_70 = icmp eq i4 %p_Result_12_8, 0" [firmware/nnet_utils/nnet_activation_stream.h:52]   --->   Operation 292 'icmp' 'icmp_ln768_70' <Predicate = (!icmp_ln41)> <Delay = 1.30> <Core = "Cmp">   --->   Core 25 'Cmp' <Latency = 0> <II = 1> <Delay = 1.30> <FuncUnit> <Opcode : 'icmp'> <InPorts = 2> <OutPorts = 1>
ST_3 : Operation 293 [1/1] (0.00ns) (grouped into LUT with out node select_ln340_8)   --->   "%select_ln777_70 = select i1 %and_ln416_70, i1 %icmp_ln879_70, i1 %icmp_ln768_70" [firmware/nnet_utils/nnet_activation_stream.h:52]   --->   Operation 293 'select' 'select_ln777_70' <Predicate = (!icmp_ln41)> <Delay = 0.00> <Core = "Sel">   --->   Core 26 'Sel' <Latency = 0> <II = 1> <Delay = 0.99> <FuncUnit> <Opcode : 'select'> <InPorts = 3> <OutPorts = 1>
ST_3 : Operation 294 [1/1] (0.00ns) (grouped into LUT with out node select_ln340_8)   --->   "%xor_ln785_8 = xor i1 %select_ln777_70, true" [firmware/nnet_utils/nnet_activation_stream.h:52]   --->   Operation 294 'xor' 'xor_ln785_8' <Predicate = (!icmp_ln41)> <Delay = 0.00> <Core = "LogicGate">   --->   Core 27 'LogicGate' <Latency = 0> <II = 1> <Delay = 0.97> <FuncUnit> <Opcode : 'and' 'or' 'xor'> <InPorts = 2> <OutPorts = 1>
ST_3 : Operation 295 [1/1] (0.00ns) (grouped into LUT with out node select_ln340_8)   --->   "%or_ln340_8 = or i1 %tmp_292, %xor_ln785_8" [firmware/nnet_utils/nnet_activation_stream.h:52]   --->   Operation 295 'or' 'or_ln340_8' <Predicate = (!icmp_ln41)> <Delay = 0.00> <Core = "LogicGate">   --->   Core 27 'LogicGate' <Latency = 0> <II = 1> <Delay = 0.97> <FuncUnit> <Opcode : 'and' 'or' 'xor'> <InPorts = 2> <OutPorts = 1>
ST_3 : Operation 296 [1/1] (0.99ns) (out node of the LUT)   --->   "%select_ln340_8 = select i1 %or_ln340_8, i7 -1, i7 %add_ln416_70" [firmware/nnet_utils/nnet_activation_stream.h:52]   --->   Operation 296 'select' 'select_ln340_8' <Predicate = (!icmp_ln41)> <Delay = 0.99> <Core = "Sel">   --->   Core 26 'Sel' <Latency = 0> <II = 1> <Delay = 0.99> <FuncUnit> <Opcode : 'select'> <InPorts = 3> <OutPorts = 1>
ST_3 : Operation 297 [1/1] (0.99ns) (out node of the LUT)   --->   "%tmp_data_8_V = select i1 %icmp_ln1494_8, i7 %select_ln340_8, i7 0" [firmware/nnet_utils/nnet_activation_stream.h:51]   --->   Operation 297 'select' 'tmp_data_8_V' <Predicate = (!icmp_ln41)> <Delay = 0.99> <Core = "Sel">   --->   Core 26 'Sel' <Latency = 0> <II = 1> <Delay = 0.99> <FuncUnit> <Opcode : 'select'> <InPorts = 3> <OutPorts = 1>
ST_3 : Operation 298 [1/1] (2.20ns)   --->   "%icmp_ln1494_9 = icmp sgt i14 %tmp_data_V_9, 0" [firmware/nnet_utils/nnet_activation_stream.h:51]   --->   Operation 298 'icmp' 'icmp_ln1494_9' <Predicate = (!icmp_ln41)> <Delay = 2.20> <Core = "Cmp">   --->   Core 25 'Cmp' <Latency = 0> <II = 1> <Delay = 1.30> <FuncUnit> <Opcode : 'icmp'> <InPorts = 2> <OutPorts = 1>
ST_3 : Operation 299 [1/1] (0.00ns)   --->   "%trunc_ln708_68 = call i8 @_ssdm_op_PartSelect.i8.i14.i32.i32(i14 %tmp_data_V_9, i32 2, i32 9)" [firmware/nnet_utils/nnet_activation_stream.h:52]   --->   Operation 299 'partselect' 'trunc_ln708_68' <Predicate = (!icmp_ln41)> <Delay = 0.00>
ST_3 : Operation 300 [1/1] (0.00ns) (grouped into LUT with out node select_ln340_9)   --->   "%tmp_293 = call i1 @_ssdm_op_BitSelect.i1.i14.i32(i14 %tmp_data_V_9, i32 9)" [firmware/nnet_utils/nnet_activation_stream.h:52]   --->   Operation 300 'bitselect' 'tmp_293' <Predicate = (!icmp_ln41)> <Delay = 0.00>
ST_3 : Operation 301 [1/1] (0.00ns)   --->   "%tmp_294 = call i1 @_ssdm_op_BitSelect.i1.i14.i32(i14 %tmp_data_V_9, i32 1)" [firmware/nnet_utils/nnet_activation_stream.h:52]   --->   Operation 301 'bitselect' 'tmp_294' <Predicate = (!icmp_ln41)> <Delay = 0.00>
ST_3 : Operation 302 [1/1] (0.00ns)   --->   "%zext_ln415_71 = zext i1 %tmp_294 to i8" [firmware/nnet_utils/nnet_activation_stream.h:52]   --->   Operation 302 'zext' 'zext_ln415_71' <Predicate = (!icmp_ln41)> <Delay = 0.00>
ST_3 : Operation 303 [1/1] (0.00ns)   --->   "%trunc_ln415_71 = call i7 @_ssdm_op_PartSelect.i7.i14.i32.i32(i14 %tmp_data_V_9, i32 2, i32 8)" [firmware/nnet_utils/nnet_activation_stream.h:52]   --->   Operation 303 'partselect' 'trunc_ln415_71' <Predicate = (!icmp_ln41)> <Delay = 0.00>
ST_3 : Operation 304 [1/1] (0.00ns)   --->   "%zext_ln415_105 = zext i1 %tmp_294 to i7" [firmware/nnet_utils/nnet_activation_stream.h:52]   --->   Operation 304 'zext' 'zext_ln415_105' <Predicate = (!icmp_ln41)> <Delay = 0.00>
ST_3 : Operation 305 [1/1] (1.91ns)   --->   "%add_ln415_71 = add i8 %trunc_ln708_68, %zext_ln415_71" [firmware/nnet_utils/nnet_activation_stream.h:52]   --->   Operation 305 'add' 'add_ln415_71' <Predicate = (!icmp_ln41)> <Delay = 1.91> <Core = "AddSub">   --->   Core 14 'AddSub' <Latency = 0> <II = 1> <Delay = 1.87> <FuncUnit> <Opcode : 'add' 'sub'> <InPorts = 2> <OutPorts = 1>
ST_3 : Operation 306 [1/1] (1.87ns)   --->   "%add_ln416_71 = add i7 %trunc_ln415_71, %zext_ln415_105" [firmware/nnet_utils/nnet_activation_stream.h:52]   --->   Operation 306 'add' 'add_ln416_71' <Predicate = (!icmp_ln41)> <Delay = 1.87> <Core = "AddSub">   --->   Core 14 'AddSub' <Latency = 0> <II = 1> <Delay = 1.87> <FuncUnit> <Opcode : 'add' 'sub'> <InPorts = 2> <OutPorts = 1>
ST_3 : Operation 307 [1/1] (0.00ns) (grouped into LUT with out node select_ln340_9)   --->   "%tmp_295 = call i1 @_ssdm_op_BitSelect.i1.i8.i32(i8 %add_ln415_71, i32 7)" [firmware/nnet_utils/nnet_activation_stream.h:52]   --->   Operation 307 'bitselect' 'tmp_295' <Predicate = (!icmp_ln41)> <Delay = 0.00>
ST_3 : Operation 308 [1/1] (0.00ns) (grouped into LUT with out node select_ln340_9)   --->   "%xor_ln416_71 = xor i1 %tmp_295, true" [firmware/nnet_utils/nnet_activation_stream.h:52]   --->   Operation 308 'xor' 'xor_ln416_71' <Predicate = (!icmp_ln41)> <Delay = 0.00> <Core = "LogicGate">   --->   Core 27 'LogicGate' <Latency = 0> <II = 1> <Delay = 0.97> <FuncUnit> <Opcode : 'and' 'or' 'xor'> <InPorts = 2> <OutPorts = 1>
ST_3 : Operation 309 [1/1] (0.00ns) (grouped into LUT with out node select_ln340_9)   --->   "%and_ln416_71 = and i1 %tmp_293, %xor_ln416_71" [firmware/nnet_utils/nnet_activation_stream.h:52]   --->   Operation 309 'and' 'and_ln416_71' <Predicate = (!icmp_ln41)> <Delay = 0.00> <Core = "LogicGate">   --->   Core 27 'LogicGate' <Latency = 0> <II = 1> <Delay = 0.97> <FuncUnit> <Opcode : 'and' 'or' 'xor'> <InPorts = 2> <OutPorts = 1>
ST_3 : Operation 310 [1/1] (0.00ns) (grouped into LUT with out node select_ln340_9)   --->   "%tmp_296 = call i1 @_ssdm_op_BitSelect.i1.i8.i32(i8 %add_ln415_71, i32 7)" [firmware/nnet_utils/nnet_activation_stream.h:52]   --->   Operation 310 'bitselect' 'tmp_296' <Predicate = (!icmp_ln41)> <Delay = 0.00>
ST_3 : Operation 311 [1/1] (0.00ns)   --->   "%p_Result_12_9 = call i4 @_ssdm_op_PartSelect.i4.i14.i32.i32(i14 %tmp_data_V_9, i32 10, i32 13)" [firmware/nnet_utils/nnet_activation_stream.h:52]   --->   Operation 311 'partselect' 'p_Result_12_9' <Predicate = (!icmp_ln41)> <Delay = 0.00>
ST_3 : Operation 312 [1/1] (1.30ns)   --->   "%icmp_ln879_71 = icmp eq i4 %p_Result_12_9, -1" [firmware/nnet_utils/nnet_activation_stream.h:52]   --->   Operation 312 'icmp' 'icmp_ln879_71' <Predicate = (!icmp_ln41)> <Delay = 1.30> <Core = "Cmp">   --->   Core 25 'Cmp' <Latency = 0> <II = 1> <Delay = 1.30> <FuncUnit> <Opcode : 'icmp'> <InPorts = 2> <OutPorts = 1>
ST_3 : Operation 313 [1/1] (1.30ns)   --->   "%icmp_ln768_71 = icmp eq i4 %p_Result_12_9, 0" [firmware/nnet_utils/nnet_activation_stream.h:52]   --->   Operation 313 'icmp' 'icmp_ln768_71' <Predicate = (!icmp_ln41)> <Delay = 1.30> <Core = "Cmp">   --->   Core 25 'Cmp' <Latency = 0> <II = 1> <Delay = 1.30> <FuncUnit> <Opcode : 'icmp'> <InPorts = 2> <OutPorts = 1>
ST_3 : Operation 314 [1/1] (0.00ns) (grouped into LUT with out node select_ln340_9)   --->   "%select_ln777_71 = select i1 %and_ln416_71, i1 %icmp_ln879_71, i1 %icmp_ln768_71" [firmware/nnet_utils/nnet_activation_stream.h:52]   --->   Operation 314 'select' 'select_ln777_71' <Predicate = (!icmp_ln41)> <Delay = 0.00> <Core = "Sel">   --->   Core 26 'Sel' <Latency = 0> <II = 1> <Delay = 0.99> <FuncUnit> <Opcode : 'select'> <InPorts = 3> <OutPorts = 1>
ST_3 : Operation 315 [1/1] (0.00ns) (grouped into LUT with out node select_ln340_9)   --->   "%xor_ln785_9 = xor i1 %select_ln777_71, true" [firmware/nnet_utils/nnet_activation_stream.h:52]   --->   Operation 315 'xor' 'xor_ln785_9' <Predicate = (!icmp_ln41)> <Delay = 0.00> <Core = "LogicGate">   --->   Core 27 'LogicGate' <Latency = 0> <II = 1> <Delay = 0.97> <FuncUnit> <Opcode : 'and' 'or' 'xor'> <InPorts = 2> <OutPorts = 1>
ST_3 : Operation 316 [1/1] (0.00ns) (grouped into LUT with out node select_ln340_9)   --->   "%or_ln340_9 = or i1 %tmp_296, %xor_ln785_9" [firmware/nnet_utils/nnet_activation_stream.h:52]   --->   Operation 316 'or' 'or_ln340_9' <Predicate = (!icmp_ln41)> <Delay = 0.00> <Core = "LogicGate">   --->   Core 27 'LogicGate' <Latency = 0> <II = 1> <Delay = 0.97> <FuncUnit> <Opcode : 'and' 'or' 'xor'> <InPorts = 2> <OutPorts = 1>
ST_3 : Operation 317 [1/1] (0.99ns) (out node of the LUT)   --->   "%select_ln340_9 = select i1 %or_ln340_9, i7 -1, i7 %add_ln416_71" [firmware/nnet_utils/nnet_activation_stream.h:52]   --->   Operation 317 'select' 'select_ln340_9' <Predicate = (!icmp_ln41)> <Delay = 0.99> <Core = "Sel">   --->   Core 26 'Sel' <Latency = 0> <II = 1> <Delay = 0.99> <FuncUnit> <Opcode : 'select'> <InPorts = 3> <OutPorts = 1>
ST_3 : Operation 318 [1/1] (0.99ns) (out node of the LUT)   --->   "%tmp_data_9_V = select i1 %icmp_ln1494_9, i7 %select_ln340_9, i7 0" [firmware/nnet_utils/nnet_activation_stream.h:51]   --->   Operation 318 'select' 'tmp_data_9_V' <Predicate = (!icmp_ln41)> <Delay = 0.99> <Core = "Sel">   --->   Core 26 'Sel' <Latency = 0> <II = 1> <Delay = 0.99> <FuncUnit> <Opcode : 'select'> <InPorts = 3> <OutPorts = 1>
ST_3 : Operation 319 [1/1] (2.20ns)   --->   "%icmp_ln1494_10 = icmp sgt i14 %tmp_data_V_10, 0" [firmware/nnet_utils/nnet_activation_stream.h:51]   --->   Operation 319 'icmp' 'icmp_ln1494_10' <Predicate = (!icmp_ln41)> <Delay = 2.20> <Core = "Cmp">   --->   Core 25 'Cmp' <Latency = 0> <II = 1> <Delay = 1.30> <FuncUnit> <Opcode : 'icmp'> <InPorts = 2> <OutPorts = 1>
ST_3 : Operation 320 [1/1] (0.00ns)   --->   "%trunc_ln708_69 = call i8 @_ssdm_op_PartSelect.i8.i14.i32.i32(i14 %tmp_data_V_10, i32 2, i32 9)" [firmware/nnet_utils/nnet_activation_stream.h:52]   --->   Operation 320 'partselect' 'trunc_ln708_69' <Predicate = (!icmp_ln41)> <Delay = 0.00>
ST_3 : Operation 321 [1/1] (0.00ns) (grouped into LUT with out node select_ln340_10)   --->   "%tmp_297 = call i1 @_ssdm_op_BitSelect.i1.i14.i32(i14 %tmp_data_V_10, i32 9)" [firmware/nnet_utils/nnet_activation_stream.h:52]   --->   Operation 321 'bitselect' 'tmp_297' <Predicate = (!icmp_ln41)> <Delay = 0.00>
ST_3 : Operation 322 [1/1] (0.00ns)   --->   "%tmp_298 = call i1 @_ssdm_op_BitSelect.i1.i14.i32(i14 %tmp_data_V_10, i32 1)" [firmware/nnet_utils/nnet_activation_stream.h:52]   --->   Operation 322 'bitselect' 'tmp_298' <Predicate = (!icmp_ln41)> <Delay = 0.00>
ST_3 : Operation 323 [1/1] (0.00ns)   --->   "%zext_ln415_72 = zext i1 %tmp_298 to i8" [firmware/nnet_utils/nnet_activation_stream.h:52]   --->   Operation 323 'zext' 'zext_ln415_72' <Predicate = (!icmp_ln41)> <Delay = 0.00>
ST_3 : Operation 324 [1/1] (0.00ns)   --->   "%trunc_ln415_72 = call i7 @_ssdm_op_PartSelect.i7.i14.i32.i32(i14 %tmp_data_V_10, i32 2, i32 8)" [firmware/nnet_utils/nnet_activation_stream.h:52]   --->   Operation 324 'partselect' 'trunc_ln415_72' <Predicate = (!icmp_ln41)> <Delay = 0.00>
ST_3 : Operation 325 [1/1] (0.00ns)   --->   "%zext_ln415_106 = zext i1 %tmp_298 to i7" [firmware/nnet_utils/nnet_activation_stream.h:52]   --->   Operation 325 'zext' 'zext_ln415_106' <Predicate = (!icmp_ln41)> <Delay = 0.00>
ST_3 : Operation 326 [1/1] (1.91ns)   --->   "%add_ln415_72 = add i8 %trunc_ln708_69, %zext_ln415_72" [firmware/nnet_utils/nnet_activation_stream.h:52]   --->   Operation 326 'add' 'add_ln415_72' <Predicate = (!icmp_ln41)> <Delay = 1.91> <Core = "AddSub">   --->   Core 14 'AddSub' <Latency = 0> <II = 1> <Delay = 1.87> <FuncUnit> <Opcode : 'add' 'sub'> <InPorts = 2> <OutPorts = 1>
ST_3 : Operation 327 [1/1] (1.87ns)   --->   "%add_ln416_72 = add i7 %trunc_ln415_72, %zext_ln415_106" [firmware/nnet_utils/nnet_activation_stream.h:52]   --->   Operation 327 'add' 'add_ln416_72' <Predicate = (!icmp_ln41)> <Delay = 1.87> <Core = "AddSub">   --->   Core 14 'AddSub' <Latency = 0> <II = 1> <Delay = 1.87> <FuncUnit> <Opcode : 'add' 'sub'> <InPorts = 2> <OutPorts = 1>
ST_3 : Operation 328 [1/1] (0.00ns) (grouped into LUT with out node select_ln340_10)   --->   "%tmp_299 = call i1 @_ssdm_op_BitSelect.i1.i8.i32(i8 %add_ln415_72, i32 7)" [firmware/nnet_utils/nnet_activation_stream.h:52]   --->   Operation 328 'bitselect' 'tmp_299' <Predicate = (!icmp_ln41)> <Delay = 0.00>
ST_3 : Operation 329 [1/1] (0.00ns) (grouped into LUT with out node select_ln340_10)   --->   "%xor_ln416_72 = xor i1 %tmp_299, true" [firmware/nnet_utils/nnet_activation_stream.h:52]   --->   Operation 329 'xor' 'xor_ln416_72' <Predicate = (!icmp_ln41)> <Delay = 0.00> <Core = "LogicGate">   --->   Core 27 'LogicGate' <Latency = 0> <II = 1> <Delay = 0.97> <FuncUnit> <Opcode : 'and' 'or' 'xor'> <InPorts = 2> <OutPorts = 1>
ST_3 : Operation 330 [1/1] (0.00ns) (grouped into LUT with out node select_ln340_10)   --->   "%and_ln416_72 = and i1 %tmp_297, %xor_ln416_72" [firmware/nnet_utils/nnet_activation_stream.h:52]   --->   Operation 330 'and' 'and_ln416_72' <Predicate = (!icmp_ln41)> <Delay = 0.00> <Core = "LogicGate">   --->   Core 27 'LogicGate' <Latency = 0> <II = 1> <Delay = 0.97> <FuncUnit> <Opcode : 'and' 'or' 'xor'> <InPorts = 2> <OutPorts = 1>
ST_3 : Operation 331 [1/1] (0.00ns) (grouped into LUT with out node select_ln340_10)   --->   "%tmp_300 = call i1 @_ssdm_op_BitSelect.i1.i8.i32(i8 %add_ln415_72, i32 7)" [firmware/nnet_utils/nnet_activation_stream.h:52]   --->   Operation 331 'bitselect' 'tmp_300' <Predicate = (!icmp_ln41)> <Delay = 0.00>
ST_3 : Operation 332 [1/1] (0.00ns)   --->   "%p_Result_12_s = call i4 @_ssdm_op_PartSelect.i4.i14.i32.i32(i14 %tmp_data_V_10, i32 10, i32 13)" [firmware/nnet_utils/nnet_activation_stream.h:52]   --->   Operation 332 'partselect' 'p_Result_12_s' <Predicate = (!icmp_ln41)> <Delay = 0.00>
ST_3 : Operation 333 [1/1] (1.30ns)   --->   "%icmp_ln879_72 = icmp eq i4 %p_Result_12_s, -1" [firmware/nnet_utils/nnet_activation_stream.h:52]   --->   Operation 333 'icmp' 'icmp_ln879_72' <Predicate = (!icmp_ln41)> <Delay = 1.30> <Core = "Cmp">   --->   Core 25 'Cmp' <Latency = 0> <II = 1> <Delay = 1.30> <FuncUnit> <Opcode : 'icmp'> <InPorts = 2> <OutPorts = 1>
ST_3 : Operation 334 [1/1] (1.30ns)   --->   "%icmp_ln768_72 = icmp eq i4 %p_Result_12_s, 0" [firmware/nnet_utils/nnet_activation_stream.h:52]   --->   Operation 334 'icmp' 'icmp_ln768_72' <Predicate = (!icmp_ln41)> <Delay = 1.30> <Core = "Cmp">   --->   Core 25 'Cmp' <Latency = 0> <II = 1> <Delay = 1.30> <FuncUnit> <Opcode : 'icmp'> <InPorts = 2> <OutPorts = 1>
ST_3 : Operation 335 [1/1] (0.00ns) (grouped into LUT with out node select_ln340_10)   --->   "%select_ln777_72 = select i1 %and_ln416_72, i1 %icmp_ln879_72, i1 %icmp_ln768_72" [firmware/nnet_utils/nnet_activation_stream.h:52]   --->   Operation 335 'select' 'select_ln777_72' <Predicate = (!icmp_ln41)> <Delay = 0.00> <Core = "Sel">   --->   Core 26 'Sel' <Latency = 0> <II = 1> <Delay = 0.99> <FuncUnit> <Opcode : 'select'> <InPorts = 3> <OutPorts = 1>
ST_3 : Operation 336 [1/1] (0.00ns) (grouped into LUT with out node select_ln340_10)   --->   "%xor_ln785_10 = xor i1 %select_ln777_72, true" [firmware/nnet_utils/nnet_activation_stream.h:52]   --->   Operation 336 'xor' 'xor_ln785_10' <Predicate = (!icmp_ln41)> <Delay = 0.00> <Core = "LogicGate">   --->   Core 27 'LogicGate' <Latency = 0> <II = 1> <Delay = 0.97> <FuncUnit> <Opcode : 'and' 'or' 'xor'> <InPorts = 2> <OutPorts = 1>
ST_3 : Operation 337 [1/1] (0.00ns) (grouped into LUT with out node select_ln340_10)   --->   "%or_ln340_10 = or i1 %tmp_300, %xor_ln785_10" [firmware/nnet_utils/nnet_activation_stream.h:52]   --->   Operation 337 'or' 'or_ln340_10' <Predicate = (!icmp_ln41)> <Delay = 0.00> <Core = "LogicGate">   --->   Core 27 'LogicGate' <Latency = 0> <II = 1> <Delay = 0.97> <FuncUnit> <Opcode : 'and' 'or' 'xor'> <InPorts = 2> <OutPorts = 1>
ST_3 : Operation 338 [1/1] (0.99ns) (out node of the LUT)   --->   "%select_ln340_10 = select i1 %or_ln340_10, i7 -1, i7 %add_ln416_72" [firmware/nnet_utils/nnet_activation_stream.h:52]   --->   Operation 338 'select' 'select_ln340_10' <Predicate = (!icmp_ln41)> <Delay = 0.99> <Core = "Sel">   --->   Core 26 'Sel' <Latency = 0> <II = 1> <Delay = 0.99> <FuncUnit> <Opcode : 'select'> <InPorts = 3> <OutPorts = 1>
ST_3 : Operation 339 [1/1] (0.99ns) (out node of the LUT)   --->   "%tmp_data_10_V = select i1 %icmp_ln1494_10, i7 %select_ln340_10, i7 0" [firmware/nnet_utils/nnet_activation_stream.h:51]   --->   Operation 339 'select' 'tmp_data_10_V' <Predicate = (!icmp_ln41)> <Delay = 0.99> <Core = "Sel">   --->   Core 26 'Sel' <Latency = 0> <II = 1> <Delay = 0.99> <FuncUnit> <Opcode : 'select'> <InPorts = 3> <OutPorts = 1>
ST_3 : Operation 340 [1/1] (2.20ns)   --->   "%icmp_ln1494_11 = icmp sgt i14 %tmp_data_V_11, 0" [firmware/nnet_utils/nnet_activation_stream.h:51]   --->   Operation 340 'icmp' 'icmp_ln1494_11' <Predicate = (!icmp_ln41)> <Delay = 2.20> <Core = "Cmp">   --->   Core 25 'Cmp' <Latency = 0> <II = 1> <Delay = 1.30> <FuncUnit> <Opcode : 'icmp'> <InPorts = 2> <OutPorts = 1>
ST_3 : Operation 341 [1/1] (0.00ns)   --->   "%trunc_ln708_70 = call i8 @_ssdm_op_PartSelect.i8.i14.i32.i32(i14 %tmp_data_V_11, i32 2, i32 9)" [firmware/nnet_utils/nnet_activation_stream.h:52]   --->   Operation 341 'partselect' 'trunc_ln708_70' <Predicate = (!icmp_ln41)> <Delay = 0.00>
ST_3 : Operation 342 [1/1] (0.00ns) (grouped into LUT with out node select_ln340_11)   --->   "%tmp_301 = call i1 @_ssdm_op_BitSelect.i1.i14.i32(i14 %tmp_data_V_11, i32 9)" [firmware/nnet_utils/nnet_activation_stream.h:52]   --->   Operation 342 'bitselect' 'tmp_301' <Predicate = (!icmp_ln41)> <Delay = 0.00>
ST_3 : Operation 343 [1/1] (0.00ns)   --->   "%tmp_302 = call i1 @_ssdm_op_BitSelect.i1.i14.i32(i14 %tmp_data_V_11, i32 1)" [firmware/nnet_utils/nnet_activation_stream.h:52]   --->   Operation 343 'bitselect' 'tmp_302' <Predicate = (!icmp_ln41)> <Delay = 0.00>
ST_3 : Operation 344 [1/1] (0.00ns)   --->   "%zext_ln415_73 = zext i1 %tmp_302 to i8" [firmware/nnet_utils/nnet_activation_stream.h:52]   --->   Operation 344 'zext' 'zext_ln415_73' <Predicate = (!icmp_ln41)> <Delay = 0.00>
ST_3 : Operation 345 [1/1] (0.00ns)   --->   "%trunc_ln415_73 = call i7 @_ssdm_op_PartSelect.i7.i14.i32.i32(i14 %tmp_data_V_11, i32 2, i32 8)" [firmware/nnet_utils/nnet_activation_stream.h:52]   --->   Operation 345 'partselect' 'trunc_ln415_73' <Predicate = (!icmp_ln41)> <Delay = 0.00>
ST_3 : Operation 346 [1/1] (0.00ns)   --->   "%zext_ln415_107 = zext i1 %tmp_302 to i7" [firmware/nnet_utils/nnet_activation_stream.h:52]   --->   Operation 346 'zext' 'zext_ln415_107' <Predicate = (!icmp_ln41)> <Delay = 0.00>
ST_3 : Operation 347 [1/1] (1.91ns)   --->   "%add_ln415_73 = add i8 %trunc_ln708_70, %zext_ln415_73" [firmware/nnet_utils/nnet_activation_stream.h:52]   --->   Operation 347 'add' 'add_ln415_73' <Predicate = (!icmp_ln41)> <Delay = 1.91> <Core = "AddSub">   --->   Core 14 'AddSub' <Latency = 0> <II = 1> <Delay = 1.87> <FuncUnit> <Opcode : 'add' 'sub'> <InPorts = 2> <OutPorts = 1>
ST_3 : Operation 348 [1/1] (1.87ns)   --->   "%add_ln416_73 = add i7 %trunc_ln415_73, %zext_ln415_107" [firmware/nnet_utils/nnet_activation_stream.h:52]   --->   Operation 348 'add' 'add_ln416_73' <Predicate = (!icmp_ln41)> <Delay = 1.87> <Core = "AddSub">   --->   Core 14 'AddSub' <Latency = 0> <II = 1> <Delay = 1.87> <FuncUnit> <Opcode : 'add' 'sub'> <InPorts = 2> <OutPorts = 1>
ST_3 : Operation 349 [1/1] (0.00ns) (grouped into LUT with out node select_ln340_11)   --->   "%tmp_303 = call i1 @_ssdm_op_BitSelect.i1.i8.i32(i8 %add_ln415_73, i32 7)" [firmware/nnet_utils/nnet_activation_stream.h:52]   --->   Operation 349 'bitselect' 'tmp_303' <Predicate = (!icmp_ln41)> <Delay = 0.00>
ST_3 : Operation 350 [1/1] (0.00ns) (grouped into LUT with out node select_ln340_11)   --->   "%xor_ln416_73 = xor i1 %tmp_303, true" [firmware/nnet_utils/nnet_activation_stream.h:52]   --->   Operation 350 'xor' 'xor_ln416_73' <Predicate = (!icmp_ln41)> <Delay = 0.00> <Core = "LogicGate">   --->   Core 27 'LogicGate' <Latency = 0> <II = 1> <Delay = 0.97> <FuncUnit> <Opcode : 'and' 'or' 'xor'> <InPorts = 2> <OutPorts = 1>
ST_3 : Operation 351 [1/1] (0.00ns) (grouped into LUT with out node select_ln340_11)   --->   "%and_ln416_73 = and i1 %tmp_301, %xor_ln416_73" [firmware/nnet_utils/nnet_activation_stream.h:52]   --->   Operation 351 'and' 'and_ln416_73' <Predicate = (!icmp_ln41)> <Delay = 0.00> <Core = "LogicGate">   --->   Core 27 'LogicGate' <Latency = 0> <II = 1> <Delay = 0.97> <FuncUnit> <Opcode : 'and' 'or' 'xor'> <InPorts = 2> <OutPorts = 1>
ST_3 : Operation 352 [1/1] (0.00ns) (grouped into LUT with out node select_ln340_11)   --->   "%tmp_304 = call i1 @_ssdm_op_BitSelect.i1.i8.i32(i8 %add_ln415_73, i32 7)" [firmware/nnet_utils/nnet_activation_stream.h:52]   --->   Operation 352 'bitselect' 'tmp_304' <Predicate = (!icmp_ln41)> <Delay = 0.00>
ST_3 : Operation 353 [1/1] (0.00ns)   --->   "%p_Result_12_10 = call i4 @_ssdm_op_PartSelect.i4.i14.i32.i32(i14 %tmp_data_V_11, i32 10, i32 13)" [firmware/nnet_utils/nnet_activation_stream.h:52]   --->   Operation 353 'partselect' 'p_Result_12_10' <Predicate = (!icmp_ln41)> <Delay = 0.00>
ST_3 : Operation 354 [1/1] (1.30ns)   --->   "%icmp_ln879_73 = icmp eq i4 %p_Result_12_10, -1" [firmware/nnet_utils/nnet_activation_stream.h:52]   --->   Operation 354 'icmp' 'icmp_ln879_73' <Predicate = (!icmp_ln41)> <Delay = 1.30> <Core = "Cmp">   --->   Core 25 'Cmp' <Latency = 0> <II = 1> <Delay = 1.30> <FuncUnit> <Opcode : 'icmp'> <InPorts = 2> <OutPorts = 1>
ST_3 : Operation 355 [1/1] (1.30ns)   --->   "%icmp_ln768_73 = icmp eq i4 %p_Result_12_10, 0" [firmware/nnet_utils/nnet_activation_stream.h:52]   --->   Operation 355 'icmp' 'icmp_ln768_73' <Predicate = (!icmp_ln41)> <Delay = 1.30> <Core = "Cmp">   --->   Core 25 'Cmp' <Latency = 0> <II = 1> <Delay = 1.30> <FuncUnit> <Opcode : 'icmp'> <InPorts = 2> <OutPorts = 1>
ST_3 : Operation 356 [1/1] (0.00ns) (grouped into LUT with out node select_ln340_11)   --->   "%select_ln777_73 = select i1 %and_ln416_73, i1 %icmp_ln879_73, i1 %icmp_ln768_73" [firmware/nnet_utils/nnet_activation_stream.h:52]   --->   Operation 356 'select' 'select_ln777_73' <Predicate = (!icmp_ln41)> <Delay = 0.00> <Core = "Sel">   --->   Core 26 'Sel' <Latency = 0> <II = 1> <Delay = 0.99> <FuncUnit> <Opcode : 'select'> <InPorts = 3> <OutPorts = 1>
ST_3 : Operation 357 [1/1] (0.00ns) (grouped into LUT with out node select_ln340_11)   --->   "%xor_ln785_11 = xor i1 %select_ln777_73, true" [firmware/nnet_utils/nnet_activation_stream.h:52]   --->   Operation 357 'xor' 'xor_ln785_11' <Predicate = (!icmp_ln41)> <Delay = 0.00> <Core = "LogicGate">   --->   Core 27 'LogicGate' <Latency = 0> <II = 1> <Delay = 0.97> <FuncUnit> <Opcode : 'and' 'or' 'xor'> <InPorts = 2> <OutPorts = 1>
ST_3 : Operation 358 [1/1] (0.00ns) (grouped into LUT with out node select_ln340_11)   --->   "%or_ln340_11 = or i1 %tmp_304, %xor_ln785_11" [firmware/nnet_utils/nnet_activation_stream.h:52]   --->   Operation 358 'or' 'or_ln340_11' <Predicate = (!icmp_ln41)> <Delay = 0.00> <Core = "LogicGate">   --->   Core 27 'LogicGate' <Latency = 0> <II = 1> <Delay = 0.97> <FuncUnit> <Opcode : 'and' 'or' 'xor'> <InPorts = 2> <OutPorts = 1>
ST_3 : Operation 359 [1/1] (0.99ns) (out node of the LUT)   --->   "%select_ln340_11 = select i1 %or_ln340_11, i7 -1, i7 %add_ln416_73" [firmware/nnet_utils/nnet_activation_stream.h:52]   --->   Operation 359 'select' 'select_ln340_11' <Predicate = (!icmp_ln41)> <Delay = 0.99> <Core = "Sel">   --->   Core 26 'Sel' <Latency = 0> <II = 1> <Delay = 0.99> <FuncUnit> <Opcode : 'select'> <InPorts = 3> <OutPorts = 1>
ST_3 : Operation 360 [1/1] (0.99ns) (out node of the LUT)   --->   "%tmp_data_11_V = select i1 %icmp_ln1494_11, i7 %select_ln340_11, i7 0" [firmware/nnet_utils/nnet_activation_stream.h:51]   --->   Operation 360 'select' 'tmp_data_11_V' <Predicate = (!icmp_ln41)> <Delay = 0.99> <Core = "Sel">   --->   Core 26 'Sel' <Latency = 0> <II = 1> <Delay = 0.99> <FuncUnit> <Opcode : 'select'> <InPorts = 3> <OutPorts = 1>
ST_3 : Operation 361 [1/1] (2.20ns)   --->   "%icmp_ln1494_12 = icmp sgt i14 %tmp_data_V_12, 0" [firmware/nnet_utils/nnet_activation_stream.h:51]   --->   Operation 361 'icmp' 'icmp_ln1494_12' <Predicate = (!icmp_ln41)> <Delay = 2.20> <Core = "Cmp">   --->   Core 25 'Cmp' <Latency = 0> <II = 1> <Delay = 1.30> <FuncUnit> <Opcode : 'icmp'> <InPorts = 2> <OutPorts = 1>
ST_3 : Operation 362 [1/1] (0.00ns)   --->   "%trunc_ln708_71 = call i8 @_ssdm_op_PartSelect.i8.i14.i32.i32(i14 %tmp_data_V_12, i32 2, i32 9)" [firmware/nnet_utils/nnet_activation_stream.h:52]   --->   Operation 362 'partselect' 'trunc_ln708_71' <Predicate = (!icmp_ln41)> <Delay = 0.00>
ST_3 : Operation 363 [1/1] (0.00ns) (grouped into LUT with out node select_ln340_12)   --->   "%tmp_305 = call i1 @_ssdm_op_BitSelect.i1.i14.i32(i14 %tmp_data_V_12, i32 9)" [firmware/nnet_utils/nnet_activation_stream.h:52]   --->   Operation 363 'bitselect' 'tmp_305' <Predicate = (!icmp_ln41)> <Delay = 0.00>
ST_3 : Operation 364 [1/1] (0.00ns)   --->   "%tmp_306 = call i1 @_ssdm_op_BitSelect.i1.i14.i32(i14 %tmp_data_V_12, i32 1)" [firmware/nnet_utils/nnet_activation_stream.h:52]   --->   Operation 364 'bitselect' 'tmp_306' <Predicate = (!icmp_ln41)> <Delay = 0.00>
ST_3 : Operation 365 [1/1] (0.00ns)   --->   "%zext_ln415_74 = zext i1 %tmp_306 to i8" [firmware/nnet_utils/nnet_activation_stream.h:52]   --->   Operation 365 'zext' 'zext_ln415_74' <Predicate = (!icmp_ln41)> <Delay = 0.00>
ST_3 : Operation 366 [1/1] (0.00ns)   --->   "%trunc_ln415_74 = call i7 @_ssdm_op_PartSelect.i7.i14.i32.i32(i14 %tmp_data_V_12, i32 2, i32 8)" [firmware/nnet_utils/nnet_activation_stream.h:52]   --->   Operation 366 'partselect' 'trunc_ln415_74' <Predicate = (!icmp_ln41)> <Delay = 0.00>
ST_3 : Operation 367 [1/1] (0.00ns)   --->   "%zext_ln415_108 = zext i1 %tmp_306 to i7" [firmware/nnet_utils/nnet_activation_stream.h:52]   --->   Operation 367 'zext' 'zext_ln415_108' <Predicate = (!icmp_ln41)> <Delay = 0.00>
ST_3 : Operation 368 [1/1] (1.91ns)   --->   "%add_ln415_74 = add i8 %trunc_ln708_71, %zext_ln415_74" [firmware/nnet_utils/nnet_activation_stream.h:52]   --->   Operation 368 'add' 'add_ln415_74' <Predicate = (!icmp_ln41)> <Delay = 1.91> <Core = "AddSub">   --->   Core 14 'AddSub' <Latency = 0> <II = 1> <Delay = 1.87> <FuncUnit> <Opcode : 'add' 'sub'> <InPorts = 2> <OutPorts = 1>
ST_3 : Operation 369 [1/1] (1.87ns)   --->   "%add_ln416_74 = add i7 %trunc_ln415_74, %zext_ln415_108" [firmware/nnet_utils/nnet_activation_stream.h:52]   --->   Operation 369 'add' 'add_ln416_74' <Predicate = (!icmp_ln41)> <Delay = 1.87> <Core = "AddSub">   --->   Core 14 'AddSub' <Latency = 0> <II = 1> <Delay = 1.87> <FuncUnit> <Opcode : 'add' 'sub'> <InPorts = 2> <OutPorts = 1>
ST_3 : Operation 370 [1/1] (0.00ns) (grouped into LUT with out node select_ln340_12)   --->   "%tmp_307 = call i1 @_ssdm_op_BitSelect.i1.i8.i32(i8 %add_ln415_74, i32 7)" [firmware/nnet_utils/nnet_activation_stream.h:52]   --->   Operation 370 'bitselect' 'tmp_307' <Predicate = (!icmp_ln41)> <Delay = 0.00>
ST_3 : Operation 371 [1/1] (0.00ns) (grouped into LUT with out node select_ln340_12)   --->   "%xor_ln416_74 = xor i1 %tmp_307, true" [firmware/nnet_utils/nnet_activation_stream.h:52]   --->   Operation 371 'xor' 'xor_ln416_74' <Predicate = (!icmp_ln41)> <Delay = 0.00> <Core = "LogicGate">   --->   Core 27 'LogicGate' <Latency = 0> <II = 1> <Delay = 0.97> <FuncUnit> <Opcode : 'and' 'or' 'xor'> <InPorts = 2> <OutPorts = 1>
ST_3 : Operation 372 [1/1] (0.00ns) (grouped into LUT with out node select_ln340_12)   --->   "%and_ln416_74 = and i1 %tmp_305, %xor_ln416_74" [firmware/nnet_utils/nnet_activation_stream.h:52]   --->   Operation 372 'and' 'and_ln416_74' <Predicate = (!icmp_ln41)> <Delay = 0.00> <Core = "LogicGate">   --->   Core 27 'LogicGate' <Latency = 0> <II = 1> <Delay = 0.97> <FuncUnit> <Opcode : 'and' 'or' 'xor'> <InPorts = 2> <OutPorts = 1>
ST_3 : Operation 373 [1/1] (0.00ns) (grouped into LUT with out node select_ln340_12)   --->   "%tmp_308 = call i1 @_ssdm_op_BitSelect.i1.i8.i32(i8 %add_ln415_74, i32 7)" [firmware/nnet_utils/nnet_activation_stream.h:52]   --->   Operation 373 'bitselect' 'tmp_308' <Predicate = (!icmp_ln41)> <Delay = 0.00>
ST_3 : Operation 374 [1/1] (0.00ns)   --->   "%p_Result_12_11 = call i4 @_ssdm_op_PartSelect.i4.i14.i32.i32(i14 %tmp_data_V_12, i32 10, i32 13)" [firmware/nnet_utils/nnet_activation_stream.h:52]   --->   Operation 374 'partselect' 'p_Result_12_11' <Predicate = (!icmp_ln41)> <Delay = 0.00>
ST_3 : Operation 375 [1/1] (1.30ns)   --->   "%icmp_ln879_74 = icmp eq i4 %p_Result_12_11, -1" [firmware/nnet_utils/nnet_activation_stream.h:52]   --->   Operation 375 'icmp' 'icmp_ln879_74' <Predicate = (!icmp_ln41)> <Delay = 1.30> <Core = "Cmp">   --->   Core 25 'Cmp' <Latency = 0> <II = 1> <Delay = 1.30> <FuncUnit> <Opcode : 'icmp'> <InPorts = 2> <OutPorts = 1>
ST_3 : Operation 376 [1/1] (1.30ns)   --->   "%icmp_ln768_74 = icmp eq i4 %p_Result_12_11, 0" [firmware/nnet_utils/nnet_activation_stream.h:52]   --->   Operation 376 'icmp' 'icmp_ln768_74' <Predicate = (!icmp_ln41)> <Delay = 1.30> <Core = "Cmp">   --->   Core 25 'Cmp' <Latency = 0> <II = 1> <Delay = 1.30> <FuncUnit> <Opcode : 'icmp'> <InPorts = 2> <OutPorts = 1>
ST_3 : Operation 377 [1/1] (0.00ns) (grouped into LUT with out node select_ln340_12)   --->   "%select_ln777_74 = select i1 %and_ln416_74, i1 %icmp_ln879_74, i1 %icmp_ln768_74" [firmware/nnet_utils/nnet_activation_stream.h:52]   --->   Operation 377 'select' 'select_ln777_74' <Predicate = (!icmp_ln41)> <Delay = 0.00> <Core = "Sel">   --->   Core 26 'Sel' <Latency = 0> <II = 1> <Delay = 0.99> <FuncUnit> <Opcode : 'select'> <InPorts = 3> <OutPorts = 1>
ST_3 : Operation 378 [1/1] (0.00ns) (grouped into LUT with out node select_ln340_12)   --->   "%xor_ln785_12 = xor i1 %select_ln777_74, true" [firmware/nnet_utils/nnet_activation_stream.h:52]   --->   Operation 378 'xor' 'xor_ln785_12' <Predicate = (!icmp_ln41)> <Delay = 0.00> <Core = "LogicGate">   --->   Core 27 'LogicGate' <Latency = 0> <II = 1> <Delay = 0.97> <FuncUnit> <Opcode : 'and' 'or' 'xor'> <InPorts = 2> <OutPorts = 1>
ST_3 : Operation 379 [1/1] (0.00ns) (grouped into LUT with out node select_ln340_12)   --->   "%or_ln340_12 = or i1 %tmp_308, %xor_ln785_12" [firmware/nnet_utils/nnet_activation_stream.h:52]   --->   Operation 379 'or' 'or_ln340_12' <Predicate = (!icmp_ln41)> <Delay = 0.00> <Core = "LogicGate">   --->   Core 27 'LogicGate' <Latency = 0> <II = 1> <Delay = 0.97> <FuncUnit> <Opcode : 'and' 'or' 'xor'> <InPorts = 2> <OutPorts = 1>
ST_3 : Operation 380 [1/1] (0.99ns) (out node of the LUT)   --->   "%select_ln340_12 = select i1 %or_ln340_12, i7 -1, i7 %add_ln416_74" [firmware/nnet_utils/nnet_activation_stream.h:52]   --->   Operation 380 'select' 'select_ln340_12' <Predicate = (!icmp_ln41)> <Delay = 0.99> <Core = "Sel">   --->   Core 26 'Sel' <Latency = 0> <II = 1> <Delay = 0.99> <FuncUnit> <Opcode : 'select'> <InPorts = 3> <OutPorts = 1>
ST_3 : Operation 381 [1/1] (0.99ns) (out node of the LUT)   --->   "%tmp_data_12_V = select i1 %icmp_ln1494_12, i7 %select_ln340_12, i7 0" [firmware/nnet_utils/nnet_activation_stream.h:51]   --->   Operation 381 'select' 'tmp_data_12_V' <Predicate = (!icmp_ln41)> <Delay = 0.99> <Core = "Sel">   --->   Core 26 'Sel' <Latency = 0> <II = 1> <Delay = 0.99> <FuncUnit> <Opcode : 'select'> <InPorts = 3> <OutPorts = 1>
ST_3 : Operation 382 [1/1] (2.20ns)   --->   "%icmp_ln1494_13 = icmp sgt i14 %tmp_data_V_1339, 0" [firmware/nnet_utils/nnet_activation_stream.h:51]   --->   Operation 382 'icmp' 'icmp_ln1494_13' <Predicate = (!icmp_ln41)> <Delay = 2.20> <Core = "Cmp">   --->   Core 25 'Cmp' <Latency = 0> <II = 1> <Delay = 1.30> <FuncUnit> <Opcode : 'icmp'> <InPorts = 2> <OutPorts = 1>
ST_3 : Operation 383 [1/1] (0.00ns)   --->   "%trunc_ln708_72 = call i8 @_ssdm_op_PartSelect.i8.i14.i32.i32(i14 %tmp_data_V_1339, i32 2, i32 9)" [firmware/nnet_utils/nnet_activation_stream.h:52]   --->   Operation 383 'partselect' 'trunc_ln708_72' <Predicate = (!icmp_ln41)> <Delay = 0.00>
ST_3 : Operation 384 [1/1] (0.00ns) (grouped into LUT with out node select_ln340_13)   --->   "%tmp_309 = call i1 @_ssdm_op_BitSelect.i1.i14.i32(i14 %tmp_data_V_1339, i32 9)" [firmware/nnet_utils/nnet_activation_stream.h:52]   --->   Operation 384 'bitselect' 'tmp_309' <Predicate = (!icmp_ln41)> <Delay = 0.00>
ST_3 : Operation 385 [1/1] (0.00ns)   --->   "%tmp_310 = call i1 @_ssdm_op_BitSelect.i1.i14.i32(i14 %tmp_data_V_1339, i32 1)" [firmware/nnet_utils/nnet_activation_stream.h:52]   --->   Operation 385 'bitselect' 'tmp_310' <Predicate = (!icmp_ln41)> <Delay = 0.00>
ST_3 : Operation 386 [1/1] (0.00ns)   --->   "%zext_ln415_75 = zext i1 %tmp_310 to i8" [firmware/nnet_utils/nnet_activation_stream.h:52]   --->   Operation 386 'zext' 'zext_ln415_75' <Predicate = (!icmp_ln41)> <Delay = 0.00>
ST_3 : Operation 387 [1/1] (0.00ns)   --->   "%trunc_ln415_75 = call i7 @_ssdm_op_PartSelect.i7.i14.i32.i32(i14 %tmp_data_V_1339, i32 2, i32 8)" [firmware/nnet_utils/nnet_activation_stream.h:52]   --->   Operation 387 'partselect' 'trunc_ln415_75' <Predicate = (!icmp_ln41)> <Delay = 0.00>
ST_3 : Operation 388 [1/1] (0.00ns)   --->   "%zext_ln415_109 = zext i1 %tmp_310 to i7" [firmware/nnet_utils/nnet_activation_stream.h:52]   --->   Operation 388 'zext' 'zext_ln415_109' <Predicate = (!icmp_ln41)> <Delay = 0.00>
ST_3 : Operation 389 [1/1] (1.91ns)   --->   "%add_ln415_75 = add i8 %trunc_ln708_72, %zext_ln415_75" [firmware/nnet_utils/nnet_activation_stream.h:52]   --->   Operation 389 'add' 'add_ln415_75' <Predicate = (!icmp_ln41)> <Delay = 1.91> <Core = "AddSub">   --->   Core 14 'AddSub' <Latency = 0> <II = 1> <Delay = 1.87> <FuncUnit> <Opcode : 'add' 'sub'> <InPorts = 2> <OutPorts = 1>
ST_3 : Operation 390 [1/1] (1.87ns)   --->   "%add_ln416_75 = add i7 %trunc_ln415_75, %zext_ln415_109" [firmware/nnet_utils/nnet_activation_stream.h:52]   --->   Operation 390 'add' 'add_ln416_75' <Predicate = (!icmp_ln41)> <Delay = 1.87> <Core = "AddSub">   --->   Core 14 'AddSub' <Latency = 0> <II = 1> <Delay = 1.87> <FuncUnit> <Opcode : 'add' 'sub'> <InPorts = 2> <OutPorts = 1>
ST_3 : Operation 391 [1/1] (0.00ns) (grouped into LUT with out node select_ln340_13)   --->   "%tmp_311 = call i1 @_ssdm_op_BitSelect.i1.i8.i32(i8 %add_ln415_75, i32 7)" [firmware/nnet_utils/nnet_activation_stream.h:52]   --->   Operation 391 'bitselect' 'tmp_311' <Predicate = (!icmp_ln41)> <Delay = 0.00>
ST_3 : Operation 392 [1/1] (0.00ns) (grouped into LUT with out node select_ln340_13)   --->   "%xor_ln416_75 = xor i1 %tmp_311, true" [firmware/nnet_utils/nnet_activation_stream.h:52]   --->   Operation 392 'xor' 'xor_ln416_75' <Predicate = (!icmp_ln41)> <Delay = 0.00> <Core = "LogicGate">   --->   Core 27 'LogicGate' <Latency = 0> <II = 1> <Delay = 0.97> <FuncUnit> <Opcode : 'and' 'or' 'xor'> <InPorts = 2> <OutPorts = 1>
ST_3 : Operation 393 [1/1] (0.00ns) (grouped into LUT with out node select_ln340_13)   --->   "%and_ln416_75 = and i1 %tmp_309, %xor_ln416_75" [firmware/nnet_utils/nnet_activation_stream.h:52]   --->   Operation 393 'and' 'and_ln416_75' <Predicate = (!icmp_ln41)> <Delay = 0.00> <Core = "LogicGate">   --->   Core 27 'LogicGate' <Latency = 0> <II = 1> <Delay = 0.97> <FuncUnit> <Opcode : 'and' 'or' 'xor'> <InPorts = 2> <OutPorts = 1>
ST_3 : Operation 394 [1/1] (0.00ns) (grouped into LUT with out node select_ln340_13)   --->   "%tmp_312 = call i1 @_ssdm_op_BitSelect.i1.i8.i32(i8 %add_ln415_75, i32 7)" [firmware/nnet_utils/nnet_activation_stream.h:52]   --->   Operation 394 'bitselect' 'tmp_312' <Predicate = (!icmp_ln41)> <Delay = 0.00>
ST_3 : Operation 395 [1/1] (0.00ns)   --->   "%p_Result_12_12 = call i4 @_ssdm_op_PartSelect.i4.i14.i32.i32(i14 %tmp_data_V_1339, i32 10, i32 13)" [firmware/nnet_utils/nnet_activation_stream.h:52]   --->   Operation 395 'partselect' 'p_Result_12_12' <Predicate = (!icmp_ln41)> <Delay = 0.00>
ST_3 : Operation 396 [1/1] (1.30ns)   --->   "%icmp_ln879_75 = icmp eq i4 %p_Result_12_12, -1" [firmware/nnet_utils/nnet_activation_stream.h:52]   --->   Operation 396 'icmp' 'icmp_ln879_75' <Predicate = (!icmp_ln41)> <Delay = 1.30> <Core = "Cmp">   --->   Core 25 'Cmp' <Latency = 0> <II = 1> <Delay = 1.30> <FuncUnit> <Opcode : 'icmp'> <InPorts = 2> <OutPorts = 1>
ST_3 : Operation 397 [1/1] (1.30ns)   --->   "%icmp_ln768_75 = icmp eq i4 %p_Result_12_12, 0" [firmware/nnet_utils/nnet_activation_stream.h:52]   --->   Operation 397 'icmp' 'icmp_ln768_75' <Predicate = (!icmp_ln41)> <Delay = 1.30> <Core = "Cmp">   --->   Core 25 'Cmp' <Latency = 0> <II = 1> <Delay = 1.30> <FuncUnit> <Opcode : 'icmp'> <InPorts = 2> <OutPorts = 1>
ST_3 : Operation 398 [1/1] (0.00ns) (grouped into LUT with out node select_ln340_13)   --->   "%select_ln777_75 = select i1 %and_ln416_75, i1 %icmp_ln879_75, i1 %icmp_ln768_75" [firmware/nnet_utils/nnet_activation_stream.h:52]   --->   Operation 398 'select' 'select_ln777_75' <Predicate = (!icmp_ln41)> <Delay = 0.00> <Core = "Sel">   --->   Core 26 'Sel' <Latency = 0> <II = 1> <Delay = 0.99> <FuncUnit> <Opcode : 'select'> <InPorts = 3> <OutPorts = 1>
ST_3 : Operation 399 [1/1] (0.00ns) (grouped into LUT with out node select_ln340_13)   --->   "%xor_ln785_13 = xor i1 %select_ln777_75, true" [firmware/nnet_utils/nnet_activation_stream.h:52]   --->   Operation 399 'xor' 'xor_ln785_13' <Predicate = (!icmp_ln41)> <Delay = 0.00> <Core = "LogicGate">   --->   Core 27 'LogicGate' <Latency = 0> <II = 1> <Delay = 0.97> <FuncUnit> <Opcode : 'and' 'or' 'xor'> <InPorts = 2> <OutPorts = 1>
ST_3 : Operation 400 [1/1] (0.00ns) (grouped into LUT with out node select_ln340_13)   --->   "%or_ln340_13 = or i1 %tmp_312, %xor_ln785_13" [firmware/nnet_utils/nnet_activation_stream.h:52]   --->   Operation 400 'or' 'or_ln340_13' <Predicate = (!icmp_ln41)> <Delay = 0.00> <Core = "LogicGate">   --->   Core 27 'LogicGate' <Latency = 0> <II = 1> <Delay = 0.97> <FuncUnit> <Opcode : 'and' 'or' 'xor'> <InPorts = 2> <OutPorts = 1>
ST_3 : Operation 401 [1/1] (0.99ns) (out node of the LUT)   --->   "%select_ln340_13 = select i1 %or_ln340_13, i7 -1, i7 %add_ln416_75" [firmware/nnet_utils/nnet_activation_stream.h:52]   --->   Operation 401 'select' 'select_ln340_13' <Predicate = (!icmp_ln41)> <Delay = 0.99> <Core = "Sel">   --->   Core 26 'Sel' <Latency = 0> <II = 1> <Delay = 0.99> <FuncUnit> <Opcode : 'select'> <InPorts = 3> <OutPorts = 1>
ST_3 : Operation 402 [1/1] (0.99ns) (out node of the LUT)   --->   "%tmp_data_13_V = select i1 %icmp_ln1494_13, i7 %select_ln340_13, i7 0" [firmware/nnet_utils/nnet_activation_stream.h:51]   --->   Operation 402 'select' 'tmp_data_13_V' <Predicate = (!icmp_ln41)> <Delay = 0.99> <Core = "Sel">   --->   Core 26 'Sel' <Latency = 0> <II = 1> <Delay = 0.99> <FuncUnit> <Opcode : 'select'> <InPorts = 3> <OutPorts = 1>
ST_3 : Operation 403 [1/1] (2.20ns)   --->   "%icmp_ln1494_14 = icmp sgt i14 %tmp_data_V_14, 0" [firmware/nnet_utils/nnet_activation_stream.h:51]   --->   Operation 403 'icmp' 'icmp_ln1494_14' <Predicate = (!icmp_ln41)> <Delay = 2.20> <Core = "Cmp">   --->   Core 25 'Cmp' <Latency = 0> <II = 1> <Delay = 1.30> <FuncUnit> <Opcode : 'icmp'> <InPorts = 2> <OutPorts = 1>
ST_3 : Operation 404 [1/1] (0.00ns)   --->   "%trunc_ln708_73 = call i8 @_ssdm_op_PartSelect.i8.i14.i32.i32(i14 %tmp_data_V_14, i32 2, i32 9)" [firmware/nnet_utils/nnet_activation_stream.h:52]   --->   Operation 404 'partselect' 'trunc_ln708_73' <Predicate = (!icmp_ln41)> <Delay = 0.00>
ST_3 : Operation 405 [1/1] (0.00ns) (grouped into LUT with out node select_ln340_14)   --->   "%tmp_313 = call i1 @_ssdm_op_BitSelect.i1.i14.i32(i14 %tmp_data_V_14, i32 9)" [firmware/nnet_utils/nnet_activation_stream.h:52]   --->   Operation 405 'bitselect' 'tmp_313' <Predicate = (!icmp_ln41)> <Delay = 0.00>
ST_3 : Operation 406 [1/1] (0.00ns)   --->   "%tmp_314 = call i1 @_ssdm_op_BitSelect.i1.i14.i32(i14 %tmp_data_V_14, i32 1)" [firmware/nnet_utils/nnet_activation_stream.h:52]   --->   Operation 406 'bitselect' 'tmp_314' <Predicate = (!icmp_ln41)> <Delay = 0.00>
ST_3 : Operation 407 [1/1] (0.00ns)   --->   "%zext_ln415_76 = zext i1 %tmp_314 to i8" [firmware/nnet_utils/nnet_activation_stream.h:52]   --->   Operation 407 'zext' 'zext_ln415_76' <Predicate = (!icmp_ln41)> <Delay = 0.00>
ST_3 : Operation 408 [1/1] (0.00ns)   --->   "%trunc_ln415_76 = call i7 @_ssdm_op_PartSelect.i7.i14.i32.i32(i14 %tmp_data_V_14, i32 2, i32 8)" [firmware/nnet_utils/nnet_activation_stream.h:52]   --->   Operation 408 'partselect' 'trunc_ln415_76' <Predicate = (!icmp_ln41)> <Delay = 0.00>
ST_3 : Operation 409 [1/1] (0.00ns)   --->   "%zext_ln415_110 = zext i1 %tmp_314 to i7" [firmware/nnet_utils/nnet_activation_stream.h:52]   --->   Operation 409 'zext' 'zext_ln415_110' <Predicate = (!icmp_ln41)> <Delay = 0.00>
ST_3 : Operation 410 [1/1] (1.91ns)   --->   "%add_ln415_76 = add i8 %trunc_ln708_73, %zext_ln415_76" [firmware/nnet_utils/nnet_activation_stream.h:52]   --->   Operation 410 'add' 'add_ln415_76' <Predicate = (!icmp_ln41)> <Delay = 1.91> <Core = "AddSub">   --->   Core 14 'AddSub' <Latency = 0> <II = 1> <Delay = 1.87> <FuncUnit> <Opcode : 'add' 'sub'> <InPorts = 2> <OutPorts = 1>
ST_3 : Operation 411 [1/1] (1.87ns)   --->   "%add_ln416_76 = add i7 %trunc_ln415_76, %zext_ln415_110" [firmware/nnet_utils/nnet_activation_stream.h:52]   --->   Operation 411 'add' 'add_ln416_76' <Predicate = (!icmp_ln41)> <Delay = 1.87> <Core = "AddSub">   --->   Core 14 'AddSub' <Latency = 0> <II = 1> <Delay = 1.87> <FuncUnit> <Opcode : 'add' 'sub'> <InPorts = 2> <OutPorts = 1>
ST_3 : Operation 412 [1/1] (0.00ns) (grouped into LUT with out node select_ln340_14)   --->   "%tmp_315 = call i1 @_ssdm_op_BitSelect.i1.i8.i32(i8 %add_ln415_76, i32 7)" [firmware/nnet_utils/nnet_activation_stream.h:52]   --->   Operation 412 'bitselect' 'tmp_315' <Predicate = (!icmp_ln41)> <Delay = 0.00>
ST_3 : Operation 413 [1/1] (0.00ns) (grouped into LUT with out node select_ln340_14)   --->   "%xor_ln416_76 = xor i1 %tmp_315, true" [firmware/nnet_utils/nnet_activation_stream.h:52]   --->   Operation 413 'xor' 'xor_ln416_76' <Predicate = (!icmp_ln41)> <Delay = 0.00> <Core = "LogicGate">   --->   Core 27 'LogicGate' <Latency = 0> <II = 1> <Delay = 0.97> <FuncUnit> <Opcode : 'and' 'or' 'xor'> <InPorts = 2> <OutPorts = 1>
ST_3 : Operation 414 [1/1] (0.00ns) (grouped into LUT with out node select_ln340_14)   --->   "%and_ln416_76 = and i1 %tmp_313, %xor_ln416_76" [firmware/nnet_utils/nnet_activation_stream.h:52]   --->   Operation 414 'and' 'and_ln416_76' <Predicate = (!icmp_ln41)> <Delay = 0.00> <Core = "LogicGate">   --->   Core 27 'LogicGate' <Latency = 0> <II = 1> <Delay = 0.97> <FuncUnit> <Opcode : 'and' 'or' 'xor'> <InPorts = 2> <OutPorts = 1>
ST_3 : Operation 415 [1/1] (0.00ns) (grouped into LUT with out node select_ln340_14)   --->   "%tmp_316 = call i1 @_ssdm_op_BitSelect.i1.i8.i32(i8 %add_ln415_76, i32 7)" [firmware/nnet_utils/nnet_activation_stream.h:52]   --->   Operation 415 'bitselect' 'tmp_316' <Predicate = (!icmp_ln41)> <Delay = 0.00>
ST_3 : Operation 416 [1/1] (0.00ns)   --->   "%p_Result_12_13 = call i4 @_ssdm_op_PartSelect.i4.i14.i32.i32(i14 %tmp_data_V_14, i32 10, i32 13)" [firmware/nnet_utils/nnet_activation_stream.h:52]   --->   Operation 416 'partselect' 'p_Result_12_13' <Predicate = (!icmp_ln41)> <Delay = 0.00>
ST_3 : Operation 417 [1/1] (1.30ns)   --->   "%icmp_ln879_76 = icmp eq i4 %p_Result_12_13, -1" [firmware/nnet_utils/nnet_activation_stream.h:52]   --->   Operation 417 'icmp' 'icmp_ln879_76' <Predicate = (!icmp_ln41)> <Delay = 1.30> <Core = "Cmp">   --->   Core 25 'Cmp' <Latency = 0> <II = 1> <Delay = 1.30> <FuncUnit> <Opcode : 'icmp'> <InPorts = 2> <OutPorts = 1>
ST_3 : Operation 418 [1/1] (1.30ns)   --->   "%icmp_ln768_76 = icmp eq i4 %p_Result_12_13, 0" [firmware/nnet_utils/nnet_activation_stream.h:52]   --->   Operation 418 'icmp' 'icmp_ln768_76' <Predicate = (!icmp_ln41)> <Delay = 1.30> <Core = "Cmp">   --->   Core 25 'Cmp' <Latency = 0> <II = 1> <Delay = 1.30> <FuncUnit> <Opcode : 'icmp'> <InPorts = 2> <OutPorts = 1>
ST_3 : Operation 419 [1/1] (0.00ns) (grouped into LUT with out node select_ln340_14)   --->   "%select_ln777_76 = select i1 %and_ln416_76, i1 %icmp_ln879_76, i1 %icmp_ln768_76" [firmware/nnet_utils/nnet_activation_stream.h:52]   --->   Operation 419 'select' 'select_ln777_76' <Predicate = (!icmp_ln41)> <Delay = 0.00> <Core = "Sel">   --->   Core 26 'Sel' <Latency = 0> <II = 1> <Delay = 0.99> <FuncUnit> <Opcode : 'select'> <InPorts = 3> <OutPorts = 1>
ST_3 : Operation 420 [1/1] (0.00ns) (grouped into LUT with out node select_ln340_14)   --->   "%xor_ln785_14 = xor i1 %select_ln777_76, true" [firmware/nnet_utils/nnet_activation_stream.h:52]   --->   Operation 420 'xor' 'xor_ln785_14' <Predicate = (!icmp_ln41)> <Delay = 0.00> <Core = "LogicGate">   --->   Core 27 'LogicGate' <Latency = 0> <II = 1> <Delay = 0.97> <FuncUnit> <Opcode : 'and' 'or' 'xor'> <InPorts = 2> <OutPorts = 1>
ST_3 : Operation 421 [1/1] (0.00ns) (grouped into LUT with out node select_ln340_14)   --->   "%or_ln340_14 = or i1 %tmp_316, %xor_ln785_14" [firmware/nnet_utils/nnet_activation_stream.h:52]   --->   Operation 421 'or' 'or_ln340_14' <Predicate = (!icmp_ln41)> <Delay = 0.00> <Core = "LogicGate">   --->   Core 27 'LogicGate' <Latency = 0> <II = 1> <Delay = 0.97> <FuncUnit> <Opcode : 'and' 'or' 'xor'> <InPorts = 2> <OutPorts = 1>
ST_3 : Operation 422 [1/1] (0.99ns) (out node of the LUT)   --->   "%select_ln340_14 = select i1 %or_ln340_14, i7 -1, i7 %add_ln416_76" [firmware/nnet_utils/nnet_activation_stream.h:52]   --->   Operation 422 'select' 'select_ln340_14' <Predicate = (!icmp_ln41)> <Delay = 0.99> <Core = "Sel">   --->   Core 26 'Sel' <Latency = 0> <II = 1> <Delay = 0.99> <FuncUnit> <Opcode : 'select'> <InPorts = 3> <OutPorts = 1>
ST_3 : Operation 423 [1/1] (0.99ns) (out node of the LUT)   --->   "%tmp_data_14_V = select i1 %icmp_ln1494_14, i7 %select_ln340_14, i7 0" [firmware/nnet_utils/nnet_activation_stream.h:51]   --->   Operation 423 'select' 'tmp_data_14_V' <Predicate = (!icmp_ln41)> <Delay = 0.99> <Core = "Sel">   --->   Core 26 'Sel' <Latency = 0> <II = 1> <Delay = 0.99> <FuncUnit> <Opcode : 'select'> <InPorts = 3> <OutPorts = 1>
ST_3 : Operation 424 [1/1] (2.20ns)   --->   "%icmp_ln1494_15 = icmp sgt i14 %tmp_data_V_15, 0" [firmware/nnet_utils/nnet_activation_stream.h:51]   --->   Operation 424 'icmp' 'icmp_ln1494_15' <Predicate = (!icmp_ln41)> <Delay = 2.20> <Core = "Cmp">   --->   Core 25 'Cmp' <Latency = 0> <II = 1> <Delay = 1.30> <FuncUnit> <Opcode : 'icmp'> <InPorts = 2> <OutPorts = 1>
ST_3 : Operation 425 [1/1] (0.00ns)   --->   "%trunc_ln708_74 = call i8 @_ssdm_op_PartSelect.i8.i14.i32.i32(i14 %tmp_data_V_15, i32 2, i32 9)" [firmware/nnet_utils/nnet_activation_stream.h:52]   --->   Operation 425 'partselect' 'trunc_ln708_74' <Predicate = (!icmp_ln41)> <Delay = 0.00>
ST_3 : Operation 426 [1/1] (0.00ns) (grouped into LUT with out node select_ln340_15)   --->   "%tmp_317 = call i1 @_ssdm_op_BitSelect.i1.i14.i32(i14 %tmp_data_V_15, i32 9)" [firmware/nnet_utils/nnet_activation_stream.h:52]   --->   Operation 426 'bitselect' 'tmp_317' <Predicate = (!icmp_ln41)> <Delay = 0.00>
ST_3 : Operation 427 [1/1] (0.00ns)   --->   "%tmp_318 = call i1 @_ssdm_op_BitSelect.i1.i14.i32(i14 %tmp_data_V_15, i32 1)" [firmware/nnet_utils/nnet_activation_stream.h:52]   --->   Operation 427 'bitselect' 'tmp_318' <Predicate = (!icmp_ln41)> <Delay = 0.00>
ST_3 : Operation 428 [1/1] (0.00ns)   --->   "%zext_ln415_77 = zext i1 %tmp_318 to i8" [firmware/nnet_utils/nnet_activation_stream.h:52]   --->   Operation 428 'zext' 'zext_ln415_77' <Predicate = (!icmp_ln41)> <Delay = 0.00>
ST_3 : Operation 429 [1/1] (0.00ns)   --->   "%trunc_ln415_77 = call i7 @_ssdm_op_PartSelect.i7.i14.i32.i32(i14 %tmp_data_V_15, i32 2, i32 8)" [firmware/nnet_utils/nnet_activation_stream.h:52]   --->   Operation 429 'partselect' 'trunc_ln415_77' <Predicate = (!icmp_ln41)> <Delay = 0.00>
ST_3 : Operation 430 [1/1] (0.00ns)   --->   "%zext_ln415_111 = zext i1 %tmp_318 to i7" [firmware/nnet_utils/nnet_activation_stream.h:52]   --->   Operation 430 'zext' 'zext_ln415_111' <Predicate = (!icmp_ln41)> <Delay = 0.00>
ST_3 : Operation 431 [1/1] (1.91ns)   --->   "%add_ln415_77 = add i8 %trunc_ln708_74, %zext_ln415_77" [firmware/nnet_utils/nnet_activation_stream.h:52]   --->   Operation 431 'add' 'add_ln415_77' <Predicate = (!icmp_ln41)> <Delay = 1.91> <Core = "AddSub">   --->   Core 14 'AddSub' <Latency = 0> <II = 1> <Delay = 1.87> <FuncUnit> <Opcode : 'add' 'sub'> <InPorts = 2> <OutPorts = 1>
ST_3 : Operation 432 [1/1] (1.87ns)   --->   "%add_ln416_77 = add i7 %trunc_ln415_77, %zext_ln415_111" [firmware/nnet_utils/nnet_activation_stream.h:52]   --->   Operation 432 'add' 'add_ln416_77' <Predicate = (!icmp_ln41)> <Delay = 1.87> <Core = "AddSub">   --->   Core 14 'AddSub' <Latency = 0> <II = 1> <Delay = 1.87> <FuncUnit> <Opcode : 'add' 'sub'> <InPorts = 2> <OutPorts = 1>
ST_3 : Operation 433 [1/1] (0.00ns) (grouped into LUT with out node select_ln340_15)   --->   "%tmp_319 = call i1 @_ssdm_op_BitSelect.i1.i8.i32(i8 %add_ln415_77, i32 7)" [firmware/nnet_utils/nnet_activation_stream.h:52]   --->   Operation 433 'bitselect' 'tmp_319' <Predicate = (!icmp_ln41)> <Delay = 0.00>
ST_3 : Operation 434 [1/1] (0.00ns) (grouped into LUT with out node select_ln340_15)   --->   "%xor_ln416_77 = xor i1 %tmp_319, true" [firmware/nnet_utils/nnet_activation_stream.h:52]   --->   Operation 434 'xor' 'xor_ln416_77' <Predicate = (!icmp_ln41)> <Delay = 0.00> <Core = "LogicGate">   --->   Core 27 'LogicGate' <Latency = 0> <II = 1> <Delay = 0.97> <FuncUnit> <Opcode : 'and' 'or' 'xor'> <InPorts = 2> <OutPorts = 1>
ST_3 : Operation 435 [1/1] (0.00ns) (grouped into LUT with out node select_ln340_15)   --->   "%and_ln416_77 = and i1 %tmp_317, %xor_ln416_77" [firmware/nnet_utils/nnet_activation_stream.h:52]   --->   Operation 435 'and' 'and_ln416_77' <Predicate = (!icmp_ln41)> <Delay = 0.00> <Core = "LogicGate">   --->   Core 27 'LogicGate' <Latency = 0> <II = 1> <Delay = 0.97> <FuncUnit> <Opcode : 'and' 'or' 'xor'> <InPorts = 2> <OutPorts = 1>
ST_3 : Operation 436 [1/1] (0.00ns) (grouped into LUT with out node select_ln340_15)   --->   "%tmp_320 = call i1 @_ssdm_op_BitSelect.i1.i8.i32(i8 %add_ln415_77, i32 7)" [firmware/nnet_utils/nnet_activation_stream.h:52]   --->   Operation 436 'bitselect' 'tmp_320' <Predicate = (!icmp_ln41)> <Delay = 0.00>
ST_3 : Operation 437 [1/1] (0.00ns)   --->   "%p_Result_12_14 = call i4 @_ssdm_op_PartSelect.i4.i14.i32.i32(i14 %tmp_data_V_15, i32 10, i32 13)" [firmware/nnet_utils/nnet_activation_stream.h:52]   --->   Operation 437 'partselect' 'p_Result_12_14' <Predicate = (!icmp_ln41)> <Delay = 0.00>
ST_3 : Operation 438 [1/1] (1.30ns)   --->   "%icmp_ln879_77 = icmp eq i4 %p_Result_12_14, -1" [firmware/nnet_utils/nnet_activation_stream.h:52]   --->   Operation 438 'icmp' 'icmp_ln879_77' <Predicate = (!icmp_ln41)> <Delay = 1.30> <Core = "Cmp">   --->   Core 25 'Cmp' <Latency = 0> <II = 1> <Delay = 1.30> <FuncUnit> <Opcode : 'icmp'> <InPorts = 2> <OutPorts = 1>
ST_3 : Operation 439 [1/1] (1.30ns)   --->   "%icmp_ln768_77 = icmp eq i4 %p_Result_12_14, 0" [firmware/nnet_utils/nnet_activation_stream.h:52]   --->   Operation 439 'icmp' 'icmp_ln768_77' <Predicate = (!icmp_ln41)> <Delay = 1.30> <Core = "Cmp">   --->   Core 25 'Cmp' <Latency = 0> <II = 1> <Delay = 1.30> <FuncUnit> <Opcode : 'icmp'> <InPorts = 2> <OutPorts = 1>
ST_3 : Operation 440 [1/1] (0.00ns) (grouped into LUT with out node select_ln340_15)   --->   "%select_ln777_77 = select i1 %and_ln416_77, i1 %icmp_ln879_77, i1 %icmp_ln768_77" [firmware/nnet_utils/nnet_activation_stream.h:52]   --->   Operation 440 'select' 'select_ln777_77' <Predicate = (!icmp_ln41)> <Delay = 0.00> <Core = "Sel">   --->   Core 26 'Sel' <Latency = 0> <II = 1> <Delay = 0.99> <FuncUnit> <Opcode : 'select'> <InPorts = 3> <OutPorts = 1>
ST_3 : Operation 441 [1/1] (0.00ns) (grouped into LUT with out node select_ln340_15)   --->   "%xor_ln785_15 = xor i1 %select_ln777_77, true" [firmware/nnet_utils/nnet_activation_stream.h:52]   --->   Operation 441 'xor' 'xor_ln785_15' <Predicate = (!icmp_ln41)> <Delay = 0.00> <Core = "LogicGate">   --->   Core 27 'LogicGate' <Latency = 0> <II = 1> <Delay = 0.97> <FuncUnit> <Opcode : 'and' 'or' 'xor'> <InPorts = 2> <OutPorts = 1>
ST_3 : Operation 442 [1/1] (0.00ns) (grouped into LUT with out node select_ln340_15)   --->   "%or_ln340_15 = or i1 %tmp_320, %xor_ln785_15" [firmware/nnet_utils/nnet_activation_stream.h:52]   --->   Operation 442 'or' 'or_ln340_15' <Predicate = (!icmp_ln41)> <Delay = 0.00> <Core = "LogicGate">   --->   Core 27 'LogicGate' <Latency = 0> <II = 1> <Delay = 0.97> <FuncUnit> <Opcode : 'and' 'or' 'xor'> <InPorts = 2> <OutPorts = 1>
ST_3 : Operation 443 [1/1] (0.99ns) (out node of the LUT)   --->   "%select_ln340_15 = select i1 %or_ln340_15, i7 -1, i7 %add_ln416_77" [firmware/nnet_utils/nnet_activation_stream.h:52]   --->   Operation 443 'select' 'select_ln340_15' <Predicate = (!icmp_ln41)> <Delay = 0.99> <Core = "Sel">   --->   Core 26 'Sel' <Latency = 0> <II = 1> <Delay = 0.99> <FuncUnit> <Opcode : 'select'> <InPorts = 3> <OutPorts = 1>
ST_3 : Operation 444 [1/1] (0.99ns) (out node of the LUT)   --->   "%tmp_data_15_V = select i1 %icmp_ln1494_15, i7 %select_ln340_15, i7 0" [firmware/nnet_utils/nnet_activation_stream.h:51]   --->   Operation 444 'select' 'tmp_data_15_V' <Predicate = (!icmp_ln41)> <Delay = 0.99> <Core = "Sel">   --->   Core 26 'Sel' <Latency = 0> <II = 1> <Delay = 0.99> <FuncUnit> <Opcode : 'select'> <InPorts = 3> <OutPorts = 1>
ST_3 : Operation 445 [1/1] (2.20ns)   --->   "%icmp_ln1494_16 = icmp sgt i14 %tmp_data_V_16, 0" [firmware/nnet_utils/nnet_activation_stream.h:51]   --->   Operation 445 'icmp' 'icmp_ln1494_16' <Predicate = (!icmp_ln41)> <Delay = 2.20> <Core = "Cmp">   --->   Core 25 'Cmp' <Latency = 0> <II = 1> <Delay = 1.30> <FuncUnit> <Opcode : 'icmp'> <InPorts = 2> <OutPorts = 1>
ST_3 : Operation 446 [1/1] (0.00ns)   --->   "%trunc_ln708_75 = call i8 @_ssdm_op_PartSelect.i8.i14.i32.i32(i14 %tmp_data_V_16, i32 2, i32 9)" [firmware/nnet_utils/nnet_activation_stream.h:52]   --->   Operation 446 'partselect' 'trunc_ln708_75' <Predicate = (!icmp_ln41)> <Delay = 0.00>
ST_3 : Operation 447 [1/1] (0.00ns) (grouped into LUT with out node select_ln340_16)   --->   "%tmp_321 = call i1 @_ssdm_op_BitSelect.i1.i14.i32(i14 %tmp_data_V_16, i32 9)" [firmware/nnet_utils/nnet_activation_stream.h:52]   --->   Operation 447 'bitselect' 'tmp_321' <Predicate = (!icmp_ln41)> <Delay = 0.00>
ST_3 : Operation 448 [1/1] (0.00ns)   --->   "%tmp_322 = call i1 @_ssdm_op_BitSelect.i1.i14.i32(i14 %tmp_data_V_16, i32 1)" [firmware/nnet_utils/nnet_activation_stream.h:52]   --->   Operation 448 'bitselect' 'tmp_322' <Predicate = (!icmp_ln41)> <Delay = 0.00>
ST_3 : Operation 449 [1/1] (0.00ns)   --->   "%zext_ln415_78 = zext i1 %tmp_322 to i8" [firmware/nnet_utils/nnet_activation_stream.h:52]   --->   Operation 449 'zext' 'zext_ln415_78' <Predicate = (!icmp_ln41)> <Delay = 0.00>
ST_3 : Operation 450 [1/1] (0.00ns)   --->   "%trunc_ln415_78 = call i7 @_ssdm_op_PartSelect.i7.i14.i32.i32(i14 %tmp_data_V_16, i32 2, i32 8)" [firmware/nnet_utils/nnet_activation_stream.h:52]   --->   Operation 450 'partselect' 'trunc_ln415_78' <Predicate = (!icmp_ln41)> <Delay = 0.00>
ST_3 : Operation 451 [1/1] (0.00ns)   --->   "%zext_ln415_112 = zext i1 %tmp_322 to i7" [firmware/nnet_utils/nnet_activation_stream.h:52]   --->   Operation 451 'zext' 'zext_ln415_112' <Predicate = (!icmp_ln41)> <Delay = 0.00>
ST_3 : Operation 452 [1/1] (1.91ns)   --->   "%add_ln415_78 = add i8 %trunc_ln708_75, %zext_ln415_78" [firmware/nnet_utils/nnet_activation_stream.h:52]   --->   Operation 452 'add' 'add_ln415_78' <Predicate = (!icmp_ln41)> <Delay = 1.91> <Core = "AddSub">   --->   Core 14 'AddSub' <Latency = 0> <II = 1> <Delay = 1.87> <FuncUnit> <Opcode : 'add' 'sub'> <InPorts = 2> <OutPorts = 1>
ST_3 : Operation 453 [1/1] (1.87ns)   --->   "%add_ln416_78 = add i7 %trunc_ln415_78, %zext_ln415_112" [firmware/nnet_utils/nnet_activation_stream.h:52]   --->   Operation 453 'add' 'add_ln416_78' <Predicate = (!icmp_ln41)> <Delay = 1.87> <Core = "AddSub">   --->   Core 14 'AddSub' <Latency = 0> <II = 1> <Delay = 1.87> <FuncUnit> <Opcode : 'add' 'sub'> <InPorts = 2> <OutPorts = 1>
ST_3 : Operation 454 [1/1] (0.00ns) (grouped into LUT with out node select_ln340_16)   --->   "%tmp_323 = call i1 @_ssdm_op_BitSelect.i1.i8.i32(i8 %add_ln415_78, i32 7)" [firmware/nnet_utils/nnet_activation_stream.h:52]   --->   Operation 454 'bitselect' 'tmp_323' <Predicate = (!icmp_ln41)> <Delay = 0.00>
ST_3 : Operation 455 [1/1] (0.00ns) (grouped into LUT with out node select_ln340_16)   --->   "%xor_ln416_78 = xor i1 %tmp_323, true" [firmware/nnet_utils/nnet_activation_stream.h:52]   --->   Operation 455 'xor' 'xor_ln416_78' <Predicate = (!icmp_ln41)> <Delay = 0.00> <Core = "LogicGate">   --->   Core 27 'LogicGate' <Latency = 0> <II = 1> <Delay = 0.97> <FuncUnit> <Opcode : 'and' 'or' 'xor'> <InPorts = 2> <OutPorts = 1>
ST_3 : Operation 456 [1/1] (0.00ns) (grouped into LUT with out node select_ln340_16)   --->   "%and_ln416_78 = and i1 %tmp_321, %xor_ln416_78" [firmware/nnet_utils/nnet_activation_stream.h:52]   --->   Operation 456 'and' 'and_ln416_78' <Predicate = (!icmp_ln41)> <Delay = 0.00> <Core = "LogicGate">   --->   Core 27 'LogicGate' <Latency = 0> <II = 1> <Delay = 0.97> <FuncUnit> <Opcode : 'and' 'or' 'xor'> <InPorts = 2> <OutPorts = 1>
ST_3 : Operation 457 [1/1] (0.00ns) (grouped into LUT with out node select_ln340_16)   --->   "%tmp_324 = call i1 @_ssdm_op_BitSelect.i1.i8.i32(i8 %add_ln415_78, i32 7)" [firmware/nnet_utils/nnet_activation_stream.h:52]   --->   Operation 457 'bitselect' 'tmp_324' <Predicate = (!icmp_ln41)> <Delay = 0.00>
ST_3 : Operation 458 [1/1] (0.00ns)   --->   "%p_Result_12_15 = call i4 @_ssdm_op_PartSelect.i4.i14.i32.i32(i14 %tmp_data_V_16, i32 10, i32 13)" [firmware/nnet_utils/nnet_activation_stream.h:52]   --->   Operation 458 'partselect' 'p_Result_12_15' <Predicate = (!icmp_ln41)> <Delay = 0.00>
ST_3 : Operation 459 [1/1] (1.30ns)   --->   "%icmp_ln879_78 = icmp eq i4 %p_Result_12_15, -1" [firmware/nnet_utils/nnet_activation_stream.h:52]   --->   Operation 459 'icmp' 'icmp_ln879_78' <Predicate = (!icmp_ln41)> <Delay = 1.30> <Core = "Cmp">   --->   Core 25 'Cmp' <Latency = 0> <II = 1> <Delay = 1.30> <FuncUnit> <Opcode : 'icmp'> <InPorts = 2> <OutPorts = 1>
ST_3 : Operation 460 [1/1] (1.30ns)   --->   "%icmp_ln768_78 = icmp eq i4 %p_Result_12_15, 0" [firmware/nnet_utils/nnet_activation_stream.h:52]   --->   Operation 460 'icmp' 'icmp_ln768_78' <Predicate = (!icmp_ln41)> <Delay = 1.30> <Core = "Cmp">   --->   Core 25 'Cmp' <Latency = 0> <II = 1> <Delay = 1.30> <FuncUnit> <Opcode : 'icmp'> <InPorts = 2> <OutPorts = 1>
ST_3 : Operation 461 [1/1] (0.00ns) (grouped into LUT with out node select_ln340_16)   --->   "%select_ln777_78 = select i1 %and_ln416_78, i1 %icmp_ln879_78, i1 %icmp_ln768_78" [firmware/nnet_utils/nnet_activation_stream.h:52]   --->   Operation 461 'select' 'select_ln777_78' <Predicate = (!icmp_ln41)> <Delay = 0.00> <Core = "Sel">   --->   Core 26 'Sel' <Latency = 0> <II = 1> <Delay = 0.99> <FuncUnit> <Opcode : 'select'> <InPorts = 3> <OutPorts = 1>
ST_3 : Operation 462 [1/1] (0.00ns) (grouped into LUT with out node select_ln340_16)   --->   "%xor_ln785_16 = xor i1 %select_ln777_78, true" [firmware/nnet_utils/nnet_activation_stream.h:52]   --->   Operation 462 'xor' 'xor_ln785_16' <Predicate = (!icmp_ln41)> <Delay = 0.00> <Core = "LogicGate">   --->   Core 27 'LogicGate' <Latency = 0> <II = 1> <Delay = 0.97> <FuncUnit> <Opcode : 'and' 'or' 'xor'> <InPorts = 2> <OutPorts = 1>
ST_3 : Operation 463 [1/1] (0.00ns) (grouped into LUT with out node select_ln340_16)   --->   "%or_ln340_16 = or i1 %tmp_324, %xor_ln785_16" [firmware/nnet_utils/nnet_activation_stream.h:52]   --->   Operation 463 'or' 'or_ln340_16' <Predicate = (!icmp_ln41)> <Delay = 0.00> <Core = "LogicGate">   --->   Core 27 'LogicGate' <Latency = 0> <II = 1> <Delay = 0.97> <FuncUnit> <Opcode : 'and' 'or' 'xor'> <InPorts = 2> <OutPorts = 1>
ST_3 : Operation 464 [1/1] (0.99ns) (out node of the LUT)   --->   "%select_ln340_16 = select i1 %or_ln340_16, i7 -1, i7 %add_ln416_78" [firmware/nnet_utils/nnet_activation_stream.h:52]   --->   Operation 464 'select' 'select_ln340_16' <Predicate = (!icmp_ln41)> <Delay = 0.99> <Core = "Sel">   --->   Core 26 'Sel' <Latency = 0> <II = 1> <Delay = 0.99> <FuncUnit> <Opcode : 'select'> <InPorts = 3> <OutPorts = 1>
ST_3 : Operation 465 [1/1] (0.99ns) (out node of the LUT)   --->   "%tmp_data_16_V = select i1 %icmp_ln1494_16, i7 %select_ln340_16, i7 0" [firmware/nnet_utils/nnet_activation_stream.h:51]   --->   Operation 465 'select' 'tmp_data_16_V' <Predicate = (!icmp_ln41)> <Delay = 0.99> <Core = "Sel">   --->   Core 26 'Sel' <Latency = 0> <II = 1> <Delay = 0.99> <FuncUnit> <Opcode : 'select'> <InPorts = 3> <OutPorts = 1>
ST_3 : Operation 466 [1/1] (2.20ns)   --->   "%icmp_ln1494_17 = icmp sgt i14 %tmp_data_V_17, 0" [firmware/nnet_utils/nnet_activation_stream.h:51]   --->   Operation 466 'icmp' 'icmp_ln1494_17' <Predicate = (!icmp_ln41)> <Delay = 2.20> <Core = "Cmp">   --->   Core 25 'Cmp' <Latency = 0> <II = 1> <Delay = 1.30> <FuncUnit> <Opcode : 'icmp'> <InPorts = 2> <OutPorts = 1>
ST_3 : Operation 467 [1/1] (0.00ns)   --->   "%trunc_ln708_76 = call i8 @_ssdm_op_PartSelect.i8.i14.i32.i32(i14 %tmp_data_V_17, i32 2, i32 9)" [firmware/nnet_utils/nnet_activation_stream.h:52]   --->   Operation 467 'partselect' 'trunc_ln708_76' <Predicate = (!icmp_ln41)> <Delay = 0.00>
ST_3 : Operation 468 [1/1] (0.00ns) (grouped into LUT with out node select_ln340_17)   --->   "%tmp_325 = call i1 @_ssdm_op_BitSelect.i1.i14.i32(i14 %tmp_data_V_17, i32 9)" [firmware/nnet_utils/nnet_activation_stream.h:52]   --->   Operation 468 'bitselect' 'tmp_325' <Predicate = (!icmp_ln41)> <Delay = 0.00>
ST_3 : Operation 469 [1/1] (0.00ns)   --->   "%tmp_326 = call i1 @_ssdm_op_BitSelect.i1.i14.i32(i14 %tmp_data_V_17, i32 1)" [firmware/nnet_utils/nnet_activation_stream.h:52]   --->   Operation 469 'bitselect' 'tmp_326' <Predicate = (!icmp_ln41)> <Delay = 0.00>
ST_3 : Operation 470 [1/1] (0.00ns)   --->   "%zext_ln415_79 = zext i1 %tmp_326 to i8" [firmware/nnet_utils/nnet_activation_stream.h:52]   --->   Operation 470 'zext' 'zext_ln415_79' <Predicate = (!icmp_ln41)> <Delay = 0.00>
ST_3 : Operation 471 [1/1] (0.00ns)   --->   "%trunc_ln415_79 = call i7 @_ssdm_op_PartSelect.i7.i14.i32.i32(i14 %tmp_data_V_17, i32 2, i32 8)" [firmware/nnet_utils/nnet_activation_stream.h:52]   --->   Operation 471 'partselect' 'trunc_ln415_79' <Predicate = (!icmp_ln41)> <Delay = 0.00>
ST_3 : Operation 472 [1/1] (0.00ns)   --->   "%zext_ln415_113 = zext i1 %tmp_326 to i7" [firmware/nnet_utils/nnet_activation_stream.h:52]   --->   Operation 472 'zext' 'zext_ln415_113' <Predicate = (!icmp_ln41)> <Delay = 0.00>
ST_3 : Operation 473 [1/1] (1.91ns)   --->   "%add_ln415_79 = add i8 %trunc_ln708_76, %zext_ln415_79" [firmware/nnet_utils/nnet_activation_stream.h:52]   --->   Operation 473 'add' 'add_ln415_79' <Predicate = (!icmp_ln41)> <Delay = 1.91> <Core = "AddSub">   --->   Core 14 'AddSub' <Latency = 0> <II = 1> <Delay = 1.87> <FuncUnit> <Opcode : 'add' 'sub'> <InPorts = 2> <OutPorts = 1>
ST_3 : Operation 474 [1/1] (1.87ns)   --->   "%add_ln416_79 = add i7 %trunc_ln415_79, %zext_ln415_113" [firmware/nnet_utils/nnet_activation_stream.h:52]   --->   Operation 474 'add' 'add_ln416_79' <Predicate = (!icmp_ln41)> <Delay = 1.87> <Core = "AddSub">   --->   Core 14 'AddSub' <Latency = 0> <II = 1> <Delay = 1.87> <FuncUnit> <Opcode : 'add' 'sub'> <InPorts = 2> <OutPorts = 1>
ST_3 : Operation 475 [1/1] (0.00ns) (grouped into LUT with out node select_ln340_17)   --->   "%tmp_327 = call i1 @_ssdm_op_BitSelect.i1.i8.i32(i8 %add_ln415_79, i32 7)" [firmware/nnet_utils/nnet_activation_stream.h:52]   --->   Operation 475 'bitselect' 'tmp_327' <Predicate = (!icmp_ln41)> <Delay = 0.00>
ST_3 : Operation 476 [1/1] (0.00ns) (grouped into LUT with out node select_ln340_17)   --->   "%xor_ln416_79 = xor i1 %tmp_327, true" [firmware/nnet_utils/nnet_activation_stream.h:52]   --->   Operation 476 'xor' 'xor_ln416_79' <Predicate = (!icmp_ln41)> <Delay = 0.00> <Core = "LogicGate">   --->   Core 27 'LogicGate' <Latency = 0> <II = 1> <Delay = 0.97> <FuncUnit> <Opcode : 'and' 'or' 'xor'> <InPorts = 2> <OutPorts = 1>
ST_3 : Operation 477 [1/1] (0.00ns) (grouped into LUT with out node select_ln340_17)   --->   "%and_ln416_79 = and i1 %tmp_325, %xor_ln416_79" [firmware/nnet_utils/nnet_activation_stream.h:52]   --->   Operation 477 'and' 'and_ln416_79' <Predicate = (!icmp_ln41)> <Delay = 0.00> <Core = "LogicGate">   --->   Core 27 'LogicGate' <Latency = 0> <II = 1> <Delay = 0.97> <FuncUnit> <Opcode : 'and' 'or' 'xor'> <InPorts = 2> <OutPorts = 1>
ST_3 : Operation 478 [1/1] (0.00ns) (grouped into LUT with out node select_ln340_17)   --->   "%tmp_328 = call i1 @_ssdm_op_BitSelect.i1.i8.i32(i8 %add_ln415_79, i32 7)" [firmware/nnet_utils/nnet_activation_stream.h:52]   --->   Operation 478 'bitselect' 'tmp_328' <Predicate = (!icmp_ln41)> <Delay = 0.00>
ST_3 : Operation 479 [1/1] (0.00ns)   --->   "%p_Result_12_16 = call i4 @_ssdm_op_PartSelect.i4.i14.i32.i32(i14 %tmp_data_V_17, i32 10, i32 13)" [firmware/nnet_utils/nnet_activation_stream.h:52]   --->   Operation 479 'partselect' 'p_Result_12_16' <Predicate = (!icmp_ln41)> <Delay = 0.00>
ST_3 : Operation 480 [1/1] (1.30ns)   --->   "%icmp_ln879_79 = icmp eq i4 %p_Result_12_16, -1" [firmware/nnet_utils/nnet_activation_stream.h:52]   --->   Operation 480 'icmp' 'icmp_ln879_79' <Predicate = (!icmp_ln41)> <Delay = 1.30> <Core = "Cmp">   --->   Core 25 'Cmp' <Latency = 0> <II = 1> <Delay = 1.30> <FuncUnit> <Opcode : 'icmp'> <InPorts = 2> <OutPorts = 1>
ST_3 : Operation 481 [1/1] (1.30ns)   --->   "%icmp_ln768_79 = icmp eq i4 %p_Result_12_16, 0" [firmware/nnet_utils/nnet_activation_stream.h:52]   --->   Operation 481 'icmp' 'icmp_ln768_79' <Predicate = (!icmp_ln41)> <Delay = 1.30> <Core = "Cmp">   --->   Core 25 'Cmp' <Latency = 0> <II = 1> <Delay = 1.30> <FuncUnit> <Opcode : 'icmp'> <InPorts = 2> <OutPorts = 1>
ST_3 : Operation 482 [1/1] (0.00ns) (grouped into LUT with out node select_ln340_17)   --->   "%select_ln777_79 = select i1 %and_ln416_79, i1 %icmp_ln879_79, i1 %icmp_ln768_79" [firmware/nnet_utils/nnet_activation_stream.h:52]   --->   Operation 482 'select' 'select_ln777_79' <Predicate = (!icmp_ln41)> <Delay = 0.00> <Core = "Sel">   --->   Core 26 'Sel' <Latency = 0> <II = 1> <Delay = 0.99> <FuncUnit> <Opcode : 'select'> <InPorts = 3> <OutPorts = 1>
ST_3 : Operation 483 [1/1] (0.00ns) (grouped into LUT with out node select_ln340_17)   --->   "%xor_ln785_17 = xor i1 %select_ln777_79, true" [firmware/nnet_utils/nnet_activation_stream.h:52]   --->   Operation 483 'xor' 'xor_ln785_17' <Predicate = (!icmp_ln41)> <Delay = 0.00> <Core = "LogicGate">   --->   Core 27 'LogicGate' <Latency = 0> <II = 1> <Delay = 0.97> <FuncUnit> <Opcode : 'and' 'or' 'xor'> <InPorts = 2> <OutPorts = 1>
ST_3 : Operation 484 [1/1] (0.00ns) (grouped into LUT with out node select_ln340_17)   --->   "%or_ln340_17 = or i1 %tmp_328, %xor_ln785_17" [firmware/nnet_utils/nnet_activation_stream.h:52]   --->   Operation 484 'or' 'or_ln340_17' <Predicate = (!icmp_ln41)> <Delay = 0.00> <Core = "LogicGate">   --->   Core 27 'LogicGate' <Latency = 0> <II = 1> <Delay = 0.97> <FuncUnit> <Opcode : 'and' 'or' 'xor'> <InPorts = 2> <OutPorts = 1>
ST_3 : Operation 485 [1/1] (0.99ns) (out node of the LUT)   --->   "%select_ln340_17 = select i1 %or_ln340_17, i7 -1, i7 %add_ln416_79" [firmware/nnet_utils/nnet_activation_stream.h:52]   --->   Operation 485 'select' 'select_ln340_17' <Predicate = (!icmp_ln41)> <Delay = 0.99> <Core = "Sel">   --->   Core 26 'Sel' <Latency = 0> <II = 1> <Delay = 0.99> <FuncUnit> <Opcode : 'select'> <InPorts = 3> <OutPorts = 1>
ST_3 : Operation 486 [1/1] (0.99ns) (out node of the LUT)   --->   "%tmp_data_17_V = select i1 %icmp_ln1494_17, i7 %select_ln340_17, i7 0" [firmware/nnet_utils/nnet_activation_stream.h:51]   --->   Operation 486 'select' 'tmp_data_17_V' <Predicate = (!icmp_ln41)> <Delay = 0.99> <Core = "Sel">   --->   Core 26 'Sel' <Latency = 0> <II = 1> <Delay = 0.99> <FuncUnit> <Opcode : 'select'> <InPorts = 3> <OutPorts = 1>
ST_3 : Operation 487 [1/1] (2.20ns)   --->   "%icmp_ln1494_18 = icmp sgt i14 %tmp_data_V_18, 0" [firmware/nnet_utils/nnet_activation_stream.h:51]   --->   Operation 487 'icmp' 'icmp_ln1494_18' <Predicate = (!icmp_ln41)> <Delay = 2.20> <Core = "Cmp">   --->   Core 25 'Cmp' <Latency = 0> <II = 1> <Delay = 1.30> <FuncUnit> <Opcode : 'icmp'> <InPorts = 2> <OutPorts = 1>
ST_3 : Operation 488 [1/1] (0.00ns)   --->   "%trunc_ln708_77 = call i8 @_ssdm_op_PartSelect.i8.i14.i32.i32(i14 %tmp_data_V_18, i32 2, i32 9)" [firmware/nnet_utils/nnet_activation_stream.h:52]   --->   Operation 488 'partselect' 'trunc_ln708_77' <Predicate = (!icmp_ln41)> <Delay = 0.00>
ST_3 : Operation 489 [1/1] (0.00ns) (grouped into LUT with out node select_ln340_18)   --->   "%tmp_329 = call i1 @_ssdm_op_BitSelect.i1.i14.i32(i14 %tmp_data_V_18, i32 9)" [firmware/nnet_utils/nnet_activation_stream.h:52]   --->   Operation 489 'bitselect' 'tmp_329' <Predicate = (!icmp_ln41)> <Delay = 0.00>
ST_3 : Operation 490 [1/1] (0.00ns)   --->   "%tmp_330 = call i1 @_ssdm_op_BitSelect.i1.i14.i32(i14 %tmp_data_V_18, i32 1)" [firmware/nnet_utils/nnet_activation_stream.h:52]   --->   Operation 490 'bitselect' 'tmp_330' <Predicate = (!icmp_ln41)> <Delay = 0.00>
ST_3 : Operation 491 [1/1] (0.00ns)   --->   "%zext_ln415_80 = zext i1 %tmp_330 to i8" [firmware/nnet_utils/nnet_activation_stream.h:52]   --->   Operation 491 'zext' 'zext_ln415_80' <Predicate = (!icmp_ln41)> <Delay = 0.00>
ST_3 : Operation 492 [1/1] (0.00ns)   --->   "%trunc_ln415_80 = call i7 @_ssdm_op_PartSelect.i7.i14.i32.i32(i14 %tmp_data_V_18, i32 2, i32 8)" [firmware/nnet_utils/nnet_activation_stream.h:52]   --->   Operation 492 'partselect' 'trunc_ln415_80' <Predicate = (!icmp_ln41)> <Delay = 0.00>
ST_3 : Operation 493 [1/1] (0.00ns)   --->   "%zext_ln415_114 = zext i1 %tmp_330 to i7" [firmware/nnet_utils/nnet_activation_stream.h:52]   --->   Operation 493 'zext' 'zext_ln415_114' <Predicate = (!icmp_ln41)> <Delay = 0.00>
ST_3 : Operation 494 [1/1] (1.91ns)   --->   "%add_ln415_80 = add i8 %trunc_ln708_77, %zext_ln415_80" [firmware/nnet_utils/nnet_activation_stream.h:52]   --->   Operation 494 'add' 'add_ln415_80' <Predicate = (!icmp_ln41)> <Delay = 1.91> <Core = "AddSub">   --->   Core 14 'AddSub' <Latency = 0> <II = 1> <Delay = 1.87> <FuncUnit> <Opcode : 'add' 'sub'> <InPorts = 2> <OutPorts = 1>
ST_3 : Operation 495 [1/1] (1.87ns)   --->   "%add_ln416_80 = add i7 %trunc_ln415_80, %zext_ln415_114" [firmware/nnet_utils/nnet_activation_stream.h:52]   --->   Operation 495 'add' 'add_ln416_80' <Predicate = (!icmp_ln41)> <Delay = 1.87> <Core = "AddSub">   --->   Core 14 'AddSub' <Latency = 0> <II = 1> <Delay = 1.87> <FuncUnit> <Opcode : 'add' 'sub'> <InPorts = 2> <OutPorts = 1>
ST_3 : Operation 496 [1/1] (0.00ns) (grouped into LUT with out node select_ln340_18)   --->   "%tmp_331 = call i1 @_ssdm_op_BitSelect.i1.i8.i32(i8 %add_ln415_80, i32 7)" [firmware/nnet_utils/nnet_activation_stream.h:52]   --->   Operation 496 'bitselect' 'tmp_331' <Predicate = (!icmp_ln41)> <Delay = 0.00>
ST_3 : Operation 497 [1/1] (0.00ns) (grouped into LUT with out node select_ln340_18)   --->   "%xor_ln416_80 = xor i1 %tmp_331, true" [firmware/nnet_utils/nnet_activation_stream.h:52]   --->   Operation 497 'xor' 'xor_ln416_80' <Predicate = (!icmp_ln41)> <Delay = 0.00> <Core = "LogicGate">   --->   Core 27 'LogicGate' <Latency = 0> <II = 1> <Delay = 0.97> <FuncUnit> <Opcode : 'and' 'or' 'xor'> <InPorts = 2> <OutPorts = 1>
ST_3 : Operation 498 [1/1] (0.00ns) (grouped into LUT with out node select_ln340_18)   --->   "%and_ln416_80 = and i1 %tmp_329, %xor_ln416_80" [firmware/nnet_utils/nnet_activation_stream.h:52]   --->   Operation 498 'and' 'and_ln416_80' <Predicate = (!icmp_ln41)> <Delay = 0.00> <Core = "LogicGate">   --->   Core 27 'LogicGate' <Latency = 0> <II = 1> <Delay = 0.97> <FuncUnit> <Opcode : 'and' 'or' 'xor'> <InPorts = 2> <OutPorts = 1>
ST_3 : Operation 499 [1/1] (0.00ns) (grouped into LUT with out node select_ln340_18)   --->   "%tmp_332 = call i1 @_ssdm_op_BitSelect.i1.i8.i32(i8 %add_ln415_80, i32 7)" [firmware/nnet_utils/nnet_activation_stream.h:52]   --->   Operation 499 'bitselect' 'tmp_332' <Predicate = (!icmp_ln41)> <Delay = 0.00>
ST_3 : Operation 500 [1/1] (0.00ns)   --->   "%p_Result_12_17 = call i4 @_ssdm_op_PartSelect.i4.i14.i32.i32(i14 %tmp_data_V_18, i32 10, i32 13)" [firmware/nnet_utils/nnet_activation_stream.h:52]   --->   Operation 500 'partselect' 'p_Result_12_17' <Predicate = (!icmp_ln41)> <Delay = 0.00>
ST_3 : Operation 501 [1/1] (1.30ns)   --->   "%icmp_ln879_80 = icmp eq i4 %p_Result_12_17, -1" [firmware/nnet_utils/nnet_activation_stream.h:52]   --->   Operation 501 'icmp' 'icmp_ln879_80' <Predicate = (!icmp_ln41)> <Delay = 1.30> <Core = "Cmp">   --->   Core 25 'Cmp' <Latency = 0> <II = 1> <Delay = 1.30> <FuncUnit> <Opcode : 'icmp'> <InPorts = 2> <OutPorts = 1>
ST_3 : Operation 502 [1/1] (1.30ns)   --->   "%icmp_ln768_80 = icmp eq i4 %p_Result_12_17, 0" [firmware/nnet_utils/nnet_activation_stream.h:52]   --->   Operation 502 'icmp' 'icmp_ln768_80' <Predicate = (!icmp_ln41)> <Delay = 1.30> <Core = "Cmp">   --->   Core 25 'Cmp' <Latency = 0> <II = 1> <Delay = 1.30> <FuncUnit> <Opcode : 'icmp'> <InPorts = 2> <OutPorts = 1>
ST_3 : Operation 503 [1/1] (0.00ns) (grouped into LUT with out node select_ln340_18)   --->   "%select_ln777_80 = select i1 %and_ln416_80, i1 %icmp_ln879_80, i1 %icmp_ln768_80" [firmware/nnet_utils/nnet_activation_stream.h:52]   --->   Operation 503 'select' 'select_ln777_80' <Predicate = (!icmp_ln41)> <Delay = 0.00> <Core = "Sel">   --->   Core 26 'Sel' <Latency = 0> <II = 1> <Delay = 0.99> <FuncUnit> <Opcode : 'select'> <InPorts = 3> <OutPorts = 1>
ST_3 : Operation 504 [1/1] (0.00ns) (grouped into LUT with out node select_ln340_18)   --->   "%xor_ln785_18 = xor i1 %select_ln777_80, true" [firmware/nnet_utils/nnet_activation_stream.h:52]   --->   Operation 504 'xor' 'xor_ln785_18' <Predicate = (!icmp_ln41)> <Delay = 0.00> <Core = "LogicGate">   --->   Core 27 'LogicGate' <Latency = 0> <II = 1> <Delay = 0.97> <FuncUnit> <Opcode : 'and' 'or' 'xor'> <InPorts = 2> <OutPorts = 1>
ST_3 : Operation 505 [1/1] (0.00ns) (grouped into LUT with out node select_ln340_18)   --->   "%or_ln340_18 = or i1 %tmp_332, %xor_ln785_18" [firmware/nnet_utils/nnet_activation_stream.h:52]   --->   Operation 505 'or' 'or_ln340_18' <Predicate = (!icmp_ln41)> <Delay = 0.00> <Core = "LogicGate">   --->   Core 27 'LogicGate' <Latency = 0> <II = 1> <Delay = 0.97> <FuncUnit> <Opcode : 'and' 'or' 'xor'> <InPorts = 2> <OutPorts = 1>
ST_3 : Operation 506 [1/1] (0.99ns) (out node of the LUT)   --->   "%select_ln340_18 = select i1 %or_ln340_18, i7 -1, i7 %add_ln416_80" [firmware/nnet_utils/nnet_activation_stream.h:52]   --->   Operation 506 'select' 'select_ln340_18' <Predicate = (!icmp_ln41)> <Delay = 0.99> <Core = "Sel">   --->   Core 26 'Sel' <Latency = 0> <II = 1> <Delay = 0.99> <FuncUnit> <Opcode : 'select'> <InPorts = 3> <OutPorts = 1>
ST_3 : Operation 507 [1/1] (0.99ns) (out node of the LUT)   --->   "%tmp_data_18_V = select i1 %icmp_ln1494_18, i7 %select_ln340_18, i7 0" [firmware/nnet_utils/nnet_activation_stream.h:51]   --->   Operation 507 'select' 'tmp_data_18_V' <Predicate = (!icmp_ln41)> <Delay = 0.99> <Core = "Sel">   --->   Core 26 'Sel' <Latency = 0> <II = 1> <Delay = 0.99> <FuncUnit> <Opcode : 'select'> <InPorts = 3> <OutPorts = 1>
ST_3 : Operation 508 [1/1] (2.20ns)   --->   "%icmp_ln1494_19 = icmp sgt i14 %tmp_data_V_19, 0" [firmware/nnet_utils/nnet_activation_stream.h:51]   --->   Operation 508 'icmp' 'icmp_ln1494_19' <Predicate = (!icmp_ln41)> <Delay = 2.20> <Core = "Cmp">   --->   Core 25 'Cmp' <Latency = 0> <II = 1> <Delay = 1.30> <FuncUnit> <Opcode : 'icmp'> <InPorts = 2> <OutPorts = 1>
ST_3 : Operation 509 [1/1] (0.00ns)   --->   "%trunc_ln708_78 = call i8 @_ssdm_op_PartSelect.i8.i14.i32.i32(i14 %tmp_data_V_19, i32 2, i32 9)" [firmware/nnet_utils/nnet_activation_stream.h:52]   --->   Operation 509 'partselect' 'trunc_ln708_78' <Predicate = (!icmp_ln41)> <Delay = 0.00>
ST_3 : Operation 510 [1/1] (0.00ns) (grouped into LUT with out node select_ln340_19)   --->   "%tmp_333 = call i1 @_ssdm_op_BitSelect.i1.i14.i32(i14 %tmp_data_V_19, i32 9)" [firmware/nnet_utils/nnet_activation_stream.h:52]   --->   Operation 510 'bitselect' 'tmp_333' <Predicate = (!icmp_ln41)> <Delay = 0.00>
ST_3 : Operation 511 [1/1] (0.00ns)   --->   "%tmp_334 = call i1 @_ssdm_op_BitSelect.i1.i14.i32(i14 %tmp_data_V_19, i32 1)" [firmware/nnet_utils/nnet_activation_stream.h:52]   --->   Operation 511 'bitselect' 'tmp_334' <Predicate = (!icmp_ln41)> <Delay = 0.00>
ST_3 : Operation 512 [1/1] (0.00ns)   --->   "%zext_ln415_81 = zext i1 %tmp_334 to i8" [firmware/nnet_utils/nnet_activation_stream.h:52]   --->   Operation 512 'zext' 'zext_ln415_81' <Predicate = (!icmp_ln41)> <Delay = 0.00>
ST_3 : Operation 513 [1/1] (0.00ns)   --->   "%trunc_ln415_81 = call i7 @_ssdm_op_PartSelect.i7.i14.i32.i32(i14 %tmp_data_V_19, i32 2, i32 8)" [firmware/nnet_utils/nnet_activation_stream.h:52]   --->   Operation 513 'partselect' 'trunc_ln415_81' <Predicate = (!icmp_ln41)> <Delay = 0.00>
ST_3 : Operation 514 [1/1] (0.00ns)   --->   "%zext_ln415_115 = zext i1 %tmp_334 to i7" [firmware/nnet_utils/nnet_activation_stream.h:52]   --->   Operation 514 'zext' 'zext_ln415_115' <Predicate = (!icmp_ln41)> <Delay = 0.00>
ST_3 : Operation 515 [1/1] (1.91ns)   --->   "%add_ln415_81 = add i8 %trunc_ln708_78, %zext_ln415_81" [firmware/nnet_utils/nnet_activation_stream.h:52]   --->   Operation 515 'add' 'add_ln415_81' <Predicate = (!icmp_ln41)> <Delay = 1.91> <Core = "AddSub">   --->   Core 14 'AddSub' <Latency = 0> <II = 1> <Delay = 1.87> <FuncUnit> <Opcode : 'add' 'sub'> <InPorts = 2> <OutPorts = 1>
ST_3 : Operation 516 [1/1] (1.87ns)   --->   "%add_ln416_81 = add i7 %trunc_ln415_81, %zext_ln415_115" [firmware/nnet_utils/nnet_activation_stream.h:52]   --->   Operation 516 'add' 'add_ln416_81' <Predicate = (!icmp_ln41)> <Delay = 1.87> <Core = "AddSub">   --->   Core 14 'AddSub' <Latency = 0> <II = 1> <Delay = 1.87> <FuncUnit> <Opcode : 'add' 'sub'> <InPorts = 2> <OutPorts = 1>
ST_3 : Operation 517 [1/1] (0.00ns) (grouped into LUT with out node select_ln340_19)   --->   "%tmp_335 = call i1 @_ssdm_op_BitSelect.i1.i8.i32(i8 %add_ln415_81, i32 7)" [firmware/nnet_utils/nnet_activation_stream.h:52]   --->   Operation 517 'bitselect' 'tmp_335' <Predicate = (!icmp_ln41)> <Delay = 0.00>
ST_3 : Operation 518 [1/1] (0.00ns) (grouped into LUT with out node select_ln340_19)   --->   "%xor_ln416_81 = xor i1 %tmp_335, true" [firmware/nnet_utils/nnet_activation_stream.h:52]   --->   Operation 518 'xor' 'xor_ln416_81' <Predicate = (!icmp_ln41)> <Delay = 0.00> <Core = "LogicGate">   --->   Core 27 'LogicGate' <Latency = 0> <II = 1> <Delay = 0.97> <FuncUnit> <Opcode : 'and' 'or' 'xor'> <InPorts = 2> <OutPorts = 1>
ST_3 : Operation 519 [1/1] (0.00ns) (grouped into LUT with out node select_ln340_19)   --->   "%and_ln416_81 = and i1 %tmp_333, %xor_ln416_81" [firmware/nnet_utils/nnet_activation_stream.h:52]   --->   Operation 519 'and' 'and_ln416_81' <Predicate = (!icmp_ln41)> <Delay = 0.00> <Core = "LogicGate">   --->   Core 27 'LogicGate' <Latency = 0> <II = 1> <Delay = 0.97> <FuncUnit> <Opcode : 'and' 'or' 'xor'> <InPorts = 2> <OutPorts = 1>
ST_3 : Operation 520 [1/1] (0.00ns) (grouped into LUT with out node select_ln340_19)   --->   "%tmp_336 = call i1 @_ssdm_op_BitSelect.i1.i8.i32(i8 %add_ln415_81, i32 7)" [firmware/nnet_utils/nnet_activation_stream.h:52]   --->   Operation 520 'bitselect' 'tmp_336' <Predicate = (!icmp_ln41)> <Delay = 0.00>
ST_3 : Operation 521 [1/1] (0.00ns)   --->   "%p_Result_12_18 = call i4 @_ssdm_op_PartSelect.i4.i14.i32.i32(i14 %tmp_data_V_19, i32 10, i32 13)" [firmware/nnet_utils/nnet_activation_stream.h:52]   --->   Operation 521 'partselect' 'p_Result_12_18' <Predicate = (!icmp_ln41)> <Delay = 0.00>
ST_3 : Operation 522 [1/1] (1.30ns)   --->   "%icmp_ln879_81 = icmp eq i4 %p_Result_12_18, -1" [firmware/nnet_utils/nnet_activation_stream.h:52]   --->   Operation 522 'icmp' 'icmp_ln879_81' <Predicate = (!icmp_ln41)> <Delay = 1.30> <Core = "Cmp">   --->   Core 25 'Cmp' <Latency = 0> <II = 1> <Delay = 1.30> <FuncUnit> <Opcode : 'icmp'> <InPorts = 2> <OutPorts = 1>
ST_3 : Operation 523 [1/1] (1.30ns)   --->   "%icmp_ln768_81 = icmp eq i4 %p_Result_12_18, 0" [firmware/nnet_utils/nnet_activation_stream.h:52]   --->   Operation 523 'icmp' 'icmp_ln768_81' <Predicate = (!icmp_ln41)> <Delay = 1.30> <Core = "Cmp">   --->   Core 25 'Cmp' <Latency = 0> <II = 1> <Delay = 1.30> <FuncUnit> <Opcode : 'icmp'> <InPorts = 2> <OutPorts = 1>
ST_3 : Operation 524 [1/1] (0.00ns) (grouped into LUT with out node select_ln340_19)   --->   "%select_ln777_81 = select i1 %and_ln416_81, i1 %icmp_ln879_81, i1 %icmp_ln768_81" [firmware/nnet_utils/nnet_activation_stream.h:52]   --->   Operation 524 'select' 'select_ln777_81' <Predicate = (!icmp_ln41)> <Delay = 0.00> <Core = "Sel">   --->   Core 26 'Sel' <Latency = 0> <II = 1> <Delay = 0.99> <FuncUnit> <Opcode : 'select'> <InPorts = 3> <OutPorts = 1>
ST_3 : Operation 525 [1/1] (0.00ns) (grouped into LUT with out node select_ln340_19)   --->   "%xor_ln785_19 = xor i1 %select_ln777_81, true" [firmware/nnet_utils/nnet_activation_stream.h:52]   --->   Operation 525 'xor' 'xor_ln785_19' <Predicate = (!icmp_ln41)> <Delay = 0.00> <Core = "LogicGate">   --->   Core 27 'LogicGate' <Latency = 0> <II = 1> <Delay = 0.97> <FuncUnit> <Opcode : 'and' 'or' 'xor'> <InPorts = 2> <OutPorts = 1>
ST_3 : Operation 526 [1/1] (0.00ns) (grouped into LUT with out node select_ln340_19)   --->   "%or_ln340_19 = or i1 %tmp_336, %xor_ln785_19" [firmware/nnet_utils/nnet_activation_stream.h:52]   --->   Operation 526 'or' 'or_ln340_19' <Predicate = (!icmp_ln41)> <Delay = 0.00> <Core = "LogicGate">   --->   Core 27 'LogicGate' <Latency = 0> <II = 1> <Delay = 0.97> <FuncUnit> <Opcode : 'and' 'or' 'xor'> <InPorts = 2> <OutPorts = 1>
ST_3 : Operation 527 [1/1] (0.99ns) (out node of the LUT)   --->   "%select_ln340_19 = select i1 %or_ln340_19, i7 -1, i7 %add_ln416_81" [firmware/nnet_utils/nnet_activation_stream.h:52]   --->   Operation 527 'select' 'select_ln340_19' <Predicate = (!icmp_ln41)> <Delay = 0.99> <Core = "Sel">   --->   Core 26 'Sel' <Latency = 0> <II = 1> <Delay = 0.99> <FuncUnit> <Opcode : 'select'> <InPorts = 3> <OutPorts = 1>
ST_3 : Operation 528 [1/1] (0.99ns) (out node of the LUT)   --->   "%tmp_data_19_V = select i1 %icmp_ln1494_19, i7 %select_ln340_19, i7 0" [firmware/nnet_utils/nnet_activation_stream.h:51]   --->   Operation 528 'select' 'tmp_data_19_V' <Predicate = (!icmp_ln41)> <Delay = 0.99> <Core = "Sel">   --->   Core 26 'Sel' <Latency = 0> <II = 1> <Delay = 0.99> <FuncUnit> <Opcode : 'select'> <InPorts = 3> <OutPorts = 1>
ST_3 : Operation 529 [1/1] (2.20ns)   --->   "%icmp_ln1494_20 = icmp sgt i14 %tmp_data_V_20, 0" [firmware/nnet_utils/nnet_activation_stream.h:51]   --->   Operation 529 'icmp' 'icmp_ln1494_20' <Predicate = (!icmp_ln41)> <Delay = 2.20> <Core = "Cmp">   --->   Core 25 'Cmp' <Latency = 0> <II = 1> <Delay = 1.30> <FuncUnit> <Opcode : 'icmp'> <InPorts = 2> <OutPorts = 1>
ST_3 : Operation 530 [1/1] (0.00ns)   --->   "%trunc_ln708_79 = call i8 @_ssdm_op_PartSelect.i8.i14.i32.i32(i14 %tmp_data_V_20, i32 2, i32 9)" [firmware/nnet_utils/nnet_activation_stream.h:52]   --->   Operation 530 'partselect' 'trunc_ln708_79' <Predicate = (!icmp_ln41)> <Delay = 0.00>
ST_3 : Operation 531 [1/1] (0.00ns) (grouped into LUT with out node select_ln340_20)   --->   "%tmp_337 = call i1 @_ssdm_op_BitSelect.i1.i14.i32(i14 %tmp_data_V_20, i32 9)" [firmware/nnet_utils/nnet_activation_stream.h:52]   --->   Operation 531 'bitselect' 'tmp_337' <Predicate = (!icmp_ln41)> <Delay = 0.00>
ST_3 : Operation 532 [1/1] (0.00ns)   --->   "%tmp_338 = call i1 @_ssdm_op_BitSelect.i1.i14.i32(i14 %tmp_data_V_20, i32 1)" [firmware/nnet_utils/nnet_activation_stream.h:52]   --->   Operation 532 'bitselect' 'tmp_338' <Predicate = (!icmp_ln41)> <Delay = 0.00>
ST_3 : Operation 533 [1/1] (0.00ns)   --->   "%zext_ln415_82 = zext i1 %tmp_338 to i8" [firmware/nnet_utils/nnet_activation_stream.h:52]   --->   Operation 533 'zext' 'zext_ln415_82' <Predicate = (!icmp_ln41)> <Delay = 0.00>
ST_3 : Operation 534 [1/1] (0.00ns)   --->   "%trunc_ln415_82 = call i7 @_ssdm_op_PartSelect.i7.i14.i32.i32(i14 %tmp_data_V_20, i32 2, i32 8)" [firmware/nnet_utils/nnet_activation_stream.h:52]   --->   Operation 534 'partselect' 'trunc_ln415_82' <Predicate = (!icmp_ln41)> <Delay = 0.00>
ST_3 : Operation 535 [1/1] (0.00ns)   --->   "%zext_ln415_116 = zext i1 %tmp_338 to i7" [firmware/nnet_utils/nnet_activation_stream.h:52]   --->   Operation 535 'zext' 'zext_ln415_116' <Predicate = (!icmp_ln41)> <Delay = 0.00>
ST_3 : Operation 536 [1/1] (1.91ns)   --->   "%add_ln415_82 = add i8 %trunc_ln708_79, %zext_ln415_82" [firmware/nnet_utils/nnet_activation_stream.h:52]   --->   Operation 536 'add' 'add_ln415_82' <Predicate = (!icmp_ln41)> <Delay = 1.91> <Core = "AddSub">   --->   Core 14 'AddSub' <Latency = 0> <II = 1> <Delay = 1.87> <FuncUnit> <Opcode : 'add' 'sub'> <InPorts = 2> <OutPorts = 1>
ST_3 : Operation 537 [1/1] (1.87ns)   --->   "%add_ln416_82 = add i7 %trunc_ln415_82, %zext_ln415_116" [firmware/nnet_utils/nnet_activation_stream.h:52]   --->   Operation 537 'add' 'add_ln416_82' <Predicate = (!icmp_ln41)> <Delay = 1.87> <Core = "AddSub">   --->   Core 14 'AddSub' <Latency = 0> <II = 1> <Delay = 1.87> <FuncUnit> <Opcode : 'add' 'sub'> <InPorts = 2> <OutPorts = 1>
ST_3 : Operation 538 [1/1] (0.00ns) (grouped into LUT with out node select_ln340_20)   --->   "%tmp_339 = call i1 @_ssdm_op_BitSelect.i1.i8.i32(i8 %add_ln415_82, i32 7)" [firmware/nnet_utils/nnet_activation_stream.h:52]   --->   Operation 538 'bitselect' 'tmp_339' <Predicate = (!icmp_ln41)> <Delay = 0.00>
ST_3 : Operation 539 [1/1] (0.00ns) (grouped into LUT with out node select_ln340_20)   --->   "%xor_ln416_82 = xor i1 %tmp_339, true" [firmware/nnet_utils/nnet_activation_stream.h:52]   --->   Operation 539 'xor' 'xor_ln416_82' <Predicate = (!icmp_ln41)> <Delay = 0.00> <Core = "LogicGate">   --->   Core 27 'LogicGate' <Latency = 0> <II = 1> <Delay = 0.97> <FuncUnit> <Opcode : 'and' 'or' 'xor'> <InPorts = 2> <OutPorts = 1>
ST_3 : Operation 540 [1/1] (0.00ns) (grouped into LUT with out node select_ln340_20)   --->   "%and_ln416_82 = and i1 %tmp_337, %xor_ln416_82" [firmware/nnet_utils/nnet_activation_stream.h:52]   --->   Operation 540 'and' 'and_ln416_82' <Predicate = (!icmp_ln41)> <Delay = 0.00> <Core = "LogicGate">   --->   Core 27 'LogicGate' <Latency = 0> <II = 1> <Delay = 0.97> <FuncUnit> <Opcode : 'and' 'or' 'xor'> <InPorts = 2> <OutPorts = 1>
ST_3 : Operation 541 [1/1] (0.00ns) (grouped into LUT with out node select_ln340_20)   --->   "%tmp_340 = call i1 @_ssdm_op_BitSelect.i1.i8.i32(i8 %add_ln415_82, i32 7)" [firmware/nnet_utils/nnet_activation_stream.h:52]   --->   Operation 541 'bitselect' 'tmp_340' <Predicate = (!icmp_ln41)> <Delay = 0.00>
ST_3 : Operation 542 [1/1] (0.00ns)   --->   "%p_Result_12_19 = call i4 @_ssdm_op_PartSelect.i4.i14.i32.i32(i14 %tmp_data_V_20, i32 10, i32 13)" [firmware/nnet_utils/nnet_activation_stream.h:52]   --->   Operation 542 'partselect' 'p_Result_12_19' <Predicate = (!icmp_ln41)> <Delay = 0.00>
ST_3 : Operation 543 [1/1] (1.30ns)   --->   "%icmp_ln879_82 = icmp eq i4 %p_Result_12_19, -1" [firmware/nnet_utils/nnet_activation_stream.h:52]   --->   Operation 543 'icmp' 'icmp_ln879_82' <Predicate = (!icmp_ln41)> <Delay = 1.30> <Core = "Cmp">   --->   Core 25 'Cmp' <Latency = 0> <II = 1> <Delay = 1.30> <FuncUnit> <Opcode : 'icmp'> <InPorts = 2> <OutPorts = 1>
ST_3 : Operation 544 [1/1] (1.30ns)   --->   "%icmp_ln768_82 = icmp eq i4 %p_Result_12_19, 0" [firmware/nnet_utils/nnet_activation_stream.h:52]   --->   Operation 544 'icmp' 'icmp_ln768_82' <Predicate = (!icmp_ln41)> <Delay = 1.30> <Core = "Cmp">   --->   Core 25 'Cmp' <Latency = 0> <II = 1> <Delay = 1.30> <FuncUnit> <Opcode : 'icmp'> <InPorts = 2> <OutPorts = 1>
ST_3 : Operation 545 [1/1] (0.00ns) (grouped into LUT with out node select_ln340_20)   --->   "%select_ln777_82 = select i1 %and_ln416_82, i1 %icmp_ln879_82, i1 %icmp_ln768_82" [firmware/nnet_utils/nnet_activation_stream.h:52]   --->   Operation 545 'select' 'select_ln777_82' <Predicate = (!icmp_ln41)> <Delay = 0.00> <Core = "Sel">   --->   Core 26 'Sel' <Latency = 0> <II = 1> <Delay = 0.99> <FuncUnit> <Opcode : 'select'> <InPorts = 3> <OutPorts = 1>
ST_3 : Operation 546 [1/1] (0.00ns) (grouped into LUT with out node select_ln340_20)   --->   "%xor_ln785_20 = xor i1 %select_ln777_82, true" [firmware/nnet_utils/nnet_activation_stream.h:52]   --->   Operation 546 'xor' 'xor_ln785_20' <Predicate = (!icmp_ln41)> <Delay = 0.00> <Core = "LogicGate">   --->   Core 27 'LogicGate' <Latency = 0> <II = 1> <Delay = 0.97> <FuncUnit> <Opcode : 'and' 'or' 'xor'> <InPorts = 2> <OutPorts = 1>
ST_3 : Operation 547 [1/1] (0.00ns) (grouped into LUT with out node select_ln340_20)   --->   "%or_ln340_20 = or i1 %tmp_340, %xor_ln785_20" [firmware/nnet_utils/nnet_activation_stream.h:52]   --->   Operation 547 'or' 'or_ln340_20' <Predicate = (!icmp_ln41)> <Delay = 0.00> <Core = "LogicGate">   --->   Core 27 'LogicGate' <Latency = 0> <II = 1> <Delay = 0.97> <FuncUnit> <Opcode : 'and' 'or' 'xor'> <InPorts = 2> <OutPorts = 1>
ST_3 : Operation 548 [1/1] (0.99ns) (out node of the LUT)   --->   "%select_ln340_20 = select i1 %or_ln340_20, i7 -1, i7 %add_ln416_82" [firmware/nnet_utils/nnet_activation_stream.h:52]   --->   Operation 548 'select' 'select_ln340_20' <Predicate = (!icmp_ln41)> <Delay = 0.99> <Core = "Sel">   --->   Core 26 'Sel' <Latency = 0> <II = 1> <Delay = 0.99> <FuncUnit> <Opcode : 'select'> <InPorts = 3> <OutPorts = 1>
ST_3 : Operation 549 [1/1] (0.99ns) (out node of the LUT)   --->   "%tmp_data_20_V = select i1 %icmp_ln1494_20, i7 %select_ln340_20, i7 0" [firmware/nnet_utils/nnet_activation_stream.h:51]   --->   Operation 549 'select' 'tmp_data_20_V' <Predicate = (!icmp_ln41)> <Delay = 0.99> <Core = "Sel">   --->   Core 26 'Sel' <Latency = 0> <II = 1> <Delay = 0.99> <FuncUnit> <Opcode : 'select'> <InPorts = 3> <OutPorts = 1>
ST_3 : Operation 550 [1/1] (2.20ns)   --->   "%icmp_ln1494_21 = icmp sgt i14 %tmp_data_V_21, 0" [firmware/nnet_utils/nnet_activation_stream.h:51]   --->   Operation 550 'icmp' 'icmp_ln1494_21' <Predicate = (!icmp_ln41)> <Delay = 2.20> <Core = "Cmp">   --->   Core 25 'Cmp' <Latency = 0> <II = 1> <Delay = 1.30> <FuncUnit> <Opcode : 'icmp'> <InPorts = 2> <OutPorts = 1>
ST_3 : Operation 551 [1/1] (0.00ns)   --->   "%trunc_ln708_80 = call i8 @_ssdm_op_PartSelect.i8.i14.i32.i32(i14 %tmp_data_V_21, i32 2, i32 9)" [firmware/nnet_utils/nnet_activation_stream.h:52]   --->   Operation 551 'partselect' 'trunc_ln708_80' <Predicate = (!icmp_ln41)> <Delay = 0.00>
ST_3 : Operation 552 [1/1] (0.00ns) (grouped into LUT with out node select_ln340_21)   --->   "%tmp_341 = call i1 @_ssdm_op_BitSelect.i1.i14.i32(i14 %tmp_data_V_21, i32 9)" [firmware/nnet_utils/nnet_activation_stream.h:52]   --->   Operation 552 'bitselect' 'tmp_341' <Predicate = (!icmp_ln41)> <Delay = 0.00>
ST_3 : Operation 553 [1/1] (0.00ns)   --->   "%tmp_342 = call i1 @_ssdm_op_BitSelect.i1.i14.i32(i14 %tmp_data_V_21, i32 1)" [firmware/nnet_utils/nnet_activation_stream.h:52]   --->   Operation 553 'bitselect' 'tmp_342' <Predicate = (!icmp_ln41)> <Delay = 0.00>
ST_3 : Operation 554 [1/1] (0.00ns)   --->   "%zext_ln415_83 = zext i1 %tmp_342 to i8" [firmware/nnet_utils/nnet_activation_stream.h:52]   --->   Operation 554 'zext' 'zext_ln415_83' <Predicate = (!icmp_ln41)> <Delay = 0.00>
ST_3 : Operation 555 [1/1] (0.00ns)   --->   "%trunc_ln415_83 = call i7 @_ssdm_op_PartSelect.i7.i14.i32.i32(i14 %tmp_data_V_21, i32 2, i32 8)" [firmware/nnet_utils/nnet_activation_stream.h:52]   --->   Operation 555 'partselect' 'trunc_ln415_83' <Predicate = (!icmp_ln41)> <Delay = 0.00>
ST_3 : Operation 556 [1/1] (0.00ns)   --->   "%zext_ln415_117 = zext i1 %tmp_342 to i7" [firmware/nnet_utils/nnet_activation_stream.h:52]   --->   Operation 556 'zext' 'zext_ln415_117' <Predicate = (!icmp_ln41)> <Delay = 0.00>
ST_3 : Operation 557 [1/1] (1.91ns)   --->   "%add_ln415_83 = add i8 %trunc_ln708_80, %zext_ln415_83" [firmware/nnet_utils/nnet_activation_stream.h:52]   --->   Operation 557 'add' 'add_ln415_83' <Predicate = (!icmp_ln41)> <Delay = 1.91> <Core = "AddSub">   --->   Core 14 'AddSub' <Latency = 0> <II = 1> <Delay = 1.87> <FuncUnit> <Opcode : 'add' 'sub'> <InPorts = 2> <OutPorts = 1>
ST_3 : Operation 558 [1/1] (1.87ns)   --->   "%add_ln416_83 = add i7 %trunc_ln415_83, %zext_ln415_117" [firmware/nnet_utils/nnet_activation_stream.h:52]   --->   Operation 558 'add' 'add_ln416_83' <Predicate = (!icmp_ln41)> <Delay = 1.87> <Core = "AddSub">   --->   Core 14 'AddSub' <Latency = 0> <II = 1> <Delay = 1.87> <FuncUnit> <Opcode : 'add' 'sub'> <InPorts = 2> <OutPorts = 1>
ST_3 : Operation 559 [1/1] (0.00ns) (grouped into LUT with out node select_ln340_21)   --->   "%tmp_343 = call i1 @_ssdm_op_BitSelect.i1.i8.i32(i8 %add_ln415_83, i32 7)" [firmware/nnet_utils/nnet_activation_stream.h:52]   --->   Operation 559 'bitselect' 'tmp_343' <Predicate = (!icmp_ln41)> <Delay = 0.00>
ST_3 : Operation 560 [1/1] (0.00ns) (grouped into LUT with out node select_ln340_21)   --->   "%xor_ln416_83 = xor i1 %tmp_343, true" [firmware/nnet_utils/nnet_activation_stream.h:52]   --->   Operation 560 'xor' 'xor_ln416_83' <Predicate = (!icmp_ln41)> <Delay = 0.00> <Core = "LogicGate">   --->   Core 27 'LogicGate' <Latency = 0> <II = 1> <Delay = 0.97> <FuncUnit> <Opcode : 'and' 'or' 'xor'> <InPorts = 2> <OutPorts = 1>
ST_3 : Operation 561 [1/1] (0.00ns) (grouped into LUT with out node select_ln340_21)   --->   "%and_ln416_83 = and i1 %tmp_341, %xor_ln416_83" [firmware/nnet_utils/nnet_activation_stream.h:52]   --->   Operation 561 'and' 'and_ln416_83' <Predicate = (!icmp_ln41)> <Delay = 0.00> <Core = "LogicGate">   --->   Core 27 'LogicGate' <Latency = 0> <II = 1> <Delay = 0.97> <FuncUnit> <Opcode : 'and' 'or' 'xor'> <InPorts = 2> <OutPorts = 1>
ST_3 : Operation 562 [1/1] (0.00ns) (grouped into LUT with out node select_ln340_21)   --->   "%tmp_344 = call i1 @_ssdm_op_BitSelect.i1.i8.i32(i8 %add_ln415_83, i32 7)" [firmware/nnet_utils/nnet_activation_stream.h:52]   --->   Operation 562 'bitselect' 'tmp_344' <Predicate = (!icmp_ln41)> <Delay = 0.00>
ST_3 : Operation 563 [1/1] (0.00ns)   --->   "%p_Result_12_20 = call i4 @_ssdm_op_PartSelect.i4.i14.i32.i32(i14 %tmp_data_V_21, i32 10, i32 13)" [firmware/nnet_utils/nnet_activation_stream.h:52]   --->   Operation 563 'partselect' 'p_Result_12_20' <Predicate = (!icmp_ln41)> <Delay = 0.00>
ST_3 : Operation 564 [1/1] (1.30ns)   --->   "%icmp_ln879_83 = icmp eq i4 %p_Result_12_20, -1" [firmware/nnet_utils/nnet_activation_stream.h:52]   --->   Operation 564 'icmp' 'icmp_ln879_83' <Predicate = (!icmp_ln41)> <Delay = 1.30> <Core = "Cmp">   --->   Core 25 'Cmp' <Latency = 0> <II = 1> <Delay = 1.30> <FuncUnit> <Opcode : 'icmp'> <InPorts = 2> <OutPorts = 1>
ST_3 : Operation 565 [1/1] (1.30ns)   --->   "%icmp_ln768_83 = icmp eq i4 %p_Result_12_20, 0" [firmware/nnet_utils/nnet_activation_stream.h:52]   --->   Operation 565 'icmp' 'icmp_ln768_83' <Predicate = (!icmp_ln41)> <Delay = 1.30> <Core = "Cmp">   --->   Core 25 'Cmp' <Latency = 0> <II = 1> <Delay = 1.30> <FuncUnit> <Opcode : 'icmp'> <InPorts = 2> <OutPorts = 1>
ST_3 : Operation 566 [1/1] (0.00ns) (grouped into LUT with out node select_ln340_21)   --->   "%select_ln777_83 = select i1 %and_ln416_83, i1 %icmp_ln879_83, i1 %icmp_ln768_83" [firmware/nnet_utils/nnet_activation_stream.h:52]   --->   Operation 566 'select' 'select_ln777_83' <Predicate = (!icmp_ln41)> <Delay = 0.00> <Core = "Sel">   --->   Core 26 'Sel' <Latency = 0> <II = 1> <Delay = 0.99> <FuncUnit> <Opcode : 'select'> <InPorts = 3> <OutPorts = 1>
ST_3 : Operation 567 [1/1] (0.00ns) (grouped into LUT with out node select_ln340_21)   --->   "%xor_ln785_21 = xor i1 %select_ln777_83, true" [firmware/nnet_utils/nnet_activation_stream.h:52]   --->   Operation 567 'xor' 'xor_ln785_21' <Predicate = (!icmp_ln41)> <Delay = 0.00> <Core = "LogicGate">   --->   Core 27 'LogicGate' <Latency = 0> <II = 1> <Delay = 0.97> <FuncUnit> <Opcode : 'and' 'or' 'xor'> <InPorts = 2> <OutPorts = 1>
ST_3 : Operation 568 [1/1] (0.00ns) (grouped into LUT with out node select_ln340_21)   --->   "%or_ln340_21 = or i1 %tmp_344, %xor_ln785_21" [firmware/nnet_utils/nnet_activation_stream.h:52]   --->   Operation 568 'or' 'or_ln340_21' <Predicate = (!icmp_ln41)> <Delay = 0.00> <Core = "LogicGate">   --->   Core 27 'LogicGate' <Latency = 0> <II = 1> <Delay = 0.97> <FuncUnit> <Opcode : 'and' 'or' 'xor'> <InPorts = 2> <OutPorts = 1>
ST_3 : Operation 569 [1/1] (0.99ns) (out node of the LUT)   --->   "%select_ln340_21 = select i1 %or_ln340_21, i7 -1, i7 %add_ln416_83" [firmware/nnet_utils/nnet_activation_stream.h:52]   --->   Operation 569 'select' 'select_ln340_21' <Predicate = (!icmp_ln41)> <Delay = 0.99> <Core = "Sel">   --->   Core 26 'Sel' <Latency = 0> <II = 1> <Delay = 0.99> <FuncUnit> <Opcode : 'select'> <InPorts = 3> <OutPorts = 1>
ST_3 : Operation 570 [1/1] (0.99ns) (out node of the LUT)   --->   "%tmp_data_21_V = select i1 %icmp_ln1494_21, i7 %select_ln340_21, i7 0" [firmware/nnet_utils/nnet_activation_stream.h:51]   --->   Operation 570 'select' 'tmp_data_21_V' <Predicate = (!icmp_ln41)> <Delay = 0.99> <Core = "Sel">   --->   Core 26 'Sel' <Latency = 0> <II = 1> <Delay = 0.99> <FuncUnit> <Opcode : 'select'> <InPorts = 3> <OutPorts = 1>
ST_3 : Operation 571 [1/1] (2.20ns)   --->   "%icmp_ln1494_22 = icmp sgt i14 %tmp_data_V_22, 0" [firmware/nnet_utils/nnet_activation_stream.h:51]   --->   Operation 571 'icmp' 'icmp_ln1494_22' <Predicate = (!icmp_ln41)> <Delay = 2.20> <Core = "Cmp">   --->   Core 25 'Cmp' <Latency = 0> <II = 1> <Delay = 1.30> <FuncUnit> <Opcode : 'icmp'> <InPorts = 2> <OutPorts = 1>
ST_3 : Operation 572 [1/1] (0.00ns)   --->   "%trunc_ln708_81 = call i8 @_ssdm_op_PartSelect.i8.i14.i32.i32(i14 %tmp_data_V_22, i32 2, i32 9)" [firmware/nnet_utils/nnet_activation_stream.h:52]   --->   Operation 572 'partselect' 'trunc_ln708_81' <Predicate = (!icmp_ln41)> <Delay = 0.00>
ST_3 : Operation 573 [1/1] (0.00ns) (grouped into LUT with out node select_ln340_22)   --->   "%tmp_345 = call i1 @_ssdm_op_BitSelect.i1.i14.i32(i14 %tmp_data_V_22, i32 9)" [firmware/nnet_utils/nnet_activation_stream.h:52]   --->   Operation 573 'bitselect' 'tmp_345' <Predicate = (!icmp_ln41)> <Delay = 0.00>
ST_3 : Operation 574 [1/1] (0.00ns)   --->   "%tmp_346 = call i1 @_ssdm_op_BitSelect.i1.i14.i32(i14 %tmp_data_V_22, i32 1)" [firmware/nnet_utils/nnet_activation_stream.h:52]   --->   Operation 574 'bitselect' 'tmp_346' <Predicate = (!icmp_ln41)> <Delay = 0.00>
ST_3 : Operation 575 [1/1] (0.00ns)   --->   "%zext_ln415_84 = zext i1 %tmp_346 to i8" [firmware/nnet_utils/nnet_activation_stream.h:52]   --->   Operation 575 'zext' 'zext_ln415_84' <Predicate = (!icmp_ln41)> <Delay = 0.00>
ST_3 : Operation 576 [1/1] (0.00ns)   --->   "%trunc_ln415_84 = call i7 @_ssdm_op_PartSelect.i7.i14.i32.i32(i14 %tmp_data_V_22, i32 2, i32 8)" [firmware/nnet_utils/nnet_activation_stream.h:52]   --->   Operation 576 'partselect' 'trunc_ln415_84' <Predicate = (!icmp_ln41)> <Delay = 0.00>
ST_3 : Operation 577 [1/1] (0.00ns)   --->   "%zext_ln415_118 = zext i1 %tmp_346 to i7" [firmware/nnet_utils/nnet_activation_stream.h:52]   --->   Operation 577 'zext' 'zext_ln415_118' <Predicate = (!icmp_ln41)> <Delay = 0.00>
ST_3 : Operation 578 [1/1] (1.91ns)   --->   "%add_ln415_84 = add i8 %trunc_ln708_81, %zext_ln415_84" [firmware/nnet_utils/nnet_activation_stream.h:52]   --->   Operation 578 'add' 'add_ln415_84' <Predicate = (!icmp_ln41)> <Delay = 1.91> <Core = "AddSub">   --->   Core 14 'AddSub' <Latency = 0> <II = 1> <Delay = 1.87> <FuncUnit> <Opcode : 'add' 'sub'> <InPorts = 2> <OutPorts = 1>
ST_3 : Operation 579 [1/1] (1.87ns)   --->   "%add_ln416_84 = add i7 %trunc_ln415_84, %zext_ln415_118" [firmware/nnet_utils/nnet_activation_stream.h:52]   --->   Operation 579 'add' 'add_ln416_84' <Predicate = (!icmp_ln41)> <Delay = 1.87> <Core = "AddSub">   --->   Core 14 'AddSub' <Latency = 0> <II = 1> <Delay = 1.87> <FuncUnit> <Opcode : 'add' 'sub'> <InPorts = 2> <OutPorts = 1>
ST_3 : Operation 580 [1/1] (0.00ns) (grouped into LUT with out node select_ln340_22)   --->   "%tmp_347 = call i1 @_ssdm_op_BitSelect.i1.i8.i32(i8 %add_ln415_84, i32 7)" [firmware/nnet_utils/nnet_activation_stream.h:52]   --->   Operation 580 'bitselect' 'tmp_347' <Predicate = (!icmp_ln41)> <Delay = 0.00>
ST_3 : Operation 581 [1/1] (0.00ns) (grouped into LUT with out node select_ln340_22)   --->   "%xor_ln416_84 = xor i1 %tmp_347, true" [firmware/nnet_utils/nnet_activation_stream.h:52]   --->   Operation 581 'xor' 'xor_ln416_84' <Predicate = (!icmp_ln41)> <Delay = 0.00> <Core = "LogicGate">   --->   Core 27 'LogicGate' <Latency = 0> <II = 1> <Delay = 0.97> <FuncUnit> <Opcode : 'and' 'or' 'xor'> <InPorts = 2> <OutPorts = 1>
ST_3 : Operation 582 [1/1] (0.00ns) (grouped into LUT with out node select_ln340_22)   --->   "%and_ln416_84 = and i1 %tmp_345, %xor_ln416_84" [firmware/nnet_utils/nnet_activation_stream.h:52]   --->   Operation 582 'and' 'and_ln416_84' <Predicate = (!icmp_ln41)> <Delay = 0.00> <Core = "LogicGate">   --->   Core 27 'LogicGate' <Latency = 0> <II = 1> <Delay = 0.97> <FuncUnit> <Opcode : 'and' 'or' 'xor'> <InPorts = 2> <OutPorts = 1>
ST_3 : Operation 583 [1/1] (0.00ns) (grouped into LUT with out node select_ln340_22)   --->   "%tmp_348 = call i1 @_ssdm_op_BitSelect.i1.i8.i32(i8 %add_ln415_84, i32 7)" [firmware/nnet_utils/nnet_activation_stream.h:52]   --->   Operation 583 'bitselect' 'tmp_348' <Predicate = (!icmp_ln41)> <Delay = 0.00>
ST_3 : Operation 584 [1/1] (0.00ns)   --->   "%p_Result_12_21 = call i4 @_ssdm_op_PartSelect.i4.i14.i32.i32(i14 %tmp_data_V_22, i32 10, i32 13)" [firmware/nnet_utils/nnet_activation_stream.h:52]   --->   Operation 584 'partselect' 'p_Result_12_21' <Predicate = (!icmp_ln41)> <Delay = 0.00>
ST_3 : Operation 585 [1/1] (1.30ns)   --->   "%icmp_ln879_84 = icmp eq i4 %p_Result_12_21, -1" [firmware/nnet_utils/nnet_activation_stream.h:52]   --->   Operation 585 'icmp' 'icmp_ln879_84' <Predicate = (!icmp_ln41)> <Delay = 1.30> <Core = "Cmp">   --->   Core 25 'Cmp' <Latency = 0> <II = 1> <Delay = 1.30> <FuncUnit> <Opcode : 'icmp'> <InPorts = 2> <OutPorts = 1>
ST_3 : Operation 586 [1/1] (1.30ns)   --->   "%icmp_ln768_84 = icmp eq i4 %p_Result_12_21, 0" [firmware/nnet_utils/nnet_activation_stream.h:52]   --->   Operation 586 'icmp' 'icmp_ln768_84' <Predicate = (!icmp_ln41)> <Delay = 1.30> <Core = "Cmp">   --->   Core 25 'Cmp' <Latency = 0> <II = 1> <Delay = 1.30> <FuncUnit> <Opcode : 'icmp'> <InPorts = 2> <OutPorts = 1>
ST_3 : Operation 587 [1/1] (0.00ns) (grouped into LUT with out node select_ln340_22)   --->   "%select_ln777_84 = select i1 %and_ln416_84, i1 %icmp_ln879_84, i1 %icmp_ln768_84" [firmware/nnet_utils/nnet_activation_stream.h:52]   --->   Operation 587 'select' 'select_ln777_84' <Predicate = (!icmp_ln41)> <Delay = 0.00> <Core = "Sel">   --->   Core 26 'Sel' <Latency = 0> <II = 1> <Delay = 0.99> <FuncUnit> <Opcode : 'select'> <InPorts = 3> <OutPorts = 1>
ST_3 : Operation 588 [1/1] (0.00ns) (grouped into LUT with out node select_ln340_22)   --->   "%xor_ln785_22 = xor i1 %select_ln777_84, true" [firmware/nnet_utils/nnet_activation_stream.h:52]   --->   Operation 588 'xor' 'xor_ln785_22' <Predicate = (!icmp_ln41)> <Delay = 0.00> <Core = "LogicGate">   --->   Core 27 'LogicGate' <Latency = 0> <II = 1> <Delay = 0.97> <FuncUnit> <Opcode : 'and' 'or' 'xor'> <InPorts = 2> <OutPorts = 1>
ST_3 : Operation 589 [1/1] (0.00ns) (grouped into LUT with out node select_ln340_22)   --->   "%or_ln340_22 = or i1 %tmp_348, %xor_ln785_22" [firmware/nnet_utils/nnet_activation_stream.h:52]   --->   Operation 589 'or' 'or_ln340_22' <Predicate = (!icmp_ln41)> <Delay = 0.00> <Core = "LogicGate">   --->   Core 27 'LogicGate' <Latency = 0> <II = 1> <Delay = 0.97> <FuncUnit> <Opcode : 'and' 'or' 'xor'> <InPorts = 2> <OutPorts = 1>
ST_3 : Operation 590 [1/1] (0.99ns) (out node of the LUT)   --->   "%select_ln340_22 = select i1 %or_ln340_22, i7 -1, i7 %add_ln416_84" [firmware/nnet_utils/nnet_activation_stream.h:52]   --->   Operation 590 'select' 'select_ln340_22' <Predicate = (!icmp_ln41)> <Delay = 0.99> <Core = "Sel">   --->   Core 26 'Sel' <Latency = 0> <II = 1> <Delay = 0.99> <FuncUnit> <Opcode : 'select'> <InPorts = 3> <OutPorts = 1>
ST_3 : Operation 591 [1/1] (0.99ns) (out node of the LUT)   --->   "%tmp_data_22_V = select i1 %icmp_ln1494_22, i7 %select_ln340_22, i7 0" [firmware/nnet_utils/nnet_activation_stream.h:51]   --->   Operation 591 'select' 'tmp_data_22_V' <Predicate = (!icmp_ln41)> <Delay = 0.99> <Core = "Sel">   --->   Core 26 'Sel' <Latency = 0> <II = 1> <Delay = 0.99> <FuncUnit> <Opcode : 'select'> <InPorts = 3> <OutPorts = 1>
ST_3 : Operation 592 [1/1] (2.20ns)   --->   "%icmp_ln1494_23 = icmp sgt i14 %tmp_data_V_23, 0" [firmware/nnet_utils/nnet_activation_stream.h:51]   --->   Operation 592 'icmp' 'icmp_ln1494_23' <Predicate = (!icmp_ln41)> <Delay = 2.20> <Core = "Cmp">   --->   Core 25 'Cmp' <Latency = 0> <II = 1> <Delay = 1.30> <FuncUnit> <Opcode : 'icmp'> <InPorts = 2> <OutPorts = 1>
ST_3 : Operation 593 [1/1] (0.00ns)   --->   "%trunc_ln708_82 = call i8 @_ssdm_op_PartSelect.i8.i14.i32.i32(i14 %tmp_data_V_23, i32 2, i32 9)" [firmware/nnet_utils/nnet_activation_stream.h:52]   --->   Operation 593 'partselect' 'trunc_ln708_82' <Predicate = (!icmp_ln41)> <Delay = 0.00>
ST_3 : Operation 594 [1/1] (0.00ns) (grouped into LUT with out node select_ln340_23)   --->   "%tmp_349 = call i1 @_ssdm_op_BitSelect.i1.i14.i32(i14 %tmp_data_V_23, i32 9)" [firmware/nnet_utils/nnet_activation_stream.h:52]   --->   Operation 594 'bitselect' 'tmp_349' <Predicate = (!icmp_ln41)> <Delay = 0.00>
ST_3 : Operation 595 [1/1] (0.00ns)   --->   "%tmp_350 = call i1 @_ssdm_op_BitSelect.i1.i14.i32(i14 %tmp_data_V_23, i32 1)" [firmware/nnet_utils/nnet_activation_stream.h:52]   --->   Operation 595 'bitselect' 'tmp_350' <Predicate = (!icmp_ln41)> <Delay = 0.00>
ST_3 : Operation 596 [1/1] (0.00ns)   --->   "%zext_ln415_85 = zext i1 %tmp_350 to i8" [firmware/nnet_utils/nnet_activation_stream.h:52]   --->   Operation 596 'zext' 'zext_ln415_85' <Predicate = (!icmp_ln41)> <Delay = 0.00>
ST_3 : Operation 597 [1/1] (0.00ns)   --->   "%trunc_ln415_85 = call i7 @_ssdm_op_PartSelect.i7.i14.i32.i32(i14 %tmp_data_V_23, i32 2, i32 8)" [firmware/nnet_utils/nnet_activation_stream.h:52]   --->   Operation 597 'partselect' 'trunc_ln415_85' <Predicate = (!icmp_ln41)> <Delay = 0.00>
ST_3 : Operation 598 [1/1] (0.00ns)   --->   "%zext_ln415_119 = zext i1 %tmp_350 to i7" [firmware/nnet_utils/nnet_activation_stream.h:52]   --->   Operation 598 'zext' 'zext_ln415_119' <Predicate = (!icmp_ln41)> <Delay = 0.00>
ST_3 : Operation 599 [1/1] (1.91ns)   --->   "%add_ln415_85 = add i8 %trunc_ln708_82, %zext_ln415_85" [firmware/nnet_utils/nnet_activation_stream.h:52]   --->   Operation 599 'add' 'add_ln415_85' <Predicate = (!icmp_ln41)> <Delay = 1.91> <Core = "AddSub">   --->   Core 14 'AddSub' <Latency = 0> <II = 1> <Delay = 1.87> <FuncUnit> <Opcode : 'add' 'sub'> <InPorts = 2> <OutPorts = 1>
ST_3 : Operation 600 [1/1] (1.87ns)   --->   "%add_ln416_85 = add i7 %trunc_ln415_85, %zext_ln415_119" [firmware/nnet_utils/nnet_activation_stream.h:52]   --->   Operation 600 'add' 'add_ln416_85' <Predicate = (!icmp_ln41)> <Delay = 1.87> <Core = "AddSub">   --->   Core 14 'AddSub' <Latency = 0> <II = 1> <Delay = 1.87> <FuncUnit> <Opcode : 'add' 'sub'> <InPorts = 2> <OutPorts = 1>
ST_3 : Operation 601 [1/1] (0.00ns) (grouped into LUT with out node select_ln340_23)   --->   "%tmp_351 = call i1 @_ssdm_op_BitSelect.i1.i8.i32(i8 %add_ln415_85, i32 7)" [firmware/nnet_utils/nnet_activation_stream.h:52]   --->   Operation 601 'bitselect' 'tmp_351' <Predicate = (!icmp_ln41)> <Delay = 0.00>
ST_3 : Operation 602 [1/1] (0.00ns) (grouped into LUT with out node select_ln340_23)   --->   "%xor_ln416_85 = xor i1 %tmp_351, true" [firmware/nnet_utils/nnet_activation_stream.h:52]   --->   Operation 602 'xor' 'xor_ln416_85' <Predicate = (!icmp_ln41)> <Delay = 0.00> <Core = "LogicGate">   --->   Core 27 'LogicGate' <Latency = 0> <II = 1> <Delay = 0.97> <FuncUnit> <Opcode : 'and' 'or' 'xor'> <InPorts = 2> <OutPorts = 1>
ST_3 : Operation 603 [1/1] (0.00ns) (grouped into LUT with out node select_ln340_23)   --->   "%and_ln416_85 = and i1 %tmp_349, %xor_ln416_85" [firmware/nnet_utils/nnet_activation_stream.h:52]   --->   Operation 603 'and' 'and_ln416_85' <Predicate = (!icmp_ln41)> <Delay = 0.00> <Core = "LogicGate">   --->   Core 27 'LogicGate' <Latency = 0> <II = 1> <Delay = 0.97> <FuncUnit> <Opcode : 'and' 'or' 'xor'> <InPorts = 2> <OutPorts = 1>
ST_3 : Operation 604 [1/1] (0.00ns) (grouped into LUT with out node select_ln340_23)   --->   "%tmp_352 = call i1 @_ssdm_op_BitSelect.i1.i8.i32(i8 %add_ln415_85, i32 7)" [firmware/nnet_utils/nnet_activation_stream.h:52]   --->   Operation 604 'bitselect' 'tmp_352' <Predicate = (!icmp_ln41)> <Delay = 0.00>
ST_3 : Operation 605 [1/1] (0.00ns)   --->   "%p_Result_12_22 = call i4 @_ssdm_op_PartSelect.i4.i14.i32.i32(i14 %tmp_data_V_23, i32 10, i32 13)" [firmware/nnet_utils/nnet_activation_stream.h:52]   --->   Operation 605 'partselect' 'p_Result_12_22' <Predicate = (!icmp_ln41)> <Delay = 0.00>
ST_3 : Operation 606 [1/1] (1.30ns)   --->   "%icmp_ln879_85 = icmp eq i4 %p_Result_12_22, -1" [firmware/nnet_utils/nnet_activation_stream.h:52]   --->   Operation 606 'icmp' 'icmp_ln879_85' <Predicate = (!icmp_ln41)> <Delay = 1.30> <Core = "Cmp">   --->   Core 25 'Cmp' <Latency = 0> <II = 1> <Delay = 1.30> <FuncUnit> <Opcode : 'icmp'> <InPorts = 2> <OutPorts = 1>
ST_3 : Operation 607 [1/1] (1.30ns)   --->   "%icmp_ln768_85 = icmp eq i4 %p_Result_12_22, 0" [firmware/nnet_utils/nnet_activation_stream.h:52]   --->   Operation 607 'icmp' 'icmp_ln768_85' <Predicate = (!icmp_ln41)> <Delay = 1.30> <Core = "Cmp">   --->   Core 25 'Cmp' <Latency = 0> <II = 1> <Delay = 1.30> <FuncUnit> <Opcode : 'icmp'> <InPorts = 2> <OutPorts = 1>
ST_3 : Operation 608 [1/1] (0.00ns) (grouped into LUT with out node select_ln340_23)   --->   "%select_ln777_85 = select i1 %and_ln416_85, i1 %icmp_ln879_85, i1 %icmp_ln768_85" [firmware/nnet_utils/nnet_activation_stream.h:52]   --->   Operation 608 'select' 'select_ln777_85' <Predicate = (!icmp_ln41)> <Delay = 0.00> <Core = "Sel">   --->   Core 26 'Sel' <Latency = 0> <II = 1> <Delay = 0.99> <FuncUnit> <Opcode : 'select'> <InPorts = 3> <OutPorts = 1>
ST_3 : Operation 609 [1/1] (0.00ns) (grouped into LUT with out node select_ln340_23)   --->   "%xor_ln785_23 = xor i1 %select_ln777_85, true" [firmware/nnet_utils/nnet_activation_stream.h:52]   --->   Operation 609 'xor' 'xor_ln785_23' <Predicate = (!icmp_ln41)> <Delay = 0.00> <Core = "LogicGate">   --->   Core 27 'LogicGate' <Latency = 0> <II = 1> <Delay = 0.97> <FuncUnit> <Opcode : 'and' 'or' 'xor'> <InPorts = 2> <OutPorts = 1>
ST_3 : Operation 610 [1/1] (0.00ns) (grouped into LUT with out node select_ln340_23)   --->   "%or_ln340_23 = or i1 %tmp_352, %xor_ln785_23" [firmware/nnet_utils/nnet_activation_stream.h:52]   --->   Operation 610 'or' 'or_ln340_23' <Predicate = (!icmp_ln41)> <Delay = 0.00> <Core = "LogicGate">   --->   Core 27 'LogicGate' <Latency = 0> <II = 1> <Delay = 0.97> <FuncUnit> <Opcode : 'and' 'or' 'xor'> <InPorts = 2> <OutPorts = 1>
ST_3 : Operation 611 [1/1] (0.99ns) (out node of the LUT)   --->   "%select_ln340_23 = select i1 %or_ln340_23, i7 -1, i7 %add_ln416_85" [firmware/nnet_utils/nnet_activation_stream.h:52]   --->   Operation 611 'select' 'select_ln340_23' <Predicate = (!icmp_ln41)> <Delay = 0.99> <Core = "Sel">   --->   Core 26 'Sel' <Latency = 0> <II = 1> <Delay = 0.99> <FuncUnit> <Opcode : 'select'> <InPorts = 3> <OutPorts = 1>
ST_3 : Operation 612 [1/1] (0.99ns) (out node of the LUT)   --->   "%tmp_data_23_V = select i1 %icmp_ln1494_23, i7 %select_ln340_23, i7 0" [firmware/nnet_utils/nnet_activation_stream.h:51]   --->   Operation 612 'select' 'tmp_data_23_V' <Predicate = (!icmp_ln41)> <Delay = 0.99> <Core = "Sel">   --->   Core 26 'Sel' <Latency = 0> <II = 1> <Delay = 0.99> <FuncUnit> <Opcode : 'select'> <InPorts = 3> <OutPorts = 1>
ST_3 : Operation 613 [1/1] (2.20ns)   --->   "%icmp_ln1494_24 = icmp sgt i14 %tmp_data_V_24, 0" [firmware/nnet_utils/nnet_activation_stream.h:51]   --->   Operation 613 'icmp' 'icmp_ln1494_24' <Predicate = (!icmp_ln41)> <Delay = 2.20> <Core = "Cmp">   --->   Core 25 'Cmp' <Latency = 0> <II = 1> <Delay = 1.30> <FuncUnit> <Opcode : 'icmp'> <InPorts = 2> <OutPorts = 1>
ST_3 : Operation 614 [1/1] (0.00ns)   --->   "%trunc_ln708_83 = call i8 @_ssdm_op_PartSelect.i8.i14.i32.i32(i14 %tmp_data_V_24, i32 2, i32 9)" [firmware/nnet_utils/nnet_activation_stream.h:52]   --->   Operation 614 'partselect' 'trunc_ln708_83' <Predicate = (!icmp_ln41)> <Delay = 0.00>
ST_3 : Operation 615 [1/1] (0.00ns) (grouped into LUT with out node select_ln340_24)   --->   "%tmp_353 = call i1 @_ssdm_op_BitSelect.i1.i14.i32(i14 %tmp_data_V_24, i32 9)" [firmware/nnet_utils/nnet_activation_stream.h:52]   --->   Operation 615 'bitselect' 'tmp_353' <Predicate = (!icmp_ln41)> <Delay = 0.00>
ST_3 : Operation 616 [1/1] (0.00ns)   --->   "%tmp_354 = call i1 @_ssdm_op_BitSelect.i1.i14.i32(i14 %tmp_data_V_24, i32 1)" [firmware/nnet_utils/nnet_activation_stream.h:52]   --->   Operation 616 'bitselect' 'tmp_354' <Predicate = (!icmp_ln41)> <Delay = 0.00>
ST_3 : Operation 617 [1/1] (0.00ns)   --->   "%zext_ln415_86 = zext i1 %tmp_354 to i8" [firmware/nnet_utils/nnet_activation_stream.h:52]   --->   Operation 617 'zext' 'zext_ln415_86' <Predicate = (!icmp_ln41)> <Delay = 0.00>
ST_3 : Operation 618 [1/1] (0.00ns)   --->   "%trunc_ln415_86 = call i7 @_ssdm_op_PartSelect.i7.i14.i32.i32(i14 %tmp_data_V_24, i32 2, i32 8)" [firmware/nnet_utils/nnet_activation_stream.h:52]   --->   Operation 618 'partselect' 'trunc_ln415_86' <Predicate = (!icmp_ln41)> <Delay = 0.00>
ST_3 : Operation 619 [1/1] (0.00ns)   --->   "%zext_ln415_120 = zext i1 %tmp_354 to i7" [firmware/nnet_utils/nnet_activation_stream.h:52]   --->   Operation 619 'zext' 'zext_ln415_120' <Predicate = (!icmp_ln41)> <Delay = 0.00>
ST_3 : Operation 620 [1/1] (1.91ns)   --->   "%add_ln415_86 = add i8 %trunc_ln708_83, %zext_ln415_86" [firmware/nnet_utils/nnet_activation_stream.h:52]   --->   Operation 620 'add' 'add_ln415_86' <Predicate = (!icmp_ln41)> <Delay = 1.91> <Core = "AddSub">   --->   Core 14 'AddSub' <Latency = 0> <II = 1> <Delay = 1.87> <FuncUnit> <Opcode : 'add' 'sub'> <InPorts = 2> <OutPorts = 1>
ST_3 : Operation 621 [1/1] (1.87ns)   --->   "%add_ln416_86 = add i7 %trunc_ln415_86, %zext_ln415_120" [firmware/nnet_utils/nnet_activation_stream.h:52]   --->   Operation 621 'add' 'add_ln416_86' <Predicate = (!icmp_ln41)> <Delay = 1.87> <Core = "AddSub">   --->   Core 14 'AddSub' <Latency = 0> <II = 1> <Delay = 1.87> <FuncUnit> <Opcode : 'add' 'sub'> <InPorts = 2> <OutPorts = 1>
ST_3 : Operation 622 [1/1] (0.00ns) (grouped into LUT with out node select_ln340_24)   --->   "%tmp_355 = call i1 @_ssdm_op_BitSelect.i1.i8.i32(i8 %add_ln415_86, i32 7)" [firmware/nnet_utils/nnet_activation_stream.h:52]   --->   Operation 622 'bitselect' 'tmp_355' <Predicate = (!icmp_ln41)> <Delay = 0.00>
ST_3 : Operation 623 [1/1] (0.00ns) (grouped into LUT with out node select_ln340_24)   --->   "%xor_ln416_86 = xor i1 %tmp_355, true" [firmware/nnet_utils/nnet_activation_stream.h:52]   --->   Operation 623 'xor' 'xor_ln416_86' <Predicate = (!icmp_ln41)> <Delay = 0.00> <Core = "LogicGate">   --->   Core 27 'LogicGate' <Latency = 0> <II = 1> <Delay = 0.97> <FuncUnit> <Opcode : 'and' 'or' 'xor'> <InPorts = 2> <OutPorts = 1>
ST_3 : Operation 624 [1/1] (0.00ns) (grouped into LUT with out node select_ln340_24)   --->   "%and_ln416_86 = and i1 %tmp_353, %xor_ln416_86" [firmware/nnet_utils/nnet_activation_stream.h:52]   --->   Operation 624 'and' 'and_ln416_86' <Predicate = (!icmp_ln41)> <Delay = 0.00> <Core = "LogicGate">   --->   Core 27 'LogicGate' <Latency = 0> <II = 1> <Delay = 0.97> <FuncUnit> <Opcode : 'and' 'or' 'xor'> <InPorts = 2> <OutPorts = 1>
ST_3 : Operation 625 [1/1] (0.00ns) (grouped into LUT with out node select_ln340_24)   --->   "%tmp_356 = call i1 @_ssdm_op_BitSelect.i1.i8.i32(i8 %add_ln415_86, i32 7)" [firmware/nnet_utils/nnet_activation_stream.h:52]   --->   Operation 625 'bitselect' 'tmp_356' <Predicate = (!icmp_ln41)> <Delay = 0.00>
ST_3 : Operation 626 [1/1] (0.00ns)   --->   "%p_Result_12_23 = call i4 @_ssdm_op_PartSelect.i4.i14.i32.i32(i14 %tmp_data_V_24, i32 10, i32 13)" [firmware/nnet_utils/nnet_activation_stream.h:52]   --->   Operation 626 'partselect' 'p_Result_12_23' <Predicate = (!icmp_ln41)> <Delay = 0.00>
ST_3 : Operation 627 [1/1] (1.30ns)   --->   "%icmp_ln879_86 = icmp eq i4 %p_Result_12_23, -1" [firmware/nnet_utils/nnet_activation_stream.h:52]   --->   Operation 627 'icmp' 'icmp_ln879_86' <Predicate = (!icmp_ln41)> <Delay = 1.30> <Core = "Cmp">   --->   Core 25 'Cmp' <Latency = 0> <II = 1> <Delay = 1.30> <FuncUnit> <Opcode : 'icmp'> <InPorts = 2> <OutPorts = 1>
ST_3 : Operation 628 [1/1] (1.30ns)   --->   "%icmp_ln768_86 = icmp eq i4 %p_Result_12_23, 0" [firmware/nnet_utils/nnet_activation_stream.h:52]   --->   Operation 628 'icmp' 'icmp_ln768_86' <Predicate = (!icmp_ln41)> <Delay = 1.30> <Core = "Cmp">   --->   Core 25 'Cmp' <Latency = 0> <II = 1> <Delay = 1.30> <FuncUnit> <Opcode : 'icmp'> <InPorts = 2> <OutPorts = 1>
ST_3 : Operation 629 [1/1] (0.00ns) (grouped into LUT with out node select_ln340_24)   --->   "%select_ln777_86 = select i1 %and_ln416_86, i1 %icmp_ln879_86, i1 %icmp_ln768_86" [firmware/nnet_utils/nnet_activation_stream.h:52]   --->   Operation 629 'select' 'select_ln777_86' <Predicate = (!icmp_ln41)> <Delay = 0.00> <Core = "Sel">   --->   Core 26 'Sel' <Latency = 0> <II = 1> <Delay = 0.99> <FuncUnit> <Opcode : 'select'> <InPorts = 3> <OutPorts = 1>
ST_3 : Operation 630 [1/1] (0.00ns) (grouped into LUT with out node select_ln340_24)   --->   "%xor_ln785_24 = xor i1 %select_ln777_86, true" [firmware/nnet_utils/nnet_activation_stream.h:52]   --->   Operation 630 'xor' 'xor_ln785_24' <Predicate = (!icmp_ln41)> <Delay = 0.00> <Core = "LogicGate">   --->   Core 27 'LogicGate' <Latency = 0> <II = 1> <Delay = 0.97> <FuncUnit> <Opcode : 'and' 'or' 'xor'> <InPorts = 2> <OutPorts = 1>
ST_3 : Operation 631 [1/1] (0.00ns) (grouped into LUT with out node select_ln340_24)   --->   "%or_ln340_24 = or i1 %tmp_356, %xor_ln785_24" [firmware/nnet_utils/nnet_activation_stream.h:52]   --->   Operation 631 'or' 'or_ln340_24' <Predicate = (!icmp_ln41)> <Delay = 0.00> <Core = "LogicGate">   --->   Core 27 'LogicGate' <Latency = 0> <II = 1> <Delay = 0.97> <FuncUnit> <Opcode : 'and' 'or' 'xor'> <InPorts = 2> <OutPorts = 1>
ST_3 : Operation 632 [1/1] (0.99ns) (out node of the LUT)   --->   "%select_ln340_24 = select i1 %or_ln340_24, i7 -1, i7 %add_ln416_86" [firmware/nnet_utils/nnet_activation_stream.h:52]   --->   Operation 632 'select' 'select_ln340_24' <Predicate = (!icmp_ln41)> <Delay = 0.99> <Core = "Sel">   --->   Core 26 'Sel' <Latency = 0> <II = 1> <Delay = 0.99> <FuncUnit> <Opcode : 'select'> <InPorts = 3> <OutPorts = 1>
ST_3 : Operation 633 [1/1] (0.99ns) (out node of the LUT)   --->   "%tmp_data_24_V = select i1 %icmp_ln1494_24, i7 %select_ln340_24, i7 0" [firmware/nnet_utils/nnet_activation_stream.h:51]   --->   Operation 633 'select' 'tmp_data_24_V' <Predicate = (!icmp_ln41)> <Delay = 0.99> <Core = "Sel">   --->   Core 26 'Sel' <Latency = 0> <II = 1> <Delay = 0.99> <FuncUnit> <Opcode : 'select'> <InPorts = 3> <OutPorts = 1>
ST_3 : Operation 634 [1/1] (2.20ns)   --->   "%icmp_ln1494_25 = icmp sgt i14 %tmp_data_V_25, 0" [firmware/nnet_utils/nnet_activation_stream.h:51]   --->   Operation 634 'icmp' 'icmp_ln1494_25' <Predicate = (!icmp_ln41)> <Delay = 2.20> <Core = "Cmp">   --->   Core 25 'Cmp' <Latency = 0> <II = 1> <Delay = 1.30> <FuncUnit> <Opcode : 'icmp'> <InPorts = 2> <OutPorts = 1>
ST_3 : Operation 635 [1/1] (0.00ns)   --->   "%trunc_ln708_84 = call i8 @_ssdm_op_PartSelect.i8.i14.i32.i32(i14 %tmp_data_V_25, i32 2, i32 9)" [firmware/nnet_utils/nnet_activation_stream.h:52]   --->   Operation 635 'partselect' 'trunc_ln708_84' <Predicate = (!icmp_ln41)> <Delay = 0.00>
ST_3 : Operation 636 [1/1] (0.00ns) (grouped into LUT with out node select_ln340_25)   --->   "%tmp_357 = call i1 @_ssdm_op_BitSelect.i1.i14.i32(i14 %tmp_data_V_25, i32 9)" [firmware/nnet_utils/nnet_activation_stream.h:52]   --->   Operation 636 'bitselect' 'tmp_357' <Predicate = (!icmp_ln41)> <Delay = 0.00>
ST_3 : Operation 637 [1/1] (0.00ns)   --->   "%tmp_358 = call i1 @_ssdm_op_BitSelect.i1.i14.i32(i14 %tmp_data_V_25, i32 1)" [firmware/nnet_utils/nnet_activation_stream.h:52]   --->   Operation 637 'bitselect' 'tmp_358' <Predicate = (!icmp_ln41)> <Delay = 0.00>
ST_3 : Operation 638 [1/1] (0.00ns)   --->   "%zext_ln415_87 = zext i1 %tmp_358 to i8" [firmware/nnet_utils/nnet_activation_stream.h:52]   --->   Operation 638 'zext' 'zext_ln415_87' <Predicate = (!icmp_ln41)> <Delay = 0.00>
ST_3 : Operation 639 [1/1] (0.00ns)   --->   "%trunc_ln415_87 = call i7 @_ssdm_op_PartSelect.i7.i14.i32.i32(i14 %tmp_data_V_25, i32 2, i32 8)" [firmware/nnet_utils/nnet_activation_stream.h:52]   --->   Operation 639 'partselect' 'trunc_ln415_87' <Predicate = (!icmp_ln41)> <Delay = 0.00>
ST_3 : Operation 640 [1/1] (0.00ns)   --->   "%zext_ln415_121 = zext i1 %tmp_358 to i7" [firmware/nnet_utils/nnet_activation_stream.h:52]   --->   Operation 640 'zext' 'zext_ln415_121' <Predicate = (!icmp_ln41)> <Delay = 0.00>
ST_3 : Operation 641 [1/1] (1.91ns)   --->   "%add_ln415_87 = add i8 %trunc_ln708_84, %zext_ln415_87" [firmware/nnet_utils/nnet_activation_stream.h:52]   --->   Operation 641 'add' 'add_ln415_87' <Predicate = (!icmp_ln41)> <Delay = 1.91> <Core = "AddSub">   --->   Core 14 'AddSub' <Latency = 0> <II = 1> <Delay = 1.87> <FuncUnit> <Opcode : 'add' 'sub'> <InPorts = 2> <OutPorts = 1>
ST_3 : Operation 642 [1/1] (1.87ns)   --->   "%add_ln416_87 = add i7 %trunc_ln415_87, %zext_ln415_121" [firmware/nnet_utils/nnet_activation_stream.h:52]   --->   Operation 642 'add' 'add_ln416_87' <Predicate = (!icmp_ln41)> <Delay = 1.87> <Core = "AddSub">   --->   Core 14 'AddSub' <Latency = 0> <II = 1> <Delay = 1.87> <FuncUnit> <Opcode : 'add' 'sub'> <InPorts = 2> <OutPorts = 1>
ST_3 : Operation 643 [1/1] (0.00ns) (grouped into LUT with out node select_ln340_25)   --->   "%tmp_359 = call i1 @_ssdm_op_BitSelect.i1.i8.i32(i8 %add_ln415_87, i32 7)" [firmware/nnet_utils/nnet_activation_stream.h:52]   --->   Operation 643 'bitselect' 'tmp_359' <Predicate = (!icmp_ln41)> <Delay = 0.00>
ST_3 : Operation 644 [1/1] (0.00ns) (grouped into LUT with out node select_ln340_25)   --->   "%xor_ln416_87 = xor i1 %tmp_359, true" [firmware/nnet_utils/nnet_activation_stream.h:52]   --->   Operation 644 'xor' 'xor_ln416_87' <Predicate = (!icmp_ln41)> <Delay = 0.00> <Core = "LogicGate">   --->   Core 27 'LogicGate' <Latency = 0> <II = 1> <Delay = 0.97> <FuncUnit> <Opcode : 'and' 'or' 'xor'> <InPorts = 2> <OutPorts = 1>
ST_3 : Operation 645 [1/1] (0.00ns) (grouped into LUT with out node select_ln340_25)   --->   "%and_ln416_87 = and i1 %tmp_357, %xor_ln416_87" [firmware/nnet_utils/nnet_activation_stream.h:52]   --->   Operation 645 'and' 'and_ln416_87' <Predicate = (!icmp_ln41)> <Delay = 0.00> <Core = "LogicGate">   --->   Core 27 'LogicGate' <Latency = 0> <II = 1> <Delay = 0.97> <FuncUnit> <Opcode : 'and' 'or' 'xor'> <InPorts = 2> <OutPorts = 1>
ST_3 : Operation 646 [1/1] (0.00ns) (grouped into LUT with out node select_ln340_25)   --->   "%tmp_360 = call i1 @_ssdm_op_BitSelect.i1.i8.i32(i8 %add_ln415_87, i32 7)" [firmware/nnet_utils/nnet_activation_stream.h:52]   --->   Operation 646 'bitselect' 'tmp_360' <Predicate = (!icmp_ln41)> <Delay = 0.00>
ST_3 : Operation 647 [1/1] (0.00ns)   --->   "%p_Result_12_24 = call i4 @_ssdm_op_PartSelect.i4.i14.i32.i32(i14 %tmp_data_V_25, i32 10, i32 13)" [firmware/nnet_utils/nnet_activation_stream.h:52]   --->   Operation 647 'partselect' 'p_Result_12_24' <Predicate = (!icmp_ln41)> <Delay = 0.00>
ST_3 : Operation 648 [1/1] (1.30ns)   --->   "%icmp_ln879_87 = icmp eq i4 %p_Result_12_24, -1" [firmware/nnet_utils/nnet_activation_stream.h:52]   --->   Operation 648 'icmp' 'icmp_ln879_87' <Predicate = (!icmp_ln41)> <Delay = 1.30> <Core = "Cmp">   --->   Core 25 'Cmp' <Latency = 0> <II = 1> <Delay = 1.30> <FuncUnit> <Opcode : 'icmp'> <InPorts = 2> <OutPorts = 1>
ST_3 : Operation 649 [1/1] (1.30ns)   --->   "%icmp_ln768_87 = icmp eq i4 %p_Result_12_24, 0" [firmware/nnet_utils/nnet_activation_stream.h:52]   --->   Operation 649 'icmp' 'icmp_ln768_87' <Predicate = (!icmp_ln41)> <Delay = 1.30> <Core = "Cmp">   --->   Core 25 'Cmp' <Latency = 0> <II = 1> <Delay = 1.30> <FuncUnit> <Opcode : 'icmp'> <InPorts = 2> <OutPorts = 1>
ST_3 : Operation 650 [1/1] (0.00ns) (grouped into LUT with out node select_ln340_25)   --->   "%select_ln777_87 = select i1 %and_ln416_87, i1 %icmp_ln879_87, i1 %icmp_ln768_87" [firmware/nnet_utils/nnet_activation_stream.h:52]   --->   Operation 650 'select' 'select_ln777_87' <Predicate = (!icmp_ln41)> <Delay = 0.00> <Core = "Sel">   --->   Core 26 'Sel' <Latency = 0> <II = 1> <Delay = 0.99> <FuncUnit> <Opcode : 'select'> <InPorts = 3> <OutPorts = 1>
ST_3 : Operation 651 [1/1] (0.00ns) (grouped into LUT with out node select_ln340_25)   --->   "%xor_ln785_25 = xor i1 %select_ln777_87, true" [firmware/nnet_utils/nnet_activation_stream.h:52]   --->   Operation 651 'xor' 'xor_ln785_25' <Predicate = (!icmp_ln41)> <Delay = 0.00> <Core = "LogicGate">   --->   Core 27 'LogicGate' <Latency = 0> <II = 1> <Delay = 0.97> <FuncUnit> <Opcode : 'and' 'or' 'xor'> <InPorts = 2> <OutPorts = 1>
ST_3 : Operation 652 [1/1] (0.00ns) (grouped into LUT with out node select_ln340_25)   --->   "%or_ln340_25 = or i1 %tmp_360, %xor_ln785_25" [firmware/nnet_utils/nnet_activation_stream.h:52]   --->   Operation 652 'or' 'or_ln340_25' <Predicate = (!icmp_ln41)> <Delay = 0.00> <Core = "LogicGate">   --->   Core 27 'LogicGate' <Latency = 0> <II = 1> <Delay = 0.97> <FuncUnit> <Opcode : 'and' 'or' 'xor'> <InPorts = 2> <OutPorts = 1>
ST_3 : Operation 653 [1/1] (0.99ns) (out node of the LUT)   --->   "%select_ln340_25 = select i1 %or_ln340_25, i7 -1, i7 %add_ln416_87" [firmware/nnet_utils/nnet_activation_stream.h:52]   --->   Operation 653 'select' 'select_ln340_25' <Predicate = (!icmp_ln41)> <Delay = 0.99> <Core = "Sel">   --->   Core 26 'Sel' <Latency = 0> <II = 1> <Delay = 0.99> <FuncUnit> <Opcode : 'select'> <InPorts = 3> <OutPorts = 1>
ST_3 : Operation 654 [1/1] (0.99ns) (out node of the LUT)   --->   "%tmp_data_25_V = select i1 %icmp_ln1494_25, i7 %select_ln340_25, i7 0" [firmware/nnet_utils/nnet_activation_stream.h:51]   --->   Operation 654 'select' 'tmp_data_25_V' <Predicate = (!icmp_ln41)> <Delay = 0.99> <Core = "Sel">   --->   Core 26 'Sel' <Latency = 0> <II = 1> <Delay = 0.99> <FuncUnit> <Opcode : 'select'> <InPorts = 3> <OutPorts = 1>
ST_3 : Operation 655 [1/1] (2.20ns)   --->   "%icmp_ln1494_26 = icmp sgt i14 %tmp_data_V_26, 0" [firmware/nnet_utils/nnet_activation_stream.h:51]   --->   Operation 655 'icmp' 'icmp_ln1494_26' <Predicate = (!icmp_ln41)> <Delay = 2.20> <Core = "Cmp">   --->   Core 25 'Cmp' <Latency = 0> <II = 1> <Delay = 1.30> <FuncUnit> <Opcode : 'icmp'> <InPorts = 2> <OutPorts = 1>
ST_3 : Operation 656 [1/1] (0.00ns)   --->   "%trunc_ln708_85 = call i8 @_ssdm_op_PartSelect.i8.i14.i32.i32(i14 %tmp_data_V_26, i32 2, i32 9)" [firmware/nnet_utils/nnet_activation_stream.h:52]   --->   Operation 656 'partselect' 'trunc_ln708_85' <Predicate = (!icmp_ln41)> <Delay = 0.00>
ST_3 : Operation 657 [1/1] (0.00ns) (grouped into LUT with out node select_ln340_26)   --->   "%tmp_361 = call i1 @_ssdm_op_BitSelect.i1.i14.i32(i14 %tmp_data_V_26, i32 9)" [firmware/nnet_utils/nnet_activation_stream.h:52]   --->   Operation 657 'bitselect' 'tmp_361' <Predicate = (!icmp_ln41)> <Delay = 0.00>
ST_3 : Operation 658 [1/1] (0.00ns)   --->   "%tmp_362 = call i1 @_ssdm_op_BitSelect.i1.i14.i32(i14 %tmp_data_V_26, i32 1)" [firmware/nnet_utils/nnet_activation_stream.h:52]   --->   Operation 658 'bitselect' 'tmp_362' <Predicate = (!icmp_ln41)> <Delay = 0.00>
ST_3 : Operation 659 [1/1] (0.00ns)   --->   "%zext_ln415_88 = zext i1 %tmp_362 to i8" [firmware/nnet_utils/nnet_activation_stream.h:52]   --->   Operation 659 'zext' 'zext_ln415_88' <Predicate = (!icmp_ln41)> <Delay = 0.00>
ST_3 : Operation 660 [1/1] (0.00ns)   --->   "%trunc_ln415_88 = call i7 @_ssdm_op_PartSelect.i7.i14.i32.i32(i14 %tmp_data_V_26, i32 2, i32 8)" [firmware/nnet_utils/nnet_activation_stream.h:52]   --->   Operation 660 'partselect' 'trunc_ln415_88' <Predicate = (!icmp_ln41)> <Delay = 0.00>
ST_3 : Operation 661 [1/1] (0.00ns)   --->   "%zext_ln415_122 = zext i1 %tmp_362 to i7" [firmware/nnet_utils/nnet_activation_stream.h:52]   --->   Operation 661 'zext' 'zext_ln415_122' <Predicate = (!icmp_ln41)> <Delay = 0.00>
ST_3 : Operation 662 [1/1] (1.91ns)   --->   "%add_ln415_88 = add i8 %trunc_ln708_85, %zext_ln415_88" [firmware/nnet_utils/nnet_activation_stream.h:52]   --->   Operation 662 'add' 'add_ln415_88' <Predicate = (!icmp_ln41)> <Delay = 1.91> <Core = "AddSub">   --->   Core 14 'AddSub' <Latency = 0> <II = 1> <Delay = 1.87> <FuncUnit> <Opcode : 'add' 'sub'> <InPorts = 2> <OutPorts = 1>
ST_3 : Operation 663 [1/1] (1.87ns)   --->   "%add_ln416_88 = add i7 %trunc_ln415_88, %zext_ln415_122" [firmware/nnet_utils/nnet_activation_stream.h:52]   --->   Operation 663 'add' 'add_ln416_88' <Predicate = (!icmp_ln41)> <Delay = 1.87> <Core = "AddSub">   --->   Core 14 'AddSub' <Latency = 0> <II = 1> <Delay = 1.87> <FuncUnit> <Opcode : 'add' 'sub'> <InPorts = 2> <OutPorts = 1>
ST_3 : Operation 664 [1/1] (0.00ns) (grouped into LUT with out node select_ln340_26)   --->   "%tmp_363 = call i1 @_ssdm_op_BitSelect.i1.i8.i32(i8 %add_ln415_88, i32 7)" [firmware/nnet_utils/nnet_activation_stream.h:52]   --->   Operation 664 'bitselect' 'tmp_363' <Predicate = (!icmp_ln41)> <Delay = 0.00>
ST_3 : Operation 665 [1/1] (0.00ns) (grouped into LUT with out node select_ln340_26)   --->   "%xor_ln416_88 = xor i1 %tmp_363, true" [firmware/nnet_utils/nnet_activation_stream.h:52]   --->   Operation 665 'xor' 'xor_ln416_88' <Predicate = (!icmp_ln41)> <Delay = 0.00> <Core = "LogicGate">   --->   Core 27 'LogicGate' <Latency = 0> <II = 1> <Delay = 0.97> <FuncUnit> <Opcode : 'and' 'or' 'xor'> <InPorts = 2> <OutPorts = 1>
ST_3 : Operation 666 [1/1] (0.00ns) (grouped into LUT with out node select_ln340_26)   --->   "%and_ln416_88 = and i1 %tmp_361, %xor_ln416_88" [firmware/nnet_utils/nnet_activation_stream.h:52]   --->   Operation 666 'and' 'and_ln416_88' <Predicate = (!icmp_ln41)> <Delay = 0.00> <Core = "LogicGate">   --->   Core 27 'LogicGate' <Latency = 0> <II = 1> <Delay = 0.97> <FuncUnit> <Opcode : 'and' 'or' 'xor'> <InPorts = 2> <OutPorts = 1>
ST_3 : Operation 667 [1/1] (0.00ns) (grouped into LUT with out node select_ln340_26)   --->   "%tmp_364 = call i1 @_ssdm_op_BitSelect.i1.i8.i32(i8 %add_ln415_88, i32 7)" [firmware/nnet_utils/nnet_activation_stream.h:52]   --->   Operation 667 'bitselect' 'tmp_364' <Predicate = (!icmp_ln41)> <Delay = 0.00>
ST_3 : Operation 668 [1/1] (0.00ns)   --->   "%p_Result_12_25 = call i4 @_ssdm_op_PartSelect.i4.i14.i32.i32(i14 %tmp_data_V_26, i32 10, i32 13)" [firmware/nnet_utils/nnet_activation_stream.h:52]   --->   Operation 668 'partselect' 'p_Result_12_25' <Predicate = (!icmp_ln41)> <Delay = 0.00>
ST_3 : Operation 669 [1/1] (1.30ns)   --->   "%icmp_ln879_88 = icmp eq i4 %p_Result_12_25, -1" [firmware/nnet_utils/nnet_activation_stream.h:52]   --->   Operation 669 'icmp' 'icmp_ln879_88' <Predicate = (!icmp_ln41)> <Delay = 1.30> <Core = "Cmp">   --->   Core 25 'Cmp' <Latency = 0> <II = 1> <Delay = 1.30> <FuncUnit> <Opcode : 'icmp'> <InPorts = 2> <OutPorts = 1>
ST_3 : Operation 670 [1/1] (1.30ns)   --->   "%icmp_ln768_88 = icmp eq i4 %p_Result_12_25, 0" [firmware/nnet_utils/nnet_activation_stream.h:52]   --->   Operation 670 'icmp' 'icmp_ln768_88' <Predicate = (!icmp_ln41)> <Delay = 1.30> <Core = "Cmp">   --->   Core 25 'Cmp' <Latency = 0> <II = 1> <Delay = 1.30> <FuncUnit> <Opcode : 'icmp'> <InPorts = 2> <OutPorts = 1>
ST_3 : Operation 671 [1/1] (0.00ns) (grouped into LUT with out node select_ln340_26)   --->   "%select_ln777_88 = select i1 %and_ln416_88, i1 %icmp_ln879_88, i1 %icmp_ln768_88" [firmware/nnet_utils/nnet_activation_stream.h:52]   --->   Operation 671 'select' 'select_ln777_88' <Predicate = (!icmp_ln41)> <Delay = 0.00> <Core = "Sel">   --->   Core 26 'Sel' <Latency = 0> <II = 1> <Delay = 0.99> <FuncUnit> <Opcode : 'select'> <InPorts = 3> <OutPorts = 1>
ST_3 : Operation 672 [1/1] (0.00ns) (grouped into LUT with out node select_ln340_26)   --->   "%xor_ln785_26 = xor i1 %select_ln777_88, true" [firmware/nnet_utils/nnet_activation_stream.h:52]   --->   Operation 672 'xor' 'xor_ln785_26' <Predicate = (!icmp_ln41)> <Delay = 0.00> <Core = "LogicGate">   --->   Core 27 'LogicGate' <Latency = 0> <II = 1> <Delay = 0.97> <FuncUnit> <Opcode : 'and' 'or' 'xor'> <InPorts = 2> <OutPorts = 1>
ST_3 : Operation 673 [1/1] (0.00ns) (grouped into LUT with out node select_ln340_26)   --->   "%or_ln340_26 = or i1 %tmp_364, %xor_ln785_26" [firmware/nnet_utils/nnet_activation_stream.h:52]   --->   Operation 673 'or' 'or_ln340_26' <Predicate = (!icmp_ln41)> <Delay = 0.00> <Core = "LogicGate">   --->   Core 27 'LogicGate' <Latency = 0> <II = 1> <Delay = 0.97> <FuncUnit> <Opcode : 'and' 'or' 'xor'> <InPorts = 2> <OutPorts = 1>
ST_3 : Operation 674 [1/1] (0.99ns) (out node of the LUT)   --->   "%select_ln340_26 = select i1 %or_ln340_26, i7 -1, i7 %add_ln416_88" [firmware/nnet_utils/nnet_activation_stream.h:52]   --->   Operation 674 'select' 'select_ln340_26' <Predicate = (!icmp_ln41)> <Delay = 0.99> <Core = "Sel">   --->   Core 26 'Sel' <Latency = 0> <II = 1> <Delay = 0.99> <FuncUnit> <Opcode : 'select'> <InPorts = 3> <OutPorts = 1>
ST_3 : Operation 675 [1/1] (0.99ns) (out node of the LUT)   --->   "%tmp_data_26_V = select i1 %icmp_ln1494_26, i7 %select_ln340_26, i7 0" [firmware/nnet_utils/nnet_activation_stream.h:51]   --->   Operation 675 'select' 'tmp_data_26_V' <Predicate = (!icmp_ln41)> <Delay = 0.99> <Core = "Sel">   --->   Core 26 'Sel' <Latency = 0> <II = 1> <Delay = 0.99> <FuncUnit> <Opcode : 'select'> <InPorts = 3> <OutPorts = 1>
ST_3 : Operation 676 [1/1] (2.20ns)   --->   "%icmp_ln1494_27 = icmp sgt i14 %tmp_data_V_27, 0" [firmware/nnet_utils/nnet_activation_stream.h:51]   --->   Operation 676 'icmp' 'icmp_ln1494_27' <Predicate = (!icmp_ln41)> <Delay = 2.20> <Core = "Cmp">   --->   Core 25 'Cmp' <Latency = 0> <II = 1> <Delay = 1.30> <FuncUnit> <Opcode : 'icmp'> <InPorts = 2> <OutPorts = 1>
ST_3 : Operation 677 [1/1] (0.00ns)   --->   "%trunc_ln708_86 = call i8 @_ssdm_op_PartSelect.i8.i14.i32.i32(i14 %tmp_data_V_27, i32 2, i32 9)" [firmware/nnet_utils/nnet_activation_stream.h:52]   --->   Operation 677 'partselect' 'trunc_ln708_86' <Predicate = (!icmp_ln41)> <Delay = 0.00>
ST_3 : Operation 678 [1/1] (0.00ns) (grouped into LUT with out node select_ln340_27)   --->   "%tmp_365 = call i1 @_ssdm_op_BitSelect.i1.i14.i32(i14 %tmp_data_V_27, i32 9)" [firmware/nnet_utils/nnet_activation_stream.h:52]   --->   Operation 678 'bitselect' 'tmp_365' <Predicate = (!icmp_ln41)> <Delay = 0.00>
ST_3 : Operation 679 [1/1] (0.00ns)   --->   "%tmp_366 = call i1 @_ssdm_op_BitSelect.i1.i14.i32(i14 %tmp_data_V_27, i32 1)" [firmware/nnet_utils/nnet_activation_stream.h:52]   --->   Operation 679 'bitselect' 'tmp_366' <Predicate = (!icmp_ln41)> <Delay = 0.00>
ST_3 : Operation 680 [1/1] (0.00ns)   --->   "%zext_ln415_89 = zext i1 %tmp_366 to i8" [firmware/nnet_utils/nnet_activation_stream.h:52]   --->   Operation 680 'zext' 'zext_ln415_89' <Predicate = (!icmp_ln41)> <Delay = 0.00>
ST_3 : Operation 681 [1/1] (0.00ns)   --->   "%trunc_ln415_89 = call i7 @_ssdm_op_PartSelect.i7.i14.i32.i32(i14 %tmp_data_V_27, i32 2, i32 8)" [firmware/nnet_utils/nnet_activation_stream.h:52]   --->   Operation 681 'partselect' 'trunc_ln415_89' <Predicate = (!icmp_ln41)> <Delay = 0.00>
ST_3 : Operation 682 [1/1] (0.00ns)   --->   "%zext_ln415_123 = zext i1 %tmp_366 to i7" [firmware/nnet_utils/nnet_activation_stream.h:52]   --->   Operation 682 'zext' 'zext_ln415_123' <Predicate = (!icmp_ln41)> <Delay = 0.00>
ST_3 : Operation 683 [1/1] (1.91ns)   --->   "%add_ln415_89 = add i8 %trunc_ln708_86, %zext_ln415_89" [firmware/nnet_utils/nnet_activation_stream.h:52]   --->   Operation 683 'add' 'add_ln415_89' <Predicate = (!icmp_ln41)> <Delay = 1.91> <Core = "AddSub">   --->   Core 14 'AddSub' <Latency = 0> <II = 1> <Delay = 1.87> <FuncUnit> <Opcode : 'add' 'sub'> <InPorts = 2> <OutPorts = 1>
ST_3 : Operation 684 [1/1] (1.87ns)   --->   "%add_ln416_89 = add i7 %trunc_ln415_89, %zext_ln415_123" [firmware/nnet_utils/nnet_activation_stream.h:52]   --->   Operation 684 'add' 'add_ln416_89' <Predicate = (!icmp_ln41)> <Delay = 1.87> <Core = "AddSub">   --->   Core 14 'AddSub' <Latency = 0> <II = 1> <Delay = 1.87> <FuncUnit> <Opcode : 'add' 'sub'> <InPorts = 2> <OutPorts = 1>
ST_3 : Operation 685 [1/1] (0.00ns) (grouped into LUT with out node select_ln340_27)   --->   "%tmp_367 = call i1 @_ssdm_op_BitSelect.i1.i8.i32(i8 %add_ln415_89, i32 7)" [firmware/nnet_utils/nnet_activation_stream.h:52]   --->   Operation 685 'bitselect' 'tmp_367' <Predicate = (!icmp_ln41)> <Delay = 0.00>
ST_3 : Operation 686 [1/1] (0.00ns) (grouped into LUT with out node select_ln340_27)   --->   "%xor_ln416_89 = xor i1 %tmp_367, true" [firmware/nnet_utils/nnet_activation_stream.h:52]   --->   Operation 686 'xor' 'xor_ln416_89' <Predicate = (!icmp_ln41)> <Delay = 0.00> <Core = "LogicGate">   --->   Core 27 'LogicGate' <Latency = 0> <II = 1> <Delay = 0.97> <FuncUnit> <Opcode : 'and' 'or' 'xor'> <InPorts = 2> <OutPorts = 1>
ST_3 : Operation 687 [1/1] (0.00ns) (grouped into LUT with out node select_ln340_27)   --->   "%and_ln416_89 = and i1 %tmp_365, %xor_ln416_89" [firmware/nnet_utils/nnet_activation_stream.h:52]   --->   Operation 687 'and' 'and_ln416_89' <Predicate = (!icmp_ln41)> <Delay = 0.00> <Core = "LogicGate">   --->   Core 27 'LogicGate' <Latency = 0> <II = 1> <Delay = 0.97> <FuncUnit> <Opcode : 'and' 'or' 'xor'> <InPorts = 2> <OutPorts = 1>
ST_3 : Operation 688 [1/1] (0.00ns) (grouped into LUT with out node select_ln340_27)   --->   "%tmp_368 = call i1 @_ssdm_op_BitSelect.i1.i8.i32(i8 %add_ln415_89, i32 7)" [firmware/nnet_utils/nnet_activation_stream.h:52]   --->   Operation 688 'bitselect' 'tmp_368' <Predicate = (!icmp_ln41)> <Delay = 0.00>
ST_3 : Operation 689 [1/1] (0.00ns)   --->   "%p_Result_12_26 = call i4 @_ssdm_op_PartSelect.i4.i14.i32.i32(i14 %tmp_data_V_27, i32 10, i32 13)" [firmware/nnet_utils/nnet_activation_stream.h:52]   --->   Operation 689 'partselect' 'p_Result_12_26' <Predicate = (!icmp_ln41)> <Delay = 0.00>
ST_3 : Operation 690 [1/1] (1.30ns)   --->   "%icmp_ln879_89 = icmp eq i4 %p_Result_12_26, -1" [firmware/nnet_utils/nnet_activation_stream.h:52]   --->   Operation 690 'icmp' 'icmp_ln879_89' <Predicate = (!icmp_ln41)> <Delay = 1.30> <Core = "Cmp">   --->   Core 25 'Cmp' <Latency = 0> <II = 1> <Delay = 1.30> <FuncUnit> <Opcode : 'icmp'> <InPorts = 2> <OutPorts = 1>
ST_3 : Operation 691 [1/1] (1.30ns)   --->   "%icmp_ln768_89 = icmp eq i4 %p_Result_12_26, 0" [firmware/nnet_utils/nnet_activation_stream.h:52]   --->   Operation 691 'icmp' 'icmp_ln768_89' <Predicate = (!icmp_ln41)> <Delay = 1.30> <Core = "Cmp">   --->   Core 25 'Cmp' <Latency = 0> <II = 1> <Delay = 1.30> <FuncUnit> <Opcode : 'icmp'> <InPorts = 2> <OutPorts = 1>
ST_3 : Operation 692 [1/1] (0.00ns) (grouped into LUT with out node select_ln340_27)   --->   "%select_ln777_89 = select i1 %and_ln416_89, i1 %icmp_ln879_89, i1 %icmp_ln768_89" [firmware/nnet_utils/nnet_activation_stream.h:52]   --->   Operation 692 'select' 'select_ln777_89' <Predicate = (!icmp_ln41)> <Delay = 0.00> <Core = "Sel">   --->   Core 26 'Sel' <Latency = 0> <II = 1> <Delay = 0.99> <FuncUnit> <Opcode : 'select'> <InPorts = 3> <OutPorts = 1>
ST_3 : Operation 693 [1/1] (0.00ns) (grouped into LUT with out node select_ln340_27)   --->   "%xor_ln785_27 = xor i1 %select_ln777_89, true" [firmware/nnet_utils/nnet_activation_stream.h:52]   --->   Operation 693 'xor' 'xor_ln785_27' <Predicate = (!icmp_ln41)> <Delay = 0.00> <Core = "LogicGate">   --->   Core 27 'LogicGate' <Latency = 0> <II = 1> <Delay = 0.97> <FuncUnit> <Opcode : 'and' 'or' 'xor'> <InPorts = 2> <OutPorts = 1>
ST_3 : Operation 694 [1/1] (0.00ns) (grouped into LUT with out node select_ln340_27)   --->   "%or_ln340_27 = or i1 %tmp_368, %xor_ln785_27" [firmware/nnet_utils/nnet_activation_stream.h:52]   --->   Operation 694 'or' 'or_ln340_27' <Predicate = (!icmp_ln41)> <Delay = 0.00> <Core = "LogicGate">   --->   Core 27 'LogicGate' <Latency = 0> <II = 1> <Delay = 0.97> <FuncUnit> <Opcode : 'and' 'or' 'xor'> <InPorts = 2> <OutPorts = 1>
ST_3 : Operation 695 [1/1] (0.99ns) (out node of the LUT)   --->   "%select_ln340_27 = select i1 %or_ln340_27, i7 -1, i7 %add_ln416_89" [firmware/nnet_utils/nnet_activation_stream.h:52]   --->   Operation 695 'select' 'select_ln340_27' <Predicate = (!icmp_ln41)> <Delay = 0.99> <Core = "Sel">   --->   Core 26 'Sel' <Latency = 0> <II = 1> <Delay = 0.99> <FuncUnit> <Opcode : 'select'> <InPorts = 3> <OutPorts = 1>
ST_3 : Operation 696 [1/1] (0.99ns) (out node of the LUT)   --->   "%tmp_data_27_V = select i1 %icmp_ln1494_27, i7 %select_ln340_27, i7 0" [firmware/nnet_utils/nnet_activation_stream.h:51]   --->   Operation 696 'select' 'tmp_data_27_V' <Predicate = (!icmp_ln41)> <Delay = 0.99> <Core = "Sel">   --->   Core 26 'Sel' <Latency = 0> <II = 1> <Delay = 0.99> <FuncUnit> <Opcode : 'select'> <InPorts = 3> <OutPorts = 1>
ST_3 : Operation 697 [1/1] (2.20ns)   --->   "%icmp_ln1494_28 = icmp sgt i14 %tmp_data_V_28, 0" [firmware/nnet_utils/nnet_activation_stream.h:51]   --->   Operation 697 'icmp' 'icmp_ln1494_28' <Predicate = (!icmp_ln41)> <Delay = 2.20> <Core = "Cmp">   --->   Core 25 'Cmp' <Latency = 0> <II = 1> <Delay = 1.30> <FuncUnit> <Opcode : 'icmp'> <InPorts = 2> <OutPorts = 1>
ST_3 : Operation 698 [1/1] (0.00ns)   --->   "%trunc_ln708_87 = call i8 @_ssdm_op_PartSelect.i8.i14.i32.i32(i14 %tmp_data_V_28, i32 2, i32 9)" [firmware/nnet_utils/nnet_activation_stream.h:52]   --->   Operation 698 'partselect' 'trunc_ln708_87' <Predicate = (!icmp_ln41)> <Delay = 0.00>
ST_3 : Operation 699 [1/1] (0.00ns) (grouped into LUT with out node select_ln340_28)   --->   "%tmp_369 = call i1 @_ssdm_op_BitSelect.i1.i14.i32(i14 %tmp_data_V_28, i32 9)" [firmware/nnet_utils/nnet_activation_stream.h:52]   --->   Operation 699 'bitselect' 'tmp_369' <Predicate = (!icmp_ln41)> <Delay = 0.00>
ST_3 : Operation 700 [1/1] (0.00ns)   --->   "%tmp_370 = call i1 @_ssdm_op_BitSelect.i1.i14.i32(i14 %tmp_data_V_28, i32 1)" [firmware/nnet_utils/nnet_activation_stream.h:52]   --->   Operation 700 'bitselect' 'tmp_370' <Predicate = (!icmp_ln41)> <Delay = 0.00>
ST_3 : Operation 701 [1/1] (0.00ns)   --->   "%zext_ln415_90 = zext i1 %tmp_370 to i8" [firmware/nnet_utils/nnet_activation_stream.h:52]   --->   Operation 701 'zext' 'zext_ln415_90' <Predicate = (!icmp_ln41)> <Delay = 0.00>
ST_3 : Operation 702 [1/1] (0.00ns)   --->   "%trunc_ln415_90 = call i7 @_ssdm_op_PartSelect.i7.i14.i32.i32(i14 %tmp_data_V_28, i32 2, i32 8)" [firmware/nnet_utils/nnet_activation_stream.h:52]   --->   Operation 702 'partselect' 'trunc_ln415_90' <Predicate = (!icmp_ln41)> <Delay = 0.00>
ST_3 : Operation 703 [1/1] (0.00ns)   --->   "%zext_ln415_124 = zext i1 %tmp_370 to i7" [firmware/nnet_utils/nnet_activation_stream.h:52]   --->   Operation 703 'zext' 'zext_ln415_124' <Predicate = (!icmp_ln41)> <Delay = 0.00>
ST_3 : Operation 704 [1/1] (1.91ns)   --->   "%add_ln415_90 = add i8 %trunc_ln708_87, %zext_ln415_90" [firmware/nnet_utils/nnet_activation_stream.h:52]   --->   Operation 704 'add' 'add_ln415_90' <Predicate = (!icmp_ln41)> <Delay = 1.91> <Core = "AddSub">   --->   Core 14 'AddSub' <Latency = 0> <II = 1> <Delay = 1.87> <FuncUnit> <Opcode : 'add' 'sub'> <InPorts = 2> <OutPorts = 1>
ST_3 : Operation 705 [1/1] (1.87ns)   --->   "%add_ln416_90 = add i7 %trunc_ln415_90, %zext_ln415_124" [firmware/nnet_utils/nnet_activation_stream.h:52]   --->   Operation 705 'add' 'add_ln416_90' <Predicate = (!icmp_ln41)> <Delay = 1.87> <Core = "AddSub">   --->   Core 14 'AddSub' <Latency = 0> <II = 1> <Delay = 1.87> <FuncUnit> <Opcode : 'add' 'sub'> <InPorts = 2> <OutPorts = 1>
ST_3 : Operation 706 [1/1] (0.00ns) (grouped into LUT with out node select_ln340_28)   --->   "%tmp_371 = call i1 @_ssdm_op_BitSelect.i1.i8.i32(i8 %add_ln415_90, i32 7)" [firmware/nnet_utils/nnet_activation_stream.h:52]   --->   Operation 706 'bitselect' 'tmp_371' <Predicate = (!icmp_ln41)> <Delay = 0.00>
ST_3 : Operation 707 [1/1] (0.00ns) (grouped into LUT with out node select_ln340_28)   --->   "%xor_ln416_90 = xor i1 %tmp_371, true" [firmware/nnet_utils/nnet_activation_stream.h:52]   --->   Operation 707 'xor' 'xor_ln416_90' <Predicate = (!icmp_ln41)> <Delay = 0.00> <Core = "LogicGate">   --->   Core 27 'LogicGate' <Latency = 0> <II = 1> <Delay = 0.97> <FuncUnit> <Opcode : 'and' 'or' 'xor'> <InPorts = 2> <OutPorts = 1>
ST_3 : Operation 708 [1/1] (0.00ns) (grouped into LUT with out node select_ln340_28)   --->   "%and_ln416_90 = and i1 %tmp_369, %xor_ln416_90" [firmware/nnet_utils/nnet_activation_stream.h:52]   --->   Operation 708 'and' 'and_ln416_90' <Predicate = (!icmp_ln41)> <Delay = 0.00> <Core = "LogicGate">   --->   Core 27 'LogicGate' <Latency = 0> <II = 1> <Delay = 0.97> <FuncUnit> <Opcode : 'and' 'or' 'xor'> <InPorts = 2> <OutPorts = 1>
ST_3 : Operation 709 [1/1] (0.00ns) (grouped into LUT with out node select_ln340_28)   --->   "%tmp_372 = call i1 @_ssdm_op_BitSelect.i1.i8.i32(i8 %add_ln415_90, i32 7)" [firmware/nnet_utils/nnet_activation_stream.h:52]   --->   Operation 709 'bitselect' 'tmp_372' <Predicate = (!icmp_ln41)> <Delay = 0.00>
ST_3 : Operation 710 [1/1] (0.00ns)   --->   "%p_Result_12_27 = call i4 @_ssdm_op_PartSelect.i4.i14.i32.i32(i14 %tmp_data_V_28, i32 10, i32 13)" [firmware/nnet_utils/nnet_activation_stream.h:52]   --->   Operation 710 'partselect' 'p_Result_12_27' <Predicate = (!icmp_ln41)> <Delay = 0.00>
ST_3 : Operation 711 [1/1] (1.30ns)   --->   "%icmp_ln879_90 = icmp eq i4 %p_Result_12_27, -1" [firmware/nnet_utils/nnet_activation_stream.h:52]   --->   Operation 711 'icmp' 'icmp_ln879_90' <Predicate = (!icmp_ln41)> <Delay = 1.30> <Core = "Cmp">   --->   Core 25 'Cmp' <Latency = 0> <II = 1> <Delay = 1.30> <FuncUnit> <Opcode : 'icmp'> <InPorts = 2> <OutPorts = 1>
ST_3 : Operation 712 [1/1] (1.30ns)   --->   "%icmp_ln768_90 = icmp eq i4 %p_Result_12_27, 0" [firmware/nnet_utils/nnet_activation_stream.h:52]   --->   Operation 712 'icmp' 'icmp_ln768_90' <Predicate = (!icmp_ln41)> <Delay = 1.30> <Core = "Cmp">   --->   Core 25 'Cmp' <Latency = 0> <II = 1> <Delay = 1.30> <FuncUnit> <Opcode : 'icmp'> <InPorts = 2> <OutPorts = 1>
ST_3 : Operation 713 [1/1] (0.00ns) (grouped into LUT with out node select_ln340_28)   --->   "%select_ln777_90 = select i1 %and_ln416_90, i1 %icmp_ln879_90, i1 %icmp_ln768_90" [firmware/nnet_utils/nnet_activation_stream.h:52]   --->   Operation 713 'select' 'select_ln777_90' <Predicate = (!icmp_ln41)> <Delay = 0.00> <Core = "Sel">   --->   Core 26 'Sel' <Latency = 0> <II = 1> <Delay = 0.99> <FuncUnit> <Opcode : 'select'> <InPorts = 3> <OutPorts = 1>
ST_3 : Operation 714 [1/1] (0.00ns) (grouped into LUT with out node select_ln340_28)   --->   "%xor_ln785_28 = xor i1 %select_ln777_90, true" [firmware/nnet_utils/nnet_activation_stream.h:52]   --->   Operation 714 'xor' 'xor_ln785_28' <Predicate = (!icmp_ln41)> <Delay = 0.00> <Core = "LogicGate">   --->   Core 27 'LogicGate' <Latency = 0> <II = 1> <Delay = 0.97> <FuncUnit> <Opcode : 'and' 'or' 'xor'> <InPorts = 2> <OutPorts = 1>
ST_3 : Operation 715 [1/1] (0.00ns) (grouped into LUT with out node select_ln340_28)   --->   "%or_ln340_28 = or i1 %tmp_372, %xor_ln785_28" [firmware/nnet_utils/nnet_activation_stream.h:52]   --->   Operation 715 'or' 'or_ln340_28' <Predicate = (!icmp_ln41)> <Delay = 0.00> <Core = "LogicGate">   --->   Core 27 'LogicGate' <Latency = 0> <II = 1> <Delay = 0.97> <FuncUnit> <Opcode : 'and' 'or' 'xor'> <InPorts = 2> <OutPorts = 1>
ST_3 : Operation 716 [1/1] (0.99ns) (out node of the LUT)   --->   "%select_ln340_28 = select i1 %or_ln340_28, i7 -1, i7 %add_ln416_90" [firmware/nnet_utils/nnet_activation_stream.h:52]   --->   Operation 716 'select' 'select_ln340_28' <Predicate = (!icmp_ln41)> <Delay = 0.99> <Core = "Sel">   --->   Core 26 'Sel' <Latency = 0> <II = 1> <Delay = 0.99> <FuncUnit> <Opcode : 'select'> <InPorts = 3> <OutPorts = 1>
ST_3 : Operation 717 [1/1] (0.99ns) (out node of the LUT)   --->   "%tmp_data_28_V = select i1 %icmp_ln1494_28, i7 %select_ln340_28, i7 0" [firmware/nnet_utils/nnet_activation_stream.h:51]   --->   Operation 717 'select' 'tmp_data_28_V' <Predicate = (!icmp_ln41)> <Delay = 0.99> <Core = "Sel">   --->   Core 26 'Sel' <Latency = 0> <II = 1> <Delay = 0.99> <FuncUnit> <Opcode : 'select'> <InPorts = 3> <OutPorts = 1>
ST_3 : Operation 718 [1/1] (2.20ns)   --->   "%icmp_ln1494_29 = icmp sgt i14 %tmp_data_V_29, 0" [firmware/nnet_utils/nnet_activation_stream.h:51]   --->   Operation 718 'icmp' 'icmp_ln1494_29' <Predicate = (!icmp_ln41)> <Delay = 2.20> <Core = "Cmp">   --->   Core 25 'Cmp' <Latency = 0> <II = 1> <Delay = 1.30> <FuncUnit> <Opcode : 'icmp'> <InPorts = 2> <OutPorts = 1>
ST_3 : Operation 719 [1/1] (0.00ns)   --->   "%trunc_ln708_88 = call i8 @_ssdm_op_PartSelect.i8.i14.i32.i32(i14 %tmp_data_V_29, i32 2, i32 9)" [firmware/nnet_utils/nnet_activation_stream.h:52]   --->   Operation 719 'partselect' 'trunc_ln708_88' <Predicate = (!icmp_ln41)> <Delay = 0.00>
ST_3 : Operation 720 [1/1] (0.00ns) (grouped into LUT with out node select_ln340_29)   --->   "%tmp_373 = call i1 @_ssdm_op_BitSelect.i1.i14.i32(i14 %tmp_data_V_29, i32 9)" [firmware/nnet_utils/nnet_activation_stream.h:52]   --->   Operation 720 'bitselect' 'tmp_373' <Predicate = (!icmp_ln41)> <Delay = 0.00>
ST_3 : Operation 721 [1/1] (0.00ns)   --->   "%tmp_374 = call i1 @_ssdm_op_BitSelect.i1.i14.i32(i14 %tmp_data_V_29, i32 1)" [firmware/nnet_utils/nnet_activation_stream.h:52]   --->   Operation 721 'bitselect' 'tmp_374' <Predicate = (!icmp_ln41)> <Delay = 0.00>
ST_3 : Operation 722 [1/1] (0.00ns)   --->   "%zext_ln415_91 = zext i1 %tmp_374 to i8" [firmware/nnet_utils/nnet_activation_stream.h:52]   --->   Operation 722 'zext' 'zext_ln415_91' <Predicate = (!icmp_ln41)> <Delay = 0.00>
ST_3 : Operation 723 [1/1] (0.00ns)   --->   "%trunc_ln415_91 = call i7 @_ssdm_op_PartSelect.i7.i14.i32.i32(i14 %tmp_data_V_29, i32 2, i32 8)" [firmware/nnet_utils/nnet_activation_stream.h:52]   --->   Operation 723 'partselect' 'trunc_ln415_91' <Predicate = (!icmp_ln41)> <Delay = 0.00>
ST_3 : Operation 724 [1/1] (0.00ns)   --->   "%zext_ln415_125 = zext i1 %tmp_374 to i7" [firmware/nnet_utils/nnet_activation_stream.h:52]   --->   Operation 724 'zext' 'zext_ln415_125' <Predicate = (!icmp_ln41)> <Delay = 0.00>
ST_3 : Operation 725 [1/1] (1.91ns)   --->   "%add_ln415_91 = add i8 %trunc_ln708_88, %zext_ln415_91" [firmware/nnet_utils/nnet_activation_stream.h:52]   --->   Operation 725 'add' 'add_ln415_91' <Predicate = (!icmp_ln41)> <Delay = 1.91> <Core = "AddSub">   --->   Core 14 'AddSub' <Latency = 0> <II = 1> <Delay = 1.87> <FuncUnit> <Opcode : 'add' 'sub'> <InPorts = 2> <OutPorts = 1>
ST_3 : Operation 726 [1/1] (1.87ns)   --->   "%add_ln416_91 = add i7 %trunc_ln415_91, %zext_ln415_125" [firmware/nnet_utils/nnet_activation_stream.h:52]   --->   Operation 726 'add' 'add_ln416_91' <Predicate = (!icmp_ln41)> <Delay = 1.87> <Core = "AddSub">   --->   Core 14 'AddSub' <Latency = 0> <II = 1> <Delay = 1.87> <FuncUnit> <Opcode : 'add' 'sub'> <InPorts = 2> <OutPorts = 1>
ST_3 : Operation 727 [1/1] (0.00ns) (grouped into LUT with out node select_ln340_29)   --->   "%tmp_375 = call i1 @_ssdm_op_BitSelect.i1.i8.i32(i8 %add_ln415_91, i32 7)" [firmware/nnet_utils/nnet_activation_stream.h:52]   --->   Operation 727 'bitselect' 'tmp_375' <Predicate = (!icmp_ln41)> <Delay = 0.00>
ST_3 : Operation 728 [1/1] (0.00ns) (grouped into LUT with out node select_ln340_29)   --->   "%xor_ln416_91 = xor i1 %tmp_375, true" [firmware/nnet_utils/nnet_activation_stream.h:52]   --->   Operation 728 'xor' 'xor_ln416_91' <Predicate = (!icmp_ln41)> <Delay = 0.00> <Core = "LogicGate">   --->   Core 27 'LogicGate' <Latency = 0> <II = 1> <Delay = 0.97> <FuncUnit> <Opcode : 'and' 'or' 'xor'> <InPorts = 2> <OutPorts = 1>
ST_3 : Operation 729 [1/1] (0.00ns) (grouped into LUT with out node select_ln340_29)   --->   "%and_ln416_91 = and i1 %tmp_373, %xor_ln416_91" [firmware/nnet_utils/nnet_activation_stream.h:52]   --->   Operation 729 'and' 'and_ln416_91' <Predicate = (!icmp_ln41)> <Delay = 0.00> <Core = "LogicGate">   --->   Core 27 'LogicGate' <Latency = 0> <II = 1> <Delay = 0.97> <FuncUnit> <Opcode : 'and' 'or' 'xor'> <InPorts = 2> <OutPorts = 1>
ST_3 : Operation 730 [1/1] (0.00ns) (grouped into LUT with out node select_ln340_29)   --->   "%tmp_376 = call i1 @_ssdm_op_BitSelect.i1.i8.i32(i8 %add_ln415_91, i32 7)" [firmware/nnet_utils/nnet_activation_stream.h:52]   --->   Operation 730 'bitselect' 'tmp_376' <Predicate = (!icmp_ln41)> <Delay = 0.00>
ST_3 : Operation 731 [1/1] (0.00ns)   --->   "%p_Result_12_28 = call i4 @_ssdm_op_PartSelect.i4.i14.i32.i32(i14 %tmp_data_V_29, i32 10, i32 13)" [firmware/nnet_utils/nnet_activation_stream.h:52]   --->   Operation 731 'partselect' 'p_Result_12_28' <Predicate = (!icmp_ln41)> <Delay = 0.00>
ST_3 : Operation 732 [1/1] (1.30ns)   --->   "%icmp_ln879_91 = icmp eq i4 %p_Result_12_28, -1" [firmware/nnet_utils/nnet_activation_stream.h:52]   --->   Operation 732 'icmp' 'icmp_ln879_91' <Predicate = (!icmp_ln41)> <Delay = 1.30> <Core = "Cmp">   --->   Core 25 'Cmp' <Latency = 0> <II = 1> <Delay = 1.30> <FuncUnit> <Opcode : 'icmp'> <InPorts = 2> <OutPorts = 1>
ST_3 : Operation 733 [1/1] (1.30ns)   --->   "%icmp_ln768_91 = icmp eq i4 %p_Result_12_28, 0" [firmware/nnet_utils/nnet_activation_stream.h:52]   --->   Operation 733 'icmp' 'icmp_ln768_91' <Predicate = (!icmp_ln41)> <Delay = 1.30> <Core = "Cmp">   --->   Core 25 'Cmp' <Latency = 0> <II = 1> <Delay = 1.30> <FuncUnit> <Opcode : 'icmp'> <InPorts = 2> <OutPorts = 1>
ST_3 : Operation 734 [1/1] (0.00ns) (grouped into LUT with out node select_ln340_29)   --->   "%select_ln777_91 = select i1 %and_ln416_91, i1 %icmp_ln879_91, i1 %icmp_ln768_91" [firmware/nnet_utils/nnet_activation_stream.h:52]   --->   Operation 734 'select' 'select_ln777_91' <Predicate = (!icmp_ln41)> <Delay = 0.00> <Core = "Sel">   --->   Core 26 'Sel' <Latency = 0> <II = 1> <Delay = 0.99> <FuncUnit> <Opcode : 'select'> <InPorts = 3> <OutPorts = 1>
ST_3 : Operation 735 [1/1] (0.00ns) (grouped into LUT with out node select_ln340_29)   --->   "%xor_ln785_29 = xor i1 %select_ln777_91, true" [firmware/nnet_utils/nnet_activation_stream.h:52]   --->   Operation 735 'xor' 'xor_ln785_29' <Predicate = (!icmp_ln41)> <Delay = 0.00> <Core = "LogicGate">   --->   Core 27 'LogicGate' <Latency = 0> <II = 1> <Delay = 0.97> <FuncUnit> <Opcode : 'and' 'or' 'xor'> <InPorts = 2> <OutPorts = 1>
ST_3 : Operation 736 [1/1] (0.00ns) (grouped into LUT with out node select_ln340_29)   --->   "%or_ln340_29 = or i1 %tmp_376, %xor_ln785_29" [firmware/nnet_utils/nnet_activation_stream.h:52]   --->   Operation 736 'or' 'or_ln340_29' <Predicate = (!icmp_ln41)> <Delay = 0.00> <Core = "LogicGate">   --->   Core 27 'LogicGate' <Latency = 0> <II = 1> <Delay = 0.97> <FuncUnit> <Opcode : 'and' 'or' 'xor'> <InPorts = 2> <OutPorts = 1>
ST_3 : Operation 737 [1/1] (0.99ns) (out node of the LUT)   --->   "%select_ln340_29 = select i1 %or_ln340_29, i7 -1, i7 %add_ln416_91" [firmware/nnet_utils/nnet_activation_stream.h:52]   --->   Operation 737 'select' 'select_ln340_29' <Predicate = (!icmp_ln41)> <Delay = 0.99> <Core = "Sel">   --->   Core 26 'Sel' <Latency = 0> <II = 1> <Delay = 0.99> <FuncUnit> <Opcode : 'select'> <InPorts = 3> <OutPorts = 1>
ST_3 : Operation 738 [1/1] (0.99ns) (out node of the LUT)   --->   "%tmp_data_29_V = select i1 %icmp_ln1494_29, i7 %select_ln340_29, i7 0" [firmware/nnet_utils/nnet_activation_stream.h:51]   --->   Operation 738 'select' 'tmp_data_29_V' <Predicate = (!icmp_ln41)> <Delay = 0.99> <Core = "Sel">   --->   Core 26 'Sel' <Latency = 0> <II = 1> <Delay = 0.99> <FuncUnit> <Opcode : 'select'> <InPorts = 3> <OutPorts = 1>
ST_3 : Operation 739 [1/1] (2.20ns)   --->   "%icmp_ln1494_30 = icmp sgt i14 %tmp_data_V_30, 0" [firmware/nnet_utils/nnet_activation_stream.h:51]   --->   Operation 739 'icmp' 'icmp_ln1494_30' <Predicate = (!icmp_ln41)> <Delay = 2.20> <Core = "Cmp">   --->   Core 25 'Cmp' <Latency = 0> <II = 1> <Delay = 1.30> <FuncUnit> <Opcode : 'icmp'> <InPorts = 2> <OutPorts = 1>
ST_3 : Operation 740 [1/1] (0.00ns)   --->   "%trunc_ln708_89 = call i8 @_ssdm_op_PartSelect.i8.i14.i32.i32(i14 %tmp_data_V_30, i32 2, i32 9)" [firmware/nnet_utils/nnet_activation_stream.h:52]   --->   Operation 740 'partselect' 'trunc_ln708_89' <Predicate = (!icmp_ln41)> <Delay = 0.00>
ST_3 : Operation 741 [1/1] (0.00ns) (grouped into LUT with out node select_ln340_30)   --->   "%tmp_377 = call i1 @_ssdm_op_BitSelect.i1.i14.i32(i14 %tmp_data_V_30, i32 9)" [firmware/nnet_utils/nnet_activation_stream.h:52]   --->   Operation 741 'bitselect' 'tmp_377' <Predicate = (!icmp_ln41)> <Delay = 0.00>
ST_3 : Operation 742 [1/1] (0.00ns)   --->   "%tmp_378 = call i1 @_ssdm_op_BitSelect.i1.i14.i32(i14 %tmp_data_V_30, i32 1)" [firmware/nnet_utils/nnet_activation_stream.h:52]   --->   Operation 742 'bitselect' 'tmp_378' <Predicate = (!icmp_ln41)> <Delay = 0.00>
ST_3 : Operation 743 [1/1] (0.00ns)   --->   "%zext_ln415_92 = zext i1 %tmp_378 to i8" [firmware/nnet_utils/nnet_activation_stream.h:52]   --->   Operation 743 'zext' 'zext_ln415_92' <Predicate = (!icmp_ln41)> <Delay = 0.00>
ST_3 : Operation 744 [1/1] (0.00ns)   --->   "%trunc_ln415_92 = call i7 @_ssdm_op_PartSelect.i7.i14.i32.i32(i14 %tmp_data_V_30, i32 2, i32 8)" [firmware/nnet_utils/nnet_activation_stream.h:52]   --->   Operation 744 'partselect' 'trunc_ln415_92' <Predicate = (!icmp_ln41)> <Delay = 0.00>
ST_3 : Operation 745 [1/1] (0.00ns)   --->   "%zext_ln415_126 = zext i1 %tmp_378 to i7" [firmware/nnet_utils/nnet_activation_stream.h:52]   --->   Operation 745 'zext' 'zext_ln415_126' <Predicate = (!icmp_ln41)> <Delay = 0.00>
ST_3 : Operation 746 [1/1] (1.91ns)   --->   "%add_ln415_92 = add i8 %trunc_ln708_89, %zext_ln415_92" [firmware/nnet_utils/nnet_activation_stream.h:52]   --->   Operation 746 'add' 'add_ln415_92' <Predicate = (!icmp_ln41)> <Delay = 1.91> <Core = "AddSub">   --->   Core 14 'AddSub' <Latency = 0> <II = 1> <Delay = 1.87> <FuncUnit> <Opcode : 'add' 'sub'> <InPorts = 2> <OutPorts = 1>
ST_3 : Operation 747 [1/1] (1.87ns)   --->   "%add_ln416_92 = add i7 %trunc_ln415_92, %zext_ln415_126" [firmware/nnet_utils/nnet_activation_stream.h:52]   --->   Operation 747 'add' 'add_ln416_92' <Predicate = (!icmp_ln41)> <Delay = 1.87> <Core = "AddSub">   --->   Core 14 'AddSub' <Latency = 0> <II = 1> <Delay = 1.87> <FuncUnit> <Opcode : 'add' 'sub'> <InPorts = 2> <OutPorts = 1>
ST_3 : Operation 748 [1/1] (0.00ns) (grouped into LUT with out node select_ln340_30)   --->   "%tmp_379 = call i1 @_ssdm_op_BitSelect.i1.i8.i32(i8 %add_ln415_92, i32 7)" [firmware/nnet_utils/nnet_activation_stream.h:52]   --->   Operation 748 'bitselect' 'tmp_379' <Predicate = (!icmp_ln41)> <Delay = 0.00>
ST_3 : Operation 749 [1/1] (0.00ns) (grouped into LUT with out node select_ln340_30)   --->   "%xor_ln416_92 = xor i1 %tmp_379, true" [firmware/nnet_utils/nnet_activation_stream.h:52]   --->   Operation 749 'xor' 'xor_ln416_92' <Predicate = (!icmp_ln41)> <Delay = 0.00> <Core = "LogicGate">   --->   Core 27 'LogicGate' <Latency = 0> <II = 1> <Delay = 0.97> <FuncUnit> <Opcode : 'and' 'or' 'xor'> <InPorts = 2> <OutPorts = 1>
ST_3 : Operation 750 [1/1] (0.00ns) (grouped into LUT with out node select_ln340_30)   --->   "%and_ln416_92 = and i1 %tmp_377, %xor_ln416_92" [firmware/nnet_utils/nnet_activation_stream.h:52]   --->   Operation 750 'and' 'and_ln416_92' <Predicate = (!icmp_ln41)> <Delay = 0.00> <Core = "LogicGate">   --->   Core 27 'LogicGate' <Latency = 0> <II = 1> <Delay = 0.97> <FuncUnit> <Opcode : 'and' 'or' 'xor'> <InPorts = 2> <OutPorts = 1>
ST_3 : Operation 751 [1/1] (0.00ns) (grouped into LUT with out node select_ln340_30)   --->   "%tmp_380 = call i1 @_ssdm_op_BitSelect.i1.i8.i32(i8 %add_ln415_92, i32 7)" [firmware/nnet_utils/nnet_activation_stream.h:52]   --->   Operation 751 'bitselect' 'tmp_380' <Predicate = (!icmp_ln41)> <Delay = 0.00>
ST_3 : Operation 752 [1/1] (0.00ns)   --->   "%p_Result_12_29 = call i4 @_ssdm_op_PartSelect.i4.i14.i32.i32(i14 %tmp_data_V_30, i32 10, i32 13)" [firmware/nnet_utils/nnet_activation_stream.h:52]   --->   Operation 752 'partselect' 'p_Result_12_29' <Predicate = (!icmp_ln41)> <Delay = 0.00>
ST_3 : Operation 753 [1/1] (1.30ns)   --->   "%icmp_ln879_92 = icmp eq i4 %p_Result_12_29, -1" [firmware/nnet_utils/nnet_activation_stream.h:52]   --->   Operation 753 'icmp' 'icmp_ln879_92' <Predicate = (!icmp_ln41)> <Delay = 1.30> <Core = "Cmp">   --->   Core 25 'Cmp' <Latency = 0> <II = 1> <Delay = 1.30> <FuncUnit> <Opcode : 'icmp'> <InPorts = 2> <OutPorts = 1>
ST_3 : Operation 754 [1/1] (1.30ns)   --->   "%icmp_ln768_92 = icmp eq i4 %p_Result_12_29, 0" [firmware/nnet_utils/nnet_activation_stream.h:52]   --->   Operation 754 'icmp' 'icmp_ln768_92' <Predicate = (!icmp_ln41)> <Delay = 1.30> <Core = "Cmp">   --->   Core 25 'Cmp' <Latency = 0> <II = 1> <Delay = 1.30> <FuncUnit> <Opcode : 'icmp'> <InPorts = 2> <OutPorts = 1>
ST_3 : Operation 755 [1/1] (0.00ns) (grouped into LUT with out node select_ln340_30)   --->   "%select_ln777_92 = select i1 %and_ln416_92, i1 %icmp_ln879_92, i1 %icmp_ln768_92" [firmware/nnet_utils/nnet_activation_stream.h:52]   --->   Operation 755 'select' 'select_ln777_92' <Predicate = (!icmp_ln41)> <Delay = 0.00> <Core = "Sel">   --->   Core 26 'Sel' <Latency = 0> <II = 1> <Delay = 0.99> <FuncUnit> <Opcode : 'select'> <InPorts = 3> <OutPorts = 1>
ST_3 : Operation 756 [1/1] (0.00ns) (grouped into LUT with out node select_ln340_30)   --->   "%xor_ln785_30 = xor i1 %select_ln777_92, true" [firmware/nnet_utils/nnet_activation_stream.h:52]   --->   Operation 756 'xor' 'xor_ln785_30' <Predicate = (!icmp_ln41)> <Delay = 0.00> <Core = "LogicGate">   --->   Core 27 'LogicGate' <Latency = 0> <II = 1> <Delay = 0.97> <FuncUnit> <Opcode : 'and' 'or' 'xor'> <InPorts = 2> <OutPorts = 1>
ST_3 : Operation 757 [1/1] (0.00ns) (grouped into LUT with out node select_ln340_30)   --->   "%or_ln340_30 = or i1 %tmp_380, %xor_ln785_30" [firmware/nnet_utils/nnet_activation_stream.h:52]   --->   Operation 757 'or' 'or_ln340_30' <Predicate = (!icmp_ln41)> <Delay = 0.00> <Core = "LogicGate">   --->   Core 27 'LogicGate' <Latency = 0> <II = 1> <Delay = 0.97> <FuncUnit> <Opcode : 'and' 'or' 'xor'> <InPorts = 2> <OutPorts = 1>
ST_3 : Operation 758 [1/1] (0.99ns) (out node of the LUT)   --->   "%select_ln340_30 = select i1 %or_ln340_30, i7 -1, i7 %add_ln416_92" [firmware/nnet_utils/nnet_activation_stream.h:52]   --->   Operation 758 'select' 'select_ln340_30' <Predicate = (!icmp_ln41)> <Delay = 0.99> <Core = "Sel">   --->   Core 26 'Sel' <Latency = 0> <II = 1> <Delay = 0.99> <FuncUnit> <Opcode : 'select'> <InPorts = 3> <OutPorts = 1>
ST_3 : Operation 759 [1/1] (0.99ns) (out node of the LUT)   --->   "%tmp_data_30_V = select i1 %icmp_ln1494_30, i7 %select_ln340_30, i7 0" [firmware/nnet_utils/nnet_activation_stream.h:51]   --->   Operation 759 'select' 'tmp_data_30_V' <Predicate = (!icmp_ln41)> <Delay = 0.99> <Core = "Sel">   --->   Core 26 'Sel' <Latency = 0> <II = 1> <Delay = 0.99> <FuncUnit> <Opcode : 'select'> <InPorts = 3> <OutPorts = 1>
ST_3 : Operation 760 [1/1] (2.20ns)   --->   "%icmp_ln1494_31 = icmp sgt i14 %tmp_data_V_31, 0" [firmware/nnet_utils/nnet_activation_stream.h:51]   --->   Operation 760 'icmp' 'icmp_ln1494_31' <Predicate = (!icmp_ln41)> <Delay = 2.20> <Core = "Cmp">   --->   Core 25 'Cmp' <Latency = 0> <II = 1> <Delay = 1.30> <FuncUnit> <Opcode : 'icmp'> <InPorts = 2> <OutPorts = 1>
ST_3 : Operation 761 [1/1] (0.00ns)   --->   "%trunc_ln708_90 = call i8 @_ssdm_op_PartSelect.i8.i14.i32.i32(i14 %tmp_data_V_31, i32 2, i32 9)" [firmware/nnet_utils/nnet_activation_stream.h:52]   --->   Operation 761 'partselect' 'trunc_ln708_90' <Predicate = (!icmp_ln41)> <Delay = 0.00>
ST_3 : Operation 762 [1/1] (0.00ns) (grouped into LUT with out node select_ln340_31)   --->   "%tmp_381 = call i1 @_ssdm_op_BitSelect.i1.i14.i32(i14 %tmp_data_V_31, i32 9)" [firmware/nnet_utils/nnet_activation_stream.h:52]   --->   Operation 762 'bitselect' 'tmp_381' <Predicate = (!icmp_ln41)> <Delay = 0.00>
ST_3 : Operation 763 [1/1] (0.00ns)   --->   "%tmp_382 = call i1 @_ssdm_op_BitSelect.i1.i14.i32(i14 %tmp_data_V_31, i32 1)" [firmware/nnet_utils/nnet_activation_stream.h:52]   --->   Operation 763 'bitselect' 'tmp_382' <Predicate = (!icmp_ln41)> <Delay = 0.00>
ST_3 : Operation 764 [1/1] (0.00ns)   --->   "%zext_ln415_93 = zext i1 %tmp_382 to i8" [firmware/nnet_utils/nnet_activation_stream.h:52]   --->   Operation 764 'zext' 'zext_ln415_93' <Predicate = (!icmp_ln41)> <Delay = 0.00>
ST_3 : Operation 765 [1/1] (0.00ns)   --->   "%trunc_ln415_93 = call i7 @_ssdm_op_PartSelect.i7.i14.i32.i32(i14 %tmp_data_V_31, i32 2, i32 8)" [firmware/nnet_utils/nnet_activation_stream.h:52]   --->   Operation 765 'partselect' 'trunc_ln415_93' <Predicate = (!icmp_ln41)> <Delay = 0.00>
ST_3 : Operation 766 [1/1] (0.00ns)   --->   "%zext_ln415_127 = zext i1 %tmp_382 to i7" [firmware/nnet_utils/nnet_activation_stream.h:52]   --->   Operation 766 'zext' 'zext_ln415_127' <Predicate = (!icmp_ln41)> <Delay = 0.00>
ST_3 : Operation 767 [1/1] (1.91ns)   --->   "%add_ln415_93 = add i8 %trunc_ln708_90, %zext_ln415_93" [firmware/nnet_utils/nnet_activation_stream.h:52]   --->   Operation 767 'add' 'add_ln415_93' <Predicate = (!icmp_ln41)> <Delay = 1.91> <Core = "AddSub">   --->   Core 14 'AddSub' <Latency = 0> <II = 1> <Delay = 1.87> <FuncUnit> <Opcode : 'add' 'sub'> <InPorts = 2> <OutPorts = 1>
ST_3 : Operation 768 [1/1] (1.87ns)   --->   "%add_ln416_93 = add i7 %trunc_ln415_93, %zext_ln415_127" [firmware/nnet_utils/nnet_activation_stream.h:52]   --->   Operation 768 'add' 'add_ln416_93' <Predicate = (!icmp_ln41)> <Delay = 1.87> <Core = "AddSub">   --->   Core 14 'AddSub' <Latency = 0> <II = 1> <Delay = 1.87> <FuncUnit> <Opcode : 'add' 'sub'> <InPorts = 2> <OutPorts = 1>
ST_3 : Operation 769 [1/1] (0.00ns) (grouped into LUT with out node select_ln340_31)   --->   "%tmp_383 = call i1 @_ssdm_op_BitSelect.i1.i8.i32(i8 %add_ln415_93, i32 7)" [firmware/nnet_utils/nnet_activation_stream.h:52]   --->   Operation 769 'bitselect' 'tmp_383' <Predicate = (!icmp_ln41)> <Delay = 0.00>
ST_3 : Operation 770 [1/1] (0.00ns) (grouped into LUT with out node select_ln340_31)   --->   "%xor_ln416_93 = xor i1 %tmp_383, true" [firmware/nnet_utils/nnet_activation_stream.h:52]   --->   Operation 770 'xor' 'xor_ln416_93' <Predicate = (!icmp_ln41)> <Delay = 0.00> <Core = "LogicGate">   --->   Core 27 'LogicGate' <Latency = 0> <II = 1> <Delay = 0.97> <FuncUnit> <Opcode : 'and' 'or' 'xor'> <InPorts = 2> <OutPorts = 1>
ST_3 : Operation 771 [1/1] (0.00ns) (grouped into LUT with out node select_ln340_31)   --->   "%and_ln416_93 = and i1 %tmp_381, %xor_ln416_93" [firmware/nnet_utils/nnet_activation_stream.h:52]   --->   Operation 771 'and' 'and_ln416_93' <Predicate = (!icmp_ln41)> <Delay = 0.00> <Core = "LogicGate">   --->   Core 27 'LogicGate' <Latency = 0> <II = 1> <Delay = 0.97> <FuncUnit> <Opcode : 'and' 'or' 'xor'> <InPorts = 2> <OutPorts = 1>
ST_3 : Operation 772 [1/1] (0.00ns) (grouped into LUT with out node select_ln340_31)   --->   "%tmp_384 = call i1 @_ssdm_op_BitSelect.i1.i8.i32(i8 %add_ln415_93, i32 7)" [firmware/nnet_utils/nnet_activation_stream.h:52]   --->   Operation 772 'bitselect' 'tmp_384' <Predicate = (!icmp_ln41)> <Delay = 0.00>
ST_3 : Operation 773 [1/1] (0.00ns)   --->   "%p_Result_12_30 = call i4 @_ssdm_op_PartSelect.i4.i14.i32.i32(i14 %tmp_data_V_31, i32 10, i32 13)" [firmware/nnet_utils/nnet_activation_stream.h:52]   --->   Operation 773 'partselect' 'p_Result_12_30' <Predicate = (!icmp_ln41)> <Delay = 0.00>
ST_3 : Operation 774 [1/1] (1.30ns)   --->   "%icmp_ln879_93 = icmp eq i4 %p_Result_12_30, -1" [firmware/nnet_utils/nnet_activation_stream.h:52]   --->   Operation 774 'icmp' 'icmp_ln879_93' <Predicate = (!icmp_ln41)> <Delay = 1.30> <Core = "Cmp">   --->   Core 25 'Cmp' <Latency = 0> <II = 1> <Delay = 1.30> <FuncUnit> <Opcode : 'icmp'> <InPorts = 2> <OutPorts = 1>
ST_3 : Operation 775 [1/1] (1.30ns)   --->   "%icmp_ln768_93 = icmp eq i4 %p_Result_12_30, 0" [firmware/nnet_utils/nnet_activation_stream.h:52]   --->   Operation 775 'icmp' 'icmp_ln768_93' <Predicate = (!icmp_ln41)> <Delay = 1.30> <Core = "Cmp">   --->   Core 25 'Cmp' <Latency = 0> <II = 1> <Delay = 1.30> <FuncUnit> <Opcode : 'icmp'> <InPorts = 2> <OutPorts = 1>
ST_3 : Operation 776 [1/1] (0.00ns) (grouped into LUT with out node select_ln340_31)   --->   "%select_ln777_93 = select i1 %and_ln416_93, i1 %icmp_ln879_93, i1 %icmp_ln768_93" [firmware/nnet_utils/nnet_activation_stream.h:52]   --->   Operation 776 'select' 'select_ln777_93' <Predicate = (!icmp_ln41)> <Delay = 0.00> <Core = "Sel">   --->   Core 26 'Sel' <Latency = 0> <II = 1> <Delay = 0.99> <FuncUnit> <Opcode : 'select'> <InPorts = 3> <OutPorts = 1>
ST_3 : Operation 777 [1/1] (0.00ns) (grouped into LUT with out node select_ln340_31)   --->   "%xor_ln785_31 = xor i1 %select_ln777_93, true" [firmware/nnet_utils/nnet_activation_stream.h:52]   --->   Operation 777 'xor' 'xor_ln785_31' <Predicate = (!icmp_ln41)> <Delay = 0.00> <Core = "LogicGate">   --->   Core 27 'LogicGate' <Latency = 0> <II = 1> <Delay = 0.97> <FuncUnit> <Opcode : 'and' 'or' 'xor'> <InPorts = 2> <OutPorts = 1>
ST_3 : Operation 778 [1/1] (0.00ns) (grouped into LUT with out node select_ln340_31)   --->   "%or_ln340_31 = or i1 %tmp_384, %xor_ln785_31" [firmware/nnet_utils/nnet_activation_stream.h:52]   --->   Operation 778 'or' 'or_ln340_31' <Predicate = (!icmp_ln41)> <Delay = 0.00> <Core = "LogicGate">   --->   Core 27 'LogicGate' <Latency = 0> <II = 1> <Delay = 0.97> <FuncUnit> <Opcode : 'and' 'or' 'xor'> <InPorts = 2> <OutPorts = 1>
ST_3 : Operation 779 [1/1] (0.99ns) (out node of the LUT)   --->   "%select_ln340_31 = select i1 %or_ln340_31, i7 -1, i7 %add_ln416_93" [firmware/nnet_utils/nnet_activation_stream.h:52]   --->   Operation 779 'select' 'select_ln340_31' <Predicate = (!icmp_ln41)> <Delay = 0.99> <Core = "Sel">   --->   Core 26 'Sel' <Latency = 0> <II = 1> <Delay = 0.99> <FuncUnit> <Opcode : 'select'> <InPorts = 3> <OutPorts = 1>
ST_3 : Operation 780 [1/1] (0.99ns) (out node of the LUT)   --->   "%tmp_data_31_V = select i1 %icmp_ln1494_31, i7 %select_ln340_31, i7 0" [firmware/nnet_utils/nnet_activation_stream.h:51]   --->   Operation 780 'select' 'tmp_data_31_V' <Predicate = (!icmp_ln41)> <Delay = 0.99> <Core = "Sel">   --->   Core 26 'Sel' <Latency = 0> <II = 1> <Delay = 0.99> <FuncUnit> <Opcode : 'select'> <InPorts = 3> <OutPorts = 1>

State 4 <SV = 3> <Delay = 3.63>
ST_4 : Operation 781 [1/1] (0.00ns)   --->   "call void (...)* @_ssdm_op_SpecLoopName([12 x i8]* @p_str37) nounwind" [firmware/nnet_utils/nnet_activation_stream.h:41]   --->   Operation 781 'specloopname' <Predicate = (!icmp_ln41)> <Delay = 0.00>
ST_4 : Operation 782 [1/1] (0.00ns)   --->   "%tmp = call i32 (...)* @_ssdm_op_SpecRegionBegin([12 x i8]* @p_str37)" [firmware/nnet_utils/nnet_activation_stream.h:41]   --->   Operation 782 'specregionbegin' 'tmp' <Predicate = (!icmp_ln41)> <Delay = 0.00>
ST_4 : Operation 783 [1/1] (0.00ns)   --->   "call void (...)* @_ssdm_op_SpecPipeline(i32 -1, i32 1, i32 1, i32 0, [1 x i8]* @p_str13) nounwind" [firmware/nnet_utils/nnet_activation_stream.h:42]   --->   Operation 783 'specpipeline' <Predicate = (!icmp_ln41)> <Delay = 0.00>
ST_4 : Operation 784 [1/1] (0.00ns)   --->   "%zext_ln1494 = zext i7 %tmp_data_0_V to i8" [firmware/nnet_utils/nnet_activation_stream.h:51]   --->   Operation 784 'zext' 'zext_ln1494' <Predicate = (!icmp_ln41)> <Delay = 0.00>
ST_4 : Operation 785 [1/1] (0.00ns)   --->   "%zext_ln1494_63 = zext i7 %tmp_data_1_V to i8" [firmware/nnet_utils/nnet_activation_stream.h:51]   --->   Operation 785 'zext' 'zext_ln1494_63' <Predicate = (!icmp_ln41)> <Delay = 0.00>
ST_4 : Operation 786 [1/1] (0.00ns)   --->   "%zext_ln1494_64 = zext i7 %tmp_data_2_V to i8" [firmware/nnet_utils/nnet_activation_stream.h:51]   --->   Operation 786 'zext' 'zext_ln1494_64' <Predicate = (!icmp_ln41)> <Delay = 0.00>
ST_4 : Operation 787 [1/1] (0.00ns)   --->   "%zext_ln1494_65 = zext i7 %tmp_data_3_V to i8" [firmware/nnet_utils/nnet_activation_stream.h:51]   --->   Operation 787 'zext' 'zext_ln1494_65' <Predicate = (!icmp_ln41)> <Delay = 0.00>
ST_4 : Operation 788 [1/1] (0.00ns)   --->   "%zext_ln1494_66 = zext i7 %tmp_data_4_V to i8" [firmware/nnet_utils/nnet_activation_stream.h:51]   --->   Operation 788 'zext' 'zext_ln1494_66' <Predicate = (!icmp_ln41)> <Delay = 0.00>
ST_4 : Operation 789 [1/1] (0.00ns)   --->   "%zext_ln1494_67 = zext i7 %tmp_data_5_V to i8" [firmware/nnet_utils/nnet_activation_stream.h:51]   --->   Operation 789 'zext' 'zext_ln1494_67' <Predicate = (!icmp_ln41)> <Delay = 0.00>
ST_4 : Operation 790 [1/1] (0.00ns)   --->   "%zext_ln1494_68 = zext i7 %tmp_data_6_V to i8" [firmware/nnet_utils/nnet_activation_stream.h:51]   --->   Operation 790 'zext' 'zext_ln1494_68' <Predicate = (!icmp_ln41)> <Delay = 0.00>
ST_4 : Operation 791 [1/1] (0.00ns)   --->   "%zext_ln1494_69 = zext i7 %tmp_data_7_V to i8" [firmware/nnet_utils/nnet_activation_stream.h:51]   --->   Operation 791 'zext' 'zext_ln1494_69' <Predicate = (!icmp_ln41)> <Delay = 0.00>
ST_4 : Operation 792 [1/1] (0.00ns)   --->   "%zext_ln1494_70 = zext i7 %tmp_data_8_V to i8" [firmware/nnet_utils/nnet_activation_stream.h:51]   --->   Operation 792 'zext' 'zext_ln1494_70' <Predicate = (!icmp_ln41)> <Delay = 0.00>
ST_4 : Operation 793 [1/1] (0.00ns)   --->   "%zext_ln1494_71 = zext i7 %tmp_data_9_V to i8" [firmware/nnet_utils/nnet_activation_stream.h:51]   --->   Operation 793 'zext' 'zext_ln1494_71' <Predicate = (!icmp_ln41)> <Delay = 0.00>
ST_4 : Operation 794 [1/1] (0.00ns)   --->   "%zext_ln1494_72 = zext i7 %tmp_data_10_V to i8" [firmware/nnet_utils/nnet_activation_stream.h:51]   --->   Operation 794 'zext' 'zext_ln1494_72' <Predicate = (!icmp_ln41)> <Delay = 0.00>
ST_4 : Operation 795 [1/1] (0.00ns)   --->   "%zext_ln1494_73 = zext i7 %tmp_data_11_V to i8" [firmware/nnet_utils/nnet_activation_stream.h:51]   --->   Operation 795 'zext' 'zext_ln1494_73' <Predicate = (!icmp_ln41)> <Delay = 0.00>
ST_4 : Operation 796 [1/1] (0.00ns)   --->   "%zext_ln1494_74 = zext i7 %tmp_data_12_V to i8" [firmware/nnet_utils/nnet_activation_stream.h:51]   --->   Operation 796 'zext' 'zext_ln1494_74' <Predicate = (!icmp_ln41)> <Delay = 0.00>
ST_4 : Operation 797 [1/1] (0.00ns)   --->   "%zext_ln1494_75 = zext i7 %tmp_data_13_V to i8" [firmware/nnet_utils/nnet_activation_stream.h:51]   --->   Operation 797 'zext' 'zext_ln1494_75' <Predicate = (!icmp_ln41)> <Delay = 0.00>
ST_4 : Operation 798 [1/1] (0.00ns)   --->   "%zext_ln1494_76 = zext i7 %tmp_data_14_V to i8" [firmware/nnet_utils/nnet_activation_stream.h:51]   --->   Operation 798 'zext' 'zext_ln1494_76' <Predicate = (!icmp_ln41)> <Delay = 0.00>
ST_4 : Operation 799 [1/1] (0.00ns)   --->   "%zext_ln1494_77 = zext i7 %tmp_data_15_V to i8" [firmware/nnet_utils/nnet_activation_stream.h:51]   --->   Operation 799 'zext' 'zext_ln1494_77' <Predicate = (!icmp_ln41)> <Delay = 0.00>
ST_4 : Operation 800 [1/1] (0.00ns)   --->   "%zext_ln1494_78 = zext i7 %tmp_data_16_V to i8" [firmware/nnet_utils/nnet_activation_stream.h:51]   --->   Operation 800 'zext' 'zext_ln1494_78' <Predicate = (!icmp_ln41)> <Delay = 0.00>
ST_4 : Operation 801 [1/1] (0.00ns)   --->   "%zext_ln1494_79 = zext i7 %tmp_data_17_V to i8" [firmware/nnet_utils/nnet_activation_stream.h:51]   --->   Operation 801 'zext' 'zext_ln1494_79' <Predicate = (!icmp_ln41)> <Delay = 0.00>
ST_4 : Operation 802 [1/1] (0.00ns)   --->   "%zext_ln1494_80 = zext i7 %tmp_data_18_V to i8" [firmware/nnet_utils/nnet_activation_stream.h:51]   --->   Operation 802 'zext' 'zext_ln1494_80' <Predicate = (!icmp_ln41)> <Delay = 0.00>
ST_4 : Operation 803 [1/1] (0.00ns)   --->   "%zext_ln1494_81 = zext i7 %tmp_data_19_V to i8" [firmware/nnet_utils/nnet_activation_stream.h:51]   --->   Operation 803 'zext' 'zext_ln1494_81' <Predicate = (!icmp_ln41)> <Delay = 0.00>
ST_4 : Operation 804 [1/1] (0.00ns)   --->   "%zext_ln1494_82 = zext i7 %tmp_data_20_V to i8" [firmware/nnet_utils/nnet_activation_stream.h:51]   --->   Operation 804 'zext' 'zext_ln1494_82' <Predicate = (!icmp_ln41)> <Delay = 0.00>
ST_4 : Operation 805 [1/1] (0.00ns)   --->   "%zext_ln1494_83 = zext i7 %tmp_data_21_V to i8" [firmware/nnet_utils/nnet_activation_stream.h:51]   --->   Operation 805 'zext' 'zext_ln1494_83' <Predicate = (!icmp_ln41)> <Delay = 0.00>
ST_4 : Operation 806 [1/1] (0.00ns)   --->   "%zext_ln1494_84 = zext i7 %tmp_data_22_V to i8" [firmware/nnet_utils/nnet_activation_stream.h:51]   --->   Operation 806 'zext' 'zext_ln1494_84' <Predicate = (!icmp_ln41)> <Delay = 0.00>
ST_4 : Operation 807 [1/1] (0.00ns)   --->   "%zext_ln1494_85 = zext i7 %tmp_data_23_V to i8" [firmware/nnet_utils/nnet_activation_stream.h:51]   --->   Operation 807 'zext' 'zext_ln1494_85' <Predicate = (!icmp_ln41)> <Delay = 0.00>
ST_4 : Operation 808 [1/1] (0.00ns)   --->   "%zext_ln1494_86 = zext i7 %tmp_data_24_V to i8" [firmware/nnet_utils/nnet_activation_stream.h:51]   --->   Operation 808 'zext' 'zext_ln1494_86' <Predicate = (!icmp_ln41)> <Delay = 0.00>
ST_4 : Operation 809 [1/1] (0.00ns)   --->   "%zext_ln1494_87 = zext i7 %tmp_data_25_V to i8" [firmware/nnet_utils/nnet_activation_stream.h:51]   --->   Operation 809 'zext' 'zext_ln1494_87' <Predicate = (!icmp_ln41)> <Delay = 0.00>
ST_4 : Operation 810 [1/1] (0.00ns)   --->   "%zext_ln1494_88 = zext i7 %tmp_data_26_V to i8" [firmware/nnet_utils/nnet_activation_stream.h:51]   --->   Operation 810 'zext' 'zext_ln1494_88' <Predicate = (!icmp_ln41)> <Delay = 0.00>
ST_4 : Operation 811 [1/1] (0.00ns)   --->   "%zext_ln1494_89 = zext i7 %tmp_data_27_V to i8" [firmware/nnet_utils/nnet_activation_stream.h:51]   --->   Operation 811 'zext' 'zext_ln1494_89' <Predicate = (!icmp_ln41)> <Delay = 0.00>
ST_4 : Operation 812 [1/1] (0.00ns)   --->   "%zext_ln1494_90 = zext i7 %tmp_data_28_V to i8" [firmware/nnet_utils/nnet_activation_stream.h:51]   --->   Operation 812 'zext' 'zext_ln1494_90' <Predicate = (!icmp_ln41)> <Delay = 0.00>
ST_4 : Operation 813 [1/1] (0.00ns)   --->   "%zext_ln1494_91 = zext i7 %tmp_data_29_V to i8" [firmware/nnet_utils/nnet_activation_stream.h:51]   --->   Operation 813 'zext' 'zext_ln1494_91' <Predicate = (!icmp_ln41)> <Delay = 0.00>
ST_4 : Operation 814 [1/1] (0.00ns)   --->   "%zext_ln1494_92 = zext i7 %tmp_data_30_V to i8" [firmware/nnet_utils/nnet_activation_stream.h:51]   --->   Operation 814 'zext' 'zext_ln1494_92' <Predicate = (!icmp_ln41)> <Delay = 0.00>
ST_4 : Operation 815 [1/1] (0.00ns)   --->   "%zext_ln1494_93 = zext i7 %tmp_data_31_V to i8" [firmware/nnet_utils/nnet_activation_stream.h:51]   --->   Operation 815 'zext' 'zext_ln1494_93' <Predicate = (!icmp_ln41)> <Delay = 0.00>
ST_4 : Operation 816 [1/1] (3.63ns)   --->   "call void @_ssdm_op_Write.ap_fifo.volatile.i8P.i8P.i8P.i8P.i8P.i8P.i8P.i8P.i8P.i8P.i8P.i8P.i8P.i8P.i8P.i8P.i8P.i8P.i8P.i8P.i8P.i8P.i8P.i8P.i8P.i8P.i8P.i8P.i8P.i8P.i8P.i8P(i8* %res_V_data_0_V, i8* %res_V_data_1_V, i8* %res_V_data_2_V, i8* %res_V_data_3_V, i8* %res_V_data_4_V, i8* %res_V_data_5_V, i8* %res_V_data_6_V, i8* %res_V_data_7_V, i8* %res_V_data_8_V, i8* %res_V_data_9_V, i8* %res_V_data_10_V, i8* %res_V_data_11_V, i8* %res_V_data_12_V, i8* %res_V_data_13_V, i8* %res_V_data_14_V, i8* %res_V_data_15_V, i8* %res_V_data_16_V, i8* %res_V_data_17_V, i8* %res_V_data_18_V, i8* %res_V_data_19_V, i8* %res_V_data_20_V, i8* %res_V_data_21_V, i8* %res_V_data_22_V, i8* %res_V_data_23_V, i8* %res_V_data_24_V, i8* %res_V_data_25_V, i8* %res_V_data_26_V, i8* %res_V_data_27_V, i8* %res_V_data_28_V, i8* %res_V_data_29_V, i8* %res_V_data_30_V, i8* %res_V_data_31_V, i8 %zext_ln1494, i8 %zext_ln1494_63, i8 %zext_ln1494_64, i8 %zext_ln1494_65, i8 %zext_ln1494_66, i8 %zext_ln1494_67, i8 %zext_ln1494_68, i8 %zext_ln1494_69, i8 %zext_ln1494_70, i8 %zext_ln1494_71, i8 %zext_ln1494_72, i8 %zext_ln1494_73, i8 %zext_ln1494_74, i8 %zext_ln1494_75, i8 %zext_ln1494_76, i8 %zext_ln1494_77, i8 %zext_ln1494_78, i8 %zext_ln1494_79, i8 %zext_ln1494_80, i8 %zext_ln1494_81, i8 %zext_ln1494_82, i8 %zext_ln1494_83, i8 %zext_ln1494_84, i8 %zext_ln1494_85, i8 %zext_ln1494_86, i8 %zext_ln1494_87, i8 %zext_ln1494_88, i8 %zext_ln1494_89, i8 %zext_ln1494_90, i8 %zext_ln1494_91, i8 %zext_ln1494_92, i8 %zext_ln1494_93)" [firmware/nnet_utils/nnet_activation_stream.h:57]   --->   Operation 816 'write' <Predicate = (!icmp_ln41)> <Delay = 3.63> <Core = "FIFO">   --->   Core 32 'FIFO' <Latency = 0> <II = 1> <Delay = 3.63> <Storage> <Opcode : 'read' 'write' 'nbread' 'nbwrite'> <Ports = 0> <Width = 14> <Depth = 1> <FIFO>
ST_4 : Operation 817 [1/1] (0.00ns)   --->   "%empty_42 = call i32 (...)* @_ssdm_op_SpecRegionEnd([12 x i8]* @p_str37, i32 %tmp)" [firmware/nnet_utils/nnet_activation_stream.h:58]   --->   Operation 817 'specregionend' 'empty_42' <Predicate = (!icmp_ln41)> <Delay = 0.00>
ST_4 : Operation 818 [1/1] (0.00ns)   --->   "br label %1" [firmware/nnet_utils/nnet_activation_stream.h:41]   --->   Operation 818 'br' <Predicate = (!icmp_ln41)> <Delay = 0.00>

State 5 <SV = 2> <Delay = 0.00>
ST_5 : Operation 819 [1/1] (0.00ns)   --->   "ret void" [firmware/nnet_utils/nnet_activation_stream.h:59]   --->   Operation 819 'ret' <Predicate = true> <Delay = 0.00>


============================================================
+ Verbose Summary: Binding
============================================================
STG Binding: 
---------------- STG Properties BEGIN ----------------
- Is combinational: 0
- Is one-state seq: 0
- Is datapath-only: 0
- Is pipelined: 0
- Is top level: 0
Port [ Return ] is wired: 1; IO mode=ap_ctrl_hs:ce=0
Port [ data_V_data_0_V]:  wired=1; compound=1; hidden=0; nouse=0; global=0; static=0; extern=0; dir=0; type=3; pingpong=0; private_global=0; IO mode=ap_fifo:ce=0
Port [ data_V_data_1_V]:  wired=1; compound=1; hidden=0; nouse=0; global=0; static=0; extern=0; dir=0; type=3; pingpong=0; private_global=0; IO mode=ap_fifo:ce=0
Port [ data_V_data_2_V]:  wired=1; compound=1; hidden=0; nouse=0; global=0; static=0; extern=0; dir=0; type=3; pingpong=0; private_global=0; IO mode=ap_fifo:ce=0
Port [ data_V_data_3_V]:  wired=1; compound=1; hidden=0; nouse=0; global=0; static=0; extern=0; dir=0; type=3; pingpong=0; private_global=0; IO mode=ap_fifo:ce=0
Port [ data_V_data_4_V]:  wired=1; compound=1; hidden=0; nouse=0; global=0; static=0; extern=0; dir=0; type=3; pingpong=0; private_global=0; IO mode=ap_fifo:ce=0
Port [ data_V_data_5_V]:  wired=1; compound=1; hidden=0; nouse=0; global=0; static=0; extern=0; dir=0; type=3; pingpong=0; private_global=0; IO mode=ap_fifo:ce=0
Port [ data_V_data_6_V]:  wired=1; compound=1; hidden=0; nouse=0; global=0; static=0; extern=0; dir=0; type=3; pingpong=0; private_global=0; IO mode=ap_fifo:ce=0
Port [ data_V_data_7_V]:  wired=1; compound=1; hidden=0; nouse=0; global=0; static=0; extern=0; dir=0; type=3; pingpong=0; private_global=0; IO mode=ap_fifo:ce=0
Port [ data_V_data_8_V]:  wired=1; compound=1; hidden=0; nouse=0; global=0; static=0; extern=0; dir=0; type=3; pingpong=0; private_global=0; IO mode=ap_fifo:ce=0
Port [ data_V_data_9_V]:  wired=1; compound=1; hidden=0; nouse=0; global=0; static=0; extern=0; dir=0; type=3; pingpong=0; private_global=0; IO mode=ap_fifo:ce=0
Port [ data_V_data_10_V]:  wired=1; compound=1; hidden=0; nouse=0; global=0; static=0; extern=0; dir=0; type=3; pingpong=0; private_global=0; IO mode=ap_fifo:ce=0
Port [ data_V_data_11_V]:  wired=1; compound=1; hidden=0; nouse=0; global=0; static=0; extern=0; dir=0; type=3; pingpong=0; private_global=0; IO mode=ap_fifo:ce=0
Port [ data_V_data_12_V]:  wired=1; compound=1; hidden=0; nouse=0; global=0; static=0; extern=0; dir=0; type=3; pingpong=0; private_global=0; IO mode=ap_fifo:ce=0
Port [ data_V_data_13_V]:  wired=1; compound=1; hidden=0; nouse=0; global=0; static=0; extern=0; dir=0; type=3; pingpong=0; private_global=0; IO mode=ap_fifo:ce=0
Port [ data_V_data_14_V]:  wired=1; compound=1; hidden=0; nouse=0; global=0; static=0; extern=0; dir=0; type=3; pingpong=0; private_global=0; IO mode=ap_fifo:ce=0
Port [ data_V_data_15_V]:  wired=1; compound=1; hidden=0; nouse=0; global=0; static=0; extern=0; dir=0; type=3; pingpong=0; private_global=0; IO mode=ap_fifo:ce=0
Port [ data_V_data_16_V]:  wired=1; compound=1; hidden=0; nouse=0; global=0; static=0; extern=0; dir=0; type=3; pingpong=0; private_global=0; IO mode=ap_fifo:ce=0
Port [ data_V_data_17_V]:  wired=1; compound=1; hidden=0; nouse=0; global=0; static=0; extern=0; dir=0; type=3; pingpong=0; private_global=0; IO mode=ap_fifo:ce=0
Port [ data_V_data_18_V]:  wired=1; compound=1; hidden=0; nouse=0; global=0; static=0; extern=0; dir=0; type=3; pingpong=0; private_global=0; IO mode=ap_fifo:ce=0
Port [ data_V_data_19_V]:  wired=1; compound=1; hidden=0; nouse=0; global=0; static=0; extern=0; dir=0; type=3; pingpong=0; private_global=0; IO mode=ap_fifo:ce=0
Port [ data_V_data_20_V]:  wired=1; compound=1; hidden=0; nouse=0; global=0; static=0; extern=0; dir=0; type=3; pingpong=0; private_global=0; IO mode=ap_fifo:ce=0
Port [ data_V_data_21_V]:  wired=1; compound=1; hidden=0; nouse=0; global=0; static=0; extern=0; dir=0; type=3; pingpong=0; private_global=0; IO mode=ap_fifo:ce=0
Port [ data_V_data_22_V]:  wired=1; compound=1; hidden=0; nouse=0; global=0; static=0; extern=0; dir=0; type=3; pingpong=0; private_global=0; IO mode=ap_fifo:ce=0
Port [ data_V_data_23_V]:  wired=1; compound=1; hidden=0; nouse=0; global=0; static=0; extern=0; dir=0; type=3; pingpong=0; private_global=0; IO mode=ap_fifo:ce=0
Port [ data_V_data_24_V]:  wired=1; compound=1; hidden=0; nouse=0; global=0; static=0; extern=0; dir=0; type=3; pingpong=0; private_global=0; IO mode=ap_fifo:ce=0
Port [ data_V_data_25_V]:  wired=1; compound=1; hidden=0; nouse=0; global=0; static=0; extern=0; dir=0; type=3; pingpong=0; private_global=0; IO mode=ap_fifo:ce=0
Port [ data_V_data_26_V]:  wired=1; compound=1; hidden=0; nouse=0; global=0; static=0; extern=0; dir=0; type=3; pingpong=0; private_global=0; IO mode=ap_fifo:ce=0
Port [ data_V_data_27_V]:  wired=1; compound=1; hidden=0; nouse=0; global=0; static=0; extern=0; dir=0; type=3; pingpong=0; private_global=0; IO mode=ap_fifo:ce=0
Port [ data_V_data_28_V]:  wired=1; compound=1; hidden=0; nouse=0; global=0; static=0; extern=0; dir=0; type=3; pingpong=0; private_global=0; IO mode=ap_fifo:ce=0
Port [ data_V_data_29_V]:  wired=1; compound=1; hidden=0; nouse=0; global=0; static=0; extern=0; dir=0; type=3; pingpong=0; private_global=0; IO mode=ap_fifo:ce=0
Port [ data_V_data_30_V]:  wired=1; compound=1; hidden=0; nouse=0; global=0; static=0; extern=0; dir=0; type=3; pingpong=0; private_global=0; IO mode=ap_fifo:ce=0
Port [ data_V_data_31_V]:  wired=1; compound=1; hidden=0; nouse=0; global=0; static=0; extern=0; dir=0; type=3; pingpong=0; private_global=0; IO mode=ap_fifo:ce=0
Port [ res_V_data_0_V]:  wired=1; compound=1; hidden=0; nouse=0; global=0; static=0; extern=0; dir=1; type=3; pingpong=0; private_global=0; IO mode=ap_fifo:ce=0
Port [ res_V_data_1_V]:  wired=1; compound=1; hidden=0; nouse=0; global=0; static=0; extern=0; dir=1; type=3; pingpong=0; private_global=0; IO mode=ap_fifo:ce=0
Port [ res_V_data_2_V]:  wired=1; compound=1; hidden=0; nouse=0; global=0; static=0; extern=0; dir=1; type=3; pingpong=0; private_global=0; IO mode=ap_fifo:ce=0
Port [ res_V_data_3_V]:  wired=1; compound=1; hidden=0; nouse=0; global=0; static=0; extern=0; dir=1; type=3; pingpong=0; private_global=0; IO mode=ap_fifo:ce=0
Port [ res_V_data_4_V]:  wired=1; compound=1; hidden=0; nouse=0; global=0; static=0; extern=0; dir=1; type=3; pingpong=0; private_global=0; IO mode=ap_fifo:ce=0
Port [ res_V_data_5_V]:  wired=1; compound=1; hidden=0; nouse=0; global=0; static=0; extern=0; dir=1; type=3; pingpong=0; private_global=0; IO mode=ap_fifo:ce=0
Port [ res_V_data_6_V]:  wired=1; compound=1; hidden=0; nouse=0; global=0; static=0; extern=0; dir=1; type=3; pingpong=0; private_global=0; IO mode=ap_fifo:ce=0
Port [ res_V_data_7_V]:  wired=1; compound=1; hidden=0; nouse=0; global=0; static=0; extern=0; dir=1; type=3; pingpong=0; private_global=0; IO mode=ap_fifo:ce=0
Port [ res_V_data_8_V]:  wired=1; compound=1; hidden=0; nouse=0; global=0; static=0; extern=0; dir=1; type=3; pingpong=0; private_global=0; IO mode=ap_fifo:ce=0
Port [ res_V_data_9_V]:  wired=1; compound=1; hidden=0; nouse=0; global=0; static=0; extern=0; dir=1; type=3; pingpong=0; private_global=0; IO mode=ap_fifo:ce=0
Port [ res_V_data_10_V]:  wired=1; compound=1; hidden=0; nouse=0; global=0; static=0; extern=0; dir=1; type=3; pingpong=0; private_global=0; IO mode=ap_fifo:ce=0
Port [ res_V_data_11_V]:  wired=1; compound=1; hidden=0; nouse=0; global=0; static=0; extern=0; dir=1; type=3; pingpong=0; private_global=0; IO mode=ap_fifo:ce=0
Port [ res_V_data_12_V]:  wired=1; compound=1; hidden=0; nouse=0; global=0; static=0; extern=0; dir=1; type=3; pingpong=0; private_global=0; IO mode=ap_fifo:ce=0
Port [ res_V_data_13_V]:  wired=1; compound=1; hidden=0; nouse=0; global=0; static=0; extern=0; dir=1; type=3; pingpong=0; private_global=0; IO mode=ap_fifo:ce=0
Port [ res_V_data_14_V]:  wired=1; compound=1; hidden=0; nouse=0; global=0; static=0; extern=0; dir=1; type=3; pingpong=0; private_global=0; IO mode=ap_fifo:ce=0
Port [ res_V_data_15_V]:  wired=1; compound=1; hidden=0; nouse=0; global=0; static=0; extern=0; dir=1; type=3; pingpong=0; private_global=0; IO mode=ap_fifo:ce=0
Port [ res_V_data_16_V]:  wired=1; compound=1; hidden=0; nouse=0; global=0; static=0; extern=0; dir=1; type=3; pingpong=0; private_global=0; IO mode=ap_fifo:ce=0
Port [ res_V_data_17_V]:  wired=1; compound=1; hidden=0; nouse=0; global=0; static=0; extern=0; dir=1; type=3; pingpong=0; private_global=0; IO mode=ap_fifo:ce=0
Port [ res_V_data_18_V]:  wired=1; compound=1; hidden=0; nouse=0; global=0; static=0; extern=0; dir=1; type=3; pingpong=0; private_global=0; IO mode=ap_fifo:ce=0
Port [ res_V_data_19_V]:  wired=1; compound=1; hidden=0; nouse=0; global=0; static=0; extern=0; dir=1; type=3; pingpong=0; private_global=0; IO mode=ap_fifo:ce=0
Port [ res_V_data_20_V]:  wired=1; compound=1; hidden=0; nouse=0; global=0; static=0; extern=0; dir=1; type=3; pingpong=0; private_global=0; IO mode=ap_fifo:ce=0
Port [ res_V_data_21_V]:  wired=1; compound=1; hidden=0; nouse=0; global=0; static=0; extern=0; dir=1; type=3; pingpong=0; private_global=0; IO mode=ap_fifo:ce=0
Port [ res_V_data_22_V]:  wired=1; compound=1; hidden=0; nouse=0; global=0; static=0; extern=0; dir=1; type=3; pingpong=0; private_global=0; IO mode=ap_fifo:ce=0
Port [ res_V_data_23_V]:  wired=1; compound=1; hidden=0; nouse=0; global=0; static=0; extern=0; dir=1; type=3; pingpong=0; private_global=0; IO mode=ap_fifo:ce=0
Port [ res_V_data_24_V]:  wired=1; compound=1; hidden=0; nouse=0; global=0; static=0; extern=0; dir=1; type=3; pingpong=0; private_global=0; IO mode=ap_fifo:ce=0
Port [ res_V_data_25_V]:  wired=1; compound=1; hidden=0; nouse=0; global=0; static=0; extern=0; dir=1; type=3; pingpong=0; private_global=0; IO mode=ap_fifo:ce=0
Port [ res_V_data_26_V]:  wired=1; compound=1; hidden=0; nouse=0; global=0; static=0; extern=0; dir=1; type=3; pingpong=0; private_global=0; IO mode=ap_fifo:ce=0
Port [ res_V_data_27_V]:  wired=1; compound=1; hidden=0; nouse=0; global=0; static=0; extern=0; dir=1; type=3; pingpong=0; private_global=0; IO mode=ap_fifo:ce=0
Port [ res_V_data_28_V]:  wired=1; compound=1; hidden=0; nouse=0; global=0; static=0; extern=0; dir=1; type=3; pingpong=0; private_global=0; IO mode=ap_fifo:ce=0
Port [ res_V_data_29_V]:  wired=1; compound=1; hidden=0; nouse=0; global=0; static=0; extern=0; dir=1; type=3; pingpong=0; private_global=0; IO mode=ap_fifo:ce=0
Port [ res_V_data_30_V]:  wired=1; compound=1; hidden=0; nouse=0; global=0; static=0; extern=0; dir=1; type=3; pingpong=0; private_global=0; IO mode=ap_fifo:ce=0
Port [ res_V_data_31_V]:  wired=1; compound=1; hidden=0; nouse=0; global=0; static=0; extern=0; dir=1; type=3; pingpong=0; private_global=0; IO mode=ap_fifo:ce=0
---------------- STG Properties END ------------------

---------------- Datapath Model BEGIN ----------------

<LifeTime>
<method=bitvector/>
specinterface_ln0 (specinterface    ) [ 000000]
specinterface_ln0 (specinterface    ) [ 000000]
specinterface_ln0 (specinterface    ) [ 000000]
specinterface_ln0 (specinterface    ) [ 000000]
specinterface_ln0 (specinterface    ) [ 000000]
specinterface_ln0 (specinterface    ) [ 000000]
specinterface_ln0 (specinterface    ) [ 000000]
specinterface_ln0 (specinterface    ) [ 000000]
specinterface_ln0 (specinterface    ) [ 000000]
specinterface_ln0 (specinterface    ) [ 000000]
specinterface_ln0 (specinterface    ) [ 000000]
specinterface_ln0 (specinterface    ) [ 000000]
specinterface_ln0 (specinterface    ) [ 000000]
specinterface_ln0 (specinterface    ) [ 000000]
specinterface_ln0 (specinterface    ) [ 000000]
specinterface_ln0 (specinterface    ) [ 000000]
specinterface_ln0 (specinterface    ) [ 000000]
specinterface_ln0 (specinterface    ) [ 000000]
specinterface_ln0 (specinterface    ) [ 000000]
specinterface_ln0 (specinterface    ) [ 000000]
specinterface_ln0 (specinterface    ) [ 000000]
specinterface_ln0 (specinterface    ) [ 000000]
specinterface_ln0 (specinterface    ) [ 000000]
specinterface_ln0 (specinterface    ) [ 000000]
specinterface_ln0 (specinterface    ) [ 000000]
specinterface_ln0 (specinterface    ) [ 000000]
specinterface_ln0 (specinterface    ) [ 000000]
specinterface_ln0 (specinterface    ) [ 000000]
specinterface_ln0 (specinterface    ) [ 000000]
specinterface_ln0 (specinterface    ) [ 000000]
specinterface_ln0 (specinterface    ) [ 000000]
specinterface_ln0 (specinterface    ) [ 000000]
specinterface_ln0 (specinterface    ) [ 000000]
specinterface_ln0 (specinterface    ) [ 000000]
specinterface_ln0 (specinterface    ) [ 000000]
specinterface_ln0 (specinterface    ) [ 000000]
specinterface_ln0 (specinterface    ) [ 000000]
specinterface_ln0 (specinterface    ) [ 000000]
specinterface_ln0 (specinterface    ) [ 000000]
specinterface_ln0 (specinterface    ) [ 000000]
specinterface_ln0 (specinterface    ) [ 000000]
specinterface_ln0 (specinterface    ) [ 000000]
specinterface_ln0 (specinterface    ) [ 000000]
specinterface_ln0 (specinterface    ) [ 000000]
specinterface_ln0 (specinterface    ) [ 000000]
specinterface_ln0 (specinterface    ) [ 000000]
specinterface_ln0 (specinterface    ) [ 000000]
specinterface_ln0 (specinterface    ) [ 000000]
specinterface_ln0 (specinterface    ) [ 000000]
specinterface_ln0 (specinterface    ) [ 000000]
specinterface_ln0 (specinterface    ) [ 000000]
specinterface_ln0 (specinterface    ) [ 000000]
specinterface_ln0 (specinterface    ) [ 000000]
specinterface_ln0 (specinterface    ) [ 000000]
specinterface_ln0 (specinterface    ) [ 000000]
specinterface_ln0 (specinterface    ) [ 000000]
specinterface_ln0 (specinterface    ) [ 000000]
specinterface_ln0 (specinterface    ) [ 000000]
specinterface_ln0 (specinterface    ) [ 000000]
specinterface_ln0 (specinterface    ) [ 000000]
specinterface_ln0 (specinterface    ) [ 000000]
specinterface_ln0 (specinterface    ) [ 000000]
specinterface_ln0 (specinterface    ) [ 000000]
specinterface_ln0 (specinterface    ) [ 000000]
br_ln41           (br               ) [ 011110]
i_0               (phi              ) [ 001000]
icmp_ln41         (icmp             ) [ 001110]
empty             (speclooptripcount) [ 000000]
i                 (add              ) [ 011110]
br_ln41           (br               ) [ 000000]
empty_41          (read             ) [ 000000]
tmp_data_V_0      (extractvalue     ) [ 000000]
tmp_data_V_1      (extractvalue     ) [ 000000]
tmp_data_V_2      (extractvalue     ) [ 000000]
tmp_data_V_3      (extractvalue     ) [ 000000]
tmp_data_V_4      (extractvalue     ) [ 000000]
tmp_data_V_5      (extractvalue     ) [ 000000]
tmp_data_V_6      (extractvalue     ) [ 000000]
tmp_data_V_7      (extractvalue     ) [ 000000]
tmp_data_V_8      (extractvalue     ) [ 000000]
tmp_data_V_9      (extractvalue     ) [ 000000]
tmp_data_V_10     (extractvalue     ) [ 000000]
tmp_data_V_11     (extractvalue     ) [ 000000]
tmp_data_V_12     (extractvalue     ) [ 000000]
tmp_data_V_1339   (extractvalue     ) [ 000000]
tmp_data_V_14     (extractvalue     ) [ 000000]
tmp_data_V_15     (extractvalue     ) [ 000000]
tmp_data_V_16     (extractvalue     ) [ 000000]
tmp_data_V_17     (extractvalue     ) [ 000000]
tmp_data_V_18     (extractvalue     ) [ 000000]
tmp_data_V_19     (extractvalue     ) [ 000000]
tmp_data_V_20     (extractvalue     ) [ 000000]
tmp_data_V_21     (extractvalue     ) [ 000000]
tmp_data_V_22     (extractvalue     ) [ 000000]
tmp_data_V_23     (extractvalue     ) [ 000000]
tmp_data_V_24     (extractvalue     ) [ 000000]
tmp_data_V_25     (extractvalue     ) [ 000000]
tmp_data_V_26     (extractvalue     ) [ 000000]
tmp_data_V_27     (extractvalue     ) [ 000000]
tmp_data_V_28     (extractvalue     ) [ 000000]
tmp_data_V_29     (extractvalue     ) [ 000000]
tmp_data_V_30     (extractvalue     ) [ 000000]
tmp_data_V_31     (extractvalue     ) [ 000000]
icmp_ln1494       (icmp             ) [ 000000]
trunc_ln          (partselect       ) [ 000000]
tmp_257           (bitselect        ) [ 000000]
tmp_258           (bitselect        ) [ 000000]
zext_ln415        (zext             ) [ 000000]
trunc_ln415_s     (partselect       ) [ 000000]
zext_ln415_96     (zext             ) [ 000000]
add_ln415         (add              ) [ 000000]
add_ln416         (add              ) [ 000000]
tmp_259           (bitselect        ) [ 000000]
xor_ln416         (xor              ) [ 000000]
and_ln416         (and              ) [ 000000]
tmp_260           (bitselect        ) [ 000000]
p_Result_s        (partselect       ) [ 000000]
icmp_ln879        (icmp             ) [ 000000]
icmp_ln768        (icmp             ) [ 000000]
select_ln777      (select           ) [ 000000]
xor_ln785         (xor              ) [ 000000]
or_ln340          (or               ) [ 000000]
select_ln340      (select           ) [ 000000]
tmp_data_0_V      (select           ) [ 001010]
icmp_ln1494_1     (icmp             ) [ 000000]
trunc_ln708_s     (partselect       ) [ 000000]
tmp_261           (bitselect        ) [ 000000]
tmp_262           (bitselect        ) [ 000000]
zext_ln415_63     (zext             ) [ 000000]
trunc_ln415_63    (partselect       ) [ 000000]
zext_ln415_97     (zext             ) [ 000000]
add_ln415_63      (add              ) [ 000000]
add_ln416_63      (add              ) [ 000000]
tmp_263           (bitselect        ) [ 000000]
xor_ln416_63      (xor              ) [ 000000]
and_ln416_63      (and              ) [ 000000]
tmp_264           (bitselect        ) [ 000000]
p_Result_12_1     (partselect       ) [ 000000]
icmp_ln879_63     (icmp             ) [ 000000]
icmp_ln768_63     (icmp             ) [ 000000]
select_ln777_63   (select           ) [ 000000]
xor_ln785_1       (xor              ) [ 000000]
or_ln340_1        (or               ) [ 000000]
select_ln340_1    (select           ) [ 000000]
tmp_data_1_V      (select           ) [ 001010]
icmp_ln1494_2     (icmp             ) [ 000000]
trunc_ln708_61    (partselect       ) [ 000000]
tmp_265           (bitselect        ) [ 000000]
tmp_266           (bitselect        ) [ 000000]
zext_ln415_64     (zext             ) [ 000000]
trunc_ln415_64    (partselect       ) [ 000000]
zext_ln415_98     (zext             ) [ 000000]
add_ln415_64      (add              ) [ 000000]
add_ln416_64      (add              ) [ 000000]
tmp_267           (bitselect        ) [ 000000]
xor_ln416_64      (xor              ) [ 000000]
and_ln416_64      (and              ) [ 000000]
tmp_268           (bitselect        ) [ 000000]
p_Result_12_2     (partselect       ) [ 000000]
icmp_ln879_64     (icmp             ) [ 000000]
icmp_ln768_64     (icmp             ) [ 000000]
select_ln777_64   (select           ) [ 000000]
xor_ln785_2       (xor              ) [ 000000]
or_ln340_2        (or               ) [ 000000]
select_ln340_2    (select           ) [ 000000]
tmp_data_2_V      (select           ) [ 001010]
icmp_ln1494_3     (icmp             ) [ 000000]
trunc_ln708_62    (partselect       ) [ 000000]
tmp_269           (bitselect        ) [ 000000]
tmp_270           (bitselect        ) [ 000000]
zext_ln415_65     (zext             ) [ 000000]
trunc_ln415_65    (partselect       ) [ 000000]
zext_ln415_99     (zext             ) [ 000000]
add_ln415_65      (add              ) [ 000000]
add_ln416_65      (add              ) [ 000000]
tmp_271           (bitselect        ) [ 000000]
xor_ln416_65      (xor              ) [ 000000]
and_ln416_65      (and              ) [ 000000]
tmp_272           (bitselect        ) [ 000000]
p_Result_12_3     (partselect       ) [ 000000]
icmp_ln879_65     (icmp             ) [ 000000]
icmp_ln768_65     (icmp             ) [ 000000]
select_ln777_65   (select           ) [ 000000]
xor_ln785_3       (xor              ) [ 000000]
or_ln340_3        (or               ) [ 000000]
select_ln340_3    (select           ) [ 000000]
tmp_data_3_V      (select           ) [ 001010]
icmp_ln1494_4     (icmp             ) [ 000000]
trunc_ln708_63    (partselect       ) [ 000000]
tmp_273           (bitselect        ) [ 000000]
tmp_274           (bitselect        ) [ 000000]
zext_ln415_66     (zext             ) [ 000000]
trunc_ln415_66    (partselect       ) [ 000000]
zext_ln415_100    (zext             ) [ 000000]
add_ln415_66      (add              ) [ 000000]
add_ln416_66      (add              ) [ 000000]
tmp_275           (bitselect        ) [ 000000]
xor_ln416_66      (xor              ) [ 000000]
and_ln416_66      (and              ) [ 000000]
tmp_276           (bitselect        ) [ 000000]
p_Result_12_4     (partselect       ) [ 000000]
icmp_ln879_66     (icmp             ) [ 000000]
icmp_ln768_66     (icmp             ) [ 000000]
select_ln777_66   (select           ) [ 000000]
xor_ln785_4       (xor              ) [ 000000]
or_ln340_4        (or               ) [ 000000]
select_ln340_4    (select           ) [ 000000]
tmp_data_4_V      (select           ) [ 001010]
icmp_ln1494_5     (icmp             ) [ 000000]
trunc_ln708_64    (partselect       ) [ 000000]
tmp_277           (bitselect        ) [ 000000]
tmp_278           (bitselect        ) [ 000000]
zext_ln415_67     (zext             ) [ 000000]
trunc_ln415_67    (partselect       ) [ 000000]
zext_ln415_101    (zext             ) [ 000000]
add_ln415_67      (add              ) [ 000000]
add_ln416_67      (add              ) [ 000000]
tmp_279           (bitselect        ) [ 000000]
xor_ln416_67      (xor              ) [ 000000]
and_ln416_67      (and              ) [ 000000]
tmp_280           (bitselect        ) [ 000000]
p_Result_12_5     (partselect       ) [ 000000]
icmp_ln879_67     (icmp             ) [ 000000]
icmp_ln768_67     (icmp             ) [ 000000]
select_ln777_67   (select           ) [ 000000]
xor_ln785_5       (xor              ) [ 000000]
or_ln340_5        (or               ) [ 000000]
select_ln340_5    (select           ) [ 000000]
tmp_data_5_V      (select           ) [ 001010]
icmp_ln1494_6     (icmp             ) [ 000000]
trunc_ln708_65    (partselect       ) [ 000000]
tmp_281           (bitselect        ) [ 000000]
tmp_282           (bitselect        ) [ 000000]
zext_ln415_68     (zext             ) [ 000000]
trunc_ln415_68    (partselect       ) [ 000000]
zext_ln415_102    (zext             ) [ 000000]
add_ln415_68      (add              ) [ 000000]
add_ln416_68      (add              ) [ 000000]
tmp_283           (bitselect        ) [ 000000]
xor_ln416_68      (xor              ) [ 000000]
and_ln416_68      (and              ) [ 000000]
tmp_284           (bitselect        ) [ 000000]
p_Result_12_6     (partselect       ) [ 000000]
icmp_ln879_68     (icmp             ) [ 000000]
icmp_ln768_68     (icmp             ) [ 000000]
select_ln777_68   (select           ) [ 000000]
xor_ln785_6       (xor              ) [ 000000]
or_ln340_6        (or               ) [ 000000]
select_ln340_6    (select           ) [ 000000]
tmp_data_6_V      (select           ) [ 001010]
icmp_ln1494_7     (icmp             ) [ 000000]
trunc_ln708_66    (partselect       ) [ 000000]
tmp_285           (bitselect        ) [ 000000]
tmp_286           (bitselect        ) [ 000000]
zext_ln415_69     (zext             ) [ 000000]
trunc_ln415_69    (partselect       ) [ 000000]
zext_ln415_103    (zext             ) [ 000000]
add_ln415_69      (add              ) [ 000000]
add_ln416_69      (add              ) [ 000000]
tmp_287           (bitselect        ) [ 000000]
xor_ln416_69      (xor              ) [ 000000]
and_ln416_69      (and              ) [ 000000]
tmp_288           (bitselect        ) [ 000000]
p_Result_12_7     (partselect       ) [ 000000]
icmp_ln879_69     (icmp             ) [ 000000]
icmp_ln768_69     (icmp             ) [ 000000]
select_ln777_69   (select           ) [ 000000]
xor_ln785_7       (xor              ) [ 000000]
or_ln340_7        (or               ) [ 000000]
select_ln340_7    (select           ) [ 000000]
tmp_data_7_V      (select           ) [ 001010]
icmp_ln1494_8     (icmp             ) [ 000000]
trunc_ln708_67    (partselect       ) [ 000000]
tmp_289           (bitselect        ) [ 000000]
tmp_290           (bitselect        ) [ 000000]
zext_ln415_70     (zext             ) [ 000000]
trunc_ln415_70    (partselect       ) [ 000000]
zext_ln415_104    (zext             ) [ 000000]
add_ln415_70      (add              ) [ 000000]
add_ln416_70      (add              ) [ 000000]
tmp_291           (bitselect        ) [ 000000]
xor_ln416_70      (xor              ) [ 000000]
and_ln416_70      (and              ) [ 000000]
tmp_292           (bitselect        ) [ 000000]
p_Result_12_8     (partselect       ) [ 000000]
icmp_ln879_70     (icmp             ) [ 000000]
icmp_ln768_70     (icmp             ) [ 000000]
select_ln777_70   (select           ) [ 000000]
xor_ln785_8       (xor              ) [ 000000]
or_ln340_8        (or               ) [ 000000]
select_ln340_8    (select           ) [ 000000]
tmp_data_8_V      (select           ) [ 001010]
icmp_ln1494_9     (icmp             ) [ 000000]
trunc_ln708_68    (partselect       ) [ 000000]
tmp_293           (bitselect        ) [ 000000]
tmp_294           (bitselect        ) [ 000000]
zext_ln415_71     (zext             ) [ 000000]
trunc_ln415_71    (partselect       ) [ 000000]
zext_ln415_105    (zext             ) [ 000000]
add_ln415_71      (add              ) [ 000000]
add_ln416_71      (add              ) [ 000000]
tmp_295           (bitselect        ) [ 000000]
xor_ln416_71      (xor              ) [ 000000]
and_ln416_71      (and              ) [ 000000]
tmp_296           (bitselect        ) [ 000000]
p_Result_12_9     (partselect       ) [ 000000]
icmp_ln879_71     (icmp             ) [ 000000]
icmp_ln768_71     (icmp             ) [ 000000]
select_ln777_71   (select           ) [ 000000]
xor_ln785_9       (xor              ) [ 000000]
or_ln340_9        (or               ) [ 000000]
select_ln340_9    (select           ) [ 000000]
tmp_data_9_V      (select           ) [ 001010]
icmp_ln1494_10    (icmp             ) [ 000000]
trunc_ln708_69    (partselect       ) [ 000000]
tmp_297           (bitselect        ) [ 000000]
tmp_298           (bitselect        ) [ 000000]
zext_ln415_72     (zext             ) [ 000000]
trunc_ln415_72    (partselect       ) [ 000000]
zext_ln415_106    (zext             ) [ 000000]
add_ln415_72      (add              ) [ 000000]
add_ln416_72      (add              ) [ 000000]
tmp_299           (bitselect        ) [ 000000]
xor_ln416_72      (xor              ) [ 000000]
and_ln416_72      (and              ) [ 000000]
tmp_300           (bitselect        ) [ 000000]
p_Result_12_s     (partselect       ) [ 000000]
icmp_ln879_72     (icmp             ) [ 000000]
icmp_ln768_72     (icmp             ) [ 000000]
select_ln777_72   (select           ) [ 000000]
xor_ln785_10      (xor              ) [ 000000]
or_ln340_10       (or               ) [ 000000]
select_ln340_10   (select           ) [ 000000]
tmp_data_10_V     (select           ) [ 001010]
icmp_ln1494_11    (icmp             ) [ 000000]
trunc_ln708_70    (partselect       ) [ 000000]
tmp_301           (bitselect        ) [ 000000]
tmp_302           (bitselect        ) [ 000000]
zext_ln415_73     (zext             ) [ 000000]
trunc_ln415_73    (partselect       ) [ 000000]
zext_ln415_107    (zext             ) [ 000000]
add_ln415_73      (add              ) [ 000000]
add_ln416_73      (add              ) [ 000000]
tmp_303           (bitselect        ) [ 000000]
xor_ln416_73      (xor              ) [ 000000]
and_ln416_73      (and              ) [ 000000]
tmp_304           (bitselect        ) [ 000000]
p_Result_12_10    (partselect       ) [ 000000]
icmp_ln879_73     (icmp             ) [ 000000]
icmp_ln768_73     (icmp             ) [ 000000]
select_ln777_73   (select           ) [ 000000]
xor_ln785_11      (xor              ) [ 000000]
or_ln340_11       (or               ) [ 000000]
select_ln340_11   (select           ) [ 000000]
tmp_data_11_V     (select           ) [ 001010]
icmp_ln1494_12    (icmp             ) [ 000000]
trunc_ln708_71    (partselect       ) [ 000000]
tmp_305           (bitselect        ) [ 000000]
tmp_306           (bitselect        ) [ 000000]
zext_ln415_74     (zext             ) [ 000000]
trunc_ln415_74    (partselect       ) [ 000000]
zext_ln415_108    (zext             ) [ 000000]
add_ln415_74      (add              ) [ 000000]
add_ln416_74      (add              ) [ 000000]
tmp_307           (bitselect        ) [ 000000]
xor_ln416_74      (xor              ) [ 000000]
and_ln416_74      (and              ) [ 000000]
tmp_308           (bitselect        ) [ 000000]
p_Result_12_11    (partselect       ) [ 000000]
icmp_ln879_74     (icmp             ) [ 000000]
icmp_ln768_74     (icmp             ) [ 000000]
select_ln777_74   (select           ) [ 000000]
xor_ln785_12      (xor              ) [ 000000]
or_ln340_12       (or               ) [ 000000]
select_ln340_12   (select           ) [ 000000]
tmp_data_12_V     (select           ) [ 001010]
icmp_ln1494_13    (icmp             ) [ 000000]
trunc_ln708_72    (partselect       ) [ 000000]
tmp_309           (bitselect        ) [ 000000]
tmp_310           (bitselect        ) [ 000000]
zext_ln415_75     (zext             ) [ 000000]
trunc_ln415_75    (partselect       ) [ 000000]
zext_ln415_109    (zext             ) [ 000000]
add_ln415_75      (add              ) [ 000000]
add_ln416_75      (add              ) [ 000000]
tmp_311           (bitselect        ) [ 000000]
xor_ln416_75      (xor              ) [ 000000]
and_ln416_75      (and              ) [ 000000]
tmp_312           (bitselect        ) [ 000000]
p_Result_12_12    (partselect       ) [ 000000]
icmp_ln879_75     (icmp             ) [ 000000]
icmp_ln768_75     (icmp             ) [ 000000]
select_ln777_75   (select           ) [ 000000]
xor_ln785_13      (xor              ) [ 000000]
or_ln340_13       (or               ) [ 000000]
select_ln340_13   (select           ) [ 000000]
tmp_data_13_V     (select           ) [ 001010]
icmp_ln1494_14    (icmp             ) [ 000000]
trunc_ln708_73    (partselect       ) [ 000000]
tmp_313           (bitselect        ) [ 000000]
tmp_314           (bitselect        ) [ 000000]
zext_ln415_76     (zext             ) [ 000000]
trunc_ln415_76    (partselect       ) [ 000000]
zext_ln415_110    (zext             ) [ 000000]
add_ln415_76      (add              ) [ 000000]
add_ln416_76      (add              ) [ 000000]
tmp_315           (bitselect        ) [ 000000]
xor_ln416_76      (xor              ) [ 000000]
and_ln416_76      (and              ) [ 000000]
tmp_316           (bitselect        ) [ 000000]
p_Result_12_13    (partselect       ) [ 000000]
icmp_ln879_76     (icmp             ) [ 000000]
icmp_ln768_76     (icmp             ) [ 000000]
select_ln777_76   (select           ) [ 000000]
xor_ln785_14      (xor              ) [ 000000]
or_ln340_14       (or               ) [ 000000]
select_ln340_14   (select           ) [ 000000]
tmp_data_14_V     (select           ) [ 001010]
icmp_ln1494_15    (icmp             ) [ 000000]
trunc_ln708_74    (partselect       ) [ 000000]
tmp_317           (bitselect        ) [ 000000]
tmp_318           (bitselect        ) [ 000000]
zext_ln415_77     (zext             ) [ 000000]
trunc_ln415_77    (partselect       ) [ 000000]
zext_ln415_111    (zext             ) [ 000000]
add_ln415_77      (add              ) [ 000000]
add_ln416_77      (add              ) [ 000000]
tmp_319           (bitselect        ) [ 000000]
xor_ln416_77      (xor              ) [ 000000]
and_ln416_77      (and              ) [ 000000]
tmp_320           (bitselect        ) [ 000000]
p_Result_12_14    (partselect       ) [ 000000]
icmp_ln879_77     (icmp             ) [ 000000]
icmp_ln768_77     (icmp             ) [ 000000]
select_ln777_77   (select           ) [ 000000]
xor_ln785_15      (xor              ) [ 000000]
or_ln340_15       (or               ) [ 000000]
select_ln340_15   (select           ) [ 000000]
tmp_data_15_V     (select           ) [ 001010]
icmp_ln1494_16    (icmp             ) [ 000000]
trunc_ln708_75    (partselect       ) [ 000000]
tmp_321           (bitselect        ) [ 000000]
tmp_322           (bitselect        ) [ 000000]
zext_ln415_78     (zext             ) [ 000000]
trunc_ln415_78    (partselect       ) [ 000000]
zext_ln415_112    (zext             ) [ 000000]
add_ln415_78      (add              ) [ 000000]
add_ln416_78      (add              ) [ 000000]
tmp_323           (bitselect        ) [ 000000]
xor_ln416_78      (xor              ) [ 000000]
and_ln416_78      (and              ) [ 000000]
tmp_324           (bitselect        ) [ 000000]
p_Result_12_15    (partselect       ) [ 000000]
icmp_ln879_78     (icmp             ) [ 000000]
icmp_ln768_78     (icmp             ) [ 000000]
select_ln777_78   (select           ) [ 000000]
xor_ln785_16      (xor              ) [ 000000]
or_ln340_16       (or               ) [ 000000]
select_ln340_16   (select           ) [ 000000]
tmp_data_16_V     (select           ) [ 001010]
icmp_ln1494_17    (icmp             ) [ 000000]
trunc_ln708_76    (partselect       ) [ 000000]
tmp_325           (bitselect        ) [ 000000]
tmp_326           (bitselect        ) [ 000000]
zext_ln415_79     (zext             ) [ 000000]
trunc_ln415_79    (partselect       ) [ 000000]
zext_ln415_113    (zext             ) [ 000000]
add_ln415_79      (add              ) [ 000000]
add_ln416_79      (add              ) [ 000000]
tmp_327           (bitselect        ) [ 000000]
xor_ln416_79      (xor              ) [ 000000]
and_ln416_79      (and              ) [ 000000]
tmp_328           (bitselect        ) [ 000000]
p_Result_12_16    (partselect       ) [ 000000]
icmp_ln879_79     (icmp             ) [ 000000]
icmp_ln768_79     (icmp             ) [ 000000]
select_ln777_79   (select           ) [ 000000]
xor_ln785_17      (xor              ) [ 000000]
or_ln340_17       (or               ) [ 000000]
select_ln340_17   (select           ) [ 000000]
tmp_data_17_V     (select           ) [ 001010]
icmp_ln1494_18    (icmp             ) [ 000000]
trunc_ln708_77    (partselect       ) [ 000000]
tmp_329           (bitselect        ) [ 000000]
tmp_330           (bitselect        ) [ 000000]
zext_ln415_80     (zext             ) [ 000000]
trunc_ln415_80    (partselect       ) [ 000000]
zext_ln415_114    (zext             ) [ 000000]
add_ln415_80      (add              ) [ 000000]
add_ln416_80      (add              ) [ 000000]
tmp_331           (bitselect        ) [ 000000]
xor_ln416_80      (xor              ) [ 000000]
and_ln416_80      (and              ) [ 000000]
tmp_332           (bitselect        ) [ 000000]
p_Result_12_17    (partselect       ) [ 000000]
icmp_ln879_80     (icmp             ) [ 000000]
icmp_ln768_80     (icmp             ) [ 000000]
select_ln777_80   (select           ) [ 000000]
xor_ln785_18      (xor              ) [ 000000]
or_ln340_18       (or               ) [ 000000]
select_ln340_18   (select           ) [ 000000]
tmp_data_18_V     (select           ) [ 001010]
icmp_ln1494_19    (icmp             ) [ 000000]
trunc_ln708_78    (partselect       ) [ 000000]
tmp_333           (bitselect        ) [ 000000]
tmp_334           (bitselect        ) [ 000000]
zext_ln415_81     (zext             ) [ 000000]
trunc_ln415_81    (partselect       ) [ 000000]
zext_ln415_115    (zext             ) [ 000000]
add_ln415_81      (add              ) [ 000000]
add_ln416_81      (add              ) [ 000000]
tmp_335           (bitselect        ) [ 000000]
xor_ln416_81      (xor              ) [ 000000]
and_ln416_81      (and              ) [ 000000]
tmp_336           (bitselect        ) [ 000000]
p_Result_12_18    (partselect       ) [ 000000]
icmp_ln879_81     (icmp             ) [ 000000]
icmp_ln768_81     (icmp             ) [ 000000]
select_ln777_81   (select           ) [ 000000]
xor_ln785_19      (xor              ) [ 000000]
or_ln340_19       (or               ) [ 000000]
select_ln340_19   (select           ) [ 000000]
tmp_data_19_V     (select           ) [ 001010]
icmp_ln1494_20    (icmp             ) [ 000000]
trunc_ln708_79    (partselect       ) [ 000000]
tmp_337           (bitselect        ) [ 000000]
tmp_338           (bitselect        ) [ 000000]
zext_ln415_82     (zext             ) [ 000000]
trunc_ln415_82    (partselect       ) [ 000000]
zext_ln415_116    (zext             ) [ 000000]
add_ln415_82      (add              ) [ 000000]
add_ln416_82      (add              ) [ 000000]
tmp_339           (bitselect        ) [ 000000]
xor_ln416_82      (xor              ) [ 000000]
and_ln416_82      (and              ) [ 000000]
tmp_340           (bitselect        ) [ 000000]
p_Result_12_19    (partselect       ) [ 000000]
icmp_ln879_82     (icmp             ) [ 000000]
icmp_ln768_82     (icmp             ) [ 000000]
select_ln777_82   (select           ) [ 000000]
xor_ln785_20      (xor              ) [ 000000]
or_ln340_20       (or               ) [ 000000]
select_ln340_20   (select           ) [ 000000]
tmp_data_20_V     (select           ) [ 001010]
icmp_ln1494_21    (icmp             ) [ 000000]
trunc_ln708_80    (partselect       ) [ 000000]
tmp_341           (bitselect        ) [ 000000]
tmp_342           (bitselect        ) [ 000000]
zext_ln415_83     (zext             ) [ 000000]
trunc_ln415_83    (partselect       ) [ 000000]
zext_ln415_117    (zext             ) [ 000000]
add_ln415_83      (add              ) [ 000000]
add_ln416_83      (add              ) [ 000000]
tmp_343           (bitselect        ) [ 000000]
xor_ln416_83      (xor              ) [ 000000]
and_ln416_83      (and              ) [ 000000]
tmp_344           (bitselect        ) [ 000000]
p_Result_12_20    (partselect       ) [ 000000]
icmp_ln879_83     (icmp             ) [ 000000]
icmp_ln768_83     (icmp             ) [ 000000]
select_ln777_83   (select           ) [ 000000]
xor_ln785_21      (xor              ) [ 000000]
or_ln340_21       (or               ) [ 000000]
select_ln340_21   (select           ) [ 000000]
tmp_data_21_V     (select           ) [ 001010]
icmp_ln1494_22    (icmp             ) [ 000000]
trunc_ln708_81    (partselect       ) [ 000000]
tmp_345           (bitselect        ) [ 000000]
tmp_346           (bitselect        ) [ 000000]
zext_ln415_84     (zext             ) [ 000000]
trunc_ln415_84    (partselect       ) [ 000000]
zext_ln415_118    (zext             ) [ 000000]
add_ln415_84      (add              ) [ 000000]
add_ln416_84      (add              ) [ 000000]
tmp_347           (bitselect        ) [ 000000]
xor_ln416_84      (xor              ) [ 000000]
and_ln416_84      (and              ) [ 000000]
tmp_348           (bitselect        ) [ 000000]
p_Result_12_21    (partselect       ) [ 000000]
icmp_ln879_84     (icmp             ) [ 000000]
icmp_ln768_84     (icmp             ) [ 000000]
select_ln777_84   (select           ) [ 000000]
xor_ln785_22      (xor              ) [ 000000]
or_ln340_22       (or               ) [ 000000]
select_ln340_22   (select           ) [ 000000]
tmp_data_22_V     (select           ) [ 001010]
icmp_ln1494_23    (icmp             ) [ 000000]
trunc_ln708_82    (partselect       ) [ 000000]
tmp_349           (bitselect        ) [ 000000]
tmp_350           (bitselect        ) [ 000000]
zext_ln415_85     (zext             ) [ 000000]
trunc_ln415_85    (partselect       ) [ 000000]
zext_ln415_119    (zext             ) [ 000000]
add_ln415_85      (add              ) [ 000000]
add_ln416_85      (add              ) [ 000000]
tmp_351           (bitselect        ) [ 000000]
xor_ln416_85      (xor              ) [ 000000]
and_ln416_85      (and              ) [ 000000]
tmp_352           (bitselect        ) [ 000000]
p_Result_12_22    (partselect       ) [ 000000]
icmp_ln879_85     (icmp             ) [ 000000]
icmp_ln768_85     (icmp             ) [ 000000]
select_ln777_85   (select           ) [ 000000]
xor_ln785_23      (xor              ) [ 000000]
or_ln340_23       (or               ) [ 000000]
select_ln340_23   (select           ) [ 000000]
tmp_data_23_V     (select           ) [ 001010]
icmp_ln1494_24    (icmp             ) [ 000000]
trunc_ln708_83    (partselect       ) [ 000000]
tmp_353           (bitselect        ) [ 000000]
tmp_354           (bitselect        ) [ 000000]
zext_ln415_86     (zext             ) [ 000000]
trunc_ln415_86    (partselect       ) [ 000000]
zext_ln415_120    (zext             ) [ 000000]
add_ln415_86      (add              ) [ 000000]
add_ln416_86      (add              ) [ 000000]
tmp_355           (bitselect        ) [ 000000]
xor_ln416_86      (xor              ) [ 000000]
and_ln416_86      (and              ) [ 000000]
tmp_356           (bitselect        ) [ 000000]
p_Result_12_23    (partselect       ) [ 000000]
icmp_ln879_86     (icmp             ) [ 000000]
icmp_ln768_86     (icmp             ) [ 000000]
select_ln777_86   (select           ) [ 000000]
xor_ln785_24      (xor              ) [ 000000]
or_ln340_24       (or               ) [ 000000]
select_ln340_24   (select           ) [ 000000]
tmp_data_24_V     (select           ) [ 001010]
icmp_ln1494_25    (icmp             ) [ 000000]
trunc_ln708_84    (partselect       ) [ 000000]
tmp_357           (bitselect        ) [ 000000]
tmp_358           (bitselect        ) [ 000000]
zext_ln415_87     (zext             ) [ 000000]
trunc_ln415_87    (partselect       ) [ 000000]
zext_ln415_121    (zext             ) [ 000000]
add_ln415_87      (add              ) [ 000000]
add_ln416_87      (add              ) [ 000000]
tmp_359           (bitselect        ) [ 000000]
xor_ln416_87      (xor              ) [ 000000]
and_ln416_87      (and              ) [ 000000]
tmp_360           (bitselect        ) [ 000000]
p_Result_12_24    (partselect       ) [ 000000]
icmp_ln879_87     (icmp             ) [ 000000]
icmp_ln768_87     (icmp             ) [ 000000]
select_ln777_87   (select           ) [ 000000]
xor_ln785_25      (xor              ) [ 000000]
or_ln340_25       (or               ) [ 000000]
select_ln340_25   (select           ) [ 000000]
tmp_data_25_V     (select           ) [ 001010]
icmp_ln1494_26    (icmp             ) [ 000000]
trunc_ln708_85    (partselect       ) [ 000000]
tmp_361           (bitselect        ) [ 000000]
tmp_362           (bitselect        ) [ 000000]
zext_ln415_88     (zext             ) [ 000000]
trunc_ln415_88    (partselect       ) [ 000000]
zext_ln415_122    (zext             ) [ 000000]
add_ln415_88      (add              ) [ 000000]
add_ln416_88      (add              ) [ 000000]
tmp_363           (bitselect        ) [ 000000]
xor_ln416_88      (xor              ) [ 000000]
and_ln416_88      (and              ) [ 000000]
tmp_364           (bitselect        ) [ 000000]
p_Result_12_25    (partselect       ) [ 000000]
icmp_ln879_88     (icmp             ) [ 000000]
icmp_ln768_88     (icmp             ) [ 000000]
select_ln777_88   (select           ) [ 000000]
xor_ln785_26      (xor              ) [ 000000]
or_ln340_26       (or               ) [ 000000]
select_ln340_26   (select           ) [ 000000]
tmp_data_26_V     (select           ) [ 001010]
icmp_ln1494_27    (icmp             ) [ 000000]
trunc_ln708_86    (partselect       ) [ 000000]
tmp_365           (bitselect        ) [ 000000]
tmp_366           (bitselect        ) [ 000000]
zext_ln415_89     (zext             ) [ 000000]
trunc_ln415_89    (partselect       ) [ 000000]
zext_ln415_123    (zext             ) [ 000000]
add_ln415_89      (add              ) [ 000000]
add_ln416_89      (add              ) [ 000000]
tmp_367           (bitselect        ) [ 000000]
xor_ln416_89      (xor              ) [ 000000]
and_ln416_89      (and              ) [ 000000]
tmp_368           (bitselect        ) [ 000000]
p_Result_12_26    (partselect       ) [ 000000]
icmp_ln879_89     (icmp             ) [ 000000]
icmp_ln768_89     (icmp             ) [ 000000]
select_ln777_89   (select           ) [ 000000]
xor_ln785_27      (xor              ) [ 000000]
or_ln340_27       (or               ) [ 000000]
select_ln340_27   (select           ) [ 000000]
tmp_data_27_V     (select           ) [ 001010]
icmp_ln1494_28    (icmp             ) [ 000000]
trunc_ln708_87    (partselect       ) [ 000000]
tmp_369           (bitselect        ) [ 000000]
tmp_370           (bitselect        ) [ 000000]
zext_ln415_90     (zext             ) [ 000000]
trunc_ln415_90    (partselect       ) [ 000000]
zext_ln415_124    (zext             ) [ 000000]
add_ln415_90      (add              ) [ 000000]
add_ln416_90      (add              ) [ 000000]
tmp_371           (bitselect        ) [ 000000]
xor_ln416_90      (xor              ) [ 000000]
and_ln416_90      (and              ) [ 000000]
tmp_372           (bitselect        ) [ 000000]
p_Result_12_27    (partselect       ) [ 000000]
icmp_ln879_90     (icmp             ) [ 000000]
icmp_ln768_90     (icmp             ) [ 000000]
select_ln777_90   (select           ) [ 000000]
xor_ln785_28      (xor              ) [ 000000]
or_ln340_28       (or               ) [ 000000]
select_ln340_28   (select           ) [ 000000]
tmp_data_28_V     (select           ) [ 001010]
icmp_ln1494_29    (icmp             ) [ 000000]
trunc_ln708_88    (partselect       ) [ 000000]
tmp_373           (bitselect        ) [ 000000]
tmp_374           (bitselect        ) [ 000000]
zext_ln415_91     (zext             ) [ 000000]
trunc_ln415_91    (partselect       ) [ 000000]
zext_ln415_125    (zext             ) [ 000000]
add_ln415_91      (add              ) [ 000000]
add_ln416_91      (add              ) [ 000000]
tmp_375           (bitselect        ) [ 000000]
xor_ln416_91      (xor              ) [ 000000]
and_ln416_91      (and              ) [ 000000]
tmp_376           (bitselect        ) [ 000000]
p_Result_12_28    (partselect       ) [ 000000]
icmp_ln879_91     (icmp             ) [ 000000]
icmp_ln768_91     (icmp             ) [ 000000]
select_ln777_91   (select           ) [ 000000]
xor_ln785_29      (xor              ) [ 000000]
or_ln340_29       (or               ) [ 000000]
select_ln340_29   (select           ) [ 000000]
tmp_data_29_V     (select           ) [ 001010]
icmp_ln1494_30    (icmp             ) [ 000000]
trunc_ln708_89    (partselect       ) [ 000000]
tmp_377           (bitselect        ) [ 000000]
tmp_378           (bitselect        ) [ 000000]
zext_ln415_92     (zext             ) [ 000000]
trunc_ln415_92    (partselect       ) [ 000000]
zext_ln415_126    (zext             ) [ 000000]
add_ln415_92      (add              ) [ 000000]
add_ln416_92      (add              ) [ 000000]
tmp_379           (bitselect        ) [ 000000]
xor_ln416_92      (xor              ) [ 000000]
and_ln416_92      (and              ) [ 000000]
tmp_380           (bitselect        ) [ 000000]
p_Result_12_29    (partselect       ) [ 000000]
icmp_ln879_92     (icmp             ) [ 000000]
icmp_ln768_92     (icmp             ) [ 000000]
select_ln777_92   (select           ) [ 000000]
xor_ln785_30      (xor              ) [ 000000]
or_ln340_30       (or               ) [ 000000]
select_ln340_30   (select           ) [ 000000]
tmp_data_30_V     (select           ) [ 001010]
icmp_ln1494_31    (icmp             ) [ 000000]
trunc_ln708_90    (partselect       ) [ 000000]
tmp_381           (bitselect        ) [ 000000]
tmp_382           (bitselect        ) [ 000000]
zext_ln415_93     (zext             ) [ 000000]
trunc_ln415_93    (partselect       ) [ 000000]
zext_ln415_127    (zext             ) [ 000000]
add_ln415_93      (add              ) [ 000000]
add_ln416_93      (add              ) [ 000000]
tmp_383           (bitselect        ) [ 000000]
xor_ln416_93      (xor              ) [ 000000]
and_ln416_93      (and              ) [ 000000]
tmp_384           (bitselect        ) [ 000000]
p_Result_12_30    (partselect       ) [ 000000]
icmp_ln879_93     (icmp             ) [ 000000]
icmp_ln768_93     (icmp             ) [ 000000]
select_ln777_93   (select           ) [ 000000]
xor_ln785_31      (xor              ) [ 000000]
or_ln340_31       (or               ) [ 000000]
select_ln340_31   (select           ) [ 000000]
tmp_data_31_V     (select           ) [ 001010]
specloopname_ln41 (specloopname     ) [ 000000]
tmp               (specregionbegin  ) [ 000000]
specpipeline_ln42 (specpipeline     ) [ 000000]
zext_ln1494       (zext             ) [ 000000]
zext_ln1494_63    (zext             ) [ 000000]
zext_ln1494_64    (zext             ) [ 000000]
zext_ln1494_65    (zext             ) [ 000000]
zext_ln1494_66    (zext             ) [ 000000]
zext_ln1494_67    (zext             ) [ 000000]
zext_ln1494_68    (zext             ) [ 000000]
zext_ln1494_69    (zext             ) [ 000000]
zext_ln1494_70    (zext             ) [ 000000]
zext_ln1494_71    (zext             ) [ 000000]
zext_ln1494_72    (zext             ) [ 000000]
zext_ln1494_73    (zext             ) [ 000000]
zext_ln1494_74    (zext             ) [ 000000]
zext_ln1494_75    (zext             ) [ 000000]
zext_ln1494_76    (zext             ) [ 000000]
zext_ln1494_77    (zext             ) [ 000000]
zext_ln1494_78    (zext             ) [ 000000]
zext_ln1494_79    (zext             ) [ 000000]
zext_ln1494_80    (zext             ) [ 000000]
zext_ln1494_81    (zext             ) [ 000000]
zext_ln1494_82    (zext             ) [ 000000]
zext_ln1494_83    (zext             ) [ 000000]
zext_ln1494_84    (zext             ) [ 000000]
zext_ln1494_85    (zext             ) [ 000000]
zext_ln1494_86    (zext             ) [ 000000]
zext_ln1494_87    (zext             ) [ 000000]
zext_ln1494_88    (zext             ) [ 000000]
zext_ln1494_89    (zext             ) [ 000000]
zext_ln1494_90    (zext             ) [ 000000]
zext_ln1494_91    (zext             ) [ 000000]
zext_ln1494_92    (zext             ) [ 000000]
zext_ln1494_93    (zext             ) [ 000000]
write_ln57        (write            ) [ 000000]
empty_42          (specregionend    ) [ 000000]
br_ln41           (br               ) [ 011110]
ret_ln59          (ret              ) [ 000000]
</LifeTime>

<model>

<comp_list>
<comp id="0" class="1000" name="data_V_data_0_V">
<pin_list>
<pin id="1" dir="1" index="0" bw="1" slack="0"/>
</pin_list>
<bind>
<StgValue><ssdm name="data_V_data_0_V"/></StgValue>
</bind>
</comp>

<comp id="2" class="1000" name="data_V_data_1_V">
<pin_list>
<pin id="3" dir="1" index="0" bw="1" slack="0"/>
</pin_list>
<bind>
<StgValue><ssdm name="data_V_data_1_V"/></StgValue>
</bind>
</comp>

<comp id="4" class="1000" name="data_V_data_2_V">
<pin_list>
<pin id="5" dir="1" index="0" bw="1" slack="0"/>
</pin_list>
<bind>
<StgValue><ssdm name="data_V_data_2_V"/></StgValue>
</bind>
</comp>

<comp id="6" class="1000" name="data_V_data_3_V">
<pin_list>
<pin id="7" dir="1" index="0" bw="1" slack="0"/>
</pin_list>
<bind>
<StgValue><ssdm name="data_V_data_3_V"/></StgValue>
</bind>
</comp>

<comp id="8" class="1000" name="data_V_data_4_V">
<pin_list>
<pin id="9" dir="1" index="0" bw="1" slack="0"/>
</pin_list>
<bind>
<StgValue><ssdm name="data_V_data_4_V"/></StgValue>
</bind>
</comp>

<comp id="10" class="1000" name="data_V_data_5_V">
<pin_list>
<pin id="11" dir="1" index="0" bw="1" slack="0"/>
</pin_list>
<bind>
<StgValue><ssdm name="data_V_data_5_V"/></StgValue>
</bind>
</comp>

<comp id="12" class="1000" name="data_V_data_6_V">
<pin_list>
<pin id="13" dir="1" index="0" bw="1" slack="0"/>
</pin_list>
<bind>
<StgValue><ssdm name="data_V_data_6_V"/></StgValue>
</bind>
</comp>

<comp id="14" class="1000" name="data_V_data_7_V">
<pin_list>
<pin id="15" dir="1" index="0" bw="1" slack="0"/>
</pin_list>
<bind>
<StgValue><ssdm name="data_V_data_7_V"/></StgValue>
</bind>
</comp>

<comp id="16" class="1000" name="data_V_data_8_V">
<pin_list>
<pin id="17" dir="1" index="0" bw="1" slack="0"/>
</pin_list>
<bind>
<StgValue><ssdm name="data_V_data_8_V"/></StgValue>
</bind>
</comp>

<comp id="18" class="1000" name="data_V_data_9_V">
<pin_list>
<pin id="19" dir="1" index="0" bw="1" slack="0"/>
</pin_list>
<bind>
<StgValue><ssdm name="data_V_data_9_V"/></StgValue>
</bind>
</comp>

<comp id="20" class="1000" name="data_V_data_10_V">
<pin_list>
<pin id="21" dir="1" index="0" bw="1" slack="0"/>
</pin_list>
<bind>
<StgValue><ssdm name="data_V_data_10_V"/></StgValue>
</bind>
</comp>

<comp id="22" class="1000" name="data_V_data_11_V">
<pin_list>
<pin id="23" dir="1" index="0" bw="1" slack="0"/>
</pin_list>
<bind>
<StgValue><ssdm name="data_V_data_11_V"/></StgValue>
</bind>
</comp>

<comp id="24" class="1000" name="data_V_data_12_V">
<pin_list>
<pin id="25" dir="1" index="0" bw="1" slack="0"/>
</pin_list>
<bind>
<StgValue><ssdm name="data_V_data_12_V"/></StgValue>
</bind>
</comp>

<comp id="26" class="1000" name="data_V_data_13_V">
<pin_list>
<pin id="27" dir="1" index="0" bw="1" slack="0"/>
</pin_list>
<bind>
<StgValue><ssdm name="data_V_data_13_V"/></StgValue>
</bind>
</comp>

<comp id="28" class="1000" name="data_V_data_14_V">
<pin_list>
<pin id="29" dir="1" index="0" bw="1" slack="0"/>
</pin_list>
<bind>
<StgValue><ssdm name="data_V_data_14_V"/></StgValue>
</bind>
</comp>

<comp id="30" class="1000" name="data_V_data_15_V">
<pin_list>
<pin id="31" dir="1" index="0" bw="1" slack="0"/>
</pin_list>
<bind>
<StgValue><ssdm name="data_V_data_15_V"/></StgValue>
</bind>
</comp>

<comp id="32" class="1000" name="data_V_data_16_V">
<pin_list>
<pin id="33" dir="1" index="0" bw="1" slack="0"/>
</pin_list>
<bind>
<StgValue><ssdm name="data_V_data_16_V"/></StgValue>
</bind>
</comp>

<comp id="34" class="1000" name="data_V_data_17_V">
<pin_list>
<pin id="35" dir="1" index="0" bw="1" slack="0"/>
</pin_list>
<bind>
<StgValue><ssdm name="data_V_data_17_V"/></StgValue>
</bind>
</comp>

<comp id="36" class="1000" name="data_V_data_18_V">
<pin_list>
<pin id="37" dir="1" index="0" bw="1" slack="0"/>
</pin_list>
<bind>
<StgValue><ssdm name="data_V_data_18_V"/></StgValue>
</bind>
</comp>

<comp id="38" class="1000" name="data_V_data_19_V">
<pin_list>
<pin id="39" dir="1" index="0" bw="1" slack="0"/>
</pin_list>
<bind>
<StgValue><ssdm name="data_V_data_19_V"/></StgValue>
</bind>
</comp>

<comp id="40" class="1000" name="data_V_data_20_V">
<pin_list>
<pin id="41" dir="1" index="0" bw="1" slack="0"/>
</pin_list>
<bind>
<StgValue><ssdm name="data_V_data_20_V"/></StgValue>
</bind>
</comp>

<comp id="42" class="1000" name="data_V_data_21_V">
<pin_list>
<pin id="43" dir="1" index="0" bw="1" slack="0"/>
</pin_list>
<bind>
<StgValue><ssdm name="data_V_data_21_V"/></StgValue>
</bind>
</comp>

<comp id="44" class="1000" name="data_V_data_22_V">
<pin_list>
<pin id="45" dir="1" index="0" bw="1" slack="0"/>
</pin_list>
<bind>
<StgValue><ssdm name="data_V_data_22_V"/></StgValue>
</bind>
</comp>

<comp id="46" class="1000" name="data_V_data_23_V">
<pin_list>
<pin id="47" dir="1" index="0" bw="1" slack="0"/>
</pin_list>
<bind>
<StgValue><ssdm name="data_V_data_23_V"/></StgValue>
</bind>
</comp>

<comp id="48" class="1000" name="data_V_data_24_V">
<pin_list>
<pin id="49" dir="1" index="0" bw="1" slack="0"/>
</pin_list>
<bind>
<StgValue><ssdm name="data_V_data_24_V"/></StgValue>
</bind>
</comp>

<comp id="50" class="1000" name="data_V_data_25_V">
<pin_list>
<pin id="51" dir="1" index="0" bw="1" slack="0"/>
</pin_list>
<bind>
<StgValue><ssdm name="data_V_data_25_V"/></StgValue>
</bind>
</comp>

<comp id="52" class="1000" name="data_V_data_26_V">
<pin_list>
<pin id="53" dir="1" index="0" bw="1" slack="0"/>
</pin_list>
<bind>
<StgValue><ssdm name="data_V_data_26_V"/></StgValue>
</bind>
</comp>

<comp id="54" class="1000" name="data_V_data_27_V">
<pin_list>
<pin id="55" dir="1" index="0" bw="1" slack="0"/>
</pin_list>
<bind>
<StgValue><ssdm name="data_V_data_27_V"/></StgValue>
</bind>
</comp>

<comp id="56" class="1000" name="data_V_data_28_V">
<pin_list>
<pin id="57" dir="1" index="0" bw="1" slack="0"/>
</pin_list>
<bind>
<StgValue><ssdm name="data_V_data_28_V"/></StgValue>
</bind>
</comp>

<comp id="58" class="1000" name="data_V_data_29_V">
<pin_list>
<pin id="59" dir="1" index="0" bw="1" slack="0"/>
</pin_list>
<bind>
<StgValue><ssdm name="data_V_data_29_V"/></StgValue>
</bind>
</comp>

<comp id="60" class="1000" name="data_V_data_30_V">
<pin_list>
<pin id="61" dir="1" index="0" bw="1" slack="0"/>
</pin_list>
<bind>
<StgValue><ssdm name="data_V_data_30_V"/></StgValue>
</bind>
</comp>

<comp id="62" class="1000" name="data_V_data_31_V">
<pin_list>
<pin id="63" dir="1" index="0" bw="1" slack="0"/>
</pin_list>
<bind>
<StgValue><ssdm name="data_V_data_31_V"/></StgValue>
</bind>
</comp>

<comp id="64" class="1000" name="res_V_data_0_V">
<pin_list>
<pin id="65" dir="1" index="0" bw="1" slack="0"/>
</pin_list>
<bind>
<StgValue><ssdm name="res_V_data_0_V"/></StgValue>
</bind>
</comp>

<comp id="66" class="1000" name="res_V_data_1_V">
<pin_list>
<pin id="67" dir="1" index="0" bw="1" slack="0"/>
</pin_list>
<bind>
<StgValue><ssdm name="res_V_data_1_V"/></StgValue>
</bind>
</comp>

<comp id="68" class="1000" name="res_V_data_2_V">
<pin_list>
<pin id="69" dir="1" index="0" bw="1" slack="0"/>
</pin_list>
<bind>
<StgValue><ssdm name="res_V_data_2_V"/></StgValue>
</bind>
</comp>

<comp id="70" class="1000" name="res_V_data_3_V">
<pin_list>
<pin id="71" dir="1" index="0" bw="1" slack="0"/>
</pin_list>
<bind>
<StgValue><ssdm name="res_V_data_3_V"/></StgValue>
</bind>
</comp>

<comp id="72" class="1000" name="res_V_data_4_V">
<pin_list>
<pin id="73" dir="1" index="0" bw="1" slack="0"/>
</pin_list>
<bind>
<StgValue><ssdm name="res_V_data_4_V"/></StgValue>
</bind>
</comp>

<comp id="74" class="1000" name="res_V_data_5_V">
<pin_list>
<pin id="75" dir="1" index="0" bw="1" slack="0"/>
</pin_list>
<bind>
<StgValue><ssdm name="res_V_data_5_V"/></StgValue>
</bind>
</comp>

<comp id="76" class="1000" name="res_V_data_6_V">
<pin_list>
<pin id="77" dir="1" index="0" bw="1" slack="0"/>
</pin_list>
<bind>
<StgValue><ssdm name="res_V_data_6_V"/></StgValue>
</bind>
</comp>

<comp id="78" class="1000" name="res_V_data_7_V">
<pin_list>
<pin id="79" dir="1" index="0" bw="1" slack="0"/>
</pin_list>
<bind>
<StgValue><ssdm name="res_V_data_7_V"/></StgValue>
</bind>
</comp>

<comp id="80" class="1000" name="res_V_data_8_V">
<pin_list>
<pin id="81" dir="1" index="0" bw="1" slack="0"/>
</pin_list>
<bind>
<StgValue><ssdm name="res_V_data_8_V"/></StgValue>
</bind>
</comp>

<comp id="82" class="1000" name="res_V_data_9_V">
<pin_list>
<pin id="83" dir="1" index="0" bw="1" slack="0"/>
</pin_list>
<bind>
<StgValue><ssdm name="res_V_data_9_V"/></StgValue>
</bind>
</comp>

<comp id="84" class="1000" name="res_V_data_10_V">
<pin_list>
<pin id="85" dir="1" index="0" bw="1" slack="0"/>
</pin_list>
<bind>
<StgValue><ssdm name="res_V_data_10_V"/></StgValue>
</bind>
</comp>

<comp id="86" class="1000" name="res_V_data_11_V">
<pin_list>
<pin id="87" dir="1" index="0" bw="1" slack="0"/>
</pin_list>
<bind>
<StgValue><ssdm name="res_V_data_11_V"/></StgValue>
</bind>
</comp>

<comp id="88" class="1000" name="res_V_data_12_V">
<pin_list>
<pin id="89" dir="1" index="0" bw="1" slack="0"/>
</pin_list>
<bind>
<StgValue><ssdm name="res_V_data_12_V"/></StgValue>
</bind>
</comp>

<comp id="90" class="1000" name="res_V_data_13_V">
<pin_list>
<pin id="91" dir="1" index="0" bw="1" slack="0"/>
</pin_list>
<bind>
<StgValue><ssdm name="res_V_data_13_V"/></StgValue>
</bind>
</comp>

<comp id="92" class="1000" name="res_V_data_14_V">
<pin_list>
<pin id="93" dir="1" index="0" bw="1" slack="0"/>
</pin_list>
<bind>
<StgValue><ssdm name="res_V_data_14_V"/></StgValue>
</bind>
</comp>

<comp id="94" class="1000" name="res_V_data_15_V">
<pin_list>
<pin id="95" dir="1" index="0" bw="1" slack="0"/>
</pin_list>
<bind>
<StgValue><ssdm name="res_V_data_15_V"/></StgValue>
</bind>
</comp>

<comp id="96" class="1000" name="res_V_data_16_V">
<pin_list>
<pin id="97" dir="1" index="0" bw="1" slack="0"/>
</pin_list>
<bind>
<StgValue><ssdm name="res_V_data_16_V"/></StgValue>
</bind>
</comp>

<comp id="98" class="1000" name="res_V_data_17_V">
<pin_list>
<pin id="99" dir="1" index="0" bw="1" slack="0"/>
</pin_list>
<bind>
<StgValue><ssdm name="res_V_data_17_V"/></StgValue>
</bind>
</comp>

<comp id="100" class="1000" name="res_V_data_18_V">
<pin_list>
<pin id="101" dir="1" index="0" bw="1" slack="0"/>
</pin_list>
<bind>
<StgValue><ssdm name="res_V_data_18_V"/></StgValue>
</bind>
</comp>

<comp id="102" class="1000" name="res_V_data_19_V">
<pin_list>
<pin id="103" dir="1" index="0" bw="1" slack="0"/>
</pin_list>
<bind>
<StgValue><ssdm name="res_V_data_19_V"/></StgValue>
</bind>
</comp>

<comp id="104" class="1000" name="res_V_data_20_V">
<pin_list>
<pin id="105" dir="1" index="0" bw="1" slack="0"/>
</pin_list>
<bind>
<StgValue><ssdm name="res_V_data_20_V"/></StgValue>
</bind>
</comp>

<comp id="106" class="1000" name="res_V_data_21_V">
<pin_list>
<pin id="107" dir="1" index="0" bw="1" slack="0"/>
</pin_list>
<bind>
<StgValue><ssdm name="res_V_data_21_V"/></StgValue>
</bind>
</comp>

<comp id="108" class="1000" name="res_V_data_22_V">
<pin_list>
<pin id="109" dir="1" index="0" bw="1" slack="0"/>
</pin_list>
<bind>
<StgValue><ssdm name="res_V_data_22_V"/></StgValue>
</bind>
</comp>

<comp id="110" class="1000" name="res_V_data_23_V">
<pin_list>
<pin id="111" dir="1" index="0" bw="1" slack="0"/>
</pin_list>
<bind>
<StgValue><ssdm name="res_V_data_23_V"/></StgValue>
</bind>
</comp>

<comp id="112" class="1000" name="res_V_data_24_V">
<pin_list>
<pin id="113" dir="1" index="0" bw="1" slack="0"/>
</pin_list>
<bind>
<StgValue><ssdm name="res_V_data_24_V"/></StgValue>
</bind>
</comp>

<comp id="114" class="1000" name="res_V_data_25_V">
<pin_list>
<pin id="115" dir="1" index="0" bw="1" slack="0"/>
</pin_list>
<bind>
<StgValue><ssdm name="res_V_data_25_V"/></StgValue>
</bind>
</comp>

<comp id="116" class="1000" name="res_V_data_26_V">
<pin_list>
<pin id="117" dir="1" index="0" bw="1" slack="0"/>
</pin_list>
<bind>
<StgValue><ssdm name="res_V_data_26_V"/></StgValue>
</bind>
</comp>

<comp id="118" class="1000" name="res_V_data_27_V">
<pin_list>
<pin id="119" dir="1" index="0" bw="1" slack="0"/>
</pin_list>
<bind>
<StgValue><ssdm name="res_V_data_27_V"/></StgValue>
</bind>
</comp>

<comp id="120" class="1000" name="res_V_data_28_V">
<pin_list>
<pin id="121" dir="1" index="0" bw="1" slack="0"/>
</pin_list>
<bind>
<StgValue><ssdm name="res_V_data_28_V"/></StgValue>
</bind>
</comp>

<comp id="122" class="1000" name="res_V_data_29_V">
<pin_list>
<pin id="123" dir="1" index="0" bw="1" slack="0"/>
</pin_list>
<bind>
<StgValue><ssdm name="res_V_data_29_V"/></StgValue>
</bind>
</comp>

<comp id="124" class="1000" name="res_V_data_30_V">
<pin_list>
<pin id="125" dir="1" index="0" bw="1" slack="0"/>
</pin_list>
<bind>
<StgValue><ssdm name="res_V_data_30_V"/></StgValue>
</bind>
</comp>

<comp id="126" class="1000" name="res_V_data_31_V">
<pin_list>
<pin id="127" dir="1" index="0" bw="1" slack="0"/>
</pin_list>
<bind>
<StgValue><ssdm name="res_V_data_31_V"/></StgValue>
</bind>
</comp>

<comp id="128" class="1001" name="const_128">
<pin_list>
<pin id="129" dir="1" index="0" bw="1" slack="2147483647"/>
</pin_list>
<bind>
<StgValue><ssdm name="_ssdm_op_SpecInterface"/></StgValue>
</bind>
</comp>

<comp id="130" class="1001" name="const_130">
<pin_list>
<pin id="131" dir="1" index="0" bw="1" slack="2147483647"/>
</pin_list>
<bind>
<StgValue><ssdm name="ap_fifo_str"/></StgValue>
</bind>
</comp>

<comp id="132" class="1001" name="const_132">
<pin_list>
<pin id="133" dir="1" index="0" bw="1" slack="2147483647"/>
</pin_list>
<bind>
<StgValue><ssdm name=""/></StgValue>
</bind>
</comp>

<comp id="134" class="1001" name="const_134">
<pin_list>
<pin id="135" dir="1" index="0" bw="1" slack="2147483647"/>
</pin_list>
<bind>
<StgValue><ssdm name="p_str"/></StgValue>
</bind>
</comp>

<comp id="136" class="1001" name="const_136">
<pin_list>
<pin id="137" dir="1" index="0" bw="1" slack="0"/>
</pin_list>
<bind>
<StgValue><ssdm name=""/></StgValue>
</bind>
</comp>

<comp id="138" class="1001" name="const_138">
<pin_list>
<pin id="139" dir="1" index="0" bw="1" slack="2147483647"/>
</pin_list>
<bind>
<StgValue><ssdm name=""/></StgValue>
</bind>
</comp>

<comp id="140" class="1001" name="const_140">
<pin_list>
<pin id="141" dir="1" index="0" bw="1" slack="0"/>
</pin_list>
<bind>
<StgValue><ssdm name=""/></StgValue>
</bind>
</comp>

<comp id="142" class="1001" name="const_142">
<pin_list>
<pin id="143" dir="1" index="0" bw="1" slack="0"/>
</pin_list>
<bind>
<StgValue><ssdm name=""/></StgValue>
</bind>
</comp>

<comp id="144" class="1001" name="const_144">
<pin_list>
<pin id="145" dir="1" index="0" bw="1" slack="2147483647"/>
</pin_list>
<bind>
<StgValue><ssdm name="_ssdm_op_SpecLoopTripCount"/></StgValue>
</bind>
</comp>

<comp id="146" class="1001" name="const_146">
<pin_list>
<pin id="147" dir="1" index="0" bw="1" slack="2147483647"/>
</pin_list>
<bind>
<StgValue><ssdm name=""/></StgValue>
</bind>
</comp>

<comp id="148" class="1001" name="const_148">
<pin_list>
<pin id="149" dir="1" index="0" bw="1" slack="0"/>
</pin_list>
<bind>
<StgValue><ssdm name=""/></StgValue>
</bind>
</comp>

<comp id="150" class="1001" name="const_150">
<pin_list>
<pin id="151" dir="1" index="0" bw="1" slack="0"/>
</pin_list>
<bind>
<StgValue><ssdm name="_ssdm_op_Read.ap_fifo.volatile.i14P.i14P.i14P.i14P.i14P.i14P.i14P.i14P.i14P.i14P.i14P.i14P.i14P.i14P.i14P.i14P.i14P.i14P.i14P.i14P.i14P.i14P.i14P.i14P.i14P.i14P.i14P.i14P.i14P.i14P.i14P.i14P"/></StgValue>
</bind>
</comp>

<comp id="152" class="1001" name="const_152">
<pin_list>
<pin id="153" dir="1" index="0" bw="1" slack="0"/>
</pin_list>
<bind>
<StgValue><ssdm name=""/></StgValue>
</bind>
</comp>

<comp id="154" class="1001" name="const_154">
<pin_list>
<pin id="155" dir="1" index="0" bw="1" slack="0"/>
</pin_list>
<bind>
<StgValue><ssdm name="_ssdm_op_PartSelect.i8.i14.i32.i32"/></StgValue>
</bind>
</comp>

<comp id="156" class="1001" name="const_156">
<pin_list>
<pin id="157" dir="1" index="0" bw="1" slack="0"/>
</pin_list>
<bind>
<StgValue><ssdm name=""/></StgValue>
</bind>
</comp>

<comp id="158" class="1001" name="const_158">
<pin_list>
<pin id="159" dir="1" index="0" bw="1" slack="0"/>
</pin_list>
<bind>
<StgValue><ssdm name="_ssdm_op_BitSelect.i1.i14.i32"/></StgValue>
</bind>
</comp>

<comp id="160" class="1001" name="const_160">
<pin_list>
<pin id="161" dir="1" index="0" bw="1" slack="0"/>
</pin_list>
<bind>
<StgValue><ssdm name=""/></StgValue>
</bind>
</comp>

<comp id="162" class="1001" name="const_162">
<pin_list>
<pin id="163" dir="1" index="0" bw="1" slack="0"/>
</pin_list>
<bind>
<StgValue><ssdm name="_ssdm_op_PartSelect.i7.i14.i32.i32"/></StgValue>
</bind>
</comp>

<comp id="164" class="1001" name="const_164">
<pin_list>
<pin id="165" dir="1" index="0" bw="1" slack="0"/>
</pin_list>
<bind>
<StgValue><ssdm name=""/></StgValue>
</bind>
</comp>

<comp id="166" class="1001" name="const_166">
<pin_list>
<pin id="167" dir="1" index="0" bw="1" slack="0"/>
</pin_list>
<bind>
<StgValue><ssdm name="_ssdm_op_BitSelect.i1.i8.i32"/></StgValue>
</bind>
</comp>

<comp id="168" class="1001" name="const_168">
<pin_list>
<pin id="169" dir="1" index="0" bw="1" slack="0"/>
</pin_list>
<bind>
<StgValue><ssdm name=""/></StgValue>
</bind>
</comp>

<comp id="170" class="1001" name="const_170">
<pin_list>
<pin id="171" dir="1" index="0" bw="1" slack="0"/>
</pin_list>
<bind>
<StgValue><ssdm name=""/></StgValue>
</bind>
</comp>

<comp id="172" class="1001" name="const_172">
<pin_list>
<pin id="173" dir="1" index="0" bw="1" slack="0"/>
</pin_list>
<bind>
<StgValue><ssdm name="_ssdm_op_PartSelect.i4.i14.i32.i32"/></StgValue>
</bind>
</comp>

<comp id="174" class="1001" name="const_174">
<pin_list>
<pin id="175" dir="1" index="0" bw="1" slack="0"/>
</pin_list>
<bind>
<StgValue><ssdm name=""/></StgValue>
</bind>
</comp>

<comp id="176" class="1001" name="const_176">
<pin_list>
<pin id="177" dir="1" index="0" bw="1" slack="0"/>
</pin_list>
<bind>
<StgValue><ssdm name=""/></StgValue>
</bind>
</comp>

<comp id="178" class="1001" name="const_178">
<pin_list>
<pin id="179" dir="1" index="0" bw="1" slack="0"/>
</pin_list>
<bind>
<StgValue><ssdm name=""/></StgValue>
</bind>
</comp>

<comp id="180" class="1001" name="const_180">
<pin_list>
<pin id="181" dir="1" index="0" bw="1" slack="0"/>
</pin_list>
<bind>
<StgValue><ssdm name=""/></StgValue>
</bind>
</comp>

<comp id="182" class="1001" name="const_182">
<pin_list>
<pin id="183" dir="1" index="0" bw="1" slack="0"/>
</pin_list>
<bind>
<StgValue><ssdm name=""/></StgValue>
</bind>
</comp>

<comp id="184" class="1001" name="const_184">
<pin_list>
<pin id="185" dir="1" index="0" bw="1" slack="2147483647"/>
</pin_list>
<bind>
<StgValue><ssdm name="_ssdm_op_SpecLoopName"/></StgValue>
</bind>
</comp>

<comp id="186" class="1001" name="const_186">
<pin_list>
<pin id="187" dir="1" index="0" bw="1" slack="2147483647"/>
</pin_list>
<bind>
<StgValue><ssdm name="p_str37"/></StgValue>
</bind>
</comp>

<comp id="188" class="1001" name="const_188">
<pin_list>
<pin id="189" dir="1" index="0" bw="1" slack="2147483647"/>
</pin_list>
<bind>
<StgValue><ssdm name="_ssdm_op_SpecRegionBegin"/></StgValue>
</bind>
</comp>

<comp id="190" class="1001" name="const_190">
<pin_list>
<pin id="191" dir="1" index="0" bw="1" slack="2147483647"/>
</pin_list>
<bind>
<StgValue><ssdm name="_ssdm_op_SpecPipeline"/></StgValue>
</bind>
</comp>

<comp id="192" class="1001" name="const_192">
<pin_list>
<pin id="193" dir="1" index="0" bw="1" slack="2147483647"/>
</pin_list>
<bind>
<StgValue><ssdm name=""/></StgValue>
</bind>
</comp>

<comp id="194" class="1001" name="const_194">
<pin_list>
<pin id="195" dir="1" index="0" bw="1" slack="2147483647"/>
</pin_list>
<bind>
<StgValue><ssdm name="p_str13"/></StgValue>
</bind>
</comp>

<comp id="196" class="1001" name="const_196">
<pin_list>
<pin id="197" dir="1" index="0" bw="1" slack="0"/>
</pin_list>
<bind>
<StgValue><ssdm name="_ssdm_op_Write.ap_fifo.volatile.i8P.i8P.i8P.i8P.i8P.i8P.i8P.i8P.i8P.i8P.i8P.i8P.i8P.i8P.i8P.i8P.i8P.i8P.i8P.i8P.i8P.i8P.i8P.i8P.i8P.i8P.i8P.i8P.i8P.i8P.i8P.i8P"/></StgValue>
</bind>
</comp>

<comp id="198" class="1001" name="const_198">
<pin_list>
<pin id="199" dir="1" index="0" bw="1" slack="2147483647"/>
</pin_list>
<bind>
<StgValue><ssdm name="_ssdm_op_SpecRegionEnd"/></StgValue>
</bind>
</comp>

<comp id="200" class="1004" name="empty_41_read_fu_200">
<pin_list>
<pin id="201" dir="0" index="0" bw="448" slack="0"/>
<pin id="202" dir="0" index="1" bw="14" slack="0"/>
<pin id="203" dir="0" index="2" bw="14" slack="0"/>
<pin id="204" dir="0" index="3" bw="14" slack="0"/>
<pin id="205" dir="0" index="4" bw="14" slack="0"/>
<pin id="206" dir="0" index="5" bw="14" slack="0"/>
<pin id="207" dir="0" index="6" bw="14" slack="0"/>
<pin id="208" dir="0" index="7" bw="14" slack="0"/>
<pin id="209" dir="0" index="8" bw="14" slack="0"/>
<pin id="210" dir="0" index="9" bw="14" slack="0"/>
<pin id="211" dir="0" index="10" bw="14" slack="0"/>
<pin id="212" dir="0" index="11" bw="14" slack="0"/>
<pin id="213" dir="0" index="12" bw="14" slack="0"/>
<pin id="214" dir="0" index="13" bw="14" slack="0"/>
<pin id="215" dir="0" index="14" bw="14" slack="0"/>
<pin id="216" dir="0" index="15" bw="14" slack="0"/>
<pin id="217" dir="0" index="16" bw="14" slack="0"/>
<pin id="218" dir="0" index="17" bw="14" slack="0"/>
<pin id="219" dir="0" index="18" bw="14" slack="0"/>
<pin id="220" dir="0" index="19" bw="14" slack="0"/>
<pin id="221" dir="0" index="20" bw="14" slack="0"/>
<pin id="222" dir="0" index="21" bw="14" slack="0"/>
<pin id="223" dir="0" index="22" bw="14" slack="0"/>
<pin id="224" dir="0" index="23" bw="14" slack="0"/>
<pin id="225" dir="0" index="24" bw="14" slack="0"/>
<pin id="226" dir="0" index="25" bw="14" slack="0"/>
<pin id="227" dir="0" index="26" bw="14" slack="0"/>
<pin id="228" dir="0" index="27" bw="14" slack="0"/>
<pin id="229" dir="0" index="28" bw="14" slack="0"/>
<pin id="230" dir="0" index="29" bw="14" slack="0"/>
<pin id="231" dir="0" index="30" bw="14" slack="0"/>
<pin id="232" dir="0" index="31" bw="14" slack="0"/>
<pin id="233" dir="0" index="32" bw="14" slack="0"/>
<pin id="234" dir="1" index="33" bw="448" slack="0"/>
</pin_list>
<bind>
<opcode="read(1150) " fcode="read"/>
<opset="empty_41/3 "/>
</bind>
</comp>

<comp id="268" class="1004" name="write_ln57_write_fu_268">
<pin_list>
<pin id="269" dir="0" index="0" bw="0" slack="0"/>
<pin id="270" dir="0" index="1" bw="8" slack="0"/>
<pin id="271" dir="0" index="2" bw="8" slack="0"/>
<pin id="272" dir="0" index="3" bw="8" slack="0"/>
<pin id="273" dir="0" index="4" bw="8" slack="0"/>
<pin id="274" dir="0" index="5" bw="8" slack="0"/>
<pin id="275" dir="0" index="6" bw="8" slack="0"/>
<pin id="276" dir="0" index="7" bw="8" slack="0"/>
<pin id="277" dir="0" index="8" bw="8" slack="0"/>
<pin id="278" dir="0" index="9" bw="8" slack="0"/>
<pin id="279" dir="0" index="10" bw="8" slack="0"/>
<pin id="280" dir="0" index="11" bw="8" slack="0"/>
<pin id="281" dir="0" index="12" bw="8" slack="0"/>
<pin id="282" dir="0" index="13" bw="8" slack="0"/>
<pin id="283" dir="0" index="14" bw="8" slack="0"/>
<pin id="284" dir="0" index="15" bw="8" slack="0"/>
<pin id="285" dir="0" index="16" bw="8" slack="0"/>
<pin id="286" dir="0" index="17" bw="8" slack="0"/>
<pin id="287" dir="0" index="18" bw="8" slack="0"/>
<pin id="288" dir="0" index="19" bw="8" slack="0"/>
<pin id="289" dir="0" index="20" bw="8" slack="0"/>
<pin id="290" dir="0" index="21" bw="8" slack="0"/>
<pin id="291" dir="0" index="22" bw="8" slack="0"/>
<pin id="292" dir="0" index="23" bw="8" slack="0"/>
<pin id="293" dir="0" index="24" bw="8" slack="0"/>
<pin id="294" dir="0" index="25" bw="8" slack="0"/>
<pin id="295" dir="0" index="26" bw="8" slack="0"/>
<pin id="296" dir="0" index="27" bw="8" slack="0"/>
<pin id="297" dir="0" index="28" bw="8" slack="0"/>
<pin id="298" dir="0" index="29" bw="8" slack="0"/>
<pin id="299" dir="0" index="30" bw="8" slack="0"/>
<pin id="300" dir="0" index="31" bw="8" slack="0"/>
<pin id="301" dir="0" index="32" bw="8" slack="0"/>
<pin id="302" dir="0" index="33" bw="7" slack="0"/>
<pin id="303" dir="0" index="34" bw="7" slack="0"/>
<pin id="304" dir="0" index="35" bw="7" slack="0"/>
<pin id="305" dir="0" index="36" bw="7" slack="0"/>
<pin id="306" dir="0" index="37" bw="7" slack="0"/>
<pin id="307" dir="0" index="38" bw="7" slack="0"/>
<pin id="308" dir="0" index="39" bw="7" slack="0"/>
<pin id="309" dir="0" index="40" bw="7" slack="0"/>
<pin id="310" dir="0" index="41" bw="7" slack="0"/>
<pin id="311" dir="0" index="42" bw="7" slack="0"/>
<pin id="312" dir="0" index="43" bw="7" slack="0"/>
<pin id="313" dir="0" index="44" bw="7" slack="0"/>
<pin id="314" dir="0" index="45" bw="7" slack="0"/>
<pin id="315" dir="0" index="46" bw="7" slack="0"/>
<pin id="316" dir="0" index="47" bw="7" slack="0"/>
<pin id="317" dir="0" index="48" bw="7" slack="0"/>
<pin id="318" dir="0" index="49" bw="7" slack="0"/>
<pin id="319" dir="0" index="50" bw="7" slack="0"/>
<pin id="320" dir="0" index="51" bw="7" slack="0"/>
<pin id="321" dir="0" index="52" bw="7" slack="0"/>
<pin id="322" dir="0" index="53" bw="7" slack="0"/>
<pin id="323" dir="0" index="54" bw="7" slack="0"/>
<pin id="324" dir="0" index="55" bw="7" slack="0"/>
<pin id="325" dir="0" index="56" bw="7" slack="0"/>
<pin id="326" dir="0" index="57" bw="7" slack="0"/>
<pin id="327" dir="0" index="58" bw="7" slack="0"/>
<pin id="328" dir="0" index="59" bw="7" slack="0"/>
<pin id="329" dir="0" index="60" bw="7" slack="0"/>
<pin id="330" dir="0" index="61" bw="7" slack="0"/>
<pin id="331" dir="0" index="62" bw="7" slack="0"/>
<pin id="332" dir="0" index="63" bw="7" slack="0"/>
<pin id="333" dir="0" index="64" bw="7" slack="0"/>
<pin id="334" dir="1" index="65" bw="0" slack="2147483647"/>
</pin_list>
<bind>
<opcode="write(1151) " fcode="write"/>
<opset="write_ln57/4 "/>
</bind>
</comp>

<comp id="368" class="1005" name="i_0_reg_368">
<pin_list>
<pin id="369" dir="0" index="0" bw="7" slack="1"/>
<pin id="370" dir="1" index="1" bw="7" slack="1"/>
</pin_list>
<bind>
<opset="i_0 (phireg) "/>
</bind>
</comp>

<comp id="372" class="1004" name="i_0_phi_fu_372">
<pin_list>
<pin id="373" dir="0" index="0" bw="1" slack="1"/>
<pin id="374" dir="0" index="1" bw="0" slack="2147483647"/>
<pin id="375" dir="0" index="2" bw="7" slack="0"/>
<pin id="376" dir="0" index="3" bw="0" slack="2147483647"/>
<pin id="377" dir="1" index="4" bw="7" slack="0"/>
</pin_list>
<bind>
<opcode="phi(47) " fcode="phi"/>
<opset="i_0/2 "/>
</bind>
</comp>

<comp id="379" class="1004" name="icmp_ln41_fu_379">
<pin_list>
<pin id="380" dir="0" index="0" bw="7" slack="0"/>
<pin id="381" dir="0" index="1" bw="7" slack="0"/>
<pin id="382" dir="1" index="2" bw="1" slack="1"/>
</pin_list>
<bind>
<opcode="icmp(45) " fcode="icmp"/>
<opset="icmp_ln41/2 "/>
</bind>
</comp>

<comp id="385" class="1004" name="i_fu_385">
<pin_list>
<pin id="386" dir="0" index="0" bw="7" slack="0"/>
<pin id="387" dir="0" index="1" bw="1" slack="0"/>
<pin id="388" dir="1" index="2" bw="7" slack="0"/>
</pin_list>
<bind>
<opcode="add(8) " fcode="add"/>
<opset="i/2 "/>
</bind>
</comp>

<comp id="391" class="1004" name="tmp_data_V_0_fu_391">
<pin_list>
<pin id="392" dir="0" index="0" bw="448" slack="0"/>
<pin id="393" dir="1" index="1" bw="14" slack="0"/>
</pin_list>
<bind>
<opcode="extractvalue(56) " fcode="extractvalue"/>
<opset="tmp_data_V_0/3 "/>
</bind>
</comp>

<comp id="395" class="1004" name="tmp_data_V_1_fu_395">
<pin_list>
<pin id="396" dir="0" index="0" bw="448" slack="0"/>
<pin id="397" dir="1" index="1" bw="14" slack="0"/>
</pin_list>
<bind>
<opcode="extractvalue(56) " fcode="extractvalue"/>
<opset="tmp_data_V_1/3 "/>
</bind>
</comp>

<comp id="399" class="1004" name="tmp_data_V_2_fu_399">
<pin_list>
<pin id="400" dir="0" index="0" bw="448" slack="0"/>
<pin id="401" dir="1" index="1" bw="14" slack="0"/>
</pin_list>
<bind>
<opcode="extractvalue(56) " fcode="extractvalue"/>
<opset="tmp_data_V_2/3 "/>
</bind>
</comp>

<comp id="403" class="1004" name="tmp_data_V_3_fu_403">
<pin_list>
<pin id="404" dir="0" index="0" bw="448" slack="0"/>
<pin id="405" dir="1" index="1" bw="14" slack="0"/>
</pin_list>
<bind>
<opcode="extractvalue(56) " fcode="extractvalue"/>
<opset="tmp_data_V_3/3 "/>
</bind>
</comp>

<comp id="407" class="1004" name="tmp_data_V_4_fu_407">
<pin_list>
<pin id="408" dir="0" index="0" bw="448" slack="0"/>
<pin id="409" dir="1" index="1" bw="14" slack="0"/>
</pin_list>
<bind>
<opcode="extractvalue(56) " fcode="extractvalue"/>
<opset="tmp_data_V_4/3 "/>
</bind>
</comp>

<comp id="411" class="1004" name="tmp_data_V_5_fu_411">
<pin_list>
<pin id="412" dir="0" index="0" bw="448" slack="0"/>
<pin id="413" dir="1" index="1" bw="14" slack="0"/>
</pin_list>
<bind>
<opcode="extractvalue(56) " fcode="extractvalue"/>
<opset="tmp_data_V_5/3 "/>
</bind>
</comp>

<comp id="415" class="1004" name="tmp_data_V_6_fu_415">
<pin_list>
<pin id="416" dir="0" index="0" bw="448" slack="0"/>
<pin id="417" dir="1" index="1" bw="14" slack="0"/>
</pin_list>
<bind>
<opcode="extractvalue(56) " fcode="extractvalue"/>
<opset="tmp_data_V_6/3 "/>
</bind>
</comp>

<comp id="419" class="1004" name="tmp_data_V_7_fu_419">
<pin_list>
<pin id="420" dir="0" index="0" bw="448" slack="0"/>
<pin id="421" dir="1" index="1" bw="14" slack="0"/>
</pin_list>
<bind>
<opcode="extractvalue(56) " fcode="extractvalue"/>
<opset="tmp_data_V_7/3 "/>
</bind>
</comp>

<comp id="423" class="1004" name="tmp_data_V_8_fu_423">
<pin_list>
<pin id="424" dir="0" index="0" bw="448" slack="0"/>
<pin id="425" dir="1" index="1" bw="14" slack="0"/>
</pin_list>
<bind>
<opcode="extractvalue(56) " fcode="extractvalue"/>
<opset="tmp_data_V_8/3 "/>
</bind>
</comp>

<comp id="427" class="1004" name="tmp_data_V_9_fu_427">
<pin_list>
<pin id="428" dir="0" index="0" bw="448" slack="0"/>
<pin id="429" dir="1" index="1" bw="14" slack="0"/>
</pin_list>
<bind>
<opcode="extractvalue(56) " fcode="extractvalue"/>
<opset="tmp_data_V_9/3 "/>
</bind>
</comp>

<comp id="431" class="1004" name="tmp_data_V_10_fu_431">
<pin_list>
<pin id="432" dir="0" index="0" bw="448" slack="0"/>
<pin id="433" dir="1" index="1" bw="14" slack="0"/>
</pin_list>
<bind>
<opcode="extractvalue(56) " fcode="extractvalue"/>
<opset="tmp_data_V_10/3 "/>
</bind>
</comp>

<comp id="435" class="1004" name="tmp_data_V_11_fu_435">
<pin_list>
<pin id="436" dir="0" index="0" bw="448" slack="0"/>
<pin id="437" dir="1" index="1" bw="14" slack="0"/>
</pin_list>
<bind>
<opcode="extractvalue(56) " fcode="extractvalue"/>
<opset="tmp_data_V_11/3 "/>
</bind>
</comp>

<comp id="439" class="1004" name="tmp_data_V_12_fu_439">
<pin_list>
<pin id="440" dir="0" index="0" bw="448" slack="0"/>
<pin id="441" dir="1" index="1" bw="14" slack="0"/>
</pin_list>
<bind>
<opcode="extractvalue(56) " fcode="extractvalue"/>
<opset="tmp_data_V_12/3 "/>
</bind>
</comp>

<comp id="443" class="1004" name="tmp_data_V_1339_fu_443">
<pin_list>
<pin id="444" dir="0" index="0" bw="448" slack="0"/>
<pin id="445" dir="1" index="1" bw="14" slack="0"/>
</pin_list>
<bind>
<opcode="extractvalue(56) " fcode="extractvalue"/>
<opset="tmp_data_V_1339/3 "/>
</bind>
</comp>

<comp id="447" class="1004" name="tmp_data_V_14_fu_447">
<pin_list>
<pin id="448" dir="0" index="0" bw="448" slack="0"/>
<pin id="449" dir="1" index="1" bw="14" slack="0"/>
</pin_list>
<bind>
<opcode="extractvalue(56) " fcode="extractvalue"/>
<opset="tmp_data_V_14/3 "/>
</bind>
</comp>

<comp id="451" class="1004" name="tmp_data_V_15_fu_451">
<pin_list>
<pin id="452" dir="0" index="0" bw="448" slack="0"/>
<pin id="453" dir="1" index="1" bw="14" slack="0"/>
</pin_list>
<bind>
<opcode="extractvalue(56) " fcode="extractvalue"/>
<opset="tmp_data_V_15/3 "/>
</bind>
</comp>

<comp id="455" class="1004" name="tmp_data_V_16_fu_455">
<pin_list>
<pin id="456" dir="0" index="0" bw="448" slack="0"/>
<pin id="457" dir="1" index="1" bw="14" slack="0"/>
</pin_list>
<bind>
<opcode="extractvalue(56) " fcode="extractvalue"/>
<opset="tmp_data_V_16/3 "/>
</bind>
</comp>

<comp id="459" class="1004" name="tmp_data_V_17_fu_459">
<pin_list>
<pin id="460" dir="0" index="0" bw="448" slack="0"/>
<pin id="461" dir="1" index="1" bw="14" slack="0"/>
</pin_list>
<bind>
<opcode="extractvalue(56) " fcode="extractvalue"/>
<opset="tmp_data_V_17/3 "/>
</bind>
</comp>

<comp id="463" class="1004" name="tmp_data_V_18_fu_463">
<pin_list>
<pin id="464" dir="0" index="0" bw="448" slack="0"/>
<pin id="465" dir="1" index="1" bw="14" slack="0"/>
</pin_list>
<bind>
<opcode="extractvalue(56) " fcode="extractvalue"/>
<opset="tmp_data_V_18/3 "/>
</bind>
</comp>

<comp id="467" class="1004" name="tmp_data_V_19_fu_467">
<pin_list>
<pin id="468" dir="0" index="0" bw="448" slack="0"/>
<pin id="469" dir="1" index="1" bw="14" slack="0"/>
</pin_list>
<bind>
<opcode="extractvalue(56) " fcode="extractvalue"/>
<opset="tmp_data_V_19/3 "/>
</bind>
</comp>

<comp id="471" class="1004" name="tmp_data_V_20_fu_471">
<pin_list>
<pin id="472" dir="0" index="0" bw="448" slack="0"/>
<pin id="473" dir="1" index="1" bw="14" slack="0"/>
</pin_list>
<bind>
<opcode="extractvalue(56) " fcode="extractvalue"/>
<opset="tmp_data_V_20/3 "/>
</bind>
</comp>

<comp id="475" class="1004" name="tmp_data_V_21_fu_475">
<pin_list>
<pin id="476" dir="0" index="0" bw="448" slack="0"/>
<pin id="477" dir="1" index="1" bw="14" slack="0"/>
</pin_list>
<bind>
<opcode="extractvalue(56) " fcode="extractvalue"/>
<opset="tmp_data_V_21/3 "/>
</bind>
</comp>

<comp id="479" class="1004" name="tmp_data_V_22_fu_479">
<pin_list>
<pin id="480" dir="0" index="0" bw="448" slack="0"/>
<pin id="481" dir="1" index="1" bw="14" slack="0"/>
</pin_list>
<bind>
<opcode="extractvalue(56) " fcode="extractvalue"/>
<opset="tmp_data_V_22/3 "/>
</bind>
</comp>

<comp id="483" class="1004" name="tmp_data_V_23_fu_483">
<pin_list>
<pin id="484" dir="0" index="0" bw="448" slack="0"/>
<pin id="485" dir="1" index="1" bw="14" slack="0"/>
</pin_list>
<bind>
<opcode="extractvalue(56) " fcode="extractvalue"/>
<opset="tmp_data_V_23/3 "/>
</bind>
</comp>

<comp id="487" class="1004" name="tmp_data_V_24_fu_487">
<pin_list>
<pin id="488" dir="0" index="0" bw="448" slack="0"/>
<pin id="489" dir="1" index="1" bw="14" slack="0"/>
</pin_list>
<bind>
<opcode="extractvalue(56) " fcode="extractvalue"/>
<opset="tmp_data_V_24/3 "/>
</bind>
</comp>

<comp id="491" class="1004" name="tmp_data_V_25_fu_491">
<pin_list>
<pin id="492" dir="0" index="0" bw="448" slack="0"/>
<pin id="493" dir="1" index="1" bw="14" slack="0"/>
</pin_list>
<bind>
<opcode="extractvalue(56) " fcode="extractvalue"/>
<opset="tmp_data_V_25/3 "/>
</bind>
</comp>

<comp id="495" class="1004" name="tmp_data_V_26_fu_495">
<pin_list>
<pin id="496" dir="0" index="0" bw="448" slack="0"/>
<pin id="497" dir="1" index="1" bw="14" slack="0"/>
</pin_list>
<bind>
<opcode="extractvalue(56) " fcode="extractvalue"/>
<opset="tmp_data_V_26/3 "/>
</bind>
</comp>

<comp id="499" class="1004" name="tmp_data_V_27_fu_499">
<pin_list>
<pin id="500" dir="0" index="0" bw="448" slack="0"/>
<pin id="501" dir="1" index="1" bw="14" slack="0"/>
</pin_list>
<bind>
<opcode="extractvalue(56) " fcode="extractvalue"/>
<opset="tmp_data_V_27/3 "/>
</bind>
</comp>

<comp id="503" class="1004" name="tmp_data_V_28_fu_503">
<pin_list>
<pin id="504" dir="0" index="0" bw="448" slack="0"/>
<pin id="505" dir="1" index="1" bw="14" slack="0"/>
</pin_list>
<bind>
<opcode="extractvalue(56) " fcode="extractvalue"/>
<opset="tmp_data_V_28/3 "/>
</bind>
</comp>

<comp id="507" class="1004" name="tmp_data_V_29_fu_507">
<pin_list>
<pin id="508" dir="0" index="0" bw="448" slack="0"/>
<pin id="509" dir="1" index="1" bw="14" slack="0"/>
</pin_list>
<bind>
<opcode="extractvalue(56) " fcode="extractvalue"/>
<opset="tmp_data_V_29/3 "/>
</bind>
</comp>

<comp id="511" class="1004" name="tmp_data_V_30_fu_511">
<pin_list>
<pin id="512" dir="0" index="0" bw="448" slack="0"/>
<pin id="513" dir="1" index="1" bw="14" slack="0"/>
</pin_list>
<bind>
<opcode="extractvalue(56) " fcode="extractvalue"/>
<opset="tmp_data_V_30/3 "/>
</bind>
</comp>

<comp id="515" class="1004" name="tmp_data_V_31_fu_515">
<pin_list>
<pin id="516" dir="0" index="0" bw="448" slack="0"/>
<pin id="517" dir="1" index="1" bw="14" slack="0"/>
</pin_list>
<bind>
<opcode="extractvalue(56) " fcode="extractvalue"/>
<opset="tmp_data_V_31/3 "/>
</bind>
</comp>

<comp id="519" class="1004" name="icmp_ln1494_fu_519">
<pin_list>
<pin id="520" dir="0" index="0" bw="14" slack="0"/>
<pin id="521" dir="0" index="1" bw="14" slack="0"/>
<pin id="522" dir="1" index="2" bw="1" slack="0"/>
</pin_list>
<bind>
<opcode="icmp(45) " fcode="icmp"/>
<opset="icmp_ln1494/3 "/>
</bind>
</comp>

<comp id="525" class="1004" name="trunc_ln_fu_525">
<pin_list>
<pin id="526" dir="0" index="0" bw="8" slack="0"/>
<pin id="527" dir="0" index="1" bw="14" slack="0"/>
<pin id="528" dir="0" index="2" bw="3" slack="0"/>
<pin id="529" dir="0" index="3" bw="5" slack="0"/>
<pin id="530" dir="1" index="4" bw="8" slack="0"/>
</pin_list>
<bind>
<opcode="partselect(1002) " fcode="partselect"/>
<opset="trunc_ln/3 "/>
</bind>
</comp>

<comp id="535" class="1004" name="tmp_257_fu_535">
<pin_list>
<pin id="536" dir="0" index="0" bw="1" slack="0"/>
<pin id="537" dir="0" index="1" bw="14" slack="0"/>
<pin id="538" dir="0" index="2" bw="5" slack="0"/>
<pin id="539" dir="1" index="3" bw="1" slack="0"/>
</pin_list>
<bind>
<opcode="bitselect(1000) " fcode="bitselect"/>
<opset="tmp_257/3 "/>
</bind>
</comp>

<comp id="543" class="1004" name="tmp_258_fu_543">
<pin_list>
<pin id="544" dir="0" index="0" bw="1" slack="0"/>
<pin id="545" dir="0" index="1" bw="14" slack="0"/>
<pin id="546" dir="0" index="2" bw="1" slack="0"/>
<pin id="547" dir="1" index="3" bw="1" slack="0"/>
</pin_list>
<bind>
<opcode="bitselect(1000) " fcode="bitselect"/>
<opset="tmp_258/3 "/>
</bind>
</comp>

<comp id="551" class="1004" name="zext_ln415_fu_551">
<pin_list>
<pin id="552" dir="0" index="0" bw="1" slack="0"/>
<pin id="553" dir="1" index="1" bw="8" slack="0"/>
</pin_list>
<bind>
<opcode="zext(34) " fcode="zext"/>
<opset="zext_ln415/3 "/>
</bind>
</comp>

<comp id="555" class="1004" name="trunc_ln415_s_fu_555">
<pin_list>
<pin id="556" dir="0" index="0" bw="7" slack="0"/>
<pin id="557" dir="0" index="1" bw="14" slack="0"/>
<pin id="558" dir="0" index="2" bw="3" slack="0"/>
<pin id="559" dir="0" index="3" bw="5" slack="0"/>
<pin id="560" dir="1" index="4" bw="7" slack="0"/>
</pin_list>
<bind>
<opcode="partselect(1002) " fcode="partselect"/>
<opset="trunc_ln415_s/3 "/>
</bind>
</comp>

<comp id="565" class="1004" name="zext_ln415_96_fu_565">
<pin_list>
<pin id="566" dir="0" index="0" bw="1" slack="0"/>
<pin id="567" dir="1" index="1" bw="7" slack="0"/>
</pin_list>
<bind>
<opcode="zext(34) " fcode="zext"/>
<opset="zext_ln415_96/3 "/>
</bind>
</comp>

<comp id="569" class="1004" name="add_ln415_fu_569">
<pin_list>
<pin id="570" dir="0" index="0" bw="8" slack="0"/>
<pin id="571" dir="0" index="1" bw="1" slack="0"/>
<pin id="572" dir="1" index="2" bw="8" slack="0"/>
</pin_list>
<bind>
<opcode="add(8) " fcode="add"/>
<opset="add_ln415/3 "/>
</bind>
</comp>

<comp id="575" class="1004" name="add_ln416_fu_575">
<pin_list>
<pin id="576" dir="0" index="0" bw="7" slack="0"/>
<pin id="577" dir="0" index="1" bw="1" slack="0"/>
<pin id="578" dir="1" index="2" bw="7" slack="0"/>
</pin_list>
<bind>
<opcode="add(8) " fcode="add"/>
<opset="add_ln416/3 "/>
</bind>
</comp>

<comp id="581" class="1004" name="tmp_259_fu_581">
<pin_list>
<pin id="582" dir="0" index="0" bw="1" slack="0"/>
<pin id="583" dir="0" index="1" bw="8" slack="0"/>
<pin id="584" dir="0" index="2" bw="4" slack="0"/>
<pin id="585" dir="1" index="3" bw="1" slack="0"/>
</pin_list>
<bind>
<opcode="bitselect(1000) " fcode="bitselect"/>
<opset="tmp_259/3 "/>
</bind>
</comp>

<comp id="589" class="1004" name="xor_ln416_fu_589">
<pin_list>
<pin id="590" dir="0" index="0" bw="1" slack="0"/>
<pin id="591" dir="0" index="1" bw="1" slack="0"/>
<pin id="592" dir="1" index="2" bw="1" slack="0"/>
</pin_list>
<bind>
<opcode="xor(25) " fcode="xor"/>
<opset="xor_ln416/3 "/>
</bind>
</comp>

<comp id="595" class="1004" name="and_ln416_fu_595">
<pin_list>
<pin id="596" dir="0" index="0" bw="1" slack="0"/>
<pin id="597" dir="0" index="1" bw="1" slack="0"/>
<pin id="598" dir="1" index="2" bw="1" slack="0"/>
</pin_list>
<bind>
<opcode="and(23) " fcode="and"/>
<opset="and_ln416/3 "/>
</bind>
</comp>

<comp id="601" class="1004" name="tmp_260_fu_601">
<pin_list>
<pin id="602" dir="0" index="0" bw="1" slack="0"/>
<pin id="603" dir="0" index="1" bw="8" slack="0"/>
<pin id="604" dir="0" index="2" bw="4" slack="0"/>
<pin id="605" dir="1" index="3" bw="1" slack="0"/>
</pin_list>
<bind>
<opcode="bitselect(1000) " fcode="bitselect"/>
<opset="tmp_260/3 "/>
</bind>
</comp>

<comp id="609" class="1004" name="p_Result_s_fu_609">
<pin_list>
<pin id="610" dir="0" index="0" bw="4" slack="0"/>
<pin id="611" dir="0" index="1" bw="14" slack="0"/>
<pin id="612" dir="0" index="2" bw="5" slack="0"/>
<pin id="613" dir="0" index="3" bw="5" slack="0"/>
<pin id="614" dir="1" index="4" bw="4" slack="0"/>
</pin_list>
<bind>
<opcode="partselect(1002) " fcode="partselect"/>
<opset="p_Result_s/3 "/>
</bind>
</comp>

<comp id="619" class="1004" name="icmp_ln879_fu_619">
<pin_list>
<pin id="620" dir="0" index="0" bw="4" slack="0"/>
<pin id="621" dir="0" index="1" bw="4" slack="0"/>
<pin id="622" dir="1" index="2" bw="1" slack="0"/>
</pin_list>
<bind>
<opcode="icmp(45) " fcode="icmp"/>
<opset="icmp_ln879/3 "/>
</bind>
</comp>

<comp id="625" class="1004" name="icmp_ln768_fu_625">
<pin_list>
<pin id="626" dir="0" index="0" bw="4" slack="0"/>
<pin id="627" dir="0" index="1" bw="4" slack="0"/>
<pin id="628" dir="1" index="2" bw="1" slack="0"/>
</pin_list>
<bind>
<opcode="icmp(45) " fcode="icmp"/>
<opset="icmp_ln768/3 "/>
</bind>
</comp>

<comp id="631" class="1004" name="select_ln777_fu_631">
<pin_list>
<pin id="632" dir="0" index="0" bw="1" slack="0"/>
<pin id="633" dir="0" index="1" bw="1" slack="0"/>
<pin id="634" dir="0" index="2" bw="1" slack="0"/>
<pin id="635" dir="1" index="3" bw="1" slack="0"/>
</pin_list>
<bind>
<opcode="select(49) " fcode="select"/>
<opset="select_ln777/3 "/>
</bind>
</comp>

<comp id="639" class="1004" name="xor_ln785_fu_639">
<pin_list>
<pin id="640" dir="0" index="0" bw="1" slack="0"/>
<pin id="641" dir="0" index="1" bw="1" slack="0"/>
<pin id="642" dir="1" index="2" bw="1" slack="0"/>
</pin_list>
<bind>
<opcode="xor(25) " fcode="xor"/>
<opset="xor_ln785/3 "/>
</bind>
</comp>

<comp id="645" class="1004" name="or_ln340_fu_645">
<pin_list>
<pin id="646" dir="0" index="0" bw="1" slack="0"/>
<pin id="647" dir="0" index="1" bw="1" slack="0"/>
<pin id="648" dir="1" index="2" bw="1" slack="0"/>
</pin_list>
<bind>
<opcode="or(24) " fcode="or"/>
<opset="or_ln340/3 "/>
</bind>
</comp>

<comp id="651" class="1004" name="select_ln340_fu_651">
<pin_list>
<pin id="652" dir="0" index="0" bw="1" slack="0"/>
<pin id="653" dir="0" index="1" bw="7" slack="0"/>
<pin id="654" dir="0" index="2" bw="7" slack="0"/>
<pin id="655" dir="1" index="3" bw="7" slack="0"/>
</pin_list>
<bind>
<opcode="select(49) " fcode="select"/>
<opset="select_ln340/3 "/>
</bind>
</comp>

<comp id="659" class="1004" name="tmp_data_0_V_fu_659">
<pin_list>
<pin id="660" dir="0" index="0" bw="1" slack="0"/>
<pin id="661" dir="0" index="1" bw="7" slack="0"/>
<pin id="662" dir="0" index="2" bw="7" slack="0"/>
<pin id="663" dir="1" index="3" bw="7" slack="1"/>
</pin_list>
<bind>
<opcode="select(49) " fcode="select"/>
<opset="tmp_data_0_V/3 "/>
</bind>
</comp>

<comp id="667" class="1004" name="icmp_ln1494_1_fu_667">
<pin_list>
<pin id="668" dir="0" index="0" bw="14" slack="0"/>
<pin id="669" dir="0" index="1" bw="14" slack="0"/>
<pin id="670" dir="1" index="2" bw="1" slack="0"/>
</pin_list>
<bind>
<opcode="icmp(45) " fcode="icmp"/>
<opset="icmp_ln1494_1/3 "/>
</bind>
</comp>

<comp id="673" class="1004" name="trunc_ln708_s_fu_673">
<pin_list>
<pin id="674" dir="0" index="0" bw="8" slack="0"/>
<pin id="675" dir="0" index="1" bw="14" slack="0"/>
<pin id="676" dir="0" index="2" bw="3" slack="0"/>
<pin id="677" dir="0" index="3" bw="5" slack="0"/>
<pin id="678" dir="1" index="4" bw="8" slack="0"/>
</pin_list>
<bind>
<opcode="partselect(1002) " fcode="partselect"/>
<opset="trunc_ln708_s/3 "/>
</bind>
</comp>

<comp id="683" class="1004" name="tmp_261_fu_683">
<pin_list>
<pin id="684" dir="0" index="0" bw="1" slack="0"/>
<pin id="685" dir="0" index="1" bw="14" slack="0"/>
<pin id="686" dir="0" index="2" bw="5" slack="0"/>
<pin id="687" dir="1" index="3" bw="1" slack="0"/>
</pin_list>
<bind>
<opcode="bitselect(1000) " fcode="bitselect"/>
<opset="tmp_261/3 "/>
</bind>
</comp>

<comp id="691" class="1004" name="tmp_262_fu_691">
<pin_list>
<pin id="692" dir="0" index="0" bw="1" slack="0"/>
<pin id="693" dir="0" index="1" bw="14" slack="0"/>
<pin id="694" dir="0" index="2" bw="1" slack="0"/>
<pin id="695" dir="1" index="3" bw="1" slack="0"/>
</pin_list>
<bind>
<opcode="bitselect(1000) " fcode="bitselect"/>
<opset="tmp_262/3 "/>
</bind>
</comp>

<comp id="699" class="1004" name="zext_ln415_63_fu_699">
<pin_list>
<pin id="700" dir="0" index="0" bw="1" slack="0"/>
<pin id="701" dir="1" index="1" bw="8" slack="0"/>
</pin_list>
<bind>
<opcode="zext(34) " fcode="zext"/>
<opset="zext_ln415_63/3 "/>
</bind>
</comp>

<comp id="703" class="1004" name="trunc_ln415_63_fu_703">
<pin_list>
<pin id="704" dir="0" index="0" bw="7" slack="0"/>
<pin id="705" dir="0" index="1" bw="14" slack="0"/>
<pin id="706" dir="0" index="2" bw="3" slack="0"/>
<pin id="707" dir="0" index="3" bw="5" slack="0"/>
<pin id="708" dir="1" index="4" bw="7" slack="0"/>
</pin_list>
<bind>
<opcode="partselect(1002) " fcode="partselect"/>
<opset="trunc_ln415_63/3 "/>
</bind>
</comp>

<comp id="713" class="1004" name="zext_ln415_97_fu_713">
<pin_list>
<pin id="714" dir="0" index="0" bw="1" slack="0"/>
<pin id="715" dir="1" index="1" bw="7" slack="0"/>
</pin_list>
<bind>
<opcode="zext(34) " fcode="zext"/>
<opset="zext_ln415_97/3 "/>
</bind>
</comp>

<comp id="717" class="1004" name="add_ln415_63_fu_717">
<pin_list>
<pin id="718" dir="0" index="0" bw="8" slack="0"/>
<pin id="719" dir="0" index="1" bw="1" slack="0"/>
<pin id="720" dir="1" index="2" bw="8" slack="0"/>
</pin_list>
<bind>
<opcode="add(8) " fcode="add"/>
<opset="add_ln415_63/3 "/>
</bind>
</comp>

<comp id="723" class="1004" name="add_ln416_63_fu_723">
<pin_list>
<pin id="724" dir="0" index="0" bw="7" slack="0"/>
<pin id="725" dir="0" index="1" bw="1" slack="0"/>
<pin id="726" dir="1" index="2" bw="7" slack="0"/>
</pin_list>
<bind>
<opcode="add(8) " fcode="add"/>
<opset="add_ln416_63/3 "/>
</bind>
</comp>

<comp id="729" class="1004" name="tmp_263_fu_729">
<pin_list>
<pin id="730" dir="0" index="0" bw="1" slack="0"/>
<pin id="731" dir="0" index="1" bw="8" slack="0"/>
<pin id="732" dir="0" index="2" bw="4" slack="0"/>
<pin id="733" dir="1" index="3" bw="1" slack="0"/>
</pin_list>
<bind>
<opcode="bitselect(1000) " fcode="bitselect"/>
<opset="tmp_263/3 "/>
</bind>
</comp>

<comp id="737" class="1004" name="xor_ln416_63_fu_737">
<pin_list>
<pin id="738" dir="0" index="0" bw="1" slack="0"/>
<pin id="739" dir="0" index="1" bw="1" slack="0"/>
<pin id="740" dir="1" index="2" bw="1" slack="0"/>
</pin_list>
<bind>
<opcode="xor(25) " fcode="xor"/>
<opset="xor_ln416_63/3 "/>
</bind>
</comp>

<comp id="743" class="1004" name="and_ln416_63_fu_743">
<pin_list>
<pin id="744" dir="0" index="0" bw="1" slack="0"/>
<pin id="745" dir="0" index="1" bw="1" slack="0"/>
<pin id="746" dir="1" index="2" bw="1" slack="0"/>
</pin_list>
<bind>
<opcode="and(23) " fcode="and"/>
<opset="and_ln416_63/3 "/>
</bind>
</comp>

<comp id="749" class="1004" name="tmp_264_fu_749">
<pin_list>
<pin id="750" dir="0" index="0" bw="1" slack="0"/>
<pin id="751" dir="0" index="1" bw="8" slack="0"/>
<pin id="752" dir="0" index="2" bw="4" slack="0"/>
<pin id="753" dir="1" index="3" bw="1" slack="0"/>
</pin_list>
<bind>
<opcode="bitselect(1000) " fcode="bitselect"/>
<opset="tmp_264/3 "/>
</bind>
</comp>

<comp id="757" class="1004" name="p_Result_12_1_fu_757">
<pin_list>
<pin id="758" dir="0" index="0" bw="4" slack="0"/>
<pin id="759" dir="0" index="1" bw="14" slack="0"/>
<pin id="760" dir="0" index="2" bw="5" slack="0"/>
<pin id="761" dir="0" index="3" bw="5" slack="0"/>
<pin id="762" dir="1" index="4" bw="4" slack="0"/>
</pin_list>
<bind>
<opcode="partselect(1002) " fcode="partselect"/>
<opset="p_Result_12_1/3 "/>
</bind>
</comp>

<comp id="767" class="1004" name="icmp_ln879_63_fu_767">
<pin_list>
<pin id="768" dir="0" index="0" bw="4" slack="0"/>
<pin id="769" dir="0" index="1" bw="4" slack="0"/>
<pin id="770" dir="1" index="2" bw="1" slack="0"/>
</pin_list>
<bind>
<opcode="icmp(45) " fcode="icmp"/>
<opset="icmp_ln879_63/3 "/>
</bind>
</comp>

<comp id="773" class="1004" name="icmp_ln768_63_fu_773">
<pin_list>
<pin id="774" dir="0" index="0" bw="4" slack="0"/>
<pin id="775" dir="0" index="1" bw="4" slack="0"/>
<pin id="776" dir="1" index="2" bw="1" slack="0"/>
</pin_list>
<bind>
<opcode="icmp(45) " fcode="icmp"/>
<opset="icmp_ln768_63/3 "/>
</bind>
</comp>

<comp id="779" class="1004" name="select_ln777_63_fu_779">
<pin_list>
<pin id="780" dir="0" index="0" bw="1" slack="0"/>
<pin id="781" dir="0" index="1" bw="1" slack="0"/>
<pin id="782" dir="0" index="2" bw="1" slack="0"/>
<pin id="783" dir="1" index="3" bw="1" slack="0"/>
</pin_list>
<bind>
<opcode="select(49) " fcode="select"/>
<opset="select_ln777_63/3 "/>
</bind>
</comp>

<comp id="787" class="1004" name="xor_ln785_1_fu_787">
<pin_list>
<pin id="788" dir="0" index="0" bw="1" slack="0"/>
<pin id="789" dir="0" index="1" bw="1" slack="0"/>
<pin id="790" dir="1" index="2" bw="1" slack="0"/>
</pin_list>
<bind>
<opcode="xor(25) " fcode="xor"/>
<opset="xor_ln785_1/3 "/>
</bind>
</comp>

<comp id="793" class="1004" name="or_ln340_1_fu_793">
<pin_list>
<pin id="794" dir="0" index="0" bw="1" slack="0"/>
<pin id="795" dir="0" index="1" bw="1" slack="0"/>
<pin id="796" dir="1" index="2" bw="1" slack="0"/>
</pin_list>
<bind>
<opcode="or(24) " fcode="or"/>
<opset="or_ln340_1/3 "/>
</bind>
</comp>

<comp id="799" class="1004" name="select_ln340_1_fu_799">
<pin_list>
<pin id="800" dir="0" index="0" bw="1" slack="0"/>
<pin id="801" dir="0" index="1" bw="7" slack="0"/>
<pin id="802" dir="0" index="2" bw="7" slack="0"/>
<pin id="803" dir="1" index="3" bw="7" slack="0"/>
</pin_list>
<bind>
<opcode="select(49) " fcode="select"/>
<opset="select_ln340_1/3 "/>
</bind>
</comp>

<comp id="807" class="1004" name="tmp_data_1_V_fu_807">
<pin_list>
<pin id="808" dir="0" index="0" bw="1" slack="0"/>
<pin id="809" dir="0" index="1" bw="7" slack="0"/>
<pin id="810" dir="0" index="2" bw="7" slack="0"/>
<pin id="811" dir="1" index="3" bw="7" slack="1"/>
</pin_list>
<bind>
<opcode="select(49) " fcode="select"/>
<opset="tmp_data_1_V/3 "/>
</bind>
</comp>

<comp id="815" class="1004" name="icmp_ln1494_2_fu_815">
<pin_list>
<pin id="816" dir="0" index="0" bw="14" slack="0"/>
<pin id="817" dir="0" index="1" bw="14" slack="0"/>
<pin id="818" dir="1" index="2" bw="1" slack="0"/>
</pin_list>
<bind>
<opcode="icmp(45) " fcode="icmp"/>
<opset="icmp_ln1494_2/3 "/>
</bind>
</comp>

<comp id="821" class="1004" name="trunc_ln708_61_fu_821">
<pin_list>
<pin id="822" dir="0" index="0" bw="8" slack="0"/>
<pin id="823" dir="0" index="1" bw="14" slack="0"/>
<pin id="824" dir="0" index="2" bw="3" slack="0"/>
<pin id="825" dir="0" index="3" bw="5" slack="0"/>
<pin id="826" dir="1" index="4" bw="8" slack="0"/>
</pin_list>
<bind>
<opcode="partselect(1002) " fcode="partselect"/>
<opset="trunc_ln708_61/3 "/>
</bind>
</comp>

<comp id="831" class="1004" name="tmp_265_fu_831">
<pin_list>
<pin id="832" dir="0" index="0" bw="1" slack="0"/>
<pin id="833" dir="0" index="1" bw="14" slack="0"/>
<pin id="834" dir="0" index="2" bw="5" slack="0"/>
<pin id="835" dir="1" index="3" bw="1" slack="0"/>
</pin_list>
<bind>
<opcode="bitselect(1000) " fcode="bitselect"/>
<opset="tmp_265/3 "/>
</bind>
</comp>

<comp id="839" class="1004" name="tmp_266_fu_839">
<pin_list>
<pin id="840" dir="0" index="0" bw="1" slack="0"/>
<pin id="841" dir="0" index="1" bw="14" slack="0"/>
<pin id="842" dir="0" index="2" bw="1" slack="0"/>
<pin id="843" dir="1" index="3" bw="1" slack="0"/>
</pin_list>
<bind>
<opcode="bitselect(1000) " fcode="bitselect"/>
<opset="tmp_266/3 "/>
</bind>
</comp>

<comp id="847" class="1004" name="zext_ln415_64_fu_847">
<pin_list>
<pin id="848" dir="0" index="0" bw="1" slack="0"/>
<pin id="849" dir="1" index="1" bw="8" slack="0"/>
</pin_list>
<bind>
<opcode="zext(34) " fcode="zext"/>
<opset="zext_ln415_64/3 "/>
</bind>
</comp>

<comp id="851" class="1004" name="trunc_ln415_64_fu_851">
<pin_list>
<pin id="852" dir="0" index="0" bw="7" slack="0"/>
<pin id="853" dir="0" index="1" bw="14" slack="0"/>
<pin id="854" dir="0" index="2" bw="3" slack="0"/>
<pin id="855" dir="0" index="3" bw="5" slack="0"/>
<pin id="856" dir="1" index="4" bw="7" slack="0"/>
</pin_list>
<bind>
<opcode="partselect(1002) " fcode="partselect"/>
<opset="trunc_ln415_64/3 "/>
</bind>
</comp>

<comp id="861" class="1004" name="zext_ln415_98_fu_861">
<pin_list>
<pin id="862" dir="0" index="0" bw="1" slack="0"/>
<pin id="863" dir="1" index="1" bw="7" slack="0"/>
</pin_list>
<bind>
<opcode="zext(34) " fcode="zext"/>
<opset="zext_ln415_98/3 "/>
</bind>
</comp>

<comp id="865" class="1004" name="add_ln415_64_fu_865">
<pin_list>
<pin id="866" dir="0" index="0" bw="8" slack="0"/>
<pin id="867" dir="0" index="1" bw="1" slack="0"/>
<pin id="868" dir="1" index="2" bw="8" slack="0"/>
</pin_list>
<bind>
<opcode="add(8) " fcode="add"/>
<opset="add_ln415_64/3 "/>
</bind>
</comp>

<comp id="871" class="1004" name="add_ln416_64_fu_871">
<pin_list>
<pin id="872" dir="0" index="0" bw="7" slack="0"/>
<pin id="873" dir="0" index="1" bw="1" slack="0"/>
<pin id="874" dir="1" index="2" bw="7" slack="0"/>
</pin_list>
<bind>
<opcode="add(8) " fcode="add"/>
<opset="add_ln416_64/3 "/>
</bind>
</comp>

<comp id="877" class="1004" name="tmp_267_fu_877">
<pin_list>
<pin id="878" dir="0" index="0" bw="1" slack="0"/>
<pin id="879" dir="0" index="1" bw="8" slack="0"/>
<pin id="880" dir="0" index="2" bw="4" slack="0"/>
<pin id="881" dir="1" index="3" bw="1" slack="0"/>
</pin_list>
<bind>
<opcode="bitselect(1000) " fcode="bitselect"/>
<opset="tmp_267/3 "/>
</bind>
</comp>

<comp id="885" class="1004" name="xor_ln416_64_fu_885">
<pin_list>
<pin id="886" dir="0" index="0" bw="1" slack="0"/>
<pin id="887" dir="0" index="1" bw="1" slack="0"/>
<pin id="888" dir="1" index="2" bw="1" slack="0"/>
</pin_list>
<bind>
<opcode="xor(25) " fcode="xor"/>
<opset="xor_ln416_64/3 "/>
</bind>
</comp>

<comp id="891" class="1004" name="and_ln416_64_fu_891">
<pin_list>
<pin id="892" dir="0" index="0" bw="1" slack="0"/>
<pin id="893" dir="0" index="1" bw="1" slack="0"/>
<pin id="894" dir="1" index="2" bw="1" slack="0"/>
</pin_list>
<bind>
<opcode="and(23) " fcode="and"/>
<opset="and_ln416_64/3 "/>
</bind>
</comp>

<comp id="897" class="1004" name="tmp_268_fu_897">
<pin_list>
<pin id="898" dir="0" index="0" bw="1" slack="0"/>
<pin id="899" dir="0" index="1" bw="8" slack="0"/>
<pin id="900" dir="0" index="2" bw="4" slack="0"/>
<pin id="901" dir="1" index="3" bw="1" slack="0"/>
</pin_list>
<bind>
<opcode="bitselect(1000) " fcode="bitselect"/>
<opset="tmp_268/3 "/>
</bind>
</comp>

<comp id="905" class="1004" name="p_Result_12_2_fu_905">
<pin_list>
<pin id="906" dir="0" index="0" bw="4" slack="0"/>
<pin id="907" dir="0" index="1" bw="14" slack="0"/>
<pin id="908" dir="0" index="2" bw="5" slack="0"/>
<pin id="909" dir="0" index="3" bw="5" slack="0"/>
<pin id="910" dir="1" index="4" bw="4" slack="0"/>
</pin_list>
<bind>
<opcode="partselect(1002) " fcode="partselect"/>
<opset="p_Result_12_2/3 "/>
</bind>
</comp>

<comp id="915" class="1004" name="icmp_ln879_64_fu_915">
<pin_list>
<pin id="916" dir="0" index="0" bw="4" slack="0"/>
<pin id="917" dir="0" index="1" bw="4" slack="0"/>
<pin id="918" dir="1" index="2" bw="1" slack="0"/>
</pin_list>
<bind>
<opcode="icmp(45) " fcode="icmp"/>
<opset="icmp_ln879_64/3 "/>
</bind>
</comp>

<comp id="921" class="1004" name="icmp_ln768_64_fu_921">
<pin_list>
<pin id="922" dir="0" index="0" bw="4" slack="0"/>
<pin id="923" dir="0" index="1" bw="4" slack="0"/>
<pin id="924" dir="1" index="2" bw="1" slack="0"/>
</pin_list>
<bind>
<opcode="icmp(45) " fcode="icmp"/>
<opset="icmp_ln768_64/3 "/>
</bind>
</comp>

<comp id="927" class="1004" name="select_ln777_64_fu_927">
<pin_list>
<pin id="928" dir="0" index="0" bw="1" slack="0"/>
<pin id="929" dir="0" index="1" bw="1" slack="0"/>
<pin id="930" dir="0" index="2" bw="1" slack="0"/>
<pin id="931" dir="1" index="3" bw="1" slack="0"/>
</pin_list>
<bind>
<opcode="select(49) " fcode="select"/>
<opset="select_ln777_64/3 "/>
</bind>
</comp>

<comp id="935" class="1004" name="xor_ln785_2_fu_935">
<pin_list>
<pin id="936" dir="0" index="0" bw="1" slack="0"/>
<pin id="937" dir="0" index="1" bw="1" slack="0"/>
<pin id="938" dir="1" index="2" bw="1" slack="0"/>
</pin_list>
<bind>
<opcode="xor(25) " fcode="xor"/>
<opset="xor_ln785_2/3 "/>
</bind>
</comp>

<comp id="941" class="1004" name="or_ln340_2_fu_941">
<pin_list>
<pin id="942" dir="0" index="0" bw="1" slack="0"/>
<pin id="943" dir="0" index="1" bw="1" slack="0"/>
<pin id="944" dir="1" index="2" bw="1" slack="0"/>
</pin_list>
<bind>
<opcode="or(24) " fcode="or"/>
<opset="or_ln340_2/3 "/>
</bind>
</comp>

<comp id="947" class="1004" name="select_ln340_2_fu_947">
<pin_list>
<pin id="948" dir="0" index="0" bw="1" slack="0"/>
<pin id="949" dir="0" index="1" bw="7" slack="0"/>
<pin id="950" dir="0" index="2" bw="7" slack="0"/>
<pin id="951" dir="1" index="3" bw="7" slack="0"/>
</pin_list>
<bind>
<opcode="select(49) " fcode="select"/>
<opset="select_ln340_2/3 "/>
</bind>
</comp>

<comp id="955" class="1004" name="tmp_data_2_V_fu_955">
<pin_list>
<pin id="956" dir="0" index="0" bw="1" slack="0"/>
<pin id="957" dir="0" index="1" bw="7" slack="0"/>
<pin id="958" dir="0" index="2" bw="7" slack="0"/>
<pin id="959" dir="1" index="3" bw="7" slack="1"/>
</pin_list>
<bind>
<opcode="select(49) " fcode="select"/>
<opset="tmp_data_2_V/3 "/>
</bind>
</comp>

<comp id="963" class="1004" name="icmp_ln1494_3_fu_963">
<pin_list>
<pin id="964" dir="0" index="0" bw="14" slack="0"/>
<pin id="965" dir="0" index="1" bw="14" slack="0"/>
<pin id="966" dir="1" index="2" bw="1" slack="0"/>
</pin_list>
<bind>
<opcode="icmp(45) " fcode="icmp"/>
<opset="icmp_ln1494_3/3 "/>
</bind>
</comp>

<comp id="969" class="1004" name="trunc_ln708_62_fu_969">
<pin_list>
<pin id="970" dir="0" index="0" bw="8" slack="0"/>
<pin id="971" dir="0" index="1" bw="14" slack="0"/>
<pin id="972" dir="0" index="2" bw="3" slack="0"/>
<pin id="973" dir="0" index="3" bw="5" slack="0"/>
<pin id="974" dir="1" index="4" bw="8" slack="0"/>
</pin_list>
<bind>
<opcode="partselect(1002) " fcode="partselect"/>
<opset="trunc_ln708_62/3 "/>
</bind>
</comp>

<comp id="979" class="1004" name="tmp_269_fu_979">
<pin_list>
<pin id="980" dir="0" index="0" bw="1" slack="0"/>
<pin id="981" dir="0" index="1" bw="14" slack="0"/>
<pin id="982" dir="0" index="2" bw="5" slack="0"/>
<pin id="983" dir="1" index="3" bw="1" slack="0"/>
</pin_list>
<bind>
<opcode="bitselect(1000) " fcode="bitselect"/>
<opset="tmp_269/3 "/>
</bind>
</comp>

<comp id="987" class="1004" name="tmp_270_fu_987">
<pin_list>
<pin id="988" dir="0" index="0" bw="1" slack="0"/>
<pin id="989" dir="0" index="1" bw="14" slack="0"/>
<pin id="990" dir="0" index="2" bw="1" slack="0"/>
<pin id="991" dir="1" index="3" bw="1" slack="0"/>
</pin_list>
<bind>
<opcode="bitselect(1000) " fcode="bitselect"/>
<opset="tmp_270/3 "/>
</bind>
</comp>

<comp id="995" class="1004" name="zext_ln415_65_fu_995">
<pin_list>
<pin id="996" dir="0" index="0" bw="1" slack="0"/>
<pin id="997" dir="1" index="1" bw="8" slack="0"/>
</pin_list>
<bind>
<opcode="zext(34) " fcode="zext"/>
<opset="zext_ln415_65/3 "/>
</bind>
</comp>

<comp id="999" class="1004" name="trunc_ln415_65_fu_999">
<pin_list>
<pin id="1000" dir="0" index="0" bw="7" slack="0"/>
<pin id="1001" dir="0" index="1" bw="14" slack="0"/>
<pin id="1002" dir="0" index="2" bw="3" slack="0"/>
<pin id="1003" dir="0" index="3" bw="5" slack="0"/>
<pin id="1004" dir="1" index="4" bw="7" slack="0"/>
</pin_list>
<bind>
<opcode="partselect(1002) " fcode="partselect"/>
<opset="trunc_ln415_65/3 "/>
</bind>
</comp>

<comp id="1009" class="1004" name="zext_ln415_99_fu_1009">
<pin_list>
<pin id="1010" dir="0" index="0" bw="1" slack="0"/>
<pin id="1011" dir="1" index="1" bw="7" slack="0"/>
</pin_list>
<bind>
<opcode="zext(34) " fcode="zext"/>
<opset="zext_ln415_99/3 "/>
</bind>
</comp>

<comp id="1013" class="1004" name="add_ln415_65_fu_1013">
<pin_list>
<pin id="1014" dir="0" index="0" bw="8" slack="0"/>
<pin id="1015" dir="0" index="1" bw="1" slack="0"/>
<pin id="1016" dir="1" index="2" bw="8" slack="0"/>
</pin_list>
<bind>
<opcode="add(8) " fcode="add"/>
<opset="add_ln415_65/3 "/>
</bind>
</comp>

<comp id="1019" class="1004" name="add_ln416_65_fu_1019">
<pin_list>
<pin id="1020" dir="0" index="0" bw="7" slack="0"/>
<pin id="1021" dir="0" index="1" bw="1" slack="0"/>
<pin id="1022" dir="1" index="2" bw="7" slack="0"/>
</pin_list>
<bind>
<opcode="add(8) " fcode="add"/>
<opset="add_ln416_65/3 "/>
</bind>
</comp>

<comp id="1025" class="1004" name="tmp_271_fu_1025">
<pin_list>
<pin id="1026" dir="0" index="0" bw="1" slack="0"/>
<pin id="1027" dir="0" index="1" bw="8" slack="0"/>
<pin id="1028" dir="0" index="2" bw="4" slack="0"/>
<pin id="1029" dir="1" index="3" bw="1" slack="0"/>
</pin_list>
<bind>
<opcode="bitselect(1000) " fcode="bitselect"/>
<opset="tmp_271/3 "/>
</bind>
</comp>

<comp id="1033" class="1004" name="xor_ln416_65_fu_1033">
<pin_list>
<pin id="1034" dir="0" index="0" bw="1" slack="0"/>
<pin id="1035" dir="0" index="1" bw="1" slack="0"/>
<pin id="1036" dir="1" index="2" bw="1" slack="0"/>
</pin_list>
<bind>
<opcode="xor(25) " fcode="xor"/>
<opset="xor_ln416_65/3 "/>
</bind>
</comp>

<comp id="1039" class="1004" name="and_ln416_65_fu_1039">
<pin_list>
<pin id="1040" dir="0" index="0" bw="1" slack="0"/>
<pin id="1041" dir="0" index="1" bw="1" slack="0"/>
<pin id="1042" dir="1" index="2" bw="1" slack="0"/>
</pin_list>
<bind>
<opcode="and(23) " fcode="and"/>
<opset="and_ln416_65/3 "/>
</bind>
</comp>

<comp id="1045" class="1004" name="tmp_272_fu_1045">
<pin_list>
<pin id="1046" dir="0" index="0" bw="1" slack="0"/>
<pin id="1047" dir="0" index="1" bw="8" slack="0"/>
<pin id="1048" dir="0" index="2" bw="4" slack="0"/>
<pin id="1049" dir="1" index="3" bw="1" slack="0"/>
</pin_list>
<bind>
<opcode="bitselect(1000) " fcode="bitselect"/>
<opset="tmp_272/3 "/>
</bind>
</comp>

<comp id="1053" class="1004" name="p_Result_12_3_fu_1053">
<pin_list>
<pin id="1054" dir="0" index="0" bw="4" slack="0"/>
<pin id="1055" dir="0" index="1" bw="14" slack="0"/>
<pin id="1056" dir="0" index="2" bw="5" slack="0"/>
<pin id="1057" dir="0" index="3" bw="5" slack="0"/>
<pin id="1058" dir="1" index="4" bw="4" slack="0"/>
</pin_list>
<bind>
<opcode="partselect(1002) " fcode="partselect"/>
<opset="p_Result_12_3/3 "/>
</bind>
</comp>

<comp id="1063" class="1004" name="icmp_ln879_65_fu_1063">
<pin_list>
<pin id="1064" dir="0" index="0" bw="4" slack="0"/>
<pin id="1065" dir="0" index="1" bw="4" slack="0"/>
<pin id="1066" dir="1" index="2" bw="1" slack="0"/>
</pin_list>
<bind>
<opcode="icmp(45) " fcode="icmp"/>
<opset="icmp_ln879_65/3 "/>
</bind>
</comp>

<comp id="1069" class="1004" name="icmp_ln768_65_fu_1069">
<pin_list>
<pin id="1070" dir="0" index="0" bw="4" slack="0"/>
<pin id="1071" dir="0" index="1" bw="4" slack="0"/>
<pin id="1072" dir="1" index="2" bw="1" slack="0"/>
</pin_list>
<bind>
<opcode="icmp(45) " fcode="icmp"/>
<opset="icmp_ln768_65/3 "/>
</bind>
</comp>

<comp id="1075" class="1004" name="select_ln777_65_fu_1075">
<pin_list>
<pin id="1076" dir="0" index="0" bw="1" slack="0"/>
<pin id="1077" dir="0" index="1" bw="1" slack="0"/>
<pin id="1078" dir="0" index="2" bw="1" slack="0"/>
<pin id="1079" dir="1" index="3" bw="1" slack="0"/>
</pin_list>
<bind>
<opcode="select(49) " fcode="select"/>
<opset="select_ln777_65/3 "/>
</bind>
</comp>

<comp id="1083" class="1004" name="xor_ln785_3_fu_1083">
<pin_list>
<pin id="1084" dir="0" index="0" bw="1" slack="0"/>
<pin id="1085" dir="0" index="1" bw="1" slack="0"/>
<pin id="1086" dir="1" index="2" bw="1" slack="0"/>
</pin_list>
<bind>
<opcode="xor(25) " fcode="xor"/>
<opset="xor_ln785_3/3 "/>
</bind>
</comp>

<comp id="1089" class="1004" name="or_ln340_3_fu_1089">
<pin_list>
<pin id="1090" dir="0" index="0" bw="1" slack="0"/>
<pin id="1091" dir="0" index="1" bw="1" slack="0"/>
<pin id="1092" dir="1" index="2" bw="1" slack="0"/>
</pin_list>
<bind>
<opcode="or(24) " fcode="or"/>
<opset="or_ln340_3/3 "/>
</bind>
</comp>

<comp id="1095" class="1004" name="select_ln340_3_fu_1095">
<pin_list>
<pin id="1096" dir="0" index="0" bw="1" slack="0"/>
<pin id="1097" dir="0" index="1" bw="7" slack="0"/>
<pin id="1098" dir="0" index="2" bw="7" slack="0"/>
<pin id="1099" dir="1" index="3" bw="7" slack="0"/>
</pin_list>
<bind>
<opcode="select(49) " fcode="select"/>
<opset="select_ln340_3/3 "/>
</bind>
</comp>

<comp id="1103" class="1004" name="tmp_data_3_V_fu_1103">
<pin_list>
<pin id="1104" dir="0" index="0" bw="1" slack="0"/>
<pin id="1105" dir="0" index="1" bw="7" slack="0"/>
<pin id="1106" dir="0" index="2" bw="7" slack="0"/>
<pin id="1107" dir="1" index="3" bw="7" slack="1"/>
</pin_list>
<bind>
<opcode="select(49) " fcode="select"/>
<opset="tmp_data_3_V/3 "/>
</bind>
</comp>

<comp id="1111" class="1004" name="icmp_ln1494_4_fu_1111">
<pin_list>
<pin id="1112" dir="0" index="0" bw="14" slack="0"/>
<pin id="1113" dir="0" index="1" bw="14" slack="0"/>
<pin id="1114" dir="1" index="2" bw="1" slack="0"/>
</pin_list>
<bind>
<opcode="icmp(45) " fcode="icmp"/>
<opset="icmp_ln1494_4/3 "/>
</bind>
</comp>

<comp id="1117" class="1004" name="trunc_ln708_63_fu_1117">
<pin_list>
<pin id="1118" dir="0" index="0" bw="8" slack="0"/>
<pin id="1119" dir="0" index="1" bw="14" slack="0"/>
<pin id="1120" dir="0" index="2" bw="3" slack="0"/>
<pin id="1121" dir="0" index="3" bw="5" slack="0"/>
<pin id="1122" dir="1" index="4" bw="8" slack="0"/>
</pin_list>
<bind>
<opcode="partselect(1002) " fcode="partselect"/>
<opset="trunc_ln708_63/3 "/>
</bind>
</comp>

<comp id="1127" class="1004" name="tmp_273_fu_1127">
<pin_list>
<pin id="1128" dir="0" index="0" bw="1" slack="0"/>
<pin id="1129" dir="0" index="1" bw="14" slack="0"/>
<pin id="1130" dir="0" index="2" bw="5" slack="0"/>
<pin id="1131" dir="1" index="3" bw="1" slack="0"/>
</pin_list>
<bind>
<opcode="bitselect(1000) " fcode="bitselect"/>
<opset="tmp_273/3 "/>
</bind>
</comp>

<comp id="1135" class="1004" name="tmp_274_fu_1135">
<pin_list>
<pin id="1136" dir="0" index="0" bw="1" slack="0"/>
<pin id="1137" dir="0" index="1" bw="14" slack="0"/>
<pin id="1138" dir="0" index="2" bw="1" slack="0"/>
<pin id="1139" dir="1" index="3" bw="1" slack="0"/>
</pin_list>
<bind>
<opcode="bitselect(1000) " fcode="bitselect"/>
<opset="tmp_274/3 "/>
</bind>
</comp>

<comp id="1143" class="1004" name="zext_ln415_66_fu_1143">
<pin_list>
<pin id="1144" dir="0" index="0" bw="1" slack="0"/>
<pin id="1145" dir="1" index="1" bw="8" slack="0"/>
</pin_list>
<bind>
<opcode="zext(34) " fcode="zext"/>
<opset="zext_ln415_66/3 "/>
</bind>
</comp>

<comp id="1147" class="1004" name="trunc_ln415_66_fu_1147">
<pin_list>
<pin id="1148" dir="0" index="0" bw="7" slack="0"/>
<pin id="1149" dir="0" index="1" bw="14" slack="0"/>
<pin id="1150" dir="0" index="2" bw="3" slack="0"/>
<pin id="1151" dir="0" index="3" bw="5" slack="0"/>
<pin id="1152" dir="1" index="4" bw="7" slack="0"/>
</pin_list>
<bind>
<opcode="partselect(1002) " fcode="partselect"/>
<opset="trunc_ln415_66/3 "/>
</bind>
</comp>

<comp id="1157" class="1004" name="zext_ln415_100_fu_1157">
<pin_list>
<pin id="1158" dir="0" index="0" bw="1" slack="0"/>
<pin id="1159" dir="1" index="1" bw="7" slack="0"/>
</pin_list>
<bind>
<opcode="zext(34) " fcode="zext"/>
<opset="zext_ln415_100/3 "/>
</bind>
</comp>

<comp id="1161" class="1004" name="add_ln415_66_fu_1161">
<pin_list>
<pin id="1162" dir="0" index="0" bw="8" slack="0"/>
<pin id="1163" dir="0" index="1" bw="1" slack="0"/>
<pin id="1164" dir="1" index="2" bw="8" slack="0"/>
</pin_list>
<bind>
<opcode="add(8) " fcode="add"/>
<opset="add_ln415_66/3 "/>
</bind>
</comp>

<comp id="1167" class="1004" name="add_ln416_66_fu_1167">
<pin_list>
<pin id="1168" dir="0" index="0" bw="7" slack="0"/>
<pin id="1169" dir="0" index="1" bw="1" slack="0"/>
<pin id="1170" dir="1" index="2" bw="7" slack="0"/>
</pin_list>
<bind>
<opcode="add(8) " fcode="add"/>
<opset="add_ln416_66/3 "/>
</bind>
</comp>

<comp id="1173" class="1004" name="tmp_275_fu_1173">
<pin_list>
<pin id="1174" dir="0" index="0" bw="1" slack="0"/>
<pin id="1175" dir="0" index="1" bw="8" slack="0"/>
<pin id="1176" dir="0" index="2" bw="4" slack="0"/>
<pin id="1177" dir="1" index="3" bw="1" slack="0"/>
</pin_list>
<bind>
<opcode="bitselect(1000) " fcode="bitselect"/>
<opset="tmp_275/3 "/>
</bind>
</comp>

<comp id="1181" class="1004" name="xor_ln416_66_fu_1181">
<pin_list>
<pin id="1182" dir="0" index="0" bw="1" slack="0"/>
<pin id="1183" dir="0" index="1" bw="1" slack="0"/>
<pin id="1184" dir="1" index="2" bw="1" slack="0"/>
</pin_list>
<bind>
<opcode="xor(25) " fcode="xor"/>
<opset="xor_ln416_66/3 "/>
</bind>
</comp>

<comp id="1187" class="1004" name="and_ln416_66_fu_1187">
<pin_list>
<pin id="1188" dir="0" index="0" bw="1" slack="0"/>
<pin id="1189" dir="0" index="1" bw="1" slack="0"/>
<pin id="1190" dir="1" index="2" bw="1" slack="0"/>
</pin_list>
<bind>
<opcode="and(23) " fcode="and"/>
<opset="and_ln416_66/3 "/>
</bind>
</comp>

<comp id="1193" class="1004" name="tmp_276_fu_1193">
<pin_list>
<pin id="1194" dir="0" index="0" bw="1" slack="0"/>
<pin id="1195" dir="0" index="1" bw="8" slack="0"/>
<pin id="1196" dir="0" index="2" bw="4" slack="0"/>
<pin id="1197" dir="1" index="3" bw="1" slack="0"/>
</pin_list>
<bind>
<opcode="bitselect(1000) " fcode="bitselect"/>
<opset="tmp_276/3 "/>
</bind>
</comp>

<comp id="1201" class="1004" name="p_Result_12_4_fu_1201">
<pin_list>
<pin id="1202" dir="0" index="0" bw="4" slack="0"/>
<pin id="1203" dir="0" index="1" bw="14" slack="0"/>
<pin id="1204" dir="0" index="2" bw="5" slack="0"/>
<pin id="1205" dir="0" index="3" bw="5" slack="0"/>
<pin id="1206" dir="1" index="4" bw="4" slack="0"/>
</pin_list>
<bind>
<opcode="partselect(1002) " fcode="partselect"/>
<opset="p_Result_12_4/3 "/>
</bind>
</comp>

<comp id="1211" class="1004" name="icmp_ln879_66_fu_1211">
<pin_list>
<pin id="1212" dir="0" index="0" bw="4" slack="0"/>
<pin id="1213" dir="0" index="1" bw="4" slack="0"/>
<pin id="1214" dir="1" index="2" bw="1" slack="0"/>
</pin_list>
<bind>
<opcode="icmp(45) " fcode="icmp"/>
<opset="icmp_ln879_66/3 "/>
</bind>
</comp>

<comp id="1217" class="1004" name="icmp_ln768_66_fu_1217">
<pin_list>
<pin id="1218" dir="0" index="0" bw="4" slack="0"/>
<pin id="1219" dir="0" index="1" bw="4" slack="0"/>
<pin id="1220" dir="1" index="2" bw="1" slack="0"/>
</pin_list>
<bind>
<opcode="icmp(45) " fcode="icmp"/>
<opset="icmp_ln768_66/3 "/>
</bind>
</comp>

<comp id="1223" class="1004" name="select_ln777_66_fu_1223">
<pin_list>
<pin id="1224" dir="0" index="0" bw="1" slack="0"/>
<pin id="1225" dir="0" index="1" bw="1" slack="0"/>
<pin id="1226" dir="0" index="2" bw="1" slack="0"/>
<pin id="1227" dir="1" index="3" bw="1" slack="0"/>
</pin_list>
<bind>
<opcode="select(49) " fcode="select"/>
<opset="select_ln777_66/3 "/>
</bind>
</comp>

<comp id="1231" class="1004" name="xor_ln785_4_fu_1231">
<pin_list>
<pin id="1232" dir="0" index="0" bw="1" slack="0"/>
<pin id="1233" dir="0" index="1" bw="1" slack="0"/>
<pin id="1234" dir="1" index="2" bw="1" slack="0"/>
</pin_list>
<bind>
<opcode="xor(25) " fcode="xor"/>
<opset="xor_ln785_4/3 "/>
</bind>
</comp>

<comp id="1237" class="1004" name="or_ln340_4_fu_1237">
<pin_list>
<pin id="1238" dir="0" index="0" bw="1" slack="0"/>
<pin id="1239" dir="0" index="1" bw="1" slack="0"/>
<pin id="1240" dir="1" index="2" bw="1" slack="0"/>
</pin_list>
<bind>
<opcode="or(24) " fcode="or"/>
<opset="or_ln340_4/3 "/>
</bind>
</comp>

<comp id="1243" class="1004" name="select_ln340_4_fu_1243">
<pin_list>
<pin id="1244" dir="0" index="0" bw="1" slack="0"/>
<pin id="1245" dir="0" index="1" bw="7" slack="0"/>
<pin id="1246" dir="0" index="2" bw="7" slack="0"/>
<pin id="1247" dir="1" index="3" bw="7" slack="0"/>
</pin_list>
<bind>
<opcode="select(49) " fcode="select"/>
<opset="select_ln340_4/3 "/>
</bind>
</comp>

<comp id="1251" class="1004" name="tmp_data_4_V_fu_1251">
<pin_list>
<pin id="1252" dir="0" index="0" bw="1" slack="0"/>
<pin id="1253" dir="0" index="1" bw="7" slack="0"/>
<pin id="1254" dir="0" index="2" bw="7" slack="0"/>
<pin id="1255" dir="1" index="3" bw="7" slack="1"/>
</pin_list>
<bind>
<opcode="select(49) " fcode="select"/>
<opset="tmp_data_4_V/3 "/>
</bind>
</comp>

<comp id="1259" class="1004" name="icmp_ln1494_5_fu_1259">
<pin_list>
<pin id="1260" dir="0" index="0" bw="14" slack="0"/>
<pin id="1261" dir="0" index="1" bw="14" slack="0"/>
<pin id="1262" dir="1" index="2" bw="1" slack="0"/>
</pin_list>
<bind>
<opcode="icmp(45) " fcode="icmp"/>
<opset="icmp_ln1494_5/3 "/>
</bind>
</comp>

<comp id="1265" class="1004" name="trunc_ln708_64_fu_1265">
<pin_list>
<pin id="1266" dir="0" index="0" bw="8" slack="0"/>
<pin id="1267" dir="0" index="1" bw="14" slack="0"/>
<pin id="1268" dir="0" index="2" bw="3" slack="0"/>
<pin id="1269" dir="0" index="3" bw="5" slack="0"/>
<pin id="1270" dir="1" index="4" bw="8" slack="0"/>
</pin_list>
<bind>
<opcode="partselect(1002) " fcode="partselect"/>
<opset="trunc_ln708_64/3 "/>
</bind>
</comp>

<comp id="1275" class="1004" name="tmp_277_fu_1275">
<pin_list>
<pin id="1276" dir="0" index="0" bw="1" slack="0"/>
<pin id="1277" dir="0" index="1" bw="14" slack="0"/>
<pin id="1278" dir="0" index="2" bw="5" slack="0"/>
<pin id="1279" dir="1" index="3" bw="1" slack="0"/>
</pin_list>
<bind>
<opcode="bitselect(1000) " fcode="bitselect"/>
<opset="tmp_277/3 "/>
</bind>
</comp>

<comp id="1283" class="1004" name="tmp_278_fu_1283">
<pin_list>
<pin id="1284" dir="0" index="0" bw="1" slack="0"/>
<pin id="1285" dir="0" index="1" bw="14" slack="0"/>
<pin id="1286" dir="0" index="2" bw="1" slack="0"/>
<pin id="1287" dir="1" index="3" bw="1" slack="0"/>
</pin_list>
<bind>
<opcode="bitselect(1000) " fcode="bitselect"/>
<opset="tmp_278/3 "/>
</bind>
</comp>

<comp id="1291" class="1004" name="zext_ln415_67_fu_1291">
<pin_list>
<pin id="1292" dir="0" index="0" bw="1" slack="0"/>
<pin id="1293" dir="1" index="1" bw="8" slack="0"/>
</pin_list>
<bind>
<opcode="zext(34) " fcode="zext"/>
<opset="zext_ln415_67/3 "/>
</bind>
</comp>

<comp id="1295" class="1004" name="trunc_ln415_67_fu_1295">
<pin_list>
<pin id="1296" dir="0" index="0" bw="7" slack="0"/>
<pin id="1297" dir="0" index="1" bw="14" slack="0"/>
<pin id="1298" dir="0" index="2" bw="3" slack="0"/>
<pin id="1299" dir="0" index="3" bw="5" slack="0"/>
<pin id="1300" dir="1" index="4" bw="7" slack="0"/>
</pin_list>
<bind>
<opcode="partselect(1002) " fcode="partselect"/>
<opset="trunc_ln415_67/3 "/>
</bind>
</comp>

<comp id="1305" class="1004" name="zext_ln415_101_fu_1305">
<pin_list>
<pin id="1306" dir="0" index="0" bw="1" slack="0"/>
<pin id="1307" dir="1" index="1" bw="7" slack="0"/>
</pin_list>
<bind>
<opcode="zext(34) " fcode="zext"/>
<opset="zext_ln415_101/3 "/>
</bind>
</comp>

<comp id="1309" class="1004" name="add_ln415_67_fu_1309">
<pin_list>
<pin id="1310" dir="0" index="0" bw="8" slack="0"/>
<pin id="1311" dir="0" index="1" bw="1" slack="0"/>
<pin id="1312" dir="1" index="2" bw="8" slack="0"/>
</pin_list>
<bind>
<opcode="add(8) " fcode="add"/>
<opset="add_ln415_67/3 "/>
</bind>
</comp>

<comp id="1315" class="1004" name="add_ln416_67_fu_1315">
<pin_list>
<pin id="1316" dir="0" index="0" bw="7" slack="0"/>
<pin id="1317" dir="0" index="1" bw="1" slack="0"/>
<pin id="1318" dir="1" index="2" bw="7" slack="0"/>
</pin_list>
<bind>
<opcode="add(8) " fcode="add"/>
<opset="add_ln416_67/3 "/>
</bind>
</comp>

<comp id="1321" class="1004" name="tmp_279_fu_1321">
<pin_list>
<pin id="1322" dir="0" index="0" bw="1" slack="0"/>
<pin id="1323" dir="0" index="1" bw="8" slack="0"/>
<pin id="1324" dir="0" index="2" bw="4" slack="0"/>
<pin id="1325" dir="1" index="3" bw="1" slack="0"/>
</pin_list>
<bind>
<opcode="bitselect(1000) " fcode="bitselect"/>
<opset="tmp_279/3 "/>
</bind>
</comp>

<comp id="1329" class="1004" name="xor_ln416_67_fu_1329">
<pin_list>
<pin id="1330" dir="0" index="0" bw="1" slack="0"/>
<pin id="1331" dir="0" index="1" bw="1" slack="0"/>
<pin id="1332" dir="1" index="2" bw="1" slack="0"/>
</pin_list>
<bind>
<opcode="xor(25) " fcode="xor"/>
<opset="xor_ln416_67/3 "/>
</bind>
</comp>

<comp id="1335" class="1004" name="and_ln416_67_fu_1335">
<pin_list>
<pin id="1336" dir="0" index="0" bw="1" slack="0"/>
<pin id="1337" dir="0" index="1" bw="1" slack="0"/>
<pin id="1338" dir="1" index="2" bw="1" slack="0"/>
</pin_list>
<bind>
<opcode="and(23) " fcode="and"/>
<opset="and_ln416_67/3 "/>
</bind>
</comp>

<comp id="1341" class="1004" name="tmp_280_fu_1341">
<pin_list>
<pin id="1342" dir="0" index="0" bw="1" slack="0"/>
<pin id="1343" dir="0" index="1" bw="8" slack="0"/>
<pin id="1344" dir="0" index="2" bw="4" slack="0"/>
<pin id="1345" dir="1" index="3" bw="1" slack="0"/>
</pin_list>
<bind>
<opcode="bitselect(1000) " fcode="bitselect"/>
<opset="tmp_280/3 "/>
</bind>
</comp>

<comp id="1349" class="1004" name="p_Result_12_5_fu_1349">
<pin_list>
<pin id="1350" dir="0" index="0" bw="4" slack="0"/>
<pin id="1351" dir="0" index="1" bw="14" slack="0"/>
<pin id="1352" dir="0" index="2" bw="5" slack="0"/>
<pin id="1353" dir="0" index="3" bw="5" slack="0"/>
<pin id="1354" dir="1" index="4" bw="4" slack="0"/>
</pin_list>
<bind>
<opcode="partselect(1002) " fcode="partselect"/>
<opset="p_Result_12_5/3 "/>
</bind>
</comp>

<comp id="1359" class="1004" name="icmp_ln879_67_fu_1359">
<pin_list>
<pin id="1360" dir="0" index="0" bw="4" slack="0"/>
<pin id="1361" dir="0" index="1" bw="4" slack="0"/>
<pin id="1362" dir="1" index="2" bw="1" slack="0"/>
</pin_list>
<bind>
<opcode="icmp(45) " fcode="icmp"/>
<opset="icmp_ln879_67/3 "/>
</bind>
</comp>

<comp id="1365" class="1004" name="icmp_ln768_67_fu_1365">
<pin_list>
<pin id="1366" dir="0" index="0" bw="4" slack="0"/>
<pin id="1367" dir="0" index="1" bw="4" slack="0"/>
<pin id="1368" dir="1" index="2" bw="1" slack="0"/>
</pin_list>
<bind>
<opcode="icmp(45) " fcode="icmp"/>
<opset="icmp_ln768_67/3 "/>
</bind>
</comp>

<comp id="1371" class="1004" name="select_ln777_67_fu_1371">
<pin_list>
<pin id="1372" dir="0" index="0" bw="1" slack="0"/>
<pin id="1373" dir="0" index="1" bw="1" slack="0"/>
<pin id="1374" dir="0" index="2" bw="1" slack="0"/>
<pin id="1375" dir="1" index="3" bw="1" slack="0"/>
</pin_list>
<bind>
<opcode="select(49) " fcode="select"/>
<opset="select_ln777_67/3 "/>
</bind>
</comp>

<comp id="1379" class="1004" name="xor_ln785_5_fu_1379">
<pin_list>
<pin id="1380" dir="0" index="0" bw="1" slack="0"/>
<pin id="1381" dir="0" index="1" bw="1" slack="0"/>
<pin id="1382" dir="1" index="2" bw="1" slack="0"/>
</pin_list>
<bind>
<opcode="xor(25) " fcode="xor"/>
<opset="xor_ln785_5/3 "/>
</bind>
</comp>

<comp id="1385" class="1004" name="or_ln340_5_fu_1385">
<pin_list>
<pin id="1386" dir="0" index="0" bw="1" slack="0"/>
<pin id="1387" dir="0" index="1" bw="1" slack="0"/>
<pin id="1388" dir="1" index="2" bw="1" slack="0"/>
</pin_list>
<bind>
<opcode="or(24) " fcode="or"/>
<opset="or_ln340_5/3 "/>
</bind>
</comp>

<comp id="1391" class="1004" name="select_ln340_5_fu_1391">
<pin_list>
<pin id="1392" dir="0" index="0" bw="1" slack="0"/>
<pin id="1393" dir="0" index="1" bw="7" slack="0"/>
<pin id="1394" dir="0" index="2" bw="7" slack="0"/>
<pin id="1395" dir="1" index="3" bw="7" slack="0"/>
</pin_list>
<bind>
<opcode="select(49) " fcode="select"/>
<opset="select_ln340_5/3 "/>
</bind>
</comp>

<comp id="1399" class="1004" name="tmp_data_5_V_fu_1399">
<pin_list>
<pin id="1400" dir="0" index="0" bw="1" slack="0"/>
<pin id="1401" dir="0" index="1" bw="7" slack="0"/>
<pin id="1402" dir="0" index="2" bw="7" slack="0"/>
<pin id="1403" dir="1" index="3" bw="7" slack="1"/>
</pin_list>
<bind>
<opcode="select(49) " fcode="select"/>
<opset="tmp_data_5_V/3 "/>
</bind>
</comp>

<comp id="1407" class="1004" name="icmp_ln1494_6_fu_1407">
<pin_list>
<pin id="1408" dir="0" index="0" bw="14" slack="0"/>
<pin id="1409" dir="0" index="1" bw="14" slack="0"/>
<pin id="1410" dir="1" index="2" bw="1" slack="0"/>
</pin_list>
<bind>
<opcode="icmp(45) " fcode="icmp"/>
<opset="icmp_ln1494_6/3 "/>
</bind>
</comp>

<comp id="1413" class="1004" name="trunc_ln708_65_fu_1413">
<pin_list>
<pin id="1414" dir="0" index="0" bw="8" slack="0"/>
<pin id="1415" dir="0" index="1" bw="14" slack="0"/>
<pin id="1416" dir="0" index="2" bw="3" slack="0"/>
<pin id="1417" dir="0" index="3" bw="5" slack="0"/>
<pin id="1418" dir="1" index="4" bw="8" slack="0"/>
</pin_list>
<bind>
<opcode="partselect(1002) " fcode="partselect"/>
<opset="trunc_ln708_65/3 "/>
</bind>
</comp>

<comp id="1423" class="1004" name="tmp_281_fu_1423">
<pin_list>
<pin id="1424" dir="0" index="0" bw="1" slack="0"/>
<pin id="1425" dir="0" index="1" bw="14" slack="0"/>
<pin id="1426" dir="0" index="2" bw="5" slack="0"/>
<pin id="1427" dir="1" index="3" bw="1" slack="0"/>
</pin_list>
<bind>
<opcode="bitselect(1000) " fcode="bitselect"/>
<opset="tmp_281/3 "/>
</bind>
</comp>

<comp id="1431" class="1004" name="tmp_282_fu_1431">
<pin_list>
<pin id="1432" dir="0" index="0" bw="1" slack="0"/>
<pin id="1433" dir="0" index="1" bw="14" slack="0"/>
<pin id="1434" dir="0" index="2" bw="1" slack="0"/>
<pin id="1435" dir="1" index="3" bw="1" slack="0"/>
</pin_list>
<bind>
<opcode="bitselect(1000) " fcode="bitselect"/>
<opset="tmp_282/3 "/>
</bind>
</comp>

<comp id="1439" class="1004" name="zext_ln415_68_fu_1439">
<pin_list>
<pin id="1440" dir="0" index="0" bw="1" slack="0"/>
<pin id="1441" dir="1" index="1" bw="8" slack="0"/>
</pin_list>
<bind>
<opcode="zext(34) " fcode="zext"/>
<opset="zext_ln415_68/3 "/>
</bind>
</comp>

<comp id="1443" class="1004" name="trunc_ln415_68_fu_1443">
<pin_list>
<pin id="1444" dir="0" index="0" bw="7" slack="0"/>
<pin id="1445" dir="0" index="1" bw="14" slack="0"/>
<pin id="1446" dir="0" index="2" bw="3" slack="0"/>
<pin id="1447" dir="0" index="3" bw="5" slack="0"/>
<pin id="1448" dir="1" index="4" bw="7" slack="0"/>
</pin_list>
<bind>
<opcode="partselect(1002) " fcode="partselect"/>
<opset="trunc_ln415_68/3 "/>
</bind>
</comp>

<comp id="1453" class="1004" name="zext_ln415_102_fu_1453">
<pin_list>
<pin id="1454" dir="0" index="0" bw="1" slack="0"/>
<pin id="1455" dir="1" index="1" bw="7" slack="0"/>
</pin_list>
<bind>
<opcode="zext(34) " fcode="zext"/>
<opset="zext_ln415_102/3 "/>
</bind>
</comp>

<comp id="1457" class="1004" name="add_ln415_68_fu_1457">
<pin_list>
<pin id="1458" dir="0" index="0" bw="8" slack="0"/>
<pin id="1459" dir="0" index="1" bw="1" slack="0"/>
<pin id="1460" dir="1" index="2" bw="8" slack="0"/>
</pin_list>
<bind>
<opcode="add(8) " fcode="add"/>
<opset="add_ln415_68/3 "/>
</bind>
</comp>

<comp id="1463" class="1004" name="add_ln416_68_fu_1463">
<pin_list>
<pin id="1464" dir="0" index="0" bw="7" slack="0"/>
<pin id="1465" dir="0" index="1" bw="1" slack="0"/>
<pin id="1466" dir="1" index="2" bw="7" slack="0"/>
</pin_list>
<bind>
<opcode="add(8) " fcode="add"/>
<opset="add_ln416_68/3 "/>
</bind>
</comp>

<comp id="1469" class="1004" name="tmp_283_fu_1469">
<pin_list>
<pin id="1470" dir="0" index="0" bw="1" slack="0"/>
<pin id="1471" dir="0" index="1" bw="8" slack="0"/>
<pin id="1472" dir="0" index="2" bw="4" slack="0"/>
<pin id="1473" dir="1" index="3" bw="1" slack="0"/>
</pin_list>
<bind>
<opcode="bitselect(1000) " fcode="bitselect"/>
<opset="tmp_283/3 "/>
</bind>
</comp>

<comp id="1477" class="1004" name="xor_ln416_68_fu_1477">
<pin_list>
<pin id="1478" dir="0" index="0" bw="1" slack="0"/>
<pin id="1479" dir="0" index="1" bw="1" slack="0"/>
<pin id="1480" dir="1" index="2" bw="1" slack="0"/>
</pin_list>
<bind>
<opcode="xor(25) " fcode="xor"/>
<opset="xor_ln416_68/3 "/>
</bind>
</comp>

<comp id="1483" class="1004" name="and_ln416_68_fu_1483">
<pin_list>
<pin id="1484" dir="0" index="0" bw="1" slack="0"/>
<pin id="1485" dir="0" index="1" bw="1" slack="0"/>
<pin id="1486" dir="1" index="2" bw="1" slack="0"/>
</pin_list>
<bind>
<opcode="and(23) " fcode="and"/>
<opset="and_ln416_68/3 "/>
</bind>
</comp>

<comp id="1489" class="1004" name="tmp_284_fu_1489">
<pin_list>
<pin id="1490" dir="0" index="0" bw="1" slack="0"/>
<pin id="1491" dir="0" index="1" bw="8" slack="0"/>
<pin id="1492" dir="0" index="2" bw="4" slack="0"/>
<pin id="1493" dir="1" index="3" bw="1" slack="0"/>
</pin_list>
<bind>
<opcode="bitselect(1000) " fcode="bitselect"/>
<opset="tmp_284/3 "/>
</bind>
</comp>

<comp id="1497" class="1004" name="p_Result_12_6_fu_1497">
<pin_list>
<pin id="1498" dir="0" index="0" bw="4" slack="0"/>
<pin id="1499" dir="0" index="1" bw="14" slack="0"/>
<pin id="1500" dir="0" index="2" bw="5" slack="0"/>
<pin id="1501" dir="0" index="3" bw="5" slack="0"/>
<pin id="1502" dir="1" index="4" bw="4" slack="0"/>
</pin_list>
<bind>
<opcode="partselect(1002) " fcode="partselect"/>
<opset="p_Result_12_6/3 "/>
</bind>
</comp>

<comp id="1507" class="1004" name="icmp_ln879_68_fu_1507">
<pin_list>
<pin id="1508" dir="0" index="0" bw="4" slack="0"/>
<pin id="1509" dir="0" index="1" bw="4" slack="0"/>
<pin id="1510" dir="1" index="2" bw="1" slack="0"/>
</pin_list>
<bind>
<opcode="icmp(45) " fcode="icmp"/>
<opset="icmp_ln879_68/3 "/>
</bind>
</comp>

<comp id="1513" class="1004" name="icmp_ln768_68_fu_1513">
<pin_list>
<pin id="1514" dir="0" index="0" bw="4" slack="0"/>
<pin id="1515" dir="0" index="1" bw="4" slack="0"/>
<pin id="1516" dir="1" index="2" bw="1" slack="0"/>
</pin_list>
<bind>
<opcode="icmp(45) " fcode="icmp"/>
<opset="icmp_ln768_68/3 "/>
</bind>
</comp>

<comp id="1519" class="1004" name="select_ln777_68_fu_1519">
<pin_list>
<pin id="1520" dir="0" index="0" bw="1" slack="0"/>
<pin id="1521" dir="0" index="1" bw="1" slack="0"/>
<pin id="1522" dir="0" index="2" bw="1" slack="0"/>
<pin id="1523" dir="1" index="3" bw="1" slack="0"/>
</pin_list>
<bind>
<opcode="select(49) " fcode="select"/>
<opset="select_ln777_68/3 "/>
</bind>
</comp>

<comp id="1527" class="1004" name="xor_ln785_6_fu_1527">
<pin_list>
<pin id="1528" dir="0" index="0" bw="1" slack="0"/>
<pin id="1529" dir="0" index="1" bw="1" slack="0"/>
<pin id="1530" dir="1" index="2" bw="1" slack="0"/>
</pin_list>
<bind>
<opcode="xor(25) " fcode="xor"/>
<opset="xor_ln785_6/3 "/>
</bind>
</comp>

<comp id="1533" class="1004" name="or_ln340_6_fu_1533">
<pin_list>
<pin id="1534" dir="0" index="0" bw="1" slack="0"/>
<pin id="1535" dir="0" index="1" bw="1" slack="0"/>
<pin id="1536" dir="1" index="2" bw="1" slack="0"/>
</pin_list>
<bind>
<opcode="or(24) " fcode="or"/>
<opset="or_ln340_6/3 "/>
</bind>
</comp>

<comp id="1539" class="1004" name="select_ln340_6_fu_1539">
<pin_list>
<pin id="1540" dir="0" index="0" bw="1" slack="0"/>
<pin id="1541" dir="0" index="1" bw="7" slack="0"/>
<pin id="1542" dir="0" index="2" bw="7" slack="0"/>
<pin id="1543" dir="1" index="3" bw="7" slack="0"/>
</pin_list>
<bind>
<opcode="select(49) " fcode="select"/>
<opset="select_ln340_6/3 "/>
</bind>
</comp>

<comp id="1547" class="1004" name="tmp_data_6_V_fu_1547">
<pin_list>
<pin id="1548" dir="0" index="0" bw="1" slack="0"/>
<pin id="1549" dir="0" index="1" bw="7" slack="0"/>
<pin id="1550" dir="0" index="2" bw="7" slack="0"/>
<pin id="1551" dir="1" index="3" bw="7" slack="1"/>
</pin_list>
<bind>
<opcode="select(49) " fcode="select"/>
<opset="tmp_data_6_V/3 "/>
</bind>
</comp>

<comp id="1555" class="1004" name="icmp_ln1494_7_fu_1555">
<pin_list>
<pin id="1556" dir="0" index="0" bw="14" slack="0"/>
<pin id="1557" dir="0" index="1" bw="14" slack="0"/>
<pin id="1558" dir="1" index="2" bw="1" slack="0"/>
</pin_list>
<bind>
<opcode="icmp(45) " fcode="icmp"/>
<opset="icmp_ln1494_7/3 "/>
</bind>
</comp>

<comp id="1561" class="1004" name="trunc_ln708_66_fu_1561">
<pin_list>
<pin id="1562" dir="0" index="0" bw="8" slack="0"/>
<pin id="1563" dir="0" index="1" bw="14" slack="0"/>
<pin id="1564" dir="0" index="2" bw="3" slack="0"/>
<pin id="1565" dir="0" index="3" bw="5" slack="0"/>
<pin id="1566" dir="1" index="4" bw="8" slack="0"/>
</pin_list>
<bind>
<opcode="partselect(1002) " fcode="partselect"/>
<opset="trunc_ln708_66/3 "/>
</bind>
</comp>

<comp id="1571" class="1004" name="tmp_285_fu_1571">
<pin_list>
<pin id="1572" dir="0" index="0" bw="1" slack="0"/>
<pin id="1573" dir="0" index="1" bw="14" slack="0"/>
<pin id="1574" dir="0" index="2" bw="5" slack="0"/>
<pin id="1575" dir="1" index="3" bw="1" slack="0"/>
</pin_list>
<bind>
<opcode="bitselect(1000) " fcode="bitselect"/>
<opset="tmp_285/3 "/>
</bind>
</comp>

<comp id="1579" class="1004" name="tmp_286_fu_1579">
<pin_list>
<pin id="1580" dir="0" index="0" bw="1" slack="0"/>
<pin id="1581" dir="0" index="1" bw="14" slack="0"/>
<pin id="1582" dir="0" index="2" bw="1" slack="0"/>
<pin id="1583" dir="1" index="3" bw="1" slack="0"/>
</pin_list>
<bind>
<opcode="bitselect(1000) " fcode="bitselect"/>
<opset="tmp_286/3 "/>
</bind>
</comp>

<comp id="1587" class="1004" name="zext_ln415_69_fu_1587">
<pin_list>
<pin id="1588" dir="0" index="0" bw="1" slack="0"/>
<pin id="1589" dir="1" index="1" bw="8" slack="0"/>
</pin_list>
<bind>
<opcode="zext(34) " fcode="zext"/>
<opset="zext_ln415_69/3 "/>
</bind>
</comp>

<comp id="1591" class="1004" name="trunc_ln415_69_fu_1591">
<pin_list>
<pin id="1592" dir="0" index="0" bw="7" slack="0"/>
<pin id="1593" dir="0" index="1" bw="14" slack="0"/>
<pin id="1594" dir="0" index="2" bw="3" slack="0"/>
<pin id="1595" dir="0" index="3" bw="5" slack="0"/>
<pin id="1596" dir="1" index="4" bw="7" slack="0"/>
</pin_list>
<bind>
<opcode="partselect(1002) " fcode="partselect"/>
<opset="trunc_ln415_69/3 "/>
</bind>
</comp>

<comp id="1601" class="1004" name="zext_ln415_103_fu_1601">
<pin_list>
<pin id="1602" dir="0" index="0" bw="1" slack="0"/>
<pin id="1603" dir="1" index="1" bw="7" slack="0"/>
</pin_list>
<bind>
<opcode="zext(34) " fcode="zext"/>
<opset="zext_ln415_103/3 "/>
</bind>
</comp>

<comp id="1605" class="1004" name="add_ln415_69_fu_1605">
<pin_list>
<pin id="1606" dir="0" index="0" bw="8" slack="0"/>
<pin id="1607" dir="0" index="1" bw="1" slack="0"/>
<pin id="1608" dir="1" index="2" bw="8" slack="0"/>
</pin_list>
<bind>
<opcode="add(8) " fcode="add"/>
<opset="add_ln415_69/3 "/>
</bind>
</comp>

<comp id="1611" class="1004" name="add_ln416_69_fu_1611">
<pin_list>
<pin id="1612" dir="0" index="0" bw="7" slack="0"/>
<pin id="1613" dir="0" index="1" bw="1" slack="0"/>
<pin id="1614" dir="1" index="2" bw="7" slack="0"/>
</pin_list>
<bind>
<opcode="add(8) " fcode="add"/>
<opset="add_ln416_69/3 "/>
</bind>
</comp>

<comp id="1617" class="1004" name="tmp_287_fu_1617">
<pin_list>
<pin id="1618" dir="0" index="0" bw="1" slack="0"/>
<pin id="1619" dir="0" index="1" bw="8" slack="0"/>
<pin id="1620" dir="0" index="2" bw="4" slack="0"/>
<pin id="1621" dir="1" index="3" bw="1" slack="0"/>
</pin_list>
<bind>
<opcode="bitselect(1000) " fcode="bitselect"/>
<opset="tmp_287/3 "/>
</bind>
</comp>

<comp id="1625" class="1004" name="xor_ln416_69_fu_1625">
<pin_list>
<pin id="1626" dir="0" index="0" bw="1" slack="0"/>
<pin id="1627" dir="0" index="1" bw="1" slack="0"/>
<pin id="1628" dir="1" index="2" bw="1" slack="0"/>
</pin_list>
<bind>
<opcode="xor(25) " fcode="xor"/>
<opset="xor_ln416_69/3 "/>
</bind>
</comp>

<comp id="1631" class="1004" name="and_ln416_69_fu_1631">
<pin_list>
<pin id="1632" dir="0" index="0" bw="1" slack="0"/>
<pin id="1633" dir="0" index="1" bw="1" slack="0"/>
<pin id="1634" dir="1" index="2" bw="1" slack="0"/>
</pin_list>
<bind>
<opcode="and(23) " fcode="and"/>
<opset="and_ln416_69/3 "/>
</bind>
</comp>

<comp id="1637" class="1004" name="tmp_288_fu_1637">
<pin_list>
<pin id="1638" dir="0" index="0" bw="1" slack="0"/>
<pin id="1639" dir="0" index="1" bw="8" slack="0"/>
<pin id="1640" dir="0" index="2" bw="4" slack="0"/>
<pin id="1641" dir="1" index="3" bw="1" slack="0"/>
</pin_list>
<bind>
<opcode="bitselect(1000) " fcode="bitselect"/>
<opset="tmp_288/3 "/>
</bind>
</comp>

<comp id="1645" class="1004" name="p_Result_12_7_fu_1645">
<pin_list>
<pin id="1646" dir="0" index="0" bw="4" slack="0"/>
<pin id="1647" dir="0" index="1" bw="14" slack="0"/>
<pin id="1648" dir="0" index="2" bw="5" slack="0"/>
<pin id="1649" dir="0" index="3" bw="5" slack="0"/>
<pin id="1650" dir="1" index="4" bw="4" slack="0"/>
</pin_list>
<bind>
<opcode="partselect(1002) " fcode="partselect"/>
<opset="p_Result_12_7/3 "/>
</bind>
</comp>

<comp id="1655" class="1004" name="icmp_ln879_69_fu_1655">
<pin_list>
<pin id="1656" dir="0" index="0" bw="4" slack="0"/>
<pin id="1657" dir="0" index="1" bw="4" slack="0"/>
<pin id="1658" dir="1" index="2" bw="1" slack="0"/>
</pin_list>
<bind>
<opcode="icmp(45) " fcode="icmp"/>
<opset="icmp_ln879_69/3 "/>
</bind>
</comp>

<comp id="1661" class="1004" name="icmp_ln768_69_fu_1661">
<pin_list>
<pin id="1662" dir="0" index="0" bw="4" slack="0"/>
<pin id="1663" dir="0" index="1" bw="4" slack="0"/>
<pin id="1664" dir="1" index="2" bw="1" slack="0"/>
</pin_list>
<bind>
<opcode="icmp(45) " fcode="icmp"/>
<opset="icmp_ln768_69/3 "/>
</bind>
</comp>

<comp id="1667" class="1004" name="select_ln777_69_fu_1667">
<pin_list>
<pin id="1668" dir="0" index="0" bw="1" slack="0"/>
<pin id="1669" dir="0" index="1" bw="1" slack="0"/>
<pin id="1670" dir="0" index="2" bw="1" slack="0"/>
<pin id="1671" dir="1" index="3" bw="1" slack="0"/>
</pin_list>
<bind>
<opcode="select(49) " fcode="select"/>
<opset="select_ln777_69/3 "/>
</bind>
</comp>

<comp id="1675" class="1004" name="xor_ln785_7_fu_1675">
<pin_list>
<pin id="1676" dir="0" index="0" bw="1" slack="0"/>
<pin id="1677" dir="0" index="1" bw="1" slack="0"/>
<pin id="1678" dir="1" index="2" bw="1" slack="0"/>
</pin_list>
<bind>
<opcode="xor(25) " fcode="xor"/>
<opset="xor_ln785_7/3 "/>
</bind>
</comp>

<comp id="1681" class="1004" name="or_ln340_7_fu_1681">
<pin_list>
<pin id="1682" dir="0" index="0" bw="1" slack="0"/>
<pin id="1683" dir="0" index="1" bw="1" slack="0"/>
<pin id="1684" dir="1" index="2" bw="1" slack="0"/>
</pin_list>
<bind>
<opcode="or(24) " fcode="or"/>
<opset="or_ln340_7/3 "/>
</bind>
</comp>

<comp id="1687" class="1004" name="select_ln340_7_fu_1687">
<pin_list>
<pin id="1688" dir="0" index="0" bw="1" slack="0"/>
<pin id="1689" dir="0" index="1" bw="7" slack="0"/>
<pin id="1690" dir="0" index="2" bw="7" slack="0"/>
<pin id="1691" dir="1" index="3" bw="7" slack="0"/>
</pin_list>
<bind>
<opcode="select(49) " fcode="select"/>
<opset="select_ln340_7/3 "/>
</bind>
</comp>

<comp id="1695" class="1004" name="tmp_data_7_V_fu_1695">
<pin_list>
<pin id="1696" dir="0" index="0" bw="1" slack="0"/>
<pin id="1697" dir="0" index="1" bw="7" slack="0"/>
<pin id="1698" dir="0" index="2" bw="7" slack="0"/>
<pin id="1699" dir="1" index="3" bw="7" slack="1"/>
</pin_list>
<bind>
<opcode="select(49) " fcode="select"/>
<opset="tmp_data_7_V/3 "/>
</bind>
</comp>

<comp id="1703" class="1004" name="icmp_ln1494_8_fu_1703">
<pin_list>
<pin id="1704" dir="0" index="0" bw="14" slack="0"/>
<pin id="1705" dir="0" index="1" bw="14" slack="0"/>
<pin id="1706" dir="1" index="2" bw="1" slack="0"/>
</pin_list>
<bind>
<opcode="icmp(45) " fcode="icmp"/>
<opset="icmp_ln1494_8/3 "/>
</bind>
</comp>

<comp id="1709" class="1004" name="trunc_ln708_67_fu_1709">
<pin_list>
<pin id="1710" dir="0" index="0" bw="8" slack="0"/>
<pin id="1711" dir="0" index="1" bw="14" slack="0"/>
<pin id="1712" dir="0" index="2" bw="3" slack="0"/>
<pin id="1713" dir="0" index="3" bw="5" slack="0"/>
<pin id="1714" dir="1" index="4" bw="8" slack="0"/>
</pin_list>
<bind>
<opcode="partselect(1002) " fcode="partselect"/>
<opset="trunc_ln708_67/3 "/>
</bind>
</comp>

<comp id="1719" class="1004" name="tmp_289_fu_1719">
<pin_list>
<pin id="1720" dir="0" index="0" bw="1" slack="0"/>
<pin id="1721" dir="0" index="1" bw="14" slack="0"/>
<pin id="1722" dir="0" index="2" bw="5" slack="0"/>
<pin id="1723" dir="1" index="3" bw="1" slack="0"/>
</pin_list>
<bind>
<opcode="bitselect(1000) " fcode="bitselect"/>
<opset="tmp_289/3 "/>
</bind>
</comp>

<comp id="1727" class="1004" name="tmp_290_fu_1727">
<pin_list>
<pin id="1728" dir="0" index="0" bw="1" slack="0"/>
<pin id="1729" dir="0" index="1" bw="14" slack="0"/>
<pin id="1730" dir="0" index="2" bw="1" slack="0"/>
<pin id="1731" dir="1" index="3" bw="1" slack="0"/>
</pin_list>
<bind>
<opcode="bitselect(1000) " fcode="bitselect"/>
<opset="tmp_290/3 "/>
</bind>
</comp>

<comp id="1735" class="1004" name="zext_ln415_70_fu_1735">
<pin_list>
<pin id="1736" dir="0" index="0" bw="1" slack="0"/>
<pin id="1737" dir="1" index="1" bw="8" slack="0"/>
</pin_list>
<bind>
<opcode="zext(34) " fcode="zext"/>
<opset="zext_ln415_70/3 "/>
</bind>
</comp>

<comp id="1739" class="1004" name="trunc_ln415_70_fu_1739">
<pin_list>
<pin id="1740" dir="0" index="0" bw="7" slack="0"/>
<pin id="1741" dir="0" index="1" bw="14" slack="0"/>
<pin id="1742" dir="0" index="2" bw="3" slack="0"/>
<pin id="1743" dir="0" index="3" bw="5" slack="0"/>
<pin id="1744" dir="1" index="4" bw="7" slack="0"/>
</pin_list>
<bind>
<opcode="partselect(1002) " fcode="partselect"/>
<opset="trunc_ln415_70/3 "/>
</bind>
</comp>

<comp id="1749" class="1004" name="zext_ln415_104_fu_1749">
<pin_list>
<pin id="1750" dir="0" index="0" bw="1" slack="0"/>
<pin id="1751" dir="1" index="1" bw="7" slack="0"/>
</pin_list>
<bind>
<opcode="zext(34) " fcode="zext"/>
<opset="zext_ln415_104/3 "/>
</bind>
</comp>

<comp id="1753" class="1004" name="add_ln415_70_fu_1753">
<pin_list>
<pin id="1754" dir="0" index="0" bw="8" slack="0"/>
<pin id="1755" dir="0" index="1" bw="1" slack="0"/>
<pin id="1756" dir="1" index="2" bw="8" slack="0"/>
</pin_list>
<bind>
<opcode="add(8) " fcode="add"/>
<opset="add_ln415_70/3 "/>
</bind>
</comp>

<comp id="1759" class="1004" name="add_ln416_70_fu_1759">
<pin_list>
<pin id="1760" dir="0" index="0" bw="7" slack="0"/>
<pin id="1761" dir="0" index="1" bw="1" slack="0"/>
<pin id="1762" dir="1" index="2" bw="7" slack="0"/>
</pin_list>
<bind>
<opcode="add(8) " fcode="add"/>
<opset="add_ln416_70/3 "/>
</bind>
</comp>

<comp id="1765" class="1004" name="tmp_291_fu_1765">
<pin_list>
<pin id="1766" dir="0" index="0" bw="1" slack="0"/>
<pin id="1767" dir="0" index="1" bw="8" slack="0"/>
<pin id="1768" dir="0" index="2" bw="4" slack="0"/>
<pin id="1769" dir="1" index="3" bw="1" slack="0"/>
</pin_list>
<bind>
<opcode="bitselect(1000) " fcode="bitselect"/>
<opset="tmp_291/3 "/>
</bind>
</comp>

<comp id="1773" class="1004" name="xor_ln416_70_fu_1773">
<pin_list>
<pin id="1774" dir="0" index="0" bw="1" slack="0"/>
<pin id="1775" dir="0" index="1" bw="1" slack="0"/>
<pin id="1776" dir="1" index="2" bw="1" slack="0"/>
</pin_list>
<bind>
<opcode="xor(25) " fcode="xor"/>
<opset="xor_ln416_70/3 "/>
</bind>
</comp>

<comp id="1779" class="1004" name="and_ln416_70_fu_1779">
<pin_list>
<pin id="1780" dir="0" index="0" bw="1" slack="0"/>
<pin id="1781" dir="0" index="1" bw="1" slack="0"/>
<pin id="1782" dir="1" index="2" bw="1" slack="0"/>
</pin_list>
<bind>
<opcode="and(23) " fcode="and"/>
<opset="and_ln416_70/3 "/>
</bind>
</comp>

<comp id="1785" class="1004" name="tmp_292_fu_1785">
<pin_list>
<pin id="1786" dir="0" index="0" bw="1" slack="0"/>
<pin id="1787" dir="0" index="1" bw="8" slack="0"/>
<pin id="1788" dir="0" index="2" bw="4" slack="0"/>
<pin id="1789" dir="1" index="3" bw="1" slack="0"/>
</pin_list>
<bind>
<opcode="bitselect(1000) " fcode="bitselect"/>
<opset="tmp_292/3 "/>
</bind>
</comp>

<comp id="1793" class="1004" name="p_Result_12_8_fu_1793">
<pin_list>
<pin id="1794" dir="0" index="0" bw="4" slack="0"/>
<pin id="1795" dir="0" index="1" bw="14" slack="0"/>
<pin id="1796" dir="0" index="2" bw="5" slack="0"/>
<pin id="1797" dir="0" index="3" bw="5" slack="0"/>
<pin id="1798" dir="1" index="4" bw="4" slack="0"/>
</pin_list>
<bind>
<opcode="partselect(1002) " fcode="partselect"/>
<opset="p_Result_12_8/3 "/>
</bind>
</comp>

<comp id="1803" class="1004" name="icmp_ln879_70_fu_1803">
<pin_list>
<pin id="1804" dir="0" index="0" bw="4" slack="0"/>
<pin id="1805" dir="0" index="1" bw="4" slack="0"/>
<pin id="1806" dir="1" index="2" bw="1" slack="0"/>
</pin_list>
<bind>
<opcode="icmp(45) " fcode="icmp"/>
<opset="icmp_ln879_70/3 "/>
</bind>
</comp>

<comp id="1809" class="1004" name="icmp_ln768_70_fu_1809">
<pin_list>
<pin id="1810" dir="0" index="0" bw="4" slack="0"/>
<pin id="1811" dir="0" index="1" bw="4" slack="0"/>
<pin id="1812" dir="1" index="2" bw="1" slack="0"/>
</pin_list>
<bind>
<opcode="icmp(45) " fcode="icmp"/>
<opset="icmp_ln768_70/3 "/>
</bind>
</comp>

<comp id="1815" class="1004" name="select_ln777_70_fu_1815">
<pin_list>
<pin id="1816" dir="0" index="0" bw="1" slack="0"/>
<pin id="1817" dir="0" index="1" bw="1" slack="0"/>
<pin id="1818" dir="0" index="2" bw="1" slack="0"/>
<pin id="1819" dir="1" index="3" bw="1" slack="0"/>
</pin_list>
<bind>
<opcode="select(49) " fcode="select"/>
<opset="select_ln777_70/3 "/>
</bind>
</comp>

<comp id="1823" class="1004" name="xor_ln785_8_fu_1823">
<pin_list>
<pin id="1824" dir="0" index="0" bw="1" slack="0"/>
<pin id="1825" dir="0" index="1" bw="1" slack="0"/>
<pin id="1826" dir="1" index="2" bw="1" slack="0"/>
</pin_list>
<bind>
<opcode="xor(25) " fcode="xor"/>
<opset="xor_ln785_8/3 "/>
</bind>
</comp>

<comp id="1829" class="1004" name="or_ln340_8_fu_1829">
<pin_list>
<pin id="1830" dir="0" index="0" bw="1" slack="0"/>
<pin id="1831" dir="0" index="1" bw="1" slack="0"/>
<pin id="1832" dir="1" index="2" bw="1" slack="0"/>
</pin_list>
<bind>
<opcode="or(24) " fcode="or"/>
<opset="or_ln340_8/3 "/>
</bind>
</comp>

<comp id="1835" class="1004" name="select_ln340_8_fu_1835">
<pin_list>
<pin id="1836" dir="0" index="0" bw="1" slack="0"/>
<pin id="1837" dir="0" index="1" bw="7" slack="0"/>
<pin id="1838" dir="0" index="2" bw="7" slack="0"/>
<pin id="1839" dir="1" index="3" bw="7" slack="0"/>
</pin_list>
<bind>
<opcode="select(49) " fcode="select"/>
<opset="select_ln340_8/3 "/>
</bind>
</comp>

<comp id="1843" class="1004" name="tmp_data_8_V_fu_1843">
<pin_list>
<pin id="1844" dir="0" index="0" bw="1" slack="0"/>
<pin id="1845" dir="0" index="1" bw="7" slack="0"/>
<pin id="1846" dir="0" index="2" bw="7" slack="0"/>
<pin id="1847" dir="1" index="3" bw="7" slack="1"/>
</pin_list>
<bind>
<opcode="select(49) " fcode="select"/>
<opset="tmp_data_8_V/3 "/>
</bind>
</comp>

<comp id="1851" class="1004" name="icmp_ln1494_9_fu_1851">
<pin_list>
<pin id="1852" dir="0" index="0" bw="14" slack="0"/>
<pin id="1853" dir="0" index="1" bw="14" slack="0"/>
<pin id="1854" dir="1" index="2" bw="1" slack="0"/>
</pin_list>
<bind>
<opcode="icmp(45) " fcode="icmp"/>
<opset="icmp_ln1494_9/3 "/>
</bind>
</comp>

<comp id="1857" class="1004" name="trunc_ln708_68_fu_1857">
<pin_list>
<pin id="1858" dir="0" index="0" bw="8" slack="0"/>
<pin id="1859" dir="0" index="1" bw="14" slack="0"/>
<pin id="1860" dir="0" index="2" bw="3" slack="0"/>
<pin id="1861" dir="0" index="3" bw="5" slack="0"/>
<pin id="1862" dir="1" index="4" bw="8" slack="0"/>
</pin_list>
<bind>
<opcode="partselect(1002) " fcode="partselect"/>
<opset="trunc_ln708_68/3 "/>
</bind>
</comp>

<comp id="1867" class="1004" name="tmp_293_fu_1867">
<pin_list>
<pin id="1868" dir="0" index="0" bw="1" slack="0"/>
<pin id="1869" dir="0" index="1" bw="14" slack="0"/>
<pin id="1870" dir="0" index="2" bw="5" slack="0"/>
<pin id="1871" dir="1" index="3" bw="1" slack="0"/>
</pin_list>
<bind>
<opcode="bitselect(1000) " fcode="bitselect"/>
<opset="tmp_293/3 "/>
</bind>
</comp>

<comp id="1875" class="1004" name="tmp_294_fu_1875">
<pin_list>
<pin id="1876" dir="0" index="0" bw="1" slack="0"/>
<pin id="1877" dir="0" index="1" bw="14" slack="0"/>
<pin id="1878" dir="0" index="2" bw="1" slack="0"/>
<pin id="1879" dir="1" index="3" bw="1" slack="0"/>
</pin_list>
<bind>
<opcode="bitselect(1000) " fcode="bitselect"/>
<opset="tmp_294/3 "/>
</bind>
</comp>

<comp id="1883" class="1004" name="zext_ln415_71_fu_1883">
<pin_list>
<pin id="1884" dir="0" index="0" bw="1" slack="0"/>
<pin id="1885" dir="1" index="1" bw="8" slack="0"/>
</pin_list>
<bind>
<opcode="zext(34) " fcode="zext"/>
<opset="zext_ln415_71/3 "/>
</bind>
</comp>

<comp id="1887" class="1004" name="trunc_ln415_71_fu_1887">
<pin_list>
<pin id="1888" dir="0" index="0" bw="7" slack="0"/>
<pin id="1889" dir="0" index="1" bw="14" slack="0"/>
<pin id="1890" dir="0" index="2" bw="3" slack="0"/>
<pin id="1891" dir="0" index="3" bw="5" slack="0"/>
<pin id="1892" dir="1" index="4" bw="7" slack="0"/>
</pin_list>
<bind>
<opcode="partselect(1002) " fcode="partselect"/>
<opset="trunc_ln415_71/3 "/>
</bind>
</comp>

<comp id="1897" class="1004" name="zext_ln415_105_fu_1897">
<pin_list>
<pin id="1898" dir="0" index="0" bw="1" slack="0"/>
<pin id="1899" dir="1" index="1" bw="7" slack="0"/>
</pin_list>
<bind>
<opcode="zext(34) " fcode="zext"/>
<opset="zext_ln415_105/3 "/>
</bind>
</comp>

<comp id="1901" class="1004" name="add_ln415_71_fu_1901">
<pin_list>
<pin id="1902" dir="0" index="0" bw="8" slack="0"/>
<pin id="1903" dir="0" index="1" bw="1" slack="0"/>
<pin id="1904" dir="1" index="2" bw="8" slack="0"/>
</pin_list>
<bind>
<opcode="add(8) " fcode="add"/>
<opset="add_ln415_71/3 "/>
</bind>
</comp>

<comp id="1907" class="1004" name="add_ln416_71_fu_1907">
<pin_list>
<pin id="1908" dir="0" index="0" bw="7" slack="0"/>
<pin id="1909" dir="0" index="1" bw="1" slack="0"/>
<pin id="1910" dir="1" index="2" bw="7" slack="0"/>
</pin_list>
<bind>
<opcode="add(8) " fcode="add"/>
<opset="add_ln416_71/3 "/>
</bind>
</comp>

<comp id="1913" class="1004" name="tmp_295_fu_1913">
<pin_list>
<pin id="1914" dir="0" index="0" bw="1" slack="0"/>
<pin id="1915" dir="0" index="1" bw="8" slack="0"/>
<pin id="1916" dir="0" index="2" bw="4" slack="0"/>
<pin id="1917" dir="1" index="3" bw="1" slack="0"/>
</pin_list>
<bind>
<opcode="bitselect(1000) " fcode="bitselect"/>
<opset="tmp_295/3 "/>
</bind>
</comp>

<comp id="1921" class="1004" name="xor_ln416_71_fu_1921">
<pin_list>
<pin id="1922" dir="0" index="0" bw="1" slack="0"/>
<pin id="1923" dir="0" index="1" bw="1" slack="0"/>
<pin id="1924" dir="1" index="2" bw="1" slack="0"/>
</pin_list>
<bind>
<opcode="xor(25) " fcode="xor"/>
<opset="xor_ln416_71/3 "/>
</bind>
</comp>

<comp id="1927" class="1004" name="and_ln416_71_fu_1927">
<pin_list>
<pin id="1928" dir="0" index="0" bw="1" slack="0"/>
<pin id="1929" dir="0" index="1" bw="1" slack="0"/>
<pin id="1930" dir="1" index="2" bw="1" slack="0"/>
</pin_list>
<bind>
<opcode="and(23) " fcode="and"/>
<opset="and_ln416_71/3 "/>
</bind>
</comp>

<comp id="1933" class="1004" name="tmp_296_fu_1933">
<pin_list>
<pin id="1934" dir="0" index="0" bw="1" slack="0"/>
<pin id="1935" dir="0" index="1" bw="8" slack="0"/>
<pin id="1936" dir="0" index="2" bw="4" slack="0"/>
<pin id="1937" dir="1" index="3" bw="1" slack="0"/>
</pin_list>
<bind>
<opcode="bitselect(1000) " fcode="bitselect"/>
<opset="tmp_296/3 "/>
</bind>
</comp>

<comp id="1941" class="1004" name="p_Result_12_9_fu_1941">
<pin_list>
<pin id="1942" dir="0" index="0" bw="4" slack="0"/>
<pin id="1943" dir="0" index="1" bw="14" slack="0"/>
<pin id="1944" dir="0" index="2" bw="5" slack="0"/>
<pin id="1945" dir="0" index="3" bw="5" slack="0"/>
<pin id="1946" dir="1" index="4" bw="4" slack="0"/>
</pin_list>
<bind>
<opcode="partselect(1002) " fcode="partselect"/>
<opset="p_Result_12_9/3 "/>
</bind>
</comp>

<comp id="1951" class="1004" name="icmp_ln879_71_fu_1951">
<pin_list>
<pin id="1952" dir="0" index="0" bw="4" slack="0"/>
<pin id="1953" dir="0" index="1" bw="4" slack="0"/>
<pin id="1954" dir="1" index="2" bw="1" slack="0"/>
</pin_list>
<bind>
<opcode="icmp(45) " fcode="icmp"/>
<opset="icmp_ln879_71/3 "/>
</bind>
</comp>

<comp id="1957" class="1004" name="icmp_ln768_71_fu_1957">
<pin_list>
<pin id="1958" dir="0" index="0" bw="4" slack="0"/>
<pin id="1959" dir="0" index="1" bw="4" slack="0"/>
<pin id="1960" dir="1" index="2" bw="1" slack="0"/>
</pin_list>
<bind>
<opcode="icmp(45) " fcode="icmp"/>
<opset="icmp_ln768_71/3 "/>
</bind>
</comp>

<comp id="1963" class="1004" name="select_ln777_71_fu_1963">
<pin_list>
<pin id="1964" dir="0" index="0" bw="1" slack="0"/>
<pin id="1965" dir="0" index="1" bw="1" slack="0"/>
<pin id="1966" dir="0" index="2" bw="1" slack="0"/>
<pin id="1967" dir="1" index="3" bw="1" slack="0"/>
</pin_list>
<bind>
<opcode="select(49) " fcode="select"/>
<opset="select_ln777_71/3 "/>
</bind>
</comp>

<comp id="1971" class="1004" name="xor_ln785_9_fu_1971">
<pin_list>
<pin id="1972" dir="0" index="0" bw="1" slack="0"/>
<pin id="1973" dir="0" index="1" bw="1" slack="0"/>
<pin id="1974" dir="1" index="2" bw="1" slack="0"/>
</pin_list>
<bind>
<opcode="xor(25) " fcode="xor"/>
<opset="xor_ln785_9/3 "/>
</bind>
</comp>

<comp id="1977" class="1004" name="or_ln340_9_fu_1977">
<pin_list>
<pin id="1978" dir="0" index="0" bw="1" slack="0"/>
<pin id="1979" dir="0" index="1" bw="1" slack="0"/>
<pin id="1980" dir="1" index="2" bw="1" slack="0"/>
</pin_list>
<bind>
<opcode="or(24) " fcode="or"/>
<opset="or_ln340_9/3 "/>
</bind>
</comp>

<comp id="1983" class="1004" name="select_ln340_9_fu_1983">
<pin_list>
<pin id="1984" dir="0" index="0" bw="1" slack="0"/>
<pin id="1985" dir="0" index="1" bw="7" slack="0"/>
<pin id="1986" dir="0" index="2" bw="7" slack="0"/>
<pin id="1987" dir="1" index="3" bw="7" slack="0"/>
</pin_list>
<bind>
<opcode="select(49) " fcode="select"/>
<opset="select_ln340_9/3 "/>
</bind>
</comp>

<comp id="1991" class="1004" name="tmp_data_9_V_fu_1991">
<pin_list>
<pin id="1992" dir="0" index="0" bw="1" slack="0"/>
<pin id="1993" dir="0" index="1" bw="7" slack="0"/>
<pin id="1994" dir="0" index="2" bw="7" slack="0"/>
<pin id="1995" dir="1" index="3" bw="7" slack="1"/>
</pin_list>
<bind>
<opcode="select(49) " fcode="select"/>
<opset="tmp_data_9_V/3 "/>
</bind>
</comp>

<comp id="1999" class="1004" name="icmp_ln1494_10_fu_1999">
<pin_list>
<pin id="2000" dir="0" index="0" bw="14" slack="0"/>
<pin id="2001" dir="0" index="1" bw="14" slack="0"/>
<pin id="2002" dir="1" index="2" bw="1" slack="0"/>
</pin_list>
<bind>
<opcode="icmp(45) " fcode="icmp"/>
<opset="icmp_ln1494_10/3 "/>
</bind>
</comp>

<comp id="2005" class="1004" name="trunc_ln708_69_fu_2005">
<pin_list>
<pin id="2006" dir="0" index="0" bw="8" slack="0"/>
<pin id="2007" dir="0" index="1" bw="14" slack="0"/>
<pin id="2008" dir="0" index="2" bw="3" slack="0"/>
<pin id="2009" dir="0" index="3" bw="5" slack="0"/>
<pin id="2010" dir="1" index="4" bw="8" slack="0"/>
</pin_list>
<bind>
<opcode="partselect(1002) " fcode="partselect"/>
<opset="trunc_ln708_69/3 "/>
</bind>
</comp>

<comp id="2015" class="1004" name="tmp_297_fu_2015">
<pin_list>
<pin id="2016" dir="0" index="0" bw="1" slack="0"/>
<pin id="2017" dir="0" index="1" bw="14" slack="0"/>
<pin id="2018" dir="0" index="2" bw="5" slack="0"/>
<pin id="2019" dir="1" index="3" bw="1" slack="0"/>
</pin_list>
<bind>
<opcode="bitselect(1000) " fcode="bitselect"/>
<opset="tmp_297/3 "/>
</bind>
</comp>

<comp id="2023" class="1004" name="tmp_298_fu_2023">
<pin_list>
<pin id="2024" dir="0" index="0" bw="1" slack="0"/>
<pin id="2025" dir="0" index="1" bw="14" slack="0"/>
<pin id="2026" dir="0" index="2" bw="1" slack="0"/>
<pin id="2027" dir="1" index="3" bw="1" slack="0"/>
</pin_list>
<bind>
<opcode="bitselect(1000) " fcode="bitselect"/>
<opset="tmp_298/3 "/>
</bind>
</comp>

<comp id="2031" class="1004" name="zext_ln415_72_fu_2031">
<pin_list>
<pin id="2032" dir="0" index="0" bw="1" slack="0"/>
<pin id="2033" dir="1" index="1" bw="8" slack="0"/>
</pin_list>
<bind>
<opcode="zext(34) " fcode="zext"/>
<opset="zext_ln415_72/3 "/>
</bind>
</comp>

<comp id="2035" class="1004" name="trunc_ln415_72_fu_2035">
<pin_list>
<pin id="2036" dir="0" index="0" bw="7" slack="0"/>
<pin id="2037" dir="0" index="1" bw="14" slack="0"/>
<pin id="2038" dir="0" index="2" bw="3" slack="0"/>
<pin id="2039" dir="0" index="3" bw="5" slack="0"/>
<pin id="2040" dir="1" index="4" bw="7" slack="0"/>
</pin_list>
<bind>
<opcode="partselect(1002) " fcode="partselect"/>
<opset="trunc_ln415_72/3 "/>
</bind>
</comp>

<comp id="2045" class="1004" name="zext_ln415_106_fu_2045">
<pin_list>
<pin id="2046" dir="0" index="0" bw="1" slack="0"/>
<pin id="2047" dir="1" index="1" bw="7" slack="0"/>
</pin_list>
<bind>
<opcode="zext(34) " fcode="zext"/>
<opset="zext_ln415_106/3 "/>
</bind>
</comp>

<comp id="2049" class="1004" name="add_ln415_72_fu_2049">
<pin_list>
<pin id="2050" dir="0" index="0" bw="8" slack="0"/>
<pin id="2051" dir="0" index="1" bw="1" slack="0"/>
<pin id="2052" dir="1" index="2" bw="8" slack="0"/>
</pin_list>
<bind>
<opcode="add(8) " fcode="add"/>
<opset="add_ln415_72/3 "/>
</bind>
</comp>

<comp id="2055" class="1004" name="add_ln416_72_fu_2055">
<pin_list>
<pin id="2056" dir="0" index="0" bw="7" slack="0"/>
<pin id="2057" dir="0" index="1" bw="1" slack="0"/>
<pin id="2058" dir="1" index="2" bw="7" slack="0"/>
</pin_list>
<bind>
<opcode="add(8) " fcode="add"/>
<opset="add_ln416_72/3 "/>
</bind>
</comp>

<comp id="2061" class="1004" name="tmp_299_fu_2061">
<pin_list>
<pin id="2062" dir="0" index="0" bw="1" slack="0"/>
<pin id="2063" dir="0" index="1" bw="8" slack="0"/>
<pin id="2064" dir="0" index="2" bw="4" slack="0"/>
<pin id="2065" dir="1" index="3" bw="1" slack="0"/>
</pin_list>
<bind>
<opcode="bitselect(1000) " fcode="bitselect"/>
<opset="tmp_299/3 "/>
</bind>
</comp>

<comp id="2069" class="1004" name="xor_ln416_72_fu_2069">
<pin_list>
<pin id="2070" dir="0" index="0" bw="1" slack="0"/>
<pin id="2071" dir="0" index="1" bw="1" slack="0"/>
<pin id="2072" dir="1" index="2" bw="1" slack="0"/>
</pin_list>
<bind>
<opcode="xor(25) " fcode="xor"/>
<opset="xor_ln416_72/3 "/>
</bind>
</comp>

<comp id="2075" class="1004" name="and_ln416_72_fu_2075">
<pin_list>
<pin id="2076" dir="0" index="0" bw="1" slack="0"/>
<pin id="2077" dir="0" index="1" bw="1" slack="0"/>
<pin id="2078" dir="1" index="2" bw="1" slack="0"/>
</pin_list>
<bind>
<opcode="and(23) " fcode="and"/>
<opset="and_ln416_72/3 "/>
</bind>
</comp>

<comp id="2081" class="1004" name="tmp_300_fu_2081">
<pin_list>
<pin id="2082" dir="0" index="0" bw="1" slack="0"/>
<pin id="2083" dir="0" index="1" bw="8" slack="0"/>
<pin id="2084" dir="0" index="2" bw="4" slack="0"/>
<pin id="2085" dir="1" index="3" bw="1" slack="0"/>
</pin_list>
<bind>
<opcode="bitselect(1000) " fcode="bitselect"/>
<opset="tmp_300/3 "/>
</bind>
</comp>

<comp id="2089" class="1004" name="p_Result_12_s_fu_2089">
<pin_list>
<pin id="2090" dir="0" index="0" bw="4" slack="0"/>
<pin id="2091" dir="0" index="1" bw="14" slack="0"/>
<pin id="2092" dir="0" index="2" bw="5" slack="0"/>
<pin id="2093" dir="0" index="3" bw="5" slack="0"/>
<pin id="2094" dir="1" index="4" bw="4" slack="0"/>
</pin_list>
<bind>
<opcode="partselect(1002) " fcode="partselect"/>
<opset="p_Result_12_s/3 "/>
</bind>
</comp>

<comp id="2099" class="1004" name="icmp_ln879_72_fu_2099">
<pin_list>
<pin id="2100" dir="0" index="0" bw="4" slack="0"/>
<pin id="2101" dir="0" index="1" bw="4" slack="0"/>
<pin id="2102" dir="1" index="2" bw="1" slack="0"/>
</pin_list>
<bind>
<opcode="icmp(45) " fcode="icmp"/>
<opset="icmp_ln879_72/3 "/>
</bind>
</comp>

<comp id="2105" class="1004" name="icmp_ln768_72_fu_2105">
<pin_list>
<pin id="2106" dir="0" index="0" bw="4" slack="0"/>
<pin id="2107" dir="0" index="1" bw="4" slack="0"/>
<pin id="2108" dir="1" index="2" bw="1" slack="0"/>
</pin_list>
<bind>
<opcode="icmp(45) " fcode="icmp"/>
<opset="icmp_ln768_72/3 "/>
</bind>
</comp>

<comp id="2111" class="1004" name="select_ln777_72_fu_2111">
<pin_list>
<pin id="2112" dir="0" index="0" bw="1" slack="0"/>
<pin id="2113" dir="0" index="1" bw="1" slack="0"/>
<pin id="2114" dir="0" index="2" bw="1" slack="0"/>
<pin id="2115" dir="1" index="3" bw="1" slack="0"/>
</pin_list>
<bind>
<opcode="select(49) " fcode="select"/>
<opset="select_ln777_72/3 "/>
</bind>
</comp>

<comp id="2119" class="1004" name="xor_ln785_10_fu_2119">
<pin_list>
<pin id="2120" dir="0" index="0" bw="1" slack="0"/>
<pin id="2121" dir="0" index="1" bw="1" slack="0"/>
<pin id="2122" dir="1" index="2" bw="1" slack="0"/>
</pin_list>
<bind>
<opcode="xor(25) " fcode="xor"/>
<opset="xor_ln785_10/3 "/>
</bind>
</comp>

<comp id="2125" class="1004" name="or_ln340_10_fu_2125">
<pin_list>
<pin id="2126" dir="0" index="0" bw="1" slack="0"/>
<pin id="2127" dir="0" index="1" bw="1" slack="0"/>
<pin id="2128" dir="1" index="2" bw="1" slack="0"/>
</pin_list>
<bind>
<opcode="or(24) " fcode="or"/>
<opset="or_ln340_10/3 "/>
</bind>
</comp>

<comp id="2131" class="1004" name="select_ln340_10_fu_2131">
<pin_list>
<pin id="2132" dir="0" index="0" bw="1" slack="0"/>
<pin id="2133" dir="0" index="1" bw="7" slack="0"/>
<pin id="2134" dir="0" index="2" bw="7" slack="0"/>
<pin id="2135" dir="1" index="3" bw="7" slack="0"/>
</pin_list>
<bind>
<opcode="select(49) " fcode="select"/>
<opset="select_ln340_10/3 "/>
</bind>
</comp>

<comp id="2139" class="1004" name="tmp_data_10_V_fu_2139">
<pin_list>
<pin id="2140" dir="0" index="0" bw="1" slack="0"/>
<pin id="2141" dir="0" index="1" bw="7" slack="0"/>
<pin id="2142" dir="0" index="2" bw="7" slack="0"/>
<pin id="2143" dir="1" index="3" bw="7" slack="1"/>
</pin_list>
<bind>
<opcode="select(49) " fcode="select"/>
<opset="tmp_data_10_V/3 "/>
</bind>
</comp>

<comp id="2147" class="1004" name="icmp_ln1494_11_fu_2147">
<pin_list>
<pin id="2148" dir="0" index="0" bw="14" slack="0"/>
<pin id="2149" dir="0" index="1" bw="14" slack="0"/>
<pin id="2150" dir="1" index="2" bw="1" slack="0"/>
</pin_list>
<bind>
<opcode="icmp(45) " fcode="icmp"/>
<opset="icmp_ln1494_11/3 "/>
</bind>
</comp>

<comp id="2153" class="1004" name="trunc_ln708_70_fu_2153">
<pin_list>
<pin id="2154" dir="0" index="0" bw="8" slack="0"/>
<pin id="2155" dir="0" index="1" bw="14" slack="0"/>
<pin id="2156" dir="0" index="2" bw="3" slack="0"/>
<pin id="2157" dir="0" index="3" bw="5" slack="0"/>
<pin id="2158" dir="1" index="4" bw="8" slack="0"/>
</pin_list>
<bind>
<opcode="partselect(1002) " fcode="partselect"/>
<opset="trunc_ln708_70/3 "/>
</bind>
</comp>

<comp id="2163" class="1004" name="tmp_301_fu_2163">
<pin_list>
<pin id="2164" dir="0" index="0" bw="1" slack="0"/>
<pin id="2165" dir="0" index="1" bw="14" slack="0"/>
<pin id="2166" dir="0" index="2" bw="5" slack="0"/>
<pin id="2167" dir="1" index="3" bw="1" slack="0"/>
</pin_list>
<bind>
<opcode="bitselect(1000) " fcode="bitselect"/>
<opset="tmp_301/3 "/>
</bind>
</comp>

<comp id="2171" class="1004" name="tmp_302_fu_2171">
<pin_list>
<pin id="2172" dir="0" index="0" bw="1" slack="0"/>
<pin id="2173" dir="0" index="1" bw="14" slack="0"/>
<pin id="2174" dir="0" index="2" bw="1" slack="0"/>
<pin id="2175" dir="1" index="3" bw="1" slack="0"/>
</pin_list>
<bind>
<opcode="bitselect(1000) " fcode="bitselect"/>
<opset="tmp_302/3 "/>
</bind>
</comp>

<comp id="2179" class="1004" name="zext_ln415_73_fu_2179">
<pin_list>
<pin id="2180" dir="0" index="0" bw="1" slack="0"/>
<pin id="2181" dir="1" index="1" bw="8" slack="0"/>
</pin_list>
<bind>
<opcode="zext(34) " fcode="zext"/>
<opset="zext_ln415_73/3 "/>
</bind>
</comp>

<comp id="2183" class="1004" name="trunc_ln415_73_fu_2183">
<pin_list>
<pin id="2184" dir="0" index="0" bw="7" slack="0"/>
<pin id="2185" dir="0" index="1" bw="14" slack="0"/>
<pin id="2186" dir="0" index="2" bw="3" slack="0"/>
<pin id="2187" dir="0" index="3" bw="5" slack="0"/>
<pin id="2188" dir="1" index="4" bw="7" slack="0"/>
</pin_list>
<bind>
<opcode="partselect(1002) " fcode="partselect"/>
<opset="trunc_ln415_73/3 "/>
</bind>
</comp>

<comp id="2193" class="1004" name="zext_ln415_107_fu_2193">
<pin_list>
<pin id="2194" dir="0" index="0" bw="1" slack="0"/>
<pin id="2195" dir="1" index="1" bw="7" slack="0"/>
</pin_list>
<bind>
<opcode="zext(34) " fcode="zext"/>
<opset="zext_ln415_107/3 "/>
</bind>
</comp>

<comp id="2197" class="1004" name="add_ln415_73_fu_2197">
<pin_list>
<pin id="2198" dir="0" index="0" bw="8" slack="0"/>
<pin id="2199" dir="0" index="1" bw="1" slack="0"/>
<pin id="2200" dir="1" index="2" bw="8" slack="0"/>
</pin_list>
<bind>
<opcode="add(8) " fcode="add"/>
<opset="add_ln415_73/3 "/>
</bind>
</comp>

<comp id="2203" class="1004" name="add_ln416_73_fu_2203">
<pin_list>
<pin id="2204" dir="0" index="0" bw="7" slack="0"/>
<pin id="2205" dir="0" index="1" bw="1" slack="0"/>
<pin id="2206" dir="1" index="2" bw="7" slack="0"/>
</pin_list>
<bind>
<opcode="add(8) " fcode="add"/>
<opset="add_ln416_73/3 "/>
</bind>
</comp>

<comp id="2209" class="1004" name="tmp_303_fu_2209">
<pin_list>
<pin id="2210" dir="0" index="0" bw="1" slack="0"/>
<pin id="2211" dir="0" index="1" bw="8" slack="0"/>
<pin id="2212" dir="0" index="2" bw="4" slack="0"/>
<pin id="2213" dir="1" index="3" bw="1" slack="0"/>
</pin_list>
<bind>
<opcode="bitselect(1000) " fcode="bitselect"/>
<opset="tmp_303/3 "/>
</bind>
</comp>

<comp id="2217" class="1004" name="xor_ln416_73_fu_2217">
<pin_list>
<pin id="2218" dir="0" index="0" bw="1" slack="0"/>
<pin id="2219" dir="0" index="1" bw="1" slack="0"/>
<pin id="2220" dir="1" index="2" bw="1" slack="0"/>
</pin_list>
<bind>
<opcode="xor(25) " fcode="xor"/>
<opset="xor_ln416_73/3 "/>
</bind>
</comp>

<comp id="2223" class="1004" name="and_ln416_73_fu_2223">
<pin_list>
<pin id="2224" dir="0" index="0" bw="1" slack="0"/>
<pin id="2225" dir="0" index="1" bw="1" slack="0"/>
<pin id="2226" dir="1" index="2" bw="1" slack="0"/>
</pin_list>
<bind>
<opcode="and(23) " fcode="and"/>
<opset="and_ln416_73/3 "/>
</bind>
</comp>

<comp id="2229" class="1004" name="tmp_304_fu_2229">
<pin_list>
<pin id="2230" dir="0" index="0" bw="1" slack="0"/>
<pin id="2231" dir="0" index="1" bw="8" slack="0"/>
<pin id="2232" dir="0" index="2" bw="4" slack="0"/>
<pin id="2233" dir="1" index="3" bw="1" slack="0"/>
</pin_list>
<bind>
<opcode="bitselect(1000) " fcode="bitselect"/>
<opset="tmp_304/3 "/>
</bind>
</comp>

<comp id="2237" class="1004" name="p_Result_12_10_fu_2237">
<pin_list>
<pin id="2238" dir="0" index="0" bw="4" slack="0"/>
<pin id="2239" dir="0" index="1" bw="14" slack="0"/>
<pin id="2240" dir="0" index="2" bw="5" slack="0"/>
<pin id="2241" dir="0" index="3" bw="5" slack="0"/>
<pin id="2242" dir="1" index="4" bw="4" slack="0"/>
</pin_list>
<bind>
<opcode="partselect(1002) " fcode="partselect"/>
<opset="p_Result_12_10/3 "/>
</bind>
</comp>

<comp id="2247" class="1004" name="icmp_ln879_73_fu_2247">
<pin_list>
<pin id="2248" dir="0" index="0" bw="4" slack="0"/>
<pin id="2249" dir="0" index="1" bw="4" slack="0"/>
<pin id="2250" dir="1" index="2" bw="1" slack="0"/>
</pin_list>
<bind>
<opcode="icmp(45) " fcode="icmp"/>
<opset="icmp_ln879_73/3 "/>
</bind>
</comp>

<comp id="2253" class="1004" name="icmp_ln768_73_fu_2253">
<pin_list>
<pin id="2254" dir="0" index="0" bw="4" slack="0"/>
<pin id="2255" dir="0" index="1" bw="4" slack="0"/>
<pin id="2256" dir="1" index="2" bw="1" slack="0"/>
</pin_list>
<bind>
<opcode="icmp(45) " fcode="icmp"/>
<opset="icmp_ln768_73/3 "/>
</bind>
</comp>

<comp id="2259" class="1004" name="select_ln777_73_fu_2259">
<pin_list>
<pin id="2260" dir="0" index="0" bw="1" slack="0"/>
<pin id="2261" dir="0" index="1" bw="1" slack="0"/>
<pin id="2262" dir="0" index="2" bw="1" slack="0"/>
<pin id="2263" dir="1" index="3" bw="1" slack="0"/>
</pin_list>
<bind>
<opcode="select(49) " fcode="select"/>
<opset="select_ln777_73/3 "/>
</bind>
</comp>

<comp id="2267" class="1004" name="xor_ln785_11_fu_2267">
<pin_list>
<pin id="2268" dir="0" index="0" bw="1" slack="0"/>
<pin id="2269" dir="0" index="1" bw="1" slack="0"/>
<pin id="2270" dir="1" index="2" bw="1" slack="0"/>
</pin_list>
<bind>
<opcode="xor(25) " fcode="xor"/>
<opset="xor_ln785_11/3 "/>
</bind>
</comp>

<comp id="2273" class="1004" name="or_ln340_11_fu_2273">
<pin_list>
<pin id="2274" dir="0" index="0" bw="1" slack="0"/>
<pin id="2275" dir="0" index="1" bw="1" slack="0"/>
<pin id="2276" dir="1" index="2" bw="1" slack="0"/>
</pin_list>
<bind>
<opcode="or(24) " fcode="or"/>
<opset="or_ln340_11/3 "/>
</bind>
</comp>

<comp id="2279" class="1004" name="select_ln340_11_fu_2279">
<pin_list>
<pin id="2280" dir="0" index="0" bw="1" slack="0"/>
<pin id="2281" dir="0" index="1" bw="7" slack="0"/>
<pin id="2282" dir="0" index="2" bw="7" slack="0"/>
<pin id="2283" dir="1" index="3" bw="7" slack="0"/>
</pin_list>
<bind>
<opcode="select(49) " fcode="select"/>
<opset="select_ln340_11/3 "/>
</bind>
</comp>

<comp id="2287" class="1004" name="tmp_data_11_V_fu_2287">
<pin_list>
<pin id="2288" dir="0" index="0" bw="1" slack="0"/>
<pin id="2289" dir="0" index="1" bw="7" slack="0"/>
<pin id="2290" dir="0" index="2" bw="7" slack="0"/>
<pin id="2291" dir="1" index="3" bw="7" slack="1"/>
</pin_list>
<bind>
<opcode="select(49) " fcode="select"/>
<opset="tmp_data_11_V/3 "/>
</bind>
</comp>

<comp id="2295" class="1004" name="icmp_ln1494_12_fu_2295">
<pin_list>
<pin id="2296" dir="0" index="0" bw="14" slack="0"/>
<pin id="2297" dir="0" index="1" bw="14" slack="0"/>
<pin id="2298" dir="1" index="2" bw="1" slack="0"/>
</pin_list>
<bind>
<opcode="icmp(45) " fcode="icmp"/>
<opset="icmp_ln1494_12/3 "/>
</bind>
</comp>

<comp id="2301" class="1004" name="trunc_ln708_71_fu_2301">
<pin_list>
<pin id="2302" dir="0" index="0" bw="8" slack="0"/>
<pin id="2303" dir="0" index="1" bw="14" slack="0"/>
<pin id="2304" dir="0" index="2" bw="3" slack="0"/>
<pin id="2305" dir="0" index="3" bw="5" slack="0"/>
<pin id="2306" dir="1" index="4" bw="8" slack="0"/>
</pin_list>
<bind>
<opcode="partselect(1002) " fcode="partselect"/>
<opset="trunc_ln708_71/3 "/>
</bind>
</comp>

<comp id="2311" class="1004" name="tmp_305_fu_2311">
<pin_list>
<pin id="2312" dir="0" index="0" bw="1" slack="0"/>
<pin id="2313" dir="0" index="1" bw="14" slack="0"/>
<pin id="2314" dir="0" index="2" bw="5" slack="0"/>
<pin id="2315" dir="1" index="3" bw="1" slack="0"/>
</pin_list>
<bind>
<opcode="bitselect(1000) " fcode="bitselect"/>
<opset="tmp_305/3 "/>
</bind>
</comp>

<comp id="2319" class="1004" name="tmp_306_fu_2319">
<pin_list>
<pin id="2320" dir="0" index="0" bw="1" slack="0"/>
<pin id="2321" dir="0" index="1" bw="14" slack="0"/>
<pin id="2322" dir="0" index="2" bw="1" slack="0"/>
<pin id="2323" dir="1" index="3" bw="1" slack="0"/>
</pin_list>
<bind>
<opcode="bitselect(1000) " fcode="bitselect"/>
<opset="tmp_306/3 "/>
</bind>
</comp>

<comp id="2327" class="1004" name="zext_ln415_74_fu_2327">
<pin_list>
<pin id="2328" dir="0" index="0" bw="1" slack="0"/>
<pin id="2329" dir="1" index="1" bw="8" slack="0"/>
</pin_list>
<bind>
<opcode="zext(34) " fcode="zext"/>
<opset="zext_ln415_74/3 "/>
</bind>
</comp>

<comp id="2331" class="1004" name="trunc_ln415_74_fu_2331">
<pin_list>
<pin id="2332" dir="0" index="0" bw="7" slack="0"/>
<pin id="2333" dir="0" index="1" bw="14" slack="0"/>
<pin id="2334" dir="0" index="2" bw="3" slack="0"/>
<pin id="2335" dir="0" index="3" bw="5" slack="0"/>
<pin id="2336" dir="1" index="4" bw="7" slack="0"/>
</pin_list>
<bind>
<opcode="partselect(1002) " fcode="partselect"/>
<opset="trunc_ln415_74/3 "/>
</bind>
</comp>

<comp id="2341" class="1004" name="zext_ln415_108_fu_2341">
<pin_list>
<pin id="2342" dir="0" index="0" bw="1" slack="0"/>
<pin id="2343" dir="1" index="1" bw="7" slack="0"/>
</pin_list>
<bind>
<opcode="zext(34) " fcode="zext"/>
<opset="zext_ln415_108/3 "/>
</bind>
</comp>

<comp id="2345" class="1004" name="add_ln415_74_fu_2345">
<pin_list>
<pin id="2346" dir="0" index="0" bw="8" slack="0"/>
<pin id="2347" dir="0" index="1" bw="1" slack="0"/>
<pin id="2348" dir="1" index="2" bw="8" slack="0"/>
</pin_list>
<bind>
<opcode="add(8) " fcode="add"/>
<opset="add_ln415_74/3 "/>
</bind>
</comp>

<comp id="2351" class="1004" name="add_ln416_74_fu_2351">
<pin_list>
<pin id="2352" dir="0" index="0" bw="7" slack="0"/>
<pin id="2353" dir="0" index="1" bw="1" slack="0"/>
<pin id="2354" dir="1" index="2" bw="7" slack="0"/>
</pin_list>
<bind>
<opcode="add(8) " fcode="add"/>
<opset="add_ln416_74/3 "/>
</bind>
</comp>

<comp id="2357" class="1004" name="tmp_307_fu_2357">
<pin_list>
<pin id="2358" dir="0" index="0" bw="1" slack="0"/>
<pin id="2359" dir="0" index="1" bw="8" slack="0"/>
<pin id="2360" dir="0" index="2" bw="4" slack="0"/>
<pin id="2361" dir="1" index="3" bw="1" slack="0"/>
</pin_list>
<bind>
<opcode="bitselect(1000) " fcode="bitselect"/>
<opset="tmp_307/3 "/>
</bind>
</comp>

<comp id="2365" class="1004" name="xor_ln416_74_fu_2365">
<pin_list>
<pin id="2366" dir="0" index="0" bw="1" slack="0"/>
<pin id="2367" dir="0" index="1" bw="1" slack="0"/>
<pin id="2368" dir="1" index="2" bw="1" slack="0"/>
</pin_list>
<bind>
<opcode="xor(25) " fcode="xor"/>
<opset="xor_ln416_74/3 "/>
</bind>
</comp>

<comp id="2371" class="1004" name="and_ln416_74_fu_2371">
<pin_list>
<pin id="2372" dir="0" index="0" bw="1" slack="0"/>
<pin id="2373" dir="0" index="1" bw="1" slack="0"/>
<pin id="2374" dir="1" index="2" bw="1" slack="0"/>
</pin_list>
<bind>
<opcode="and(23) " fcode="and"/>
<opset="and_ln416_74/3 "/>
</bind>
</comp>

<comp id="2377" class="1004" name="tmp_308_fu_2377">
<pin_list>
<pin id="2378" dir="0" index="0" bw="1" slack="0"/>
<pin id="2379" dir="0" index="1" bw="8" slack="0"/>
<pin id="2380" dir="0" index="2" bw="4" slack="0"/>
<pin id="2381" dir="1" index="3" bw="1" slack="0"/>
</pin_list>
<bind>
<opcode="bitselect(1000) " fcode="bitselect"/>
<opset="tmp_308/3 "/>
</bind>
</comp>

<comp id="2385" class="1004" name="p_Result_12_11_fu_2385">
<pin_list>
<pin id="2386" dir="0" index="0" bw="4" slack="0"/>
<pin id="2387" dir="0" index="1" bw="14" slack="0"/>
<pin id="2388" dir="0" index="2" bw="5" slack="0"/>
<pin id="2389" dir="0" index="3" bw="5" slack="0"/>
<pin id="2390" dir="1" index="4" bw="4" slack="0"/>
</pin_list>
<bind>
<opcode="partselect(1002) " fcode="partselect"/>
<opset="p_Result_12_11/3 "/>
</bind>
</comp>

<comp id="2395" class="1004" name="icmp_ln879_74_fu_2395">
<pin_list>
<pin id="2396" dir="0" index="0" bw="4" slack="0"/>
<pin id="2397" dir="0" index="1" bw="4" slack="0"/>
<pin id="2398" dir="1" index="2" bw="1" slack="0"/>
</pin_list>
<bind>
<opcode="icmp(45) " fcode="icmp"/>
<opset="icmp_ln879_74/3 "/>
</bind>
</comp>

<comp id="2401" class="1004" name="icmp_ln768_74_fu_2401">
<pin_list>
<pin id="2402" dir="0" index="0" bw="4" slack="0"/>
<pin id="2403" dir="0" index="1" bw="4" slack="0"/>
<pin id="2404" dir="1" index="2" bw="1" slack="0"/>
</pin_list>
<bind>
<opcode="icmp(45) " fcode="icmp"/>
<opset="icmp_ln768_74/3 "/>
</bind>
</comp>

<comp id="2407" class="1004" name="select_ln777_74_fu_2407">
<pin_list>
<pin id="2408" dir="0" index="0" bw="1" slack="0"/>
<pin id="2409" dir="0" index="1" bw="1" slack="0"/>
<pin id="2410" dir="0" index="2" bw="1" slack="0"/>
<pin id="2411" dir="1" index="3" bw="1" slack="0"/>
</pin_list>
<bind>
<opcode="select(49) " fcode="select"/>
<opset="select_ln777_74/3 "/>
</bind>
</comp>

<comp id="2415" class="1004" name="xor_ln785_12_fu_2415">
<pin_list>
<pin id="2416" dir="0" index="0" bw="1" slack="0"/>
<pin id="2417" dir="0" index="1" bw="1" slack="0"/>
<pin id="2418" dir="1" index="2" bw="1" slack="0"/>
</pin_list>
<bind>
<opcode="xor(25) " fcode="xor"/>
<opset="xor_ln785_12/3 "/>
</bind>
</comp>

<comp id="2421" class="1004" name="or_ln340_12_fu_2421">
<pin_list>
<pin id="2422" dir="0" index="0" bw="1" slack="0"/>
<pin id="2423" dir="0" index="1" bw="1" slack="0"/>
<pin id="2424" dir="1" index="2" bw="1" slack="0"/>
</pin_list>
<bind>
<opcode="or(24) " fcode="or"/>
<opset="or_ln340_12/3 "/>
</bind>
</comp>

<comp id="2427" class="1004" name="select_ln340_12_fu_2427">
<pin_list>
<pin id="2428" dir="0" index="0" bw="1" slack="0"/>
<pin id="2429" dir="0" index="1" bw="7" slack="0"/>
<pin id="2430" dir="0" index="2" bw="7" slack="0"/>
<pin id="2431" dir="1" index="3" bw="7" slack="0"/>
</pin_list>
<bind>
<opcode="select(49) " fcode="select"/>
<opset="select_ln340_12/3 "/>
</bind>
</comp>

<comp id="2435" class="1004" name="tmp_data_12_V_fu_2435">
<pin_list>
<pin id="2436" dir="0" index="0" bw="1" slack="0"/>
<pin id="2437" dir="0" index="1" bw="7" slack="0"/>
<pin id="2438" dir="0" index="2" bw="7" slack="0"/>
<pin id="2439" dir="1" index="3" bw="7" slack="1"/>
</pin_list>
<bind>
<opcode="select(49) " fcode="select"/>
<opset="tmp_data_12_V/3 "/>
</bind>
</comp>

<comp id="2443" class="1004" name="icmp_ln1494_13_fu_2443">
<pin_list>
<pin id="2444" dir="0" index="0" bw="14" slack="0"/>
<pin id="2445" dir="0" index="1" bw="14" slack="0"/>
<pin id="2446" dir="1" index="2" bw="1" slack="0"/>
</pin_list>
<bind>
<opcode="icmp(45) " fcode="icmp"/>
<opset="icmp_ln1494_13/3 "/>
</bind>
</comp>

<comp id="2449" class="1004" name="trunc_ln708_72_fu_2449">
<pin_list>
<pin id="2450" dir="0" index="0" bw="8" slack="0"/>
<pin id="2451" dir="0" index="1" bw="14" slack="0"/>
<pin id="2452" dir="0" index="2" bw="3" slack="0"/>
<pin id="2453" dir="0" index="3" bw="5" slack="0"/>
<pin id="2454" dir="1" index="4" bw="8" slack="0"/>
</pin_list>
<bind>
<opcode="partselect(1002) " fcode="partselect"/>
<opset="trunc_ln708_72/3 "/>
</bind>
</comp>

<comp id="2459" class="1004" name="tmp_309_fu_2459">
<pin_list>
<pin id="2460" dir="0" index="0" bw="1" slack="0"/>
<pin id="2461" dir="0" index="1" bw="14" slack="0"/>
<pin id="2462" dir="0" index="2" bw="5" slack="0"/>
<pin id="2463" dir="1" index="3" bw="1" slack="0"/>
</pin_list>
<bind>
<opcode="bitselect(1000) " fcode="bitselect"/>
<opset="tmp_309/3 "/>
</bind>
</comp>

<comp id="2467" class="1004" name="tmp_310_fu_2467">
<pin_list>
<pin id="2468" dir="0" index="0" bw="1" slack="0"/>
<pin id="2469" dir="0" index="1" bw="14" slack="0"/>
<pin id="2470" dir="0" index="2" bw="1" slack="0"/>
<pin id="2471" dir="1" index="3" bw="1" slack="0"/>
</pin_list>
<bind>
<opcode="bitselect(1000) " fcode="bitselect"/>
<opset="tmp_310/3 "/>
</bind>
</comp>

<comp id="2475" class="1004" name="zext_ln415_75_fu_2475">
<pin_list>
<pin id="2476" dir="0" index="0" bw="1" slack="0"/>
<pin id="2477" dir="1" index="1" bw="8" slack="0"/>
</pin_list>
<bind>
<opcode="zext(34) " fcode="zext"/>
<opset="zext_ln415_75/3 "/>
</bind>
</comp>

<comp id="2479" class="1004" name="trunc_ln415_75_fu_2479">
<pin_list>
<pin id="2480" dir="0" index="0" bw="7" slack="0"/>
<pin id="2481" dir="0" index="1" bw="14" slack="0"/>
<pin id="2482" dir="0" index="2" bw="3" slack="0"/>
<pin id="2483" dir="0" index="3" bw="5" slack="0"/>
<pin id="2484" dir="1" index="4" bw="7" slack="0"/>
</pin_list>
<bind>
<opcode="partselect(1002) " fcode="partselect"/>
<opset="trunc_ln415_75/3 "/>
</bind>
</comp>

<comp id="2489" class="1004" name="zext_ln415_109_fu_2489">
<pin_list>
<pin id="2490" dir="0" index="0" bw="1" slack="0"/>
<pin id="2491" dir="1" index="1" bw="7" slack="0"/>
</pin_list>
<bind>
<opcode="zext(34) " fcode="zext"/>
<opset="zext_ln415_109/3 "/>
</bind>
</comp>

<comp id="2493" class="1004" name="add_ln415_75_fu_2493">
<pin_list>
<pin id="2494" dir="0" index="0" bw="8" slack="0"/>
<pin id="2495" dir="0" index="1" bw="1" slack="0"/>
<pin id="2496" dir="1" index="2" bw="8" slack="0"/>
</pin_list>
<bind>
<opcode="add(8) " fcode="add"/>
<opset="add_ln415_75/3 "/>
</bind>
</comp>

<comp id="2499" class="1004" name="add_ln416_75_fu_2499">
<pin_list>
<pin id="2500" dir="0" index="0" bw="7" slack="0"/>
<pin id="2501" dir="0" index="1" bw="1" slack="0"/>
<pin id="2502" dir="1" index="2" bw="7" slack="0"/>
</pin_list>
<bind>
<opcode="add(8) " fcode="add"/>
<opset="add_ln416_75/3 "/>
</bind>
</comp>

<comp id="2505" class="1004" name="tmp_311_fu_2505">
<pin_list>
<pin id="2506" dir="0" index="0" bw="1" slack="0"/>
<pin id="2507" dir="0" index="1" bw="8" slack="0"/>
<pin id="2508" dir="0" index="2" bw="4" slack="0"/>
<pin id="2509" dir="1" index="3" bw="1" slack="0"/>
</pin_list>
<bind>
<opcode="bitselect(1000) " fcode="bitselect"/>
<opset="tmp_311/3 "/>
</bind>
</comp>

<comp id="2513" class="1004" name="xor_ln416_75_fu_2513">
<pin_list>
<pin id="2514" dir="0" index="0" bw="1" slack="0"/>
<pin id="2515" dir="0" index="1" bw="1" slack="0"/>
<pin id="2516" dir="1" index="2" bw="1" slack="0"/>
</pin_list>
<bind>
<opcode="xor(25) " fcode="xor"/>
<opset="xor_ln416_75/3 "/>
</bind>
</comp>

<comp id="2519" class="1004" name="and_ln416_75_fu_2519">
<pin_list>
<pin id="2520" dir="0" index="0" bw="1" slack="0"/>
<pin id="2521" dir="0" index="1" bw="1" slack="0"/>
<pin id="2522" dir="1" index="2" bw="1" slack="0"/>
</pin_list>
<bind>
<opcode="and(23) " fcode="and"/>
<opset="and_ln416_75/3 "/>
</bind>
</comp>

<comp id="2525" class="1004" name="tmp_312_fu_2525">
<pin_list>
<pin id="2526" dir="0" index="0" bw="1" slack="0"/>
<pin id="2527" dir="0" index="1" bw="8" slack="0"/>
<pin id="2528" dir="0" index="2" bw="4" slack="0"/>
<pin id="2529" dir="1" index="3" bw="1" slack="0"/>
</pin_list>
<bind>
<opcode="bitselect(1000) " fcode="bitselect"/>
<opset="tmp_312/3 "/>
</bind>
</comp>

<comp id="2533" class="1004" name="p_Result_12_12_fu_2533">
<pin_list>
<pin id="2534" dir="0" index="0" bw="4" slack="0"/>
<pin id="2535" dir="0" index="1" bw="14" slack="0"/>
<pin id="2536" dir="0" index="2" bw="5" slack="0"/>
<pin id="2537" dir="0" index="3" bw="5" slack="0"/>
<pin id="2538" dir="1" index="4" bw="4" slack="0"/>
</pin_list>
<bind>
<opcode="partselect(1002) " fcode="partselect"/>
<opset="p_Result_12_12/3 "/>
</bind>
</comp>

<comp id="2543" class="1004" name="icmp_ln879_75_fu_2543">
<pin_list>
<pin id="2544" dir="0" index="0" bw="4" slack="0"/>
<pin id="2545" dir="0" index="1" bw="4" slack="0"/>
<pin id="2546" dir="1" index="2" bw="1" slack="0"/>
</pin_list>
<bind>
<opcode="icmp(45) " fcode="icmp"/>
<opset="icmp_ln879_75/3 "/>
</bind>
</comp>

<comp id="2549" class="1004" name="icmp_ln768_75_fu_2549">
<pin_list>
<pin id="2550" dir="0" index="0" bw="4" slack="0"/>
<pin id="2551" dir="0" index="1" bw="4" slack="0"/>
<pin id="2552" dir="1" index="2" bw="1" slack="0"/>
</pin_list>
<bind>
<opcode="icmp(45) " fcode="icmp"/>
<opset="icmp_ln768_75/3 "/>
</bind>
</comp>

<comp id="2555" class="1004" name="select_ln777_75_fu_2555">
<pin_list>
<pin id="2556" dir="0" index="0" bw="1" slack="0"/>
<pin id="2557" dir="0" index="1" bw="1" slack="0"/>
<pin id="2558" dir="0" index="2" bw="1" slack="0"/>
<pin id="2559" dir="1" index="3" bw="1" slack="0"/>
</pin_list>
<bind>
<opcode="select(49) " fcode="select"/>
<opset="select_ln777_75/3 "/>
</bind>
</comp>

<comp id="2563" class="1004" name="xor_ln785_13_fu_2563">
<pin_list>
<pin id="2564" dir="0" index="0" bw="1" slack="0"/>
<pin id="2565" dir="0" index="1" bw="1" slack="0"/>
<pin id="2566" dir="1" index="2" bw="1" slack="0"/>
</pin_list>
<bind>
<opcode="xor(25) " fcode="xor"/>
<opset="xor_ln785_13/3 "/>
</bind>
</comp>

<comp id="2569" class="1004" name="or_ln340_13_fu_2569">
<pin_list>
<pin id="2570" dir="0" index="0" bw="1" slack="0"/>
<pin id="2571" dir="0" index="1" bw="1" slack="0"/>
<pin id="2572" dir="1" index="2" bw="1" slack="0"/>
</pin_list>
<bind>
<opcode="or(24) " fcode="or"/>
<opset="or_ln340_13/3 "/>
</bind>
</comp>

<comp id="2575" class="1004" name="select_ln340_13_fu_2575">
<pin_list>
<pin id="2576" dir="0" index="0" bw="1" slack="0"/>
<pin id="2577" dir="0" index="1" bw="7" slack="0"/>
<pin id="2578" dir="0" index="2" bw="7" slack="0"/>
<pin id="2579" dir="1" index="3" bw="7" slack="0"/>
</pin_list>
<bind>
<opcode="select(49) " fcode="select"/>
<opset="select_ln340_13/3 "/>
</bind>
</comp>

<comp id="2583" class="1004" name="tmp_data_13_V_fu_2583">
<pin_list>
<pin id="2584" dir="0" index="0" bw="1" slack="0"/>
<pin id="2585" dir="0" index="1" bw="7" slack="0"/>
<pin id="2586" dir="0" index="2" bw="7" slack="0"/>
<pin id="2587" dir="1" index="3" bw="7" slack="1"/>
</pin_list>
<bind>
<opcode="select(49) " fcode="select"/>
<opset="tmp_data_13_V/3 "/>
</bind>
</comp>

<comp id="2591" class="1004" name="icmp_ln1494_14_fu_2591">
<pin_list>
<pin id="2592" dir="0" index="0" bw="14" slack="0"/>
<pin id="2593" dir="0" index="1" bw="14" slack="0"/>
<pin id="2594" dir="1" index="2" bw="1" slack="0"/>
</pin_list>
<bind>
<opcode="icmp(45) " fcode="icmp"/>
<opset="icmp_ln1494_14/3 "/>
</bind>
</comp>

<comp id="2597" class="1004" name="trunc_ln708_73_fu_2597">
<pin_list>
<pin id="2598" dir="0" index="0" bw="8" slack="0"/>
<pin id="2599" dir="0" index="1" bw="14" slack="0"/>
<pin id="2600" dir="0" index="2" bw="3" slack="0"/>
<pin id="2601" dir="0" index="3" bw="5" slack="0"/>
<pin id="2602" dir="1" index="4" bw="8" slack="0"/>
</pin_list>
<bind>
<opcode="partselect(1002) " fcode="partselect"/>
<opset="trunc_ln708_73/3 "/>
</bind>
</comp>

<comp id="2607" class="1004" name="tmp_313_fu_2607">
<pin_list>
<pin id="2608" dir="0" index="0" bw="1" slack="0"/>
<pin id="2609" dir="0" index="1" bw="14" slack="0"/>
<pin id="2610" dir="0" index="2" bw="5" slack="0"/>
<pin id="2611" dir="1" index="3" bw="1" slack="0"/>
</pin_list>
<bind>
<opcode="bitselect(1000) " fcode="bitselect"/>
<opset="tmp_313/3 "/>
</bind>
</comp>

<comp id="2615" class="1004" name="tmp_314_fu_2615">
<pin_list>
<pin id="2616" dir="0" index="0" bw="1" slack="0"/>
<pin id="2617" dir="0" index="1" bw="14" slack="0"/>
<pin id="2618" dir="0" index="2" bw="1" slack="0"/>
<pin id="2619" dir="1" index="3" bw="1" slack="0"/>
</pin_list>
<bind>
<opcode="bitselect(1000) " fcode="bitselect"/>
<opset="tmp_314/3 "/>
</bind>
</comp>

<comp id="2623" class="1004" name="zext_ln415_76_fu_2623">
<pin_list>
<pin id="2624" dir="0" index="0" bw="1" slack="0"/>
<pin id="2625" dir="1" index="1" bw="8" slack="0"/>
</pin_list>
<bind>
<opcode="zext(34) " fcode="zext"/>
<opset="zext_ln415_76/3 "/>
</bind>
</comp>

<comp id="2627" class="1004" name="trunc_ln415_76_fu_2627">
<pin_list>
<pin id="2628" dir="0" index="0" bw="7" slack="0"/>
<pin id="2629" dir="0" index="1" bw="14" slack="0"/>
<pin id="2630" dir="0" index="2" bw="3" slack="0"/>
<pin id="2631" dir="0" index="3" bw="5" slack="0"/>
<pin id="2632" dir="1" index="4" bw="7" slack="0"/>
</pin_list>
<bind>
<opcode="partselect(1002) " fcode="partselect"/>
<opset="trunc_ln415_76/3 "/>
</bind>
</comp>

<comp id="2637" class="1004" name="zext_ln415_110_fu_2637">
<pin_list>
<pin id="2638" dir="0" index="0" bw="1" slack="0"/>
<pin id="2639" dir="1" index="1" bw="7" slack="0"/>
</pin_list>
<bind>
<opcode="zext(34) " fcode="zext"/>
<opset="zext_ln415_110/3 "/>
</bind>
</comp>

<comp id="2641" class="1004" name="add_ln415_76_fu_2641">
<pin_list>
<pin id="2642" dir="0" index="0" bw="8" slack="0"/>
<pin id="2643" dir="0" index="1" bw="1" slack="0"/>
<pin id="2644" dir="1" index="2" bw="8" slack="0"/>
</pin_list>
<bind>
<opcode="add(8) " fcode="add"/>
<opset="add_ln415_76/3 "/>
</bind>
</comp>

<comp id="2647" class="1004" name="add_ln416_76_fu_2647">
<pin_list>
<pin id="2648" dir="0" index="0" bw="7" slack="0"/>
<pin id="2649" dir="0" index="1" bw="1" slack="0"/>
<pin id="2650" dir="1" index="2" bw="7" slack="0"/>
</pin_list>
<bind>
<opcode="add(8) " fcode="add"/>
<opset="add_ln416_76/3 "/>
</bind>
</comp>

<comp id="2653" class="1004" name="tmp_315_fu_2653">
<pin_list>
<pin id="2654" dir="0" index="0" bw="1" slack="0"/>
<pin id="2655" dir="0" index="1" bw="8" slack="0"/>
<pin id="2656" dir="0" index="2" bw="4" slack="0"/>
<pin id="2657" dir="1" index="3" bw="1" slack="0"/>
</pin_list>
<bind>
<opcode="bitselect(1000) " fcode="bitselect"/>
<opset="tmp_315/3 "/>
</bind>
</comp>

<comp id="2661" class="1004" name="xor_ln416_76_fu_2661">
<pin_list>
<pin id="2662" dir="0" index="0" bw="1" slack="0"/>
<pin id="2663" dir="0" index="1" bw="1" slack="0"/>
<pin id="2664" dir="1" index="2" bw="1" slack="0"/>
</pin_list>
<bind>
<opcode="xor(25) " fcode="xor"/>
<opset="xor_ln416_76/3 "/>
</bind>
</comp>

<comp id="2667" class="1004" name="and_ln416_76_fu_2667">
<pin_list>
<pin id="2668" dir="0" index="0" bw="1" slack="0"/>
<pin id="2669" dir="0" index="1" bw="1" slack="0"/>
<pin id="2670" dir="1" index="2" bw="1" slack="0"/>
</pin_list>
<bind>
<opcode="and(23) " fcode="and"/>
<opset="and_ln416_76/3 "/>
</bind>
</comp>

<comp id="2673" class="1004" name="tmp_316_fu_2673">
<pin_list>
<pin id="2674" dir="0" index="0" bw="1" slack="0"/>
<pin id="2675" dir="0" index="1" bw="8" slack="0"/>
<pin id="2676" dir="0" index="2" bw="4" slack="0"/>
<pin id="2677" dir="1" index="3" bw="1" slack="0"/>
</pin_list>
<bind>
<opcode="bitselect(1000) " fcode="bitselect"/>
<opset="tmp_316/3 "/>
</bind>
</comp>

<comp id="2681" class="1004" name="p_Result_12_13_fu_2681">
<pin_list>
<pin id="2682" dir="0" index="0" bw="4" slack="0"/>
<pin id="2683" dir="0" index="1" bw="14" slack="0"/>
<pin id="2684" dir="0" index="2" bw="5" slack="0"/>
<pin id="2685" dir="0" index="3" bw="5" slack="0"/>
<pin id="2686" dir="1" index="4" bw="4" slack="0"/>
</pin_list>
<bind>
<opcode="partselect(1002) " fcode="partselect"/>
<opset="p_Result_12_13/3 "/>
</bind>
</comp>

<comp id="2691" class="1004" name="icmp_ln879_76_fu_2691">
<pin_list>
<pin id="2692" dir="0" index="0" bw="4" slack="0"/>
<pin id="2693" dir="0" index="1" bw="4" slack="0"/>
<pin id="2694" dir="1" index="2" bw="1" slack="0"/>
</pin_list>
<bind>
<opcode="icmp(45) " fcode="icmp"/>
<opset="icmp_ln879_76/3 "/>
</bind>
</comp>

<comp id="2697" class="1004" name="icmp_ln768_76_fu_2697">
<pin_list>
<pin id="2698" dir="0" index="0" bw="4" slack="0"/>
<pin id="2699" dir="0" index="1" bw="4" slack="0"/>
<pin id="2700" dir="1" index="2" bw="1" slack="0"/>
</pin_list>
<bind>
<opcode="icmp(45) " fcode="icmp"/>
<opset="icmp_ln768_76/3 "/>
</bind>
</comp>

<comp id="2703" class="1004" name="select_ln777_76_fu_2703">
<pin_list>
<pin id="2704" dir="0" index="0" bw="1" slack="0"/>
<pin id="2705" dir="0" index="1" bw="1" slack="0"/>
<pin id="2706" dir="0" index="2" bw="1" slack="0"/>
<pin id="2707" dir="1" index="3" bw="1" slack="0"/>
</pin_list>
<bind>
<opcode="select(49) " fcode="select"/>
<opset="select_ln777_76/3 "/>
</bind>
</comp>

<comp id="2711" class="1004" name="xor_ln785_14_fu_2711">
<pin_list>
<pin id="2712" dir="0" index="0" bw="1" slack="0"/>
<pin id="2713" dir="0" index="1" bw="1" slack="0"/>
<pin id="2714" dir="1" index="2" bw="1" slack="0"/>
</pin_list>
<bind>
<opcode="xor(25) " fcode="xor"/>
<opset="xor_ln785_14/3 "/>
</bind>
</comp>

<comp id="2717" class="1004" name="or_ln340_14_fu_2717">
<pin_list>
<pin id="2718" dir="0" index="0" bw="1" slack="0"/>
<pin id="2719" dir="0" index="1" bw="1" slack="0"/>
<pin id="2720" dir="1" index="2" bw="1" slack="0"/>
</pin_list>
<bind>
<opcode="or(24) " fcode="or"/>
<opset="or_ln340_14/3 "/>
</bind>
</comp>

<comp id="2723" class="1004" name="select_ln340_14_fu_2723">
<pin_list>
<pin id="2724" dir="0" index="0" bw="1" slack="0"/>
<pin id="2725" dir="0" index="1" bw="7" slack="0"/>
<pin id="2726" dir="0" index="2" bw="7" slack="0"/>
<pin id="2727" dir="1" index="3" bw="7" slack="0"/>
</pin_list>
<bind>
<opcode="select(49) " fcode="select"/>
<opset="select_ln340_14/3 "/>
</bind>
</comp>

<comp id="2731" class="1004" name="tmp_data_14_V_fu_2731">
<pin_list>
<pin id="2732" dir="0" index="0" bw="1" slack="0"/>
<pin id="2733" dir="0" index="1" bw="7" slack="0"/>
<pin id="2734" dir="0" index="2" bw="7" slack="0"/>
<pin id="2735" dir="1" index="3" bw="7" slack="1"/>
</pin_list>
<bind>
<opcode="select(49) " fcode="select"/>
<opset="tmp_data_14_V/3 "/>
</bind>
</comp>

<comp id="2739" class="1004" name="icmp_ln1494_15_fu_2739">
<pin_list>
<pin id="2740" dir="0" index="0" bw="14" slack="0"/>
<pin id="2741" dir="0" index="1" bw="14" slack="0"/>
<pin id="2742" dir="1" index="2" bw="1" slack="0"/>
</pin_list>
<bind>
<opcode="icmp(45) " fcode="icmp"/>
<opset="icmp_ln1494_15/3 "/>
</bind>
</comp>

<comp id="2745" class="1004" name="trunc_ln708_74_fu_2745">
<pin_list>
<pin id="2746" dir="0" index="0" bw="8" slack="0"/>
<pin id="2747" dir="0" index="1" bw="14" slack="0"/>
<pin id="2748" dir="0" index="2" bw="3" slack="0"/>
<pin id="2749" dir="0" index="3" bw="5" slack="0"/>
<pin id="2750" dir="1" index="4" bw="8" slack="0"/>
</pin_list>
<bind>
<opcode="partselect(1002) " fcode="partselect"/>
<opset="trunc_ln708_74/3 "/>
</bind>
</comp>

<comp id="2755" class="1004" name="tmp_317_fu_2755">
<pin_list>
<pin id="2756" dir="0" index="0" bw="1" slack="0"/>
<pin id="2757" dir="0" index="1" bw="14" slack="0"/>
<pin id="2758" dir="0" index="2" bw="5" slack="0"/>
<pin id="2759" dir="1" index="3" bw="1" slack="0"/>
</pin_list>
<bind>
<opcode="bitselect(1000) " fcode="bitselect"/>
<opset="tmp_317/3 "/>
</bind>
</comp>

<comp id="2763" class="1004" name="tmp_318_fu_2763">
<pin_list>
<pin id="2764" dir="0" index="0" bw="1" slack="0"/>
<pin id="2765" dir="0" index="1" bw="14" slack="0"/>
<pin id="2766" dir="0" index="2" bw="1" slack="0"/>
<pin id="2767" dir="1" index="3" bw="1" slack="0"/>
</pin_list>
<bind>
<opcode="bitselect(1000) " fcode="bitselect"/>
<opset="tmp_318/3 "/>
</bind>
</comp>

<comp id="2771" class="1004" name="zext_ln415_77_fu_2771">
<pin_list>
<pin id="2772" dir="0" index="0" bw="1" slack="0"/>
<pin id="2773" dir="1" index="1" bw="8" slack="0"/>
</pin_list>
<bind>
<opcode="zext(34) " fcode="zext"/>
<opset="zext_ln415_77/3 "/>
</bind>
</comp>

<comp id="2775" class="1004" name="trunc_ln415_77_fu_2775">
<pin_list>
<pin id="2776" dir="0" index="0" bw="7" slack="0"/>
<pin id="2777" dir="0" index="1" bw="14" slack="0"/>
<pin id="2778" dir="0" index="2" bw="3" slack="0"/>
<pin id="2779" dir="0" index="3" bw="5" slack="0"/>
<pin id="2780" dir="1" index="4" bw="7" slack="0"/>
</pin_list>
<bind>
<opcode="partselect(1002) " fcode="partselect"/>
<opset="trunc_ln415_77/3 "/>
</bind>
</comp>

<comp id="2785" class="1004" name="zext_ln415_111_fu_2785">
<pin_list>
<pin id="2786" dir="0" index="0" bw="1" slack="0"/>
<pin id="2787" dir="1" index="1" bw="7" slack="0"/>
</pin_list>
<bind>
<opcode="zext(34) " fcode="zext"/>
<opset="zext_ln415_111/3 "/>
</bind>
</comp>

<comp id="2789" class="1004" name="add_ln415_77_fu_2789">
<pin_list>
<pin id="2790" dir="0" index="0" bw="8" slack="0"/>
<pin id="2791" dir="0" index="1" bw="1" slack="0"/>
<pin id="2792" dir="1" index="2" bw="8" slack="0"/>
</pin_list>
<bind>
<opcode="add(8) " fcode="add"/>
<opset="add_ln415_77/3 "/>
</bind>
</comp>

<comp id="2795" class="1004" name="add_ln416_77_fu_2795">
<pin_list>
<pin id="2796" dir="0" index="0" bw="7" slack="0"/>
<pin id="2797" dir="0" index="1" bw="1" slack="0"/>
<pin id="2798" dir="1" index="2" bw="7" slack="0"/>
</pin_list>
<bind>
<opcode="add(8) " fcode="add"/>
<opset="add_ln416_77/3 "/>
</bind>
</comp>

<comp id="2801" class="1004" name="tmp_319_fu_2801">
<pin_list>
<pin id="2802" dir="0" index="0" bw="1" slack="0"/>
<pin id="2803" dir="0" index="1" bw="8" slack="0"/>
<pin id="2804" dir="0" index="2" bw="4" slack="0"/>
<pin id="2805" dir="1" index="3" bw="1" slack="0"/>
</pin_list>
<bind>
<opcode="bitselect(1000) " fcode="bitselect"/>
<opset="tmp_319/3 "/>
</bind>
</comp>

<comp id="2809" class="1004" name="xor_ln416_77_fu_2809">
<pin_list>
<pin id="2810" dir="0" index="0" bw="1" slack="0"/>
<pin id="2811" dir="0" index="1" bw="1" slack="0"/>
<pin id="2812" dir="1" index="2" bw="1" slack="0"/>
</pin_list>
<bind>
<opcode="xor(25) " fcode="xor"/>
<opset="xor_ln416_77/3 "/>
</bind>
</comp>

<comp id="2815" class="1004" name="and_ln416_77_fu_2815">
<pin_list>
<pin id="2816" dir="0" index="0" bw="1" slack="0"/>
<pin id="2817" dir="0" index="1" bw="1" slack="0"/>
<pin id="2818" dir="1" index="2" bw="1" slack="0"/>
</pin_list>
<bind>
<opcode="and(23) " fcode="and"/>
<opset="and_ln416_77/3 "/>
</bind>
</comp>

<comp id="2821" class="1004" name="tmp_320_fu_2821">
<pin_list>
<pin id="2822" dir="0" index="0" bw="1" slack="0"/>
<pin id="2823" dir="0" index="1" bw="8" slack="0"/>
<pin id="2824" dir="0" index="2" bw="4" slack="0"/>
<pin id="2825" dir="1" index="3" bw="1" slack="0"/>
</pin_list>
<bind>
<opcode="bitselect(1000) " fcode="bitselect"/>
<opset="tmp_320/3 "/>
</bind>
</comp>

<comp id="2829" class="1004" name="p_Result_12_14_fu_2829">
<pin_list>
<pin id="2830" dir="0" index="0" bw="4" slack="0"/>
<pin id="2831" dir="0" index="1" bw="14" slack="0"/>
<pin id="2832" dir="0" index="2" bw="5" slack="0"/>
<pin id="2833" dir="0" index="3" bw="5" slack="0"/>
<pin id="2834" dir="1" index="4" bw="4" slack="0"/>
</pin_list>
<bind>
<opcode="partselect(1002) " fcode="partselect"/>
<opset="p_Result_12_14/3 "/>
</bind>
</comp>

<comp id="2839" class="1004" name="icmp_ln879_77_fu_2839">
<pin_list>
<pin id="2840" dir="0" index="0" bw="4" slack="0"/>
<pin id="2841" dir="0" index="1" bw="4" slack="0"/>
<pin id="2842" dir="1" index="2" bw="1" slack="0"/>
</pin_list>
<bind>
<opcode="icmp(45) " fcode="icmp"/>
<opset="icmp_ln879_77/3 "/>
</bind>
</comp>

<comp id="2845" class="1004" name="icmp_ln768_77_fu_2845">
<pin_list>
<pin id="2846" dir="0" index="0" bw="4" slack="0"/>
<pin id="2847" dir="0" index="1" bw="4" slack="0"/>
<pin id="2848" dir="1" index="2" bw="1" slack="0"/>
</pin_list>
<bind>
<opcode="icmp(45) " fcode="icmp"/>
<opset="icmp_ln768_77/3 "/>
</bind>
</comp>

<comp id="2851" class="1004" name="select_ln777_77_fu_2851">
<pin_list>
<pin id="2852" dir="0" index="0" bw="1" slack="0"/>
<pin id="2853" dir="0" index="1" bw="1" slack="0"/>
<pin id="2854" dir="0" index="2" bw="1" slack="0"/>
<pin id="2855" dir="1" index="3" bw="1" slack="0"/>
</pin_list>
<bind>
<opcode="select(49) " fcode="select"/>
<opset="select_ln777_77/3 "/>
</bind>
</comp>

<comp id="2859" class="1004" name="xor_ln785_15_fu_2859">
<pin_list>
<pin id="2860" dir="0" index="0" bw="1" slack="0"/>
<pin id="2861" dir="0" index="1" bw="1" slack="0"/>
<pin id="2862" dir="1" index="2" bw="1" slack="0"/>
</pin_list>
<bind>
<opcode="xor(25) " fcode="xor"/>
<opset="xor_ln785_15/3 "/>
</bind>
</comp>

<comp id="2865" class="1004" name="or_ln340_15_fu_2865">
<pin_list>
<pin id="2866" dir="0" index="0" bw="1" slack="0"/>
<pin id="2867" dir="0" index="1" bw="1" slack="0"/>
<pin id="2868" dir="1" index="2" bw="1" slack="0"/>
</pin_list>
<bind>
<opcode="or(24) " fcode="or"/>
<opset="or_ln340_15/3 "/>
</bind>
</comp>

<comp id="2871" class="1004" name="select_ln340_15_fu_2871">
<pin_list>
<pin id="2872" dir="0" index="0" bw="1" slack="0"/>
<pin id="2873" dir="0" index="1" bw="7" slack="0"/>
<pin id="2874" dir="0" index="2" bw="7" slack="0"/>
<pin id="2875" dir="1" index="3" bw="7" slack="0"/>
</pin_list>
<bind>
<opcode="select(49) " fcode="select"/>
<opset="select_ln340_15/3 "/>
</bind>
</comp>

<comp id="2879" class="1004" name="tmp_data_15_V_fu_2879">
<pin_list>
<pin id="2880" dir="0" index="0" bw="1" slack="0"/>
<pin id="2881" dir="0" index="1" bw="7" slack="0"/>
<pin id="2882" dir="0" index="2" bw="7" slack="0"/>
<pin id="2883" dir="1" index="3" bw="7" slack="1"/>
</pin_list>
<bind>
<opcode="select(49) " fcode="select"/>
<opset="tmp_data_15_V/3 "/>
</bind>
</comp>

<comp id="2887" class="1004" name="icmp_ln1494_16_fu_2887">
<pin_list>
<pin id="2888" dir="0" index="0" bw="14" slack="0"/>
<pin id="2889" dir="0" index="1" bw="14" slack="0"/>
<pin id="2890" dir="1" index="2" bw="1" slack="0"/>
</pin_list>
<bind>
<opcode="icmp(45) " fcode="icmp"/>
<opset="icmp_ln1494_16/3 "/>
</bind>
</comp>

<comp id="2893" class="1004" name="trunc_ln708_75_fu_2893">
<pin_list>
<pin id="2894" dir="0" index="0" bw="8" slack="0"/>
<pin id="2895" dir="0" index="1" bw="14" slack="0"/>
<pin id="2896" dir="0" index="2" bw="3" slack="0"/>
<pin id="2897" dir="0" index="3" bw="5" slack="0"/>
<pin id="2898" dir="1" index="4" bw="8" slack="0"/>
</pin_list>
<bind>
<opcode="partselect(1002) " fcode="partselect"/>
<opset="trunc_ln708_75/3 "/>
</bind>
</comp>

<comp id="2903" class="1004" name="tmp_321_fu_2903">
<pin_list>
<pin id="2904" dir="0" index="0" bw="1" slack="0"/>
<pin id="2905" dir="0" index="1" bw="14" slack="0"/>
<pin id="2906" dir="0" index="2" bw="5" slack="0"/>
<pin id="2907" dir="1" index="3" bw="1" slack="0"/>
</pin_list>
<bind>
<opcode="bitselect(1000) " fcode="bitselect"/>
<opset="tmp_321/3 "/>
</bind>
</comp>

<comp id="2911" class="1004" name="tmp_322_fu_2911">
<pin_list>
<pin id="2912" dir="0" index="0" bw="1" slack="0"/>
<pin id="2913" dir="0" index="1" bw="14" slack="0"/>
<pin id="2914" dir="0" index="2" bw="1" slack="0"/>
<pin id="2915" dir="1" index="3" bw="1" slack="0"/>
</pin_list>
<bind>
<opcode="bitselect(1000) " fcode="bitselect"/>
<opset="tmp_322/3 "/>
</bind>
</comp>

<comp id="2919" class="1004" name="zext_ln415_78_fu_2919">
<pin_list>
<pin id="2920" dir="0" index="0" bw="1" slack="0"/>
<pin id="2921" dir="1" index="1" bw="8" slack="0"/>
</pin_list>
<bind>
<opcode="zext(34) " fcode="zext"/>
<opset="zext_ln415_78/3 "/>
</bind>
</comp>

<comp id="2923" class="1004" name="trunc_ln415_78_fu_2923">
<pin_list>
<pin id="2924" dir="0" index="0" bw="7" slack="0"/>
<pin id="2925" dir="0" index="1" bw="14" slack="0"/>
<pin id="2926" dir="0" index="2" bw="3" slack="0"/>
<pin id="2927" dir="0" index="3" bw="5" slack="0"/>
<pin id="2928" dir="1" index="4" bw="7" slack="0"/>
</pin_list>
<bind>
<opcode="partselect(1002) " fcode="partselect"/>
<opset="trunc_ln415_78/3 "/>
</bind>
</comp>

<comp id="2933" class="1004" name="zext_ln415_112_fu_2933">
<pin_list>
<pin id="2934" dir="0" index="0" bw="1" slack="0"/>
<pin id="2935" dir="1" index="1" bw="7" slack="0"/>
</pin_list>
<bind>
<opcode="zext(34) " fcode="zext"/>
<opset="zext_ln415_112/3 "/>
</bind>
</comp>

<comp id="2937" class="1004" name="add_ln415_78_fu_2937">
<pin_list>
<pin id="2938" dir="0" index="0" bw="8" slack="0"/>
<pin id="2939" dir="0" index="1" bw="1" slack="0"/>
<pin id="2940" dir="1" index="2" bw="8" slack="0"/>
</pin_list>
<bind>
<opcode="add(8) " fcode="add"/>
<opset="add_ln415_78/3 "/>
</bind>
</comp>

<comp id="2943" class="1004" name="add_ln416_78_fu_2943">
<pin_list>
<pin id="2944" dir="0" index="0" bw="7" slack="0"/>
<pin id="2945" dir="0" index="1" bw="1" slack="0"/>
<pin id="2946" dir="1" index="2" bw="7" slack="0"/>
</pin_list>
<bind>
<opcode="add(8) " fcode="add"/>
<opset="add_ln416_78/3 "/>
</bind>
</comp>

<comp id="2949" class="1004" name="tmp_323_fu_2949">
<pin_list>
<pin id="2950" dir="0" index="0" bw="1" slack="0"/>
<pin id="2951" dir="0" index="1" bw="8" slack="0"/>
<pin id="2952" dir="0" index="2" bw="4" slack="0"/>
<pin id="2953" dir="1" index="3" bw="1" slack="0"/>
</pin_list>
<bind>
<opcode="bitselect(1000) " fcode="bitselect"/>
<opset="tmp_323/3 "/>
</bind>
</comp>

<comp id="2957" class="1004" name="xor_ln416_78_fu_2957">
<pin_list>
<pin id="2958" dir="0" index="0" bw="1" slack="0"/>
<pin id="2959" dir="0" index="1" bw="1" slack="0"/>
<pin id="2960" dir="1" index="2" bw="1" slack="0"/>
</pin_list>
<bind>
<opcode="xor(25) " fcode="xor"/>
<opset="xor_ln416_78/3 "/>
</bind>
</comp>

<comp id="2963" class="1004" name="and_ln416_78_fu_2963">
<pin_list>
<pin id="2964" dir="0" index="0" bw="1" slack="0"/>
<pin id="2965" dir="0" index="1" bw="1" slack="0"/>
<pin id="2966" dir="1" index="2" bw="1" slack="0"/>
</pin_list>
<bind>
<opcode="and(23) " fcode="and"/>
<opset="and_ln416_78/3 "/>
</bind>
</comp>

<comp id="2969" class="1004" name="tmp_324_fu_2969">
<pin_list>
<pin id="2970" dir="0" index="0" bw="1" slack="0"/>
<pin id="2971" dir="0" index="1" bw="8" slack="0"/>
<pin id="2972" dir="0" index="2" bw="4" slack="0"/>
<pin id="2973" dir="1" index="3" bw="1" slack="0"/>
</pin_list>
<bind>
<opcode="bitselect(1000) " fcode="bitselect"/>
<opset="tmp_324/3 "/>
</bind>
</comp>

<comp id="2977" class="1004" name="p_Result_12_15_fu_2977">
<pin_list>
<pin id="2978" dir="0" index="0" bw="4" slack="0"/>
<pin id="2979" dir="0" index="1" bw="14" slack="0"/>
<pin id="2980" dir="0" index="2" bw="5" slack="0"/>
<pin id="2981" dir="0" index="3" bw="5" slack="0"/>
<pin id="2982" dir="1" index="4" bw="4" slack="0"/>
</pin_list>
<bind>
<opcode="partselect(1002) " fcode="partselect"/>
<opset="p_Result_12_15/3 "/>
</bind>
</comp>

<comp id="2987" class="1004" name="icmp_ln879_78_fu_2987">
<pin_list>
<pin id="2988" dir="0" index="0" bw="4" slack="0"/>
<pin id="2989" dir="0" index="1" bw="4" slack="0"/>
<pin id="2990" dir="1" index="2" bw="1" slack="0"/>
</pin_list>
<bind>
<opcode="icmp(45) " fcode="icmp"/>
<opset="icmp_ln879_78/3 "/>
</bind>
</comp>

<comp id="2993" class="1004" name="icmp_ln768_78_fu_2993">
<pin_list>
<pin id="2994" dir="0" index="0" bw="4" slack="0"/>
<pin id="2995" dir="0" index="1" bw="4" slack="0"/>
<pin id="2996" dir="1" index="2" bw="1" slack="0"/>
</pin_list>
<bind>
<opcode="icmp(45) " fcode="icmp"/>
<opset="icmp_ln768_78/3 "/>
</bind>
</comp>

<comp id="2999" class="1004" name="select_ln777_78_fu_2999">
<pin_list>
<pin id="3000" dir="0" index="0" bw="1" slack="0"/>
<pin id="3001" dir="0" index="1" bw="1" slack="0"/>
<pin id="3002" dir="0" index="2" bw="1" slack="0"/>
<pin id="3003" dir="1" index="3" bw="1" slack="0"/>
</pin_list>
<bind>
<opcode="select(49) " fcode="select"/>
<opset="select_ln777_78/3 "/>
</bind>
</comp>

<comp id="3007" class="1004" name="xor_ln785_16_fu_3007">
<pin_list>
<pin id="3008" dir="0" index="0" bw="1" slack="0"/>
<pin id="3009" dir="0" index="1" bw="1" slack="0"/>
<pin id="3010" dir="1" index="2" bw="1" slack="0"/>
</pin_list>
<bind>
<opcode="xor(25) " fcode="xor"/>
<opset="xor_ln785_16/3 "/>
</bind>
</comp>

<comp id="3013" class="1004" name="or_ln340_16_fu_3013">
<pin_list>
<pin id="3014" dir="0" index="0" bw="1" slack="0"/>
<pin id="3015" dir="0" index="1" bw="1" slack="0"/>
<pin id="3016" dir="1" index="2" bw="1" slack="0"/>
</pin_list>
<bind>
<opcode="or(24) " fcode="or"/>
<opset="or_ln340_16/3 "/>
</bind>
</comp>

<comp id="3019" class="1004" name="select_ln340_16_fu_3019">
<pin_list>
<pin id="3020" dir="0" index="0" bw="1" slack="0"/>
<pin id="3021" dir="0" index="1" bw="7" slack="0"/>
<pin id="3022" dir="0" index="2" bw="7" slack="0"/>
<pin id="3023" dir="1" index="3" bw="7" slack="0"/>
</pin_list>
<bind>
<opcode="select(49) " fcode="select"/>
<opset="select_ln340_16/3 "/>
</bind>
</comp>

<comp id="3027" class="1004" name="tmp_data_16_V_fu_3027">
<pin_list>
<pin id="3028" dir="0" index="0" bw="1" slack="0"/>
<pin id="3029" dir="0" index="1" bw="7" slack="0"/>
<pin id="3030" dir="0" index="2" bw="7" slack="0"/>
<pin id="3031" dir="1" index="3" bw="7" slack="1"/>
</pin_list>
<bind>
<opcode="select(49) " fcode="select"/>
<opset="tmp_data_16_V/3 "/>
</bind>
</comp>

<comp id="3035" class="1004" name="icmp_ln1494_17_fu_3035">
<pin_list>
<pin id="3036" dir="0" index="0" bw="14" slack="0"/>
<pin id="3037" dir="0" index="1" bw="14" slack="0"/>
<pin id="3038" dir="1" index="2" bw="1" slack="0"/>
</pin_list>
<bind>
<opcode="icmp(45) " fcode="icmp"/>
<opset="icmp_ln1494_17/3 "/>
</bind>
</comp>

<comp id="3041" class="1004" name="trunc_ln708_76_fu_3041">
<pin_list>
<pin id="3042" dir="0" index="0" bw="8" slack="0"/>
<pin id="3043" dir="0" index="1" bw="14" slack="0"/>
<pin id="3044" dir="0" index="2" bw="3" slack="0"/>
<pin id="3045" dir="0" index="3" bw="5" slack="0"/>
<pin id="3046" dir="1" index="4" bw="8" slack="0"/>
</pin_list>
<bind>
<opcode="partselect(1002) " fcode="partselect"/>
<opset="trunc_ln708_76/3 "/>
</bind>
</comp>

<comp id="3051" class="1004" name="tmp_325_fu_3051">
<pin_list>
<pin id="3052" dir="0" index="0" bw="1" slack="0"/>
<pin id="3053" dir="0" index="1" bw="14" slack="0"/>
<pin id="3054" dir="0" index="2" bw="5" slack="0"/>
<pin id="3055" dir="1" index="3" bw="1" slack="0"/>
</pin_list>
<bind>
<opcode="bitselect(1000) " fcode="bitselect"/>
<opset="tmp_325/3 "/>
</bind>
</comp>

<comp id="3059" class="1004" name="tmp_326_fu_3059">
<pin_list>
<pin id="3060" dir="0" index="0" bw="1" slack="0"/>
<pin id="3061" dir="0" index="1" bw="14" slack="0"/>
<pin id="3062" dir="0" index="2" bw="1" slack="0"/>
<pin id="3063" dir="1" index="3" bw="1" slack="0"/>
</pin_list>
<bind>
<opcode="bitselect(1000) " fcode="bitselect"/>
<opset="tmp_326/3 "/>
</bind>
</comp>

<comp id="3067" class="1004" name="zext_ln415_79_fu_3067">
<pin_list>
<pin id="3068" dir="0" index="0" bw="1" slack="0"/>
<pin id="3069" dir="1" index="1" bw="8" slack="0"/>
</pin_list>
<bind>
<opcode="zext(34) " fcode="zext"/>
<opset="zext_ln415_79/3 "/>
</bind>
</comp>

<comp id="3071" class="1004" name="trunc_ln415_79_fu_3071">
<pin_list>
<pin id="3072" dir="0" index="0" bw="7" slack="0"/>
<pin id="3073" dir="0" index="1" bw="14" slack="0"/>
<pin id="3074" dir="0" index="2" bw="3" slack="0"/>
<pin id="3075" dir="0" index="3" bw="5" slack="0"/>
<pin id="3076" dir="1" index="4" bw="7" slack="0"/>
</pin_list>
<bind>
<opcode="partselect(1002) " fcode="partselect"/>
<opset="trunc_ln415_79/3 "/>
</bind>
</comp>

<comp id="3081" class="1004" name="zext_ln415_113_fu_3081">
<pin_list>
<pin id="3082" dir="0" index="0" bw="1" slack="0"/>
<pin id="3083" dir="1" index="1" bw="7" slack="0"/>
</pin_list>
<bind>
<opcode="zext(34) " fcode="zext"/>
<opset="zext_ln415_113/3 "/>
</bind>
</comp>

<comp id="3085" class="1004" name="add_ln415_79_fu_3085">
<pin_list>
<pin id="3086" dir="0" index="0" bw="8" slack="0"/>
<pin id="3087" dir="0" index="1" bw="1" slack="0"/>
<pin id="3088" dir="1" index="2" bw="8" slack="0"/>
</pin_list>
<bind>
<opcode="add(8) " fcode="add"/>
<opset="add_ln415_79/3 "/>
</bind>
</comp>

<comp id="3091" class="1004" name="add_ln416_79_fu_3091">
<pin_list>
<pin id="3092" dir="0" index="0" bw="7" slack="0"/>
<pin id="3093" dir="0" index="1" bw="1" slack="0"/>
<pin id="3094" dir="1" index="2" bw="7" slack="0"/>
</pin_list>
<bind>
<opcode="add(8) " fcode="add"/>
<opset="add_ln416_79/3 "/>
</bind>
</comp>

<comp id="3097" class="1004" name="tmp_327_fu_3097">
<pin_list>
<pin id="3098" dir="0" index="0" bw="1" slack="0"/>
<pin id="3099" dir="0" index="1" bw="8" slack="0"/>
<pin id="3100" dir="0" index="2" bw="4" slack="0"/>
<pin id="3101" dir="1" index="3" bw="1" slack="0"/>
</pin_list>
<bind>
<opcode="bitselect(1000) " fcode="bitselect"/>
<opset="tmp_327/3 "/>
</bind>
</comp>

<comp id="3105" class="1004" name="xor_ln416_79_fu_3105">
<pin_list>
<pin id="3106" dir="0" index="0" bw="1" slack="0"/>
<pin id="3107" dir="0" index="1" bw="1" slack="0"/>
<pin id="3108" dir="1" index="2" bw="1" slack="0"/>
</pin_list>
<bind>
<opcode="xor(25) " fcode="xor"/>
<opset="xor_ln416_79/3 "/>
</bind>
</comp>

<comp id="3111" class="1004" name="and_ln416_79_fu_3111">
<pin_list>
<pin id="3112" dir="0" index="0" bw="1" slack="0"/>
<pin id="3113" dir="0" index="1" bw="1" slack="0"/>
<pin id="3114" dir="1" index="2" bw="1" slack="0"/>
</pin_list>
<bind>
<opcode="and(23) " fcode="and"/>
<opset="and_ln416_79/3 "/>
</bind>
</comp>

<comp id="3117" class="1004" name="tmp_328_fu_3117">
<pin_list>
<pin id="3118" dir="0" index="0" bw="1" slack="0"/>
<pin id="3119" dir="0" index="1" bw="8" slack="0"/>
<pin id="3120" dir="0" index="2" bw="4" slack="0"/>
<pin id="3121" dir="1" index="3" bw="1" slack="0"/>
</pin_list>
<bind>
<opcode="bitselect(1000) " fcode="bitselect"/>
<opset="tmp_328/3 "/>
</bind>
</comp>

<comp id="3125" class="1004" name="p_Result_12_16_fu_3125">
<pin_list>
<pin id="3126" dir="0" index="0" bw="4" slack="0"/>
<pin id="3127" dir="0" index="1" bw="14" slack="0"/>
<pin id="3128" dir="0" index="2" bw="5" slack="0"/>
<pin id="3129" dir="0" index="3" bw="5" slack="0"/>
<pin id="3130" dir="1" index="4" bw="4" slack="0"/>
</pin_list>
<bind>
<opcode="partselect(1002) " fcode="partselect"/>
<opset="p_Result_12_16/3 "/>
</bind>
</comp>

<comp id="3135" class="1004" name="icmp_ln879_79_fu_3135">
<pin_list>
<pin id="3136" dir="0" index="0" bw="4" slack="0"/>
<pin id="3137" dir="0" index="1" bw="4" slack="0"/>
<pin id="3138" dir="1" index="2" bw="1" slack="0"/>
</pin_list>
<bind>
<opcode="icmp(45) " fcode="icmp"/>
<opset="icmp_ln879_79/3 "/>
</bind>
</comp>

<comp id="3141" class="1004" name="icmp_ln768_79_fu_3141">
<pin_list>
<pin id="3142" dir="0" index="0" bw="4" slack="0"/>
<pin id="3143" dir="0" index="1" bw="4" slack="0"/>
<pin id="3144" dir="1" index="2" bw="1" slack="0"/>
</pin_list>
<bind>
<opcode="icmp(45) " fcode="icmp"/>
<opset="icmp_ln768_79/3 "/>
</bind>
</comp>

<comp id="3147" class="1004" name="select_ln777_79_fu_3147">
<pin_list>
<pin id="3148" dir="0" index="0" bw="1" slack="0"/>
<pin id="3149" dir="0" index="1" bw="1" slack="0"/>
<pin id="3150" dir="0" index="2" bw="1" slack="0"/>
<pin id="3151" dir="1" index="3" bw="1" slack="0"/>
</pin_list>
<bind>
<opcode="select(49) " fcode="select"/>
<opset="select_ln777_79/3 "/>
</bind>
</comp>

<comp id="3155" class="1004" name="xor_ln785_17_fu_3155">
<pin_list>
<pin id="3156" dir="0" index="0" bw="1" slack="0"/>
<pin id="3157" dir="0" index="1" bw="1" slack="0"/>
<pin id="3158" dir="1" index="2" bw="1" slack="0"/>
</pin_list>
<bind>
<opcode="xor(25) " fcode="xor"/>
<opset="xor_ln785_17/3 "/>
</bind>
</comp>

<comp id="3161" class="1004" name="or_ln340_17_fu_3161">
<pin_list>
<pin id="3162" dir="0" index="0" bw="1" slack="0"/>
<pin id="3163" dir="0" index="1" bw="1" slack="0"/>
<pin id="3164" dir="1" index="2" bw="1" slack="0"/>
</pin_list>
<bind>
<opcode="or(24) " fcode="or"/>
<opset="or_ln340_17/3 "/>
</bind>
</comp>

<comp id="3167" class="1004" name="select_ln340_17_fu_3167">
<pin_list>
<pin id="3168" dir="0" index="0" bw="1" slack="0"/>
<pin id="3169" dir="0" index="1" bw="7" slack="0"/>
<pin id="3170" dir="0" index="2" bw="7" slack="0"/>
<pin id="3171" dir="1" index="3" bw="7" slack="0"/>
</pin_list>
<bind>
<opcode="select(49) " fcode="select"/>
<opset="select_ln340_17/3 "/>
</bind>
</comp>

<comp id="3175" class="1004" name="tmp_data_17_V_fu_3175">
<pin_list>
<pin id="3176" dir="0" index="0" bw="1" slack="0"/>
<pin id="3177" dir="0" index="1" bw="7" slack="0"/>
<pin id="3178" dir="0" index="2" bw="7" slack="0"/>
<pin id="3179" dir="1" index="3" bw="7" slack="1"/>
</pin_list>
<bind>
<opcode="select(49) " fcode="select"/>
<opset="tmp_data_17_V/3 "/>
</bind>
</comp>

<comp id="3183" class="1004" name="icmp_ln1494_18_fu_3183">
<pin_list>
<pin id="3184" dir="0" index="0" bw="14" slack="0"/>
<pin id="3185" dir="0" index="1" bw="14" slack="0"/>
<pin id="3186" dir="1" index="2" bw="1" slack="0"/>
</pin_list>
<bind>
<opcode="icmp(45) " fcode="icmp"/>
<opset="icmp_ln1494_18/3 "/>
</bind>
</comp>

<comp id="3189" class="1004" name="trunc_ln708_77_fu_3189">
<pin_list>
<pin id="3190" dir="0" index="0" bw="8" slack="0"/>
<pin id="3191" dir="0" index="1" bw="14" slack="0"/>
<pin id="3192" dir="0" index="2" bw="3" slack="0"/>
<pin id="3193" dir="0" index="3" bw="5" slack="0"/>
<pin id="3194" dir="1" index="4" bw="8" slack="0"/>
</pin_list>
<bind>
<opcode="partselect(1002) " fcode="partselect"/>
<opset="trunc_ln708_77/3 "/>
</bind>
</comp>

<comp id="3199" class="1004" name="tmp_329_fu_3199">
<pin_list>
<pin id="3200" dir="0" index="0" bw="1" slack="0"/>
<pin id="3201" dir="0" index="1" bw="14" slack="0"/>
<pin id="3202" dir="0" index="2" bw="5" slack="0"/>
<pin id="3203" dir="1" index="3" bw="1" slack="0"/>
</pin_list>
<bind>
<opcode="bitselect(1000) " fcode="bitselect"/>
<opset="tmp_329/3 "/>
</bind>
</comp>

<comp id="3207" class="1004" name="tmp_330_fu_3207">
<pin_list>
<pin id="3208" dir="0" index="0" bw="1" slack="0"/>
<pin id="3209" dir="0" index="1" bw="14" slack="0"/>
<pin id="3210" dir="0" index="2" bw="1" slack="0"/>
<pin id="3211" dir="1" index="3" bw="1" slack="0"/>
</pin_list>
<bind>
<opcode="bitselect(1000) " fcode="bitselect"/>
<opset="tmp_330/3 "/>
</bind>
</comp>

<comp id="3215" class="1004" name="zext_ln415_80_fu_3215">
<pin_list>
<pin id="3216" dir="0" index="0" bw="1" slack="0"/>
<pin id="3217" dir="1" index="1" bw="8" slack="0"/>
</pin_list>
<bind>
<opcode="zext(34) " fcode="zext"/>
<opset="zext_ln415_80/3 "/>
</bind>
</comp>

<comp id="3219" class="1004" name="trunc_ln415_80_fu_3219">
<pin_list>
<pin id="3220" dir="0" index="0" bw="7" slack="0"/>
<pin id="3221" dir="0" index="1" bw="14" slack="0"/>
<pin id="3222" dir="0" index="2" bw="3" slack="0"/>
<pin id="3223" dir="0" index="3" bw="5" slack="0"/>
<pin id="3224" dir="1" index="4" bw="7" slack="0"/>
</pin_list>
<bind>
<opcode="partselect(1002) " fcode="partselect"/>
<opset="trunc_ln415_80/3 "/>
</bind>
</comp>

<comp id="3229" class="1004" name="zext_ln415_114_fu_3229">
<pin_list>
<pin id="3230" dir="0" index="0" bw="1" slack="0"/>
<pin id="3231" dir="1" index="1" bw="7" slack="0"/>
</pin_list>
<bind>
<opcode="zext(34) " fcode="zext"/>
<opset="zext_ln415_114/3 "/>
</bind>
</comp>

<comp id="3233" class="1004" name="add_ln415_80_fu_3233">
<pin_list>
<pin id="3234" dir="0" index="0" bw="8" slack="0"/>
<pin id="3235" dir="0" index="1" bw="1" slack="0"/>
<pin id="3236" dir="1" index="2" bw="8" slack="0"/>
</pin_list>
<bind>
<opcode="add(8) " fcode="add"/>
<opset="add_ln415_80/3 "/>
</bind>
</comp>

<comp id="3239" class="1004" name="add_ln416_80_fu_3239">
<pin_list>
<pin id="3240" dir="0" index="0" bw="7" slack="0"/>
<pin id="3241" dir="0" index="1" bw="1" slack="0"/>
<pin id="3242" dir="1" index="2" bw="7" slack="0"/>
</pin_list>
<bind>
<opcode="add(8) " fcode="add"/>
<opset="add_ln416_80/3 "/>
</bind>
</comp>

<comp id="3245" class="1004" name="tmp_331_fu_3245">
<pin_list>
<pin id="3246" dir="0" index="0" bw="1" slack="0"/>
<pin id="3247" dir="0" index="1" bw="8" slack="0"/>
<pin id="3248" dir="0" index="2" bw="4" slack="0"/>
<pin id="3249" dir="1" index="3" bw="1" slack="0"/>
</pin_list>
<bind>
<opcode="bitselect(1000) " fcode="bitselect"/>
<opset="tmp_331/3 "/>
</bind>
</comp>

<comp id="3253" class="1004" name="xor_ln416_80_fu_3253">
<pin_list>
<pin id="3254" dir="0" index="0" bw="1" slack="0"/>
<pin id="3255" dir="0" index="1" bw="1" slack="0"/>
<pin id="3256" dir="1" index="2" bw="1" slack="0"/>
</pin_list>
<bind>
<opcode="xor(25) " fcode="xor"/>
<opset="xor_ln416_80/3 "/>
</bind>
</comp>

<comp id="3259" class="1004" name="and_ln416_80_fu_3259">
<pin_list>
<pin id="3260" dir="0" index="0" bw="1" slack="0"/>
<pin id="3261" dir="0" index="1" bw="1" slack="0"/>
<pin id="3262" dir="1" index="2" bw="1" slack="0"/>
</pin_list>
<bind>
<opcode="and(23) " fcode="and"/>
<opset="and_ln416_80/3 "/>
</bind>
</comp>

<comp id="3265" class="1004" name="tmp_332_fu_3265">
<pin_list>
<pin id="3266" dir="0" index="0" bw="1" slack="0"/>
<pin id="3267" dir="0" index="1" bw="8" slack="0"/>
<pin id="3268" dir="0" index="2" bw="4" slack="0"/>
<pin id="3269" dir="1" index="3" bw="1" slack="0"/>
</pin_list>
<bind>
<opcode="bitselect(1000) " fcode="bitselect"/>
<opset="tmp_332/3 "/>
</bind>
</comp>

<comp id="3273" class="1004" name="p_Result_12_17_fu_3273">
<pin_list>
<pin id="3274" dir="0" index="0" bw="4" slack="0"/>
<pin id="3275" dir="0" index="1" bw="14" slack="0"/>
<pin id="3276" dir="0" index="2" bw="5" slack="0"/>
<pin id="3277" dir="0" index="3" bw="5" slack="0"/>
<pin id="3278" dir="1" index="4" bw="4" slack="0"/>
</pin_list>
<bind>
<opcode="partselect(1002) " fcode="partselect"/>
<opset="p_Result_12_17/3 "/>
</bind>
</comp>

<comp id="3283" class="1004" name="icmp_ln879_80_fu_3283">
<pin_list>
<pin id="3284" dir="0" index="0" bw="4" slack="0"/>
<pin id="3285" dir="0" index="1" bw="4" slack="0"/>
<pin id="3286" dir="1" index="2" bw="1" slack="0"/>
</pin_list>
<bind>
<opcode="icmp(45) " fcode="icmp"/>
<opset="icmp_ln879_80/3 "/>
</bind>
</comp>

<comp id="3289" class="1004" name="icmp_ln768_80_fu_3289">
<pin_list>
<pin id="3290" dir="0" index="0" bw="4" slack="0"/>
<pin id="3291" dir="0" index="1" bw="4" slack="0"/>
<pin id="3292" dir="1" index="2" bw="1" slack="0"/>
</pin_list>
<bind>
<opcode="icmp(45) " fcode="icmp"/>
<opset="icmp_ln768_80/3 "/>
</bind>
</comp>

<comp id="3295" class="1004" name="select_ln777_80_fu_3295">
<pin_list>
<pin id="3296" dir="0" index="0" bw="1" slack="0"/>
<pin id="3297" dir="0" index="1" bw="1" slack="0"/>
<pin id="3298" dir="0" index="2" bw="1" slack="0"/>
<pin id="3299" dir="1" index="3" bw="1" slack="0"/>
</pin_list>
<bind>
<opcode="select(49) " fcode="select"/>
<opset="select_ln777_80/3 "/>
</bind>
</comp>

<comp id="3303" class="1004" name="xor_ln785_18_fu_3303">
<pin_list>
<pin id="3304" dir="0" index="0" bw="1" slack="0"/>
<pin id="3305" dir="0" index="1" bw="1" slack="0"/>
<pin id="3306" dir="1" index="2" bw="1" slack="0"/>
</pin_list>
<bind>
<opcode="xor(25) " fcode="xor"/>
<opset="xor_ln785_18/3 "/>
</bind>
</comp>

<comp id="3309" class="1004" name="or_ln340_18_fu_3309">
<pin_list>
<pin id="3310" dir="0" index="0" bw="1" slack="0"/>
<pin id="3311" dir="0" index="1" bw="1" slack="0"/>
<pin id="3312" dir="1" index="2" bw="1" slack="0"/>
</pin_list>
<bind>
<opcode="or(24) " fcode="or"/>
<opset="or_ln340_18/3 "/>
</bind>
</comp>

<comp id="3315" class="1004" name="select_ln340_18_fu_3315">
<pin_list>
<pin id="3316" dir="0" index="0" bw="1" slack="0"/>
<pin id="3317" dir="0" index="1" bw="7" slack="0"/>
<pin id="3318" dir="0" index="2" bw="7" slack="0"/>
<pin id="3319" dir="1" index="3" bw="7" slack="0"/>
</pin_list>
<bind>
<opcode="select(49) " fcode="select"/>
<opset="select_ln340_18/3 "/>
</bind>
</comp>

<comp id="3323" class="1004" name="tmp_data_18_V_fu_3323">
<pin_list>
<pin id="3324" dir="0" index="0" bw="1" slack="0"/>
<pin id="3325" dir="0" index="1" bw="7" slack="0"/>
<pin id="3326" dir="0" index="2" bw="7" slack="0"/>
<pin id="3327" dir="1" index="3" bw="7" slack="1"/>
</pin_list>
<bind>
<opcode="select(49) " fcode="select"/>
<opset="tmp_data_18_V/3 "/>
</bind>
</comp>

<comp id="3331" class="1004" name="icmp_ln1494_19_fu_3331">
<pin_list>
<pin id="3332" dir="0" index="0" bw="14" slack="0"/>
<pin id="3333" dir="0" index="1" bw="14" slack="0"/>
<pin id="3334" dir="1" index="2" bw="1" slack="0"/>
</pin_list>
<bind>
<opcode="icmp(45) " fcode="icmp"/>
<opset="icmp_ln1494_19/3 "/>
</bind>
</comp>

<comp id="3337" class="1004" name="trunc_ln708_78_fu_3337">
<pin_list>
<pin id="3338" dir="0" index="0" bw="8" slack="0"/>
<pin id="3339" dir="0" index="1" bw="14" slack="0"/>
<pin id="3340" dir="0" index="2" bw="3" slack="0"/>
<pin id="3341" dir="0" index="3" bw="5" slack="0"/>
<pin id="3342" dir="1" index="4" bw="8" slack="0"/>
</pin_list>
<bind>
<opcode="partselect(1002) " fcode="partselect"/>
<opset="trunc_ln708_78/3 "/>
</bind>
</comp>

<comp id="3347" class="1004" name="tmp_333_fu_3347">
<pin_list>
<pin id="3348" dir="0" index="0" bw="1" slack="0"/>
<pin id="3349" dir="0" index="1" bw="14" slack="0"/>
<pin id="3350" dir="0" index="2" bw="5" slack="0"/>
<pin id="3351" dir="1" index="3" bw="1" slack="0"/>
</pin_list>
<bind>
<opcode="bitselect(1000) " fcode="bitselect"/>
<opset="tmp_333/3 "/>
</bind>
</comp>

<comp id="3355" class="1004" name="tmp_334_fu_3355">
<pin_list>
<pin id="3356" dir="0" index="0" bw="1" slack="0"/>
<pin id="3357" dir="0" index="1" bw="14" slack="0"/>
<pin id="3358" dir="0" index="2" bw="1" slack="0"/>
<pin id="3359" dir="1" index="3" bw="1" slack="0"/>
</pin_list>
<bind>
<opcode="bitselect(1000) " fcode="bitselect"/>
<opset="tmp_334/3 "/>
</bind>
</comp>

<comp id="3363" class="1004" name="zext_ln415_81_fu_3363">
<pin_list>
<pin id="3364" dir="0" index="0" bw="1" slack="0"/>
<pin id="3365" dir="1" index="1" bw="8" slack="0"/>
</pin_list>
<bind>
<opcode="zext(34) " fcode="zext"/>
<opset="zext_ln415_81/3 "/>
</bind>
</comp>

<comp id="3367" class="1004" name="trunc_ln415_81_fu_3367">
<pin_list>
<pin id="3368" dir="0" index="0" bw="7" slack="0"/>
<pin id="3369" dir="0" index="1" bw="14" slack="0"/>
<pin id="3370" dir="0" index="2" bw="3" slack="0"/>
<pin id="3371" dir="0" index="3" bw="5" slack="0"/>
<pin id="3372" dir="1" index="4" bw="7" slack="0"/>
</pin_list>
<bind>
<opcode="partselect(1002) " fcode="partselect"/>
<opset="trunc_ln415_81/3 "/>
</bind>
</comp>

<comp id="3377" class="1004" name="zext_ln415_115_fu_3377">
<pin_list>
<pin id="3378" dir="0" index="0" bw="1" slack="0"/>
<pin id="3379" dir="1" index="1" bw="7" slack="0"/>
</pin_list>
<bind>
<opcode="zext(34) " fcode="zext"/>
<opset="zext_ln415_115/3 "/>
</bind>
</comp>

<comp id="3381" class="1004" name="add_ln415_81_fu_3381">
<pin_list>
<pin id="3382" dir="0" index="0" bw="8" slack="0"/>
<pin id="3383" dir="0" index="1" bw="1" slack="0"/>
<pin id="3384" dir="1" index="2" bw="8" slack="0"/>
</pin_list>
<bind>
<opcode="add(8) " fcode="add"/>
<opset="add_ln415_81/3 "/>
</bind>
</comp>

<comp id="3387" class="1004" name="add_ln416_81_fu_3387">
<pin_list>
<pin id="3388" dir="0" index="0" bw="7" slack="0"/>
<pin id="3389" dir="0" index="1" bw="1" slack="0"/>
<pin id="3390" dir="1" index="2" bw="7" slack="0"/>
</pin_list>
<bind>
<opcode="add(8) " fcode="add"/>
<opset="add_ln416_81/3 "/>
</bind>
</comp>

<comp id="3393" class="1004" name="tmp_335_fu_3393">
<pin_list>
<pin id="3394" dir="0" index="0" bw="1" slack="0"/>
<pin id="3395" dir="0" index="1" bw="8" slack="0"/>
<pin id="3396" dir="0" index="2" bw="4" slack="0"/>
<pin id="3397" dir="1" index="3" bw="1" slack="0"/>
</pin_list>
<bind>
<opcode="bitselect(1000) " fcode="bitselect"/>
<opset="tmp_335/3 "/>
</bind>
</comp>

<comp id="3401" class="1004" name="xor_ln416_81_fu_3401">
<pin_list>
<pin id="3402" dir="0" index="0" bw="1" slack="0"/>
<pin id="3403" dir="0" index="1" bw="1" slack="0"/>
<pin id="3404" dir="1" index="2" bw="1" slack="0"/>
</pin_list>
<bind>
<opcode="xor(25) " fcode="xor"/>
<opset="xor_ln416_81/3 "/>
</bind>
</comp>

<comp id="3407" class="1004" name="and_ln416_81_fu_3407">
<pin_list>
<pin id="3408" dir="0" index="0" bw="1" slack="0"/>
<pin id="3409" dir="0" index="1" bw="1" slack="0"/>
<pin id="3410" dir="1" index="2" bw="1" slack="0"/>
</pin_list>
<bind>
<opcode="and(23) " fcode="and"/>
<opset="and_ln416_81/3 "/>
</bind>
</comp>

<comp id="3413" class="1004" name="tmp_336_fu_3413">
<pin_list>
<pin id="3414" dir="0" index="0" bw="1" slack="0"/>
<pin id="3415" dir="0" index="1" bw="8" slack="0"/>
<pin id="3416" dir="0" index="2" bw="4" slack="0"/>
<pin id="3417" dir="1" index="3" bw="1" slack="0"/>
</pin_list>
<bind>
<opcode="bitselect(1000) " fcode="bitselect"/>
<opset="tmp_336/3 "/>
</bind>
</comp>

<comp id="3421" class="1004" name="p_Result_12_18_fu_3421">
<pin_list>
<pin id="3422" dir="0" index="0" bw="4" slack="0"/>
<pin id="3423" dir="0" index="1" bw="14" slack="0"/>
<pin id="3424" dir="0" index="2" bw="5" slack="0"/>
<pin id="3425" dir="0" index="3" bw="5" slack="0"/>
<pin id="3426" dir="1" index="4" bw="4" slack="0"/>
</pin_list>
<bind>
<opcode="partselect(1002) " fcode="partselect"/>
<opset="p_Result_12_18/3 "/>
</bind>
</comp>

<comp id="3431" class="1004" name="icmp_ln879_81_fu_3431">
<pin_list>
<pin id="3432" dir="0" index="0" bw="4" slack="0"/>
<pin id="3433" dir="0" index="1" bw="4" slack="0"/>
<pin id="3434" dir="1" index="2" bw="1" slack="0"/>
</pin_list>
<bind>
<opcode="icmp(45) " fcode="icmp"/>
<opset="icmp_ln879_81/3 "/>
</bind>
</comp>

<comp id="3437" class="1004" name="icmp_ln768_81_fu_3437">
<pin_list>
<pin id="3438" dir="0" index="0" bw="4" slack="0"/>
<pin id="3439" dir="0" index="1" bw="4" slack="0"/>
<pin id="3440" dir="1" index="2" bw="1" slack="0"/>
</pin_list>
<bind>
<opcode="icmp(45) " fcode="icmp"/>
<opset="icmp_ln768_81/3 "/>
</bind>
</comp>

<comp id="3443" class="1004" name="select_ln777_81_fu_3443">
<pin_list>
<pin id="3444" dir="0" index="0" bw="1" slack="0"/>
<pin id="3445" dir="0" index="1" bw="1" slack="0"/>
<pin id="3446" dir="0" index="2" bw="1" slack="0"/>
<pin id="3447" dir="1" index="3" bw="1" slack="0"/>
</pin_list>
<bind>
<opcode="select(49) " fcode="select"/>
<opset="select_ln777_81/3 "/>
</bind>
</comp>

<comp id="3451" class="1004" name="xor_ln785_19_fu_3451">
<pin_list>
<pin id="3452" dir="0" index="0" bw="1" slack="0"/>
<pin id="3453" dir="0" index="1" bw="1" slack="0"/>
<pin id="3454" dir="1" index="2" bw="1" slack="0"/>
</pin_list>
<bind>
<opcode="xor(25) " fcode="xor"/>
<opset="xor_ln785_19/3 "/>
</bind>
</comp>

<comp id="3457" class="1004" name="or_ln340_19_fu_3457">
<pin_list>
<pin id="3458" dir="0" index="0" bw="1" slack="0"/>
<pin id="3459" dir="0" index="1" bw="1" slack="0"/>
<pin id="3460" dir="1" index="2" bw="1" slack="0"/>
</pin_list>
<bind>
<opcode="or(24) " fcode="or"/>
<opset="or_ln340_19/3 "/>
</bind>
</comp>

<comp id="3463" class="1004" name="select_ln340_19_fu_3463">
<pin_list>
<pin id="3464" dir="0" index="0" bw="1" slack="0"/>
<pin id="3465" dir="0" index="1" bw="7" slack="0"/>
<pin id="3466" dir="0" index="2" bw="7" slack="0"/>
<pin id="3467" dir="1" index="3" bw="7" slack="0"/>
</pin_list>
<bind>
<opcode="select(49) " fcode="select"/>
<opset="select_ln340_19/3 "/>
</bind>
</comp>

<comp id="3471" class="1004" name="tmp_data_19_V_fu_3471">
<pin_list>
<pin id="3472" dir="0" index="0" bw="1" slack="0"/>
<pin id="3473" dir="0" index="1" bw="7" slack="0"/>
<pin id="3474" dir="0" index="2" bw="7" slack="0"/>
<pin id="3475" dir="1" index="3" bw="7" slack="1"/>
</pin_list>
<bind>
<opcode="select(49) " fcode="select"/>
<opset="tmp_data_19_V/3 "/>
</bind>
</comp>

<comp id="3479" class="1004" name="icmp_ln1494_20_fu_3479">
<pin_list>
<pin id="3480" dir="0" index="0" bw="14" slack="0"/>
<pin id="3481" dir="0" index="1" bw="14" slack="0"/>
<pin id="3482" dir="1" index="2" bw="1" slack="0"/>
</pin_list>
<bind>
<opcode="icmp(45) " fcode="icmp"/>
<opset="icmp_ln1494_20/3 "/>
</bind>
</comp>

<comp id="3485" class="1004" name="trunc_ln708_79_fu_3485">
<pin_list>
<pin id="3486" dir="0" index="0" bw="8" slack="0"/>
<pin id="3487" dir="0" index="1" bw="14" slack="0"/>
<pin id="3488" dir="0" index="2" bw="3" slack="0"/>
<pin id="3489" dir="0" index="3" bw="5" slack="0"/>
<pin id="3490" dir="1" index="4" bw="8" slack="0"/>
</pin_list>
<bind>
<opcode="partselect(1002) " fcode="partselect"/>
<opset="trunc_ln708_79/3 "/>
</bind>
</comp>

<comp id="3495" class="1004" name="tmp_337_fu_3495">
<pin_list>
<pin id="3496" dir="0" index="0" bw="1" slack="0"/>
<pin id="3497" dir="0" index="1" bw="14" slack="0"/>
<pin id="3498" dir="0" index="2" bw="5" slack="0"/>
<pin id="3499" dir="1" index="3" bw="1" slack="0"/>
</pin_list>
<bind>
<opcode="bitselect(1000) " fcode="bitselect"/>
<opset="tmp_337/3 "/>
</bind>
</comp>

<comp id="3503" class="1004" name="tmp_338_fu_3503">
<pin_list>
<pin id="3504" dir="0" index="0" bw="1" slack="0"/>
<pin id="3505" dir="0" index="1" bw="14" slack="0"/>
<pin id="3506" dir="0" index="2" bw="1" slack="0"/>
<pin id="3507" dir="1" index="3" bw="1" slack="0"/>
</pin_list>
<bind>
<opcode="bitselect(1000) " fcode="bitselect"/>
<opset="tmp_338/3 "/>
</bind>
</comp>

<comp id="3511" class="1004" name="zext_ln415_82_fu_3511">
<pin_list>
<pin id="3512" dir="0" index="0" bw="1" slack="0"/>
<pin id="3513" dir="1" index="1" bw="8" slack="0"/>
</pin_list>
<bind>
<opcode="zext(34) " fcode="zext"/>
<opset="zext_ln415_82/3 "/>
</bind>
</comp>

<comp id="3515" class="1004" name="trunc_ln415_82_fu_3515">
<pin_list>
<pin id="3516" dir="0" index="0" bw="7" slack="0"/>
<pin id="3517" dir="0" index="1" bw="14" slack="0"/>
<pin id="3518" dir="0" index="2" bw="3" slack="0"/>
<pin id="3519" dir="0" index="3" bw="5" slack="0"/>
<pin id="3520" dir="1" index="4" bw="7" slack="0"/>
</pin_list>
<bind>
<opcode="partselect(1002) " fcode="partselect"/>
<opset="trunc_ln415_82/3 "/>
</bind>
</comp>

<comp id="3525" class="1004" name="zext_ln415_116_fu_3525">
<pin_list>
<pin id="3526" dir="0" index="0" bw="1" slack="0"/>
<pin id="3527" dir="1" index="1" bw="7" slack="0"/>
</pin_list>
<bind>
<opcode="zext(34) " fcode="zext"/>
<opset="zext_ln415_116/3 "/>
</bind>
</comp>

<comp id="3529" class="1004" name="add_ln415_82_fu_3529">
<pin_list>
<pin id="3530" dir="0" index="0" bw="8" slack="0"/>
<pin id="3531" dir="0" index="1" bw="1" slack="0"/>
<pin id="3532" dir="1" index="2" bw="8" slack="0"/>
</pin_list>
<bind>
<opcode="add(8) " fcode="add"/>
<opset="add_ln415_82/3 "/>
</bind>
</comp>

<comp id="3535" class="1004" name="add_ln416_82_fu_3535">
<pin_list>
<pin id="3536" dir="0" index="0" bw="7" slack="0"/>
<pin id="3537" dir="0" index="1" bw="1" slack="0"/>
<pin id="3538" dir="1" index="2" bw="7" slack="0"/>
</pin_list>
<bind>
<opcode="add(8) " fcode="add"/>
<opset="add_ln416_82/3 "/>
</bind>
</comp>

<comp id="3541" class="1004" name="tmp_339_fu_3541">
<pin_list>
<pin id="3542" dir="0" index="0" bw="1" slack="0"/>
<pin id="3543" dir="0" index="1" bw="8" slack="0"/>
<pin id="3544" dir="0" index="2" bw="4" slack="0"/>
<pin id="3545" dir="1" index="3" bw="1" slack="0"/>
</pin_list>
<bind>
<opcode="bitselect(1000) " fcode="bitselect"/>
<opset="tmp_339/3 "/>
</bind>
</comp>

<comp id="3549" class="1004" name="xor_ln416_82_fu_3549">
<pin_list>
<pin id="3550" dir="0" index="0" bw="1" slack="0"/>
<pin id="3551" dir="0" index="1" bw="1" slack="0"/>
<pin id="3552" dir="1" index="2" bw="1" slack="0"/>
</pin_list>
<bind>
<opcode="xor(25) " fcode="xor"/>
<opset="xor_ln416_82/3 "/>
</bind>
</comp>

<comp id="3555" class="1004" name="and_ln416_82_fu_3555">
<pin_list>
<pin id="3556" dir="0" index="0" bw="1" slack="0"/>
<pin id="3557" dir="0" index="1" bw="1" slack="0"/>
<pin id="3558" dir="1" index="2" bw="1" slack="0"/>
</pin_list>
<bind>
<opcode="and(23) " fcode="and"/>
<opset="and_ln416_82/3 "/>
</bind>
</comp>

<comp id="3561" class="1004" name="tmp_340_fu_3561">
<pin_list>
<pin id="3562" dir="0" index="0" bw="1" slack="0"/>
<pin id="3563" dir="0" index="1" bw="8" slack="0"/>
<pin id="3564" dir="0" index="2" bw="4" slack="0"/>
<pin id="3565" dir="1" index="3" bw="1" slack="0"/>
</pin_list>
<bind>
<opcode="bitselect(1000) " fcode="bitselect"/>
<opset="tmp_340/3 "/>
</bind>
</comp>

<comp id="3569" class="1004" name="p_Result_12_19_fu_3569">
<pin_list>
<pin id="3570" dir="0" index="0" bw="4" slack="0"/>
<pin id="3571" dir="0" index="1" bw="14" slack="0"/>
<pin id="3572" dir="0" index="2" bw="5" slack="0"/>
<pin id="3573" dir="0" index="3" bw="5" slack="0"/>
<pin id="3574" dir="1" index="4" bw="4" slack="0"/>
</pin_list>
<bind>
<opcode="partselect(1002) " fcode="partselect"/>
<opset="p_Result_12_19/3 "/>
</bind>
</comp>

<comp id="3579" class="1004" name="icmp_ln879_82_fu_3579">
<pin_list>
<pin id="3580" dir="0" index="0" bw="4" slack="0"/>
<pin id="3581" dir="0" index="1" bw="4" slack="0"/>
<pin id="3582" dir="1" index="2" bw="1" slack="0"/>
</pin_list>
<bind>
<opcode="icmp(45) " fcode="icmp"/>
<opset="icmp_ln879_82/3 "/>
</bind>
</comp>

<comp id="3585" class="1004" name="icmp_ln768_82_fu_3585">
<pin_list>
<pin id="3586" dir="0" index="0" bw="4" slack="0"/>
<pin id="3587" dir="0" index="1" bw="4" slack="0"/>
<pin id="3588" dir="1" index="2" bw="1" slack="0"/>
</pin_list>
<bind>
<opcode="icmp(45) " fcode="icmp"/>
<opset="icmp_ln768_82/3 "/>
</bind>
</comp>

<comp id="3591" class="1004" name="select_ln777_82_fu_3591">
<pin_list>
<pin id="3592" dir="0" index="0" bw="1" slack="0"/>
<pin id="3593" dir="0" index="1" bw="1" slack="0"/>
<pin id="3594" dir="0" index="2" bw="1" slack="0"/>
<pin id="3595" dir="1" index="3" bw="1" slack="0"/>
</pin_list>
<bind>
<opcode="select(49) " fcode="select"/>
<opset="select_ln777_82/3 "/>
</bind>
</comp>

<comp id="3599" class="1004" name="xor_ln785_20_fu_3599">
<pin_list>
<pin id="3600" dir="0" index="0" bw="1" slack="0"/>
<pin id="3601" dir="0" index="1" bw="1" slack="0"/>
<pin id="3602" dir="1" index="2" bw="1" slack="0"/>
</pin_list>
<bind>
<opcode="xor(25) " fcode="xor"/>
<opset="xor_ln785_20/3 "/>
</bind>
</comp>

<comp id="3605" class="1004" name="or_ln340_20_fu_3605">
<pin_list>
<pin id="3606" dir="0" index="0" bw="1" slack="0"/>
<pin id="3607" dir="0" index="1" bw="1" slack="0"/>
<pin id="3608" dir="1" index="2" bw="1" slack="0"/>
</pin_list>
<bind>
<opcode="or(24) " fcode="or"/>
<opset="or_ln340_20/3 "/>
</bind>
</comp>

<comp id="3611" class="1004" name="select_ln340_20_fu_3611">
<pin_list>
<pin id="3612" dir="0" index="0" bw="1" slack="0"/>
<pin id="3613" dir="0" index="1" bw="7" slack="0"/>
<pin id="3614" dir="0" index="2" bw="7" slack="0"/>
<pin id="3615" dir="1" index="3" bw="7" slack="0"/>
</pin_list>
<bind>
<opcode="select(49) " fcode="select"/>
<opset="select_ln340_20/3 "/>
</bind>
</comp>

<comp id="3619" class="1004" name="tmp_data_20_V_fu_3619">
<pin_list>
<pin id="3620" dir="0" index="0" bw="1" slack="0"/>
<pin id="3621" dir="0" index="1" bw="7" slack="0"/>
<pin id="3622" dir="0" index="2" bw="7" slack="0"/>
<pin id="3623" dir="1" index="3" bw="7" slack="1"/>
</pin_list>
<bind>
<opcode="select(49) " fcode="select"/>
<opset="tmp_data_20_V/3 "/>
</bind>
</comp>

<comp id="3627" class="1004" name="icmp_ln1494_21_fu_3627">
<pin_list>
<pin id="3628" dir="0" index="0" bw="14" slack="0"/>
<pin id="3629" dir="0" index="1" bw="14" slack="0"/>
<pin id="3630" dir="1" index="2" bw="1" slack="0"/>
</pin_list>
<bind>
<opcode="icmp(45) " fcode="icmp"/>
<opset="icmp_ln1494_21/3 "/>
</bind>
</comp>

<comp id="3633" class="1004" name="trunc_ln708_80_fu_3633">
<pin_list>
<pin id="3634" dir="0" index="0" bw="8" slack="0"/>
<pin id="3635" dir="0" index="1" bw="14" slack="0"/>
<pin id="3636" dir="0" index="2" bw="3" slack="0"/>
<pin id="3637" dir="0" index="3" bw="5" slack="0"/>
<pin id="3638" dir="1" index="4" bw="8" slack="0"/>
</pin_list>
<bind>
<opcode="partselect(1002) " fcode="partselect"/>
<opset="trunc_ln708_80/3 "/>
</bind>
</comp>

<comp id="3643" class="1004" name="tmp_341_fu_3643">
<pin_list>
<pin id="3644" dir="0" index="0" bw="1" slack="0"/>
<pin id="3645" dir="0" index="1" bw="14" slack="0"/>
<pin id="3646" dir="0" index="2" bw="5" slack="0"/>
<pin id="3647" dir="1" index="3" bw="1" slack="0"/>
</pin_list>
<bind>
<opcode="bitselect(1000) " fcode="bitselect"/>
<opset="tmp_341/3 "/>
</bind>
</comp>

<comp id="3651" class="1004" name="tmp_342_fu_3651">
<pin_list>
<pin id="3652" dir="0" index="0" bw="1" slack="0"/>
<pin id="3653" dir="0" index="1" bw="14" slack="0"/>
<pin id="3654" dir="0" index="2" bw="1" slack="0"/>
<pin id="3655" dir="1" index="3" bw="1" slack="0"/>
</pin_list>
<bind>
<opcode="bitselect(1000) " fcode="bitselect"/>
<opset="tmp_342/3 "/>
</bind>
</comp>

<comp id="3659" class="1004" name="zext_ln415_83_fu_3659">
<pin_list>
<pin id="3660" dir="0" index="0" bw="1" slack="0"/>
<pin id="3661" dir="1" index="1" bw="8" slack="0"/>
</pin_list>
<bind>
<opcode="zext(34) " fcode="zext"/>
<opset="zext_ln415_83/3 "/>
</bind>
</comp>

<comp id="3663" class="1004" name="trunc_ln415_83_fu_3663">
<pin_list>
<pin id="3664" dir="0" index="0" bw="7" slack="0"/>
<pin id="3665" dir="0" index="1" bw="14" slack="0"/>
<pin id="3666" dir="0" index="2" bw="3" slack="0"/>
<pin id="3667" dir="0" index="3" bw="5" slack="0"/>
<pin id="3668" dir="1" index="4" bw="7" slack="0"/>
</pin_list>
<bind>
<opcode="partselect(1002) " fcode="partselect"/>
<opset="trunc_ln415_83/3 "/>
</bind>
</comp>

<comp id="3673" class="1004" name="zext_ln415_117_fu_3673">
<pin_list>
<pin id="3674" dir="0" index="0" bw="1" slack="0"/>
<pin id="3675" dir="1" index="1" bw="7" slack="0"/>
</pin_list>
<bind>
<opcode="zext(34) " fcode="zext"/>
<opset="zext_ln415_117/3 "/>
</bind>
</comp>

<comp id="3677" class="1004" name="add_ln415_83_fu_3677">
<pin_list>
<pin id="3678" dir="0" index="0" bw="8" slack="0"/>
<pin id="3679" dir="0" index="1" bw="1" slack="0"/>
<pin id="3680" dir="1" index="2" bw="8" slack="0"/>
</pin_list>
<bind>
<opcode="add(8) " fcode="add"/>
<opset="add_ln415_83/3 "/>
</bind>
</comp>

<comp id="3683" class="1004" name="add_ln416_83_fu_3683">
<pin_list>
<pin id="3684" dir="0" index="0" bw="7" slack="0"/>
<pin id="3685" dir="0" index="1" bw="1" slack="0"/>
<pin id="3686" dir="1" index="2" bw="7" slack="0"/>
</pin_list>
<bind>
<opcode="add(8) " fcode="add"/>
<opset="add_ln416_83/3 "/>
</bind>
</comp>

<comp id="3689" class="1004" name="tmp_343_fu_3689">
<pin_list>
<pin id="3690" dir="0" index="0" bw="1" slack="0"/>
<pin id="3691" dir="0" index="1" bw="8" slack="0"/>
<pin id="3692" dir="0" index="2" bw="4" slack="0"/>
<pin id="3693" dir="1" index="3" bw="1" slack="0"/>
</pin_list>
<bind>
<opcode="bitselect(1000) " fcode="bitselect"/>
<opset="tmp_343/3 "/>
</bind>
</comp>

<comp id="3697" class="1004" name="xor_ln416_83_fu_3697">
<pin_list>
<pin id="3698" dir="0" index="0" bw="1" slack="0"/>
<pin id="3699" dir="0" index="1" bw="1" slack="0"/>
<pin id="3700" dir="1" index="2" bw="1" slack="0"/>
</pin_list>
<bind>
<opcode="xor(25) " fcode="xor"/>
<opset="xor_ln416_83/3 "/>
</bind>
</comp>

<comp id="3703" class="1004" name="and_ln416_83_fu_3703">
<pin_list>
<pin id="3704" dir="0" index="0" bw="1" slack="0"/>
<pin id="3705" dir="0" index="1" bw="1" slack="0"/>
<pin id="3706" dir="1" index="2" bw="1" slack="0"/>
</pin_list>
<bind>
<opcode="and(23) " fcode="and"/>
<opset="and_ln416_83/3 "/>
</bind>
</comp>

<comp id="3709" class="1004" name="tmp_344_fu_3709">
<pin_list>
<pin id="3710" dir="0" index="0" bw="1" slack="0"/>
<pin id="3711" dir="0" index="1" bw="8" slack="0"/>
<pin id="3712" dir="0" index="2" bw="4" slack="0"/>
<pin id="3713" dir="1" index="3" bw="1" slack="0"/>
</pin_list>
<bind>
<opcode="bitselect(1000) " fcode="bitselect"/>
<opset="tmp_344/3 "/>
</bind>
</comp>

<comp id="3717" class="1004" name="p_Result_12_20_fu_3717">
<pin_list>
<pin id="3718" dir="0" index="0" bw="4" slack="0"/>
<pin id="3719" dir="0" index="1" bw="14" slack="0"/>
<pin id="3720" dir="0" index="2" bw="5" slack="0"/>
<pin id="3721" dir="0" index="3" bw="5" slack="0"/>
<pin id="3722" dir="1" index="4" bw="4" slack="0"/>
</pin_list>
<bind>
<opcode="partselect(1002) " fcode="partselect"/>
<opset="p_Result_12_20/3 "/>
</bind>
</comp>

<comp id="3727" class="1004" name="icmp_ln879_83_fu_3727">
<pin_list>
<pin id="3728" dir="0" index="0" bw="4" slack="0"/>
<pin id="3729" dir="0" index="1" bw="4" slack="0"/>
<pin id="3730" dir="1" index="2" bw="1" slack="0"/>
</pin_list>
<bind>
<opcode="icmp(45) " fcode="icmp"/>
<opset="icmp_ln879_83/3 "/>
</bind>
</comp>

<comp id="3733" class="1004" name="icmp_ln768_83_fu_3733">
<pin_list>
<pin id="3734" dir="0" index="0" bw="4" slack="0"/>
<pin id="3735" dir="0" index="1" bw="4" slack="0"/>
<pin id="3736" dir="1" index="2" bw="1" slack="0"/>
</pin_list>
<bind>
<opcode="icmp(45) " fcode="icmp"/>
<opset="icmp_ln768_83/3 "/>
</bind>
</comp>

<comp id="3739" class="1004" name="select_ln777_83_fu_3739">
<pin_list>
<pin id="3740" dir="0" index="0" bw="1" slack="0"/>
<pin id="3741" dir="0" index="1" bw="1" slack="0"/>
<pin id="3742" dir="0" index="2" bw="1" slack="0"/>
<pin id="3743" dir="1" index="3" bw="1" slack="0"/>
</pin_list>
<bind>
<opcode="select(49) " fcode="select"/>
<opset="select_ln777_83/3 "/>
</bind>
</comp>

<comp id="3747" class="1004" name="xor_ln785_21_fu_3747">
<pin_list>
<pin id="3748" dir="0" index="0" bw="1" slack="0"/>
<pin id="3749" dir="0" index="1" bw="1" slack="0"/>
<pin id="3750" dir="1" index="2" bw="1" slack="0"/>
</pin_list>
<bind>
<opcode="xor(25) " fcode="xor"/>
<opset="xor_ln785_21/3 "/>
</bind>
</comp>

<comp id="3753" class="1004" name="or_ln340_21_fu_3753">
<pin_list>
<pin id="3754" dir="0" index="0" bw="1" slack="0"/>
<pin id="3755" dir="0" index="1" bw="1" slack="0"/>
<pin id="3756" dir="1" index="2" bw="1" slack="0"/>
</pin_list>
<bind>
<opcode="or(24) " fcode="or"/>
<opset="or_ln340_21/3 "/>
</bind>
</comp>

<comp id="3759" class="1004" name="select_ln340_21_fu_3759">
<pin_list>
<pin id="3760" dir="0" index="0" bw="1" slack="0"/>
<pin id="3761" dir="0" index="1" bw="7" slack="0"/>
<pin id="3762" dir="0" index="2" bw="7" slack="0"/>
<pin id="3763" dir="1" index="3" bw="7" slack="0"/>
</pin_list>
<bind>
<opcode="select(49) " fcode="select"/>
<opset="select_ln340_21/3 "/>
</bind>
</comp>

<comp id="3767" class="1004" name="tmp_data_21_V_fu_3767">
<pin_list>
<pin id="3768" dir="0" index="0" bw="1" slack="0"/>
<pin id="3769" dir="0" index="1" bw="7" slack="0"/>
<pin id="3770" dir="0" index="2" bw="7" slack="0"/>
<pin id="3771" dir="1" index="3" bw="7" slack="1"/>
</pin_list>
<bind>
<opcode="select(49) " fcode="select"/>
<opset="tmp_data_21_V/3 "/>
</bind>
</comp>

<comp id="3775" class="1004" name="icmp_ln1494_22_fu_3775">
<pin_list>
<pin id="3776" dir="0" index="0" bw="14" slack="0"/>
<pin id="3777" dir="0" index="1" bw="14" slack="0"/>
<pin id="3778" dir="1" index="2" bw="1" slack="0"/>
</pin_list>
<bind>
<opcode="icmp(45) " fcode="icmp"/>
<opset="icmp_ln1494_22/3 "/>
</bind>
</comp>

<comp id="3781" class="1004" name="trunc_ln708_81_fu_3781">
<pin_list>
<pin id="3782" dir="0" index="0" bw="8" slack="0"/>
<pin id="3783" dir="0" index="1" bw="14" slack="0"/>
<pin id="3784" dir="0" index="2" bw="3" slack="0"/>
<pin id="3785" dir="0" index="3" bw="5" slack="0"/>
<pin id="3786" dir="1" index="4" bw="8" slack="0"/>
</pin_list>
<bind>
<opcode="partselect(1002) " fcode="partselect"/>
<opset="trunc_ln708_81/3 "/>
</bind>
</comp>

<comp id="3791" class="1004" name="tmp_345_fu_3791">
<pin_list>
<pin id="3792" dir="0" index="0" bw="1" slack="0"/>
<pin id="3793" dir="0" index="1" bw="14" slack="0"/>
<pin id="3794" dir="0" index="2" bw="5" slack="0"/>
<pin id="3795" dir="1" index="3" bw="1" slack="0"/>
</pin_list>
<bind>
<opcode="bitselect(1000) " fcode="bitselect"/>
<opset="tmp_345/3 "/>
</bind>
</comp>

<comp id="3799" class="1004" name="tmp_346_fu_3799">
<pin_list>
<pin id="3800" dir="0" index="0" bw="1" slack="0"/>
<pin id="3801" dir="0" index="1" bw="14" slack="0"/>
<pin id="3802" dir="0" index="2" bw="1" slack="0"/>
<pin id="3803" dir="1" index="3" bw="1" slack="0"/>
</pin_list>
<bind>
<opcode="bitselect(1000) " fcode="bitselect"/>
<opset="tmp_346/3 "/>
</bind>
</comp>

<comp id="3807" class="1004" name="zext_ln415_84_fu_3807">
<pin_list>
<pin id="3808" dir="0" index="0" bw="1" slack="0"/>
<pin id="3809" dir="1" index="1" bw="8" slack="0"/>
</pin_list>
<bind>
<opcode="zext(34) " fcode="zext"/>
<opset="zext_ln415_84/3 "/>
</bind>
</comp>

<comp id="3811" class="1004" name="trunc_ln415_84_fu_3811">
<pin_list>
<pin id="3812" dir="0" index="0" bw="7" slack="0"/>
<pin id="3813" dir="0" index="1" bw="14" slack="0"/>
<pin id="3814" dir="0" index="2" bw="3" slack="0"/>
<pin id="3815" dir="0" index="3" bw="5" slack="0"/>
<pin id="3816" dir="1" index="4" bw="7" slack="0"/>
</pin_list>
<bind>
<opcode="partselect(1002) " fcode="partselect"/>
<opset="trunc_ln415_84/3 "/>
</bind>
</comp>

<comp id="3821" class="1004" name="zext_ln415_118_fu_3821">
<pin_list>
<pin id="3822" dir="0" index="0" bw="1" slack="0"/>
<pin id="3823" dir="1" index="1" bw="7" slack="0"/>
</pin_list>
<bind>
<opcode="zext(34) " fcode="zext"/>
<opset="zext_ln415_118/3 "/>
</bind>
</comp>

<comp id="3825" class="1004" name="add_ln415_84_fu_3825">
<pin_list>
<pin id="3826" dir="0" index="0" bw="8" slack="0"/>
<pin id="3827" dir="0" index="1" bw="1" slack="0"/>
<pin id="3828" dir="1" index="2" bw="8" slack="0"/>
</pin_list>
<bind>
<opcode="add(8) " fcode="add"/>
<opset="add_ln415_84/3 "/>
</bind>
</comp>

<comp id="3831" class="1004" name="add_ln416_84_fu_3831">
<pin_list>
<pin id="3832" dir="0" index="0" bw="7" slack="0"/>
<pin id="3833" dir="0" index="1" bw="1" slack="0"/>
<pin id="3834" dir="1" index="2" bw="7" slack="0"/>
</pin_list>
<bind>
<opcode="add(8) " fcode="add"/>
<opset="add_ln416_84/3 "/>
</bind>
</comp>

<comp id="3837" class="1004" name="tmp_347_fu_3837">
<pin_list>
<pin id="3838" dir="0" index="0" bw="1" slack="0"/>
<pin id="3839" dir="0" index="1" bw="8" slack="0"/>
<pin id="3840" dir="0" index="2" bw="4" slack="0"/>
<pin id="3841" dir="1" index="3" bw="1" slack="0"/>
</pin_list>
<bind>
<opcode="bitselect(1000) " fcode="bitselect"/>
<opset="tmp_347/3 "/>
</bind>
</comp>

<comp id="3845" class="1004" name="xor_ln416_84_fu_3845">
<pin_list>
<pin id="3846" dir="0" index="0" bw="1" slack="0"/>
<pin id="3847" dir="0" index="1" bw="1" slack="0"/>
<pin id="3848" dir="1" index="2" bw="1" slack="0"/>
</pin_list>
<bind>
<opcode="xor(25) " fcode="xor"/>
<opset="xor_ln416_84/3 "/>
</bind>
</comp>

<comp id="3851" class="1004" name="and_ln416_84_fu_3851">
<pin_list>
<pin id="3852" dir="0" index="0" bw="1" slack="0"/>
<pin id="3853" dir="0" index="1" bw="1" slack="0"/>
<pin id="3854" dir="1" index="2" bw="1" slack="0"/>
</pin_list>
<bind>
<opcode="and(23) " fcode="and"/>
<opset="and_ln416_84/3 "/>
</bind>
</comp>

<comp id="3857" class="1004" name="tmp_348_fu_3857">
<pin_list>
<pin id="3858" dir="0" index="0" bw="1" slack="0"/>
<pin id="3859" dir="0" index="1" bw="8" slack="0"/>
<pin id="3860" dir="0" index="2" bw="4" slack="0"/>
<pin id="3861" dir="1" index="3" bw="1" slack="0"/>
</pin_list>
<bind>
<opcode="bitselect(1000) " fcode="bitselect"/>
<opset="tmp_348/3 "/>
</bind>
</comp>

<comp id="3865" class="1004" name="p_Result_12_21_fu_3865">
<pin_list>
<pin id="3866" dir="0" index="0" bw="4" slack="0"/>
<pin id="3867" dir="0" index="1" bw="14" slack="0"/>
<pin id="3868" dir="0" index="2" bw="5" slack="0"/>
<pin id="3869" dir="0" index="3" bw="5" slack="0"/>
<pin id="3870" dir="1" index="4" bw="4" slack="0"/>
</pin_list>
<bind>
<opcode="partselect(1002) " fcode="partselect"/>
<opset="p_Result_12_21/3 "/>
</bind>
</comp>

<comp id="3875" class="1004" name="icmp_ln879_84_fu_3875">
<pin_list>
<pin id="3876" dir="0" index="0" bw="4" slack="0"/>
<pin id="3877" dir="0" index="1" bw="4" slack="0"/>
<pin id="3878" dir="1" index="2" bw="1" slack="0"/>
</pin_list>
<bind>
<opcode="icmp(45) " fcode="icmp"/>
<opset="icmp_ln879_84/3 "/>
</bind>
</comp>

<comp id="3881" class="1004" name="icmp_ln768_84_fu_3881">
<pin_list>
<pin id="3882" dir="0" index="0" bw="4" slack="0"/>
<pin id="3883" dir="0" index="1" bw="4" slack="0"/>
<pin id="3884" dir="1" index="2" bw="1" slack="0"/>
</pin_list>
<bind>
<opcode="icmp(45) " fcode="icmp"/>
<opset="icmp_ln768_84/3 "/>
</bind>
</comp>

<comp id="3887" class="1004" name="select_ln777_84_fu_3887">
<pin_list>
<pin id="3888" dir="0" index="0" bw="1" slack="0"/>
<pin id="3889" dir="0" index="1" bw="1" slack="0"/>
<pin id="3890" dir="0" index="2" bw="1" slack="0"/>
<pin id="3891" dir="1" index="3" bw="1" slack="0"/>
</pin_list>
<bind>
<opcode="select(49) " fcode="select"/>
<opset="select_ln777_84/3 "/>
</bind>
</comp>

<comp id="3895" class="1004" name="xor_ln785_22_fu_3895">
<pin_list>
<pin id="3896" dir="0" index="0" bw="1" slack="0"/>
<pin id="3897" dir="0" index="1" bw="1" slack="0"/>
<pin id="3898" dir="1" index="2" bw="1" slack="0"/>
</pin_list>
<bind>
<opcode="xor(25) " fcode="xor"/>
<opset="xor_ln785_22/3 "/>
</bind>
</comp>

<comp id="3901" class="1004" name="or_ln340_22_fu_3901">
<pin_list>
<pin id="3902" dir="0" index="0" bw="1" slack="0"/>
<pin id="3903" dir="0" index="1" bw="1" slack="0"/>
<pin id="3904" dir="1" index="2" bw="1" slack="0"/>
</pin_list>
<bind>
<opcode="or(24) " fcode="or"/>
<opset="or_ln340_22/3 "/>
</bind>
</comp>

<comp id="3907" class="1004" name="select_ln340_22_fu_3907">
<pin_list>
<pin id="3908" dir="0" index="0" bw="1" slack="0"/>
<pin id="3909" dir="0" index="1" bw="7" slack="0"/>
<pin id="3910" dir="0" index="2" bw="7" slack="0"/>
<pin id="3911" dir="1" index="3" bw="7" slack="0"/>
</pin_list>
<bind>
<opcode="select(49) " fcode="select"/>
<opset="select_ln340_22/3 "/>
</bind>
</comp>

<comp id="3915" class="1004" name="tmp_data_22_V_fu_3915">
<pin_list>
<pin id="3916" dir="0" index="0" bw="1" slack="0"/>
<pin id="3917" dir="0" index="1" bw="7" slack="0"/>
<pin id="3918" dir="0" index="2" bw="7" slack="0"/>
<pin id="3919" dir="1" index="3" bw="7" slack="1"/>
</pin_list>
<bind>
<opcode="select(49) " fcode="select"/>
<opset="tmp_data_22_V/3 "/>
</bind>
</comp>

<comp id="3923" class="1004" name="icmp_ln1494_23_fu_3923">
<pin_list>
<pin id="3924" dir="0" index="0" bw="14" slack="0"/>
<pin id="3925" dir="0" index="1" bw="14" slack="0"/>
<pin id="3926" dir="1" index="2" bw="1" slack="0"/>
</pin_list>
<bind>
<opcode="icmp(45) " fcode="icmp"/>
<opset="icmp_ln1494_23/3 "/>
</bind>
</comp>

<comp id="3929" class="1004" name="trunc_ln708_82_fu_3929">
<pin_list>
<pin id="3930" dir="0" index="0" bw="8" slack="0"/>
<pin id="3931" dir="0" index="1" bw="14" slack="0"/>
<pin id="3932" dir="0" index="2" bw="3" slack="0"/>
<pin id="3933" dir="0" index="3" bw="5" slack="0"/>
<pin id="3934" dir="1" index="4" bw="8" slack="0"/>
</pin_list>
<bind>
<opcode="partselect(1002) " fcode="partselect"/>
<opset="trunc_ln708_82/3 "/>
</bind>
</comp>

<comp id="3939" class="1004" name="tmp_349_fu_3939">
<pin_list>
<pin id="3940" dir="0" index="0" bw="1" slack="0"/>
<pin id="3941" dir="0" index="1" bw="14" slack="0"/>
<pin id="3942" dir="0" index="2" bw="5" slack="0"/>
<pin id="3943" dir="1" index="3" bw="1" slack="0"/>
</pin_list>
<bind>
<opcode="bitselect(1000) " fcode="bitselect"/>
<opset="tmp_349/3 "/>
</bind>
</comp>

<comp id="3947" class="1004" name="tmp_350_fu_3947">
<pin_list>
<pin id="3948" dir="0" index="0" bw="1" slack="0"/>
<pin id="3949" dir="0" index="1" bw="14" slack="0"/>
<pin id="3950" dir="0" index="2" bw="1" slack="0"/>
<pin id="3951" dir="1" index="3" bw="1" slack="0"/>
</pin_list>
<bind>
<opcode="bitselect(1000) " fcode="bitselect"/>
<opset="tmp_350/3 "/>
</bind>
</comp>

<comp id="3955" class="1004" name="zext_ln415_85_fu_3955">
<pin_list>
<pin id="3956" dir="0" index="0" bw="1" slack="0"/>
<pin id="3957" dir="1" index="1" bw="8" slack="0"/>
</pin_list>
<bind>
<opcode="zext(34) " fcode="zext"/>
<opset="zext_ln415_85/3 "/>
</bind>
</comp>

<comp id="3959" class="1004" name="trunc_ln415_85_fu_3959">
<pin_list>
<pin id="3960" dir="0" index="0" bw="7" slack="0"/>
<pin id="3961" dir="0" index="1" bw="14" slack="0"/>
<pin id="3962" dir="0" index="2" bw="3" slack="0"/>
<pin id="3963" dir="0" index="3" bw="5" slack="0"/>
<pin id="3964" dir="1" index="4" bw="7" slack="0"/>
</pin_list>
<bind>
<opcode="partselect(1002) " fcode="partselect"/>
<opset="trunc_ln415_85/3 "/>
</bind>
</comp>

<comp id="3969" class="1004" name="zext_ln415_119_fu_3969">
<pin_list>
<pin id="3970" dir="0" index="0" bw="1" slack="0"/>
<pin id="3971" dir="1" index="1" bw="7" slack="0"/>
</pin_list>
<bind>
<opcode="zext(34) " fcode="zext"/>
<opset="zext_ln415_119/3 "/>
</bind>
</comp>

<comp id="3973" class="1004" name="add_ln415_85_fu_3973">
<pin_list>
<pin id="3974" dir="0" index="0" bw="8" slack="0"/>
<pin id="3975" dir="0" index="1" bw="1" slack="0"/>
<pin id="3976" dir="1" index="2" bw="8" slack="0"/>
</pin_list>
<bind>
<opcode="add(8) " fcode="add"/>
<opset="add_ln415_85/3 "/>
</bind>
</comp>

<comp id="3979" class="1004" name="add_ln416_85_fu_3979">
<pin_list>
<pin id="3980" dir="0" index="0" bw="7" slack="0"/>
<pin id="3981" dir="0" index="1" bw="1" slack="0"/>
<pin id="3982" dir="1" index="2" bw="7" slack="0"/>
</pin_list>
<bind>
<opcode="add(8) " fcode="add"/>
<opset="add_ln416_85/3 "/>
</bind>
</comp>

<comp id="3985" class="1004" name="tmp_351_fu_3985">
<pin_list>
<pin id="3986" dir="0" index="0" bw="1" slack="0"/>
<pin id="3987" dir="0" index="1" bw="8" slack="0"/>
<pin id="3988" dir="0" index="2" bw="4" slack="0"/>
<pin id="3989" dir="1" index="3" bw="1" slack="0"/>
</pin_list>
<bind>
<opcode="bitselect(1000) " fcode="bitselect"/>
<opset="tmp_351/3 "/>
</bind>
</comp>

<comp id="3993" class="1004" name="xor_ln416_85_fu_3993">
<pin_list>
<pin id="3994" dir="0" index="0" bw="1" slack="0"/>
<pin id="3995" dir="0" index="1" bw="1" slack="0"/>
<pin id="3996" dir="1" index="2" bw="1" slack="0"/>
</pin_list>
<bind>
<opcode="xor(25) " fcode="xor"/>
<opset="xor_ln416_85/3 "/>
</bind>
</comp>

<comp id="3999" class="1004" name="and_ln416_85_fu_3999">
<pin_list>
<pin id="4000" dir="0" index="0" bw="1" slack="0"/>
<pin id="4001" dir="0" index="1" bw="1" slack="0"/>
<pin id="4002" dir="1" index="2" bw="1" slack="0"/>
</pin_list>
<bind>
<opcode="and(23) " fcode="and"/>
<opset="and_ln416_85/3 "/>
</bind>
</comp>

<comp id="4005" class="1004" name="tmp_352_fu_4005">
<pin_list>
<pin id="4006" dir="0" index="0" bw="1" slack="0"/>
<pin id="4007" dir="0" index="1" bw="8" slack="0"/>
<pin id="4008" dir="0" index="2" bw="4" slack="0"/>
<pin id="4009" dir="1" index="3" bw="1" slack="0"/>
</pin_list>
<bind>
<opcode="bitselect(1000) " fcode="bitselect"/>
<opset="tmp_352/3 "/>
</bind>
</comp>

<comp id="4013" class="1004" name="p_Result_12_22_fu_4013">
<pin_list>
<pin id="4014" dir="0" index="0" bw="4" slack="0"/>
<pin id="4015" dir="0" index="1" bw="14" slack="0"/>
<pin id="4016" dir="0" index="2" bw="5" slack="0"/>
<pin id="4017" dir="0" index="3" bw="5" slack="0"/>
<pin id="4018" dir="1" index="4" bw="4" slack="0"/>
</pin_list>
<bind>
<opcode="partselect(1002) " fcode="partselect"/>
<opset="p_Result_12_22/3 "/>
</bind>
</comp>

<comp id="4023" class="1004" name="icmp_ln879_85_fu_4023">
<pin_list>
<pin id="4024" dir="0" index="0" bw="4" slack="0"/>
<pin id="4025" dir="0" index="1" bw="4" slack="0"/>
<pin id="4026" dir="1" index="2" bw="1" slack="0"/>
</pin_list>
<bind>
<opcode="icmp(45) " fcode="icmp"/>
<opset="icmp_ln879_85/3 "/>
</bind>
</comp>

<comp id="4029" class="1004" name="icmp_ln768_85_fu_4029">
<pin_list>
<pin id="4030" dir="0" index="0" bw="4" slack="0"/>
<pin id="4031" dir="0" index="1" bw="4" slack="0"/>
<pin id="4032" dir="1" index="2" bw="1" slack="0"/>
</pin_list>
<bind>
<opcode="icmp(45) " fcode="icmp"/>
<opset="icmp_ln768_85/3 "/>
</bind>
</comp>

<comp id="4035" class="1004" name="select_ln777_85_fu_4035">
<pin_list>
<pin id="4036" dir="0" index="0" bw="1" slack="0"/>
<pin id="4037" dir="0" index="1" bw="1" slack="0"/>
<pin id="4038" dir="0" index="2" bw="1" slack="0"/>
<pin id="4039" dir="1" index="3" bw="1" slack="0"/>
</pin_list>
<bind>
<opcode="select(49) " fcode="select"/>
<opset="select_ln777_85/3 "/>
</bind>
</comp>

<comp id="4043" class="1004" name="xor_ln785_23_fu_4043">
<pin_list>
<pin id="4044" dir="0" index="0" bw="1" slack="0"/>
<pin id="4045" dir="0" index="1" bw="1" slack="0"/>
<pin id="4046" dir="1" index="2" bw="1" slack="0"/>
</pin_list>
<bind>
<opcode="xor(25) " fcode="xor"/>
<opset="xor_ln785_23/3 "/>
</bind>
</comp>

<comp id="4049" class="1004" name="or_ln340_23_fu_4049">
<pin_list>
<pin id="4050" dir="0" index="0" bw="1" slack="0"/>
<pin id="4051" dir="0" index="1" bw="1" slack="0"/>
<pin id="4052" dir="1" index="2" bw="1" slack="0"/>
</pin_list>
<bind>
<opcode="or(24) " fcode="or"/>
<opset="or_ln340_23/3 "/>
</bind>
</comp>

<comp id="4055" class="1004" name="select_ln340_23_fu_4055">
<pin_list>
<pin id="4056" dir="0" index="0" bw="1" slack="0"/>
<pin id="4057" dir="0" index="1" bw="7" slack="0"/>
<pin id="4058" dir="0" index="2" bw="7" slack="0"/>
<pin id="4059" dir="1" index="3" bw="7" slack="0"/>
</pin_list>
<bind>
<opcode="select(49) " fcode="select"/>
<opset="select_ln340_23/3 "/>
</bind>
</comp>

<comp id="4063" class="1004" name="tmp_data_23_V_fu_4063">
<pin_list>
<pin id="4064" dir="0" index="0" bw="1" slack="0"/>
<pin id="4065" dir="0" index="1" bw="7" slack="0"/>
<pin id="4066" dir="0" index="2" bw="7" slack="0"/>
<pin id="4067" dir="1" index="3" bw="7" slack="1"/>
</pin_list>
<bind>
<opcode="select(49) " fcode="select"/>
<opset="tmp_data_23_V/3 "/>
</bind>
</comp>

<comp id="4071" class="1004" name="icmp_ln1494_24_fu_4071">
<pin_list>
<pin id="4072" dir="0" index="0" bw="14" slack="0"/>
<pin id="4073" dir="0" index="1" bw="14" slack="0"/>
<pin id="4074" dir="1" index="2" bw="1" slack="0"/>
</pin_list>
<bind>
<opcode="icmp(45) " fcode="icmp"/>
<opset="icmp_ln1494_24/3 "/>
</bind>
</comp>

<comp id="4077" class="1004" name="trunc_ln708_83_fu_4077">
<pin_list>
<pin id="4078" dir="0" index="0" bw="8" slack="0"/>
<pin id="4079" dir="0" index="1" bw="14" slack="0"/>
<pin id="4080" dir="0" index="2" bw="3" slack="0"/>
<pin id="4081" dir="0" index="3" bw="5" slack="0"/>
<pin id="4082" dir="1" index="4" bw="8" slack="0"/>
</pin_list>
<bind>
<opcode="partselect(1002) " fcode="partselect"/>
<opset="trunc_ln708_83/3 "/>
</bind>
</comp>

<comp id="4087" class="1004" name="tmp_353_fu_4087">
<pin_list>
<pin id="4088" dir="0" index="0" bw="1" slack="0"/>
<pin id="4089" dir="0" index="1" bw="14" slack="0"/>
<pin id="4090" dir="0" index="2" bw="5" slack="0"/>
<pin id="4091" dir="1" index="3" bw="1" slack="0"/>
</pin_list>
<bind>
<opcode="bitselect(1000) " fcode="bitselect"/>
<opset="tmp_353/3 "/>
</bind>
</comp>

<comp id="4095" class="1004" name="tmp_354_fu_4095">
<pin_list>
<pin id="4096" dir="0" index="0" bw="1" slack="0"/>
<pin id="4097" dir="0" index="1" bw="14" slack="0"/>
<pin id="4098" dir="0" index="2" bw="1" slack="0"/>
<pin id="4099" dir="1" index="3" bw="1" slack="0"/>
</pin_list>
<bind>
<opcode="bitselect(1000) " fcode="bitselect"/>
<opset="tmp_354/3 "/>
</bind>
</comp>

<comp id="4103" class="1004" name="zext_ln415_86_fu_4103">
<pin_list>
<pin id="4104" dir="0" index="0" bw="1" slack="0"/>
<pin id="4105" dir="1" index="1" bw="8" slack="0"/>
</pin_list>
<bind>
<opcode="zext(34) " fcode="zext"/>
<opset="zext_ln415_86/3 "/>
</bind>
</comp>

<comp id="4107" class="1004" name="trunc_ln415_86_fu_4107">
<pin_list>
<pin id="4108" dir="0" index="0" bw="7" slack="0"/>
<pin id="4109" dir="0" index="1" bw="14" slack="0"/>
<pin id="4110" dir="0" index="2" bw="3" slack="0"/>
<pin id="4111" dir="0" index="3" bw="5" slack="0"/>
<pin id="4112" dir="1" index="4" bw="7" slack="0"/>
</pin_list>
<bind>
<opcode="partselect(1002) " fcode="partselect"/>
<opset="trunc_ln415_86/3 "/>
</bind>
</comp>

<comp id="4117" class="1004" name="zext_ln415_120_fu_4117">
<pin_list>
<pin id="4118" dir="0" index="0" bw="1" slack="0"/>
<pin id="4119" dir="1" index="1" bw="7" slack="0"/>
</pin_list>
<bind>
<opcode="zext(34) " fcode="zext"/>
<opset="zext_ln415_120/3 "/>
</bind>
</comp>

<comp id="4121" class="1004" name="add_ln415_86_fu_4121">
<pin_list>
<pin id="4122" dir="0" index="0" bw="8" slack="0"/>
<pin id="4123" dir="0" index="1" bw="1" slack="0"/>
<pin id="4124" dir="1" index="2" bw="8" slack="0"/>
</pin_list>
<bind>
<opcode="add(8) " fcode="add"/>
<opset="add_ln415_86/3 "/>
</bind>
</comp>

<comp id="4127" class="1004" name="add_ln416_86_fu_4127">
<pin_list>
<pin id="4128" dir="0" index="0" bw="7" slack="0"/>
<pin id="4129" dir="0" index="1" bw="1" slack="0"/>
<pin id="4130" dir="1" index="2" bw="7" slack="0"/>
</pin_list>
<bind>
<opcode="add(8) " fcode="add"/>
<opset="add_ln416_86/3 "/>
</bind>
</comp>

<comp id="4133" class="1004" name="tmp_355_fu_4133">
<pin_list>
<pin id="4134" dir="0" index="0" bw="1" slack="0"/>
<pin id="4135" dir="0" index="1" bw="8" slack="0"/>
<pin id="4136" dir="0" index="2" bw="4" slack="0"/>
<pin id="4137" dir="1" index="3" bw="1" slack="0"/>
</pin_list>
<bind>
<opcode="bitselect(1000) " fcode="bitselect"/>
<opset="tmp_355/3 "/>
</bind>
</comp>

<comp id="4141" class="1004" name="xor_ln416_86_fu_4141">
<pin_list>
<pin id="4142" dir="0" index="0" bw="1" slack="0"/>
<pin id="4143" dir="0" index="1" bw="1" slack="0"/>
<pin id="4144" dir="1" index="2" bw="1" slack="0"/>
</pin_list>
<bind>
<opcode="xor(25) " fcode="xor"/>
<opset="xor_ln416_86/3 "/>
</bind>
</comp>

<comp id="4147" class="1004" name="and_ln416_86_fu_4147">
<pin_list>
<pin id="4148" dir="0" index="0" bw="1" slack="0"/>
<pin id="4149" dir="0" index="1" bw="1" slack="0"/>
<pin id="4150" dir="1" index="2" bw="1" slack="0"/>
</pin_list>
<bind>
<opcode="and(23) " fcode="and"/>
<opset="and_ln416_86/3 "/>
</bind>
</comp>

<comp id="4153" class="1004" name="tmp_356_fu_4153">
<pin_list>
<pin id="4154" dir="0" index="0" bw="1" slack="0"/>
<pin id="4155" dir="0" index="1" bw="8" slack="0"/>
<pin id="4156" dir="0" index="2" bw="4" slack="0"/>
<pin id="4157" dir="1" index="3" bw="1" slack="0"/>
</pin_list>
<bind>
<opcode="bitselect(1000) " fcode="bitselect"/>
<opset="tmp_356/3 "/>
</bind>
</comp>

<comp id="4161" class="1004" name="p_Result_12_23_fu_4161">
<pin_list>
<pin id="4162" dir="0" index="0" bw="4" slack="0"/>
<pin id="4163" dir="0" index="1" bw="14" slack="0"/>
<pin id="4164" dir="0" index="2" bw="5" slack="0"/>
<pin id="4165" dir="0" index="3" bw="5" slack="0"/>
<pin id="4166" dir="1" index="4" bw="4" slack="0"/>
</pin_list>
<bind>
<opcode="partselect(1002) " fcode="partselect"/>
<opset="p_Result_12_23/3 "/>
</bind>
</comp>

<comp id="4171" class="1004" name="icmp_ln879_86_fu_4171">
<pin_list>
<pin id="4172" dir="0" index="0" bw="4" slack="0"/>
<pin id="4173" dir="0" index="1" bw="4" slack="0"/>
<pin id="4174" dir="1" index="2" bw="1" slack="0"/>
</pin_list>
<bind>
<opcode="icmp(45) " fcode="icmp"/>
<opset="icmp_ln879_86/3 "/>
</bind>
</comp>

<comp id="4177" class="1004" name="icmp_ln768_86_fu_4177">
<pin_list>
<pin id="4178" dir="0" index="0" bw="4" slack="0"/>
<pin id="4179" dir="0" index="1" bw="4" slack="0"/>
<pin id="4180" dir="1" index="2" bw="1" slack="0"/>
</pin_list>
<bind>
<opcode="icmp(45) " fcode="icmp"/>
<opset="icmp_ln768_86/3 "/>
</bind>
</comp>

<comp id="4183" class="1004" name="select_ln777_86_fu_4183">
<pin_list>
<pin id="4184" dir="0" index="0" bw="1" slack="0"/>
<pin id="4185" dir="0" index="1" bw="1" slack="0"/>
<pin id="4186" dir="0" index="2" bw="1" slack="0"/>
<pin id="4187" dir="1" index="3" bw="1" slack="0"/>
</pin_list>
<bind>
<opcode="select(49) " fcode="select"/>
<opset="select_ln777_86/3 "/>
</bind>
</comp>

<comp id="4191" class="1004" name="xor_ln785_24_fu_4191">
<pin_list>
<pin id="4192" dir="0" index="0" bw="1" slack="0"/>
<pin id="4193" dir="0" index="1" bw="1" slack="0"/>
<pin id="4194" dir="1" index="2" bw="1" slack="0"/>
</pin_list>
<bind>
<opcode="xor(25) " fcode="xor"/>
<opset="xor_ln785_24/3 "/>
</bind>
</comp>

<comp id="4197" class="1004" name="or_ln340_24_fu_4197">
<pin_list>
<pin id="4198" dir="0" index="0" bw="1" slack="0"/>
<pin id="4199" dir="0" index="1" bw="1" slack="0"/>
<pin id="4200" dir="1" index="2" bw="1" slack="0"/>
</pin_list>
<bind>
<opcode="or(24) " fcode="or"/>
<opset="or_ln340_24/3 "/>
</bind>
</comp>

<comp id="4203" class="1004" name="select_ln340_24_fu_4203">
<pin_list>
<pin id="4204" dir="0" index="0" bw="1" slack="0"/>
<pin id="4205" dir="0" index="1" bw="7" slack="0"/>
<pin id="4206" dir="0" index="2" bw="7" slack="0"/>
<pin id="4207" dir="1" index="3" bw="7" slack="0"/>
</pin_list>
<bind>
<opcode="select(49) " fcode="select"/>
<opset="select_ln340_24/3 "/>
</bind>
</comp>

<comp id="4211" class="1004" name="tmp_data_24_V_fu_4211">
<pin_list>
<pin id="4212" dir="0" index="0" bw="1" slack="0"/>
<pin id="4213" dir="0" index="1" bw="7" slack="0"/>
<pin id="4214" dir="0" index="2" bw="7" slack="0"/>
<pin id="4215" dir="1" index="3" bw="7" slack="1"/>
</pin_list>
<bind>
<opcode="select(49) " fcode="select"/>
<opset="tmp_data_24_V/3 "/>
</bind>
</comp>

<comp id="4219" class="1004" name="icmp_ln1494_25_fu_4219">
<pin_list>
<pin id="4220" dir="0" index="0" bw="14" slack="0"/>
<pin id="4221" dir="0" index="1" bw="14" slack="0"/>
<pin id="4222" dir="1" index="2" bw="1" slack="0"/>
</pin_list>
<bind>
<opcode="icmp(45) " fcode="icmp"/>
<opset="icmp_ln1494_25/3 "/>
</bind>
</comp>

<comp id="4225" class="1004" name="trunc_ln708_84_fu_4225">
<pin_list>
<pin id="4226" dir="0" index="0" bw="8" slack="0"/>
<pin id="4227" dir="0" index="1" bw="14" slack="0"/>
<pin id="4228" dir="0" index="2" bw="3" slack="0"/>
<pin id="4229" dir="0" index="3" bw="5" slack="0"/>
<pin id="4230" dir="1" index="4" bw="8" slack="0"/>
</pin_list>
<bind>
<opcode="partselect(1002) " fcode="partselect"/>
<opset="trunc_ln708_84/3 "/>
</bind>
</comp>

<comp id="4235" class="1004" name="tmp_357_fu_4235">
<pin_list>
<pin id="4236" dir="0" index="0" bw="1" slack="0"/>
<pin id="4237" dir="0" index="1" bw="14" slack="0"/>
<pin id="4238" dir="0" index="2" bw="5" slack="0"/>
<pin id="4239" dir="1" index="3" bw="1" slack="0"/>
</pin_list>
<bind>
<opcode="bitselect(1000) " fcode="bitselect"/>
<opset="tmp_357/3 "/>
</bind>
</comp>

<comp id="4243" class="1004" name="tmp_358_fu_4243">
<pin_list>
<pin id="4244" dir="0" index="0" bw="1" slack="0"/>
<pin id="4245" dir="0" index="1" bw="14" slack="0"/>
<pin id="4246" dir="0" index="2" bw="1" slack="0"/>
<pin id="4247" dir="1" index="3" bw="1" slack="0"/>
</pin_list>
<bind>
<opcode="bitselect(1000) " fcode="bitselect"/>
<opset="tmp_358/3 "/>
</bind>
</comp>

<comp id="4251" class="1004" name="zext_ln415_87_fu_4251">
<pin_list>
<pin id="4252" dir="0" index="0" bw="1" slack="0"/>
<pin id="4253" dir="1" index="1" bw="8" slack="0"/>
</pin_list>
<bind>
<opcode="zext(34) " fcode="zext"/>
<opset="zext_ln415_87/3 "/>
</bind>
</comp>

<comp id="4255" class="1004" name="trunc_ln415_87_fu_4255">
<pin_list>
<pin id="4256" dir="0" index="0" bw="7" slack="0"/>
<pin id="4257" dir="0" index="1" bw="14" slack="0"/>
<pin id="4258" dir="0" index="2" bw="3" slack="0"/>
<pin id="4259" dir="0" index="3" bw="5" slack="0"/>
<pin id="4260" dir="1" index="4" bw="7" slack="0"/>
</pin_list>
<bind>
<opcode="partselect(1002) " fcode="partselect"/>
<opset="trunc_ln415_87/3 "/>
</bind>
</comp>

<comp id="4265" class="1004" name="zext_ln415_121_fu_4265">
<pin_list>
<pin id="4266" dir="0" index="0" bw="1" slack="0"/>
<pin id="4267" dir="1" index="1" bw="7" slack="0"/>
</pin_list>
<bind>
<opcode="zext(34) " fcode="zext"/>
<opset="zext_ln415_121/3 "/>
</bind>
</comp>

<comp id="4269" class="1004" name="add_ln415_87_fu_4269">
<pin_list>
<pin id="4270" dir="0" index="0" bw="8" slack="0"/>
<pin id="4271" dir="0" index="1" bw="1" slack="0"/>
<pin id="4272" dir="1" index="2" bw="8" slack="0"/>
</pin_list>
<bind>
<opcode="add(8) " fcode="add"/>
<opset="add_ln415_87/3 "/>
</bind>
</comp>

<comp id="4275" class="1004" name="add_ln416_87_fu_4275">
<pin_list>
<pin id="4276" dir="0" index="0" bw="7" slack="0"/>
<pin id="4277" dir="0" index="1" bw="1" slack="0"/>
<pin id="4278" dir="1" index="2" bw="7" slack="0"/>
</pin_list>
<bind>
<opcode="add(8) " fcode="add"/>
<opset="add_ln416_87/3 "/>
</bind>
</comp>

<comp id="4281" class="1004" name="tmp_359_fu_4281">
<pin_list>
<pin id="4282" dir="0" index="0" bw="1" slack="0"/>
<pin id="4283" dir="0" index="1" bw="8" slack="0"/>
<pin id="4284" dir="0" index="2" bw="4" slack="0"/>
<pin id="4285" dir="1" index="3" bw="1" slack="0"/>
</pin_list>
<bind>
<opcode="bitselect(1000) " fcode="bitselect"/>
<opset="tmp_359/3 "/>
</bind>
</comp>

<comp id="4289" class="1004" name="xor_ln416_87_fu_4289">
<pin_list>
<pin id="4290" dir="0" index="0" bw="1" slack="0"/>
<pin id="4291" dir="0" index="1" bw="1" slack="0"/>
<pin id="4292" dir="1" index="2" bw="1" slack="0"/>
</pin_list>
<bind>
<opcode="xor(25) " fcode="xor"/>
<opset="xor_ln416_87/3 "/>
</bind>
</comp>

<comp id="4295" class="1004" name="and_ln416_87_fu_4295">
<pin_list>
<pin id="4296" dir="0" index="0" bw="1" slack="0"/>
<pin id="4297" dir="0" index="1" bw="1" slack="0"/>
<pin id="4298" dir="1" index="2" bw="1" slack="0"/>
</pin_list>
<bind>
<opcode="and(23) " fcode="and"/>
<opset="and_ln416_87/3 "/>
</bind>
</comp>

<comp id="4301" class="1004" name="tmp_360_fu_4301">
<pin_list>
<pin id="4302" dir="0" index="0" bw="1" slack="0"/>
<pin id="4303" dir="0" index="1" bw="8" slack="0"/>
<pin id="4304" dir="0" index="2" bw="4" slack="0"/>
<pin id="4305" dir="1" index="3" bw="1" slack="0"/>
</pin_list>
<bind>
<opcode="bitselect(1000) " fcode="bitselect"/>
<opset="tmp_360/3 "/>
</bind>
</comp>

<comp id="4309" class="1004" name="p_Result_12_24_fu_4309">
<pin_list>
<pin id="4310" dir="0" index="0" bw="4" slack="0"/>
<pin id="4311" dir="0" index="1" bw="14" slack="0"/>
<pin id="4312" dir="0" index="2" bw="5" slack="0"/>
<pin id="4313" dir="0" index="3" bw="5" slack="0"/>
<pin id="4314" dir="1" index="4" bw="4" slack="0"/>
</pin_list>
<bind>
<opcode="partselect(1002) " fcode="partselect"/>
<opset="p_Result_12_24/3 "/>
</bind>
</comp>

<comp id="4319" class="1004" name="icmp_ln879_87_fu_4319">
<pin_list>
<pin id="4320" dir="0" index="0" bw="4" slack="0"/>
<pin id="4321" dir="0" index="1" bw="4" slack="0"/>
<pin id="4322" dir="1" index="2" bw="1" slack="0"/>
</pin_list>
<bind>
<opcode="icmp(45) " fcode="icmp"/>
<opset="icmp_ln879_87/3 "/>
</bind>
</comp>

<comp id="4325" class="1004" name="icmp_ln768_87_fu_4325">
<pin_list>
<pin id="4326" dir="0" index="0" bw="4" slack="0"/>
<pin id="4327" dir="0" index="1" bw="4" slack="0"/>
<pin id="4328" dir="1" index="2" bw="1" slack="0"/>
</pin_list>
<bind>
<opcode="icmp(45) " fcode="icmp"/>
<opset="icmp_ln768_87/3 "/>
</bind>
</comp>

<comp id="4331" class="1004" name="select_ln777_87_fu_4331">
<pin_list>
<pin id="4332" dir="0" index="0" bw="1" slack="0"/>
<pin id="4333" dir="0" index="1" bw="1" slack="0"/>
<pin id="4334" dir="0" index="2" bw="1" slack="0"/>
<pin id="4335" dir="1" index="3" bw="1" slack="0"/>
</pin_list>
<bind>
<opcode="select(49) " fcode="select"/>
<opset="select_ln777_87/3 "/>
</bind>
</comp>

<comp id="4339" class="1004" name="xor_ln785_25_fu_4339">
<pin_list>
<pin id="4340" dir="0" index="0" bw="1" slack="0"/>
<pin id="4341" dir="0" index="1" bw="1" slack="0"/>
<pin id="4342" dir="1" index="2" bw="1" slack="0"/>
</pin_list>
<bind>
<opcode="xor(25) " fcode="xor"/>
<opset="xor_ln785_25/3 "/>
</bind>
</comp>

<comp id="4345" class="1004" name="or_ln340_25_fu_4345">
<pin_list>
<pin id="4346" dir="0" index="0" bw="1" slack="0"/>
<pin id="4347" dir="0" index="1" bw="1" slack="0"/>
<pin id="4348" dir="1" index="2" bw="1" slack="0"/>
</pin_list>
<bind>
<opcode="or(24) " fcode="or"/>
<opset="or_ln340_25/3 "/>
</bind>
</comp>

<comp id="4351" class="1004" name="select_ln340_25_fu_4351">
<pin_list>
<pin id="4352" dir="0" index="0" bw="1" slack="0"/>
<pin id="4353" dir="0" index="1" bw="7" slack="0"/>
<pin id="4354" dir="0" index="2" bw="7" slack="0"/>
<pin id="4355" dir="1" index="3" bw="7" slack="0"/>
</pin_list>
<bind>
<opcode="select(49) " fcode="select"/>
<opset="select_ln340_25/3 "/>
</bind>
</comp>

<comp id="4359" class="1004" name="tmp_data_25_V_fu_4359">
<pin_list>
<pin id="4360" dir="0" index="0" bw="1" slack="0"/>
<pin id="4361" dir="0" index="1" bw="7" slack="0"/>
<pin id="4362" dir="0" index="2" bw="7" slack="0"/>
<pin id="4363" dir="1" index="3" bw="7" slack="1"/>
</pin_list>
<bind>
<opcode="select(49) " fcode="select"/>
<opset="tmp_data_25_V/3 "/>
</bind>
</comp>

<comp id="4367" class="1004" name="icmp_ln1494_26_fu_4367">
<pin_list>
<pin id="4368" dir="0" index="0" bw="14" slack="0"/>
<pin id="4369" dir="0" index="1" bw="14" slack="0"/>
<pin id="4370" dir="1" index="2" bw="1" slack="0"/>
</pin_list>
<bind>
<opcode="icmp(45) " fcode="icmp"/>
<opset="icmp_ln1494_26/3 "/>
</bind>
</comp>

<comp id="4373" class="1004" name="trunc_ln708_85_fu_4373">
<pin_list>
<pin id="4374" dir="0" index="0" bw="8" slack="0"/>
<pin id="4375" dir="0" index="1" bw="14" slack="0"/>
<pin id="4376" dir="0" index="2" bw="3" slack="0"/>
<pin id="4377" dir="0" index="3" bw="5" slack="0"/>
<pin id="4378" dir="1" index="4" bw="8" slack="0"/>
</pin_list>
<bind>
<opcode="partselect(1002) " fcode="partselect"/>
<opset="trunc_ln708_85/3 "/>
</bind>
</comp>

<comp id="4383" class="1004" name="tmp_361_fu_4383">
<pin_list>
<pin id="4384" dir="0" index="0" bw="1" slack="0"/>
<pin id="4385" dir="0" index="1" bw="14" slack="0"/>
<pin id="4386" dir="0" index="2" bw="5" slack="0"/>
<pin id="4387" dir="1" index="3" bw="1" slack="0"/>
</pin_list>
<bind>
<opcode="bitselect(1000) " fcode="bitselect"/>
<opset="tmp_361/3 "/>
</bind>
</comp>

<comp id="4391" class="1004" name="tmp_362_fu_4391">
<pin_list>
<pin id="4392" dir="0" index="0" bw="1" slack="0"/>
<pin id="4393" dir="0" index="1" bw="14" slack="0"/>
<pin id="4394" dir="0" index="2" bw="1" slack="0"/>
<pin id="4395" dir="1" index="3" bw="1" slack="0"/>
</pin_list>
<bind>
<opcode="bitselect(1000) " fcode="bitselect"/>
<opset="tmp_362/3 "/>
</bind>
</comp>

<comp id="4399" class="1004" name="zext_ln415_88_fu_4399">
<pin_list>
<pin id="4400" dir="0" index="0" bw="1" slack="0"/>
<pin id="4401" dir="1" index="1" bw="8" slack="0"/>
</pin_list>
<bind>
<opcode="zext(34) " fcode="zext"/>
<opset="zext_ln415_88/3 "/>
</bind>
</comp>

<comp id="4403" class="1004" name="trunc_ln415_88_fu_4403">
<pin_list>
<pin id="4404" dir="0" index="0" bw="7" slack="0"/>
<pin id="4405" dir="0" index="1" bw="14" slack="0"/>
<pin id="4406" dir="0" index="2" bw="3" slack="0"/>
<pin id="4407" dir="0" index="3" bw="5" slack="0"/>
<pin id="4408" dir="1" index="4" bw="7" slack="0"/>
</pin_list>
<bind>
<opcode="partselect(1002) " fcode="partselect"/>
<opset="trunc_ln415_88/3 "/>
</bind>
</comp>

<comp id="4413" class="1004" name="zext_ln415_122_fu_4413">
<pin_list>
<pin id="4414" dir="0" index="0" bw="1" slack="0"/>
<pin id="4415" dir="1" index="1" bw="7" slack="0"/>
</pin_list>
<bind>
<opcode="zext(34) " fcode="zext"/>
<opset="zext_ln415_122/3 "/>
</bind>
</comp>

<comp id="4417" class="1004" name="add_ln415_88_fu_4417">
<pin_list>
<pin id="4418" dir="0" index="0" bw="8" slack="0"/>
<pin id="4419" dir="0" index="1" bw="1" slack="0"/>
<pin id="4420" dir="1" index="2" bw="8" slack="0"/>
</pin_list>
<bind>
<opcode="add(8) " fcode="add"/>
<opset="add_ln415_88/3 "/>
</bind>
</comp>

<comp id="4423" class="1004" name="add_ln416_88_fu_4423">
<pin_list>
<pin id="4424" dir="0" index="0" bw="7" slack="0"/>
<pin id="4425" dir="0" index="1" bw="1" slack="0"/>
<pin id="4426" dir="1" index="2" bw="7" slack="0"/>
</pin_list>
<bind>
<opcode="add(8) " fcode="add"/>
<opset="add_ln416_88/3 "/>
</bind>
</comp>

<comp id="4429" class="1004" name="tmp_363_fu_4429">
<pin_list>
<pin id="4430" dir="0" index="0" bw="1" slack="0"/>
<pin id="4431" dir="0" index="1" bw="8" slack="0"/>
<pin id="4432" dir="0" index="2" bw="4" slack="0"/>
<pin id="4433" dir="1" index="3" bw="1" slack="0"/>
</pin_list>
<bind>
<opcode="bitselect(1000) " fcode="bitselect"/>
<opset="tmp_363/3 "/>
</bind>
</comp>

<comp id="4437" class="1004" name="xor_ln416_88_fu_4437">
<pin_list>
<pin id="4438" dir="0" index="0" bw="1" slack="0"/>
<pin id="4439" dir="0" index="1" bw="1" slack="0"/>
<pin id="4440" dir="1" index="2" bw="1" slack="0"/>
</pin_list>
<bind>
<opcode="xor(25) " fcode="xor"/>
<opset="xor_ln416_88/3 "/>
</bind>
</comp>

<comp id="4443" class="1004" name="and_ln416_88_fu_4443">
<pin_list>
<pin id="4444" dir="0" index="0" bw="1" slack="0"/>
<pin id="4445" dir="0" index="1" bw="1" slack="0"/>
<pin id="4446" dir="1" index="2" bw="1" slack="0"/>
</pin_list>
<bind>
<opcode="and(23) " fcode="and"/>
<opset="and_ln416_88/3 "/>
</bind>
</comp>

<comp id="4449" class="1004" name="tmp_364_fu_4449">
<pin_list>
<pin id="4450" dir="0" index="0" bw="1" slack="0"/>
<pin id="4451" dir="0" index="1" bw="8" slack="0"/>
<pin id="4452" dir="0" index="2" bw="4" slack="0"/>
<pin id="4453" dir="1" index="3" bw="1" slack="0"/>
</pin_list>
<bind>
<opcode="bitselect(1000) " fcode="bitselect"/>
<opset="tmp_364/3 "/>
</bind>
</comp>

<comp id="4457" class="1004" name="p_Result_12_25_fu_4457">
<pin_list>
<pin id="4458" dir="0" index="0" bw="4" slack="0"/>
<pin id="4459" dir="0" index="1" bw="14" slack="0"/>
<pin id="4460" dir="0" index="2" bw="5" slack="0"/>
<pin id="4461" dir="0" index="3" bw="5" slack="0"/>
<pin id="4462" dir="1" index="4" bw="4" slack="0"/>
</pin_list>
<bind>
<opcode="partselect(1002) " fcode="partselect"/>
<opset="p_Result_12_25/3 "/>
</bind>
</comp>

<comp id="4467" class="1004" name="icmp_ln879_88_fu_4467">
<pin_list>
<pin id="4468" dir="0" index="0" bw="4" slack="0"/>
<pin id="4469" dir="0" index="1" bw="4" slack="0"/>
<pin id="4470" dir="1" index="2" bw="1" slack="0"/>
</pin_list>
<bind>
<opcode="icmp(45) " fcode="icmp"/>
<opset="icmp_ln879_88/3 "/>
</bind>
</comp>

<comp id="4473" class="1004" name="icmp_ln768_88_fu_4473">
<pin_list>
<pin id="4474" dir="0" index="0" bw="4" slack="0"/>
<pin id="4475" dir="0" index="1" bw="4" slack="0"/>
<pin id="4476" dir="1" index="2" bw="1" slack="0"/>
</pin_list>
<bind>
<opcode="icmp(45) " fcode="icmp"/>
<opset="icmp_ln768_88/3 "/>
</bind>
</comp>

<comp id="4479" class="1004" name="select_ln777_88_fu_4479">
<pin_list>
<pin id="4480" dir="0" index="0" bw="1" slack="0"/>
<pin id="4481" dir="0" index="1" bw="1" slack="0"/>
<pin id="4482" dir="0" index="2" bw="1" slack="0"/>
<pin id="4483" dir="1" index="3" bw="1" slack="0"/>
</pin_list>
<bind>
<opcode="select(49) " fcode="select"/>
<opset="select_ln777_88/3 "/>
</bind>
</comp>

<comp id="4487" class="1004" name="xor_ln785_26_fu_4487">
<pin_list>
<pin id="4488" dir="0" index="0" bw="1" slack="0"/>
<pin id="4489" dir="0" index="1" bw="1" slack="0"/>
<pin id="4490" dir="1" index="2" bw="1" slack="0"/>
</pin_list>
<bind>
<opcode="xor(25) " fcode="xor"/>
<opset="xor_ln785_26/3 "/>
</bind>
</comp>

<comp id="4493" class="1004" name="or_ln340_26_fu_4493">
<pin_list>
<pin id="4494" dir="0" index="0" bw="1" slack="0"/>
<pin id="4495" dir="0" index="1" bw="1" slack="0"/>
<pin id="4496" dir="1" index="2" bw="1" slack="0"/>
</pin_list>
<bind>
<opcode="or(24) " fcode="or"/>
<opset="or_ln340_26/3 "/>
</bind>
</comp>

<comp id="4499" class="1004" name="select_ln340_26_fu_4499">
<pin_list>
<pin id="4500" dir="0" index="0" bw="1" slack="0"/>
<pin id="4501" dir="0" index="1" bw="7" slack="0"/>
<pin id="4502" dir="0" index="2" bw="7" slack="0"/>
<pin id="4503" dir="1" index="3" bw="7" slack="0"/>
</pin_list>
<bind>
<opcode="select(49) " fcode="select"/>
<opset="select_ln340_26/3 "/>
</bind>
</comp>

<comp id="4507" class="1004" name="tmp_data_26_V_fu_4507">
<pin_list>
<pin id="4508" dir="0" index="0" bw="1" slack="0"/>
<pin id="4509" dir="0" index="1" bw="7" slack="0"/>
<pin id="4510" dir="0" index="2" bw="7" slack="0"/>
<pin id="4511" dir="1" index="3" bw="7" slack="1"/>
</pin_list>
<bind>
<opcode="select(49) " fcode="select"/>
<opset="tmp_data_26_V/3 "/>
</bind>
</comp>

<comp id="4515" class="1004" name="icmp_ln1494_27_fu_4515">
<pin_list>
<pin id="4516" dir="0" index="0" bw="14" slack="0"/>
<pin id="4517" dir="0" index="1" bw="14" slack="0"/>
<pin id="4518" dir="1" index="2" bw="1" slack="0"/>
</pin_list>
<bind>
<opcode="icmp(45) " fcode="icmp"/>
<opset="icmp_ln1494_27/3 "/>
</bind>
</comp>

<comp id="4521" class="1004" name="trunc_ln708_86_fu_4521">
<pin_list>
<pin id="4522" dir="0" index="0" bw="8" slack="0"/>
<pin id="4523" dir="0" index="1" bw="14" slack="0"/>
<pin id="4524" dir="0" index="2" bw="3" slack="0"/>
<pin id="4525" dir="0" index="3" bw="5" slack="0"/>
<pin id="4526" dir="1" index="4" bw="8" slack="0"/>
</pin_list>
<bind>
<opcode="partselect(1002) " fcode="partselect"/>
<opset="trunc_ln708_86/3 "/>
</bind>
</comp>

<comp id="4531" class="1004" name="tmp_365_fu_4531">
<pin_list>
<pin id="4532" dir="0" index="0" bw="1" slack="0"/>
<pin id="4533" dir="0" index="1" bw="14" slack="0"/>
<pin id="4534" dir="0" index="2" bw="5" slack="0"/>
<pin id="4535" dir="1" index="3" bw="1" slack="0"/>
</pin_list>
<bind>
<opcode="bitselect(1000) " fcode="bitselect"/>
<opset="tmp_365/3 "/>
</bind>
</comp>

<comp id="4539" class="1004" name="tmp_366_fu_4539">
<pin_list>
<pin id="4540" dir="0" index="0" bw="1" slack="0"/>
<pin id="4541" dir="0" index="1" bw="14" slack="0"/>
<pin id="4542" dir="0" index="2" bw="1" slack="0"/>
<pin id="4543" dir="1" index="3" bw="1" slack="0"/>
</pin_list>
<bind>
<opcode="bitselect(1000) " fcode="bitselect"/>
<opset="tmp_366/3 "/>
</bind>
</comp>

<comp id="4547" class="1004" name="zext_ln415_89_fu_4547">
<pin_list>
<pin id="4548" dir="0" index="0" bw="1" slack="0"/>
<pin id="4549" dir="1" index="1" bw="8" slack="0"/>
</pin_list>
<bind>
<opcode="zext(34) " fcode="zext"/>
<opset="zext_ln415_89/3 "/>
</bind>
</comp>

<comp id="4551" class="1004" name="trunc_ln415_89_fu_4551">
<pin_list>
<pin id="4552" dir="0" index="0" bw="7" slack="0"/>
<pin id="4553" dir="0" index="1" bw="14" slack="0"/>
<pin id="4554" dir="0" index="2" bw="3" slack="0"/>
<pin id="4555" dir="0" index="3" bw="5" slack="0"/>
<pin id="4556" dir="1" index="4" bw="7" slack="0"/>
</pin_list>
<bind>
<opcode="partselect(1002) " fcode="partselect"/>
<opset="trunc_ln415_89/3 "/>
</bind>
</comp>

<comp id="4561" class="1004" name="zext_ln415_123_fu_4561">
<pin_list>
<pin id="4562" dir="0" index="0" bw="1" slack="0"/>
<pin id="4563" dir="1" index="1" bw="7" slack="0"/>
</pin_list>
<bind>
<opcode="zext(34) " fcode="zext"/>
<opset="zext_ln415_123/3 "/>
</bind>
</comp>

<comp id="4565" class="1004" name="add_ln415_89_fu_4565">
<pin_list>
<pin id="4566" dir="0" index="0" bw="8" slack="0"/>
<pin id="4567" dir="0" index="1" bw="1" slack="0"/>
<pin id="4568" dir="1" index="2" bw="8" slack="0"/>
</pin_list>
<bind>
<opcode="add(8) " fcode="add"/>
<opset="add_ln415_89/3 "/>
</bind>
</comp>

<comp id="4571" class="1004" name="add_ln416_89_fu_4571">
<pin_list>
<pin id="4572" dir="0" index="0" bw="7" slack="0"/>
<pin id="4573" dir="0" index="1" bw="1" slack="0"/>
<pin id="4574" dir="1" index="2" bw="7" slack="0"/>
</pin_list>
<bind>
<opcode="add(8) " fcode="add"/>
<opset="add_ln416_89/3 "/>
</bind>
</comp>

<comp id="4577" class="1004" name="tmp_367_fu_4577">
<pin_list>
<pin id="4578" dir="0" index="0" bw="1" slack="0"/>
<pin id="4579" dir="0" index="1" bw="8" slack="0"/>
<pin id="4580" dir="0" index="2" bw="4" slack="0"/>
<pin id="4581" dir="1" index="3" bw="1" slack="0"/>
</pin_list>
<bind>
<opcode="bitselect(1000) " fcode="bitselect"/>
<opset="tmp_367/3 "/>
</bind>
</comp>

<comp id="4585" class="1004" name="xor_ln416_89_fu_4585">
<pin_list>
<pin id="4586" dir="0" index="0" bw="1" slack="0"/>
<pin id="4587" dir="0" index="1" bw="1" slack="0"/>
<pin id="4588" dir="1" index="2" bw="1" slack="0"/>
</pin_list>
<bind>
<opcode="xor(25) " fcode="xor"/>
<opset="xor_ln416_89/3 "/>
</bind>
</comp>

<comp id="4591" class="1004" name="and_ln416_89_fu_4591">
<pin_list>
<pin id="4592" dir="0" index="0" bw="1" slack="0"/>
<pin id="4593" dir="0" index="1" bw="1" slack="0"/>
<pin id="4594" dir="1" index="2" bw="1" slack="0"/>
</pin_list>
<bind>
<opcode="and(23) " fcode="and"/>
<opset="and_ln416_89/3 "/>
</bind>
</comp>

<comp id="4597" class="1004" name="tmp_368_fu_4597">
<pin_list>
<pin id="4598" dir="0" index="0" bw="1" slack="0"/>
<pin id="4599" dir="0" index="1" bw="8" slack="0"/>
<pin id="4600" dir="0" index="2" bw="4" slack="0"/>
<pin id="4601" dir="1" index="3" bw="1" slack="0"/>
</pin_list>
<bind>
<opcode="bitselect(1000) " fcode="bitselect"/>
<opset="tmp_368/3 "/>
</bind>
</comp>

<comp id="4605" class="1004" name="p_Result_12_26_fu_4605">
<pin_list>
<pin id="4606" dir="0" index="0" bw="4" slack="0"/>
<pin id="4607" dir="0" index="1" bw="14" slack="0"/>
<pin id="4608" dir="0" index="2" bw="5" slack="0"/>
<pin id="4609" dir="0" index="3" bw="5" slack="0"/>
<pin id="4610" dir="1" index="4" bw="4" slack="0"/>
</pin_list>
<bind>
<opcode="partselect(1002) " fcode="partselect"/>
<opset="p_Result_12_26/3 "/>
</bind>
</comp>

<comp id="4615" class="1004" name="icmp_ln879_89_fu_4615">
<pin_list>
<pin id="4616" dir="0" index="0" bw="4" slack="0"/>
<pin id="4617" dir="0" index="1" bw="4" slack="0"/>
<pin id="4618" dir="1" index="2" bw="1" slack="0"/>
</pin_list>
<bind>
<opcode="icmp(45) " fcode="icmp"/>
<opset="icmp_ln879_89/3 "/>
</bind>
</comp>

<comp id="4621" class="1004" name="icmp_ln768_89_fu_4621">
<pin_list>
<pin id="4622" dir="0" index="0" bw="4" slack="0"/>
<pin id="4623" dir="0" index="1" bw="4" slack="0"/>
<pin id="4624" dir="1" index="2" bw="1" slack="0"/>
</pin_list>
<bind>
<opcode="icmp(45) " fcode="icmp"/>
<opset="icmp_ln768_89/3 "/>
</bind>
</comp>

<comp id="4627" class="1004" name="select_ln777_89_fu_4627">
<pin_list>
<pin id="4628" dir="0" index="0" bw="1" slack="0"/>
<pin id="4629" dir="0" index="1" bw="1" slack="0"/>
<pin id="4630" dir="0" index="2" bw="1" slack="0"/>
<pin id="4631" dir="1" index="3" bw="1" slack="0"/>
</pin_list>
<bind>
<opcode="select(49) " fcode="select"/>
<opset="select_ln777_89/3 "/>
</bind>
</comp>

<comp id="4635" class="1004" name="xor_ln785_27_fu_4635">
<pin_list>
<pin id="4636" dir="0" index="0" bw="1" slack="0"/>
<pin id="4637" dir="0" index="1" bw="1" slack="0"/>
<pin id="4638" dir="1" index="2" bw="1" slack="0"/>
</pin_list>
<bind>
<opcode="xor(25) " fcode="xor"/>
<opset="xor_ln785_27/3 "/>
</bind>
</comp>

<comp id="4641" class="1004" name="or_ln340_27_fu_4641">
<pin_list>
<pin id="4642" dir="0" index="0" bw="1" slack="0"/>
<pin id="4643" dir="0" index="1" bw="1" slack="0"/>
<pin id="4644" dir="1" index="2" bw="1" slack="0"/>
</pin_list>
<bind>
<opcode="or(24) " fcode="or"/>
<opset="or_ln340_27/3 "/>
</bind>
</comp>

<comp id="4647" class="1004" name="select_ln340_27_fu_4647">
<pin_list>
<pin id="4648" dir="0" index="0" bw="1" slack="0"/>
<pin id="4649" dir="0" index="1" bw="7" slack="0"/>
<pin id="4650" dir="0" index="2" bw="7" slack="0"/>
<pin id="4651" dir="1" index="3" bw="7" slack="0"/>
</pin_list>
<bind>
<opcode="select(49) " fcode="select"/>
<opset="select_ln340_27/3 "/>
</bind>
</comp>

<comp id="4655" class="1004" name="tmp_data_27_V_fu_4655">
<pin_list>
<pin id="4656" dir="0" index="0" bw="1" slack="0"/>
<pin id="4657" dir="0" index="1" bw="7" slack="0"/>
<pin id="4658" dir="0" index="2" bw="7" slack="0"/>
<pin id="4659" dir="1" index="3" bw="7" slack="1"/>
</pin_list>
<bind>
<opcode="select(49) " fcode="select"/>
<opset="tmp_data_27_V/3 "/>
</bind>
</comp>

<comp id="4663" class="1004" name="icmp_ln1494_28_fu_4663">
<pin_list>
<pin id="4664" dir="0" index="0" bw="14" slack="0"/>
<pin id="4665" dir="0" index="1" bw="14" slack="0"/>
<pin id="4666" dir="1" index="2" bw="1" slack="0"/>
</pin_list>
<bind>
<opcode="icmp(45) " fcode="icmp"/>
<opset="icmp_ln1494_28/3 "/>
</bind>
</comp>

<comp id="4669" class="1004" name="trunc_ln708_87_fu_4669">
<pin_list>
<pin id="4670" dir="0" index="0" bw="8" slack="0"/>
<pin id="4671" dir="0" index="1" bw="14" slack="0"/>
<pin id="4672" dir="0" index="2" bw="3" slack="0"/>
<pin id="4673" dir="0" index="3" bw="5" slack="0"/>
<pin id="4674" dir="1" index="4" bw="8" slack="0"/>
</pin_list>
<bind>
<opcode="partselect(1002) " fcode="partselect"/>
<opset="trunc_ln708_87/3 "/>
</bind>
</comp>

<comp id="4679" class="1004" name="tmp_369_fu_4679">
<pin_list>
<pin id="4680" dir="0" index="0" bw="1" slack="0"/>
<pin id="4681" dir="0" index="1" bw="14" slack="0"/>
<pin id="4682" dir="0" index="2" bw="5" slack="0"/>
<pin id="4683" dir="1" index="3" bw="1" slack="0"/>
</pin_list>
<bind>
<opcode="bitselect(1000) " fcode="bitselect"/>
<opset="tmp_369/3 "/>
</bind>
</comp>

<comp id="4687" class="1004" name="tmp_370_fu_4687">
<pin_list>
<pin id="4688" dir="0" index="0" bw="1" slack="0"/>
<pin id="4689" dir="0" index="1" bw="14" slack="0"/>
<pin id="4690" dir="0" index="2" bw="1" slack="0"/>
<pin id="4691" dir="1" index="3" bw="1" slack="0"/>
</pin_list>
<bind>
<opcode="bitselect(1000) " fcode="bitselect"/>
<opset="tmp_370/3 "/>
</bind>
</comp>

<comp id="4695" class="1004" name="zext_ln415_90_fu_4695">
<pin_list>
<pin id="4696" dir="0" index="0" bw="1" slack="0"/>
<pin id="4697" dir="1" index="1" bw="8" slack="0"/>
</pin_list>
<bind>
<opcode="zext(34) " fcode="zext"/>
<opset="zext_ln415_90/3 "/>
</bind>
</comp>

<comp id="4699" class="1004" name="trunc_ln415_90_fu_4699">
<pin_list>
<pin id="4700" dir="0" index="0" bw="7" slack="0"/>
<pin id="4701" dir="0" index="1" bw="14" slack="0"/>
<pin id="4702" dir="0" index="2" bw="3" slack="0"/>
<pin id="4703" dir="0" index="3" bw="5" slack="0"/>
<pin id="4704" dir="1" index="4" bw="7" slack="0"/>
</pin_list>
<bind>
<opcode="partselect(1002) " fcode="partselect"/>
<opset="trunc_ln415_90/3 "/>
</bind>
</comp>

<comp id="4709" class="1004" name="zext_ln415_124_fu_4709">
<pin_list>
<pin id="4710" dir="0" index="0" bw="1" slack="0"/>
<pin id="4711" dir="1" index="1" bw="7" slack="0"/>
</pin_list>
<bind>
<opcode="zext(34) " fcode="zext"/>
<opset="zext_ln415_124/3 "/>
</bind>
</comp>

<comp id="4713" class="1004" name="add_ln415_90_fu_4713">
<pin_list>
<pin id="4714" dir="0" index="0" bw="8" slack="0"/>
<pin id="4715" dir="0" index="1" bw="1" slack="0"/>
<pin id="4716" dir="1" index="2" bw="8" slack="0"/>
</pin_list>
<bind>
<opcode="add(8) " fcode="add"/>
<opset="add_ln415_90/3 "/>
</bind>
</comp>

<comp id="4719" class="1004" name="add_ln416_90_fu_4719">
<pin_list>
<pin id="4720" dir="0" index="0" bw="7" slack="0"/>
<pin id="4721" dir="0" index="1" bw="1" slack="0"/>
<pin id="4722" dir="1" index="2" bw="7" slack="0"/>
</pin_list>
<bind>
<opcode="add(8) " fcode="add"/>
<opset="add_ln416_90/3 "/>
</bind>
</comp>

<comp id="4725" class="1004" name="tmp_371_fu_4725">
<pin_list>
<pin id="4726" dir="0" index="0" bw="1" slack="0"/>
<pin id="4727" dir="0" index="1" bw="8" slack="0"/>
<pin id="4728" dir="0" index="2" bw="4" slack="0"/>
<pin id="4729" dir="1" index="3" bw="1" slack="0"/>
</pin_list>
<bind>
<opcode="bitselect(1000) " fcode="bitselect"/>
<opset="tmp_371/3 "/>
</bind>
</comp>

<comp id="4733" class="1004" name="xor_ln416_90_fu_4733">
<pin_list>
<pin id="4734" dir="0" index="0" bw="1" slack="0"/>
<pin id="4735" dir="0" index="1" bw="1" slack="0"/>
<pin id="4736" dir="1" index="2" bw="1" slack="0"/>
</pin_list>
<bind>
<opcode="xor(25) " fcode="xor"/>
<opset="xor_ln416_90/3 "/>
</bind>
</comp>

<comp id="4739" class="1004" name="and_ln416_90_fu_4739">
<pin_list>
<pin id="4740" dir="0" index="0" bw="1" slack="0"/>
<pin id="4741" dir="0" index="1" bw="1" slack="0"/>
<pin id="4742" dir="1" index="2" bw="1" slack="0"/>
</pin_list>
<bind>
<opcode="and(23) " fcode="and"/>
<opset="and_ln416_90/3 "/>
</bind>
</comp>

<comp id="4745" class="1004" name="tmp_372_fu_4745">
<pin_list>
<pin id="4746" dir="0" index="0" bw="1" slack="0"/>
<pin id="4747" dir="0" index="1" bw="8" slack="0"/>
<pin id="4748" dir="0" index="2" bw="4" slack="0"/>
<pin id="4749" dir="1" index="3" bw="1" slack="0"/>
</pin_list>
<bind>
<opcode="bitselect(1000) " fcode="bitselect"/>
<opset="tmp_372/3 "/>
</bind>
</comp>

<comp id="4753" class="1004" name="p_Result_12_27_fu_4753">
<pin_list>
<pin id="4754" dir="0" index="0" bw="4" slack="0"/>
<pin id="4755" dir="0" index="1" bw="14" slack="0"/>
<pin id="4756" dir="0" index="2" bw="5" slack="0"/>
<pin id="4757" dir="0" index="3" bw="5" slack="0"/>
<pin id="4758" dir="1" index="4" bw="4" slack="0"/>
</pin_list>
<bind>
<opcode="partselect(1002) " fcode="partselect"/>
<opset="p_Result_12_27/3 "/>
</bind>
</comp>

<comp id="4763" class="1004" name="icmp_ln879_90_fu_4763">
<pin_list>
<pin id="4764" dir="0" index="0" bw="4" slack="0"/>
<pin id="4765" dir="0" index="1" bw="4" slack="0"/>
<pin id="4766" dir="1" index="2" bw="1" slack="0"/>
</pin_list>
<bind>
<opcode="icmp(45) " fcode="icmp"/>
<opset="icmp_ln879_90/3 "/>
</bind>
</comp>

<comp id="4769" class="1004" name="icmp_ln768_90_fu_4769">
<pin_list>
<pin id="4770" dir="0" index="0" bw="4" slack="0"/>
<pin id="4771" dir="0" index="1" bw="4" slack="0"/>
<pin id="4772" dir="1" index="2" bw="1" slack="0"/>
</pin_list>
<bind>
<opcode="icmp(45) " fcode="icmp"/>
<opset="icmp_ln768_90/3 "/>
</bind>
</comp>

<comp id="4775" class="1004" name="select_ln777_90_fu_4775">
<pin_list>
<pin id="4776" dir="0" index="0" bw="1" slack="0"/>
<pin id="4777" dir="0" index="1" bw="1" slack="0"/>
<pin id="4778" dir="0" index="2" bw="1" slack="0"/>
<pin id="4779" dir="1" index="3" bw="1" slack="0"/>
</pin_list>
<bind>
<opcode="select(49) " fcode="select"/>
<opset="select_ln777_90/3 "/>
</bind>
</comp>

<comp id="4783" class="1004" name="xor_ln785_28_fu_4783">
<pin_list>
<pin id="4784" dir="0" index="0" bw="1" slack="0"/>
<pin id="4785" dir="0" index="1" bw="1" slack="0"/>
<pin id="4786" dir="1" index="2" bw="1" slack="0"/>
</pin_list>
<bind>
<opcode="xor(25) " fcode="xor"/>
<opset="xor_ln785_28/3 "/>
</bind>
</comp>

<comp id="4789" class="1004" name="or_ln340_28_fu_4789">
<pin_list>
<pin id="4790" dir="0" index="0" bw="1" slack="0"/>
<pin id="4791" dir="0" index="1" bw="1" slack="0"/>
<pin id="4792" dir="1" index="2" bw="1" slack="0"/>
</pin_list>
<bind>
<opcode="or(24) " fcode="or"/>
<opset="or_ln340_28/3 "/>
</bind>
</comp>

<comp id="4795" class="1004" name="select_ln340_28_fu_4795">
<pin_list>
<pin id="4796" dir="0" index="0" bw="1" slack="0"/>
<pin id="4797" dir="0" index="1" bw="7" slack="0"/>
<pin id="4798" dir="0" index="2" bw="7" slack="0"/>
<pin id="4799" dir="1" index="3" bw="7" slack="0"/>
</pin_list>
<bind>
<opcode="select(49) " fcode="select"/>
<opset="select_ln340_28/3 "/>
</bind>
</comp>

<comp id="4803" class="1004" name="tmp_data_28_V_fu_4803">
<pin_list>
<pin id="4804" dir="0" index="0" bw="1" slack="0"/>
<pin id="4805" dir="0" index="1" bw="7" slack="0"/>
<pin id="4806" dir="0" index="2" bw="7" slack="0"/>
<pin id="4807" dir="1" index="3" bw="7" slack="1"/>
</pin_list>
<bind>
<opcode="select(49) " fcode="select"/>
<opset="tmp_data_28_V/3 "/>
</bind>
</comp>

<comp id="4811" class="1004" name="icmp_ln1494_29_fu_4811">
<pin_list>
<pin id="4812" dir="0" index="0" bw="14" slack="0"/>
<pin id="4813" dir="0" index="1" bw="14" slack="0"/>
<pin id="4814" dir="1" index="2" bw="1" slack="0"/>
</pin_list>
<bind>
<opcode="icmp(45) " fcode="icmp"/>
<opset="icmp_ln1494_29/3 "/>
</bind>
</comp>

<comp id="4817" class="1004" name="trunc_ln708_88_fu_4817">
<pin_list>
<pin id="4818" dir="0" index="0" bw="8" slack="0"/>
<pin id="4819" dir="0" index="1" bw="14" slack="0"/>
<pin id="4820" dir="0" index="2" bw="3" slack="0"/>
<pin id="4821" dir="0" index="3" bw="5" slack="0"/>
<pin id="4822" dir="1" index="4" bw="8" slack="0"/>
</pin_list>
<bind>
<opcode="partselect(1002) " fcode="partselect"/>
<opset="trunc_ln708_88/3 "/>
</bind>
</comp>

<comp id="4827" class="1004" name="tmp_373_fu_4827">
<pin_list>
<pin id="4828" dir="0" index="0" bw="1" slack="0"/>
<pin id="4829" dir="0" index="1" bw="14" slack="0"/>
<pin id="4830" dir="0" index="2" bw="5" slack="0"/>
<pin id="4831" dir="1" index="3" bw="1" slack="0"/>
</pin_list>
<bind>
<opcode="bitselect(1000) " fcode="bitselect"/>
<opset="tmp_373/3 "/>
</bind>
</comp>

<comp id="4835" class="1004" name="tmp_374_fu_4835">
<pin_list>
<pin id="4836" dir="0" index="0" bw="1" slack="0"/>
<pin id="4837" dir="0" index="1" bw="14" slack="0"/>
<pin id="4838" dir="0" index="2" bw="1" slack="0"/>
<pin id="4839" dir="1" index="3" bw="1" slack="0"/>
</pin_list>
<bind>
<opcode="bitselect(1000) " fcode="bitselect"/>
<opset="tmp_374/3 "/>
</bind>
</comp>

<comp id="4843" class="1004" name="zext_ln415_91_fu_4843">
<pin_list>
<pin id="4844" dir="0" index="0" bw="1" slack="0"/>
<pin id="4845" dir="1" index="1" bw="8" slack="0"/>
</pin_list>
<bind>
<opcode="zext(34) " fcode="zext"/>
<opset="zext_ln415_91/3 "/>
</bind>
</comp>

<comp id="4847" class="1004" name="trunc_ln415_91_fu_4847">
<pin_list>
<pin id="4848" dir="0" index="0" bw="7" slack="0"/>
<pin id="4849" dir="0" index="1" bw="14" slack="0"/>
<pin id="4850" dir="0" index="2" bw="3" slack="0"/>
<pin id="4851" dir="0" index="3" bw="5" slack="0"/>
<pin id="4852" dir="1" index="4" bw="7" slack="0"/>
</pin_list>
<bind>
<opcode="partselect(1002) " fcode="partselect"/>
<opset="trunc_ln415_91/3 "/>
</bind>
</comp>

<comp id="4857" class="1004" name="zext_ln415_125_fu_4857">
<pin_list>
<pin id="4858" dir="0" index="0" bw="1" slack="0"/>
<pin id="4859" dir="1" index="1" bw="7" slack="0"/>
</pin_list>
<bind>
<opcode="zext(34) " fcode="zext"/>
<opset="zext_ln415_125/3 "/>
</bind>
</comp>

<comp id="4861" class="1004" name="add_ln415_91_fu_4861">
<pin_list>
<pin id="4862" dir="0" index="0" bw="8" slack="0"/>
<pin id="4863" dir="0" index="1" bw="1" slack="0"/>
<pin id="4864" dir="1" index="2" bw="8" slack="0"/>
</pin_list>
<bind>
<opcode="add(8) " fcode="add"/>
<opset="add_ln415_91/3 "/>
</bind>
</comp>

<comp id="4867" class="1004" name="add_ln416_91_fu_4867">
<pin_list>
<pin id="4868" dir="0" index="0" bw="7" slack="0"/>
<pin id="4869" dir="0" index="1" bw="1" slack="0"/>
<pin id="4870" dir="1" index="2" bw="7" slack="0"/>
</pin_list>
<bind>
<opcode="add(8) " fcode="add"/>
<opset="add_ln416_91/3 "/>
</bind>
</comp>

<comp id="4873" class="1004" name="tmp_375_fu_4873">
<pin_list>
<pin id="4874" dir="0" index="0" bw="1" slack="0"/>
<pin id="4875" dir="0" index="1" bw="8" slack="0"/>
<pin id="4876" dir="0" index="2" bw="4" slack="0"/>
<pin id="4877" dir="1" index="3" bw="1" slack="0"/>
</pin_list>
<bind>
<opcode="bitselect(1000) " fcode="bitselect"/>
<opset="tmp_375/3 "/>
</bind>
</comp>

<comp id="4881" class="1004" name="xor_ln416_91_fu_4881">
<pin_list>
<pin id="4882" dir="0" index="0" bw="1" slack="0"/>
<pin id="4883" dir="0" index="1" bw="1" slack="0"/>
<pin id="4884" dir="1" index="2" bw="1" slack="0"/>
</pin_list>
<bind>
<opcode="xor(25) " fcode="xor"/>
<opset="xor_ln416_91/3 "/>
</bind>
</comp>

<comp id="4887" class="1004" name="and_ln416_91_fu_4887">
<pin_list>
<pin id="4888" dir="0" index="0" bw="1" slack="0"/>
<pin id="4889" dir="0" index="1" bw="1" slack="0"/>
<pin id="4890" dir="1" index="2" bw="1" slack="0"/>
</pin_list>
<bind>
<opcode="and(23) " fcode="and"/>
<opset="and_ln416_91/3 "/>
</bind>
</comp>

<comp id="4893" class="1004" name="tmp_376_fu_4893">
<pin_list>
<pin id="4894" dir="0" index="0" bw="1" slack="0"/>
<pin id="4895" dir="0" index="1" bw="8" slack="0"/>
<pin id="4896" dir="0" index="2" bw="4" slack="0"/>
<pin id="4897" dir="1" index="3" bw="1" slack="0"/>
</pin_list>
<bind>
<opcode="bitselect(1000) " fcode="bitselect"/>
<opset="tmp_376/3 "/>
</bind>
</comp>

<comp id="4901" class="1004" name="p_Result_12_28_fu_4901">
<pin_list>
<pin id="4902" dir="0" index="0" bw="4" slack="0"/>
<pin id="4903" dir="0" index="1" bw="14" slack="0"/>
<pin id="4904" dir="0" index="2" bw="5" slack="0"/>
<pin id="4905" dir="0" index="3" bw="5" slack="0"/>
<pin id="4906" dir="1" index="4" bw="4" slack="0"/>
</pin_list>
<bind>
<opcode="partselect(1002) " fcode="partselect"/>
<opset="p_Result_12_28/3 "/>
</bind>
</comp>

<comp id="4911" class="1004" name="icmp_ln879_91_fu_4911">
<pin_list>
<pin id="4912" dir="0" index="0" bw="4" slack="0"/>
<pin id="4913" dir="0" index="1" bw="4" slack="0"/>
<pin id="4914" dir="1" index="2" bw="1" slack="0"/>
</pin_list>
<bind>
<opcode="icmp(45) " fcode="icmp"/>
<opset="icmp_ln879_91/3 "/>
</bind>
</comp>

<comp id="4917" class="1004" name="icmp_ln768_91_fu_4917">
<pin_list>
<pin id="4918" dir="0" index="0" bw="4" slack="0"/>
<pin id="4919" dir="0" index="1" bw="4" slack="0"/>
<pin id="4920" dir="1" index="2" bw="1" slack="0"/>
</pin_list>
<bind>
<opcode="icmp(45) " fcode="icmp"/>
<opset="icmp_ln768_91/3 "/>
</bind>
</comp>

<comp id="4923" class="1004" name="select_ln777_91_fu_4923">
<pin_list>
<pin id="4924" dir="0" index="0" bw="1" slack="0"/>
<pin id="4925" dir="0" index="1" bw="1" slack="0"/>
<pin id="4926" dir="0" index="2" bw="1" slack="0"/>
<pin id="4927" dir="1" index="3" bw="1" slack="0"/>
</pin_list>
<bind>
<opcode="select(49) " fcode="select"/>
<opset="select_ln777_91/3 "/>
</bind>
</comp>

<comp id="4931" class="1004" name="xor_ln785_29_fu_4931">
<pin_list>
<pin id="4932" dir="0" index="0" bw="1" slack="0"/>
<pin id="4933" dir="0" index="1" bw="1" slack="0"/>
<pin id="4934" dir="1" index="2" bw="1" slack="0"/>
</pin_list>
<bind>
<opcode="xor(25) " fcode="xor"/>
<opset="xor_ln785_29/3 "/>
</bind>
</comp>

<comp id="4937" class="1004" name="or_ln340_29_fu_4937">
<pin_list>
<pin id="4938" dir="0" index="0" bw="1" slack="0"/>
<pin id="4939" dir="0" index="1" bw="1" slack="0"/>
<pin id="4940" dir="1" index="2" bw="1" slack="0"/>
</pin_list>
<bind>
<opcode="or(24) " fcode="or"/>
<opset="or_ln340_29/3 "/>
</bind>
</comp>

<comp id="4943" class="1004" name="select_ln340_29_fu_4943">
<pin_list>
<pin id="4944" dir="0" index="0" bw="1" slack="0"/>
<pin id="4945" dir="0" index="1" bw="7" slack="0"/>
<pin id="4946" dir="0" index="2" bw="7" slack="0"/>
<pin id="4947" dir="1" index="3" bw="7" slack="0"/>
</pin_list>
<bind>
<opcode="select(49) " fcode="select"/>
<opset="select_ln340_29/3 "/>
</bind>
</comp>

<comp id="4951" class="1004" name="tmp_data_29_V_fu_4951">
<pin_list>
<pin id="4952" dir="0" index="0" bw="1" slack="0"/>
<pin id="4953" dir="0" index="1" bw="7" slack="0"/>
<pin id="4954" dir="0" index="2" bw="7" slack="0"/>
<pin id="4955" dir="1" index="3" bw="7" slack="1"/>
</pin_list>
<bind>
<opcode="select(49) " fcode="select"/>
<opset="tmp_data_29_V/3 "/>
</bind>
</comp>

<comp id="4959" class="1004" name="icmp_ln1494_30_fu_4959">
<pin_list>
<pin id="4960" dir="0" index="0" bw="14" slack="0"/>
<pin id="4961" dir="0" index="1" bw="14" slack="0"/>
<pin id="4962" dir="1" index="2" bw="1" slack="0"/>
</pin_list>
<bind>
<opcode="icmp(45) " fcode="icmp"/>
<opset="icmp_ln1494_30/3 "/>
</bind>
</comp>

<comp id="4965" class="1004" name="trunc_ln708_89_fu_4965">
<pin_list>
<pin id="4966" dir="0" index="0" bw="8" slack="0"/>
<pin id="4967" dir="0" index="1" bw="14" slack="0"/>
<pin id="4968" dir="0" index="2" bw="3" slack="0"/>
<pin id="4969" dir="0" index="3" bw="5" slack="0"/>
<pin id="4970" dir="1" index="4" bw="8" slack="0"/>
</pin_list>
<bind>
<opcode="partselect(1002) " fcode="partselect"/>
<opset="trunc_ln708_89/3 "/>
</bind>
</comp>

<comp id="4975" class="1004" name="tmp_377_fu_4975">
<pin_list>
<pin id="4976" dir="0" index="0" bw="1" slack="0"/>
<pin id="4977" dir="0" index="1" bw="14" slack="0"/>
<pin id="4978" dir="0" index="2" bw="5" slack="0"/>
<pin id="4979" dir="1" index="3" bw="1" slack="0"/>
</pin_list>
<bind>
<opcode="bitselect(1000) " fcode="bitselect"/>
<opset="tmp_377/3 "/>
</bind>
</comp>

<comp id="4983" class="1004" name="tmp_378_fu_4983">
<pin_list>
<pin id="4984" dir="0" index="0" bw="1" slack="0"/>
<pin id="4985" dir="0" index="1" bw="14" slack="0"/>
<pin id="4986" dir="0" index="2" bw="1" slack="0"/>
<pin id="4987" dir="1" index="3" bw="1" slack="0"/>
</pin_list>
<bind>
<opcode="bitselect(1000) " fcode="bitselect"/>
<opset="tmp_378/3 "/>
</bind>
</comp>

<comp id="4991" class="1004" name="zext_ln415_92_fu_4991">
<pin_list>
<pin id="4992" dir="0" index="0" bw="1" slack="0"/>
<pin id="4993" dir="1" index="1" bw="8" slack="0"/>
</pin_list>
<bind>
<opcode="zext(34) " fcode="zext"/>
<opset="zext_ln415_92/3 "/>
</bind>
</comp>

<comp id="4995" class="1004" name="trunc_ln415_92_fu_4995">
<pin_list>
<pin id="4996" dir="0" index="0" bw="7" slack="0"/>
<pin id="4997" dir="0" index="1" bw="14" slack="0"/>
<pin id="4998" dir="0" index="2" bw="3" slack="0"/>
<pin id="4999" dir="0" index="3" bw="5" slack="0"/>
<pin id="5000" dir="1" index="4" bw="7" slack="0"/>
</pin_list>
<bind>
<opcode="partselect(1002) " fcode="partselect"/>
<opset="trunc_ln415_92/3 "/>
</bind>
</comp>

<comp id="5005" class="1004" name="zext_ln415_126_fu_5005">
<pin_list>
<pin id="5006" dir="0" index="0" bw="1" slack="0"/>
<pin id="5007" dir="1" index="1" bw="7" slack="0"/>
</pin_list>
<bind>
<opcode="zext(34) " fcode="zext"/>
<opset="zext_ln415_126/3 "/>
</bind>
</comp>

<comp id="5009" class="1004" name="add_ln415_92_fu_5009">
<pin_list>
<pin id="5010" dir="0" index="0" bw="8" slack="0"/>
<pin id="5011" dir="0" index="1" bw="1" slack="0"/>
<pin id="5012" dir="1" index="2" bw="8" slack="0"/>
</pin_list>
<bind>
<opcode="add(8) " fcode="add"/>
<opset="add_ln415_92/3 "/>
</bind>
</comp>

<comp id="5015" class="1004" name="add_ln416_92_fu_5015">
<pin_list>
<pin id="5016" dir="0" index="0" bw="7" slack="0"/>
<pin id="5017" dir="0" index="1" bw="1" slack="0"/>
<pin id="5018" dir="1" index="2" bw="7" slack="0"/>
</pin_list>
<bind>
<opcode="add(8) " fcode="add"/>
<opset="add_ln416_92/3 "/>
</bind>
</comp>

<comp id="5021" class="1004" name="tmp_379_fu_5021">
<pin_list>
<pin id="5022" dir="0" index="0" bw="1" slack="0"/>
<pin id="5023" dir="0" index="1" bw="8" slack="0"/>
<pin id="5024" dir="0" index="2" bw="4" slack="0"/>
<pin id="5025" dir="1" index="3" bw="1" slack="0"/>
</pin_list>
<bind>
<opcode="bitselect(1000) " fcode="bitselect"/>
<opset="tmp_379/3 "/>
</bind>
</comp>

<comp id="5029" class="1004" name="xor_ln416_92_fu_5029">
<pin_list>
<pin id="5030" dir="0" index="0" bw="1" slack="0"/>
<pin id="5031" dir="0" index="1" bw="1" slack="0"/>
<pin id="5032" dir="1" index="2" bw="1" slack="0"/>
</pin_list>
<bind>
<opcode="xor(25) " fcode="xor"/>
<opset="xor_ln416_92/3 "/>
</bind>
</comp>

<comp id="5035" class="1004" name="and_ln416_92_fu_5035">
<pin_list>
<pin id="5036" dir="0" index="0" bw="1" slack="0"/>
<pin id="5037" dir="0" index="1" bw="1" slack="0"/>
<pin id="5038" dir="1" index="2" bw="1" slack="0"/>
</pin_list>
<bind>
<opcode="and(23) " fcode="and"/>
<opset="and_ln416_92/3 "/>
</bind>
</comp>

<comp id="5041" class="1004" name="tmp_380_fu_5041">
<pin_list>
<pin id="5042" dir="0" index="0" bw="1" slack="0"/>
<pin id="5043" dir="0" index="1" bw="8" slack="0"/>
<pin id="5044" dir="0" index="2" bw="4" slack="0"/>
<pin id="5045" dir="1" index="3" bw="1" slack="0"/>
</pin_list>
<bind>
<opcode="bitselect(1000) " fcode="bitselect"/>
<opset="tmp_380/3 "/>
</bind>
</comp>

<comp id="5049" class="1004" name="p_Result_12_29_fu_5049">
<pin_list>
<pin id="5050" dir="0" index="0" bw="4" slack="0"/>
<pin id="5051" dir="0" index="1" bw="14" slack="0"/>
<pin id="5052" dir="0" index="2" bw="5" slack="0"/>
<pin id="5053" dir="0" index="3" bw="5" slack="0"/>
<pin id="5054" dir="1" index="4" bw="4" slack="0"/>
</pin_list>
<bind>
<opcode="partselect(1002) " fcode="partselect"/>
<opset="p_Result_12_29/3 "/>
</bind>
</comp>

<comp id="5059" class="1004" name="icmp_ln879_92_fu_5059">
<pin_list>
<pin id="5060" dir="0" index="0" bw="4" slack="0"/>
<pin id="5061" dir="0" index="1" bw="4" slack="0"/>
<pin id="5062" dir="1" index="2" bw="1" slack="0"/>
</pin_list>
<bind>
<opcode="icmp(45) " fcode="icmp"/>
<opset="icmp_ln879_92/3 "/>
</bind>
</comp>

<comp id="5065" class="1004" name="icmp_ln768_92_fu_5065">
<pin_list>
<pin id="5066" dir="0" index="0" bw="4" slack="0"/>
<pin id="5067" dir="0" index="1" bw="4" slack="0"/>
<pin id="5068" dir="1" index="2" bw="1" slack="0"/>
</pin_list>
<bind>
<opcode="icmp(45) " fcode="icmp"/>
<opset="icmp_ln768_92/3 "/>
</bind>
</comp>

<comp id="5071" class="1004" name="select_ln777_92_fu_5071">
<pin_list>
<pin id="5072" dir="0" index="0" bw="1" slack="0"/>
<pin id="5073" dir="0" index="1" bw="1" slack="0"/>
<pin id="5074" dir="0" index="2" bw="1" slack="0"/>
<pin id="5075" dir="1" index="3" bw="1" slack="0"/>
</pin_list>
<bind>
<opcode="select(49) " fcode="select"/>
<opset="select_ln777_92/3 "/>
</bind>
</comp>

<comp id="5079" class="1004" name="xor_ln785_30_fu_5079">
<pin_list>
<pin id="5080" dir="0" index="0" bw="1" slack="0"/>
<pin id="5081" dir="0" index="1" bw="1" slack="0"/>
<pin id="5082" dir="1" index="2" bw="1" slack="0"/>
</pin_list>
<bind>
<opcode="xor(25) " fcode="xor"/>
<opset="xor_ln785_30/3 "/>
</bind>
</comp>

<comp id="5085" class="1004" name="or_ln340_30_fu_5085">
<pin_list>
<pin id="5086" dir="0" index="0" bw="1" slack="0"/>
<pin id="5087" dir="0" index="1" bw="1" slack="0"/>
<pin id="5088" dir="1" index="2" bw="1" slack="0"/>
</pin_list>
<bind>
<opcode="or(24) " fcode="or"/>
<opset="or_ln340_30/3 "/>
</bind>
</comp>

<comp id="5091" class="1004" name="select_ln340_30_fu_5091">
<pin_list>
<pin id="5092" dir="0" index="0" bw="1" slack="0"/>
<pin id="5093" dir="0" index="1" bw="7" slack="0"/>
<pin id="5094" dir="0" index="2" bw="7" slack="0"/>
<pin id="5095" dir="1" index="3" bw="7" slack="0"/>
</pin_list>
<bind>
<opcode="select(49) " fcode="select"/>
<opset="select_ln340_30/3 "/>
</bind>
</comp>

<comp id="5099" class="1004" name="tmp_data_30_V_fu_5099">
<pin_list>
<pin id="5100" dir="0" index="0" bw="1" slack="0"/>
<pin id="5101" dir="0" index="1" bw="7" slack="0"/>
<pin id="5102" dir="0" index="2" bw="7" slack="0"/>
<pin id="5103" dir="1" index="3" bw="7" slack="1"/>
</pin_list>
<bind>
<opcode="select(49) " fcode="select"/>
<opset="tmp_data_30_V/3 "/>
</bind>
</comp>

<comp id="5107" class="1004" name="icmp_ln1494_31_fu_5107">
<pin_list>
<pin id="5108" dir="0" index="0" bw="14" slack="0"/>
<pin id="5109" dir="0" index="1" bw="14" slack="0"/>
<pin id="5110" dir="1" index="2" bw="1" slack="0"/>
</pin_list>
<bind>
<opcode="icmp(45) " fcode="icmp"/>
<opset="icmp_ln1494_31/3 "/>
</bind>
</comp>

<comp id="5113" class="1004" name="trunc_ln708_90_fu_5113">
<pin_list>
<pin id="5114" dir="0" index="0" bw="8" slack="0"/>
<pin id="5115" dir="0" index="1" bw="14" slack="0"/>
<pin id="5116" dir="0" index="2" bw="3" slack="0"/>
<pin id="5117" dir="0" index="3" bw="5" slack="0"/>
<pin id="5118" dir="1" index="4" bw="8" slack="0"/>
</pin_list>
<bind>
<opcode="partselect(1002) " fcode="partselect"/>
<opset="trunc_ln708_90/3 "/>
</bind>
</comp>

<comp id="5123" class="1004" name="tmp_381_fu_5123">
<pin_list>
<pin id="5124" dir="0" index="0" bw="1" slack="0"/>
<pin id="5125" dir="0" index="1" bw="14" slack="0"/>
<pin id="5126" dir="0" index="2" bw="5" slack="0"/>
<pin id="5127" dir="1" index="3" bw="1" slack="0"/>
</pin_list>
<bind>
<opcode="bitselect(1000) " fcode="bitselect"/>
<opset="tmp_381/3 "/>
</bind>
</comp>

<comp id="5131" class="1004" name="tmp_382_fu_5131">
<pin_list>
<pin id="5132" dir="0" index="0" bw="1" slack="0"/>
<pin id="5133" dir="0" index="1" bw="14" slack="0"/>
<pin id="5134" dir="0" index="2" bw="1" slack="0"/>
<pin id="5135" dir="1" index="3" bw="1" slack="0"/>
</pin_list>
<bind>
<opcode="bitselect(1000) " fcode="bitselect"/>
<opset="tmp_382/3 "/>
</bind>
</comp>

<comp id="5139" class="1004" name="zext_ln415_93_fu_5139">
<pin_list>
<pin id="5140" dir="0" index="0" bw="1" slack="0"/>
<pin id="5141" dir="1" index="1" bw="8" slack="0"/>
</pin_list>
<bind>
<opcode="zext(34) " fcode="zext"/>
<opset="zext_ln415_93/3 "/>
</bind>
</comp>

<comp id="5143" class="1004" name="trunc_ln415_93_fu_5143">
<pin_list>
<pin id="5144" dir="0" index="0" bw="7" slack="0"/>
<pin id="5145" dir="0" index="1" bw="14" slack="0"/>
<pin id="5146" dir="0" index="2" bw="3" slack="0"/>
<pin id="5147" dir="0" index="3" bw="5" slack="0"/>
<pin id="5148" dir="1" index="4" bw="7" slack="0"/>
</pin_list>
<bind>
<opcode="partselect(1002) " fcode="partselect"/>
<opset="trunc_ln415_93/3 "/>
</bind>
</comp>

<comp id="5153" class="1004" name="zext_ln415_127_fu_5153">
<pin_list>
<pin id="5154" dir="0" index="0" bw="1" slack="0"/>
<pin id="5155" dir="1" index="1" bw="7" slack="0"/>
</pin_list>
<bind>
<opcode="zext(34) " fcode="zext"/>
<opset="zext_ln415_127/3 "/>
</bind>
</comp>

<comp id="5157" class="1004" name="add_ln415_93_fu_5157">
<pin_list>
<pin id="5158" dir="0" index="0" bw="8" slack="0"/>
<pin id="5159" dir="0" index="1" bw="1" slack="0"/>
<pin id="5160" dir="1" index="2" bw="8" slack="0"/>
</pin_list>
<bind>
<opcode="add(8) " fcode="add"/>
<opset="add_ln415_93/3 "/>
</bind>
</comp>

<comp id="5163" class="1004" name="add_ln416_93_fu_5163">
<pin_list>
<pin id="5164" dir="0" index="0" bw="7" slack="0"/>
<pin id="5165" dir="0" index="1" bw="1" slack="0"/>
<pin id="5166" dir="1" index="2" bw="7" slack="0"/>
</pin_list>
<bind>
<opcode="add(8) " fcode="add"/>
<opset="add_ln416_93/3 "/>
</bind>
</comp>

<comp id="5169" class="1004" name="tmp_383_fu_5169">
<pin_list>
<pin id="5170" dir="0" index="0" bw="1" slack="0"/>
<pin id="5171" dir="0" index="1" bw="8" slack="0"/>
<pin id="5172" dir="0" index="2" bw="4" slack="0"/>
<pin id="5173" dir="1" index="3" bw="1" slack="0"/>
</pin_list>
<bind>
<opcode="bitselect(1000) " fcode="bitselect"/>
<opset="tmp_383/3 "/>
</bind>
</comp>

<comp id="5177" class="1004" name="xor_ln416_93_fu_5177">
<pin_list>
<pin id="5178" dir="0" index="0" bw="1" slack="0"/>
<pin id="5179" dir="0" index="1" bw="1" slack="0"/>
<pin id="5180" dir="1" index="2" bw="1" slack="0"/>
</pin_list>
<bind>
<opcode="xor(25) " fcode="xor"/>
<opset="xor_ln416_93/3 "/>
</bind>
</comp>

<comp id="5183" class="1004" name="and_ln416_93_fu_5183">
<pin_list>
<pin id="5184" dir="0" index="0" bw="1" slack="0"/>
<pin id="5185" dir="0" index="1" bw="1" slack="0"/>
<pin id="5186" dir="1" index="2" bw="1" slack="0"/>
</pin_list>
<bind>
<opcode="and(23) " fcode="and"/>
<opset="and_ln416_93/3 "/>
</bind>
</comp>

<comp id="5189" class="1004" name="tmp_384_fu_5189">
<pin_list>
<pin id="5190" dir="0" index="0" bw="1" slack="0"/>
<pin id="5191" dir="0" index="1" bw="8" slack="0"/>
<pin id="5192" dir="0" index="2" bw="4" slack="0"/>
<pin id="5193" dir="1" index="3" bw="1" slack="0"/>
</pin_list>
<bind>
<opcode="bitselect(1000) " fcode="bitselect"/>
<opset="tmp_384/3 "/>
</bind>
</comp>

<comp id="5197" class="1004" name="p_Result_12_30_fu_5197">
<pin_list>
<pin id="5198" dir="0" index="0" bw="4" slack="0"/>
<pin id="5199" dir="0" index="1" bw="14" slack="0"/>
<pin id="5200" dir="0" index="2" bw="5" slack="0"/>
<pin id="5201" dir="0" index="3" bw="5" slack="0"/>
<pin id="5202" dir="1" index="4" bw="4" slack="0"/>
</pin_list>
<bind>
<opcode="partselect(1002) " fcode="partselect"/>
<opset="p_Result_12_30/3 "/>
</bind>
</comp>

<comp id="5207" class="1004" name="icmp_ln879_93_fu_5207">
<pin_list>
<pin id="5208" dir="0" index="0" bw="4" slack="0"/>
<pin id="5209" dir="0" index="1" bw="4" slack="0"/>
<pin id="5210" dir="1" index="2" bw="1" slack="0"/>
</pin_list>
<bind>
<opcode="icmp(45) " fcode="icmp"/>
<opset="icmp_ln879_93/3 "/>
</bind>
</comp>

<comp id="5213" class="1004" name="icmp_ln768_93_fu_5213">
<pin_list>
<pin id="5214" dir="0" index="0" bw="4" slack="0"/>
<pin id="5215" dir="0" index="1" bw="4" slack="0"/>
<pin id="5216" dir="1" index="2" bw="1" slack="0"/>
</pin_list>
<bind>
<opcode="icmp(45) " fcode="icmp"/>
<opset="icmp_ln768_93/3 "/>
</bind>
</comp>

<comp id="5219" class="1004" name="select_ln777_93_fu_5219">
<pin_list>
<pin id="5220" dir="0" index="0" bw="1" slack="0"/>
<pin id="5221" dir="0" index="1" bw="1" slack="0"/>
<pin id="5222" dir="0" index="2" bw="1" slack="0"/>
<pin id="5223" dir="1" index="3" bw="1" slack="0"/>
</pin_list>
<bind>
<opcode="select(49) " fcode="select"/>
<opset="select_ln777_93/3 "/>
</bind>
</comp>

<comp id="5227" class="1004" name="xor_ln785_31_fu_5227">
<pin_list>
<pin id="5228" dir="0" index="0" bw="1" slack="0"/>
<pin id="5229" dir="0" index="1" bw="1" slack="0"/>
<pin id="5230" dir="1" index="2" bw="1" slack="0"/>
</pin_list>
<bind>
<opcode="xor(25) " fcode="xor"/>
<opset="xor_ln785_31/3 "/>
</bind>
</comp>

<comp id="5233" class="1004" name="or_ln340_31_fu_5233">
<pin_list>
<pin id="5234" dir="0" index="0" bw="1" slack="0"/>
<pin id="5235" dir="0" index="1" bw="1" slack="0"/>
<pin id="5236" dir="1" index="2" bw="1" slack="0"/>
</pin_list>
<bind>
<opcode="or(24) " fcode="or"/>
<opset="or_ln340_31/3 "/>
</bind>
</comp>

<comp id="5239" class="1004" name="select_ln340_31_fu_5239">
<pin_list>
<pin id="5240" dir="0" index="0" bw="1" slack="0"/>
<pin id="5241" dir="0" index="1" bw="7" slack="0"/>
<pin id="5242" dir="0" index="2" bw="7" slack="0"/>
<pin id="5243" dir="1" index="3" bw="7" slack="0"/>
</pin_list>
<bind>
<opcode="select(49) " fcode="select"/>
<opset="select_ln340_31/3 "/>
</bind>
</comp>

<comp id="5247" class="1004" name="tmp_data_31_V_fu_5247">
<pin_list>
<pin id="5248" dir="0" index="0" bw="1" slack="0"/>
<pin id="5249" dir="0" index="1" bw="7" slack="0"/>
<pin id="5250" dir="0" index="2" bw="7" slack="0"/>
<pin id="5251" dir="1" index="3" bw="7" slack="1"/>
</pin_list>
<bind>
<opcode="select(49) " fcode="select"/>
<opset="tmp_data_31_V/3 "/>
</bind>
</comp>

<comp id="5255" class="1004" name="zext_ln1494_fu_5255">
<pin_list>
<pin id="5256" dir="0" index="0" bw="7" slack="1"/>
<pin id="5257" dir="1" index="1" bw="8" slack="0"/>
</pin_list>
<bind>
<opcode="zext(34) " fcode="zext"/>
<opset="zext_ln1494/4 "/>
</bind>
</comp>

<comp id="5259" class="1004" name="zext_ln1494_63_fu_5259">
<pin_list>
<pin id="5260" dir="0" index="0" bw="7" slack="1"/>
<pin id="5261" dir="1" index="1" bw="8" slack="0"/>
</pin_list>
<bind>
<opcode="zext(34) " fcode="zext"/>
<opset="zext_ln1494_63/4 "/>
</bind>
</comp>

<comp id="5263" class="1004" name="zext_ln1494_64_fu_5263">
<pin_list>
<pin id="5264" dir="0" index="0" bw="7" slack="1"/>
<pin id="5265" dir="1" index="1" bw="8" slack="0"/>
</pin_list>
<bind>
<opcode="zext(34) " fcode="zext"/>
<opset="zext_ln1494_64/4 "/>
</bind>
</comp>

<comp id="5267" class="1004" name="zext_ln1494_65_fu_5267">
<pin_list>
<pin id="5268" dir="0" index="0" bw="7" slack="1"/>
<pin id="5269" dir="1" index="1" bw="8" slack="0"/>
</pin_list>
<bind>
<opcode="zext(34) " fcode="zext"/>
<opset="zext_ln1494_65/4 "/>
</bind>
</comp>

<comp id="5271" class="1004" name="zext_ln1494_66_fu_5271">
<pin_list>
<pin id="5272" dir="0" index="0" bw="7" slack="1"/>
<pin id="5273" dir="1" index="1" bw="8" slack="0"/>
</pin_list>
<bind>
<opcode="zext(34) " fcode="zext"/>
<opset="zext_ln1494_66/4 "/>
</bind>
</comp>

<comp id="5275" class="1004" name="zext_ln1494_67_fu_5275">
<pin_list>
<pin id="5276" dir="0" index="0" bw="7" slack="1"/>
<pin id="5277" dir="1" index="1" bw="8" slack="0"/>
</pin_list>
<bind>
<opcode="zext(34) " fcode="zext"/>
<opset="zext_ln1494_67/4 "/>
</bind>
</comp>

<comp id="5279" class="1004" name="zext_ln1494_68_fu_5279">
<pin_list>
<pin id="5280" dir="0" index="0" bw="7" slack="1"/>
<pin id="5281" dir="1" index="1" bw="8" slack="0"/>
</pin_list>
<bind>
<opcode="zext(34) " fcode="zext"/>
<opset="zext_ln1494_68/4 "/>
</bind>
</comp>

<comp id="5283" class="1004" name="zext_ln1494_69_fu_5283">
<pin_list>
<pin id="5284" dir="0" index="0" bw="7" slack="1"/>
<pin id="5285" dir="1" index="1" bw="8" slack="0"/>
</pin_list>
<bind>
<opcode="zext(34) " fcode="zext"/>
<opset="zext_ln1494_69/4 "/>
</bind>
</comp>

<comp id="5287" class="1004" name="zext_ln1494_70_fu_5287">
<pin_list>
<pin id="5288" dir="0" index="0" bw="7" slack="1"/>
<pin id="5289" dir="1" index="1" bw="8" slack="0"/>
</pin_list>
<bind>
<opcode="zext(34) " fcode="zext"/>
<opset="zext_ln1494_70/4 "/>
</bind>
</comp>

<comp id="5291" class="1004" name="zext_ln1494_71_fu_5291">
<pin_list>
<pin id="5292" dir="0" index="0" bw="7" slack="1"/>
<pin id="5293" dir="1" index="1" bw="8" slack="0"/>
</pin_list>
<bind>
<opcode="zext(34) " fcode="zext"/>
<opset="zext_ln1494_71/4 "/>
</bind>
</comp>

<comp id="5295" class="1004" name="zext_ln1494_72_fu_5295">
<pin_list>
<pin id="5296" dir="0" index="0" bw="7" slack="1"/>
<pin id="5297" dir="1" index="1" bw="8" slack="0"/>
</pin_list>
<bind>
<opcode="zext(34) " fcode="zext"/>
<opset="zext_ln1494_72/4 "/>
</bind>
</comp>

<comp id="5299" class="1004" name="zext_ln1494_73_fu_5299">
<pin_list>
<pin id="5300" dir="0" index="0" bw="7" slack="1"/>
<pin id="5301" dir="1" index="1" bw="8" slack="0"/>
</pin_list>
<bind>
<opcode="zext(34) " fcode="zext"/>
<opset="zext_ln1494_73/4 "/>
</bind>
</comp>

<comp id="5303" class="1004" name="zext_ln1494_74_fu_5303">
<pin_list>
<pin id="5304" dir="0" index="0" bw="7" slack="1"/>
<pin id="5305" dir="1" index="1" bw="8" slack="0"/>
</pin_list>
<bind>
<opcode="zext(34) " fcode="zext"/>
<opset="zext_ln1494_74/4 "/>
</bind>
</comp>

<comp id="5307" class="1004" name="zext_ln1494_75_fu_5307">
<pin_list>
<pin id="5308" dir="0" index="0" bw="7" slack="1"/>
<pin id="5309" dir="1" index="1" bw="8" slack="0"/>
</pin_list>
<bind>
<opcode="zext(34) " fcode="zext"/>
<opset="zext_ln1494_75/4 "/>
</bind>
</comp>

<comp id="5311" class="1004" name="zext_ln1494_76_fu_5311">
<pin_list>
<pin id="5312" dir="0" index="0" bw="7" slack="1"/>
<pin id="5313" dir="1" index="1" bw="8" slack="0"/>
</pin_list>
<bind>
<opcode="zext(34) " fcode="zext"/>
<opset="zext_ln1494_76/4 "/>
</bind>
</comp>

<comp id="5315" class="1004" name="zext_ln1494_77_fu_5315">
<pin_list>
<pin id="5316" dir="0" index="0" bw="7" slack="1"/>
<pin id="5317" dir="1" index="1" bw="8" slack="0"/>
</pin_list>
<bind>
<opcode="zext(34) " fcode="zext"/>
<opset="zext_ln1494_77/4 "/>
</bind>
</comp>

<comp id="5319" class="1004" name="zext_ln1494_78_fu_5319">
<pin_list>
<pin id="5320" dir="0" index="0" bw="7" slack="1"/>
<pin id="5321" dir="1" index="1" bw="8" slack="0"/>
</pin_list>
<bind>
<opcode="zext(34) " fcode="zext"/>
<opset="zext_ln1494_78/4 "/>
</bind>
</comp>

<comp id="5323" class="1004" name="zext_ln1494_79_fu_5323">
<pin_list>
<pin id="5324" dir="0" index="0" bw="7" slack="1"/>
<pin id="5325" dir="1" index="1" bw="8" slack="0"/>
</pin_list>
<bind>
<opcode="zext(34) " fcode="zext"/>
<opset="zext_ln1494_79/4 "/>
</bind>
</comp>

<comp id="5327" class="1004" name="zext_ln1494_80_fu_5327">
<pin_list>
<pin id="5328" dir="0" index="0" bw="7" slack="1"/>
<pin id="5329" dir="1" index="1" bw="8" slack="0"/>
</pin_list>
<bind>
<opcode="zext(34) " fcode="zext"/>
<opset="zext_ln1494_80/4 "/>
</bind>
</comp>

<comp id="5331" class="1004" name="zext_ln1494_81_fu_5331">
<pin_list>
<pin id="5332" dir="0" index="0" bw="7" slack="1"/>
<pin id="5333" dir="1" index="1" bw="8" slack="0"/>
</pin_list>
<bind>
<opcode="zext(34) " fcode="zext"/>
<opset="zext_ln1494_81/4 "/>
</bind>
</comp>

<comp id="5335" class="1004" name="zext_ln1494_82_fu_5335">
<pin_list>
<pin id="5336" dir="0" index="0" bw="7" slack="1"/>
<pin id="5337" dir="1" index="1" bw="8" slack="0"/>
</pin_list>
<bind>
<opcode="zext(34) " fcode="zext"/>
<opset="zext_ln1494_82/4 "/>
</bind>
</comp>

<comp id="5339" class="1004" name="zext_ln1494_83_fu_5339">
<pin_list>
<pin id="5340" dir="0" index="0" bw="7" slack="1"/>
<pin id="5341" dir="1" index="1" bw="8" slack="0"/>
</pin_list>
<bind>
<opcode="zext(34) " fcode="zext"/>
<opset="zext_ln1494_83/4 "/>
</bind>
</comp>

<comp id="5343" class="1004" name="zext_ln1494_84_fu_5343">
<pin_list>
<pin id="5344" dir="0" index="0" bw="7" slack="1"/>
<pin id="5345" dir="1" index="1" bw="8" slack="0"/>
</pin_list>
<bind>
<opcode="zext(34) " fcode="zext"/>
<opset="zext_ln1494_84/4 "/>
</bind>
</comp>

<comp id="5347" class="1004" name="zext_ln1494_85_fu_5347">
<pin_list>
<pin id="5348" dir="0" index="0" bw="7" slack="1"/>
<pin id="5349" dir="1" index="1" bw="8" slack="0"/>
</pin_list>
<bind>
<opcode="zext(34) " fcode="zext"/>
<opset="zext_ln1494_85/4 "/>
</bind>
</comp>

<comp id="5351" class="1004" name="zext_ln1494_86_fu_5351">
<pin_list>
<pin id="5352" dir="0" index="0" bw="7" slack="1"/>
<pin id="5353" dir="1" index="1" bw="8" slack="0"/>
</pin_list>
<bind>
<opcode="zext(34) " fcode="zext"/>
<opset="zext_ln1494_86/4 "/>
</bind>
</comp>

<comp id="5355" class="1004" name="zext_ln1494_87_fu_5355">
<pin_list>
<pin id="5356" dir="0" index="0" bw="7" slack="1"/>
<pin id="5357" dir="1" index="1" bw="8" slack="0"/>
</pin_list>
<bind>
<opcode="zext(34) " fcode="zext"/>
<opset="zext_ln1494_87/4 "/>
</bind>
</comp>

<comp id="5359" class="1004" name="zext_ln1494_88_fu_5359">
<pin_list>
<pin id="5360" dir="0" index="0" bw="7" slack="1"/>
<pin id="5361" dir="1" index="1" bw="8" slack="0"/>
</pin_list>
<bind>
<opcode="zext(34) " fcode="zext"/>
<opset="zext_ln1494_88/4 "/>
</bind>
</comp>

<comp id="5363" class="1004" name="zext_ln1494_89_fu_5363">
<pin_list>
<pin id="5364" dir="0" index="0" bw="7" slack="1"/>
<pin id="5365" dir="1" index="1" bw="8" slack="0"/>
</pin_list>
<bind>
<opcode="zext(34) " fcode="zext"/>
<opset="zext_ln1494_89/4 "/>
</bind>
</comp>

<comp id="5367" class="1004" name="zext_ln1494_90_fu_5367">
<pin_list>
<pin id="5368" dir="0" index="0" bw="7" slack="1"/>
<pin id="5369" dir="1" index="1" bw="8" slack="0"/>
</pin_list>
<bind>
<opcode="zext(34) " fcode="zext"/>
<opset="zext_ln1494_90/4 "/>
</bind>
</comp>

<comp id="5371" class="1004" name="zext_ln1494_91_fu_5371">
<pin_list>
<pin id="5372" dir="0" index="0" bw="7" slack="1"/>
<pin id="5373" dir="1" index="1" bw="8" slack="0"/>
</pin_list>
<bind>
<opcode="zext(34) " fcode="zext"/>
<opset="zext_ln1494_91/4 "/>
</bind>
</comp>

<comp id="5375" class="1004" name="zext_ln1494_92_fu_5375">
<pin_list>
<pin id="5376" dir="0" index="0" bw="7" slack="1"/>
<pin id="5377" dir="1" index="1" bw="8" slack="0"/>
</pin_list>
<bind>
<opcode="zext(34) " fcode="zext"/>
<opset="zext_ln1494_92/4 "/>
</bind>
</comp>

<comp id="5379" class="1004" name="zext_ln1494_93_fu_5379">
<pin_list>
<pin id="5380" dir="0" index="0" bw="7" slack="1"/>
<pin id="5381" dir="1" index="1" bw="8" slack="0"/>
</pin_list>
<bind>
<opcode="zext(34) " fcode="zext"/>
<opset="zext_ln1494_93/4 "/>
</bind>
</comp>

<comp id="5383" class="1005" name="icmp_ln41_reg_5383">
<pin_list>
<pin id="5384" dir="0" index="0" bw="1" slack="1"/>
<pin id="5385" dir="1" index="1" bw="1" slack="2147483647"/>
</pin_list>
<bind>
<opset="icmp_ln41 "/>
</bind>
</comp>

<comp id="5387" class="1005" name="i_reg_5387">
<pin_list>
<pin id="5388" dir="0" index="0" bw="7" slack="0"/>
<pin id="5389" dir="1" index="1" bw="7" slack="0"/>
</pin_list>
<bind>
<opset="i "/>
</bind>
</comp>

<comp id="5392" class="1005" name="tmp_data_0_V_reg_5392">
<pin_list>
<pin id="5393" dir="0" index="0" bw="7" slack="1"/>
<pin id="5394" dir="1" index="1" bw="7" slack="1"/>
</pin_list>
<bind>
<opset="tmp_data_0_V "/>
</bind>
</comp>

<comp id="5397" class="1005" name="tmp_data_1_V_reg_5397">
<pin_list>
<pin id="5398" dir="0" index="0" bw="7" slack="1"/>
<pin id="5399" dir="1" index="1" bw="7" slack="1"/>
</pin_list>
<bind>
<opset="tmp_data_1_V "/>
</bind>
</comp>

<comp id="5402" class="1005" name="tmp_data_2_V_reg_5402">
<pin_list>
<pin id="5403" dir="0" index="0" bw="7" slack="1"/>
<pin id="5404" dir="1" index="1" bw="7" slack="1"/>
</pin_list>
<bind>
<opset="tmp_data_2_V "/>
</bind>
</comp>

<comp id="5407" class="1005" name="tmp_data_3_V_reg_5407">
<pin_list>
<pin id="5408" dir="0" index="0" bw="7" slack="1"/>
<pin id="5409" dir="1" index="1" bw="7" slack="1"/>
</pin_list>
<bind>
<opset="tmp_data_3_V "/>
</bind>
</comp>

<comp id="5412" class="1005" name="tmp_data_4_V_reg_5412">
<pin_list>
<pin id="5413" dir="0" index="0" bw="7" slack="1"/>
<pin id="5414" dir="1" index="1" bw="7" slack="1"/>
</pin_list>
<bind>
<opset="tmp_data_4_V "/>
</bind>
</comp>

<comp id="5417" class="1005" name="tmp_data_5_V_reg_5417">
<pin_list>
<pin id="5418" dir="0" index="0" bw="7" slack="1"/>
<pin id="5419" dir="1" index="1" bw="7" slack="1"/>
</pin_list>
<bind>
<opset="tmp_data_5_V "/>
</bind>
</comp>

<comp id="5422" class="1005" name="tmp_data_6_V_reg_5422">
<pin_list>
<pin id="5423" dir="0" index="0" bw="7" slack="1"/>
<pin id="5424" dir="1" index="1" bw="7" slack="1"/>
</pin_list>
<bind>
<opset="tmp_data_6_V "/>
</bind>
</comp>

<comp id="5427" class="1005" name="tmp_data_7_V_reg_5427">
<pin_list>
<pin id="5428" dir="0" index="0" bw="7" slack="1"/>
<pin id="5429" dir="1" index="1" bw="7" slack="1"/>
</pin_list>
<bind>
<opset="tmp_data_7_V "/>
</bind>
</comp>

<comp id="5432" class="1005" name="tmp_data_8_V_reg_5432">
<pin_list>
<pin id="5433" dir="0" index="0" bw="7" slack="1"/>
<pin id="5434" dir="1" index="1" bw="7" slack="1"/>
</pin_list>
<bind>
<opset="tmp_data_8_V "/>
</bind>
</comp>

<comp id="5437" class="1005" name="tmp_data_9_V_reg_5437">
<pin_list>
<pin id="5438" dir="0" index="0" bw="7" slack="1"/>
<pin id="5439" dir="1" index="1" bw="7" slack="1"/>
</pin_list>
<bind>
<opset="tmp_data_9_V "/>
</bind>
</comp>

<comp id="5442" class="1005" name="tmp_data_10_V_reg_5442">
<pin_list>
<pin id="5443" dir="0" index="0" bw="7" slack="1"/>
<pin id="5444" dir="1" index="1" bw="7" slack="1"/>
</pin_list>
<bind>
<opset="tmp_data_10_V "/>
</bind>
</comp>

<comp id="5447" class="1005" name="tmp_data_11_V_reg_5447">
<pin_list>
<pin id="5448" dir="0" index="0" bw="7" slack="1"/>
<pin id="5449" dir="1" index="1" bw="7" slack="1"/>
</pin_list>
<bind>
<opset="tmp_data_11_V "/>
</bind>
</comp>

<comp id="5452" class="1005" name="tmp_data_12_V_reg_5452">
<pin_list>
<pin id="5453" dir="0" index="0" bw="7" slack="1"/>
<pin id="5454" dir="1" index="1" bw="7" slack="1"/>
</pin_list>
<bind>
<opset="tmp_data_12_V "/>
</bind>
</comp>

<comp id="5457" class="1005" name="tmp_data_13_V_reg_5457">
<pin_list>
<pin id="5458" dir="0" index="0" bw="7" slack="1"/>
<pin id="5459" dir="1" index="1" bw="7" slack="1"/>
</pin_list>
<bind>
<opset="tmp_data_13_V "/>
</bind>
</comp>

<comp id="5462" class="1005" name="tmp_data_14_V_reg_5462">
<pin_list>
<pin id="5463" dir="0" index="0" bw="7" slack="1"/>
<pin id="5464" dir="1" index="1" bw="7" slack="1"/>
</pin_list>
<bind>
<opset="tmp_data_14_V "/>
</bind>
</comp>

<comp id="5467" class="1005" name="tmp_data_15_V_reg_5467">
<pin_list>
<pin id="5468" dir="0" index="0" bw="7" slack="1"/>
<pin id="5469" dir="1" index="1" bw="7" slack="1"/>
</pin_list>
<bind>
<opset="tmp_data_15_V "/>
</bind>
</comp>

<comp id="5472" class="1005" name="tmp_data_16_V_reg_5472">
<pin_list>
<pin id="5473" dir="0" index="0" bw="7" slack="1"/>
<pin id="5474" dir="1" index="1" bw="7" slack="1"/>
</pin_list>
<bind>
<opset="tmp_data_16_V "/>
</bind>
</comp>

<comp id="5477" class="1005" name="tmp_data_17_V_reg_5477">
<pin_list>
<pin id="5478" dir="0" index="0" bw="7" slack="1"/>
<pin id="5479" dir="1" index="1" bw="7" slack="1"/>
</pin_list>
<bind>
<opset="tmp_data_17_V "/>
</bind>
</comp>

<comp id="5482" class="1005" name="tmp_data_18_V_reg_5482">
<pin_list>
<pin id="5483" dir="0" index="0" bw="7" slack="1"/>
<pin id="5484" dir="1" index="1" bw="7" slack="1"/>
</pin_list>
<bind>
<opset="tmp_data_18_V "/>
</bind>
</comp>

<comp id="5487" class="1005" name="tmp_data_19_V_reg_5487">
<pin_list>
<pin id="5488" dir="0" index="0" bw="7" slack="1"/>
<pin id="5489" dir="1" index="1" bw="7" slack="1"/>
</pin_list>
<bind>
<opset="tmp_data_19_V "/>
</bind>
</comp>

<comp id="5492" class="1005" name="tmp_data_20_V_reg_5492">
<pin_list>
<pin id="5493" dir="0" index="0" bw="7" slack="1"/>
<pin id="5494" dir="1" index="1" bw="7" slack="1"/>
</pin_list>
<bind>
<opset="tmp_data_20_V "/>
</bind>
</comp>

<comp id="5497" class="1005" name="tmp_data_21_V_reg_5497">
<pin_list>
<pin id="5498" dir="0" index="0" bw="7" slack="1"/>
<pin id="5499" dir="1" index="1" bw="7" slack="1"/>
</pin_list>
<bind>
<opset="tmp_data_21_V "/>
</bind>
</comp>

<comp id="5502" class="1005" name="tmp_data_22_V_reg_5502">
<pin_list>
<pin id="5503" dir="0" index="0" bw="7" slack="1"/>
<pin id="5504" dir="1" index="1" bw="7" slack="1"/>
</pin_list>
<bind>
<opset="tmp_data_22_V "/>
</bind>
</comp>

<comp id="5507" class="1005" name="tmp_data_23_V_reg_5507">
<pin_list>
<pin id="5508" dir="0" index="0" bw="7" slack="1"/>
<pin id="5509" dir="1" index="1" bw="7" slack="1"/>
</pin_list>
<bind>
<opset="tmp_data_23_V "/>
</bind>
</comp>

<comp id="5512" class="1005" name="tmp_data_24_V_reg_5512">
<pin_list>
<pin id="5513" dir="0" index="0" bw="7" slack="1"/>
<pin id="5514" dir="1" index="1" bw="7" slack="1"/>
</pin_list>
<bind>
<opset="tmp_data_24_V "/>
</bind>
</comp>

<comp id="5517" class="1005" name="tmp_data_25_V_reg_5517">
<pin_list>
<pin id="5518" dir="0" index="0" bw="7" slack="1"/>
<pin id="5519" dir="1" index="1" bw="7" slack="1"/>
</pin_list>
<bind>
<opset="tmp_data_25_V "/>
</bind>
</comp>

<comp id="5522" class="1005" name="tmp_data_26_V_reg_5522">
<pin_list>
<pin id="5523" dir="0" index="0" bw="7" slack="1"/>
<pin id="5524" dir="1" index="1" bw="7" slack="1"/>
</pin_list>
<bind>
<opset="tmp_data_26_V "/>
</bind>
</comp>

<comp id="5527" class="1005" name="tmp_data_27_V_reg_5527">
<pin_list>
<pin id="5528" dir="0" index="0" bw="7" slack="1"/>
<pin id="5529" dir="1" index="1" bw="7" slack="1"/>
</pin_list>
<bind>
<opset="tmp_data_27_V "/>
</bind>
</comp>

<comp id="5532" class="1005" name="tmp_data_28_V_reg_5532">
<pin_list>
<pin id="5533" dir="0" index="0" bw="7" slack="1"/>
<pin id="5534" dir="1" index="1" bw="7" slack="1"/>
</pin_list>
<bind>
<opset="tmp_data_28_V "/>
</bind>
</comp>

<comp id="5537" class="1005" name="tmp_data_29_V_reg_5537">
<pin_list>
<pin id="5538" dir="0" index="0" bw="7" slack="1"/>
<pin id="5539" dir="1" index="1" bw="7" slack="1"/>
</pin_list>
<bind>
<opset="tmp_data_29_V "/>
</bind>
</comp>

<comp id="5542" class="1005" name="tmp_data_30_V_reg_5542">
<pin_list>
<pin id="5543" dir="0" index="0" bw="7" slack="1"/>
<pin id="5544" dir="1" index="1" bw="7" slack="1"/>
</pin_list>
<bind>
<opset="tmp_data_30_V "/>
</bind>
</comp>

<comp id="5547" class="1005" name="tmp_data_31_V_reg_5547">
<pin_list>
<pin id="5548" dir="0" index="0" bw="7" slack="1"/>
<pin id="5549" dir="1" index="1" bw="7" slack="1"/>
</pin_list>
<bind>
<opset="tmp_data_31_V "/>
</bind>
</comp>

</comp_list>

<net_list>
<net id="235"><net_src comp="150" pin="0"/><net_sink comp="200" pin=0"/></net>

<net id="236"><net_src comp="0" pin="0"/><net_sink comp="200" pin=1"/></net>

<net id="237"><net_src comp="2" pin="0"/><net_sink comp="200" pin=2"/></net>

<net id="238"><net_src comp="4" pin="0"/><net_sink comp="200" pin=3"/></net>

<net id="239"><net_src comp="6" pin="0"/><net_sink comp="200" pin=4"/></net>

<net id="240"><net_src comp="8" pin="0"/><net_sink comp="200" pin=5"/></net>

<net id="241"><net_src comp="10" pin="0"/><net_sink comp="200" pin=6"/></net>

<net id="242"><net_src comp="12" pin="0"/><net_sink comp="200" pin=7"/></net>

<net id="243"><net_src comp="14" pin="0"/><net_sink comp="200" pin=8"/></net>

<net id="244"><net_src comp="16" pin="0"/><net_sink comp="200" pin=9"/></net>

<net id="245"><net_src comp="18" pin="0"/><net_sink comp="200" pin=10"/></net>

<net id="246"><net_src comp="20" pin="0"/><net_sink comp="200" pin=11"/></net>

<net id="247"><net_src comp="22" pin="0"/><net_sink comp="200" pin=12"/></net>

<net id="248"><net_src comp="24" pin="0"/><net_sink comp="200" pin=13"/></net>

<net id="249"><net_src comp="26" pin="0"/><net_sink comp="200" pin=14"/></net>

<net id="250"><net_src comp="28" pin="0"/><net_sink comp="200" pin=15"/></net>

<net id="251"><net_src comp="30" pin="0"/><net_sink comp="200" pin=16"/></net>

<net id="252"><net_src comp="32" pin="0"/><net_sink comp="200" pin=17"/></net>

<net id="253"><net_src comp="34" pin="0"/><net_sink comp="200" pin=18"/></net>

<net id="254"><net_src comp="36" pin="0"/><net_sink comp="200" pin=19"/></net>

<net id="255"><net_src comp="38" pin="0"/><net_sink comp="200" pin=20"/></net>

<net id="256"><net_src comp="40" pin="0"/><net_sink comp="200" pin=21"/></net>

<net id="257"><net_src comp="42" pin="0"/><net_sink comp="200" pin=22"/></net>

<net id="258"><net_src comp="44" pin="0"/><net_sink comp="200" pin=23"/></net>

<net id="259"><net_src comp="46" pin="0"/><net_sink comp="200" pin=24"/></net>

<net id="260"><net_src comp="48" pin="0"/><net_sink comp="200" pin=25"/></net>

<net id="261"><net_src comp="50" pin="0"/><net_sink comp="200" pin=26"/></net>

<net id="262"><net_src comp="52" pin="0"/><net_sink comp="200" pin=27"/></net>

<net id="263"><net_src comp="54" pin="0"/><net_sink comp="200" pin=28"/></net>

<net id="264"><net_src comp="56" pin="0"/><net_sink comp="200" pin=29"/></net>

<net id="265"><net_src comp="58" pin="0"/><net_sink comp="200" pin=30"/></net>

<net id="266"><net_src comp="60" pin="0"/><net_sink comp="200" pin=31"/></net>

<net id="267"><net_src comp="62" pin="0"/><net_sink comp="200" pin=32"/></net>

<net id="335"><net_src comp="196" pin="0"/><net_sink comp="268" pin=0"/></net>

<net id="336"><net_src comp="64" pin="0"/><net_sink comp="268" pin=1"/></net>

<net id="337"><net_src comp="66" pin="0"/><net_sink comp="268" pin=2"/></net>

<net id="338"><net_src comp="68" pin="0"/><net_sink comp="268" pin=3"/></net>

<net id="339"><net_src comp="70" pin="0"/><net_sink comp="268" pin=4"/></net>

<net id="340"><net_src comp="72" pin="0"/><net_sink comp="268" pin=5"/></net>

<net id="341"><net_src comp="74" pin="0"/><net_sink comp="268" pin=6"/></net>

<net id="342"><net_src comp="76" pin="0"/><net_sink comp="268" pin=7"/></net>

<net id="343"><net_src comp="78" pin="0"/><net_sink comp="268" pin=8"/></net>

<net id="344"><net_src comp="80" pin="0"/><net_sink comp="268" pin=9"/></net>

<net id="345"><net_src comp="82" pin="0"/><net_sink comp="268" pin=10"/></net>

<net id="346"><net_src comp="84" pin="0"/><net_sink comp="268" pin=11"/></net>

<net id="347"><net_src comp="86" pin="0"/><net_sink comp="268" pin=12"/></net>

<net id="348"><net_src comp="88" pin="0"/><net_sink comp="268" pin=13"/></net>

<net id="349"><net_src comp="90" pin="0"/><net_sink comp="268" pin=14"/></net>

<net id="350"><net_src comp="92" pin="0"/><net_sink comp="268" pin=15"/></net>

<net id="351"><net_src comp="94" pin="0"/><net_sink comp="268" pin=16"/></net>

<net id="352"><net_src comp="96" pin="0"/><net_sink comp="268" pin=17"/></net>

<net id="353"><net_src comp="98" pin="0"/><net_sink comp="268" pin=18"/></net>

<net id="354"><net_src comp="100" pin="0"/><net_sink comp="268" pin=19"/></net>

<net id="355"><net_src comp="102" pin="0"/><net_sink comp="268" pin=20"/></net>

<net id="356"><net_src comp="104" pin="0"/><net_sink comp="268" pin=21"/></net>

<net id="357"><net_src comp="106" pin="0"/><net_sink comp="268" pin=22"/></net>

<net id="358"><net_src comp="108" pin="0"/><net_sink comp="268" pin=23"/></net>

<net id="359"><net_src comp="110" pin="0"/><net_sink comp="268" pin=24"/></net>

<net id="360"><net_src comp="112" pin="0"/><net_sink comp="268" pin=25"/></net>

<net id="361"><net_src comp="114" pin="0"/><net_sink comp="268" pin=26"/></net>

<net id="362"><net_src comp="116" pin="0"/><net_sink comp="268" pin=27"/></net>

<net id="363"><net_src comp="118" pin="0"/><net_sink comp="268" pin=28"/></net>

<net id="364"><net_src comp="120" pin="0"/><net_sink comp="268" pin=29"/></net>

<net id="365"><net_src comp="122" pin="0"/><net_sink comp="268" pin=30"/></net>

<net id="366"><net_src comp="124" pin="0"/><net_sink comp="268" pin=31"/></net>

<net id="367"><net_src comp="126" pin="0"/><net_sink comp="268" pin=32"/></net>

<net id="371"><net_src comp="140" pin="0"/><net_sink comp="368" pin=0"/></net>

<net id="378"><net_src comp="368" pin="1"/><net_sink comp="372" pin=0"/></net>

<net id="383"><net_src comp="372" pin="4"/><net_sink comp="379" pin=0"/></net>

<net id="384"><net_src comp="142" pin="0"/><net_sink comp="379" pin=1"/></net>

<net id="389"><net_src comp="372" pin="4"/><net_sink comp="385" pin=0"/></net>

<net id="390"><net_src comp="148" pin="0"/><net_sink comp="385" pin=1"/></net>

<net id="394"><net_src comp="200" pin="33"/><net_sink comp="391" pin=0"/></net>

<net id="398"><net_src comp="200" pin="33"/><net_sink comp="395" pin=0"/></net>

<net id="402"><net_src comp="200" pin="33"/><net_sink comp="399" pin=0"/></net>

<net id="406"><net_src comp="200" pin="33"/><net_sink comp="403" pin=0"/></net>

<net id="410"><net_src comp="200" pin="33"/><net_sink comp="407" pin=0"/></net>

<net id="414"><net_src comp="200" pin="33"/><net_sink comp="411" pin=0"/></net>

<net id="418"><net_src comp="200" pin="33"/><net_sink comp="415" pin=0"/></net>

<net id="422"><net_src comp="200" pin="33"/><net_sink comp="419" pin=0"/></net>

<net id="426"><net_src comp="200" pin="33"/><net_sink comp="423" pin=0"/></net>

<net id="430"><net_src comp="200" pin="33"/><net_sink comp="427" pin=0"/></net>

<net id="434"><net_src comp="200" pin="33"/><net_sink comp="431" pin=0"/></net>

<net id="438"><net_src comp="200" pin="33"/><net_sink comp="435" pin=0"/></net>

<net id="442"><net_src comp="200" pin="33"/><net_sink comp="439" pin=0"/></net>

<net id="446"><net_src comp="200" pin="33"/><net_sink comp="443" pin=0"/></net>

<net id="450"><net_src comp="200" pin="33"/><net_sink comp="447" pin=0"/></net>

<net id="454"><net_src comp="200" pin="33"/><net_sink comp="451" pin=0"/></net>

<net id="458"><net_src comp="200" pin="33"/><net_sink comp="455" pin=0"/></net>

<net id="462"><net_src comp="200" pin="33"/><net_sink comp="459" pin=0"/></net>

<net id="466"><net_src comp="200" pin="33"/><net_sink comp="463" pin=0"/></net>

<net id="470"><net_src comp="200" pin="33"/><net_sink comp="467" pin=0"/></net>

<net id="474"><net_src comp="200" pin="33"/><net_sink comp="471" pin=0"/></net>

<net id="478"><net_src comp="200" pin="33"/><net_sink comp="475" pin=0"/></net>

<net id="482"><net_src comp="200" pin="33"/><net_sink comp="479" pin=0"/></net>

<net id="486"><net_src comp="200" pin="33"/><net_sink comp="483" pin=0"/></net>

<net id="490"><net_src comp="200" pin="33"/><net_sink comp="487" pin=0"/></net>

<net id="494"><net_src comp="200" pin="33"/><net_sink comp="491" pin=0"/></net>

<net id="498"><net_src comp="200" pin="33"/><net_sink comp="495" pin=0"/></net>

<net id="502"><net_src comp="200" pin="33"/><net_sink comp="499" pin=0"/></net>

<net id="506"><net_src comp="200" pin="33"/><net_sink comp="503" pin=0"/></net>

<net id="510"><net_src comp="200" pin="33"/><net_sink comp="507" pin=0"/></net>

<net id="514"><net_src comp="200" pin="33"/><net_sink comp="511" pin=0"/></net>

<net id="518"><net_src comp="200" pin="33"/><net_sink comp="515" pin=0"/></net>

<net id="523"><net_src comp="391" pin="1"/><net_sink comp="519" pin=0"/></net>

<net id="524"><net_src comp="152" pin="0"/><net_sink comp="519" pin=1"/></net>

<net id="531"><net_src comp="154" pin="0"/><net_sink comp="525" pin=0"/></net>

<net id="532"><net_src comp="391" pin="1"/><net_sink comp="525" pin=1"/></net>

<net id="533"><net_src comp="136" pin="0"/><net_sink comp="525" pin=2"/></net>

<net id="534"><net_src comp="156" pin="0"/><net_sink comp="525" pin=3"/></net>

<net id="540"><net_src comp="158" pin="0"/><net_sink comp="535" pin=0"/></net>

<net id="541"><net_src comp="391" pin="1"/><net_sink comp="535" pin=1"/></net>

<net id="542"><net_src comp="156" pin="0"/><net_sink comp="535" pin=2"/></net>

<net id="548"><net_src comp="158" pin="0"/><net_sink comp="543" pin=0"/></net>

<net id="549"><net_src comp="391" pin="1"/><net_sink comp="543" pin=1"/></net>

<net id="550"><net_src comp="160" pin="0"/><net_sink comp="543" pin=2"/></net>

<net id="554"><net_src comp="543" pin="3"/><net_sink comp="551" pin=0"/></net>

<net id="561"><net_src comp="162" pin="0"/><net_sink comp="555" pin=0"/></net>

<net id="562"><net_src comp="391" pin="1"/><net_sink comp="555" pin=1"/></net>

<net id="563"><net_src comp="136" pin="0"/><net_sink comp="555" pin=2"/></net>

<net id="564"><net_src comp="164" pin="0"/><net_sink comp="555" pin=3"/></net>

<net id="568"><net_src comp="543" pin="3"/><net_sink comp="565" pin=0"/></net>

<net id="573"><net_src comp="525" pin="4"/><net_sink comp="569" pin=0"/></net>

<net id="574"><net_src comp="551" pin="1"/><net_sink comp="569" pin=1"/></net>

<net id="579"><net_src comp="555" pin="4"/><net_sink comp="575" pin=0"/></net>

<net id="580"><net_src comp="565" pin="1"/><net_sink comp="575" pin=1"/></net>

<net id="586"><net_src comp="166" pin="0"/><net_sink comp="581" pin=0"/></net>

<net id="587"><net_src comp="569" pin="2"/><net_sink comp="581" pin=1"/></net>

<net id="588"><net_src comp="168" pin="0"/><net_sink comp="581" pin=2"/></net>

<net id="593"><net_src comp="581" pin="3"/><net_sink comp="589" pin=0"/></net>

<net id="594"><net_src comp="170" pin="0"/><net_sink comp="589" pin=1"/></net>

<net id="599"><net_src comp="535" pin="3"/><net_sink comp="595" pin=0"/></net>

<net id="600"><net_src comp="589" pin="2"/><net_sink comp="595" pin=1"/></net>

<net id="606"><net_src comp="166" pin="0"/><net_sink comp="601" pin=0"/></net>

<net id="607"><net_src comp="569" pin="2"/><net_sink comp="601" pin=1"/></net>

<net id="608"><net_src comp="168" pin="0"/><net_sink comp="601" pin=2"/></net>

<net id="615"><net_src comp="172" pin="0"/><net_sink comp="609" pin=0"/></net>

<net id="616"><net_src comp="391" pin="1"/><net_sink comp="609" pin=1"/></net>

<net id="617"><net_src comp="174" pin="0"/><net_sink comp="609" pin=2"/></net>

<net id="618"><net_src comp="176" pin="0"/><net_sink comp="609" pin=3"/></net>

<net id="623"><net_src comp="609" pin="4"/><net_sink comp="619" pin=0"/></net>

<net id="624"><net_src comp="178" pin="0"/><net_sink comp="619" pin=1"/></net>

<net id="629"><net_src comp="609" pin="4"/><net_sink comp="625" pin=0"/></net>

<net id="630"><net_src comp="180" pin="0"/><net_sink comp="625" pin=1"/></net>

<net id="636"><net_src comp="595" pin="2"/><net_sink comp="631" pin=0"/></net>

<net id="637"><net_src comp="619" pin="2"/><net_sink comp="631" pin=1"/></net>

<net id="638"><net_src comp="625" pin="2"/><net_sink comp="631" pin=2"/></net>

<net id="643"><net_src comp="631" pin="3"/><net_sink comp="639" pin=0"/></net>

<net id="644"><net_src comp="170" pin="0"/><net_sink comp="639" pin=1"/></net>

<net id="649"><net_src comp="601" pin="3"/><net_sink comp="645" pin=0"/></net>

<net id="650"><net_src comp="639" pin="2"/><net_sink comp="645" pin=1"/></net>

<net id="656"><net_src comp="645" pin="2"/><net_sink comp="651" pin=0"/></net>

<net id="657"><net_src comp="182" pin="0"/><net_sink comp="651" pin=1"/></net>

<net id="658"><net_src comp="575" pin="2"/><net_sink comp="651" pin=2"/></net>

<net id="664"><net_src comp="519" pin="2"/><net_sink comp="659" pin=0"/></net>

<net id="665"><net_src comp="651" pin="3"/><net_sink comp="659" pin=1"/></net>

<net id="666"><net_src comp="140" pin="0"/><net_sink comp="659" pin=2"/></net>

<net id="671"><net_src comp="395" pin="1"/><net_sink comp="667" pin=0"/></net>

<net id="672"><net_src comp="152" pin="0"/><net_sink comp="667" pin=1"/></net>

<net id="679"><net_src comp="154" pin="0"/><net_sink comp="673" pin=0"/></net>

<net id="680"><net_src comp="395" pin="1"/><net_sink comp="673" pin=1"/></net>

<net id="681"><net_src comp="136" pin="0"/><net_sink comp="673" pin=2"/></net>

<net id="682"><net_src comp="156" pin="0"/><net_sink comp="673" pin=3"/></net>

<net id="688"><net_src comp="158" pin="0"/><net_sink comp="683" pin=0"/></net>

<net id="689"><net_src comp="395" pin="1"/><net_sink comp="683" pin=1"/></net>

<net id="690"><net_src comp="156" pin="0"/><net_sink comp="683" pin=2"/></net>

<net id="696"><net_src comp="158" pin="0"/><net_sink comp="691" pin=0"/></net>

<net id="697"><net_src comp="395" pin="1"/><net_sink comp="691" pin=1"/></net>

<net id="698"><net_src comp="160" pin="0"/><net_sink comp="691" pin=2"/></net>

<net id="702"><net_src comp="691" pin="3"/><net_sink comp="699" pin=0"/></net>

<net id="709"><net_src comp="162" pin="0"/><net_sink comp="703" pin=0"/></net>

<net id="710"><net_src comp="395" pin="1"/><net_sink comp="703" pin=1"/></net>

<net id="711"><net_src comp="136" pin="0"/><net_sink comp="703" pin=2"/></net>

<net id="712"><net_src comp="164" pin="0"/><net_sink comp="703" pin=3"/></net>

<net id="716"><net_src comp="691" pin="3"/><net_sink comp="713" pin=0"/></net>

<net id="721"><net_src comp="673" pin="4"/><net_sink comp="717" pin=0"/></net>

<net id="722"><net_src comp="699" pin="1"/><net_sink comp="717" pin=1"/></net>

<net id="727"><net_src comp="703" pin="4"/><net_sink comp="723" pin=0"/></net>

<net id="728"><net_src comp="713" pin="1"/><net_sink comp="723" pin=1"/></net>

<net id="734"><net_src comp="166" pin="0"/><net_sink comp="729" pin=0"/></net>

<net id="735"><net_src comp="717" pin="2"/><net_sink comp="729" pin=1"/></net>

<net id="736"><net_src comp="168" pin="0"/><net_sink comp="729" pin=2"/></net>

<net id="741"><net_src comp="729" pin="3"/><net_sink comp="737" pin=0"/></net>

<net id="742"><net_src comp="170" pin="0"/><net_sink comp="737" pin=1"/></net>

<net id="747"><net_src comp="683" pin="3"/><net_sink comp="743" pin=0"/></net>

<net id="748"><net_src comp="737" pin="2"/><net_sink comp="743" pin=1"/></net>

<net id="754"><net_src comp="166" pin="0"/><net_sink comp="749" pin=0"/></net>

<net id="755"><net_src comp="717" pin="2"/><net_sink comp="749" pin=1"/></net>

<net id="756"><net_src comp="168" pin="0"/><net_sink comp="749" pin=2"/></net>

<net id="763"><net_src comp="172" pin="0"/><net_sink comp="757" pin=0"/></net>

<net id="764"><net_src comp="395" pin="1"/><net_sink comp="757" pin=1"/></net>

<net id="765"><net_src comp="174" pin="0"/><net_sink comp="757" pin=2"/></net>

<net id="766"><net_src comp="176" pin="0"/><net_sink comp="757" pin=3"/></net>

<net id="771"><net_src comp="757" pin="4"/><net_sink comp="767" pin=0"/></net>

<net id="772"><net_src comp="178" pin="0"/><net_sink comp="767" pin=1"/></net>

<net id="777"><net_src comp="757" pin="4"/><net_sink comp="773" pin=0"/></net>

<net id="778"><net_src comp="180" pin="0"/><net_sink comp="773" pin=1"/></net>

<net id="784"><net_src comp="743" pin="2"/><net_sink comp="779" pin=0"/></net>

<net id="785"><net_src comp="767" pin="2"/><net_sink comp="779" pin=1"/></net>

<net id="786"><net_src comp="773" pin="2"/><net_sink comp="779" pin=2"/></net>

<net id="791"><net_src comp="779" pin="3"/><net_sink comp="787" pin=0"/></net>

<net id="792"><net_src comp="170" pin="0"/><net_sink comp="787" pin=1"/></net>

<net id="797"><net_src comp="749" pin="3"/><net_sink comp="793" pin=0"/></net>

<net id="798"><net_src comp="787" pin="2"/><net_sink comp="793" pin=1"/></net>

<net id="804"><net_src comp="793" pin="2"/><net_sink comp="799" pin=0"/></net>

<net id="805"><net_src comp="182" pin="0"/><net_sink comp="799" pin=1"/></net>

<net id="806"><net_src comp="723" pin="2"/><net_sink comp="799" pin=2"/></net>

<net id="812"><net_src comp="667" pin="2"/><net_sink comp="807" pin=0"/></net>

<net id="813"><net_src comp="799" pin="3"/><net_sink comp="807" pin=1"/></net>

<net id="814"><net_src comp="140" pin="0"/><net_sink comp="807" pin=2"/></net>

<net id="819"><net_src comp="399" pin="1"/><net_sink comp="815" pin=0"/></net>

<net id="820"><net_src comp="152" pin="0"/><net_sink comp="815" pin=1"/></net>

<net id="827"><net_src comp="154" pin="0"/><net_sink comp="821" pin=0"/></net>

<net id="828"><net_src comp="399" pin="1"/><net_sink comp="821" pin=1"/></net>

<net id="829"><net_src comp="136" pin="0"/><net_sink comp="821" pin=2"/></net>

<net id="830"><net_src comp="156" pin="0"/><net_sink comp="821" pin=3"/></net>

<net id="836"><net_src comp="158" pin="0"/><net_sink comp="831" pin=0"/></net>

<net id="837"><net_src comp="399" pin="1"/><net_sink comp="831" pin=1"/></net>

<net id="838"><net_src comp="156" pin="0"/><net_sink comp="831" pin=2"/></net>

<net id="844"><net_src comp="158" pin="0"/><net_sink comp="839" pin=0"/></net>

<net id="845"><net_src comp="399" pin="1"/><net_sink comp="839" pin=1"/></net>

<net id="846"><net_src comp="160" pin="0"/><net_sink comp="839" pin=2"/></net>

<net id="850"><net_src comp="839" pin="3"/><net_sink comp="847" pin=0"/></net>

<net id="857"><net_src comp="162" pin="0"/><net_sink comp="851" pin=0"/></net>

<net id="858"><net_src comp="399" pin="1"/><net_sink comp="851" pin=1"/></net>

<net id="859"><net_src comp="136" pin="0"/><net_sink comp="851" pin=2"/></net>

<net id="860"><net_src comp="164" pin="0"/><net_sink comp="851" pin=3"/></net>

<net id="864"><net_src comp="839" pin="3"/><net_sink comp="861" pin=0"/></net>

<net id="869"><net_src comp="821" pin="4"/><net_sink comp="865" pin=0"/></net>

<net id="870"><net_src comp="847" pin="1"/><net_sink comp="865" pin=1"/></net>

<net id="875"><net_src comp="851" pin="4"/><net_sink comp="871" pin=0"/></net>

<net id="876"><net_src comp="861" pin="1"/><net_sink comp="871" pin=1"/></net>

<net id="882"><net_src comp="166" pin="0"/><net_sink comp="877" pin=0"/></net>

<net id="883"><net_src comp="865" pin="2"/><net_sink comp="877" pin=1"/></net>

<net id="884"><net_src comp="168" pin="0"/><net_sink comp="877" pin=2"/></net>

<net id="889"><net_src comp="877" pin="3"/><net_sink comp="885" pin=0"/></net>

<net id="890"><net_src comp="170" pin="0"/><net_sink comp="885" pin=1"/></net>

<net id="895"><net_src comp="831" pin="3"/><net_sink comp="891" pin=0"/></net>

<net id="896"><net_src comp="885" pin="2"/><net_sink comp="891" pin=1"/></net>

<net id="902"><net_src comp="166" pin="0"/><net_sink comp="897" pin=0"/></net>

<net id="903"><net_src comp="865" pin="2"/><net_sink comp="897" pin=1"/></net>

<net id="904"><net_src comp="168" pin="0"/><net_sink comp="897" pin=2"/></net>

<net id="911"><net_src comp="172" pin="0"/><net_sink comp="905" pin=0"/></net>

<net id="912"><net_src comp="399" pin="1"/><net_sink comp="905" pin=1"/></net>

<net id="913"><net_src comp="174" pin="0"/><net_sink comp="905" pin=2"/></net>

<net id="914"><net_src comp="176" pin="0"/><net_sink comp="905" pin=3"/></net>

<net id="919"><net_src comp="905" pin="4"/><net_sink comp="915" pin=0"/></net>

<net id="920"><net_src comp="178" pin="0"/><net_sink comp="915" pin=1"/></net>

<net id="925"><net_src comp="905" pin="4"/><net_sink comp="921" pin=0"/></net>

<net id="926"><net_src comp="180" pin="0"/><net_sink comp="921" pin=1"/></net>

<net id="932"><net_src comp="891" pin="2"/><net_sink comp="927" pin=0"/></net>

<net id="933"><net_src comp="915" pin="2"/><net_sink comp="927" pin=1"/></net>

<net id="934"><net_src comp="921" pin="2"/><net_sink comp="927" pin=2"/></net>

<net id="939"><net_src comp="927" pin="3"/><net_sink comp="935" pin=0"/></net>

<net id="940"><net_src comp="170" pin="0"/><net_sink comp="935" pin=1"/></net>

<net id="945"><net_src comp="897" pin="3"/><net_sink comp="941" pin=0"/></net>

<net id="946"><net_src comp="935" pin="2"/><net_sink comp="941" pin=1"/></net>

<net id="952"><net_src comp="941" pin="2"/><net_sink comp="947" pin=0"/></net>

<net id="953"><net_src comp="182" pin="0"/><net_sink comp="947" pin=1"/></net>

<net id="954"><net_src comp="871" pin="2"/><net_sink comp="947" pin=2"/></net>

<net id="960"><net_src comp="815" pin="2"/><net_sink comp="955" pin=0"/></net>

<net id="961"><net_src comp="947" pin="3"/><net_sink comp="955" pin=1"/></net>

<net id="962"><net_src comp="140" pin="0"/><net_sink comp="955" pin=2"/></net>

<net id="967"><net_src comp="403" pin="1"/><net_sink comp="963" pin=0"/></net>

<net id="968"><net_src comp="152" pin="0"/><net_sink comp="963" pin=1"/></net>

<net id="975"><net_src comp="154" pin="0"/><net_sink comp="969" pin=0"/></net>

<net id="976"><net_src comp="403" pin="1"/><net_sink comp="969" pin=1"/></net>

<net id="977"><net_src comp="136" pin="0"/><net_sink comp="969" pin=2"/></net>

<net id="978"><net_src comp="156" pin="0"/><net_sink comp="969" pin=3"/></net>

<net id="984"><net_src comp="158" pin="0"/><net_sink comp="979" pin=0"/></net>

<net id="985"><net_src comp="403" pin="1"/><net_sink comp="979" pin=1"/></net>

<net id="986"><net_src comp="156" pin="0"/><net_sink comp="979" pin=2"/></net>

<net id="992"><net_src comp="158" pin="0"/><net_sink comp="987" pin=0"/></net>

<net id="993"><net_src comp="403" pin="1"/><net_sink comp="987" pin=1"/></net>

<net id="994"><net_src comp="160" pin="0"/><net_sink comp="987" pin=2"/></net>

<net id="998"><net_src comp="987" pin="3"/><net_sink comp="995" pin=0"/></net>

<net id="1005"><net_src comp="162" pin="0"/><net_sink comp="999" pin=0"/></net>

<net id="1006"><net_src comp="403" pin="1"/><net_sink comp="999" pin=1"/></net>

<net id="1007"><net_src comp="136" pin="0"/><net_sink comp="999" pin=2"/></net>

<net id="1008"><net_src comp="164" pin="0"/><net_sink comp="999" pin=3"/></net>

<net id="1012"><net_src comp="987" pin="3"/><net_sink comp="1009" pin=0"/></net>

<net id="1017"><net_src comp="969" pin="4"/><net_sink comp="1013" pin=0"/></net>

<net id="1018"><net_src comp="995" pin="1"/><net_sink comp="1013" pin=1"/></net>

<net id="1023"><net_src comp="999" pin="4"/><net_sink comp="1019" pin=0"/></net>

<net id="1024"><net_src comp="1009" pin="1"/><net_sink comp="1019" pin=1"/></net>

<net id="1030"><net_src comp="166" pin="0"/><net_sink comp="1025" pin=0"/></net>

<net id="1031"><net_src comp="1013" pin="2"/><net_sink comp="1025" pin=1"/></net>

<net id="1032"><net_src comp="168" pin="0"/><net_sink comp="1025" pin=2"/></net>

<net id="1037"><net_src comp="1025" pin="3"/><net_sink comp="1033" pin=0"/></net>

<net id="1038"><net_src comp="170" pin="0"/><net_sink comp="1033" pin=1"/></net>

<net id="1043"><net_src comp="979" pin="3"/><net_sink comp="1039" pin=0"/></net>

<net id="1044"><net_src comp="1033" pin="2"/><net_sink comp="1039" pin=1"/></net>

<net id="1050"><net_src comp="166" pin="0"/><net_sink comp="1045" pin=0"/></net>

<net id="1051"><net_src comp="1013" pin="2"/><net_sink comp="1045" pin=1"/></net>

<net id="1052"><net_src comp="168" pin="0"/><net_sink comp="1045" pin=2"/></net>

<net id="1059"><net_src comp="172" pin="0"/><net_sink comp="1053" pin=0"/></net>

<net id="1060"><net_src comp="403" pin="1"/><net_sink comp="1053" pin=1"/></net>

<net id="1061"><net_src comp="174" pin="0"/><net_sink comp="1053" pin=2"/></net>

<net id="1062"><net_src comp="176" pin="0"/><net_sink comp="1053" pin=3"/></net>

<net id="1067"><net_src comp="1053" pin="4"/><net_sink comp="1063" pin=0"/></net>

<net id="1068"><net_src comp="178" pin="0"/><net_sink comp="1063" pin=1"/></net>

<net id="1073"><net_src comp="1053" pin="4"/><net_sink comp="1069" pin=0"/></net>

<net id="1074"><net_src comp="180" pin="0"/><net_sink comp="1069" pin=1"/></net>

<net id="1080"><net_src comp="1039" pin="2"/><net_sink comp="1075" pin=0"/></net>

<net id="1081"><net_src comp="1063" pin="2"/><net_sink comp="1075" pin=1"/></net>

<net id="1082"><net_src comp="1069" pin="2"/><net_sink comp="1075" pin=2"/></net>

<net id="1087"><net_src comp="1075" pin="3"/><net_sink comp="1083" pin=0"/></net>

<net id="1088"><net_src comp="170" pin="0"/><net_sink comp="1083" pin=1"/></net>

<net id="1093"><net_src comp="1045" pin="3"/><net_sink comp="1089" pin=0"/></net>

<net id="1094"><net_src comp="1083" pin="2"/><net_sink comp="1089" pin=1"/></net>

<net id="1100"><net_src comp="1089" pin="2"/><net_sink comp="1095" pin=0"/></net>

<net id="1101"><net_src comp="182" pin="0"/><net_sink comp="1095" pin=1"/></net>

<net id="1102"><net_src comp="1019" pin="2"/><net_sink comp="1095" pin=2"/></net>

<net id="1108"><net_src comp="963" pin="2"/><net_sink comp="1103" pin=0"/></net>

<net id="1109"><net_src comp="1095" pin="3"/><net_sink comp="1103" pin=1"/></net>

<net id="1110"><net_src comp="140" pin="0"/><net_sink comp="1103" pin=2"/></net>

<net id="1115"><net_src comp="407" pin="1"/><net_sink comp="1111" pin=0"/></net>

<net id="1116"><net_src comp="152" pin="0"/><net_sink comp="1111" pin=1"/></net>

<net id="1123"><net_src comp="154" pin="0"/><net_sink comp="1117" pin=0"/></net>

<net id="1124"><net_src comp="407" pin="1"/><net_sink comp="1117" pin=1"/></net>

<net id="1125"><net_src comp="136" pin="0"/><net_sink comp="1117" pin=2"/></net>

<net id="1126"><net_src comp="156" pin="0"/><net_sink comp="1117" pin=3"/></net>

<net id="1132"><net_src comp="158" pin="0"/><net_sink comp="1127" pin=0"/></net>

<net id="1133"><net_src comp="407" pin="1"/><net_sink comp="1127" pin=1"/></net>

<net id="1134"><net_src comp="156" pin="0"/><net_sink comp="1127" pin=2"/></net>

<net id="1140"><net_src comp="158" pin="0"/><net_sink comp="1135" pin=0"/></net>

<net id="1141"><net_src comp="407" pin="1"/><net_sink comp="1135" pin=1"/></net>

<net id="1142"><net_src comp="160" pin="0"/><net_sink comp="1135" pin=2"/></net>

<net id="1146"><net_src comp="1135" pin="3"/><net_sink comp="1143" pin=0"/></net>

<net id="1153"><net_src comp="162" pin="0"/><net_sink comp="1147" pin=0"/></net>

<net id="1154"><net_src comp="407" pin="1"/><net_sink comp="1147" pin=1"/></net>

<net id="1155"><net_src comp="136" pin="0"/><net_sink comp="1147" pin=2"/></net>

<net id="1156"><net_src comp="164" pin="0"/><net_sink comp="1147" pin=3"/></net>

<net id="1160"><net_src comp="1135" pin="3"/><net_sink comp="1157" pin=0"/></net>

<net id="1165"><net_src comp="1117" pin="4"/><net_sink comp="1161" pin=0"/></net>

<net id="1166"><net_src comp="1143" pin="1"/><net_sink comp="1161" pin=1"/></net>

<net id="1171"><net_src comp="1147" pin="4"/><net_sink comp="1167" pin=0"/></net>

<net id="1172"><net_src comp="1157" pin="1"/><net_sink comp="1167" pin=1"/></net>

<net id="1178"><net_src comp="166" pin="0"/><net_sink comp="1173" pin=0"/></net>

<net id="1179"><net_src comp="1161" pin="2"/><net_sink comp="1173" pin=1"/></net>

<net id="1180"><net_src comp="168" pin="0"/><net_sink comp="1173" pin=2"/></net>

<net id="1185"><net_src comp="1173" pin="3"/><net_sink comp="1181" pin=0"/></net>

<net id="1186"><net_src comp="170" pin="0"/><net_sink comp="1181" pin=1"/></net>

<net id="1191"><net_src comp="1127" pin="3"/><net_sink comp="1187" pin=0"/></net>

<net id="1192"><net_src comp="1181" pin="2"/><net_sink comp="1187" pin=1"/></net>

<net id="1198"><net_src comp="166" pin="0"/><net_sink comp="1193" pin=0"/></net>

<net id="1199"><net_src comp="1161" pin="2"/><net_sink comp="1193" pin=1"/></net>

<net id="1200"><net_src comp="168" pin="0"/><net_sink comp="1193" pin=2"/></net>

<net id="1207"><net_src comp="172" pin="0"/><net_sink comp="1201" pin=0"/></net>

<net id="1208"><net_src comp="407" pin="1"/><net_sink comp="1201" pin=1"/></net>

<net id="1209"><net_src comp="174" pin="0"/><net_sink comp="1201" pin=2"/></net>

<net id="1210"><net_src comp="176" pin="0"/><net_sink comp="1201" pin=3"/></net>

<net id="1215"><net_src comp="1201" pin="4"/><net_sink comp="1211" pin=0"/></net>

<net id="1216"><net_src comp="178" pin="0"/><net_sink comp="1211" pin=1"/></net>

<net id="1221"><net_src comp="1201" pin="4"/><net_sink comp="1217" pin=0"/></net>

<net id="1222"><net_src comp="180" pin="0"/><net_sink comp="1217" pin=1"/></net>

<net id="1228"><net_src comp="1187" pin="2"/><net_sink comp="1223" pin=0"/></net>

<net id="1229"><net_src comp="1211" pin="2"/><net_sink comp="1223" pin=1"/></net>

<net id="1230"><net_src comp="1217" pin="2"/><net_sink comp="1223" pin=2"/></net>

<net id="1235"><net_src comp="1223" pin="3"/><net_sink comp="1231" pin=0"/></net>

<net id="1236"><net_src comp="170" pin="0"/><net_sink comp="1231" pin=1"/></net>

<net id="1241"><net_src comp="1193" pin="3"/><net_sink comp="1237" pin=0"/></net>

<net id="1242"><net_src comp="1231" pin="2"/><net_sink comp="1237" pin=1"/></net>

<net id="1248"><net_src comp="1237" pin="2"/><net_sink comp="1243" pin=0"/></net>

<net id="1249"><net_src comp="182" pin="0"/><net_sink comp="1243" pin=1"/></net>

<net id="1250"><net_src comp="1167" pin="2"/><net_sink comp="1243" pin=2"/></net>

<net id="1256"><net_src comp="1111" pin="2"/><net_sink comp="1251" pin=0"/></net>

<net id="1257"><net_src comp="1243" pin="3"/><net_sink comp="1251" pin=1"/></net>

<net id="1258"><net_src comp="140" pin="0"/><net_sink comp="1251" pin=2"/></net>

<net id="1263"><net_src comp="411" pin="1"/><net_sink comp="1259" pin=0"/></net>

<net id="1264"><net_src comp="152" pin="0"/><net_sink comp="1259" pin=1"/></net>

<net id="1271"><net_src comp="154" pin="0"/><net_sink comp="1265" pin=0"/></net>

<net id="1272"><net_src comp="411" pin="1"/><net_sink comp="1265" pin=1"/></net>

<net id="1273"><net_src comp="136" pin="0"/><net_sink comp="1265" pin=2"/></net>

<net id="1274"><net_src comp="156" pin="0"/><net_sink comp="1265" pin=3"/></net>

<net id="1280"><net_src comp="158" pin="0"/><net_sink comp="1275" pin=0"/></net>

<net id="1281"><net_src comp="411" pin="1"/><net_sink comp="1275" pin=1"/></net>

<net id="1282"><net_src comp="156" pin="0"/><net_sink comp="1275" pin=2"/></net>

<net id="1288"><net_src comp="158" pin="0"/><net_sink comp="1283" pin=0"/></net>

<net id="1289"><net_src comp="411" pin="1"/><net_sink comp="1283" pin=1"/></net>

<net id="1290"><net_src comp="160" pin="0"/><net_sink comp="1283" pin=2"/></net>

<net id="1294"><net_src comp="1283" pin="3"/><net_sink comp="1291" pin=0"/></net>

<net id="1301"><net_src comp="162" pin="0"/><net_sink comp="1295" pin=0"/></net>

<net id="1302"><net_src comp="411" pin="1"/><net_sink comp="1295" pin=1"/></net>

<net id="1303"><net_src comp="136" pin="0"/><net_sink comp="1295" pin=2"/></net>

<net id="1304"><net_src comp="164" pin="0"/><net_sink comp="1295" pin=3"/></net>

<net id="1308"><net_src comp="1283" pin="3"/><net_sink comp="1305" pin=0"/></net>

<net id="1313"><net_src comp="1265" pin="4"/><net_sink comp="1309" pin=0"/></net>

<net id="1314"><net_src comp="1291" pin="1"/><net_sink comp="1309" pin=1"/></net>

<net id="1319"><net_src comp="1295" pin="4"/><net_sink comp="1315" pin=0"/></net>

<net id="1320"><net_src comp="1305" pin="1"/><net_sink comp="1315" pin=1"/></net>

<net id="1326"><net_src comp="166" pin="0"/><net_sink comp="1321" pin=0"/></net>

<net id="1327"><net_src comp="1309" pin="2"/><net_sink comp="1321" pin=1"/></net>

<net id="1328"><net_src comp="168" pin="0"/><net_sink comp="1321" pin=2"/></net>

<net id="1333"><net_src comp="1321" pin="3"/><net_sink comp="1329" pin=0"/></net>

<net id="1334"><net_src comp="170" pin="0"/><net_sink comp="1329" pin=1"/></net>

<net id="1339"><net_src comp="1275" pin="3"/><net_sink comp="1335" pin=0"/></net>

<net id="1340"><net_src comp="1329" pin="2"/><net_sink comp="1335" pin=1"/></net>

<net id="1346"><net_src comp="166" pin="0"/><net_sink comp="1341" pin=0"/></net>

<net id="1347"><net_src comp="1309" pin="2"/><net_sink comp="1341" pin=1"/></net>

<net id="1348"><net_src comp="168" pin="0"/><net_sink comp="1341" pin=2"/></net>

<net id="1355"><net_src comp="172" pin="0"/><net_sink comp="1349" pin=0"/></net>

<net id="1356"><net_src comp="411" pin="1"/><net_sink comp="1349" pin=1"/></net>

<net id="1357"><net_src comp="174" pin="0"/><net_sink comp="1349" pin=2"/></net>

<net id="1358"><net_src comp="176" pin="0"/><net_sink comp="1349" pin=3"/></net>

<net id="1363"><net_src comp="1349" pin="4"/><net_sink comp="1359" pin=0"/></net>

<net id="1364"><net_src comp="178" pin="0"/><net_sink comp="1359" pin=1"/></net>

<net id="1369"><net_src comp="1349" pin="4"/><net_sink comp="1365" pin=0"/></net>

<net id="1370"><net_src comp="180" pin="0"/><net_sink comp="1365" pin=1"/></net>

<net id="1376"><net_src comp="1335" pin="2"/><net_sink comp="1371" pin=0"/></net>

<net id="1377"><net_src comp="1359" pin="2"/><net_sink comp="1371" pin=1"/></net>

<net id="1378"><net_src comp="1365" pin="2"/><net_sink comp="1371" pin=2"/></net>

<net id="1383"><net_src comp="1371" pin="3"/><net_sink comp="1379" pin=0"/></net>

<net id="1384"><net_src comp="170" pin="0"/><net_sink comp="1379" pin=1"/></net>

<net id="1389"><net_src comp="1341" pin="3"/><net_sink comp="1385" pin=0"/></net>

<net id="1390"><net_src comp="1379" pin="2"/><net_sink comp="1385" pin=1"/></net>

<net id="1396"><net_src comp="1385" pin="2"/><net_sink comp="1391" pin=0"/></net>

<net id="1397"><net_src comp="182" pin="0"/><net_sink comp="1391" pin=1"/></net>

<net id="1398"><net_src comp="1315" pin="2"/><net_sink comp="1391" pin=2"/></net>

<net id="1404"><net_src comp="1259" pin="2"/><net_sink comp="1399" pin=0"/></net>

<net id="1405"><net_src comp="1391" pin="3"/><net_sink comp="1399" pin=1"/></net>

<net id="1406"><net_src comp="140" pin="0"/><net_sink comp="1399" pin=2"/></net>

<net id="1411"><net_src comp="415" pin="1"/><net_sink comp="1407" pin=0"/></net>

<net id="1412"><net_src comp="152" pin="0"/><net_sink comp="1407" pin=1"/></net>

<net id="1419"><net_src comp="154" pin="0"/><net_sink comp="1413" pin=0"/></net>

<net id="1420"><net_src comp="415" pin="1"/><net_sink comp="1413" pin=1"/></net>

<net id="1421"><net_src comp="136" pin="0"/><net_sink comp="1413" pin=2"/></net>

<net id="1422"><net_src comp="156" pin="0"/><net_sink comp="1413" pin=3"/></net>

<net id="1428"><net_src comp="158" pin="0"/><net_sink comp="1423" pin=0"/></net>

<net id="1429"><net_src comp="415" pin="1"/><net_sink comp="1423" pin=1"/></net>

<net id="1430"><net_src comp="156" pin="0"/><net_sink comp="1423" pin=2"/></net>

<net id="1436"><net_src comp="158" pin="0"/><net_sink comp="1431" pin=0"/></net>

<net id="1437"><net_src comp="415" pin="1"/><net_sink comp="1431" pin=1"/></net>

<net id="1438"><net_src comp="160" pin="0"/><net_sink comp="1431" pin=2"/></net>

<net id="1442"><net_src comp="1431" pin="3"/><net_sink comp="1439" pin=0"/></net>

<net id="1449"><net_src comp="162" pin="0"/><net_sink comp="1443" pin=0"/></net>

<net id="1450"><net_src comp="415" pin="1"/><net_sink comp="1443" pin=1"/></net>

<net id="1451"><net_src comp="136" pin="0"/><net_sink comp="1443" pin=2"/></net>

<net id="1452"><net_src comp="164" pin="0"/><net_sink comp="1443" pin=3"/></net>

<net id="1456"><net_src comp="1431" pin="3"/><net_sink comp="1453" pin=0"/></net>

<net id="1461"><net_src comp="1413" pin="4"/><net_sink comp="1457" pin=0"/></net>

<net id="1462"><net_src comp="1439" pin="1"/><net_sink comp="1457" pin=1"/></net>

<net id="1467"><net_src comp="1443" pin="4"/><net_sink comp="1463" pin=0"/></net>

<net id="1468"><net_src comp="1453" pin="1"/><net_sink comp="1463" pin=1"/></net>

<net id="1474"><net_src comp="166" pin="0"/><net_sink comp="1469" pin=0"/></net>

<net id="1475"><net_src comp="1457" pin="2"/><net_sink comp="1469" pin=1"/></net>

<net id="1476"><net_src comp="168" pin="0"/><net_sink comp="1469" pin=2"/></net>

<net id="1481"><net_src comp="1469" pin="3"/><net_sink comp="1477" pin=0"/></net>

<net id="1482"><net_src comp="170" pin="0"/><net_sink comp="1477" pin=1"/></net>

<net id="1487"><net_src comp="1423" pin="3"/><net_sink comp="1483" pin=0"/></net>

<net id="1488"><net_src comp="1477" pin="2"/><net_sink comp="1483" pin=1"/></net>

<net id="1494"><net_src comp="166" pin="0"/><net_sink comp="1489" pin=0"/></net>

<net id="1495"><net_src comp="1457" pin="2"/><net_sink comp="1489" pin=1"/></net>

<net id="1496"><net_src comp="168" pin="0"/><net_sink comp="1489" pin=2"/></net>

<net id="1503"><net_src comp="172" pin="0"/><net_sink comp="1497" pin=0"/></net>

<net id="1504"><net_src comp="415" pin="1"/><net_sink comp="1497" pin=1"/></net>

<net id="1505"><net_src comp="174" pin="0"/><net_sink comp="1497" pin=2"/></net>

<net id="1506"><net_src comp="176" pin="0"/><net_sink comp="1497" pin=3"/></net>

<net id="1511"><net_src comp="1497" pin="4"/><net_sink comp="1507" pin=0"/></net>

<net id="1512"><net_src comp="178" pin="0"/><net_sink comp="1507" pin=1"/></net>

<net id="1517"><net_src comp="1497" pin="4"/><net_sink comp="1513" pin=0"/></net>

<net id="1518"><net_src comp="180" pin="0"/><net_sink comp="1513" pin=1"/></net>

<net id="1524"><net_src comp="1483" pin="2"/><net_sink comp="1519" pin=0"/></net>

<net id="1525"><net_src comp="1507" pin="2"/><net_sink comp="1519" pin=1"/></net>

<net id="1526"><net_src comp="1513" pin="2"/><net_sink comp="1519" pin=2"/></net>

<net id="1531"><net_src comp="1519" pin="3"/><net_sink comp="1527" pin=0"/></net>

<net id="1532"><net_src comp="170" pin="0"/><net_sink comp="1527" pin=1"/></net>

<net id="1537"><net_src comp="1489" pin="3"/><net_sink comp="1533" pin=0"/></net>

<net id="1538"><net_src comp="1527" pin="2"/><net_sink comp="1533" pin=1"/></net>

<net id="1544"><net_src comp="1533" pin="2"/><net_sink comp="1539" pin=0"/></net>

<net id="1545"><net_src comp="182" pin="0"/><net_sink comp="1539" pin=1"/></net>

<net id="1546"><net_src comp="1463" pin="2"/><net_sink comp="1539" pin=2"/></net>

<net id="1552"><net_src comp="1407" pin="2"/><net_sink comp="1547" pin=0"/></net>

<net id="1553"><net_src comp="1539" pin="3"/><net_sink comp="1547" pin=1"/></net>

<net id="1554"><net_src comp="140" pin="0"/><net_sink comp="1547" pin=2"/></net>

<net id="1559"><net_src comp="419" pin="1"/><net_sink comp="1555" pin=0"/></net>

<net id="1560"><net_src comp="152" pin="0"/><net_sink comp="1555" pin=1"/></net>

<net id="1567"><net_src comp="154" pin="0"/><net_sink comp="1561" pin=0"/></net>

<net id="1568"><net_src comp="419" pin="1"/><net_sink comp="1561" pin=1"/></net>

<net id="1569"><net_src comp="136" pin="0"/><net_sink comp="1561" pin=2"/></net>

<net id="1570"><net_src comp="156" pin="0"/><net_sink comp="1561" pin=3"/></net>

<net id="1576"><net_src comp="158" pin="0"/><net_sink comp="1571" pin=0"/></net>

<net id="1577"><net_src comp="419" pin="1"/><net_sink comp="1571" pin=1"/></net>

<net id="1578"><net_src comp="156" pin="0"/><net_sink comp="1571" pin=2"/></net>

<net id="1584"><net_src comp="158" pin="0"/><net_sink comp="1579" pin=0"/></net>

<net id="1585"><net_src comp="419" pin="1"/><net_sink comp="1579" pin=1"/></net>

<net id="1586"><net_src comp="160" pin="0"/><net_sink comp="1579" pin=2"/></net>

<net id="1590"><net_src comp="1579" pin="3"/><net_sink comp="1587" pin=0"/></net>

<net id="1597"><net_src comp="162" pin="0"/><net_sink comp="1591" pin=0"/></net>

<net id="1598"><net_src comp="419" pin="1"/><net_sink comp="1591" pin=1"/></net>

<net id="1599"><net_src comp="136" pin="0"/><net_sink comp="1591" pin=2"/></net>

<net id="1600"><net_src comp="164" pin="0"/><net_sink comp="1591" pin=3"/></net>

<net id="1604"><net_src comp="1579" pin="3"/><net_sink comp="1601" pin=0"/></net>

<net id="1609"><net_src comp="1561" pin="4"/><net_sink comp="1605" pin=0"/></net>

<net id="1610"><net_src comp="1587" pin="1"/><net_sink comp="1605" pin=1"/></net>

<net id="1615"><net_src comp="1591" pin="4"/><net_sink comp="1611" pin=0"/></net>

<net id="1616"><net_src comp="1601" pin="1"/><net_sink comp="1611" pin=1"/></net>

<net id="1622"><net_src comp="166" pin="0"/><net_sink comp="1617" pin=0"/></net>

<net id="1623"><net_src comp="1605" pin="2"/><net_sink comp="1617" pin=1"/></net>

<net id="1624"><net_src comp="168" pin="0"/><net_sink comp="1617" pin=2"/></net>

<net id="1629"><net_src comp="1617" pin="3"/><net_sink comp="1625" pin=0"/></net>

<net id="1630"><net_src comp="170" pin="0"/><net_sink comp="1625" pin=1"/></net>

<net id="1635"><net_src comp="1571" pin="3"/><net_sink comp="1631" pin=0"/></net>

<net id="1636"><net_src comp="1625" pin="2"/><net_sink comp="1631" pin=1"/></net>

<net id="1642"><net_src comp="166" pin="0"/><net_sink comp="1637" pin=0"/></net>

<net id="1643"><net_src comp="1605" pin="2"/><net_sink comp="1637" pin=1"/></net>

<net id="1644"><net_src comp="168" pin="0"/><net_sink comp="1637" pin=2"/></net>

<net id="1651"><net_src comp="172" pin="0"/><net_sink comp="1645" pin=0"/></net>

<net id="1652"><net_src comp="419" pin="1"/><net_sink comp="1645" pin=1"/></net>

<net id="1653"><net_src comp="174" pin="0"/><net_sink comp="1645" pin=2"/></net>

<net id="1654"><net_src comp="176" pin="0"/><net_sink comp="1645" pin=3"/></net>

<net id="1659"><net_src comp="1645" pin="4"/><net_sink comp="1655" pin=0"/></net>

<net id="1660"><net_src comp="178" pin="0"/><net_sink comp="1655" pin=1"/></net>

<net id="1665"><net_src comp="1645" pin="4"/><net_sink comp="1661" pin=0"/></net>

<net id="1666"><net_src comp="180" pin="0"/><net_sink comp="1661" pin=1"/></net>

<net id="1672"><net_src comp="1631" pin="2"/><net_sink comp="1667" pin=0"/></net>

<net id="1673"><net_src comp="1655" pin="2"/><net_sink comp="1667" pin=1"/></net>

<net id="1674"><net_src comp="1661" pin="2"/><net_sink comp="1667" pin=2"/></net>

<net id="1679"><net_src comp="1667" pin="3"/><net_sink comp="1675" pin=0"/></net>

<net id="1680"><net_src comp="170" pin="0"/><net_sink comp="1675" pin=1"/></net>

<net id="1685"><net_src comp="1637" pin="3"/><net_sink comp="1681" pin=0"/></net>

<net id="1686"><net_src comp="1675" pin="2"/><net_sink comp="1681" pin=1"/></net>

<net id="1692"><net_src comp="1681" pin="2"/><net_sink comp="1687" pin=0"/></net>

<net id="1693"><net_src comp="182" pin="0"/><net_sink comp="1687" pin=1"/></net>

<net id="1694"><net_src comp="1611" pin="2"/><net_sink comp="1687" pin=2"/></net>

<net id="1700"><net_src comp="1555" pin="2"/><net_sink comp="1695" pin=0"/></net>

<net id="1701"><net_src comp="1687" pin="3"/><net_sink comp="1695" pin=1"/></net>

<net id="1702"><net_src comp="140" pin="0"/><net_sink comp="1695" pin=2"/></net>

<net id="1707"><net_src comp="423" pin="1"/><net_sink comp="1703" pin=0"/></net>

<net id="1708"><net_src comp="152" pin="0"/><net_sink comp="1703" pin=1"/></net>

<net id="1715"><net_src comp="154" pin="0"/><net_sink comp="1709" pin=0"/></net>

<net id="1716"><net_src comp="423" pin="1"/><net_sink comp="1709" pin=1"/></net>

<net id="1717"><net_src comp="136" pin="0"/><net_sink comp="1709" pin=2"/></net>

<net id="1718"><net_src comp="156" pin="0"/><net_sink comp="1709" pin=3"/></net>

<net id="1724"><net_src comp="158" pin="0"/><net_sink comp="1719" pin=0"/></net>

<net id="1725"><net_src comp="423" pin="1"/><net_sink comp="1719" pin=1"/></net>

<net id="1726"><net_src comp="156" pin="0"/><net_sink comp="1719" pin=2"/></net>

<net id="1732"><net_src comp="158" pin="0"/><net_sink comp="1727" pin=0"/></net>

<net id="1733"><net_src comp="423" pin="1"/><net_sink comp="1727" pin=1"/></net>

<net id="1734"><net_src comp="160" pin="0"/><net_sink comp="1727" pin=2"/></net>

<net id="1738"><net_src comp="1727" pin="3"/><net_sink comp="1735" pin=0"/></net>

<net id="1745"><net_src comp="162" pin="0"/><net_sink comp="1739" pin=0"/></net>

<net id="1746"><net_src comp="423" pin="1"/><net_sink comp="1739" pin=1"/></net>

<net id="1747"><net_src comp="136" pin="0"/><net_sink comp="1739" pin=2"/></net>

<net id="1748"><net_src comp="164" pin="0"/><net_sink comp="1739" pin=3"/></net>

<net id="1752"><net_src comp="1727" pin="3"/><net_sink comp="1749" pin=0"/></net>

<net id="1757"><net_src comp="1709" pin="4"/><net_sink comp="1753" pin=0"/></net>

<net id="1758"><net_src comp="1735" pin="1"/><net_sink comp="1753" pin=1"/></net>

<net id="1763"><net_src comp="1739" pin="4"/><net_sink comp="1759" pin=0"/></net>

<net id="1764"><net_src comp="1749" pin="1"/><net_sink comp="1759" pin=1"/></net>

<net id="1770"><net_src comp="166" pin="0"/><net_sink comp="1765" pin=0"/></net>

<net id="1771"><net_src comp="1753" pin="2"/><net_sink comp="1765" pin=1"/></net>

<net id="1772"><net_src comp="168" pin="0"/><net_sink comp="1765" pin=2"/></net>

<net id="1777"><net_src comp="1765" pin="3"/><net_sink comp="1773" pin=0"/></net>

<net id="1778"><net_src comp="170" pin="0"/><net_sink comp="1773" pin=1"/></net>

<net id="1783"><net_src comp="1719" pin="3"/><net_sink comp="1779" pin=0"/></net>

<net id="1784"><net_src comp="1773" pin="2"/><net_sink comp="1779" pin=1"/></net>

<net id="1790"><net_src comp="166" pin="0"/><net_sink comp="1785" pin=0"/></net>

<net id="1791"><net_src comp="1753" pin="2"/><net_sink comp="1785" pin=1"/></net>

<net id="1792"><net_src comp="168" pin="0"/><net_sink comp="1785" pin=2"/></net>

<net id="1799"><net_src comp="172" pin="0"/><net_sink comp="1793" pin=0"/></net>

<net id="1800"><net_src comp="423" pin="1"/><net_sink comp="1793" pin=1"/></net>

<net id="1801"><net_src comp="174" pin="0"/><net_sink comp="1793" pin=2"/></net>

<net id="1802"><net_src comp="176" pin="0"/><net_sink comp="1793" pin=3"/></net>

<net id="1807"><net_src comp="1793" pin="4"/><net_sink comp="1803" pin=0"/></net>

<net id="1808"><net_src comp="178" pin="0"/><net_sink comp="1803" pin=1"/></net>

<net id="1813"><net_src comp="1793" pin="4"/><net_sink comp="1809" pin=0"/></net>

<net id="1814"><net_src comp="180" pin="0"/><net_sink comp="1809" pin=1"/></net>

<net id="1820"><net_src comp="1779" pin="2"/><net_sink comp="1815" pin=0"/></net>

<net id="1821"><net_src comp="1803" pin="2"/><net_sink comp="1815" pin=1"/></net>

<net id="1822"><net_src comp="1809" pin="2"/><net_sink comp="1815" pin=2"/></net>

<net id="1827"><net_src comp="1815" pin="3"/><net_sink comp="1823" pin=0"/></net>

<net id="1828"><net_src comp="170" pin="0"/><net_sink comp="1823" pin=1"/></net>

<net id="1833"><net_src comp="1785" pin="3"/><net_sink comp="1829" pin=0"/></net>

<net id="1834"><net_src comp="1823" pin="2"/><net_sink comp="1829" pin=1"/></net>

<net id="1840"><net_src comp="1829" pin="2"/><net_sink comp="1835" pin=0"/></net>

<net id="1841"><net_src comp="182" pin="0"/><net_sink comp="1835" pin=1"/></net>

<net id="1842"><net_src comp="1759" pin="2"/><net_sink comp="1835" pin=2"/></net>

<net id="1848"><net_src comp="1703" pin="2"/><net_sink comp="1843" pin=0"/></net>

<net id="1849"><net_src comp="1835" pin="3"/><net_sink comp="1843" pin=1"/></net>

<net id="1850"><net_src comp="140" pin="0"/><net_sink comp="1843" pin=2"/></net>

<net id="1855"><net_src comp="427" pin="1"/><net_sink comp="1851" pin=0"/></net>

<net id="1856"><net_src comp="152" pin="0"/><net_sink comp="1851" pin=1"/></net>

<net id="1863"><net_src comp="154" pin="0"/><net_sink comp="1857" pin=0"/></net>

<net id="1864"><net_src comp="427" pin="1"/><net_sink comp="1857" pin=1"/></net>

<net id="1865"><net_src comp="136" pin="0"/><net_sink comp="1857" pin=2"/></net>

<net id="1866"><net_src comp="156" pin="0"/><net_sink comp="1857" pin=3"/></net>

<net id="1872"><net_src comp="158" pin="0"/><net_sink comp="1867" pin=0"/></net>

<net id="1873"><net_src comp="427" pin="1"/><net_sink comp="1867" pin=1"/></net>

<net id="1874"><net_src comp="156" pin="0"/><net_sink comp="1867" pin=2"/></net>

<net id="1880"><net_src comp="158" pin="0"/><net_sink comp="1875" pin=0"/></net>

<net id="1881"><net_src comp="427" pin="1"/><net_sink comp="1875" pin=1"/></net>

<net id="1882"><net_src comp="160" pin="0"/><net_sink comp="1875" pin=2"/></net>

<net id="1886"><net_src comp="1875" pin="3"/><net_sink comp="1883" pin=0"/></net>

<net id="1893"><net_src comp="162" pin="0"/><net_sink comp="1887" pin=0"/></net>

<net id="1894"><net_src comp="427" pin="1"/><net_sink comp="1887" pin=1"/></net>

<net id="1895"><net_src comp="136" pin="0"/><net_sink comp="1887" pin=2"/></net>

<net id="1896"><net_src comp="164" pin="0"/><net_sink comp="1887" pin=3"/></net>

<net id="1900"><net_src comp="1875" pin="3"/><net_sink comp="1897" pin=0"/></net>

<net id="1905"><net_src comp="1857" pin="4"/><net_sink comp="1901" pin=0"/></net>

<net id="1906"><net_src comp="1883" pin="1"/><net_sink comp="1901" pin=1"/></net>

<net id="1911"><net_src comp="1887" pin="4"/><net_sink comp="1907" pin=0"/></net>

<net id="1912"><net_src comp="1897" pin="1"/><net_sink comp="1907" pin=1"/></net>

<net id="1918"><net_src comp="166" pin="0"/><net_sink comp="1913" pin=0"/></net>

<net id="1919"><net_src comp="1901" pin="2"/><net_sink comp="1913" pin=1"/></net>

<net id="1920"><net_src comp="168" pin="0"/><net_sink comp="1913" pin=2"/></net>

<net id="1925"><net_src comp="1913" pin="3"/><net_sink comp="1921" pin=0"/></net>

<net id="1926"><net_src comp="170" pin="0"/><net_sink comp="1921" pin=1"/></net>

<net id="1931"><net_src comp="1867" pin="3"/><net_sink comp="1927" pin=0"/></net>

<net id="1932"><net_src comp="1921" pin="2"/><net_sink comp="1927" pin=1"/></net>

<net id="1938"><net_src comp="166" pin="0"/><net_sink comp="1933" pin=0"/></net>

<net id="1939"><net_src comp="1901" pin="2"/><net_sink comp="1933" pin=1"/></net>

<net id="1940"><net_src comp="168" pin="0"/><net_sink comp="1933" pin=2"/></net>

<net id="1947"><net_src comp="172" pin="0"/><net_sink comp="1941" pin=0"/></net>

<net id="1948"><net_src comp="427" pin="1"/><net_sink comp="1941" pin=1"/></net>

<net id="1949"><net_src comp="174" pin="0"/><net_sink comp="1941" pin=2"/></net>

<net id="1950"><net_src comp="176" pin="0"/><net_sink comp="1941" pin=3"/></net>

<net id="1955"><net_src comp="1941" pin="4"/><net_sink comp="1951" pin=0"/></net>

<net id="1956"><net_src comp="178" pin="0"/><net_sink comp="1951" pin=1"/></net>

<net id="1961"><net_src comp="1941" pin="4"/><net_sink comp="1957" pin=0"/></net>

<net id="1962"><net_src comp="180" pin="0"/><net_sink comp="1957" pin=1"/></net>

<net id="1968"><net_src comp="1927" pin="2"/><net_sink comp="1963" pin=0"/></net>

<net id="1969"><net_src comp="1951" pin="2"/><net_sink comp="1963" pin=1"/></net>

<net id="1970"><net_src comp="1957" pin="2"/><net_sink comp="1963" pin=2"/></net>

<net id="1975"><net_src comp="1963" pin="3"/><net_sink comp="1971" pin=0"/></net>

<net id="1976"><net_src comp="170" pin="0"/><net_sink comp="1971" pin=1"/></net>

<net id="1981"><net_src comp="1933" pin="3"/><net_sink comp="1977" pin=0"/></net>

<net id="1982"><net_src comp="1971" pin="2"/><net_sink comp="1977" pin=1"/></net>

<net id="1988"><net_src comp="1977" pin="2"/><net_sink comp="1983" pin=0"/></net>

<net id="1989"><net_src comp="182" pin="0"/><net_sink comp="1983" pin=1"/></net>

<net id="1990"><net_src comp="1907" pin="2"/><net_sink comp="1983" pin=2"/></net>

<net id="1996"><net_src comp="1851" pin="2"/><net_sink comp="1991" pin=0"/></net>

<net id="1997"><net_src comp="1983" pin="3"/><net_sink comp="1991" pin=1"/></net>

<net id="1998"><net_src comp="140" pin="0"/><net_sink comp="1991" pin=2"/></net>

<net id="2003"><net_src comp="431" pin="1"/><net_sink comp="1999" pin=0"/></net>

<net id="2004"><net_src comp="152" pin="0"/><net_sink comp="1999" pin=1"/></net>

<net id="2011"><net_src comp="154" pin="0"/><net_sink comp="2005" pin=0"/></net>

<net id="2012"><net_src comp="431" pin="1"/><net_sink comp="2005" pin=1"/></net>

<net id="2013"><net_src comp="136" pin="0"/><net_sink comp="2005" pin=2"/></net>

<net id="2014"><net_src comp="156" pin="0"/><net_sink comp="2005" pin=3"/></net>

<net id="2020"><net_src comp="158" pin="0"/><net_sink comp="2015" pin=0"/></net>

<net id="2021"><net_src comp="431" pin="1"/><net_sink comp="2015" pin=1"/></net>

<net id="2022"><net_src comp="156" pin="0"/><net_sink comp="2015" pin=2"/></net>

<net id="2028"><net_src comp="158" pin="0"/><net_sink comp="2023" pin=0"/></net>

<net id="2029"><net_src comp="431" pin="1"/><net_sink comp="2023" pin=1"/></net>

<net id="2030"><net_src comp="160" pin="0"/><net_sink comp="2023" pin=2"/></net>

<net id="2034"><net_src comp="2023" pin="3"/><net_sink comp="2031" pin=0"/></net>

<net id="2041"><net_src comp="162" pin="0"/><net_sink comp="2035" pin=0"/></net>

<net id="2042"><net_src comp="431" pin="1"/><net_sink comp="2035" pin=1"/></net>

<net id="2043"><net_src comp="136" pin="0"/><net_sink comp="2035" pin=2"/></net>

<net id="2044"><net_src comp="164" pin="0"/><net_sink comp="2035" pin=3"/></net>

<net id="2048"><net_src comp="2023" pin="3"/><net_sink comp="2045" pin=0"/></net>

<net id="2053"><net_src comp="2005" pin="4"/><net_sink comp="2049" pin=0"/></net>

<net id="2054"><net_src comp="2031" pin="1"/><net_sink comp="2049" pin=1"/></net>

<net id="2059"><net_src comp="2035" pin="4"/><net_sink comp="2055" pin=0"/></net>

<net id="2060"><net_src comp="2045" pin="1"/><net_sink comp="2055" pin=1"/></net>

<net id="2066"><net_src comp="166" pin="0"/><net_sink comp="2061" pin=0"/></net>

<net id="2067"><net_src comp="2049" pin="2"/><net_sink comp="2061" pin=1"/></net>

<net id="2068"><net_src comp="168" pin="0"/><net_sink comp="2061" pin=2"/></net>

<net id="2073"><net_src comp="2061" pin="3"/><net_sink comp="2069" pin=0"/></net>

<net id="2074"><net_src comp="170" pin="0"/><net_sink comp="2069" pin=1"/></net>

<net id="2079"><net_src comp="2015" pin="3"/><net_sink comp="2075" pin=0"/></net>

<net id="2080"><net_src comp="2069" pin="2"/><net_sink comp="2075" pin=1"/></net>

<net id="2086"><net_src comp="166" pin="0"/><net_sink comp="2081" pin=0"/></net>

<net id="2087"><net_src comp="2049" pin="2"/><net_sink comp="2081" pin=1"/></net>

<net id="2088"><net_src comp="168" pin="0"/><net_sink comp="2081" pin=2"/></net>

<net id="2095"><net_src comp="172" pin="0"/><net_sink comp="2089" pin=0"/></net>

<net id="2096"><net_src comp="431" pin="1"/><net_sink comp="2089" pin=1"/></net>

<net id="2097"><net_src comp="174" pin="0"/><net_sink comp="2089" pin=2"/></net>

<net id="2098"><net_src comp="176" pin="0"/><net_sink comp="2089" pin=3"/></net>

<net id="2103"><net_src comp="2089" pin="4"/><net_sink comp="2099" pin=0"/></net>

<net id="2104"><net_src comp="178" pin="0"/><net_sink comp="2099" pin=1"/></net>

<net id="2109"><net_src comp="2089" pin="4"/><net_sink comp="2105" pin=0"/></net>

<net id="2110"><net_src comp="180" pin="0"/><net_sink comp="2105" pin=1"/></net>

<net id="2116"><net_src comp="2075" pin="2"/><net_sink comp="2111" pin=0"/></net>

<net id="2117"><net_src comp="2099" pin="2"/><net_sink comp="2111" pin=1"/></net>

<net id="2118"><net_src comp="2105" pin="2"/><net_sink comp="2111" pin=2"/></net>

<net id="2123"><net_src comp="2111" pin="3"/><net_sink comp="2119" pin=0"/></net>

<net id="2124"><net_src comp="170" pin="0"/><net_sink comp="2119" pin=1"/></net>

<net id="2129"><net_src comp="2081" pin="3"/><net_sink comp="2125" pin=0"/></net>

<net id="2130"><net_src comp="2119" pin="2"/><net_sink comp="2125" pin=1"/></net>

<net id="2136"><net_src comp="2125" pin="2"/><net_sink comp="2131" pin=0"/></net>

<net id="2137"><net_src comp="182" pin="0"/><net_sink comp="2131" pin=1"/></net>

<net id="2138"><net_src comp="2055" pin="2"/><net_sink comp="2131" pin=2"/></net>

<net id="2144"><net_src comp="1999" pin="2"/><net_sink comp="2139" pin=0"/></net>

<net id="2145"><net_src comp="2131" pin="3"/><net_sink comp="2139" pin=1"/></net>

<net id="2146"><net_src comp="140" pin="0"/><net_sink comp="2139" pin=2"/></net>

<net id="2151"><net_src comp="435" pin="1"/><net_sink comp="2147" pin=0"/></net>

<net id="2152"><net_src comp="152" pin="0"/><net_sink comp="2147" pin=1"/></net>

<net id="2159"><net_src comp="154" pin="0"/><net_sink comp="2153" pin=0"/></net>

<net id="2160"><net_src comp="435" pin="1"/><net_sink comp="2153" pin=1"/></net>

<net id="2161"><net_src comp="136" pin="0"/><net_sink comp="2153" pin=2"/></net>

<net id="2162"><net_src comp="156" pin="0"/><net_sink comp="2153" pin=3"/></net>

<net id="2168"><net_src comp="158" pin="0"/><net_sink comp="2163" pin=0"/></net>

<net id="2169"><net_src comp="435" pin="1"/><net_sink comp="2163" pin=1"/></net>

<net id="2170"><net_src comp="156" pin="0"/><net_sink comp="2163" pin=2"/></net>

<net id="2176"><net_src comp="158" pin="0"/><net_sink comp="2171" pin=0"/></net>

<net id="2177"><net_src comp="435" pin="1"/><net_sink comp="2171" pin=1"/></net>

<net id="2178"><net_src comp="160" pin="0"/><net_sink comp="2171" pin=2"/></net>

<net id="2182"><net_src comp="2171" pin="3"/><net_sink comp="2179" pin=0"/></net>

<net id="2189"><net_src comp="162" pin="0"/><net_sink comp="2183" pin=0"/></net>

<net id="2190"><net_src comp="435" pin="1"/><net_sink comp="2183" pin=1"/></net>

<net id="2191"><net_src comp="136" pin="0"/><net_sink comp="2183" pin=2"/></net>

<net id="2192"><net_src comp="164" pin="0"/><net_sink comp="2183" pin=3"/></net>

<net id="2196"><net_src comp="2171" pin="3"/><net_sink comp="2193" pin=0"/></net>

<net id="2201"><net_src comp="2153" pin="4"/><net_sink comp="2197" pin=0"/></net>

<net id="2202"><net_src comp="2179" pin="1"/><net_sink comp="2197" pin=1"/></net>

<net id="2207"><net_src comp="2183" pin="4"/><net_sink comp="2203" pin=0"/></net>

<net id="2208"><net_src comp="2193" pin="1"/><net_sink comp="2203" pin=1"/></net>

<net id="2214"><net_src comp="166" pin="0"/><net_sink comp="2209" pin=0"/></net>

<net id="2215"><net_src comp="2197" pin="2"/><net_sink comp="2209" pin=1"/></net>

<net id="2216"><net_src comp="168" pin="0"/><net_sink comp="2209" pin=2"/></net>

<net id="2221"><net_src comp="2209" pin="3"/><net_sink comp="2217" pin=0"/></net>

<net id="2222"><net_src comp="170" pin="0"/><net_sink comp="2217" pin=1"/></net>

<net id="2227"><net_src comp="2163" pin="3"/><net_sink comp="2223" pin=0"/></net>

<net id="2228"><net_src comp="2217" pin="2"/><net_sink comp="2223" pin=1"/></net>

<net id="2234"><net_src comp="166" pin="0"/><net_sink comp="2229" pin=0"/></net>

<net id="2235"><net_src comp="2197" pin="2"/><net_sink comp="2229" pin=1"/></net>

<net id="2236"><net_src comp="168" pin="0"/><net_sink comp="2229" pin=2"/></net>

<net id="2243"><net_src comp="172" pin="0"/><net_sink comp="2237" pin=0"/></net>

<net id="2244"><net_src comp="435" pin="1"/><net_sink comp="2237" pin=1"/></net>

<net id="2245"><net_src comp="174" pin="0"/><net_sink comp="2237" pin=2"/></net>

<net id="2246"><net_src comp="176" pin="0"/><net_sink comp="2237" pin=3"/></net>

<net id="2251"><net_src comp="2237" pin="4"/><net_sink comp="2247" pin=0"/></net>

<net id="2252"><net_src comp="178" pin="0"/><net_sink comp="2247" pin=1"/></net>

<net id="2257"><net_src comp="2237" pin="4"/><net_sink comp="2253" pin=0"/></net>

<net id="2258"><net_src comp="180" pin="0"/><net_sink comp="2253" pin=1"/></net>

<net id="2264"><net_src comp="2223" pin="2"/><net_sink comp="2259" pin=0"/></net>

<net id="2265"><net_src comp="2247" pin="2"/><net_sink comp="2259" pin=1"/></net>

<net id="2266"><net_src comp="2253" pin="2"/><net_sink comp="2259" pin=2"/></net>

<net id="2271"><net_src comp="2259" pin="3"/><net_sink comp="2267" pin=0"/></net>

<net id="2272"><net_src comp="170" pin="0"/><net_sink comp="2267" pin=1"/></net>

<net id="2277"><net_src comp="2229" pin="3"/><net_sink comp="2273" pin=0"/></net>

<net id="2278"><net_src comp="2267" pin="2"/><net_sink comp="2273" pin=1"/></net>

<net id="2284"><net_src comp="2273" pin="2"/><net_sink comp="2279" pin=0"/></net>

<net id="2285"><net_src comp="182" pin="0"/><net_sink comp="2279" pin=1"/></net>

<net id="2286"><net_src comp="2203" pin="2"/><net_sink comp="2279" pin=2"/></net>

<net id="2292"><net_src comp="2147" pin="2"/><net_sink comp="2287" pin=0"/></net>

<net id="2293"><net_src comp="2279" pin="3"/><net_sink comp="2287" pin=1"/></net>

<net id="2294"><net_src comp="140" pin="0"/><net_sink comp="2287" pin=2"/></net>

<net id="2299"><net_src comp="439" pin="1"/><net_sink comp="2295" pin=0"/></net>

<net id="2300"><net_src comp="152" pin="0"/><net_sink comp="2295" pin=1"/></net>

<net id="2307"><net_src comp="154" pin="0"/><net_sink comp="2301" pin=0"/></net>

<net id="2308"><net_src comp="439" pin="1"/><net_sink comp="2301" pin=1"/></net>

<net id="2309"><net_src comp="136" pin="0"/><net_sink comp="2301" pin=2"/></net>

<net id="2310"><net_src comp="156" pin="0"/><net_sink comp="2301" pin=3"/></net>

<net id="2316"><net_src comp="158" pin="0"/><net_sink comp="2311" pin=0"/></net>

<net id="2317"><net_src comp="439" pin="1"/><net_sink comp="2311" pin=1"/></net>

<net id="2318"><net_src comp="156" pin="0"/><net_sink comp="2311" pin=2"/></net>

<net id="2324"><net_src comp="158" pin="0"/><net_sink comp="2319" pin=0"/></net>

<net id="2325"><net_src comp="439" pin="1"/><net_sink comp="2319" pin=1"/></net>

<net id="2326"><net_src comp="160" pin="0"/><net_sink comp="2319" pin=2"/></net>

<net id="2330"><net_src comp="2319" pin="3"/><net_sink comp="2327" pin=0"/></net>

<net id="2337"><net_src comp="162" pin="0"/><net_sink comp="2331" pin=0"/></net>

<net id="2338"><net_src comp="439" pin="1"/><net_sink comp="2331" pin=1"/></net>

<net id="2339"><net_src comp="136" pin="0"/><net_sink comp="2331" pin=2"/></net>

<net id="2340"><net_src comp="164" pin="0"/><net_sink comp="2331" pin=3"/></net>

<net id="2344"><net_src comp="2319" pin="3"/><net_sink comp="2341" pin=0"/></net>

<net id="2349"><net_src comp="2301" pin="4"/><net_sink comp="2345" pin=0"/></net>

<net id="2350"><net_src comp="2327" pin="1"/><net_sink comp="2345" pin=1"/></net>

<net id="2355"><net_src comp="2331" pin="4"/><net_sink comp="2351" pin=0"/></net>

<net id="2356"><net_src comp="2341" pin="1"/><net_sink comp="2351" pin=1"/></net>

<net id="2362"><net_src comp="166" pin="0"/><net_sink comp="2357" pin=0"/></net>

<net id="2363"><net_src comp="2345" pin="2"/><net_sink comp="2357" pin=1"/></net>

<net id="2364"><net_src comp="168" pin="0"/><net_sink comp="2357" pin=2"/></net>

<net id="2369"><net_src comp="2357" pin="3"/><net_sink comp="2365" pin=0"/></net>

<net id="2370"><net_src comp="170" pin="0"/><net_sink comp="2365" pin=1"/></net>

<net id="2375"><net_src comp="2311" pin="3"/><net_sink comp="2371" pin=0"/></net>

<net id="2376"><net_src comp="2365" pin="2"/><net_sink comp="2371" pin=1"/></net>

<net id="2382"><net_src comp="166" pin="0"/><net_sink comp="2377" pin=0"/></net>

<net id="2383"><net_src comp="2345" pin="2"/><net_sink comp="2377" pin=1"/></net>

<net id="2384"><net_src comp="168" pin="0"/><net_sink comp="2377" pin=2"/></net>

<net id="2391"><net_src comp="172" pin="0"/><net_sink comp="2385" pin=0"/></net>

<net id="2392"><net_src comp="439" pin="1"/><net_sink comp="2385" pin=1"/></net>

<net id="2393"><net_src comp="174" pin="0"/><net_sink comp="2385" pin=2"/></net>

<net id="2394"><net_src comp="176" pin="0"/><net_sink comp="2385" pin=3"/></net>

<net id="2399"><net_src comp="2385" pin="4"/><net_sink comp="2395" pin=0"/></net>

<net id="2400"><net_src comp="178" pin="0"/><net_sink comp="2395" pin=1"/></net>

<net id="2405"><net_src comp="2385" pin="4"/><net_sink comp="2401" pin=0"/></net>

<net id="2406"><net_src comp="180" pin="0"/><net_sink comp="2401" pin=1"/></net>

<net id="2412"><net_src comp="2371" pin="2"/><net_sink comp="2407" pin=0"/></net>

<net id="2413"><net_src comp="2395" pin="2"/><net_sink comp="2407" pin=1"/></net>

<net id="2414"><net_src comp="2401" pin="2"/><net_sink comp="2407" pin=2"/></net>

<net id="2419"><net_src comp="2407" pin="3"/><net_sink comp="2415" pin=0"/></net>

<net id="2420"><net_src comp="170" pin="0"/><net_sink comp="2415" pin=1"/></net>

<net id="2425"><net_src comp="2377" pin="3"/><net_sink comp="2421" pin=0"/></net>

<net id="2426"><net_src comp="2415" pin="2"/><net_sink comp="2421" pin=1"/></net>

<net id="2432"><net_src comp="2421" pin="2"/><net_sink comp="2427" pin=0"/></net>

<net id="2433"><net_src comp="182" pin="0"/><net_sink comp="2427" pin=1"/></net>

<net id="2434"><net_src comp="2351" pin="2"/><net_sink comp="2427" pin=2"/></net>

<net id="2440"><net_src comp="2295" pin="2"/><net_sink comp="2435" pin=0"/></net>

<net id="2441"><net_src comp="2427" pin="3"/><net_sink comp="2435" pin=1"/></net>

<net id="2442"><net_src comp="140" pin="0"/><net_sink comp="2435" pin=2"/></net>

<net id="2447"><net_src comp="443" pin="1"/><net_sink comp="2443" pin=0"/></net>

<net id="2448"><net_src comp="152" pin="0"/><net_sink comp="2443" pin=1"/></net>

<net id="2455"><net_src comp="154" pin="0"/><net_sink comp="2449" pin=0"/></net>

<net id="2456"><net_src comp="443" pin="1"/><net_sink comp="2449" pin=1"/></net>

<net id="2457"><net_src comp="136" pin="0"/><net_sink comp="2449" pin=2"/></net>

<net id="2458"><net_src comp="156" pin="0"/><net_sink comp="2449" pin=3"/></net>

<net id="2464"><net_src comp="158" pin="0"/><net_sink comp="2459" pin=0"/></net>

<net id="2465"><net_src comp="443" pin="1"/><net_sink comp="2459" pin=1"/></net>

<net id="2466"><net_src comp="156" pin="0"/><net_sink comp="2459" pin=2"/></net>

<net id="2472"><net_src comp="158" pin="0"/><net_sink comp="2467" pin=0"/></net>

<net id="2473"><net_src comp="443" pin="1"/><net_sink comp="2467" pin=1"/></net>

<net id="2474"><net_src comp="160" pin="0"/><net_sink comp="2467" pin=2"/></net>

<net id="2478"><net_src comp="2467" pin="3"/><net_sink comp="2475" pin=0"/></net>

<net id="2485"><net_src comp="162" pin="0"/><net_sink comp="2479" pin=0"/></net>

<net id="2486"><net_src comp="443" pin="1"/><net_sink comp="2479" pin=1"/></net>

<net id="2487"><net_src comp="136" pin="0"/><net_sink comp="2479" pin=2"/></net>

<net id="2488"><net_src comp="164" pin="0"/><net_sink comp="2479" pin=3"/></net>

<net id="2492"><net_src comp="2467" pin="3"/><net_sink comp="2489" pin=0"/></net>

<net id="2497"><net_src comp="2449" pin="4"/><net_sink comp="2493" pin=0"/></net>

<net id="2498"><net_src comp="2475" pin="1"/><net_sink comp="2493" pin=1"/></net>

<net id="2503"><net_src comp="2479" pin="4"/><net_sink comp="2499" pin=0"/></net>

<net id="2504"><net_src comp="2489" pin="1"/><net_sink comp="2499" pin=1"/></net>

<net id="2510"><net_src comp="166" pin="0"/><net_sink comp="2505" pin=0"/></net>

<net id="2511"><net_src comp="2493" pin="2"/><net_sink comp="2505" pin=1"/></net>

<net id="2512"><net_src comp="168" pin="0"/><net_sink comp="2505" pin=2"/></net>

<net id="2517"><net_src comp="2505" pin="3"/><net_sink comp="2513" pin=0"/></net>

<net id="2518"><net_src comp="170" pin="0"/><net_sink comp="2513" pin=1"/></net>

<net id="2523"><net_src comp="2459" pin="3"/><net_sink comp="2519" pin=0"/></net>

<net id="2524"><net_src comp="2513" pin="2"/><net_sink comp="2519" pin=1"/></net>

<net id="2530"><net_src comp="166" pin="0"/><net_sink comp="2525" pin=0"/></net>

<net id="2531"><net_src comp="2493" pin="2"/><net_sink comp="2525" pin=1"/></net>

<net id="2532"><net_src comp="168" pin="0"/><net_sink comp="2525" pin=2"/></net>

<net id="2539"><net_src comp="172" pin="0"/><net_sink comp="2533" pin=0"/></net>

<net id="2540"><net_src comp="443" pin="1"/><net_sink comp="2533" pin=1"/></net>

<net id="2541"><net_src comp="174" pin="0"/><net_sink comp="2533" pin=2"/></net>

<net id="2542"><net_src comp="176" pin="0"/><net_sink comp="2533" pin=3"/></net>

<net id="2547"><net_src comp="2533" pin="4"/><net_sink comp="2543" pin=0"/></net>

<net id="2548"><net_src comp="178" pin="0"/><net_sink comp="2543" pin=1"/></net>

<net id="2553"><net_src comp="2533" pin="4"/><net_sink comp="2549" pin=0"/></net>

<net id="2554"><net_src comp="180" pin="0"/><net_sink comp="2549" pin=1"/></net>

<net id="2560"><net_src comp="2519" pin="2"/><net_sink comp="2555" pin=0"/></net>

<net id="2561"><net_src comp="2543" pin="2"/><net_sink comp="2555" pin=1"/></net>

<net id="2562"><net_src comp="2549" pin="2"/><net_sink comp="2555" pin=2"/></net>

<net id="2567"><net_src comp="2555" pin="3"/><net_sink comp="2563" pin=0"/></net>

<net id="2568"><net_src comp="170" pin="0"/><net_sink comp="2563" pin=1"/></net>

<net id="2573"><net_src comp="2525" pin="3"/><net_sink comp="2569" pin=0"/></net>

<net id="2574"><net_src comp="2563" pin="2"/><net_sink comp="2569" pin=1"/></net>

<net id="2580"><net_src comp="2569" pin="2"/><net_sink comp="2575" pin=0"/></net>

<net id="2581"><net_src comp="182" pin="0"/><net_sink comp="2575" pin=1"/></net>

<net id="2582"><net_src comp="2499" pin="2"/><net_sink comp="2575" pin=2"/></net>

<net id="2588"><net_src comp="2443" pin="2"/><net_sink comp="2583" pin=0"/></net>

<net id="2589"><net_src comp="2575" pin="3"/><net_sink comp="2583" pin=1"/></net>

<net id="2590"><net_src comp="140" pin="0"/><net_sink comp="2583" pin=2"/></net>

<net id="2595"><net_src comp="447" pin="1"/><net_sink comp="2591" pin=0"/></net>

<net id="2596"><net_src comp="152" pin="0"/><net_sink comp="2591" pin=1"/></net>

<net id="2603"><net_src comp="154" pin="0"/><net_sink comp="2597" pin=0"/></net>

<net id="2604"><net_src comp="447" pin="1"/><net_sink comp="2597" pin=1"/></net>

<net id="2605"><net_src comp="136" pin="0"/><net_sink comp="2597" pin=2"/></net>

<net id="2606"><net_src comp="156" pin="0"/><net_sink comp="2597" pin=3"/></net>

<net id="2612"><net_src comp="158" pin="0"/><net_sink comp="2607" pin=0"/></net>

<net id="2613"><net_src comp="447" pin="1"/><net_sink comp="2607" pin=1"/></net>

<net id="2614"><net_src comp="156" pin="0"/><net_sink comp="2607" pin=2"/></net>

<net id="2620"><net_src comp="158" pin="0"/><net_sink comp="2615" pin=0"/></net>

<net id="2621"><net_src comp="447" pin="1"/><net_sink comp="2615" pin=1"/></net>

<net id="2622"><net_src comp="160" pin="0"/><net_sink comp="2615" pin=2"/></net>

<net id="2626"><net_src comp="2615" pin="3"/><net_sink comp="2623" pin=0"/></net>

<net id="2633"><net_src comp="162" pin="0"/><net_sink comp="2627" pin=0"/></net>

<net id="2634"><net_src comp="447" pin="1"/><net_sink comp="2627" pin=1"/></net>

<net id="2635"><net_src comp="136" pin="0"/><net_sink comp="2627" pin=2"/></net>

<net id="2636"><net_src comp="164" pin="0"/><net_sink comp="2627" pin=3"/></net>

<net id="2640"><net_src comp="2615" pin="3"/><net_sink comp="2637" pin=0"/></net>

<net id="2645"><net_src comp="2597" pin="4"/><net_sink comp="2641" pin=0"/></net>

<net id="2646"><net_src comp="2623" pin="1"/><net_sink comp="2641" pin=1"/></net>

<net id="2651"><net_src comp="2627" pin="4"/><net_sink comp="2647" pin=0"/></net>

<net id="2652"><net_src comp="2637" pin="1"/><net_sink comp="2647" pin=1"/></net>

<net id="2658"><net_src comp="166" pin="0"/><net_sink comp="2653" pin=0"/></net>

<net id="2659"><net_src comp="2641" pin="2"/><net_sink comp="2653" pin=1"/></net>

<net id="2660"><net_src comp="168" pin="0"/><net_sink comp="2653" pin=2"/></net>

<net id="2665"><net_src comp="2653" pin="3"/><net_sink comp="2661" pin=0"/></net>

<net id="2666"><net_src comp="170" pin="0"/><net_sink comp="2661" pin=1"/></net>

<net id="2671"><net_src comp="2607" pin="3"/><net_sink comp="2667" pin=0"/></net>

<net id="2672"><net_src comp="2661" pin="2"/><net_sink comp="2667" pin=1"/></net>

<net id="2678"><net_src comp="166" pin="0"/><net_sink comp="2673" pin=0"/></net>

<net id="2679"><net_src comp="2641" pin="2"/><net_sink comp="2673" pin=1"/></net>

<net id="2680"><net_src comp="168" pin="0"/><net_sink comp="2673" pin=2"/></net>

<net id="2687"><net_src comp="172" pin="0"/><net_sink comp="2681" pin=0"/></net>

<net id="2688"><net_src comp="447" pin="1"/><net_sink comp="2681" pin=1"/></net>

<net id="2689"><net_src comp="174" pin="0"/><net_sink comp="2681" pin=2"/></net>

<net id="2690"><net_src comp="176" pin="0"/><net_sink comp="2681" pin=3"/></net>

<net id="2695"><net_src comp="2681" pin="4"/><net_sink comp="2691" pin=0"/></net>

<net id="2696"><net_src comp="178" pin="0"/><net_sink comp="2691" pin=1"/></net>

<net id="2701"><net_src comp="2681" pin="4"/><net_sink comp="2697" pin=0"/></net>

<net id="2702"><net_src comp="180" pin="0"/><net_sink comp="2697" pin=1"/></net>

<net id="2708"><net_src comp="2667" pin="2"/><net_sink comp="2703" pin=0"/></net>

<net id="2709"><net_src comp="2691" pin="2"/><net_sink comp="2703" pin=1"/></net>

<net id="2710"><net_src comp="2697" pin="2"/><net_sink comp="2703" pin=2"/></net>

<net id="2715"><net_src comp="2703" pin="3"/><net_sink comp="2711" pin=0"/></net>

<net id="2716"><net_src comp="170" pin="0"/><net_sink comp="2711" pin=1"/></net>

<net id="2721"><net_src comp="2673" pin="3"/><net_sink comp="2717" pin=0"/></net>

<net id="2722"><net_src comp="2711" pin="2"/><net_sink comp="2717" pin=1"/></net>

<net id="2728"><net_src comp="2717" pin="2"/><net_sink comp="2723" pin=0"/></net>

<net id="2729"><net_src comp="182" pin="0"/><net_sink comp="2723" pin=1"/></net>

<net id="2730"><net_src comp="2647" pin="2"/><net_sink comp="2723" pin=2"/></net>

<net id="2736"><net_src comp="2591" pin="2"/><net_sink comp="2731" pin=0"/></net>

<net id="2737"><net_src comp="2723" pin="3"/><net_sink comp="2731" pin=1"/></net>

<net id="2738"><net_src comp="140" pin="0"/><net_sink comp="2731" pin=2"/></net>

<net id="2743"><net_src comp="451" pin="1"/><net_sink comp="2739" pin=0"/></net>

<net id="2744"><net_src comp="152" pin="0"/><net_sink comp="2739" pin=1"/></net>

<net id="2751"><net_src comp="154" pin="0"/><net_sink comp="2745" pin=0"/></net>

<net id="2752"><net_src comp="451" pin="1"/><net_sink comp="2745" pin=1"/></net>

<net id="2753"><net_src comp="136" pin="0"/><net_sink comp="2745" pin=2"/></net>

<net id="2754"><net_src comp="156" pin="0"/><net_sink comp="2745" pin=3"/></net>

<net id="2760"><net_src comp="158" pin="0"/><net_sink comp="2755" pin=0"/></net>

<net id="2761"><net_src comp="451" pin="1"/><net_sink comp="2755" pin=1"/></net>

<net id="2762"><net_src comp="156" pin="0"/><net_sink comp="2755" pin=2"/></net>

<net id="2768"><net_src comp="158" pin="0"/><net_sink comp="2763" pin=0"/></net>

<net id="2769"><net_src comp="451" pin="1"/><net_sink comp="2763" pin=1"/></net>

<net id="2770"><net_src comp="160" pin="0"/><net_sink comp="2763" pin=2"/></net>

<net id="2774"><net_src comp="2763" pin="3"/><net_sink comp="2771" pin=0"/></net>

<net id="2781"><net_src comp="162" pin="0"/><net_sink comp="2775" pin=0"/></net>

<net id="2782"><net_src comp="451" pin="1"/><net_sink comp="2775" pin=1"/></net>

<net id="2783"><net_src comp="136" pin="0"/><net_sink comp="2775" pin=2"/></net>

<net id="2784"><net_src comp="164" pin="0"/><net_sink comp="2775" pin=3"/></net>

<net id="2788"><net_src comp="2763" pin="3"/><net_sink comp="2785" pin=0"/></net>

<net id="2793"><net_src comp="2745" pin="4"/><net_sink comp="2789" pin=0"/></net>

<net id="2794"><net_src comp="2771" pin="1"/><net_sink comp="2789" pin=1"/></net>

<net id="2799"><net_src comp="2775" pin="4"/><net_sink comp="2795" pin=0"/></net>

<net id="2800"><net_src comp="2785" pin="1"/><net_sink comp="2795" pin=1"/></net>

<net id="2806"><net_src comp="166" pin="0"/><net_sink comp="2801" pin=0"/></net>

<net id="2807"><net_src comp="2789" pin="2"/><net_sink comp="2801" pin=1"/></net>

<net id="2808"><net_src comp="168" pin="0"/><net_sink comp="2801" pin=2"/></net>

<net id="2813"><net_src comp="2801" pin="3"/><net_sink comp="2809" pin=0"/></net>

<net id="2814"><net_src comp="170" pin="0"/><net_sink comp="2809" pin=1"/></net>

<net id="2819"><net_src comp="2755" pin="3"/><net_sink comp="2815" pin=0"/></net>

<net id="2820"><net_src comp="2809" pin="2"/><net_sink comp="2815" pin=1"/></net>

<net id="2826"><net_src comp="166" pin="0"/><net_sink comp="2821" pin=0"/></net>

<net id="2827"><net_src comp="2789" pin="2"/><net_sink comp="2821" pin=1"/></net>

<net id="2828"><net_src comp="168" pin="0"/><net_sink comp="2821" pin=2"/></net>

<net id="2835"><net_src comp="172" pin="0"/><net_sink comp="2829" pin=0"/></net>

<net id="2836"><net_src comp="451" pin="1"/><net_sink comp="2829" pin=1"/></net>

<net id="2837"><net_src comp="174" pin="0"/><net_sink comp="2829" pin=2"/></net>

<net id="2838"><net_src comp="176" pin="0"/><net_sink comp="2829" pin=3"/></net>

<net id="2843"><net_src comp="2829" pin="4"/><net_sink comp="2839" pin=0"/></net>

<net id="2844"><net_src comp="178" pin="0"/><net_sink comp="2839" pin=1"/></net>

<net id="2849"><net_src comp="2829" pin="4"/><net_sink comp="2845" pin=0"/></net>

<net id="2850"><net_src comp="180" pin="0"/><net_sink comp="2845" pin=1"/></net>

<net id="2856"><net_src comp="2815" pin="2"/><net_sink comp="2851" pin=0"/></net>

<net id="2857"><net_src comp="2839" pin="2"/><net_sink comp="2851" pin=1"/></net>

<net id="2858"><net_src comp="2845" pin="2"/><net_sink comp="2851" pin=2"/></net>

<net id="2863"><net_src comp="2851" pin="3"/><net_sink comp="2859" pin=0"/></net>

<net id="2864"><net_src comp="170" pin="0"/><net_sink comp="2859" pin=1"/></net>

<net id="2869"><net_src comp="2821" pin="3"/><net_sink comp="2865" pin=0"/></net>

<net id="2870"><net_src comp="2859" pin="2"/><net_sink comp="2865" pin=1"/></net>

<net id="2876"><net_src comp="2865" pin="2"/><net_sink comp="2871" pin=0"/></net>

<net id="2877"><net_src comp="182" pin="0"/><net_sink comp="2871" pin=1"/></net>

<net id="2878"><net_src comp="2795" pin="2"/><net_sink comp="2871" pin=2"/></net>

<net id="2884"><net_src comp="2739" pin="2"/><net_sink comp="2879" pin=0"/></net>

<net id="2885"><net_src comp="2871" pin="3"/><net_sink comp="2879" pin=1"/></net>

<net id="2886"><net_src comp="140" pin="0"/><net_sink comp="2879" pin=2"/></net>

<net id="2891"><net_src comp="455" pin="1"/><net_sink comp="2887" pin=0"/></net>

<net id="2892"><net_src comp="152" pin="0"/><net_sink comp="2887" pin=1"/></net>

<net id="2899"><net_src comp="154" pin="0"/><net_sink comp="2893" pin=0"/></net>

<net id="2900"><net_src comp="455" pin="1"/><net_sink comp="2893" pin=1"/></net>

<net id="2901"><net_src comp="136" pin="0"/><net_sink comp="2893" pin=2"/></net>

<net id="2902"><net_src comp="156" pin="0"/><net_sink comp="2893" pin=3"/></net>

<net id="2908"><net_src comp="158" pin="0"/><net_sink comp="2903" pin=0"/></net>

<net id="2909"><net_src comp="455" pin="1"/><net_sink comp="2903" pin=1"/></net>

<net id="2910"><net_src comp="156" pin="0"/><net_sink comp="2903" pin=2"/></net>

<net id="2916"><net_src comp="158" pin="0"/><net_sink comp="2911" pin=0"/></net>

<net id="2917"><net_src comp="455" pin="1"/><net_sink comp="2911" pin=1"/></net>

<net id="2918"><net_src comp="160" pin="0"/><net_sink comp="2911" pin=2"/></net>

<net id="2922"><net_src comp="2911" pin="3"/><net_sink comp="2919" pin=0"/></net>

<net id="2929"><net_src comp="162" pin="0"/><net_sink comp="2923" pin=0"/></net>

<net id="2930"><net_src comp="455" pin="1"/><net_sink comp="2923" pin=1"/></net>

<net id="2931"><net_src comp="136" pin="0"/><net_sink comp="2923" pin=2"/></net>

<net id="2932"><net_src comp="164" pin="0"/><net_sink comp="2923" pin=3"/></net>

<net id="2936"><net_src comp="2911" pin="3"/><net_sink comp="2933" pin=0"/></net>

<net id="2941"><net_src comp="2893" pin="4"/><net_sink comp="2937" pin=0"/></net>

<net id="2942"><net_src comp="2919" pin="1"/><net_sink comp="2937" pin=1"/></net>

<net id="2947"><net_src comp="2923" pin="4"/><net_sink comp="2943" pin=0"/></net>

<net id="2948"><net_src comp="2933" pin="1"/><net_sink comp="2943" pin=1"/></net>

<net id="2954"><net_src comp="166" pin="0"/><net_sink comp="2949" pin=0"/></net>

<net id="2955"><net_src comp="2937" pin="2"/><net_sink comp="2949" pin=1"/></net>

<net id="2956"><net_src comp="168" pin="0"/><net_sink comp="2949" pin=2"/></net>

<net id="2961"><net_src comp="2949" pin="3"/><net_sink comp="2957" pin=0"/></net>

<net id="2962"><net_src comp="170" pin="0"/><net_sink comp="2957" pin=1"/></net>

<net id="2967"><net_src comp="2903" pin="3"/><net_sink comp="2963" pin=0"/></net>

<net id="2968"><net_src comp="2957" pin="2"/><net_sink comp="2963" pin=1"/></net>

<net id="2974"><net_src comp="166" pin="0"/><net_sink comp="2969" pin=0"/></net>

<net id="2975"><net_src comp="2937" pin="2"/><net_sink comp="2969" pin=1"/></net>

<net id="2976"><net_src comp="168" pin="0"/><net_sink comp="2969" pin=2"/></net>

<net id="2983"><net_src comp="172" pin="0"/><net_sink comp="2977" pin=0"/></net>

<net id="2984"><net_src comp="455" pin="1"/><net_sink comp="2977" pin=1"/></net>

<net id="2985"><net_src comp="174" pin="0"/><net_sink comp="2977" pin=2"/></net>

<net id="2986"><net_src comp="176" pin="0"/><net_sink comp="2977" pin=3"/></net>

<net id="2991"><net_src comp="2977" pin="4"/><net_sink comp="2987" pin=0"/></net>

<net id="2992"><net_src comp="178" pin="0"/><net_sink comp="2987" pin=1"/></net>

<net id="2997"><net_src comp="2977" pin="4"/><net_sink comp="2993" pin=0"/></net>

<net id="2998"><net_src comp="180" pin="0"/><net_sink comp="2993" pin=1"/></net>

<net id="3004"><net_src comp="2963" pin="2"/><net_sink comp="2999" pin=0"/></net>

<net id="3005"><net_src comp="2987" pin="2"/><net_sink comp="2999" pin=1"/></net>

<net id="3006"><net_src comp="2993" pin="2"/><net_sink comp="2999" pin=2"/></net>

<net id="3011"><net_src comp="2999" pin="3"/><net_sink comp="3007" pin=0"/></net>

<net id="3012"><net_src comp="170" pin="0"/><net_sink comp="3007" pin=1"/></net>

<net id="3017"><net_src comp="2969" pin="3"/><net_sink comp="3013" pin=0"/></net>

<net id="3018"><net_src comp="3007" pin="2"/><net_sink comp="3013" pin=1"/></net>

<net id="3024"><net_src comp="3013" pin="2"/><net_sink comp="3019" pin=0"/></net>

<net id="3025"><net_src comp="182" pin="0"/><net_sink comp="3019" pin=1"/></net>

<net id="3026"><net_src comp="2943" pin="2"/><net_sink comp="3019" pin=2"/></net>

<net id="3032"><net_src comp="2887" pin="2"/><net_sink comp="3027" pin=0"/></net>

<net id="3033"><net_src comp="3019" pin="3"/><net_sink comp="3027" pin=1"/></net>

<net id="3034"><net_src comp="140" pin="0"/><net_sink comp="3027" pin=2"/></net>

<net id="3039"><net_src comp="459" pin="1"/><net_sink comp="3035" pin=0"/></net>

<net id="3040"><net_src comp="152" pin="0"/><net_sink comp="3035" pin=1"/></net>

<net id="3047"><net_src comp="154" pin="0"/><net_sink comp="3041" pin=0"/></net>

<net id="3048"><net_src comp="459" pin="1"/><net_sink comp="3041" pin=1"/></net>

<net id="3049"><net_src comp="136" pin="0"/><net_sink comp="3041" pin=2"/></net>

<net id="3050"><net_src comp="156" pin="0"/><net_sink comp="3041" pin=3"/></net>

<net id="3056"><net_src comp="158" pin="0"/><net_sink comp="3051" pin=0"/></net>

<net id="3057"><net_src comp="459" pin="1"/><net_sink comp="3051" pin=1"/></net>

<net id="3058"><net_src comp="156" pin="0"/><net_sink comp="3051" pin=2"/></net>

<net id="3064"><net_src comp="158" pin="0"/><net_sink comp="3059" pin=0"/></net>

<net id="3065"><net_src comp="459" pin="1"/><net_sink comp="3059" pin=1"/></net>

<net id="3066"><net_src comp="160" pin="0"/><net_sink comp="3059" pin=2"/></net>

<net id="3070"><net_src comp="3059" pin="3"/><net_sink comp="3067" pin=0"/></net>

<net id="3077"><net_src comp="162" pin="0"/><net_sink comp="3071" pin=0"/></net>

<net id="3078"><net_src comp="459" pin="1"/><net_sink comp="3071" pin=1"/></net>

<net id="3079"><net_src comp="136" pin="0"/><net_sink comp="3071" pin=2"/></net>

<net id="3080"><net_src comp="164" pin="0"/><net_sink comp="3071" pin=3"/></net>

<net id="3084"><net_src comp="3059" pin="3"/><net_sink comp="3081" pin=0"/></net>

<net id="3089"><net_src comp="3041" pin="4"/><net_sink comp="3085" pin=0"/></net>

<net id="3090"><net_src comp="3067" pin="1"/><net_sink comp="3085" pin=1"/></net>

<net id="3095"><net_src comp="3071" pin="4"/><net_sink comp="3091" pin=0"/></net>

<net id="3096"><net_src comp="3081" pin="1"/><net_sink comp="3091" pin=1"/></net>

<net id="3102"><net_src comp="166" pin="0"/><net_sink comp="3097" pin=0"/></net>

<net id="3103"><net_src comp="3085" pin="2"/><net_sink comp="3097" pin=1"/></net>

<net id="3104"><net_src comp="168" pin="0"/><net_sink comp="3097" pin=2"/></net>

<net id="3109"><net_src comp="3097" pin="3"/><net_sink comp="3105" pin=0"/></net>

<net id="3110"><net_src comp="170" pin="0"/><net_sink comp="3105" pin=1"/></net>

<net id="3115"><net_src comp="3051" pin="3"/><net_sink comp="3111" pin=0"/></net>

<net id="3116"><net_src comp="3105" pin="2"/><net_sink comp="3111" pin=1"/></net>

<net id="3122"><net_src comp="166" pin="0"/><net_sink comp="3117" pin=0"/></net>

<net id="3123"><net_src comp="3085" pin="2"/><net_sink comp="3117" pin=1"/></net>

<net id="3124"><net_src comp="168" pin="0"/><net_sink comp="3117" pin=2"/></net>

<net id="3131"><net_src comp="172" pin="0"/><net_sink comp="3125" pin=0"/></net>

<net id="3132"><net_src comp="459" pin="1"/><net_sink comp="3125" pin=1"/></net>

<net id="3133"><net_src comp="174" pin="0"/><net_sink comp="3125" pin=2"/></net>

<net id="3134"><net_src comp="176" pin="0"/><net_sink comp="3125" pin=3"/></net>

<net id="3139"><net_src comp="3125" pin="4"/><net_sink comp="3135" pin=0"/></net>

<net id="3140"><net_src comp="178" pin="0"/><net_sink comp="3135" pin=1"/></net>

<net id="3145"><net_src comp="3125" pin="4"/><net_sink comp="3141" pin=0"/></net>

<net id="3146"><net_src comp="180" pin="0"/><net_sink comp="3141" pin=1"/></net>

<net id="3152"><net_src comp="3111" pin="2"/><net_sink comp="3147" pin=0"/></net>

<net id="3153"><net_src comp="3135" pin="2"/><net_sink comp="3147" pin=1"/></net>

<net id="3154"><net_src comp="3141" pin="2"/><net_sink comp="3147" pin=2"/></net>

<net id="3159"><net_src comp="3147" pin="3"/><net_sink comp="3155" pin=0"/></net>

<net id="3160"><net_src comp="170" pin="0"/><net_sink comp="3155" pin=1"/></net>

<net id="3165"><net_src comp="3117" pin="3"/><net_sink comp="3161" pin=0"/></net>

<net id="3166"><net_src comp="3155" pin="2"/><net_sink comp="3161" pin=1"/></net>

<net id="3172"><net_src comp="3161" pin="2"/><net_sink comp="3167" pin=0"/></net>

<net id="3173"><net_src comp="182" pin="0"/><net_sink comp="3167" pin=1"/></net>

<net id="3174"><net_src comp="3091" pin="2"/><net_sink comp="3167" pin=2"/></net>

<net id="3180"><net_src comp="3035" pin="2"/><net_sink comp="3175" pin=0"/></net>

<net id="3181"><net_src comp="3167" pin="3"/><net_sink comp="3175" pin=1"/></net>

<net id="3182"><net_src comp="140" pin="0"/><net_sink comp="3175" pin=2"/></net>

<net id="3187"><net_src comp="463" pin="1"/><net_sink comp="3183" pin=0"/></net>

<net id="3188"><net_src comp="152" pin="0"/><net_sink comp="3183" pin=1"/></net>

<net id="3195"><net_src comp="154" pin="0"/><net_sink comp="3189" pin=0"/></net>

<net id="3196"><net_src comp="463" pin="1"/><net_sink comp="3189" pin=1"/></net>

<net id="3197"><net_src comp="136" pin="0"/><net_sink comp="3189" pin=2"/></net>

<net id="3198"><net_src comp="156" pin="0"/><net_sink comp="3189" pin=3"/></net>

<net id="3204"><net_src comp="158" pin="0"/><net_sink comp="3199" pin=0"/></net>

<net id="3205"><net_src comp="463" pin="1"/><net_sink comp="3199" pin=1"/></net>

<net id="3206"><net_src comp="156" pin="0"/><net_sink comp="3199" pin=2"/></net>

<net id="3212"><net_src comp="158" pin="0"/><net_sink comp="3207" pin=0"/></net>

<net id="3213"><net_src comp="463" pin="1"/><net_sink comp="3207" pin=1"/></net>

<net id="3214"><net_src comp="160" pin="0"/><net_sink comp="3207" pin=2"/></net>

<net id="3218"><net_src comp="3207" pin="3"/><net_sink comp="3215" pin=0"/></net>

<net id="3225"><net_src comp="162" pin="0"/><net_sink comp="3219" pin=0"/></net>

<net id="3226"><net_src comp="463" pin="1"/><net_sink comp="3219" pin=1"/></net>

<net id="3227"><net_src comp="136" pin="0"/><net_sink comp="3219" pin=2"/></net>

<net id="3228"><net_src comp="164" pin="0"/><net_sink comp="3219" pin=3"/></net>

<net id="3232"><net_src comp="3207" pin="3"/><net_sink comp="3229" pin=0"/></net>

<net id="3237"><net_src comp="3189" pin="4"/><net_sink comp="3233" pin=0"/></net>

<net id="3238"><net_src comp="3215" pin="1"/><net_sink comp="3233" pin=1"/></net>

<net id="3243"><net_src comp="3219" pin="4"/><net_sink comp="3239" pin=0"/></net>

<net id="3244"><net_src comp="3229" pin="1"/><net_sink comp="3239" pin=1"/></net>

<net id="3250"><net_src comp="166" pin="0"/><net_sink comp="3245" pin=0"/></net>

<net id="3251"><net_src comp="3233" pin="2"/><net_sink comp="3245" pin=1"/></net>

<net id="3252"><net_src comp="168" pin="0"/><net_sink comp="3245" pin=2"/></net>

<net id="3257"><net_src comp="3245" pin="3"/><net_sink comp="3253" pin=0"/></net>

<net id="3258"><net_src comp="170" pin="0"/><net_sink comp="3253" pin=1"/></net>

<net id="3263"><net_src comp="3199" pin="3"/><net_sink comp="3259" pin=0"/></net>

<net id="3264"><net_src comp="3253" pin="2"/><net_sink comp="3259" pin=1"/></net>

<net id="3270"><net_src comp="166" pin="0"/><net_sink comp="3265" pin=0"/></net>

<net id="3271"><net_src comp="3233" pin="2"/><net_sink comp="3265" pin=1"/></net>

<net id="3272"><net_src comp="168" pin="0"/><net_sink comp="3265" pin=2"/></net>

<net id="3279"><net_src comp="172" pin="0"/><net_sink comp="3273" pin=0"/></net>

<net id="3280"><net_src comp="463" pin="1"/><net_sink comp="3273" pin=1"/></net>

<net id="3281"><net_src comp="174" pin="0"/><net_sink comp="3273" pin=2"/></net>

<net id="3282"><net_src comp="176" pin="0"/><net_sink comp="3273" pin=3"/></net>

<net id="3287"><net_src comp="3273" pin="4"/><net_sink comp="3283" pin=0"/></net>

<net id="3288"><net_src comp="178" pin="0"/><net_sink comp="3283" pin=1"/></net>

<net id="3293"><net_src comp="3273" pin="4"/><net_sink comp="3289" pin=0"/></net>

<net id="3294"><net_src comp="180" pin="0"/><net_sink comp="3289" pin=1"/></net>

<net id="3300"><net_src comp="3259" pin="2"/><net_sink comp="3295" pin=0"/></net>

<net id="3301"><net_src comp="3283" pin="2"/><net_sink comp="3295" pin=1"/></net>

<net id="3302"><net_src comp="3289" pin="2"/><net_sink comp="3295" pin=2"/></net>

<net id="3307"><net_src comp="3295" pin="3"/><net_sink comp="3303" pin=0"/></net>

<net id="3308"><net_src comp="170" pin="0"/><net_sink comp="3303" pin=1"/></net>

<net id="3313"><net_src comp="3265" pin="3"/><net_sink comp="3309" pin=0"/></net>

<net id="3314"><net_src comp="3303" pin="2"/><net_sink comp="3309" pin=1"/></net>

<net id="3320"><net_src comp="3309" pin="2"/><net_sink comp="3315" pin=0"/></net>

<net id="3321"><net_src comp="182" pin="0"/><net_sink comp="3315" pin=1"/></net>

<net id="3322"><net_src comp="3239" pin="2"/><net_sink comp="3315" pin=2"/></net>

<net id="3328"><net_src comp="3183" pin="2"/><net_sink comp="3323" pin=0"/></net>

<net id="3329"><net_src comp="3315" pin="3"/><net_sink comp="3323" pin=1"/></net>

<net id="3330"><net_src comp="140" pin="0"/><net_sink comp="3323" pin=2"/></net>

<net id="3335"><net_src comp="467" pin="1"/><net_sink comp="3331" pin=0"/></net>

<net id="3336"><net_src comp="152" pin="0"/><net_sink comp="3331" pin=1"/></net>

<net id="3343"><net_src comp="154" pin="0"/><net_sink comp="3337" pin=0"/></net>

<net id="3344"><net_src comp="467" pin="1"/><net_sink comp="3337" pin=1"/></net>

<net id="3345"><net_src comp="136" pin="0"/><net_sink comp="3337" pin=2"/></net>

<net id="3346"><net_src comp="156" pin="0"/><net_sink comp="3337" pin=3"/></net>

<net id="3352"><net_src comp="158" pin="0"/><net_sink comp="3347" pin=0"/></net>

<net id="3353"><net_src comp="467" pin="1"/><net_sink comp="3347" pin=1"/></net>

<net id="3354"><net_src comp="156" pin="0"/><net_sink comp="3347" pin=2"/></net>

<net id="3360"><net_src comp="158" pin="0"/><net_sink comp="3355" pin=0"/></net>

<net id="3361"><net_src comp="467" pin="1"/><net_sink comp="3355" pin=1"/></net>

<net id="3362"><net_src comp="160" pin="0"/><net_sink comp="3355" pin=2"/></net>

<net id="3366"><net_src comp="3355" pin="3"/><net_sink comp="3363" pin=0"/></net>

<net id="3373"><net_src comp="162" pin="0"/><net_sink comp="3367" pin=0"/></net>

<net id="3374"><net_src comp="467" pin="1"/><net_sink comp="3367" pin=1"/></net>

<net id="3375"><net_src comp="136" pin="0"/><net_sink comp="3367" pin=2"/></net>

<net id="3376"><net_src comp="164" pin="0"/><net_sink comp="3367" pin=3"/></net>

<net id="3380"><net_src comp="3355" pin="3"/><net_sink comp="3377" pin=0"/></net>

<net id="3385"><net_src comp="3337" pin="4"/><net_sink comp="3381" pin=0"/></net>

<net id="3386"><net_src comp="3363" pin="1"/><net_sink comp="3381" pin=1"/></net>

<net id="3391"><net_src comp="3367" pin="4"/><net_sink comp="3387" pin=0"/></net>

<net id="3392"><net_src comp="3377" pin="1"/><net_sink comp="3387" pin=1"/></net>

<net id="3398"><net_src comp="166" pin="0"/><net_sink comp="3393" pin=0"/></net>

<net id="3399"><net_src comp="3381" pin="2"/><net_sink comp="3393" pin=1"/></net>

<net id="3400"><net_src comp="168" pin="0"/><net_sink comp="3393" pin=2"/></net>

<net id="3405"><net_src comp="3393" pin="3"/><net_sink comp="3401" pin=0"/></net>

<net id="3406"><net_src comp="170" pin="0"/><net_sink comp="3401" pin=1"/></net>

<net id="3411"><net_src comp="3347" pin="3"/><net_sink comp="3407" pin=0"/></net>

<net id="3412"><net_src comp="3401" pin="2"/><net_sink comp="3407" pin=1"/></net>

<net id="3418"><net_src comp="166" pin="0"/><net_sink comp="3413" pin=0"/></net>

<net id="3419"><net_src comp="3381" pin="2"/><net_sink comp="3413" pin=1"/></net>

<net id="3420"><net_src comp="168" pin="0"/><net_sink comp="3413" pin=2"/></net>

<net id="3427"><net_src comp="172" pin="0"/><net_sink comp="3421" pin=0"/></net>

<net id="3428"><net_src comp="467" pin="1"/><net_sink comp="3421" pin=1"/></net>

<net id="3429"><net_src comp="174" pin="0"/><net_sink comp="3421" pin=2"/></net>

<net id="3430"><net_src comp="176" pin="0"/><net_sink comp="3421" pin=3"/></net>

<net id="3435"><net_src comp="3421" pin="4"/><net_sink comp="3431" pin=0"/></net>

<net id="3436"><net_src comp="178" pin="0"/><net_sink comp="3431" pin=1"/></net>

<net id="3441"><net_src comp="3421" pin="4"/><net_sink comp="3437" pin=0"/></net>

<net id="3442"><net_src comp="180" pin="0"/><net_sink comp="3437" pin=1"/></net>

<net id="3448"><net_src comp="3407" pin="2"/><net_sink comp="3443" pin=0"/></net>

<net id="3449"><net_src comp="3431" pin="2"/><net_sink comp="3443" pin=1"/></net>

<net id="3450"><net_src comp="3437" pin="2"/><net_sink comp="3443" pin=2"/></net>

<net id="3455"><net_src comp="3443" pin="3"/><net_sink comp="3451" pin=0"/></net>

<net id="3456"><net_src comp="170" pin="0"/><net_sink comp="3451" pin=1"/></net>

<net id="3461"><net_src comp="3413" pin="3"/><net_sink comp="3457" pin=0"/></net>

<net id="3462"><net_src comp="3451" pin="2"/><net_sink comp="3457" pin=1"/></net>

<net id="3468"><net_src comp="3457" pin="2"/><net_sink comp="3463" pin=0"/></net>

<net id="3469"><net_src comp="182" pin="0"/><net_sink comp="3463" pin=1"/></net>

<net id="3470"><net_src comp="3387" pin="2"/><net_sink comp="3463" pin=2"/></net>

<net id="3476"><net_src comp="3331" pin="2"/><net_sink comp="3471" pin=0"/></net>

<net id="3477"><net_src comp="3463" pin="3"/><net_sink comp="3471" pin=1"/></net>

<net id="3478"><net_src comp="140" pin="0"/><net_sink comp="3471" pin=2"/></net>

<net id="3483"><net_src comp="471" pin="1"/><net_sink comp="3479" pin=0"/></net>

<net id="3484"><net_src comp="152" pin="0"/><net_sink comp="3479" pin=1"/></net>

<net id="3491"><net_src comp="154" pin="0"/><net_sink comp="3485" pin=0"/></net>

<net id="3492"><net_src comp="471" pin="1"/><net_sink comp="3485" pin=1"/></net>

<net id="3493"><net_src comp="136" pin="0"/><net_sink comp="3485" pin=2"/></net>

<net id="3494"><net_src comp="156" pin="0"/><net_sink comp="3485" pin=3"/></net>

<net id="3500"><net_src comp="158" pin="0"/><net_sink comp="3495" pin=0"/></net>

<net id="3501"><net_src comp="471" pin="1"/><net_sink comp="3495" pin=1"/></net>

<net id="3502"><net_src comp="156" pin="0"/><net_sink comp="3495" pin=2"/></net>

<net id="3508"><net_src comp="158" pin="0"/><net_sink comp="3503" pin=0"/></net>

<net id="3509"><net_src comp="471" pin="1"/><net_sink comp="3503" pin=1"/></net>

<net id="3510"><net_src comp="160" pin="0"/><net_sink comp="3503" pin=2"/></net>

<net id="3514"><net_src comp="3503" pin="3"/><net_sink comp="3511" pin=0"/></net>

<net id="3521"><net_src comp="162" pin="0"/><net_sink comp="3515" pin=0"/></net>

<net id="3522"><net_src comp="471" pin="1"/><net_sink comp="3515" pin=1"/></net>

<net id="3523"><net_src comp="136" pin="0"/><net_sink comp="3515" pin=2"/></net>

<net id="3524"><net_src comp="164" pin="0"/><net_sink comp="3515" pin=3"/></net>

<net id="3528"><net_src comp="3503" pin="3"/><net_sink comp="3525" pin=0"/></net>

<net id="3533"><net_src comp="3485" pin="4"/><net_sink comp="3529" pin=0"/></net>

<net id="3534"><net_src comp="3511" pin="1"/><net_sink comp="3529" pin=1"/></net>

<net id="3539"><net_src comp="3515" pin="4"/><net_sink comp="3535" pin=0"/></net>

<net id="3540"><net_src comp="3525" pin="1"/><net_sink comp="3535" pin=1"/></net>

<net id="3546"><net_src comp="166" pin="0"/><net_sink comp="3541" pin=0"/></net>

<net id="3547"><net_src comp="3529" pin="2"/><net_sink comp="3541" pin=1"/></net>

<net id="3548"><net_src comp="168" pin="0"/><net_sink comp="3541" pin=2"/></net>

<net id="3553"><net_src comp="3541" pin="3"/><net_sink comp="3549" pin=0"/></net>

<net id="3554"><net_src comp="170" pin="0"/><net_sink comp="3549" pin=1"/></net>

<net id="3559"><net_src comp="3495" pin="3"/><net_sink comp="3555" pin=0"/></net>

<net id="3560"><net_src comp="3549" pin="2"/><net_sink comp="3555" pin=1"/></net>

<net id="3566"><net_src comp="166" pin="0"/><net_sink comp="3561" pin=0"/></net>

<net id="3567"><net_src comp="3529" pin="2"/><net_sink comp="3561" pin=1"/></net>

<net id="3568"><net_src comp="168" pin="0"/><net_sink comp="3561" pin=2"/></net>

<net id="3575"><net_src comp="172" pin="0"/><net_sink comp="3569" pin=0"/></net>

<net id="3576"><net_src comp="471" pin="1"/><net_sink comp="3569" pin=1"/></net>

<net id="3577"><net_src comp="174" pin="0"/><net_sink comp="3569" pin=2"/></net>

<net id="3578"><net_src comp="176" pin="0"/><net_sink comp="3569" pin=3"/></net>

<net id="3583"><net_src comp="3569" pin="4"/><net_sink comp="3579" pin=0"/></net>

<net id="3584"><net_src comp="178" pin="0"/><net_sink comp="3579" pin=1"/></net>

<net id="3589"><net_src comp="3569" pin="4"/><net_sink comp="3585" pin=0"/></net>

<net id="3590"><net_src comp="180" pin="0"/><net_sink comp="3585" pin=1"/></net>

<net id="3596"><net_src comp="3555" pin="2"/><net_sink comp="3591" pin=0"/></net>

<net id="3597"><net_src comp="3579" pin="2"/><net_sink comp="3591" pin=1"/></net>

<net id="3598"><net_src comp="3585" pin="2"/><net_sink comp="3591" pin=2"/></net>

<net id="3603"><net_src comp="3591" pin="3"/><net_sink comp="3599" pin=0"/></net>

<net id="3604"><net_src comp="170" pin="0"/><net_sink comp="3599" pin=1"/></net>

<net id="3609"><net_src comp="3561" pin="3"/><net_sink comp="3605" pin=0"/></net>

<net id="3610"><net_src comp="3599" pin="2"/><net_sink comp="3605" pin=1"/></net>

<net id="3616"><net_src comp="3605" pin="2"/><net_sink comp="3611" pin=0"/></net>

<net id="3617"><net_src comp="182" pin="0"/><net_sink comp="3611" pin=1"/></net>

<net id="3618"><net_src comp="3535" pin="2"/><net_sink comp="3611" pin=2"/></net>

<net id="3624"><net_src comp="3479" pin="2"/><net_sink comp="3619" pin=0"/></net>

<net id="3625"><net_src comp="3611" pin="3"/><net_sink comp="3619" pin=1"/></net>

<net id="3626"><net_src comp="140" pin="0"/><net_sink comp="3619" pin=2"/></net>

<net id="3631"><net_src comp="475" pin="1"/><net_sink comp="3627" pin=0"/></net>

<net id="3632"><net_src comp="152" pin="0"/><net_sink comp="3627" pin=1"/></net>

<net id="3639"><net_src comp="154" pin="0"/><net_sink comp="3633" pin=0"/></net>

<net id="3640"><net_src comp="475" pin="1"/><net_sink comp="3633" pin=1"/></net>

<net id="3641"><net_src comp="136" pin="0"/><net_sink comp="3633" pin=2"/></net>

<net id="3642"><net_src comp="156" pin="0"/><net_sink comp="3633" pin=3"/></net>

<net id="3648"><net_src comp="158" pin="0"/><net_sink comp="3643" pin=0"/></net>

<net id="3649"><net_src comp="475" pin="1"/><net_sink comp="3643" pin=1"/></net>

<net id="3650"><net_src comp="156" pin="0"/><net_sink comp="3643" pin=2"/></net>

<net id="3656"><net_src comp="158" pin="0"/><net_sink comp="3651" pin=0"/></net>

<net id="3657"><net_src comp="475" pin="1"/><net_sink comp="3651" pin=1"/></net>

<net id="3658"><net_src comp="160" pin="0"/><net_sink comp="3651" pin=2"/></net>

<net id="3662"><net_src comp="3651" pin="3"/><net_sink comp="3659" pin=0"/></net>

<net id="3669"><net_src comp="162" pin="0"/><net_sink comp="3663" pin=0"/></net>

<net id="3670"><net_src comp="475" pin="1"/><net_sink comp="3663" pin=1"/></net>

<net id="3671"><net_src comp="136" pin="0"/><net_sink comp="3663" pin=2"/></net>

<net id="3672"><net_src comp="164" pin="0"/><net_sink comp="3663" pin=3"/></net>

<net id="3676"><net_src comp="3651" pin="3"/><net_sink comp="3673" pin=0"/></net>

<net id="3681"><net_src comp="3633" pin="4"/><net_sink comp="3677" pin=0"/></net>

<net id="3682"><net_src comp="3659" pin="1"/><net_sink comp="3677" pin=1"/></net>

<net id="3687"><net_src comp="3663" pin="4"/><net_sink comp="3683" pin=0"/></net>

<net id="3688"><net_src comp="3673" pin="1"/><net_sink comp="3683" pin=1"/></net>

<net id="3694"><net_src comp="166" pin="0"/><net_sink comp="3689" pin=0"/></net>

<net id="3695"><net_src comp="3677" pin="2"/><net_sink comp="3689" pin=1"/></net>

<net id="3696"><net_src comp="168" pin="0"/><net_sink comp="3689" pin=2"/></net>

<net id="3701"><net_src comp="3689" pin="3"/><net_sink comp="3697" pin=0"/></net>

<net id="3702"><net_src comp="170" pin="0"/><net_sink comp="3697" pin=1"/></net>

<net id="3707"><net_src comp="3643" pin="3"/><net_sink comp="3703" pin=0"/></net>

<net id="3708"><net_src comp="3697" pin="2"/><net_sink comp="3703" pin=1"/></net>

<net id="3714"><net_src comp="166" pin="0"/><net_sink comp="3709" pin=0"/></net>

<net id="3715"><net_src comp="3677" pin="2"/><net_sink comp="3709" pin=1"/></net>

<net id="3716"><net_src comp="168" pin="0"/><net_sink comp="3709" pin=2"/></net>

<net id="3723"><net_src comp="172" pin="0"/><net_sink comp="3717" pin=0"/></net>

<net id="3724"><net_src comp="475" pin="1"/><net_sink comp="3717" pin=1"/></net>

<net id="3725"><net_src comp="174" pin="0"/><net_sink comp="3717" pin=2"/></net>

<net id="3726"><net_src comp="176" pin="0"/><net_sink comp="3717" pin=3"/></net>

<net id="3731"><net_src comp="3717" pin="4"/><net_sink comp="3727" pin=0"/></net>

<net id="3732"><net_src comp="178" pin="0"/><net_sink comp="3727" pin=1"/></net>

<net id="3737"><net_src comp="3717" pin="4"/><net_sink comp="3733" pin=0"/></net>

<net id="3738"><net_src comp="180" pin="0"/><net_sink comp="3733" pin=1"/></net>

<net id="3744"><net_src comp="3703" pin="2"/><net_sink comp="3739" pin=0"/></net>

<net id="3745"><net_src comp="3727" pin="2"/><net_sink comp="3739" pin=1"/></net>

<net id="3746"><net_src comp="3733" pin="2"/><net_sink comp="3739" pin=2"/></net>

<net id="3751"><net_src comp="3739" pin="3"/><net_sink comp="3747" pin=0"/></net>

<net id="3752"><net_src comp="170" pin="0"/><net_sink comp="3747" pin=1"/></net>

<net id="3757"><net_src comp="3709" pin="3"/><net_sink comp="3753" pin=0"/></net>

<net id="3758"><net_src comp="3747" pin="2"/><net_sink comp="3753" pin=1"/></net>

<net id="3764"><net_src comp="3753" pin="2"/><net_sink comp="3759" pin=0"/></net>

<net id="3765"><net_src comp="182" pin="0"/><net_sink comp="3759" pin=1"/></net>

<net id="3766"><net_src comp="3683" pin="2"/><net_sink comp="3759" pin=2"/></net>

<net id="3772"><net_src comp="3627" pin="2"/><net_sink comp="3767" pin=0"/></net>

<net id="3773"><net_src comp="3759" pin="3"/><net_sink comp="3767" pin=1"/></net>

<net id="3774"><net_src comp="140" pin="0"/><net_sink comp="3767" pin=2"/></net>

<net id="3779"><net_src comp="479" pin="1"/><net_sink comp="3775" pin=0"/></net>

<net id="3780"><net_src comp="152" pin="0"/><net_sink comp="3775" pin=1"/></net>

<net id="3787"><net_src comp="154" pin="0"/><net_sink comp="3781" pin=0"/></net>

<net id="3788"><net_src comp="479" pin="1"/><net_sink comp="3781" pin=1"/></net>

<net id="3789"><net_src comp="136" pin="0"/><net_sink comp="3781" pin=2"/></net>

<net id="3790"><net_src comp="156" pin="0"/><net_sink comp="3781" pin=3"/></net>

<net id="3796"><net_src comp="158" pin="0"/><net_sink comp="3791" pin=0"/></net>

<net id="3797"><net_src comp="479" pin="1"/><net_sink comp="3791" pin=1"/></net>

<net id="3798"><net_src comp="156" pin="0"/><net_sink comp="3791" pin=2"/></net>

<net id="3804"><net_src comp="158" pin="0"/><net_sink comp="3799" pin=0"/></net>

<net id="3805"><net_src comp="479" pin="1"/><net_sink comp="3799" pin=1"/></net>

<net id="3806"><net_src comp="160" pin="0"/><net_sink comp="3799" pin=2"/></net>

<net id="3810"><net_src comp="3799" pin="3"/><net_sink comp="3807" pin=0"/></net>

<net id="3817"><net_src comp="162" pin="0"/><net_sink comp="3811" pin=0"/></net>

<net id="3818"><net_src comp="479" pin="1"/><net_sink comp="3811" pin=1"/></net>

<net id="3819"><net_src comp="136" pin="0"/><net_sink comp="3811" pin=2"/></net>

<net id="3820"><net_src comp="164" pin="0"/><net_sink comp="3811" pin=3"/></net>

<net id="3824"><net_src comp="3799" pin="3"/><net_sink comp="3821" pin=0"/></net>

<net id="3829"><net_src comp="3781" pin="4"/><net_sink comp="3825" pin=0"/></net>

<net id="3830"><net_src comp="3807" pin="1"/><net_sink comp="3825" pin=1"/></net>

<net id="3835"><net_src comp="3811" pin="4"/><net_sink comp="3831" pin=0"/></net>

<net id="3836"><net_src comp="3821" pin="1"/><net_sink comp="3831" pin=1"/></net>

<net id="3842"><net_src comp="166" pin="0"/><net_sink comp="3837" pin=0"/></net>

<net id="3843"><net_src comp="3825" pin="2"/><net_sink comp="3837" pin=1"/></net>

<net id="3844"><net_src comp="168" pin="0"/><net_sink comp="3837" pin=2"/></net>

<net id="3849"><net_src comp="3837" pin="3"/><net_sink comp="3845" pin=0"/></net>

<net id="3850"><net_src comp="170" pin="0"/><net_sink comp="3845" pin=1"/></net>

<net id="3855"><net_src comp="3791" pin="3"/><net_sink comp="3851" pin=0"/></net>

<net id="3856"><net_src comp="3845" pin="2"/><net_sink comp="3851" pin=1"/></net>

<net id="3862"><net_src comp="166" pin="0"/><net_sink comp="3857" pin=0"/></net>

<net id="3863"><net_src comp="3825" pin="2"/><net_sink comp="3857" pin=1"/></net>

<net id="3864"><net_src comp="168" pin="0"/><net_sink comp="3857" pin=2"/></net>

<net id="3871"><net_src comp="172" pin="0"/><net_sink comp="3865" pin=0"/></net>

<net id="3872"><net_src comp="479" pin="1"/><net_sink comp="3865" pin=1"/></net>

<net id="3873"><net_src comp="174" pin="0"/><net_sink comp="3865" pin=2"/></net>

<net id="3874"><net_src comp="176" pin="0"/><net_sink comp="3865" pin=3"/></net>

<net id="3879"><net_src comp="3865" pin="4"/><net_sink comp="3875" pin=0"/></net>

<net id="3880"><net_src comp="178" pin="0"/><net_sink comp="3875" pin=1"/></net>

<net id="3885"><net_src comp="3865" pin="4"/><net_sink comp="3881" pin=0"/></net>

<net id="3886"><net_src comp="180" pin="0"/><net_sink comp="3881" pin=1"/></net>

<net id="3892"><net_src comp="3851" pin="2"/><net_sink comp="3887" pin=0"/></net>

<net id="3893"><net_src comp="3875" pin="2"/><net_sink comp="3887" pin=1"/></net>

<net id="3894"><net_src comp="3881" pin="2"/><net_sink comp="3887" pin=2"/></net>

<net id="3899"><net_src comp="3887" pin="3"/><net_sink comp="3895" pin=0"/></net>

<net id="3900"><net_src comp="170" pin="0"/><net_sink comp="3895" pin=1"/></net>

<net id="3905"><net_src comp="3857" pin="3"/><net_sink comp="3901" pin=0"/></net>

<net id="3906"><net_src comp="3895" pin="2"/><net_sink comp="3901" pin=1"/></net>

<net id="3912"><net_src comp="3901" pin="2"/><net_sink comp="3907" pin=0"/></net>

<net id="3913"><net_src comp="182" pin="0"/><net_sink comp="3907" pin=1"/></net>

<net id="3914"><net_src comp="3831" pin="2"/><net_sink comp="3907" pin=2"/></net>

<net id="3920"><net_src comp="3775" pin="2"/><net_sink comp="3915" pin=0"/></net>

<net id="3921"><net_src comp="3907" pin="3"/><net_sink comp="3915" pin=1"/></net>

<net id="3922"><net_src comp="140" pin="0"/><net_sink comp="3915" pin=2"/></net>

<net id="3927"><net_src comp="483" pin="1"/><net_sink comp="3923" pin=0"/></net>

<net id="3928"><net_src comp="152" pin="0"/><net_sink comp="3923" pin=1"/></net>

<net id="3935"><net_src comp="154" pin="0"/><net_sink comp="3929" pin=0"/></net>

<net id="3936"><net_src comp="483" pin="1"/><net_sink comp="3929" pin=1"/></net>

<net id="3937"><net_src comp="136" pin="0"/><net_sink comp="3929" pin=2"/></net>

<net id="3938"><net_src comp="156" pin="0"/><net_sink comp="3929" pin=3"/></net>

<net id="3944"><net_src comp="158" pin="0"/><net_sink comp="3939" pin=0"/></net>

<net id="3945"><net_src comp="483" pin="1"/><net_sink comp="3939" pin=1"/></net>

<net id="3946"><net_src comp="156" pin="0"/><net_sink comp="3939" pin=2"/></net>

<net id="3952"><net_src comp="158" pin="0"/><net_sink comp="3947" pin=0"/></net>

<net id="3953"><net_src comp="483" pin="1"/><net_sink comp="3947" pin=1"/></net>

<net id="3954"><net_src comp="160" pin="0"/><net_sink comp="3947" pin=2"/></net>

<net id="3958"><net_src comp="3947" pin="3"/><net_sink comp="3955" pin=0"/></net>

<net id="3965"><net_src comp="162" pin="0"/><net_sink comp="3959" pin=0"/></net>

<net id="3966"><net_src comp="483" pin="1"/><net_sink comp="3959" pin=1"/></net>

<net id="3967"><net_src comp="136" pin="0"/><net_sink comp="3959" pin=2"/></net>

<net id="3968"><net_src comp="164" pin="0"/><net_sink comp="3959" pin=3"/></net>

<net id="3972"><net_src comp="3947" pin="3"/><net_sink comp="3969" pin=0"/></net>

<net id="3977"><net_src comp="3929" pin="4"/><net_sink comp="3973" pin=0"/></net>

<net id="3978"><net_src comp="3955" pin="1"/><net_sink comp="3973" pin=1"/></net>

<net id="3983"><net_src comp="3959" pin="4"/><net_sink comp="3979" pin=0"/></net>

<net id="3984"><net_src comp="3969" pin="1"/><net_sink comp="3979" pin=1"/></net>

<net id="3990"><net_src comp="166" pin="0"/><net_sink comp="3985" pin=0"/></net>

<net id="3991"><net_src comp="3973" pin="2"/><net_sink comp="3985" pin=1"/></net>

<net id="3992"><net_src comp="168" pin="0"/><net_sink comp="3985" pin=2"/></net>

<net id="3997"><net_src comp="3985" pin="3"/><net_sink comp="3993" pin=0"/></net>

<net id="3998"><net_src comp="170" pin="0"/><net_sink comp="3993" pin=1"/></net>

<net id="4003"><net_src comp="3939" pin="3"/><net_sink comp="3999" pin=0"/></net>

<net id="4004"><net_src comp="3993" pin="2"/><net_sink comp="3999" pin=1"/></net>

<net id="4010"><net_src comp="166" pin="0"/><net_sink comp="4005" pin=0"/></net>

<net id="4011"><net_src comp="3973" pin="2"/><net_sink comp="4005" pin=1"/></net>

<net id="4012"><net_src comp="168" pin="0"/><net_sink comp="4005" pin=2"/></net>

<net id="4019"><net_src comp="172" pin="0"/><net_sink comp="4013" pin=0"/></net>

<net id="4020"><net_src comp="483" pin="1"/><net_sink comp="4013" pin=1"/></net>

<net id="4021"><net_src comp="174" pin="0"/><net_sink comp="4013" pin=2"/></net>

<net id="4022"><net_src comp="176" pin="0"/><net_sink comp="4013" pin=3"/></net>

<net id="4027"><net_src comp="4013" pin="4"/><net_sink comp="4023" pin=0"/></net>

<net id="4028"><net_src comp="178" pin="0"/><net_sink comp="4023" pin=1"/></net>

<net id="4033"><net_src comp="4013" pin="4"/><net_sink comp="4029" pin=0"/></net>

<net id="4034"><net_src comp="180" pin="0"/><net_sink comp="4029" pin=1"/></net>

<net id="4040"><net_src comp="3999" pin="2"/><net_sink comp="4035" pin=0"/></net>

<net id="4041"><net_src comp="4023" pin="2"/><net_sink comp="4035" pin=1"/></net>

<net id="4042"><net_src comp="4029" pin="2"/><net_sink comp="4035" pin=2"/></net>

<net id="4047"><net_src comp="4035" pin="3"/><net_sink comp="4043" pin=0"/></net>

<net id="4048"><net_src comp="170" pin="0"/><net_sink comp="4043" pin=1"/></net>

<net id="4053"><net_src comp="4005" pin="3"/><net_sink comp="4049" pin=0"/></net>

<net id="4054"><net_src comp="4043" pin="2"/><net_sink comp="4049" pin=1"/></net>

<net id="4060"><net_src comp="4049" pin="2"/><net_sink comp="4055" pin=0"/></net>

<net id="4061"><net_src comp="182" pin="0"/><net_sink comp="4055" pin=1"/></net>

<net id="4062"><net_src comp="3979" pin="2"/><net_sink comp="4055" pin=2"/></net>

<net id="4068"><net_src comp="3923" pin="2"/><net_sink comp="4063" pin=0"/></net>

<net id="4069"><net_src comp="4055" pin="3"/><net_sink comp="4063" pin=1"/></net>

<net id="4070"><net_src comp="140" pin="0"/><net_sink comp="4063" pin=2"/></net>

<net id="4075"><net_src comp="487" pin="1"/><net_sink comp="4071" pin=0"/></net>

<net id="4076"><net_src comp="152" pin="0"/><net_sink comp="4071" pin=1"/></net>

<net id="4083"><net_src comp="154" pin="0"/><net_sink comp="4077" pin=0"/></net>

<net id="4084"><net_src comp="487" pin="1"/><net_sink comp="4077" pin=1"/></net>

<net id="4085"><net_src comp="136" pin="0"/><net_sink comp="4077" pin=2"/></net>

<net id="4086"><net_src comp="156" pin="0"/><net_sink comp="4077" pin=3"/></net>

<net id="4092"><net_src comp="158" pin="0"/><net_sink comp="4087" pin=0"/></net>

<net id="4093"><net_src comp="487" pin="1"/><net_sink comp="4087" pin=1"/></net>

<net id="4094"><net_src comp="156" pin="0"/><net_sink comp="4087" pin=2"/></net>

<net id="4100"><net_src comp="158" pin="0"/><net_sink comp="4095" pin=0"/></net>

<net id="4101"><net_src comp="487" pin="1"/><net_sink comp="4095" pin=1"/></net>

<net id="4102"><net_src comp="160" pin="0"/><net_sink comp="4095" pin=2"/></net>

<net id="4106"><net_src comp="4095" pin="3"/><net_sink comp="4103" pin=0"/></net>

<net id="4113"><net_src comp="162" pin="0"/><net_sink comp="4107" pin=0"/></net>

<net id="4114"><net_src comp="487" pin="1"/><net_sink comp="4107" pin=1"/></net>

<net id="4115"><net_src comp="136" pin="0"/><net_sink comp="4107" pin=2"/></net>

<net id="4116"><net_src comp="164" pin="0"/><net_sink comp="4107" pin=3"/></net>

<net id="4120"><net_src comp="4095" pin="3"/><net_sink comp="4117" pin=0"/></net>

<net id="4125"><net_src comp="4077" pin="4"/><net_sink comp="4121" pin=0"/></net>

<net id="4126"><net_src comp="4103" pin="1"/><net_sink comp="4121" pin=1"/></net>

<net id="4131"><net_src comp="4107" pin="4"/><net_sink comp="4127" pin=0"/></net>

<net id="4132"><net_src comp="4117" pin="1"/><net_sink comp="4127" pin=1"/></net>

<net id="4138"><net_src comp="166" pin="0"/><net_sink comp="4133" pin=0"/></net>

<net id="4139"><net_src comp="4121" pin="2"/><net_sink comp="4133" pin=1"/></net>

<net id="4140"><net_src comp="168" pin="0"/><net_sink comp="4133" pin=2"/></net>

<net id="4145"><net_src comp="4133" pin="3"/><net_sink comp="4141" pin=0"/></net>

<net id="4146"><net_src comp="170" pin="0"/><net_sink comp="4141" pin=1"/></net>

<net id="4151"><net_src comp="4087" pin="3"/><net_sink comp="4147" pin=0"/></net>

<net id="4152"><net_src comp="4141" pin="2"/><net_sink comp="4147" pin=1"/></net>

<net id="4158"><net_src comp="166" pin="0"/><net_sink comp="4153" pin=0"/></net>

<net id="4159"><net_src comp="4121" pin="2"/><net_sink comp="4153" pin=1"/></net>

<net id="4160"><net_src comp="168" pin="0"/><net_sink comp="4153" pin=2"/></net>

<net id="4167"><net_src comp="172" pin="0"/><net_sink comp="4161" pin=0"/></net>

<net id="4168"><net_src comp="487" pin="1"/><net_sink comp="4161" pin=1"/></net>

<net id="4169"><net_src comp="174" pin="0"/><net_sink comp="4161" pin=2"/></net>

<net id="4170"><net_src comp="176" pin="0"/><net_sink comp="4161" pin=3"/></net>

<net id="4175"><net_src comp="4161" pin="4"/><net_sink comp="4171" pin=0"/></net>

<net id="4176"><net_src comp="178" pin="0"/><net_sink comp="4171" pin=1"/></net>

<net id="4181"><net_src comp="4161" pin="4"/><net_sink comp="4177" pin=0"/></net>

<net id="4182"><net_src comp="180" pin="0"/><net_sink comp="4177" pin=1"/></net>

<net id="4188"><net_src comp="4147" pin="2"/><net_sink comp="4183" pin=0"/></net>

<net id="4189"><net_src comp="4171" pin="2"/><net_sink comp="4183" pin=1"/></net>

<net id="4190"><net_src comp="4177" pin="2"/><net_sink comp="4183" pin=2"/></net>

<net id="4195"><net_src comp="4183" pin="3"/><net_sink comp="4191" pin=0"/></net>

<net id="4196"><net_src comp="170" pin="0"/><net_sink comp="4191" pin=1"/></net>

<net id="4201"><net_src comp="4153" pin="3"/><net_sink comp="4197" pin=0"/></net>

<net id="4202"><net_src comp="4191" pin="2"/><net_sink comp="4197" pin=1"/></net>

<net id="4208"><net_src comp="4197" pin="2"/><net_sink comp="4203" pin=0"/></net>

<net id="4209"><net_src comp="182" pin="0"/><net_sink comp="4203" pin=1"/></net>

<net id="4210"><net_src comp="4127" pin="2"/><net_sink comp="4203" pin=2"/></net>

<net id="4216"><net_src comp="4071" pin="2"/><net_sink comp="4211" pin=0"/></net>

<net id="4217"><net_src comp="4203" pin="3"/><net_sink comp="4211" pin=1"/></net>

<net id="4218"><net_src comp="140" pin="0"/><net_sink comp="4211" pin=2"/></net>

<net id="4223"><net_src comp="491" pin="1"/><net_sink comp="4219" pin=0"/></net>

<net id="4224"><net_src comp="152" pin="0"/><net_sink comp="4219" pin=1"/></net>

<net id="4231"><net_src comp="154" pin="0"/><net_sink comp="4225" pin=0"/></net>

<net id="4232"><net_src comp="491" pin="1"/><net_sink comp="4225" pin=1"/></net>

<net id="4233"><net_src comp="136" pin="0"/><net_sink comp="4225" pin=2"/></net>

<net id="4234"><net_src comp="156" pin="0"/><net_sink comp="4225" pin=3"/></net>

<net id="4240"><net_src comp="158" pin="0"/><net_sink comp="4235" pin=0"/></net>

<net id="4241"><net_src comp="491" pin="1"/><net_sink comp="4235" pin=1"/></net>

<net id="4242"><net_src comp="156" pin="0"/><net_sink comp="4235" pin=2"/></net>

<net id="4248"><net_src comp="158" pin="0"/><net_sink comp="4243" pin=0"/></net>

<net id="4249"><net_src comp="491" pin="1"/><net_sink comp="4243" pin=1"/></net>

<net id="4250"><net_src comp="160" pin="0"/><net_sink comp="4243" pin=2"/></net>

<net id="4254"><net_src comp="4243" pin="3"/><net_sink comp="4251" pin=0"/></net>

<net id="4261"><net_src comp="162" pin="0"/><net_sink comp="4255" pin=0"/></net>

<net id="4262"><net_src comp="491" pin="1"/><net_sink comp="4255" pin=1"/></net>

<net id="4263"><net_src comp="136" pin="0"/><net_sink comp="4255" pin=2"/></net>

<net id="4264"><net_src comp="164" pin="0"/><net_sink comp="4255" pin=3"/></net>

<net id="4268"><net_src comp="4243" pin="3"/><net_sink comp="4265" pin=0"/></net>

<net id="4273"><net_src comp="4225" pin="4"/><net_sink comp="4269" pin=0"/></net>

<net id="4274"><net_src comp="4251" pin="1"/><net_sink comp="4269" pin=1"/></net>

<net id="4279"><net_src comp="4255" pin="4"/><net_sink comp="4275" pin=0"/></net>

<net id="4280"><net_src comp="4265" pin="1"/><net_sink comp="4275" pin=1"/></net>

<net id="4286"><net_src comp="166" pin="0"/><net_sink comp="4281" pin=0"/></net>

<net id="4287"><net_src comp="4269" pin="2"/><net_sink comp="4281" pin=1"/></net>

<net id="4288"><net_src comp="168" pin="0"/><net_sink comp="4281" pin=2"/></net>

<net id="4293"><net_src comp="4281" pin="3"/><net_sink comp="4289" pin=0"/></net>

<net id="4294"><net_src comp="170" pin="0"/><net_sink comp="4289" pin=1"/></net>

<net id="4299"><net_src comp="4235" pin="3"/><net_sink comp="4295" pin=0"/></net>

<net id="4300"><net_src comp="4289" pin="2"/><net_sink comp="4295" pin=1"/></net>

<net id="4306"><net_src comp="166" pin="0"/><net_sink comp="4301" pin=0"/></net>

<net id="4307"><net_src comp="4269" pin="2"/><net_sink comp="4301" pin=1"/></net>

<net id="4308"><net_src comp="168" pin="0"/><net_sink comp="4301" pin=2"/></net>

<net id="4315"><net_src comp="172" pin="0"/><net_sink comp="4309" pin=0"/></net>

<net id="4316"><net_src comp="491" pin="1"/><net_sink comp="4309" pin=1"/></net>

<net id="4317"><net_src comp="174" pin="0"/><net_sink comp="4309" pin=2"/></net>

<net id="4318"><net_src comp="176" pin="0"/><net_sink comp="4309" pin=3"/></net>

<net id="4323"><net_src comp="4309" pin="4"/><net_sink comp="4319" pin=0"/></net>

<net id="4324"><net_src comp="178" pin="0"/><net_sink comp="4319" pin=1"/></net>

<net id="4329"><net_src comp="4309" pin="4"/><net_sink comp="4325" pin=0"/></net>

<net id="4330"><net_src comp="180" pin="0"/><net_sink comp="4325" pin=1"/></net>

<net id="4336"><net_src comp="4295" pin="2"/><net_sink comp="4331" pin=0"/></net>

<net id="4337"><net_src comp="4319" pin="2"/><net_sink comp="4331" pin=1"/></net>

<net id="4338"><net_src comp="4325" pin="2"/><net_sink comp="4331" pin=2"/></net>

<net id="4343"><net_src comp="4331" pin="3"/><net_sink comp="4339" pin=0"/></net>

<net id="4344"><net_src comp="170" pin="0"/><net_sink comp="4339" pin=1"/></net>

<net id="4349"><net_src comp="4301" pin="3"/><net_sink comp="4345" pin=0"/></net>

<net id="4350"><net_src comp="4339" pin="2"/><net_sink comp="4345" pin=1"/></net>

<net id="4356"><net_src comp="4345" pin="2"/><net_sink comp="4351" pin=0"/></net>

<net id="4357"><net_src comp="182" pin="0"/><net_sink comp="4351" pin=1"/></net>

<net id="4358"><net_src comp="4275" pin="2"/><net_sink comp="4351" pin=2"/></net>

<net id="4364"><net_src comp="4219" pin="2"/><net_sink comp="4359" pin=0"/></net>

<net id="4365"><net_src comp="4351" pin="3"/><net_sink comp="4359" pin=1"/></net>

<net id="4366"><net_src comp="140" pin="0"/><net_sink comp="4359" pin=2"/></net>

<net id="4371"><net_src comp="495" pin="1"/><net_sink comp="4367" pin=0"/></net>

<net id="4372"><net_src comp="152" pin="0"/><net_sink comp="4367" pin=1"/></net>

<net id="4379"><net_src comp="154" pin="0"/><net_sink comp="4373" pin=0"/></net>

<net id="4380"><net_src comp="495" pin="1"/><net_sink comp="4373" pin=1"/></net>

<net id="4381"><net_src comp="136" pin="0"/><net_sink comp="4373" pin=2"/></net>

<net id="4382"><net_src comp="156" pin="0"/><net_sink comp="4373" pin=3"/></net>

<net id="4388"><net_src comp="158" pin="0"/><net_sink comp="4383" pin=0"/></net>

<net id="4389"><net_src comp="495" pin="1"/><net_sink comp="4383" pin=1"/></net>

<net id="4390"><net_src comp="156" pin="0"/><net_sink comp="4383" pin=2"/></net>

<net id="4396"><net_src comp="158" pin="0"/><net_sink comp="4391" pin=0"/></net>

<net id="4397"><net_src comp="495" pin="1"/><net_sink comp="4391" pin=1"/></net>

<net id="4398"><net_src comp="160" pin="0"/><net_sink comp="4391" pin=2"/></net>

<net id="4402"><net_src comp="4391" pin="3"/><net_sink comp="4399" pin=0"/></net>

<net id="4409"><net_src comp="162" pin="0"/><net_sink comp="4403" pin=0"/></net>

<net id="4410"><net_src comp="495" pin="1"/><net_sink comp="4403" pin=1"/></net>

<net id="4411"><net_src comp="136" pin="0"/><net_sink comp="4403" pin=2"/></net>

<net id="4412"><net_src comp="164" pin="0"/><net_sink comp="4403" pin=3"/></net>

<net id="4416"><net_src comp="4391" pin="3"/><net_sink comp="4413" pin=0"/></net>

<net id="4421"><net_src comp="4373" pin="4"/><net_sink comp="4417" pin=0"/></net>

<net id="4422"><net_src comp="4399" pin="1"/><net_sink comp="4417" pin=1"/></net>

<net id="4427"><net_src comp="4403" pin="4"/><net_sink comp="4423" pin=0"/></net>

<net id="4428"><net_src comp="4413" pin="1"/><net_sink comp="4423" pin=1"/></net>

<net id="4434"><net_src comp="166" pin="0"/><net_sink comp="4429" pin=0"/></net>

<net id="4435"><net_src comp="4417" pin="2"/><net_sink comp="4429" pin=1"/></net>

<net id="4436"><net_src comp="168" pin="0"/><net_sink comp="4429" pin=2"/></net>

<net id="4441"><net_src comp="4429" pin="3"/><net_sink comp="4437" pin=0"/></net>

<net id="4442"><net_src comp="170" pin="0"/><net_sink comp="4437" pin=1"/></net>

<net id="4447"><net_src comp="4383" pin="3"/><net_sink comp="4443" pin=0"/></net>

<net id="4448"><net_src comp="4437" pin="2"/><net_sink comp="4443" pin=1"/></net>

<net id="4454"><net_src comp="166" pin="0"/><net_sink comp="4449" pin=0"/></net>

<net id="4455"><net_src comp="4417" pin="2"/><net_sink comp="4449" pin=1"/></net>

<net id="4456"><net_src comp="168" pin="0"/><net_sink comp="4449" pin=2"/></net>

<net id="4463"><net_src comp="172" pin="0"/><net_sink comp="4457" pin=0"/></net>

<net id="4464"><net_src comp="495" pin="1"/><net_sink comp="4457" pin=1"/></net>

<net id="4465"><net_src comp="174" pin="0"/><net_sink comp="4457" pin=2"/></net>

<net id="4466"><net_src comp="176" pin="0"/><net_sink comp="4457" pin=3"/></net>

<net id="4471"><net_src comp="4457" pin="4"/><net_sink comp="4467" pin=0"/></net>

<net id="4472"><net_src comp="178" pin="0"/><net_sink comp="4467" pin=1"/></net>

<net id="4477"><net_src comp="4457" pin="4"/><net_sink comp="4473" pin=0"/></net>

<net id="4478"><net_src comp="180" pin="0"/><net_sink comp="4473" pin=1"/></net>

<net id="4484"><net_src comp="4443" pin="2"/><net_sink comp="4479" pin=0"/></net>

<net id="4485"><net_src comp="4467" pin="2"/><net_sink comp="4479" pin=1"/></net>

<net id="4486"><net_src comp="4473" pin="2"/><net_sink comp="4479" pin=2"/></net>

<net id="4491"><net_src comp="4479" pin="3"/><net_sink comp="4487" pin=0"/></net>

<net id="4492"><net_src comp="170" pin="0"/><net_sink comp="4487" pin=1"/></net>

<net id="4497"><net_src comp="4449" pin="3"/><net_sink comp="4493" pin=0"/></net>

<net id="4498"><net_src comp="4487" pin="2"/><net_sink comp="4493" pin=1"/></net>

<net id="4504"><net_src comp="4493" pin="2"/><net_sink comp="4499" pin=0"/></net>

<net id="4505"><net_src comp="182" pin="0"/><net_sink comp="4499" pin=1"/></net>

<net id="4506"><net_src comp="4423" pin="2"/><net_sink comp="4499" pin=2"/></net>

<net id="4512"><net_src comp="4367" pin="2"/><net_sink comp="4507" pin=0"/></net>

<net id="4513"><net_src comp="4499" pin="3"/><net_sink comp="4507" pin=1"/></net>

<net id="4514"><net_src comp="140" pin="0"/><net_sink comp="4507" pin=2"/></net>

<net id="4519"><net_src comp="499" pin="1"/><net_sink comp="4515" pin=0"/></net>

<net id="4520"><net_src comp="152" pin="0"/><net_sink comp="4515" pin=1"/></net>

<net id="4527"><net_src comp="154" pin="0"/><net_sink comp="4521" pin=0"/></net>

<net id="4528"><net_src comp="499" pin="1"/><net_sink comp="4521" pin=1"/></net>

<net id="4529"><net_src comp="136" pin="0"/><net_sink comp="4521" pin=2"/></net>

<net id="4530"><net_src comp="156" pin="0"/><net_sink comp="4521" pin=3"/></net>

<net id="4536"><net_src comp="158" pin="0"/><net_sink comp="4531" pin=0"/></net>

<net id="4537"><net_src comp="499" pin="1"/><net_sink comp="4531" pin=1"/></net>

<net id="4538"><net_src comp="156" pin="0"/><net_sink comp="4531" pin=2"/></net>

<net id="4544"><net_src comp="158" pin="0"/><net_sink comp="4539" pin=0"/></net>

<net id="4545"><net_src comp="499" pin="1"/><net_sink comp="4539" pin=1"/></net>

<net id="4546"><net_src comp="160" pin="0"/><net_sink comp="4539" pin=2"/></net>

<net id="4550"><net_src comp="4539" pin="3"/><net_sink comp="4547" pin=0"/></net>

<net id="4557"><net_src comp="162" pin="0"/><net_sink comp="4551" pin=0"/></net>

<net id="4558"><net_src comp="499" pin="1"/><net_sink comp="4551" pin=1"/></net>

<net id="4559"><net_src comp="136" pin="0"/><net_sink comp="4551" pin=2"/></net>

<net id="4560"><net_src comp="164" pin="0"/><net_sink comp="4551" pin=3"/></net>

<net id="4564"><net_src comp="4539" pin="3"/><net_sink comp="4561" pin=0"/></net>

<net id="4569"><net_src comp="4521" pin="4"/><net_sink comp="4565" pin=0"/></net>

<net id="4570"><net_src comp="4547" pin="1"/><net_sink comp="4565" pin=1"/></net>

<net id="4575"><net_src comp="4551" pin="4"/><net_sink comp="4571" pin=0"/></net>

<net id="4576"><net_src comp="4561" pin="1"/><net_sink comp="4571" pin=1"/></net>

<net id="4582"><net_src comp="166" pin="0"/><net_sink comp="4577" pin=0"/></net>

<net id="4583"><net_src comp="4565" pin="2"/><net_sink comp="4577" pin=1"/></net>

<net id="4584"><net_src comp="168" pin="0"/><net_sink comp="4577" pin=2"/></net>

<net id="4589"><net_src comp="4577" pin="3"/><net_sink comp="4585" pin=0"/></net>

<net id="4590"><net_src comp="170" pin="0"/><net_sink comp="4585" pin=1"/></net>

<net id="4595"><net_src comp="4531" pin="3"/><net_sink comp="4591" pin=0"/></net>

<net id="4596"><net_src comp="4585" pin="2"/><net_sink comp="4591" pin=1"/></net>

<net id="4602"><net_src comp="166" pin="0"/><net_sink comp="4597" pin=0"/></net>

<net id="4603"><net_src comp="4565" pin="2"/><net_sink comp="4597" pin=1"/></net>

<net id="4604"><net_src comp="168" pin="0"/><net_sink comp="4597" pin=2"/></net>

<net id="4611"><net_src comp="172" pin="0"/><net_sink comp="4605" pin=0"/></net>

<net id="4612"><net_src comp="499" pin="1"/><net_sink comp="4605" pin=1"/></net>

<net id="4613"><net_src comp="174" pin="0"/><net_sink comp="4605" pin=2"/></net>

<net id="4614"><net_src comp="176" pin="0"/><net_sink comp="4605" pin=3"/></net>

<net id="4619"><net_src comp="4605" pin="4"/><net_sink comp="4615" pin=0"/></net>

<net id="4620"><net_src comp="178" pin="0"/><net_sink comp="4615" pin=1"/></net>

<net id="4625"><net_src comp="4605" pin="4"/><net_sink comp="4621" pin=0"/></net>

<net id="4626"><net_src comp="180" pin="0"/><net_sink comp="4621" pin=1"/></net>

<net id="4632"><net_src comp="4591" pin="2"/><net_sink comp="4627" pin=0"/></net>

<net id="4633"><net_src comp="4615" pin="2"/><net_sink comp="4627" pin=1"/></net>

<net id="4634"><net_src comp="4621" pin="2"/><net_sink comp="4627" pin=2"/></net>

<net id="4639"><net_src comp="4627" pin="3"/><net_sink comp="4635" pin=0"/></net>

<net id="4640"><net_src comp="170" pin="0"/><net_sink comp="4635" pin=1"/></net>

<net id="4645"><net_src comp="4597" pin="3"/><net_sink comp="4641" pin=0"/></net>

<net id="4646"><net_src comp="4635" pin="2"/><net_sink comp="4641" pin=1"/></net>

<net id="4652"><net_src comp="4641" pin="2"/><net_sink comp="4647" pin=0"/></net>

<net id="4653"><net_src comp="182" pin="0"/><net_sink comp="4647" pin=1"/></net>

<net id="4654"><net_src comp="4571" pin="2"/><net_sink comp="4647" pin=2"/></net>

<net id="4660"><net_src comp="4515" pin="2"/><net_sink comp="4655" pin=0"/></net>

<net id="4661"><net_src comp="4647" pin="3"/><net_sink comp="4655" pin=1"/></net>

<net id="4662"><net_src comp="140" pin="0"/><net_sink comp="4655" pin=2"/></net>

<net id="4667"><net_src comp="503" pin="1"/><net_sink comp="4663" pin=0"/></net>

<net id="4668"><net_src comp="152" pin="0"/><net_sink comp="4663" pin=1"/></net>

<net id="4675"><net_src comp="154" pin="0"/><net_sink comp="4669" pin=0"/></net>

<net id="4676"><net_src comp="503" pin="1"/><net_sink comp="4669" pin=1"/></net>

<net id="4677"><net_src comp="136" pin="0"/><net_sink comp="4669" pin=2"/></net>

<net id="4678"><net_src comp="156" pin="0"/><net_sink comp="4669" pin=3"/></net>

<net id="4684"><net_src comp="158" pin="0"/><net_sink comp="4679" pin=0"/></net>

<net id="4685"><net_src comp="503" pin="1"/><net_sink comp="4679" pin=1"/></net>

<net id="4686"><net_src comp="156" pin="0"/><net_sink comp="4679" pin=2"/></net>

<net id="4692"><net_src comp="158" pin="0"/><net_sink comp="4687" pin=0"/></net>

<net id="4693"><net_src comp="503" pin="1"/><net_sink comp="4687" pin=1"/></net>

<net id="4694"><net_src comp="160" pin="0"/><net_sink comp="4687" pin=2"/></net>

<net id="4698"><net_src comp="4687" pin="3"/><net_sink comp="4695" pin=0"/></net>

<net id="4705"><net_src comp="162" pin="0"/><net_sink comp="4699" pin=0"/></net>

<net id="4706"><net_src comp="503" pin="1"/><net_sink comp="4699" pin=1"/></net>

<net id="4707"><net_src comp="136" pin="0"/><net_sink comp="4699" pin=2"/></net>

<net id="4708"><net_src comp="164" pin="0"/><net_sink comp="4699" pin=3"/></net>

<net id="4712"><net_src comp="4687" pin="3"/><net_sink comp="4709" pin=0"/></net>

<net id="4717"><net_src comp="4669" pin="4"/><net_sink comp="4713" pin=0"/></net>

<net id="4718"><net_src comp="4695" pin="1"/><net_sink comp="4713" pin=1"/></net>

<net id="4723"><net_src comp="4699" pin="4"/><net_sink comp="4719" pin=0"/></net>

<net id="4724"><net_src comp="4709" pin="1"/><net_sink comp="4719" pin=1"/></net>

<net id="4730"><net_src comp="166" pin="0"/><net_sink comp="4725" pin=0"/></net>

<net id="4731"><net_src comp="4713" pin="2"/><net_sink comp="4725" pin=1"/></net>

<net id="4732"><net_src comp="168" pin="0"/><net_sink comp="4725" pin=2"/></net>

<net id="4737"><net_src comp="4725" pin="3"/><net_sink comp="4733" pin=0"/></net>

<net id="4738"><net_src comp="170" pin="0"/><net_sink comp="4733" pin=1"/></net>

<net id="4743"><net_src comp="4679" pin="3"/><net_sink comp="4739" pin=0"/></net>

<net id="4744"><net_src comp="4733" pin="2"/><net_sink comp="4739" pin=1"/></net>

<net id="4750"><net_src comp="166" pin="0"/><net_sink comp="4745" pin=0"/></net>

<net id="4751"><net_src comp="4713" pin="2"/><net_sink comp="4745" pin=1"/></net>

<net id="4752"><net_src comp="168" pin="0"/><net_sink comp="4745" pin=2"/></net>

<net id="4759"><net_src comp="172" pin="0"/><net_sink comp="4753" pin=0"/></net>

<net id="4760"><net_src comp="503" pin="1"/><net_sink comp="4753" pin=1"/></net>

<net id="4761"><net_src comp="174" pin="0"/><net_sink comp="4753" pin=2"/></net>

<net id="4762"><net_src comp="176" pin="0"/><net_sink comp="4753" pin=3"/></net>

<net id="4767"><net_src comp="4753" pin="4"/><net_sink comp="4763" pin=0"/></net>

<net id="4768"><net_src comp="178" pin="0"/><net_sink comp="4763" pin=1"/></net>

<net id="4773"><net_src comp="4753" pin="4"/><net_sink comp="4769" pin=0"/></net>

<net id="4774"><net_src comp="180" pin="0"/><net_sink comp="4769" pin=1"/></net>

<net id="4780"><net_src comp="4739" pin="2"/><net_sink comp="4775" pin=0"/></net>

<net id="4781"><net_src comp="4763" pin="2"/><net_sink comp="4775" pin=1"/></net>

<net id="4782"><net_src comp="4769" pin="2"/><net_sink comp="4775" pin=2"/></net>

<net id="4787"><net_src comp="4775" pin="3"/><net_sink comp="4783" pin=0"/></net>

<net id="4788"><net_src comp="170" pin="0"/><net_sink comp="4783" pin=1"/></net>

<net id="4793"><net_src comp="4745" pin="3"/><net_sink comp="4789" pin=0"/></net>

<net id="4794"><net_src comp="4783" pin="2"/><net_sink comp="4789" pin=1"/></net>

<net id="4800"><net_src comp="4789" pin="2"/><net_sink comp="4795" pin=0"/></net>

<net id="4801"><net_src comp="182" pin="0"/><net_sink comp="4795" pin=1"/></net>

<net id="4802"><net_src comp="4719" pin="2"/><net_sink comp="4795" pin=2"/></net>

<net id="4808"><net_src comp="4663" pin="2"/><net_sink comp="4803" pin=0"/></net>

<net id="4809"><net_src comp="4795" pin="3"/><net_sink comp="4803" pin=1"/></net>

<net id="4810"><net_src comp="140" pin="0"/><net_sink comp="4803" pin=2"/></net>

<net id="4815"><net_src comp="507" pin="1"/><net_sink comp="4811" pin=0"/></net>

<net id="4816"><net_src comp="152" pin="0"/><net_sink comp="4811" pin=1"/></net>

<net id="4823"><net_src comp="154" pin="0"/><net_sink comp="4817" pin=0"/></net>

<net id="4824"><net_src comp="507" pin="1"/><net_sink comp="4817" pin=1"/></net>

<net id="4825"><net_src comp="136" pin="0"/><net_sink comp="4817" pin=2"/></net>

<net id="4826"><net_src comp="156" pin="0"/><net_sink comp="4817" pin=3"/></net>

<net id="4832"><net_src comp="158" pin="0"/><net_sink comp="4827" pin=0"/></net>

<net id="4833"><net_src comp="507" pin="1"/><net_sink comp="4827" pin=1"/></net>

<net id="4834"><net_src comp="156" pin="0"/><net_sink comp="4827" pin=2"/></net>

<net id="4840"><net_src comp="158" pin="0"/><net_sink comp="4835" pin=0"/></net>

<net id="4841"><net_src comp="507" pin="1"/><net_sink comp="4835" pin=1"/></net>

<net id="4842"><net_src comp="160" pin="0"/><net_sink comp="4835" pin=2"/></net>

<net id="4846"><net_src comp="4835" pin="3"/><net_sink comp="4843" pin=0"/></net>

<net id="4853"><net_src comp="162" pin="0"/><net_sink comp="4847" pin=0"/></net>

<net id="4854"><net_src comp="507" pin="1"/><net_sink comp="4847" pin=1"/></net>

<net id="4855"><net_src comp="136" pin="0"/><net_sink comp="4847" pin=2"/></net>

<net id="4856"><net_src comp="164" pin="0"/><net_sink comp="4847" pin=3"/></net>

<net id="4860"><net_src comp="4835" pin="3"/><net_sink comp="4857" pin=0"/></net>

<net id="4865"><net_src comp="4817" pin="4"/><net_sink comp="4861" pin=0"/></net>

<net id="4866"><net_src comp="4843" pin="1"/><net_sink comp="4861" pin=1"/></net>

<net id="4871"><net_src comp="4847" pin="4"/><net_sink comp="4867" pin=0"/></net>

<net id="4872"><net_src comp="4857" pin="1"/><net_sink comp="4867" pin=1"/></net>

<net id="4878"><net_src comp="166" pin="0"/><net_sink comp="4873" pin=0"/></net>

<net id="4879"><net_src comp="4861" pin="2"/><net_sink comp="4873" pin=1"/></net>

<net id="4880"><net_src comp="168" pin="0"/><net_sink comp="4873" pin=2"/></net>

<net id="4885"><net_src comp="4873" pin="3"/><net_sink comp="4881" pin=0"/></net>

<net id="4886"><net_src comp="170" pin="0"/><net_sink comp="4881" pin=1"/></net>

<net id="4891"><net_src comp="4827" pin="3"/><net_sink comp="4887" pin=0"/></net>

<net id="4892"><net_src comp="4881" pin="2"/><net_sink comp="4887" pin=1"/></net>

<net id="4898"><net_src comp="166" pin="0"/><net_sink comp="4893" pin=0"/></net>

<net id="4899"><net_src comp="4861" pin="2"/><net_sink comp="4893" pin=1"/></net>

<net id="4900"><net_src comp="168" pin="0"/><net_sink comp="4893" pin=2"/></net>

<net id="4907"><net_src comp="172" pin="0"/><net_sink comp="4901" pin=0"/></net>

<net id="4908"><net_src comp="507" pin="1"/><net_sink comp="4901" pin=1"/></net>

<net id="4909"><net_src comp="174" pin="0"/><net_sink comp="4901" pin=2"/></net>

<net id="4910"><net_src comp="176" pin="0"/><net_sink comp="4901" pin=3"/></net>

<net id="4915"><net_src comp="4901" pin="4"/><net_sink comp="4911" pin=0"/></net>

<net id="4916"><net_src comp="178" pin="0"/><net_sink comp="4911" pin=1"/></net>

<net id="4921"><net_src comp="4901" pin="4"/><net_sink comp="4917" pin=0"/></net>

<net id="4922"><net_src comp="180" pin="0"/><net_sink comp="4917" pin=1"/></net>

<net id="4928"><net_src comp="4887" pin="2"/><net_sink comp="4923" pin=0"/></net>

<net id="4929"><net_src comp="4911" pin="2"/><net_sink comp="4923" pin=1"/></net>

<net id="4930"><net_src comp="4917" pin="2"/><net_sink comp="4923" pin=2"/></net>

<net id="4935"><net_src comp="4923" pin="3"/><net_sink comp="4931" pin=0"/></net>

<net id="4936"><net_src comp="170" pin="0"/><net_sink comp="4931" pin=1"/></net>

<net id="4941"><net_src comp="4893" pin="3"/><net_sink comp="4937" pin=0"/></net>

<net id="4942"><net_src comp="4931" pin="2"/><net_sink comp="4937" pin=1"/></net>

<net id="4948"><net_src comp="4937" pin="2"/><net_sink comp="4943" pin=0"/></net>

<net id="4949"><net_src comp="182" pin="0"/><net_sink comp="4943" pin=1"/></net>

<net id="4950"><net_src comp="4867" pin="2"/><net_sink comp="4943" pin=2"/></net>

<net id="4956"><net_src comp="4811" pin="2"/><net_sink comp="4951" pin=0"/></net>

<net id="4957"><net_src comp="4943" pin="3"/><net_sink comp="4951" pin=1"/></net>

<net id="4958"><net_src comp="140" pin="0"/><net_sink comp="4951" pin=2"/></net>

<net id="4963"><net_src comp="511" pin="1"/><net_sink comp="4959" pin=0"/></net>

<net id="4964"><net_src comp="152" pin="0"/><net_sink comp="4959" pin=1"/></net>

<net id="4971"><net_src comp="154" pin="0"/><net_sink comp="4965" pin=0"/></net>

<net id="4972"><net_src comp="511" pin="1"/><net_sink comp="4965" pin=1"/></net>

<net id="4973"><net_src comp="136" pin="0"/><net_sink comp="4965" pin=2"/></net>

<net id="4974"><net_src comp="156" pin="0"/><net_sink comp="4965" pin=3"/></net>

<net id="4980"><net_src comp="158" pin="0"/><net_sink comp="4975" pin=0"/></net>

<net id="4981"><net_src comp="511" pin="1"/><net_sink comp="4975" pin=1"/></net>

<net id="4982"><net_src comp="156" pin="0"/><net_sink comp="4975" pin=2"/></net>

<net id="4988"><net_src comp="158" pin="0"/><net_sink comp="4983" pin=0"/></net>

<net id="4989"><net_src comp="511" pin="1"/><net_sink comp="4983" pin=1"/></net>

<net id="4990"><net_src comp="160" pin="0"/><net_sink comp="4983" pin=2"/></net>

<net id="4994"><net_src comp="4983" pin="3"/><net_sink comp="4991" pin=0"/></net>

<net id="5001"><net_src comp="162" pin="0"/><net_sink comp="4995" pin=0"/></net>

<net id="5002"><net_src comp="511" pin="1"/><net_sink comp="4995" pin=1"/></net>

<net id="5003"><net_src comp="136" pin="0"/><net_sink comp="4995" pin=2"/></net>

<net id="5004"><net_src comp="164" pin="0"/><net_sink comp="4995" pin=3"/></net>

<net id="5008"><net_src comp="4983" pin="3"/><net_sink comp="5005" pin=0"/></net>

<net id="5013"><net_src comp="4965" pin="4"/><net_sink comp="5009" pin=0"/></net>

<net id="5014"><net_src comp="4991" pin="1"/><net_sink comp="5009" pin=1"/></net>

<net id="5019"><net_src comp="4995" pin="4"/><net_sink comp="5015" pin=0"/></net>

<net id="5020"><net_src comp="5005" pin="1"/><net_sink comp="5015" pin=1"/></net>

<net id="5026"><net_src comp="166" pin="0"/><net_sink comp="5021" pin=0"/></net>

<net id="5027"><net_src comp="5009" pin="2"/><net_sink comp="5021" pin=1"/></net>

<net id="5028"><net_src comp="168" pin="0"/><net_sink comp="5021" pin=2"/></net>

<net id="5033"><net_src comp="5021" pin="3"/><net_sink comp="5029" pin=0"/></net>

<net id="5034"><net_src comp="170" pin="0"/><net_sink comp="5029" pin=1"/></net>

<net id="5039"><net_src comp="4975" pin="3"/><net_sink comp="5035" pin=0"/></net>

<net id="5040"><net_src comp="5029" pin="2"/><net_sink comp="5035" pin=1"/></net>

<net id="5046"><net_src comp="166" pin="0"/><net_sink comp="5041" pin=0"/></net>

<net id="5047"><net_src comp="5009" pin="2"/><net_sink comp="5041" pin=1"/></net>

<net id="5048"><net_src comp="168" pin="0"/><net_sink comp="5041" pin=2"/></net>

<net id="5055"><net_src comp="172" pin="0"/><net_sink comp="5049" pin=0"/></net>

<net id="5056"><net_src comp="511" pin="1"/><net_sink comp="5049" pin=1"/></net>

<net id="5057"><net_src comp="174" pin="0"/><net_sink comp="5049" pin=2"/></net>

<net id="5058"><net_src comp="176" pin="0"/><net_sink comp="5049" pin=3"/></net>

<net id="5063"><net_src comp="5049" pin="4"/><net_sink comp="5059" pin=0"/></net>

<net id="5064"><net_src comp="178" pin="0"/><net_sink comp="5059" pin=1"/></net>

<net id="5069"><net_src comp="5049" pin="4"/><net_sink comp="5065" pin=0"/></net>

<net id="5070"><net_src comp="180" pin="0"/><net_sink comp="5065" pin=1"/></net>

<net id="5076"><net_src comp="5035" pin="2"/><net_sink comp="5071" pin=0"/></net>

<net id="5077"><net_src comp="5059" pin="2"/><net_sink comp="5071" pin=1"/></net>

<net id="5078"><net_src comp="5065" pin="2"/><net_sink comp="5071" pin=2"/></net>

<net id="5083"><net_src comp="5071" pin="3"/><net_sink comp="5079" pin=0"/></net>

<net id="5084"><net_src comp="170" pin="0"/><net_sink comp="5079" pin=1"/></net>

<net id="5089"><net_src comp="5041" pin="3"/><net_sink comp="5085" pin=0"/></net>

<net id="5090"><net_src comp="5079" pin="2"/><net_sink comp="5085" pin=1"/></net>

<net id="5096"><net_src comp="5085" pin="2"/><net_sink comp="5091" pin=0"/></net>

<net id="5097"><net_src comp="182" pin="0"/><net_sink comp="5091" pin=1"/></net>

<net id="5098"><net_src comp="5015" pin="2"/><net_sink comp="5091" pin=2"/></net>

<net id="5104"><net_src comp="4959" pin="2"/><net_sink comp="5099" pin=0"/></net>

<net id="5105"><net_src comp="5091" pin="3"/><net_sink comp="5099" pin=1"/></net>

<net id="5106"><net_src comp="140" pin="0"/><net_sink comp="5099" pin=2"/></net>

<net id="5111"><net_src comp="515" pin="1"/><net_sink comp="5107" pin=0"/></net>

<net id="5112"><net_src comp="152" pin="0"/><net_sink comp="5107" pin=1"/></net>

<net id="5119"><net_src comp="154" pin="0"/><net_sink comp="5113" pin=0"/></net>

<net id="5120"><net_src comp="515" pin="1"/><net_sink comp="5113" pin=1"/></net>

<net id="5121"><net_src comp="136" pin="0"/><net_sink comp="5113" pin=2"/></net>

<net id="5122"><net_src comp="156" pin="0"/><net_sink comp="5113" pin=3"/></net>

<net id="5128"><net_src comp="158" pin="0"/><net_sink comp="5123" pin=0"/></net>

<net id="5129"><net_src comp="515" pin="1"/><net_sink comp="5123" pin=1"/></net>

<net id="5130"><net_src comp="156" pin="0"/><net_sink comp="5123" pin=2"/></net>

<net id="5136"><net_src comp="158" pin="0"/><net_sink comp="5131" pin=0"/></net>

<net id="5137"><net_src comp="515" pin="1"/><net_sink comp="5131" pin=1"/></net>

<net id="5138"><net_src comp="160" pin="0"/><net_sink comp="5131" pin=2"/></net>

<net id="5142"><net_src comp="5131" pin="3"/><net_sink comp="5139" pin=0"/></net>

<net id="5149"><net_src comp="162" pin="0"/><net_sink comp="5143" pin=0"/></net>

<net id="5150"><net_src comp="515" pin="1"/><net_sink comp="5143" pin=1"/></net>

<net id="5151"><net_src comp="136" pin="0"/><net_sink comp="5143" pin=2"/></net>

<net id="5152"><net_src comp="164" pin="0"/><net_sink comp="5143" pin=3"/></net>

<net id="5156"><net_src comp="5131" pin="3"/><net_sink comp="5153" pin=0"/></net>

<net id="5161"><net_src comp="5113" pin="4"/><net_sink comp="5157" pin=0"/></net>

<net id="5162"><net_src comp="5139" pin="1"/><net_sink comp="5157" pin=1"/></net>

<net id="5167"><net_src comp="5143" pin="4"/><net_sink comp="5163" pin=0"/></net>

<net id="5168"><net_src comp="5153" pin="1"/><net_sink comp="5163" pin=1"/></net>

<net id="5174"><net_src comp="166" pin="0"/><net_sink comp="5169" pin=0"/></net>

<net id="5175"><net_src comp="5157" pin="2"/><net_sink comp="5169" pin=1"/></net>

<net id="5176"><net_src comp="168" pin="0"/><net_sink comp="5169" pin=2"/></net>

<net id="5181"><net_src comp="5169" pin="3"/><net_sink comp="5177" pin=0"/></net>

<net id="5182"><net_src comp="170" pin="0"/><net_sink comp="5177" pin=1"/></net>

<net id="5187"><net_src comp="5123" pin="3"/><net_sink comp="5183" pin=0"/></net>

<net id="5188"><net_src comp="5177" pin="2"/><net_sink comp="5183" pin=1"/></net>

<net id="5194"><net_src comp="166" pin="0"/><net_sink comp="5189" pin=0"/></net>

<net id="5195"><net_src comp="5157" pin="2"/><net_sink comp="5189" pin=1"/></net>

<net id="5196"><net_src comp="168" pin="0"/><net_sink comp="5189" pin=2"/></net>

<net id="5203"><net_src comp="172" pin="0"/><net_sink comp="5197" pin=0"/></net>

<net id="5204"><net_src comp="515" pin="1"/><net_sink comp="5197" pin=1"/></net>

<net id="5205"><net_src comp="174" pin="0"/><net_sink comp="5197" pin=2"/></net>

<net id="5206"><net_src comp="176" pin="0"/><net_sink comp="5197" pin=3"/></net>

<net id="5211"><net_src comp="5197" pin="4"/><net_sink comp="5207" pin=0"/></net>

<net id="5212"><net_src comp="178" pin="0"/><net_sink comp="5207" pin=1"/></net>

<net id="5217"><net_src comp="5197" pin="4"/><net_sink comp="5213" pin=0"/></net>

<net id="5218"><net_src comp="180" pin="0"/><net_sink comp="5213" pin=1"/></net>

<net id="5224"><net_src comp="5183" pin="2"/><net_sink comp="5219" pin=0"/></net>

<net id="5225"><net_src comp="5207" pin="2"/><net_sink comp="5219" pin=1"/></net>

<net id="5226"><net_src comp="5213" pin="2"/><net_sink comp="5219" pin=2"/></net>

<net id="5231"><net_src comp="5219" pin="3"/><net_sink comp="5227" pin=0"/></net>

<net id="5232"><net_src comp="170" pin="0"/><net_sink comp="5227" pin=1"/></net>

<net id="5237"><net_src comp="5189" pin="3"/><net_sink comp="5233" pin=0"/></net>

<net id="5238"><net_src comp="5227" pin="2"/><net_sink comp="5233" pin=1"/></net>

<net id="5244"><net_src comp="5233" pin="2"/><net_sink comp="5239" pin=0"/></net>

<net id="5245"><net_src comp="182" pin="0"/><net_sink comp="5239" pin=1"/></net>

<net id="5246"><net_src comp="5163" pin="2"/><net_sink comp="5239" pin=2"/></net>

<net id="5252"><net_src comp="5107" pin="2"/><net_sink comp="5247" pin=0"/></net>

<net id="5253"><net_src comp="5239" pin="3"/><net_sink comp="5247" pin=1"/></net>

<net id="5254"><net_src comp="140" pin="0"/><net_sink comp="5247" pin=2"/></net>

<net id="5258"><net_src comp="5255" pin="1"/><net_sink comp="268" pin=33"/></net>

<net id="5262"><net_src comp="5259" pin="1"/><net_sink comp="268" pin=34"/></net>

<net id="5266"><net_src comp="5263" pin="1"/><net_sink comp="268" pin=35"/></net>

<net id="5270"><net_src comp="5267" pin="1"/><net_sink comp="268" pin=36"/></net>

<net id="5274"><net_src comp="5271" pin="1"/><net_sink comp="268" pin=37"/></net>

<net id="5278"><net_src comp="5275" pin="1"/><net_sink comp="268" pin=38"/></net>

<net id="5282"><net_src comp="5279" pin="1"/><net_sink comp="268" pin=39"/></net>

<net id="5286"><net_src comp="5283" pin="1"/><net_sink comp="268" pin=40"/></net>

<net id="5290"><net_src comp="5287" pin="1"/><net_sink comp="268" pin=41"/></net>

<net id="5294"><net_src comp="5291" pin="1"/><net_sink comp="268" pin=42"/></net>

<net id="5298"><net_src comp="5295" pin="1"/><net_sink comp="268" pin=43"/></net>

<net id="5302"><net_src comp="5299" pin="1"/><net_sink comp="268" pin=44"/></net>

<net id="5306"><net_src comp="5303" pin="1"/><net_sink comp="268" pin=45"/></net>

<net id="5310"><net_src comp="5307" pin="1"/><net_sink comp="268" pin=46"/></net>

<net id="5314"><net_src comp="5311" pin="1"/><net_sink comp="268" pin=47"/></net>

<net id="5318"><net_src comp="5315" pin="1"/><net_sink comp="268" pin=48"/></net>

<net id="5322"><net_src comp="5319" pin="1"/><net_sink comp="268" pin=49"/></net>

<net id="5326"><net_src comp="5323" pin="1"/><net_sink comp="268" pin=50"/></net>

<net id="5330"><net_src comp="5327" pin="1"/><net_sink comp="268" pin=51"/></net>

<net id="5334"><net_src comp="5331" pin="1"/><net_sink comp="268" pin=52"/></net>

<net id="5338"><net_src comp="5335" pin="1"/><net_sink comp="268" pin=53"/></net>

<net id="5342"><net_src comp="5339" pin="1"/><net_sink comp="268" pin=54"/></net>

<net id="5346"><net_src comp="5343" pin="1"/><net_sink comp="268" pin=55"/></net>

<net id="5350"><net_src comp="5347" pin="1"/><net_sink comp="268" pin=56"/></net>

<net id="5354"><net_src comp="5351" pin="1"/><net_sink comp="268" pin=57"/></net>

<net id="5358"><net_src comp="5355" pin="1"/><net_sink comp="268" pin=58"/></net>

<net id="5362"><net_src comp="5359" pin="1"/><net_sink comp="268" pin=59"/></net>

<net id="5366"><net_src comp="5363" pin="1"/><net_sink comp="268" pin=60"/></net>

<net id="5370"><net_src comp="5367" pin="1"/><net_sink comp="268" pin=61"/></net>

<net id="5374"><net_src comp="5371" pin="1"/><net_sink comp="268" pin=62"/></net>

<net id="5378"><net_src comp="5375" pin="1"/><net_sink comp="268" pin=63"/></net>

<net id="5382"><net_src comp="5379" pin="1"/><net_sink comp="268" pin=64"/></net>

<net id="5386"><net_src comp="379" pin="2"/><net_sink comp="5383" pin=0"/></net>

<net id="5390"><net_src comp="385" pin="2"/><net_sink comp="5387" pin=0"/></net>

<net id="5391"><net_src comp="5387" pin="1"/><net_sink comp="372" pin=2"/></net>

<net id="5395"><net_src comp="659" pin="3"/><net_sink comp="5392" pin=0"/></net>

<net id="5396"><net_src comp="5392" pin="1"/><net_sink comp="5255" pin=0"/></net>

<net id="5400"><net_src comp="807" pin="3"/><net_sink comp="5397" pin=0"/></net>

<net id="5401"><net_src comp="5397" pin="1"/><net_sink comp="5259" pin=0"/></net>

<net id="5405"><net_src comp="955" pin="3"/><net_sink comp="5402" pin=0"/></net>

<net id="5406"><net_src comp="5402" pin="1"/><net_sink comp="5263" pin=0"/></net>

<net id="5410"><net_src comp="1103" pin="3"/><net_sink comp="5407" pin=0"/></net>

<net id="5411"><net_src comp="5407" pin="1"/><net_sink comp="5267" pin=0"/></net>

<net id="5415"><net_src comp="1251" pin="3"/><net_sink comp="5412" pin=0"/></net>

<net id="5416"><net_src comp="5412" pin="1"/><net_sink comp="5271" pin=0"/></net>

<net id="5420"><net_src comp="1399" pin="3"/><net_sink comp="5417" pin=0"/></net>

<net id="5421"><net_src comp="5417" pin="1"/><net_sink comp="5275" pin=0"/></net>

<net id="5425"><net_src comp="1547" pin="3"/><net_sink comp="5422" pin=0"/></net>

<net id="5426"><net_src comp="5422" pin="1"/><net_sink comp="5279" pin=0"/></net>

<net id="5430"><net_src comp="1695" pin="3"/><net_sink comp="5427" pin=0"/></net>

<net id="5431"><net_src comp="5427" pin="1"/><net_sink comp="5283" pin=0"/></net>

<net id="5435"><net_src comp="1843" pin="3"/><net_sink comp="5432" pin=0"/></net>

<net id="5436"><net_src comp="5432" pin="1"/><net_sink comp="5287" pin=0"/></net>

<net id="5440"><net_src comp="1991" pin="3"/><net_sink comp="5437" pin=0"/></net>

<net id="5441"><net_src comp="5437" pin="1"/><net_sink comp="5291" pin=0"/></net>

<net id="5445"><net_src comp="2139" pin="3"/><net_sink comp="5442" pin=0"/></net>

<net id="5446"><net_src comp="5442" pin="1"/><net_sink comp="5295" pin=0"/></net>

<net id="5450"><net_src comp="2287" pin="3"/><net_sink comp="5447" pin=0"/></net>

<net id="5451"><net_src comp="5447" pin="1"/><net_sink comp="5299" pin=0"/></net>

<net id="5455"><net_src comp="2435" pin="3"/><net_sink comp="5452" pin=0"/></net>

<net id="5456"><net_src comp="5452" pin="1"/><net_sink comp="5303" pin=0"/></net>

<net id="5460"><net_src comp="2583" pin="3"/><net_sink comp="5457" pin=0"/></net>

<net id="5461"><net_src comp="5457" pin="1"/><net_sink comp="5307" pin=0"/></net>

<net id="5465"><net_src comp="2731" pin="3"/><net_sink comp="5462" pin=0"/></net>

<net id="5466"><net_src comp="5462" pin="1"/><net_sink comp="5311" pin=0"/></net>

<net id="5470"><net_src comp="2879" pin="3"/><net_sink comp="5467" pin=0"/></net>

<net id="5471"><net_src comp="5467" pin="1"/><net_sink comp="5315" pin=0"/></net>

<net id="5475"><net_src comp="3027" pin="3"/><net_sink comp="5472" pin=0"/></net>

<net id="5476"><net_src comp="5472" pin="1"/><net_sink comp="5319" pin=0"/></net>

<net id="5480"><net_src comp="3175" pin="3"/><net_sink comp="5477" pin=0"/></net>

<net id="5481"><net_src comp="5477" pin="1"/><net_sink comp="5323" pin=0"/></net>

<net id="5485"><net_src comp="3323" pin="3"/><net_sink comp="5482" pin=0"/></net>

<net id="5486"><net_src comp="5482" pin="1"/><net_sink comp="5327" pin=0"/></net>

<net id="5490"><net_src comp="3471" pin="3"/><net_sink comp="5487" pin=0"/></net>

<net id="5491"><net_src comp="5487" pin="1"/><net_sink comp="5331" pin=0"/></net>

<net id="5495"><net_src comp="3619" pin="3"/><net_sink comp="5492" pin=0"/></net>

<net id="5496"><net_src comp="5492" pin="1"/><net_sink comp="5335" pin=0"/></net>

<net id="5500"><net_src comp="3767" pin="3"/><net_sink comp="5497" pin=0"/></net>

<net id="5501"><net_src comp="5497" pin="1"/><net_sink comp="5339" pin=0"/></net>

<net id="5505"><net_src comp="3915" pin="3"/><net_sink comp="5502" pin=0"/></net>

<net id="5506"><net_src comp="5502" pin="1"/><net_sink comp="5343" pin=0"/></net>

<net id="5510"><net_src comp="4063" pin="3"/><net_sink comp="5507" pin=0"/></net>

<net id="5511"><net_src comp="5507" pin="1"/><net_sink comp="5347" pin=0"/></net>

<net id="5515"><net_src comp="4211" pin="3"/><net_sink comp="5512" pin=0"/></net>

<net id="5516"><net_src comp="5512" pin="1"/><net_sink comp="5351" pin=0"/></net>

<net id="5520"><net_src comp="4359" pin="3"/><net_sink comp="5517" pin=0"/></net>

<net id="5521"><net_src comp="5517" pin="1"/><net_sink comp="5355" pin=0"/></net>

<net id="5525"><net_src comp="4507" pin="3"/><net_sink comp="5522" pin=0"/></net>

<net id="5526"><net_src comp="5522" pin="1"/><net_sink comp="5359" pin=0"/></net>

<net id="5530"><net_src comp="4655" pin="3"/><net_sink comp="5527" pin=0"/></net>

<net id="5531"><net_src comp="5527" pin="1"/><net_sink comp="5363" pin=0"/></net>

<net id="5535"><net_src comp="4803" pin="3"/><net_sink comp="5532" pin=0"/></net>

<net id="5536"><net_src comp="5532" pin="1"/><net_sink comp="5367" pin=0"/></net>

<net id="5540"><net_src comp="4951" pin="3"/><net_sink comp="5537" pin=0"/></net>

<net id="5541"><net_src comp="5537" pin="1"/><net_sink comp="5371" pin=0"/></net>

<net id="5545"><net_src comp="5099" pin="3"/><net_sink comp="5542" pin=0"/></net>

<net id="5546"><net_src comp="5542" pin="1"/><net_sink comp="5375" pin=0"/></net>

<net id="5550"><net_src comp="5247" pin="3"/><net_sink comp="5547" pin=0"/></net>

<net id="5551"><net_src comp="5547" pin="1"/><net_sink comp="5379" pin=0"/></net>

</net_list>

</model> 
---------------- Datapath Model END ------------------

* FSMD analyzer results:
  - Output states:
	Port: res_V_data_0_V | {4 }
	Port: res_V_data_1_V | {4 }
	Port: res_V_data_2_V | {4 }
	Port: res_V_data_3_V | {4 }
	Port: res_V_data_4_V | {4 }
	Port: res_V_data_5_V | {4 }
	Port: res_V_data_6_V | {4 }
	Port: res_V_data_7_V | {4 }
	Port: res_V_data_8_V | {4 }
	Port: res_V_data_9_V | {4 }
	Port: res_V_data_10_V | {4 }
	Port: res_V_data_11_V | {4 }
	Port: res_V_data_12_V | {4 }
	Port: res_V_data_13_V | {4 }
	Port: res_V_data_14_V | {4 }
	Port: res_V_data_15_V | {4 }
	Port: res_V_data_16_V | {4 }
	Port: res_V_data_17_V | {4 }
	Port: res_V_data_18_V | {4 }
	Port: res_V_data_19_V | {4 }
	Port: res_V_data_20_V | {4 }
	Port: res_V_data_21_V | {4 }
	Port: res_V_data_22_V | {4 }
	Port: res_V_data_23_V | {4 }
	Port: res_V_data_24_V | {4 }
	Port: res_V_data_25_V | {4 }
	Port: res_V_data_26_V | {4 }
	Port: res_V_data_27_V | {4 }
	Port: res_V_data_28_V | {4 }
	Port: res_V_data_29_V | {4 }
	Port: res_V_data_30_V | {4 }
	Port: res_V_data_31_V | {4 }
 - Input state : 
	Port: relu<array<ap_fixed,32u>,array<ap_fixed<8,4,0,0,0>,32u>,relu_config10> : data_V_data_0_V | {3 }
	Port: relu<array<ap_fixed,32u>,array<ap_fixed<8,4,0,0,0>,32u>,relu_config10> : data_V_data_1_V | {3 }
	Port: relu<array<ap_fixed,32u>,array<ap_fixed<8,4,0,0,0>,32u>,relu_config10> : data_V_data_2_V | {3 }
	Port: relu<array<ap_fixed,32u>,array<ap_fixed<8,4,0,0,0>,32u>,relu_config10> : data_V_data_3_V | {3 }
	Port: relu<array<ap_fixed,32u>,array<ap_fixed<8,4,0,0,0>,32u>,relu_config10> : data_V_data_4_V | {3 }
	Port: relu<array<ap_fixed,32u>,array<ap_fixed<8,4,0,0,0>,32u>,relu_config10> : data_V_data_5_V | {3 }
	Port: relu<array<ap_fixed,32u>,array<ap_fixed<8,4,0,0,0>,32u>,relu_config10> : data_V_data_6_V | {3 }
	Port: relu<array<ap_fixed,32u>,array<ap_fixed<8,4,0,0,0>,32u>,relu_config10> : data_V_data_7_V | {3 }
	Port: relu<array<ap_fixed,32u>,array<ap_fixed<8,4,0,0,0>,32u>,relu_config10> : data_V_data_8_V | {3 }
	Port: relu<array<ap_fixed,32u>,array<ap_fixed<8,4,0,0,0>,32u>,relu_config10> : data_V_data_9_V | {3 }
	Port: relu<array<ap_fixed,32u>,array<ap_fixed<8,4,0,0,0>,32u>,relu_config10> : data_V_data_10_V | {3 }
	Port: relu<array<ap_fixed,32u>,array<ap_fixed<8,4,0,0,0>,32u>,relu_config10> : data_V_data_11_V | {3 }
	Port: relu<array<ap_fixed,32u>,array<ap_fixed<8,4,0,0,0>,32u>,relu_config10> : data_V_data_12_V | {3 }
	Port: relu<array<ap_fixed,32u>,array<ap_fixed<8,4,0,0,0>,32u>,relu_config10> : data_V_data_13_V | {3 }
	Port: relu<array<ap_fixed,32u>,array<ap_fixed<8,4,0,0,0>,32u>,relu_config10> : data_V_data_14_V | {3 }
	Port: relu<array<ap_fixed,32u>,array<ap_fixed<8,4,0,0,0>,32u>,relu_config10> : data_V_data_15_V | {3 }
	Port: relu<array<ap_fixed,32u>,array<ap_fixed<8,4,0,0,0>,32u>,relu_config10> : data_V_data_16_V | {3 }
	Port: relu<array<ap_fixed,32u>,array<ap_fixed<8,4,0,0,0>,32u>,relu_config10> : data_V_data_17_V | {3 }
	Port: relu<array<ap_fixed,32u>,array<ap_fixed<8,4,0,0,0>,32u>,relu_config10> : data_V_data_18_V | {3 }
	Port: relu<array<ap_fixed,32u>,array<ap_fixed<8,4,0,0,0>,32u>,relu_config10> : data_V_data_19_V | {3 }
	Port: relu<array<ap_fixed,32u>,array<ap_fixed<8,4,0,0,0>,32u>,relu_config10> : data_V_data_20_V | {3 }
	Port: relu<array<ap_fixed,32u>,array<ap_fixed<8,4,0,0,0>,32u>,relu_config10> : data_V_data_21_V | {3 }
	Port: relu<array<ap_fixed,32u>,array<ap_fixed<8,4,0,0,0>,32u>,relu_config10> : data_V_data_22_V | {3 }
	Port: relu<array<ap_fixed,32u>,array<ap_fixed<8,4,0,0,0>,32u>,relu_config10> : data_V_data_23_V | {3 }
	Port: relu<array<ap_fixed,32u>,array<ap_fixed<8,4,0,0,0>,32u>,relu_config10> : data_V_data_24_V | {3 }
	Port: relu<array<ap_fixed,32u>,array<ap_fixed<8,4,0,0,0>,32u>,relu_config10> : data_V_data_25_V | {3 }
	Port: relu<array<ap_fixed,32u>,array<ap_fixed<8,4,0,0,0>,32u>,relu_config10> : data_V_data_26_V | {3 }
	Port: relu<array<ap_fixed,32u>,array<ap_fixed<8,4,0,0,0>,32u>,relu_config10> : data_V_data_27_V | {3 }
	Port: relu<array<ap_fixed,32u>,array<ap_fixed<8,4,0,0,0>,32u>,relu_config10> : data_V_data_28_V | {3 }
	Port: relu<array<ap_fixed,32u>,array<ap_fixed<8,4,0,0,0>,32u>,relu_config10> : data_V_data_29_V | {3 }
	Port: relu<array<ap_fixed,32u>,array<ap_fixed<8,4,0,0,0>,32u>,relu_config10> : data_V_data_30_V | {3 }
	Port: relu<array<ap_fixed,32u>,array<ap_fixed<8,4,0,0,0>,32u>,relu_config10> : data_V_data_31_V | {3 }
  - Chain level:
	State 1
	State 2
		icmp_ln41 : 1
		i : 1
		br_ln41 : 2
	State 3
		icmp_ln1494 : 1
		trunc_ln : 1
		tmp_257 : 1
		tmp_258 : 1
		zext_ln415 : 2
		trunc_ln415_s : 1
		zext_ln415_96 : 2
		add_ln415 : 3
		add_ln416 : 3
		tmp_259 : 4
		xor_ln416 : 5
		and_ln416 : 5
		tmp_260 : 4
		p_Result_s : 1
		icmp_ln879 : 2
		icmp_ln768 : 2
		select_ln777 : 5
		xor_ln785 : 6
		or_ln340 : 6
		select_ln340 : 6
		tmp_data_0_V : 7
		icmp_ln1494_1 : 1
		trunc_ln708_s : 1
		tmp_261 : 1
		tmp_262 : 1
		zext_ln415_63 : 2
		trunc_ln415_63 : 1
		zext_ln415_97 : 2
		add_ln415_63 : 3
		add_ln416_63 : 3
		tmp_263 : 4
		xor_ln416_63 : 5
		and_ln416_63 : 5
		tmp_264 : 4
		p_Result_12_1 : 1
		icmp_ln879_63 : 2
		icmp_ln768_63 : 2
		select_ln777_63 : 5
		xor_ln785_1 : 6
		or_ln340_1 : 6
		select_ln340_1 : 6
		tmp_data_1_V : 7
		icmp_ln1494_2 : 1
		trunc_ln708_61 : 1
		tmp_265 : 1
		tmp_266 : 1
		zext_ln415_64 : 2
		trunc_ln415_64 : 1
		zext_ln415_98 : 2
		add_ln415_64 : 3
		add_ln416_64 : 3
		tmp_267 : 4
		xor_ln416_64 : 5
		and_ln416_64 : 5
		tmp_268 : 4
		p_Result_12_2 : 1
		icmp_ln879_64 : 2
		icmp_ln768_64 : 2
		select_ln777_64 : 5
		xor_ln785_2 : 6
		or_ln340_2 : 6
		select_ln340_2 : 6
		tmp_data_2_V : 7
		icmp_ln1494_3 : 1
		trunc_ln708_62 : 1
		tmp_269 : 1
		tmp_270 : 1
		zext_ln415_65 : 2
		trunc_ln415_65 : 1
		zext_ln415_99 : 2
		add_ln415_65 : 3
		add_ln416_65 : 3
		tmp_271 : 4
		xor_ln416_65 : 5
		and_ln416_65 : 5
		tmp_272 : 4
		p_Result_12_3 : 1
		icmp_ln879_65 : 2
		icmp_ln768_65 : 2
		select_ln777_65 : 5
		xor_ln785_3 : 6
		or_ln340_3 : 6
		select_ln340_3 : 6
		tmp_data_3_V : 7
		icmp_ln1494_4 : 1
		trunc_ln708_63 : 1
		tmp_273 : 1
		tmp_274 : 1
		zext_ln415_66 : 2
		trunc_ln415_66 : 1
		zext_ln415_100 : 2
		add_ln415_66 : 3
		add_ln416_66 : 3
		tmp_275 : 4
		xor_ln416_66 : 5
		and_ln416_66 : 5
		tmp_276 : 4
		p_Result_12_4 : 1
		icmp_ln879_66 : 2
		icmp_ln768_66 : 2
		select_ln777_66 : 5
		xor_ln785_4 : 6
		or_ln340_4 : 6
		select_ln340_4 : 6
		tmp_data_4_V : 7
		icmp_ln1494_5 : 1
		trunc_ln708_64 : 1
		tmp_277 : 1
		tmp_278 : 1
		zext_ln415_67 : 2
		trunc_ln415_67 : 1
		zext_ln415_101 : 2
		add_ln415_67 : 3
		add_ln416_67 : 3
		tmp_279 : 4
		xor_ln416_67 : 5
		and_ln416_67 : 5
		tmp_280 : 4
		p_Result_12_5 : 1
		icmp_ln879_67 : 2
		icmp_ln768_67 : 2
		select_ln777_67 : 5
		xor_ln785_5 : 6
		or_ln340_5 : 6
		select_ln340_5 : 6
		tmp_data_5_V : 7
		icmp_ln1494_6 : 1
		trunc_ln708_65 : 1
		tmp_281 : 1
		tmp_282 : 1
		zext_ln415_68 : 2
		trunc_ln415_68 : 1
		zext_ln415_102 : 2
		add_ln415_68 : 3
		add_ln416_68 : 3
		tmp_283 : 4
		xor_ln416_68 : 5
		and_ln416_68 : 5
		tmp_284 : 4
		p_Result_12_6 : 1
		icmp_ln879_68 : 2
		icmp_ln768_68 : 2
		select_ln777_68 : 5
		xor_ln785_6 : 6
		or_ln340_6 : 6
		select_ln340_6 : 6
		tmp_data_6_V : 7
		icmp_ln1494_7 : 1
		trunc_ln708_66 : 1
		tmp_285 : 1
		tmp_286 : 1
		zext_ln415_69 : 2
		trunc_ln415_69 : 1
		zext_ln415_103 : 2
		add_ln415_69 : 3
		add_ln416_69 : 3
		tmp_287 : 4
		xor_ln416_69 : 5
		and_ln416_69 : 5
		tmp_288 : 4
		p_Result_12_7 : 1
		icmp_ln879_69 : 2
		icmp_ln768_69 : 2
		select_ln777_69 : 5
		xor_ln785_7 : 6
		or_ln340_7 : 6
		select_ln340_7 : 6
		tmp_data_7_V : 7
		icmp_ln1494_8 : 1
		trunc_ln708_67 : 1
		tmp_289 : 1
		tmp_290 : 1
		zext_ln415_70 : 2
		trunc_ln415_70 : 1
		zext_ln415_104 : 2
		add_ln415_70 : 3
		add_ln416_70 : 3
		tmp_291 : 4
		xor_ln416_70 : 5
		and_ln416_70 : 5
		tmp_292 : 4
		p_Result_12_8 : 1
		icmp_ln879_70 : 2
		icmp_ln768_70 : 2
		select_ln777_70 : 5
		xor_ln785_8 : 6
		or_ln340_8 : 6
		select_ln340_8 : 6
		tmp_data_8_V : 7
		icmp_ln1494_9 : 1
		trunc_ln708_68 : 1
		tmp_293 : 1
		tmp_294 : 1
		zext_ln415_71 : 2
		trunc_ln415_71 : 1
		zext_ln415_105 : 2
		add_ln415_71 : 3
		add_ln416_71 : 3
		tmp_295 : 4
		xor_ln416_71 : 5
		and_ln416_71 : 5
		tmp_296 : 4
		p_Result_12_9 : 1
		icmp_ln879_71 : 2
		icmp_ln768_71 : 2
		select_ln777_71 : 5
		xor_ln785_9 : 6
		or_ln340_9 : 6
		select_ln340_9 : 6
		tmp_data_9_V : 7
		icmp_ln1494_10 : 1
		trunc_ln708_69 : 1
		tmp_297 : 1
		tmp_298 : 1
		zext_ln415_72 : 2
		trunc_ln415_72 : 1
		zext_ln415_106 : 2
		add_ln415_72 : 3
		add_ln416_72 : 3
		tmp_299 : 4
		xor_ln416_72 : 5
		and_ln416_72 : 5
		tmp_300 : 4
		p_Result_12_s : 1
		icmp_ln879_72 : 2
		icmp_ln768_72 : 2
		select_ln777_72 : 5
		xor_ln785_10 : 6
		or_ln340_10 : 6
		select_ln340_10 : 6
		tmp_data_10_V : 7
		icmp_ln1494_11 : 1
		trunc_ln708_70 : 1
		tmp_301 : 1
		tmp_302 : 1
		zext_ln415_73 : 2
		trunc_ln415_73 : 1
		zext_ln415_107 : 2
		add_ln415_73 : 3
		add_ln416_73 : 3
		tmp_303 : 4
		xor_ln416_73 : 5
		and_ln416_73 : 5
		tmp_304 : 4
		p_Result_12_10 : 1
		icmp_ln879_73 : 2
		icmp_ln768_73 : 2
		select_ln777_73 : 5
		xor_ln785_11 : 6
		or_ln340_11 : 6
		select_ln340_11 : 6
		tmp_data_11_V : 7
		icmp_ln1494_12 : 1
		trunc_ln708_71 : 1
		tmp_305 : 1
		tmp_306 : 1
		zext_ln415_74 : 2
		trunc_ln415_74 : 1
		zext_ln415_108 : 2
		add_ln415_74 : 3
		add_ln416_74 : 3
		tmp_307 : 4
		xor_ln416_74 : 5
		and_ln416_74 : 5
		tmp_308 : 4
		p_Result_12_11 : 1
		icmp_ln879_74 : 2
		icmp_ln768_74 : 2
		select_ln777_74 : 5
		xor_ln785_12 : 6
		or_ln340_12 : 6
		select_ln340_12 : 6
		tmp_data_12_V : 7
		icmp_ln1494_13 : 1
		trunc_ln708_72 : 1
		tmp_309 : 1
		tmp_310 : 1
		zext_ln415_75 : 2
		trunc_ln415_75 : 1
		zext_ln415_109 : 2
		add_ln415_75 : 3
		add_ln416_75 : 3
		tmp_311 : 4
		xor_ln416_75 : 5
		and_ln416_75 : 5
		tmp_312 : 4
		p_Result_12_12 : 1
		icmp_ln879_75 : 2
		icmp_ln768_75 : 2
		select_ln777_75 : 5
		xor_ln785_13 : 6
		or_ln340_13 : 6
		select_ln340_13 : 6
		tmp_data_13_V : 7
		icmp_ln1494_14 : 1
		trunc_ln708_73 : 1
		tmp_313 : 1
		tmp_314 : 1
		zext_ln415_76 : 2
		trunc_ln415_76 : 1
		zext_ln415_110 : 2
		add_ln415_76 : 3
		add_ln416_76 : 3
		tmp_315 : 4
		xor_ln416_76 : 5
		and_ln416_76 : 5
		tmp_316 : 4
		p_Result_12_13 : 1
		icmp_ln879_76 : 2
		icmp_ln768_76 : 2
		select_ln777_76 : 5
		xor_ln785_14 : 6
		or_ln340_14 : 6
		select_ln340_14 : 6
		tmp_data_14_V : 7
		icmp_ln1494_15 : 1
		trunc_ln708_74 : 1
		tmp_317 : 1
		tmp_318 : 1
		zext_ln415_77 : 2
		trunc_ln415_77 : 1
		zext_ln415_111 : 2
		add_ln415_77 : 3
		add_ln416_77 : 3
		tmp_319 : 4
		xor_ln416_77 : 5
		and_ln416_77 : 5
		tmp_320 : 4
		p_Result_12_14 : 1
		icmp_ln879_77 : 2
		icmp_ln768_77 : 2
		select_ln777_77 : 5
		xor_ln785_15 : 6
		or_ln340_15 : 6
		select_ln340_15 : 6
		tmp_data_15_V : 7
		icmp_ln1494_16 : 1
		trunc_ln708_75 : 1
		tmp_321 : 1
		tmp_322 : 1
		zext_ln415_78 : 2
		trunc_ln415_78 : 1
		zext_ln415_112 : 2
		add_ln415_78 : 3
		add_ln416_78 : 3
		tmp_323 : 4
		xor_ln416_78 : 5
		and_ln416_78 : 5
		tmp_324 : 4
		p_Result_12_15 : 1
		icmp_ln879_78 : 2
		icmp_ln768_78 : 2
		select_ln777_78 : 5
		xor_ln785_16 : 6
		or_ln340_16 : 6
		select_ln340_16 : 6
		tmp_data_16_V : 7
		icmp_ln1494_17 : 1
		trunc_ln708_76 : 1
		tmp_325 : 1
		tmp_326 : 1
		zext_ln415_79 : 2
		trunc_ln415_79 : 1
		zext_ln415_113 : 2
		add_ln415_79 : 3
		add_ln416_79 : 3
		tmp_327 : 4
		xor_ln416_79 : 5
		and_ln416_79 : 5
		tmp_328 : 4
		p_Result_12_16 : 1
		icmp_ln879_79 : 2
		icmp_ln768_79 : 2
		select_ln777_79 : 5
		xor_ln785_17 : 6
		or_ln340_17 : 6
		select_ln340_17 : 6
		tmp_data_17_V : 7
		icmp_ln1494_18 : 1
		trunc_ln708_77 : 1
		tmp_329 : 1
		tmp_330 : 1
		zext_ln415_80 : 2
		trunc_ln415_80 : 1
		zext_ln415_114 : 2
		add_ln415_80 : 3
		add_ln416_80 : 3
		tmp_331 : 4
		xor_ln416_80 : 5
		and_ln416_80 : 5
		tmp_332 : 4
		p_Result_12_17 : 1
		icmp_ln879_80 : 2
		icmp_ln768_80 : 2
		select_ln777_80 : 5
		xor_ln785_18 : 6
		or_ln340_18 : 6
		select_ln340_18 : 6
		tmp_data_18_V : 7
		icmp_ln1494_19 : 1
		trunc_ln708_78 : 1
		tmp_333 : 1
		tmp_334 : 1
		zext_ln415_81 : 2
		trunc_ln415_81 : 1
		zext_ln415_115 : 2
		add_ln415_81 : 3
		add_ln416_81 : 3
		tmp_335 : 4
		xor_ln416_81 : 5
		and_ln416_81 : 5
		tmp_336 : 4
		p_Result_12_18 : 1
		icmp_ln879_81 : 2
		icmp_ln768_81 : 2
		select_ln777_81 : 5
		xor_ln785_19 : 6
		or_ln340_19 : 6
		select_ln340_19 : 6
		tmp_data_19_V : 7
		icmp_ln1494_20 : 1
		trunc_ln708_79 : 1
		tmp_337 : 1
		tmp_338 : 1
		zext_ln415_82 : 2
		trunc_ln415_82 : 1
		zext_ln415_116 : 2
		add_ln415_82 : 3
		add_ln416_82 : 3
		tmp_339 : 4
		xor_ln416_82 : 5
		and_ln416_82 : 5
		tmp_340 : 4
		p_Result_12_19 : 1
		icmp_ln879_82 : 2
		icmp_ln768_82 : 2
		select_ln777_82 : 5
		xor_ln785_20 : 6
		or_ln340_20 : 6
		select_ln340_20 : 6
		tmp_data_20_V : 7
		icmp_ln1494_21 : 1
		trunc_ln708_80 : 1
		tmp_341 : 1
		tmp_342 : 1
		zext_ln415_83 : 2
		trunc_ln415_83 : 1
		zext_ln415_117 : 2
		add_ln415_83 : 3
		add_ln416_83 : 3
		tmp_343 : 4
		xor_ln416_83 : 5
		and_ln416_83 : 5
		tmp_344 : 4
		p_Result_12_20 : 1
		icmp_ln879_83 : 2
		icmp_ln768_83 : 2
		select_ln777_83 : 5
		xor_ln785_21 : 6
		or_ln340_21 : 6
		select_ln340_21 : 6
		tmp_data_21_V : 7
		icmp_ln1494_22 : 1
		trunc_ln708_81 : 1
		tmp_345 : 1
		tmp_346 : 1
		zext_ln415_84 : 2
		trunc_ln415_84 : 1
		zext_ln415_118 : 2
		add_ln415_84 : 3
		add_ln416_84 : 3
		tmp_347 : 4
		xor_ln416_84 : 5
		and_ln416_84 : 5
		tmp_348 : 4
		p_Result_12_21 : 1
		icmp_ln879_84 : 2
		icmp_ln768_84 : 2
		select_ln777_84 : 5
		xor_ln785_22 : 6
		or_ln340_22 : 6
		select_ln340_22 : 6
		tmp_data_22_V : 7
		icmp_ln1494_23 : 1
		trunc_ln708_82 : 1
		tmp_349 : 1
		tmp_350 : 1
		zext_ln415_85 : 2
		trunc_ln415_85 : 1
		zext_ln415_119 : 2
		add_ln415_85 : 3
		add_ln416_85 : 3
		tmp_351 : 4
		xor_ln416_85 : 5
		and_ln416_85 : 5
		tmp_352 : 4
		p_Result_12_22 : 1
		icmp_ln879_85 : 2
		icmp_ln768_85 : 2
		select_ln777_85 : 5
		xor_ln785_23 : 6
		or_ln340_23 : 6
		select_ln340_23 : 6
		tmp_data_23_V : 7
		icmp_ln1494_24 : 1
		trunc_ln708_83 : 1
		tmp_353 : 1
		tmp_354 : 1
		zext_ln415_86 : 2
		trunc_ln415_86 : 1
		zext_ln415_120 : 2
		add_ln415_86 : 3
		add_ln416_86 : 3
		tmp_355 : 4
		xor_ln416_86 : 5
		and_ln416_86 : 5
		tmp_356 : 4
		p_Result_12_23 : 1
		icmp_ln879_86 : 2
		icmp_ln768_86 : 2
		select_ln777_86 : 5
		xor_ln785_24 : 6
		or_ln340_24 : 6
		select_ln340_24 : 6
		tmp_data_24_V : 7
		icmp_ln1494_25 : 1
		trunc_ln708_84 : 1
		tmp_357 : 1
		tmp_358 : 1
		zext_ln415_87 : 2
		trunc_ln415_87 : 1
		zext_ln415_121 : 2
		add_ln415_87 : 3
		add_ln416_87 : 3
		tmp_359 : 4
		xor_ln416_87 : 5
		and_ln416_87 : 5
		tmp_360 : 4
		p_Result_12_24 : 1
		icmp_ln879_87 : 2
		icmp_ln768_87 : 2
		select_ln777_87 : 5
		xor_ln785_25 : 6
		or_ln340_25 : 6
		select_ln340_25 : 6
		tmp_data_25_V : 7
		icmp_ln1494_26 : 1
		trunc_ln708_85 : 1
		tmp_361 : 1
		tmp_362 : 1
		zext_ln415_88 : 2
		trunc_ln415_88 : 1
		zext_ln415_122 : 2
		add_ln415_88 : 3
		add_ln416_88 : 3
		tmp_363 : 4
		xor_ln416_88 : 5
		and_ln416_88 : 5
		tmp_364 : 4
		p_Result_12_25 : 1
		icmp_ln879_88 : 2
		icmp_ln768_88 : 2
		select_ln777_88 : 5
		xor_ln785_26 : 6
		or_ln340_26 : 6
		select_ln340_26 : 6
		tmp_data_26_V : 7
		icmp_ln1494_27 : 1
		trunc_ln708_86 : 1
		tmp_365 : 1
		tmp_366 : 1
		zext_ln415_89 : 2
		trunc_ln415_89 : 1
		zext_ln415_123 : 2
		add_ln415_89 : 3
		add_ln416_89 : 3
		tmp_367 : 4
		xor_ln416_89 : 5
		and_ln416_89 : 5
		tmp_368 : 4
		p_Result_12_26 : 1
		icmp_ln879_89 : 2
		icmp_ln768_89 : 2
		select_ln777_89 : 5
		xor_ln785_27 : 6
		or_ln340_27 : 6
		select_ln340_27 : 6
		tmp_data_27_V : 7
		icmp_ln1494_28 : 1
		trunc_ln708_87 : 1
		tmp_369 : 1
		tmp_370 : 1
		zext_ln415_90 : 2
		trunc_ln415_90 : 1
		zext_ln415_124 : 2
		add_ln415_90 : 3
		add_ln416_90 : 3
		tmp_371 : 4
		xor_ln416_90 : 5
		and_ln416_90 : 5
		tmp_372 : 4
		p_Result_12_27 : 1
		icmp_ln879_90 : 2
		icmp_ln768_90 : 2
		select_ln777_90 : 5
		xor_ln785_28 : 6
		or_ln340_28 : 6
		select_ln340_28 : 6
		tmp_data_28_V : 7
		icmp_ln1494_29 : 1
		trunc_ln708_88 : 1
		tmp_373 : 1
		tmp_374 : 1
		zext_ln415_91 : 2
		trunc_ln415_91 : 1
		zext_ln415_125 : 2
		add_ln415_91 : 3
		add_ln416_91 : 3
		tmp_375 : 4
		xor_ln416_91 : 5
		and_ln416_91 : 5
		tmp_376 : 4
		p_Result_12_28 : 1
		icmp_ln879_91 : 2
		icmp_ln768_91 : 2
		select_ln777_91 : 5
		xor_ln785_29 : 6
		or_ln340_29 : 6
		select_ln340_29 : 6
		tmp_data_29_V : 7
		icmp_ln1494_30 : 1
		trunc_ln708_89 : 1
		tmp_377 : 1
		tmp_378 : 1
		zext_ln415_92 : 2
		trunc_ln415_92 : 1
		zext_ln415_126 : 2
		add_ln415_92 : 3
		add_ln416_92 : 3
		tmp_379 : 4
		xor_ln416_92 : 5
		and_ln416_92 : 5
		tmp_380 : 4
		p_Result_12_29 : 1
		icmp_ln879_92 : 2
		icmp_ln768_92 : 2
		select_ln777_92 : 5
		xor_ln785_30 : 6
		or_ln340_30 : 6
		select_ln340_30 : 6
		tmp_data_30_V : 7
		icmp_ln1494_31 : 1
		trunc_ln708_90 : 1
		tmp_381 : 1
		tmp_382 : 1
		zext_ln415_93 : 2
		trunc_ln415_93 : 1
		zext_ln415_127 : 2
		add_ln415_93 : 3
		add_ln416_93 : 3
		tmp_383 : 4
		xor_ln416_93 : 5
		and_ln416_93 : 5
		tmp_384 : 4
		p_Result_12_30 : 1
		icmp_ln879_93 : 2
		icmp_ln768_93 : 2
		select_ln777_93 : 5
		xor_ln785_31 : 6
		or_ln340_31 : 6
		select_ln340_31 : 6
		tmp_data_31_V : 7
	State 4
		write_ln57 : 1
		empty_42 : 1
	State 5


============================================================
+ Verbose Summary: Datapath Resource usage 
============================================================

* Functional unit list:
|----------|-------------------------|---------|---------|
| Operation|     Functional Unit     |    FF   |   LUT   |
|----------|-------------------------|---------|---------|
|          |     icmp_ln41_fu_379    |    0    |    11   |
|          |    icmp_ln1494_fu_519   |    0    |    13   |
|          |    icmp_ln879_fu_619    |    0    |    9    |
|          |    icmp_ln768_fu_625    |    0    |    9    |
|          |   icmp_ln1494_1_fu_667  |    0    |    13   |
|          |   icmp_ln879_63_fu_767  |    0    |    9    |
|          |   icmp_ln768_63_fu_773  |    0    |    9    |
|          |   icmp_ln1494_2_fu_815  |    0    |    13   |
|          |   icmp_ln879_64_fu_915  |    0    |    9    |
|          |   icmp_ln768_64_fu_921  |    0    |    9    |
|          |   icmp_ln1494_3_fu_963  |    0    |    13   |
|          |  icmp_ln879_65_fu_1063  |    0    |    9    |
|          |  icmp_ln768_65_fu_1069  |    0    |    9    |
|          |  icmp_ln1494_4_fu_1111  |    0    |    13   |
|          |  icmp_ln879_66_fu_1211  |    0    |    9    |
|          |  icmp_ln768_66_fu_1217  |    0    |    9    |
|          |  icmp_ln1494_5_fu_1259  |    0    |    13   |
|          |  icmp_ln879_67_fu_1359  |    0    |    9    |
|          |  icmp_ln768_67_fu_1365  |    0    |    9    |
|          |  icmp_ln1494_6_fu_1407  |    0    |    13   |
|          |  icmp_ln879_68_fu_1507  |    0    |    9    |
|          |  icmp_ln768_68_fu_1513  |    0    |    9    |
|          |  icmp_ln1494_7_fu_1555  |    0    |    13   |
|          |  icmp_ln879_69_fu_1655  |    0    |    9    |
|          |  icmp_ln768_69_fu_1661  |    0    |    9    |
|          |  icmp_ln1494_8_fu_1703  |    0    |    13   |
|          |  icmp_ln879_70_fu_1803  |    0    |    9    |
|          |  icmp_ln768_70_fu_1809  |    0    |    9    |
|          |  icmp_ln1494_9_fu_1851  |    0    |    13   |
|          |  icmp_ln879_71_fu_1951  |    0    |    9    |
|          |  icmp_ln768_71_fu_1957  |    0    |    9    |
|          |  icmp_ln1494_10_fu_1999 |    0    |    13   |
|          |  icmp_ln879_72_fu_2099  |    0    |    9    |
|          |  icmp_ln768_72_fu_2105  |    0    |    9    |
|          |  icmp_ln1494_11_fu_2147 |    0    |    13   |
|          |  icmp_ln879_73_fu_2247  |    0    |    9    |
|          |  icmp_ln768_73_fu_2253  |    0    |    9    |
|          |  icmp_ln1494_12_fu_2295 |    0    |    13   |
|          |  icmp_ln879_74_fu_2395  |    0    |    9    |
|          |  icmp_ln768_74_fu_2401  |    0    |    9    |
|          |  icmp_ln1494_13_fu_2443 |    0    |    13   |
|          |  icmp_ln879_75_fu_2543  |    0    |    9    |
|          |  icmp_ln768_75_fu_2549  |    0    |    9    |
|          |  icmp_ln1494_14_fu_2591 |    0    |    13   |
|          |  icmp_ln879_76_fu_2691  |    0    |    9    |
|          |  icmp_ln768_76_fu_2697  |    0    |    9    |
|          |  icmp_ln1494_15_fu_2739 |    0    |    13   |
|          |  icmp_ln879_77_fu_2839  |    0    |    9    |
|   icmp   |  icmp_ln768_77_fu_2845  |    0    |    9    |
|          |  icmp_ln1494_16_fu_2887 |    0    |    13   |
|          |  icmp_ln879_78_fu_2987  |    0    |    9    |
|          |  icmp_ln768_78_fu_2993  |    0    |    9    |
|          |  icmp_ln1494_17_fu_3035 |    0    |    13   |
|          |  icmp_ln879_79_fu_3135  |    0    |    9    |
|          |  icmp_ln768_79_fu_3141  |    0    |    9    |
|          |  icmp_ln1494_18_fu_3183 |    0    |    13   |
|          |  icmp_ln879_80_fu_3283  |    0    |    9    |
|          |  icmp_ln768_80_fu_3289  |    0    |    9    |
|          |  icmp_ln1494_19_fu_3331 |    0    |    13   |
|          |  icmp_ln879_81_fu_3431  |    0    |    9    |
|          |  icmp_ln768_81_fu_3437  |    0    |    9    |
|          |  icmp_ln1494_20_fu_3479 |    0    |    13   |
|          |  icmp_ln879_82_fu_3579  |    0    |    9    |
|          |  icmp_ln768_82_fu_3585  |    0    |    9    |
|          |  icmp_ln1494_21_fu_3627 |    0    |    13   |
|          |  icmp_ln879_83_fu_3727  |    0    |    9    |
|          |  icmp_ln768_83_fu_3733  |    0    |    9    |
|          |  icmp_ln1494_22_fu_3775 |    0    |    13   |
|          |  icmp_ln879_84_fu_3875  |    0    |    9    |
|          |  icmp_ln768_84_fu_3881  |    0    |    9    |
|          |  icmp_ln1494_23_fu_3923 |    0    |    13   |
|          |  icmp_ln879_85_fu_4023  |    0    |    9    |
|          |  icmp_ln768_85_fu_4029  |    0    |    9    |
|          |  icmp_ln1494_24_fu_4071 |    0    |    13   |
|          |  icmp_ln879_86_fu_4171  |    0    |    9    |
|          |  icmp_ln768_86_fu_4177  |    0    |    9    |
|          |  icmp_ln1494_25_fu_4219 |    0    |    13   |
|          |  icmp_ln879_87_fu_4319  |    0    |    9    |
|          |  icmp_ln768_87_fu_4325  |    0    |    9    |
|          |  icmp_ln1494_26_fu_4367 |    0    |    13   |
|          |  icmp_ln879_88_fu_4467  |    0    |    9    |
|          |  icmp_ln768_88_fu_4473  |    0    |    9    |
|          |  icmp_ln1494_27_fu_4515 |    0    |    13   |
|          |  icmp_ln879_89_fu_4615  |    0    |    9    |
|          |  icmp_ln768_89_fu_4621  |    0    |    9    |
|          |  icmp_ln1494_28_fu_4663 |    0    |    13   |
|          |  icmp_ln879_90_fu_4763  |    0    |    9    |
|          |  icmp_ln768_90_fu_4769  |    0    |    9    |
|          |  icmp_ln1494_29_fu_4811 |    0    |    13   |
|          |  icmp_ln879_91_fu_4911  |    0    |    9    |
|          |  icmp_ln768_91_fu_4917  |    0    |    9    |
|          |  icmp_ln1494_30_fu_4959 |    0    |    13   |
|          |  icmp_ln879_92_fu_5059  |    0    |    9    |
|          |  icmp_ln768_92_fu_5065  |    0    |    9    |
|          |  icmp_ln1494_31_fu_5107 |    0    |    13   |
|          |  icmp_ln879_93_fu_5207  |    0    |    9    |
|          |  icmp_ln768_93_fu_5213  |    0    |    9    |
|----------|-------------------------|---------|---------|
|          |         i_fu_385        |    0    |    15   |
|          |     add_ln415_fu_569    |    0    |    15   |
|          |     add_ln416_fu_575    |    0    |    15   |
|          |   add_ln415_63_fu_717   |    0    |    15   |
|          |   add_ln416_63_fu_723   |    0    |    15   |
|          |   add_ln415_64_fu_865   |    0    |    15   |
|          |   add_ln416_64_fu_871   |    0    |    15   |
|          |   add_ln415_65_fu_1013  |    0    |    15   |
|          |   add_ln416_65_fu_1019  |    0    |    15   |
|          |   add_ln415_66_fu_1161  |    0    |    15   |
|          |   add_ln416_66_fu_1167  |    0    |    15   |
|          |   add_ln415_67_fu_1309  |    0    |    15   |
|          |   add_ln416_67_fu_1315  |    0    |    15   |
|          |   add_ln415_68_fu_1457  |    0    |    15   |
|          |   add_ln416_68_fu_1463  |    0    |    15   |
|          |   add_ln415_69_fu_1605  |    0    |    15   |
|          |   add_ln416_69_fu_1611  |    0    |    15   |
|          |   add_ln415_70_fu_1753  |    0    |    15   |
|          |   add_ln416_70_fu_1759  |    0    |    15   |
|          |   add_ln415_71_fu_1901  |    0    |    15   |
|          |   add_ln416_71_fu_1907  |    0    |    15   |
|          |   add_ln415_72_fu_2049  |    0    |    15   |
|          |   add_ln416_72_fu_2055  |    0    |    15   |
|          |   add_ln415_73_fu_2197  |    0    |    15   |
|          |   add_ln416_73_fu_2203  |    0    |    15   |
|          |   add_ln415_74_fu_2345  |    0    |    15   |
|          |   add_ln416_74_fu_2351  |    0    |    15   |
|          |   add_ln415_75_fu_2493  |    0    |    15   |
|          |   add_ln416_75_fu_2499  |    0    |    15   |
|          |   add_ln415_76_fu_2641  |    0    |    15   |
|          |   add_ln416_76_fu_2647  |    0    |    15   |
|          |   add_ln415_77_fu_2789  |    0    |    15   |
|    add   |   add_ln416_77_fu_2795  |    0    |    15   |
|          |   add_ln415_78_fu_2937  |    0    |    15   |
|          |   add_ln416_78_fu_2943  |    0    |    15   |
|          |   add_ln415_79_fu_3085  |    0    |    15   |
|          |   add_ln416_79_fu_3091  |    0    |    15   |
|          |   add_ln415_80_fu_3233  |    0    |    15   |
|          |   add_ln416_80_fu_3239  |    0    |    15   |
|          |   add_ln415_81_fu_3381  |    0    |    15   |
|          |   add_ln416_81_fu_3387  |    0    |    15   |
|          |   add_ln415_82_fu_3529  |    0    |    15   |
|          |   add_ln416_82_fu_3535  |    0    |    15   |
|          |   add_ln415_83_fu_3677  |    0    |    15   |
|          |   add_ln416_83_fu_3683  |    0    |    15   |
|          |   add_ln415_84_fu_3825  |    0    |    15   |
|          |   add_ln416_84_fu_3831  |    0    |    15   |
|          |   add_ln415_85_fu_3973  |    0    |    15   |
|          |   add_ln416_85_fu_3979  |    0    |    15   |
|          |   add_ln415_86_fu_4121  |    0    |    15   |
|          |   add_ln416_86_fu_4127  |    0    |    15   |
|          |   add_ln415_87_fu_4269  |    0    |    15   |
|          |   add_ln416_87_fu_4275  |    0    |    15   |
|          |   add_ln415_88_fu_4417  |    0    |    15   |
|          |   add_ln416_88_fu_4423  |    0    |    15   |
|          |   add_ln415_89_fu_4565  |    0    |    15   |
|          |   add_ln416_89_fu_4571  |    0    |    15   |
|          |   add_ln415_90_fu_4713  |    0    |    15   |
|          |   add_ln416_90_fu_4719  |    0    |    15   |
|          |   add_ln415_91_fu_4861  |    0    |    15   |
|          |   add_ln416_91_fu_4867  |    0    |    15   |
|          |   add_ln415_92_fu_5009  |    0    |    15   |
|          |   add_ln416_92_fu_5015  |    0    |    15   |
|          |   add_ln415_93_fu_5157  |    0    |    15   |
|          |   add_ln416_93_fu_5163  |    0    |    15   |
|----------|-------------------------|---------|---------|
|          |   select_ln777_fu_631   |    0    |    2    |
|          |   select_ln340_fu_651   |    0    |    7    |
|          |   tmp_data_0_V_fu_659   |    0    |    7    |
|          |  select_ln777_63_fu_779 |    0    |    2    |
|          |  select_ln340_1_fu_799  |    0    |    7    |
|          |   tmp_data_1_V_fu_807   |    0    |    7    |
|          |  select_ln777_64_fu_927 |    0    |    2    |
|          |  select_ln340_2_fu_947  |    0    |    7    |
|          |   tmp_data_2_V_fu_955   |    0    |    7    |
|          | select_ln777_65_fu_1075 |    0    |    2    |
|          |  select_ln340_3_fu_1095 |    0    |    7    |
|          |   tmp_data_3_V_fu_1103  |    0    |    7    |
|          | select_ln777_66_fu_1223 |    0    |    2    |
|          |  select_ln340_4_fu_1243 |    0    |    7    |
|          |   tmp_data_4_V_fu_1251  |    0    |    7    |
|          | select_ln777_67_fu_1371 |    0    |    2    |
|          |  select_ln340_5_fu_1391 |    0    |    7    |
|          |   tmp_data_5_V_fu_1399  |    0    |    7    |
|          | select_ln777_68_fu_1519 |    0    |    2    |
|          |  select_ln340_6_fu_1539 |    0    |    7    |
|          |   tmp_data_6_V_fu_1547  |    0    |    7    |
|          | select_ln777_69_fu_1667 |    0    |    2    |
|          |  select_ln340_7_fu_1687 |    0    |    7    |
|          |   tmp_data_7_V_fu_1695  |    0    |    7    |
|          | select_ln777_70_fu_1815 |    0    |    2    |
|          |  select_ln340_8_fu_1835 |    0    |    7    |
|          |   tmp_data_8_V_fu_1843  |    0    |    7    |
|          | select_ln777_71_fu_1963 |    0    |    2    |
|          |  select_ln340_9_fu_1983 |    0    |    7    |
|          |   tmp_data_9_V_fu_1991  |    0    |    7    |
|          | select_ln777_72_fu_2111 |    0    |    2    |
|          | select_ln340_10_fu_2131 |    0    |    7    |
|          |  tmp_data_10_V_fu_2139  |    0    |    7    |
|          | select_ln777_73_fu_2259 |    0    |    2    |
|          | select_ln340_11_fu_2279 |    0    |    7    |
|          |  tmp_data_11_V_fu_2287  |    0    |    7    |
|          | select_ln777_74_fu_2407 |    0    |    2    |
|          | select_ln340_12_fu_2427 |    0    |    7    |
|          |  tmp_data_12_V_fu_2435  |    0    |    7    |
|          | select_ln777_75_fu_2555 |    0    |    2    |
|          | select_ln340_13_fu_2575 |    0    |    7    |
|          |  tmp_data_13_V_fu_2583  |    0    |    7    |
|          | select_ln777_76_fu_2703 |    0    |    2    |
|          | select_ln340_14_fu_2723 |    0    |    7    |
|          |  tmp_data_14_V_fu_2731  |    0    |    7    |
|          | select_ln777_77_fu_2851 |    0    |    2    |
|          | select_ln340_15_fu_2871 |    0    |    7    |
|  select  |  tmp_data_15_V_fu_2879  |    0    |    7    |
|          | select_ln777_78_fu_2999 |    0    |    2    |
|          | select_ln340_16_fu_3019 |    0    |    7    |
|          |  tmp_data_16_V_fu_3027  |    0    |    7    |
|          | select_ln777_79_fu_3147 |    0    |    2    |
|          | select_ln340_17_fu_3167 |    0    |    7    |
|          |  tmp_data_17_V_fu_3175  |    0    |    7    |
|          | select_ln777_80_fu_3295 |    0    |    2    |
|          | select_ln340_18_fu_3315 |    0    |    7    |
|          |  tmp_data_18_V_fu_3323  |    0    |    7    |
|          | select_ln777_81_fu_3443 |    0    |    2    |
|          | select_ln340_19_fu_3463 |    0    |    7    |
|          |  tmp_data_19_V_fu_3471  |    0    |    7    |
|          | select_ln777_82_fu_3591 |    0    |    2    |
|          | select_ln340_20_fu_3611 |    0    |    7    |
|          |  tmp_data_20_V_fu_3619  |    0    |    7    |
|          | select_ln777_83_fu_3739 |    0    |    2    |
|          | select_ln340_21_fu_3759 |    0    |    7    |
|          |  tmp_data_21_V_fu_3767  |    0    |    7    |
|          | select_ln777_84_fu_3887 |    0    |    2    |
|          | select_ln340_22_fu_3907 |    0    |    7    |
|          |  tmp_data_22_V_fu_3915  |    0    |    7    |
|          | select_ln777_85_fu_4035 |    0    |    2    |
|          | select_ln340_23_fu_4055 |    0    |    7    |
|          |  tmp_data_23_V_fu_4063  |    0    |    7    |
|          | select_ln777_86_fu_4183 |    0    |    2    |
|          | select_ln340_24_fu_4203 |    0    |    7    |
|          |  tmp_data_24_V_fu_4211  |    0    |    7    |
|          | select_ln777_87_fu_4331 |    0    |    2    |
|          | select_ln340_25_fu_4351 |    0    |    7    |
|          |  tmp_data_25_V_fu_4359  |    0    |    7    |
|          | select_ln777_88_fu_4479 |    0    |    2    |
|          | select_ln340_26_fu_4499 |    0    |    7    |
|          |  tmp_data_26_V_fu_4507  |    0    |    7    |
|          | select_ln777_89_fu_4627 |    0    |    2    |
|          | select_ln340_27_fu_4647 |    0    |    7    |
|          |  tmp_data_27_V_fu_4655  |    0    |    7    |
|          | select_ln777_90_fu_4775 |    0    |    2    |
|          | select_ln340_28_fu_4795 |    0    |    7    |
|          |  tmp_data_28_V_fu_4803  |    0    |    7    |
|          | select_ln777_91_fu_4923 |    0    |    2    |
|          | select_ln340_29_fu_4943 |    0    |    7    |
|          |  tmp_data_29_V_fu_4951  |    0    |    7    |
|          | select_ln777_92_fu_5071 |    0    |    2    |
|          | select_ln340_30_fu_5091 |    0    |    7    |
|          |  tmp_data_30_V_fu_5099  |    0    |    7    |
|          | select_ln777_93_fu_5219 |    0    |    2    |
|          | select_ln340_31_fu_5239 |    0    |    7    |
|          |  tmp_data_31_V_fu_5247  |    0    |    7    |
|----------|-------------------------|---------|---------|
|          |     xor_ln416_fu_589    |    0    |    2    |
|          |     xor_ln785_fu_639    |    0    |    2    |
|          |   xor_ln416_63_fu_737   |    0    |    2    |
|          |    xor_ln785_1_fu_787   |    0    |    2    |
|          |   xor_ln416_64_fu_885   |    0    |    2    |
|          |    xor_ln785_2_fu_935   |    0    |    2    |
|          |   xor_ln416_65_fu_1033  |    0    |    2    |
|          |   xor_ln785_3_fu_1083   |    0    |    2    |
|          |   xor_ln416_66_fu_1181  |    0    |    2    |
|          |   xor_ln785_4_fu_1231   |    0    |    2    |
|          |   xor_ln416_67_fu_1329  |    0    |    2    |
|          |   xor_ln785_5_fu_1379   |    0    |    2    |
|          |   xor_ln416_68_fu_1477  |    0    |    2    |
|          |   xor_ln785_6_fu_1527   |    0    |    2    |
|          |   xor_ln416_69_fu_1625  |    0    |    2    |
|          |   xor_ln785_7_fu_1675   |    0    |    2    |
|          |   xor_ln416_70_fu_1773  |    0    |    2    |
|          |   xor_ln785_8_fu_1823   |    0    |    2    |
|          |   xor_ln416_71_fu_1921  |    0    |    2    |
|          |   xor_ln785_9_fu_1971   |    0    |    2    |
|          |   xor_ln416_72_fu_2069  |    0    |    2    |
|          |   xor_ln785_10_fu_2119  |    0    |    2    |
|          |   xor_ln416_73_fu_2217  |    0    |    2    |
|          |   xor_ln785_11_fu_2267  |    0    |    2    |
|          |   xor_ln416_74_fu_2365  |    0    |    2    |
|          |   xor_ln785_12_fu_2415  |    0    |    2    |
|          |   xor_ln416_75_fu_2513  |    0    |    2    |
|          |   xor_ln785_13_fu_2563  |    0    |    2    |
|          |   xor_ln416_76_fu_2661  |    0    |    2    |
|          |   xor_ln785_14_fu_2711  |    0    |    2    |
|          |   xor_ln416_77_fu_2809  |    0    |    2    |
|    xor   |   xor_ln785_15_fu_2859  |    0    |    2    |
|          |   xor_ln416_78_fu_2957  |    0    |    2    |
|          |   xor_ln785_16_fu_3007  |    0    |    2    |
|          |   xor_ln416_79_fu_3105  |    0    |    2    |
|          |   xor_ln785_17_fu_3155  |    0    |    2    |
|          |   xor_ln416_80_fu_3253  |    0    |    2    |
|          |   xor_ln785_18_fu_3303  |    0    |    2    |
|          |   xor_ln416_81_fu_3401  |    0    |    2    |
|          |   xor_ln785_19_fu_3451  |    0    |    2    |
|          |   xor_ln416_82_fu_3549  |    0    |    2    |
|          |   xor_ln785_20_fu_3599  |    0    |    2    |
|          |   xor_ln416_83_fu_3697  |    0    |    2    |
|          |   xor_ln785_21_fu_3747  |    0    |    2    |
|          |   xor_ln416_84_fu_3845  |    0    |    2    |
|          |   xor_ln785_22_fu_3895  |    0    |    2    |
|          |   xor_ln416_85_fu_3993  |    0    |    2    |
|          |   xor_ln785_23_fu_4043  |    0    |    2    |
|          |   xor_ln416_86_fu_4141  |    0    |    2    |
|          |   xor_ln785_24_fu_4191  |    0    |    2    |
|          |   xor_ln416_87_fu_4289  |    0    |    2    |
|          |   xor_ln785_25_fu_4339  |    0    |    2    |
|          |   xor_ln416_88_fu_4437  |    0    |    2    |
|          |   xor_ln785_26_fu_4487  |    0    |    2    |
|          |   xor_ln416_89_fu_4585  |    0    |    2    |
|          |   xor_ln785_27_fu_4635  |    0    |    2    |
|          |   xor_ln416_90_fu_4733  |    0    |    2    |
|          |   xor_ln785_28_fu_4783  |    0    |    2    |
|          |   xor_ln416_91_fu_4881  |    0    |    2    |
|          |   xor_ln785_29_fu_4931  |    0    |    2    |
|          |   xor_ln416_92_fu_5029  |    0    |    2    |
|          |   xor_ln785_30_fu_5079  |    0    |    2    |
|          |   xor_ln416_93_fu_5177  |    0    |    2    |
|          |   xor_ln785_31_fu_5227  |    0    |    2    |
|----------|-------------------------|---------|---------|
|          |     and_ln416_fu_595    |    0    |    2    |
|          |   and_ln416_63_fu_743   |    0    |    2    |
|          |   and_ln416_64_fu_891   |    0    |    2    |
|          |   and_ln416_65_fu_1039  |    0    |    2    |
|          |   and_ln416_66_fu_1187  |    0    |    2    |
|          |   and_ln416_67_fu_1335  |    0    |    2    |
|          |   and_ln416_68_fu_1483  |    0    |    2    |
|          |   and_ln416_69_fu_1631  |    0    |    2    |
|          |   and_ln416_70_fu_1779  |    0    |    2    |
|          |   and_ln416_71_fu_1927  |    0    |    2    |
|          |   and_ln416_72_fu_2075  |    0    |    2    |
|          |   and_ln416_73_fu_2223  |    0    |    2    |
|          |   and_ln416_74_fu_2371  |    0    |    2    |
|          |   and_ln416_75_fu_2519  |    0    |    2    |
|          |   and_ln416_76_fu_2667  |    0    |    2    |
|    and   |   and_ln416_77_fu_2815  |    0    |    2    |
|          |   and_ln416_78_fu_2963  |    0    |    2    |
|          |   and_ln416_79_fu_3111  |    0    |    2    |
|          |   and_ln416_80_fu_3259  |    0    |    2    |
|          |   and_ln416_81_fu_3407  |    0    |    2    |
|          |   and_ln416_82_fu_3555  |    0    |    2    |
|          |   and_ln416_83_fu_3703  |    0    |    2    |
|          |   and_ln416_84_fu_3851  |    0    |    2    |
|          |   and_ln416_85_fu_3999  |    0    |    2    |
|          |   and_ln416_86_fu_4147  |    0    |    2    |
|          |   and_ln416_87_fu_4295  |    0    |    2    |
|          |   and_ln416_88_fu_4443  |    0    |    2    |
|          |   and_ln416_89_fu_4591  |    0    |    2    |
|          |   and_ln416_90_fu_4739  |    0    |    2    |
|          |   and_ln416_91_fu_4887  |    0    |    2    |
|          |   and_ln416_92_fu_5035  |    0    |    2    |
|          |   and_ln416_93_fu_5183  |    0    |    2    |
|----------|-------------------------|---------|---------|
|          |     or_ln340_fu_645     |    0    |    2    |
|          |    or_ln340_1_fu_793    |    0    |    2    |
|          |    or_ln340_2_fu_941    |    0    |    2    |
|          |    or_ln340_3_fu_1089   |    0    |    2    |
|          |    or_ln340_4_fu_1237   |    0    |    2    |
|          |    or_ln340_5_fu_1385   |    0    |    2    |
|          |    or_ln340_6_fu_1533   |    0    |    2    |
|          |    or_ln340_7_fu_1681   |    0    |    2    |
|          |    or_ln340_8_fu_1829   |    0    |    2    |
|          |    or_ln340_9_fu_1977   |    0    |    2    |
|          |   or_ln340_10_fu_2125   |    0    |    2    |
|          |   or_ln340_11_fu_2273   |    0    |    2    |
|          |   or_ln340_12_fu_2421   |    0    |    2    |
|          |   or_ln340_13_fu_2569   |    0    |    2    |
|          |   or_ln340_14_fu_2717   |    0    |    2    |
|    or    |   or_ln340_15_fu_2865   |    0    |    2    |
|          |   or_ln340_16_fu_3013   |    0    |    2    |
|          |   or_ln340_17_fu_3161   |    0    |    2    |
|          |   or_ln340_18_fu_3309   |    0    |    2    |
|          |   or_ln340_19_fu_3457   |    0    |    2    |
|          |   or_ln340_20_fu_3605   |    0    |    2    |
|          |   or_ln340_21_fu_3753   |    0    |    2    |
|          |   or_ln340_22_fu_3901   |    0    |    2    |
|          |   or_ln340_23_fu_4049   |    0    |    2    |
|          |   or_ln340_24_fu_4197   |    0    |    2    |
|          |   or_ln340_25_fu_4345   |    0    |    2    |
|          |   or_ln340_26_fu_4493   |    0    |    2    |
|          |   or_ln340_27_fu_4641   |    0    |    2    |
|          |   or_ln340_28_fu_4789   |    0    |    2    |
|          |   or_ln340_29_fu_4937   |    0    |    2    |
|          |   or_ln340_30_fu_5085   |    0    |    2    |
|          |   or_ln340_31_fu_5233   |    0    |    2    |
|----------|-------------------------|---------|---------|
|   read   |   empty_41_read_fu_200  |    0    |    0    |
|----------|-------------------------|---------|---------|
|   write  | write_ln57_write_fu_268 |    0    |    0    |
|----------|-------------------------|---------|---------|
|          |   tmp_data_V_0_fu_391   |    0    |    0    |
|          |   tmp_data_V_1_fu_395   |    0    |    0    |
|          |   tmp_data_V_2_fu_399   |    0    |    0    |
|          |   tmp_data_V_3_fu_403   |    0    |    0    |
|          |   tmp_data_V_4_fu_407   |    0    |    0    |
|          |   tmp_data_V_5_fu_411   |    0    |    0    |
|          |   tmp_data_V_6_fu_415   |    0    |    0    |
|          |   tmp_data_V_7_fu_419   |    0    |    0    |
|          |   tmp_data_V_8_fu_423   |    0    |    0    |
|          |   tmp_data_V_9_fu_427   |    0    |    0    |
|          |   tmp_data_V_10_fu_431  |    0    |    0    |
|          |   tmp_data_V_11_fu_435  |    0    |    0    |
|          |   tmp_data_V_12_fu_439  |    0    |    0    |
|          |  tmp_data_V_1339_fu_443 |    0    |    0    |
|          |   tmp_data_V_14_fu_447  |    0    |    0    |
|extractvalue|   tmp_data_V_15_fu_451  |    0    |    0    |
|          |   tmp_data_V_16_fu_455  |    0    |    0    |
|          |   tmp_data_V_17_fu_459  |    0    |    0    |
|          |   tmp_data_V_18_fu_463  |    0    |    0    |
|          |   tmp_data_V_19_fu_467  |    0    |    0    |
|          |   tmp_data_V_20_fu_471  |    0    |    0    |
|          |   tmp_data_V_21_fu_475  |    0    |    0    |
|          |   tmp_data_V_22_fu_479  |    0    |    0    |
|          |   tmp_data_V_23_fu_483  |    0    |    0    |
|          |   tmp_data_V_24_fu_487  |    0    |    0    |
|          |   tmp_data_V_25_fu_491  |    0    |    0    |
|          |   tmp_data_V_26_fu_495  |    0    |    0    |
|          |   tmp_data_V_27_fu_499  |    0    |    0    |
|          |   tmp_data_V_28_fu_503  |    0    |    0    |
|          |   tmp_data_V_29_fu_507  |    0    |    0    |
|          |   tmp_data_V_30_fu_511  |    0    |    0    |
|          |   tmp_data_V_31_fu_515  |    0    |    0    |
|----------|-------------------------|---------|---------|
|          |     trunc_ln_fu_525     |    0    |    0    |
|          |   trunc_ln415_s_fu_555  |    0    |    0    |
|          |    p_Result_s_fu_609    |    0    |    0    |
|          |   trunc_ln708_s_fu_673  |    0    |    0    |
|          |  trunc_ln415_63_fu_703  |    0    |    0    |
|          |   p_Result_12_1_fu_757  |    0    |    0    |
|          |  trunc_ln708_61_fu_821  |    0    |    0    |
|          |  trunc_ln415_64_fu_851  |    0    |    0    |
|          |   p_Result_12_2_fu_905  |    0    |    0    |
|          |  trunc_ln708_62_fu_969  |    0    |    0    |
|          |  trunc_ln415_65_fu_999  |    0    |    0    |
|          |  p_Result_12_3_fu_1053  |    0    |    0    |
|          |  trunc_ln708_63_fu_1117 |    0    |    0    |
|          |  trunc_ln415_66_fu_1147 |    0    |    0    |
|          |  p_Result_12_4_fu_1201  |    0    |    0    |
|          |  trunc_ln708_64_fu_1265 |    0    |    0    |
|          |  trunc_ln415_67_fu_1295 |    0    |    0    |
|          |  p_Result_12_5_fu_1349  |    0    |    0    |
|          |  trunc_ln708_65_fu_1413 |    0    |    0    |
|          |  trunc_ln415_68_fu_1443 |    0    |    0    |
|          |  p_Result_12_6_fu_1497  |    0    |    0    |
|          |  trunc_ln708_66_fu_1561 |    0    |    0    |
|          |  trunc_ln415_69_fu_1591 |    0    |    0    |
|          |  p_Result_12_7_fu_1645  |    0    |    0    |
|          |  trunc_ln708_67_fu_1709 |    0    |    0    |
|          |  trunc_ln415_70_fu_1739 |    0    |    0    |
|          |  p_Result_12_8_fu_1793  |    0    |    0    |
|          |  trunc_ln708_68_fu_1857 |    0    |    0    |
|          |  trunc_ln415_71_fu_1887 |    0    |    0    |
|          |  p_Result_12_9_fu_1941  |    0    |    0    |
|          |  trunc_ln708_69_fu_2005 |    0    |    0    |
|          |  trunc_ln415_72_fu_2035 |    0    |    0    |
|          |  p_Result_12_s_fu_2089  |    0    |    0    |
|          |  trunc_ln708_70_fu_2153 |    0    |    0    |
|          |  trunc_ln415_73_fu_2183 |    0    |    0    |
|          |  p_Result_12_10_fu_2237 |    0    |    0    |
|          |  trunc_ln708_71_fu_2301 |    0    |    0    |
|          |  trunc_ln415_74_fu_2331 |    0    |    0    |
|          |  p_Result_12_11_fu_2385 |    0    |    0    |
|          |  trunc_ln708_72_fu_2449 |    0    |    0    |
|          |  trunc_ln415_75_fu_2479 |    0    |    0    |
|          |  p_Result_12_12_fu_2533 |    0    |    0    |
|          |  trunc_ln708_73_fu_2597 |    0    |    0    |
|          |  trunc_ln415_76_fu_2627 |    0    |    0    |
|          |  p_Result_12_13_fu_2681 |    0    |    0    |
|          |  trunc_ln708_74_fu_2745 |    0    |    0    |
|          |  trunc_ln415_77_fu_2775 |    0    |    0    |
|partselect|  p_Result_12_14_fu_2829 |    0    |    0    |
|          |  trunc_ln708_75_fu_2893 |    0    |    0    |
|          |  trunc_ln415_78_fu_2923 |    0    |    0    |
|          |  p_Result_12_15_fu_2977 |    0    |    0    |
|          |  trunc_ln708_76_fu_3041 |    0    |    0    |
|          |  trunc_ln415_79_fu_3071 |    0    |    0    |
|          |  p_Result_12_16_fu_3125 |    0    |    0    |
|          |  trunc_ln708_77_fu_3189 |    0    |    0    |
|          |  trunc_ln415_80_fu_3219 |    0    |    0    |
|          |  p_Result_12_17_fu_3273 |    0    |    0    |
|          |  trunc_ln708_78_fu_3337 |    0    |    0    |
|          |  trunc_ln415_81_fu_3367 |    0    |    0    |
|          |  p_Result_12_18_fu_3421 |    0    |    0    |
|          |  trunc_ln708_79_fu_3485 |    0    |    0    |
|          |  trunc_ln415_82_fu_3515 |    0    |    0    |
|          |  p_Result_12_19_fu_3569 |    0    |    0    |
|          |  trunc_ln708_80_fu_3633 |    0    |    0    |
|          |  trunc_ln415_83_fu_3663 |    0    |    0    |
|          |  p_Result_12_20_fu_3717 |    0    |    0    |
|          |  trunc_ln708_81_fu_3781 |    0    |    0    |
|          |  trunc_ln415_84_fu_3811 |    0    |    0    |
|          |  p_Result_12_21_fu_3865 |    0    |    0    |
|          |  trunc_ln708_82_fu_3929 |    0    |    0    |
|          |  trunc_ln415_85_fu_3959 |    0    |    0    |
|          |  p_Result_12_22_fu_4013 |    0    |    0    |
|          |  trunc_ln708_83_fu_4077 |    0    |    0    |
|          |  trunc_ln415_86_fu_4107 |    0    |    0    |
|          |  p_Result_12_23_fu_4161 |    0    |    0    |
|          |  trunc_ln708_84_fu_4225 |    0    |    0    |
|          |  trunc_ln415_87_fu_4255 |    0    |    0    |
|          |  p_Result_12_24_fu_4309 |    0    |    0    |
|          |  trunc_ln708_85_fu_4373 |    0    |    0    |
|          |  trunc_ln415_88_fu_4403 |    0    |    0    |
|          |  p_Result_12_25_fu_4457 |    0    |    0    |
|          |  trunc_ln708_86_fu_4521 |    0    |    0    |
|          |  trunc_ln415_89_fu_4551 |    0    |    0    |
|          |  p_Result_12_26_fu_4605 |    0    |    0    |
|          |  trunc_ln708_87_fu_4669 |    0    |    0    |
|          |  trunc_ln415_90_fu_4699 |    0    |    0    |
|          |  p_Result_12_27_fu_4753 |    0    |    0    |
|          |  trunc_ln708_88_fu_4817 |    0    |    0    |
|          |  trunc_ln415_91_fu_4847 |    0    |    0    |
|          |  p_Result_12_28_fu_4901 |    0    |    0    |
|          |  trunc_ln708_89_fu_4965 |    0    |    0    |
|          |  trunc_ln415_92_fu_4995 |    0    |    0    |
|          |  p_Result_12_29_fu_5049 |    0    |    0    |
|          |  trunc_ln708_90_fu_5113 |    0    |    0    |
|          |  trunc_ln415_93_fu_5143 |    0    |    0    |
|          |  p_Result_12_30_fu_5197 |    0    |    0    |
|----------|-------------------------|---------|---------|
|          |      tmp_257_fu_535     |    0    |    0    |
|          |      tmp_258_fu_543     |    0    |    0    |
|          |      tmp_259_fu_581     |    0    |    0    |
|          |      tmp_260_fu_601     |    0    |    0    |
|          |      tmp_261_fu_683     |    0    |    0    |
|          |      tmp_262_fu_691     |    0    |    0    |
|          |      tmp_263_fu_729     |    0    |    0    |
|          |      tmp_264_fu_749     |    0    |    0    |
|          |      tmp_265_fu_831     |    0    |    0    |
|          |      tmp_266_fu_839     |    0    |    0    |
|          |      tmp_267_fu_877     |    0    |    0    |
|          |      tmp_268_fu_897     |    0    |    0    |
|          |      tmp_269_fu_979     |    0    |    0    |
|          |      tmp_270_fu_987     |    0    |    0    |
|          |     tmp_271_fu_1025     |    0    |    0    |
|          |     tmp_272_fu_1045     |    0    |    0    |
|          |     tmp_273_fu_1127     |    0    |    0    |
|          |     tmp_274_fu_1135     |    0    |    0    |
|          |     tmp_275_fu_1173     |    0    |    0    |
|          |     tmp_276_fu_1193     |    0    |    0    |
|          |     tmp_277_fu_1275     |    0    |    0    |
|          |     tmp_278_fu_1283     |    0    |    0    |
|          |     tmp_279_fu_1321     |    0    |    0    |
|          |     tmp_280_fu_1341     |    0    |    0    |
|          |     tmp_281_fu_1423     |    0    |    0    |
|          |     tmp_282_fu_1431     |    0    |    0    |
|          |     tmp_283_fu_1469     |    0    |    0    |
|          |     tmp_284_fu_1489     |    0    |    0    |
|          |     tmp_285_fu_1571     |    0    |    0    |
|          |     tmp_286_fu_1579     |    0    |    0    |
|          |     tmp_287_fu_1617     |    0    |    0    |
|          |     tmp_288_fu_1637     |    0    |    0    |
|          |     tmp_289_fu_1719     |    0    |    0    |
|          |     tmp_290_fu_1727     |    0    |    0    |
|          |     tmp_291_fu_1765     |    0    |    0    |
|          |     tmp_292_fu_1785     |    0    |    0    |
|          |     tmp_293_fu_1867     |    0    |    0    |
|          |     tmp_294_fu_1875     |    0    |    0    |
|          |     tmp_295_fu_1913     |    0    |    0    |
|          |     tmp_296_fu_1933     |    0    |    0    |
|          |     tmp_297_fu_2015     |    0    |    0    |
|          |     tmp_298_fu_2023     |    0    |    0    |
|          |     tmp_299_fu_2061     |    0    |    0    |
|          |     tmp_300_fu_2081     |    0    |    0    |
|          |     tmp_301_fu_2163     |    0    |    0    |
|          |     tmp_302_fu_2171     |    0    |    0    |
|          |     tmp_303_fu_2209     |    0    |    0    |
|          |     tmp_304_fu_2229     |    0    |    0    |
|          |     tmp_305_fu_2311     |    0    |    0    |
|          |     tmp_306_fu_2319     |    0    |    0    |
|          |     tmp_307_fu_2357     |    0    |    0    |
|          |     tmp_308_fu_2377     |    0    |    0    |
|          |     tmp_309_fu_2459     |    0    |    0    |
|          |     tmp_310_fu_2467     |    0    |    0    |
|          |     tmp_311_fu_2505     |    0    |    0    |
|          |     tmp_312_fu_2525     |    0    |    0    |
|          |     tmp_313_fu_2607     |    0    |    0    |
|          |     tmp_314_fu_2615     |    0    |    0    |
|          |     tmp_315_fu_2653     |    0    |    0    |
|          |     tmp_316_fu_2673     |    0    |    0    |
|          |     tmp_317_fu_2755     |    0    |    0    |
|          |     tmp_318_fu_2763     |    0    |    0    |
|          |     tmp_319_fu_2801     |    0    |    0    |
| bitselect|     tmp_320_fu_2821     |    0    |    0    |
|          |     tmp_321_fu_2903     |    0    |    0    |
|          |     tmp_322_fu_2911     |    0    |    0    |
|          |     tmp_323_fu_2949     |    0    |    0    |
|          |     tmp_324_fu_2969     |    0    |    0    |
|          |     tmp_325_fu_3051     |    0    |    0    |
|          |     tmp_326_fu_3059     |    0    |    0    |
|          |     tmp_327_fu_3097     |    0    |    0    |
|          |     tmp_328_fu_3117     |    0    |    0    |
|          |     tmp_329_fu_3199     |    0    |    0    |
|          |     tmp_330_fu_3207     |    0    |    0    |
|          |     tmp_331_fu_3245     |    0    |    0    |
|          |     tmp_332_fu_3265     |    0    |    0    |
|          |     tmp_333_fu_3347     |    0    |    0    |
|          |     tmp_334_fu_3355     |    0    |    0    |
|          |     tmp_335_fu_3393     |    0    |    0    |
|          |     tmp_336_fu_3413     |    0    |    0    |
|          |     tmp_337_fu_3495     |    0    |    0    |
|          |     tmp_338_fu_3503     |    0    |    0    |
|          |     tmp_339_fu_3541     |    0    |    0    |
|          |     tmp_340_fu_3561     |    0    |    0    |
|          |     tmp_341_fu_3643     |    0    |    0    |
|          |     tmp_342_fu_3651     |    0    |    0    |
|          |     tmp_343_fu_3689     |    0    |    0    |
|          |     tmp_344_fu_3709     |    0    |    0    |
|          |     tmp_345_fu_3791     |    0    |    0    |
|          |     tmp_346_fu_3799     |    0    |    0    |
|          |     tmp_347_fu_3837     |    0    |    0    |
|          |     tmp_348_fu_3857     |    0    |    0    |
|          |     tmp_349_fu_3939     |    0    |    0    |
|          |     tmp_350_fu_3947     |    0    |    0    |
|          |     tmp_351_fu_3985     |    0    |    0    |
|          |     tmp_352_fu_4005     |    0    |    0    |
|          |     tmp_353_fu_4087     |    0    |    0    |
|          |     tmp_354_fu_4095     |    0    |    0    |
|          |     tmp_355_fu_4133     |    0    |    0    |
|          |     tmp_356_fu_4153     |    0    |    0    |
|          |     tmp_357_fu_4235     |    0    |    0    |
|          |     tmp_358_fu_4243     |    0    |    0    |
|          |     tmp_359_fu_4281     |    0    |    0    |
|          |     tmp_360_fu_4301     |    0    |    0    |
|          |     tmp_361_fu_4383     |    0    |    0    |
|          |     tmp_362_fu_4391     |    0    |    0    |
|          |     tmp_363_fu_4429     |    0    |    0    |
|          |     tmp_364_fu_4449     |    0    |    0    |
|          |     tmp_365_fu_4531     |    0    |    0    |
|          |     tmp_366_fu_4539     |    0    |    0    |
|          |     tmp_367_fu_4577     |    0    |    0    |
|          |     tmp_368_fu_4597     |    0    |    0    |
|          |     tmp_369_fu_4679     |    0    |    0    |
|          |     tmp_370_fu_4687     |    0    |    0    |
|          |     tmp_371_fu_4725     |    0    |    0    |
|          |     tmp_372_fu_4745     |    0    |    0    |
|          |     tmp_373_fu_4827     |    0    |    0    |
|          |     tmp_374_fu_4835     |    0    |    0    |
|          |     tmp_375_fu_4873     |    0    |    0    |
|          |     tmp_376_fu_4893     |    0    |    0    |
|          |     tmp_377_fu_4975     |    0    |    0    |
|          |     tmp_378_fu_4983     |    0    |    0    |
|          |     tmp_379_fu_5021     |    0    |    0    |
|          |     tmp_380_fu_5041     |    0    |    0    |
|          |     tmp_381_fu_5123     |    0    |    0    |
|          |     tmp_382_fu_5131     |    0    |    0    |
|          |     tmp_383_fu_5169     |    0    |    0    |
|          |     tmp_384_fu_5189     |    0    |    0    |
|----------|-------------------------|---------|---------|
|          |    zext_ln415_fu_551    |    0    |    0    |
|          |   zext_ln415_96_fu_565  |    0    |    0    |
|          |   zext_ln415_63_fu_699  |    0    |    0    |
|          |   zext_ln415_97_fu_713  |    0    |    0    |
|          |   zext_ln415_64_fu_847  |    0    |    0    |
|          |   zext_ln415_98_fu_861  |    0    |    0    |
|          |   zext_ln415_65_fu_995  |    0    |    0    |
|          |  zext_ln415_99_fu_1009  |    0    |    0    |
|          |  zext_ln415_66_fu_1143  |    0    |    0    |
|          |  zext_ln415_100_fu_1157 |    0    |    0    |
|          |  zext_ln415_67_fu_1291  |    0    |    0    |
|          |  zext_ln415_101_fu_1305 |    0    |    0    |
|          |  zext_ln415_68_fu_1439  |    0    |    0    |
|          |  zext_ln415_102_fu_1453 |    0    |    0    |
|          |  zext_ln415_69_fu_1587  |    0    |    0    |
|          |  zext_ln415_103_fu_1601 |    0    |    0    |
|          |  zext_ln415_70_fu_1735  |    0    |    0    |
|          |  zext_ln415_104_fu_1749 |    0    |    0    |
|          |  zext_ln415_71_fu_1883  |    0    |    0    |
|          |  zext_ln415_105_fu_1897 |    0    |    0    |
|          |  zext_ln415_72_fu_2031  |    0    |    0    |
|          |  zext_ln415_106_fu_2045 |    0    |    0    |
|          |  zext_ln415_73_fu_2179  |    0    |    0    |
|          |  zext_ln415_107_fu_2193 |    0    |    0    |
|          |  zext_ln415_74_fu_2327  |    0    |    0    |
|          |  zext_ln415_108_fu_2341 |    0    |    0    |
|          |  zext_ln415_75_fu_2475  |    0    |    0    |
|          |  zext_ln415_109_fu_2489 |    0    |    0    |
|          |  zext_ln415_76_fu_2623  |    0    |    0    |
|          |  zext_ln415_110_fu_2637 |    0    |    0    |
|          |  zext_ln415_77_fu_2771  |    0    |    0    |
|          |  zext_ln415_111_fu_2785 |    0    |    0    |
|          |  zext_ln415_78_fu_2919  |    0    |    0    |
|          |  zext_ln415_112_fu_2933 |    0    |    0    |
|          |  zext_ln415_79_fu_3067  |    0    |    0    |
|          |  zext_ln415_113_fu_3081 |    0    |    0    |
|          |  zext_ln415_80_fu_3215  |    0    |    0    |
|          |  zext_ln415_114_fu_3229 |    0    |    0    |
|          |  zext_ln415_81_fu_3363  |    0    |    0    |
|          |  zext_ln415_115_fu_3377 |    0    |    0    |
|          |  zext_ln415_82_fu_3511  |    0    |    0    |
|          |  zext_ln415_116_fu_3525 |    0    |    0    |
|          |  zext_ln415_83_fu_3659  |    0    |    0    |
|          |  zext_ln415_117_fu_3673 |    0    |    0    |
|          |  zext_ln415_84_fu_3807  |    0    |    0    |
|          |  zext_ln415_118_fu_3821 |    0    |    0    |
|          |  zext_ln415_85_fu_3955  |    0    |    0    |
|   zext   |  zext_ln415_119_fu_3969 |    0    |    0    |
|          |  zext_ln415_86_fu_4103  |    0    |    0    |
|          |  zext_ln415_120_fu_4117 |    0    |    0    |
|          |  zext_ln415_87_fu_4251  |    0    |    0    |
|          |  zext_ln415_121_fu_4265 |    0    |    0    |
|          |  zext_ln415_88_fu_4399  |    0    |    0    |
|          |  zext_ln415_122_fu_4413 |    0    |    0    |
|          |  zext_ln415_89_fu_4547  |    0    |    0    |
|          |  zext_ln415_123_fu_4561 |    0    |    0    |
|          |  zext_ln415_90_fu_4695  |    0    |    0    |
|          |  zext_ln415_124_fu_4709 |    0    |    0    |
|          |  zext_ln415_91_fu_4843  |    0    |    0    |
|          |  zext_ln415_125_fu_4857 |    0    |    0    |
|          |  zext_ln415_92_fu_4991  |    0    |    0    |
|          |  zext_ln415_126_fu_5005 |    0    |    0    |
|          |  zext_ln415_93_fu_5139  |    0    |    0    |
|          |  zext_ln415_127_fu_5153 |    0    |    0    |
|          |   zext_ln1494_fu_5255   |    0    |    0    |
|          |  zext_ln1494_63_fu_5259 |    0    |    0    |
|          |  zext_ln1494_64_fu_5263 |    0    |    0    |
|          |  zext_ln1494_65_fu_5267 |    0    |    0    |
|          |  zext_ln1494_66_fu_5271 |    0    |    0    |
|          |  zext_ln1494_67_fu_5275 |    0    |    0    |
|          |  zext_ln1494_68_fu_5279 |    0    |    0    |
|          |  zext_ln1494_69_fu_5283 |    0    |    0    |
|          |  zext_ln1494_70_fu_5287 |    0    |    0    |
|          |  zext_ln1494_71_fu_5291 |    0    |    0    |
|          |  zext_ln1494_72_fu_5295 |    0    |    0    |
|          |  zext_ln1494_73_fu_5299 |    0    |    0    |
|          |  zext_ln1494_74_fu_5303 |    0    |    0    |
|          |  zext_ln1494_75_fu_5307 |    0    |    0    |
|          |  zext_ln1494_76_fu_5311 |    0    |    0    |
|          |  zext_ln1494_77_fu_5315 |    0    |    0    |
|          |  zext_ln1494_78_fu_5319 |    0    |    0    |
|          |  zext_ln1494_79_fu_5323 |    0    |    0    |
|          |  zext_ln1494_80_fu_5327 |    0    |    0    |
|          |  zext_ln1494_81_fu_5331 |    0    |    0    |
|          |  zext_ln1494_82_fu_5335 |    0    |    0    |
|          |  zext_ln1494_83_fu_5339 |    0    |    0    |
|          |  zext_ln1494_84_fu_5343 |    0    |    0    |
|          |  zext_ln1494_85_fu_5347 |    0    |    0    |
|          |  zext_ln1494_86_fu_5351 |    0    |    0    |
|          |  zext_ln1494_87_fu_5355 |    0    |    0    |
|          |  zext_ln1494_88_fu_5359 |    0    |    0    |
|          |  zext_ln1494_89_fu_5363 |    0    |    0    |
|          |  zext_ln1494_90_fu_5367 |    0    |    0    |
|          |  zext_ln1494_91_fu_5371 |    0    |    0    |
|          |  zext_ln1494_92_fu_5375 |    0    |    0    |
|          |  zext_ln1494_93_fu_5379 |    0    |    0    |
|----------|-------------------------|---------|---------|
|   Total  |                         |    0    |   2746  |
|----------|-------------------------|---------|---------|

Memories:
N/A

* Register list:
+----------------------+--------+
|                      |   FF   |
+----------------------+--------+
|      i_0_reg_368     |    7   |
|      i_reg_5387      |    7   |
|  icmp_ln41_reg_5383  |    1   |
| tmp_data_0_V_reg_5392|    7   |
|tmp_data_10_V_reg_5442|    7   |
|tmp_data_11_V_reg_5447|    7   |
|tmp_data_12_V_reg_5452|    7   |
|tmp_data_13_V_reg_5457|    7   |
|tmp_data_14_V_reg_5462|    7   |
|tmp_data_15_V_reg_5467|    7   |
|tmp_data_16_V_reg_5472|    7   |
|tmp_data_17_V_reg_5477|    7   |
|tmp_data_18_V_reg_5482|    7   |
|tmp_data_19_V_reg_5487|    7   |
| tmp_data_1_V_reg_5397|    7   |
|tmp_data_20_V_reg_5492|    7   |
|tmp_data_21_V_reg_5497|    7   |
|tmp_data_22_V_reg_5502|    7   |
|tmp_data_23_V_reg_5507|    7   |
|tmp_data_24_V_reg_5512|    7   |
|tmp_data_25_V_reg_5517|    7   |
|tmp_data_26_V_reg_5522|    7   |
|tmp_data_27_V_reg_5527|    7   |
|tmp_data_28_V_reg_5532|    7   |
|tmp_data_29_V_reg_5537|    7   |
| tmp_data_2_V_reg_5402|    7   |
|tmp_data_30_V_reg_5542|    7   |
|tmp_data_31_V_reg_5547|    7   |
| tmp_data_3_V_reg_5407|    7   |
| tmp_data_4_V_reg_5412|    7   |
| tmp_data_5_V_reg_5417|    7   |
| tmp_data_6_V_reg_5422|    7   |
| tmp_data_7_V_reg_5427|    7   |
| tmp_data_8_V_reg_5432|    7   |
| tmp_data_9_V_reg_5437|    7   |
+----------------------+--------+
|         Total        |   239  |
+----------------------+--------+

* Multiplexer (MUX) list: 
|--------|------|------|------|--------|
|  Comp  |  Pin | Size |  BW  | S x BW |
|--------|------|------|------|--------|
|  Total |      |      |      |    0   |
|--------|------|------|------|--------|



* Summary:
+-----------+--------+--------+
|           |   FF   |   LUT  |
+-----------+--------+--------+
|  Function |    0   |  2746  |
|   Memory  |    -   |    -   |
|Multiplexer|    -   |    -   |
|  Register |   239  |    -   |
+-----------+--------+--------+
|   Total   |   239  |  2746  |
+-----------+--------+--------+
