

================================================================
== Vivado HLS Report for 'zeropad2d_cl_array_array_ap_fixed_8_4_0_0_0_32u_config14_s'
================================================================
* Date:           Thu Jul 11 17:01:24 2024

* Version:        2020.1 (Build 2897737 on Wed May 27 20:21:37 MDT 2020)
* Project:        myproject_prj
* Solution:       solution1
* Product family: zynq
* Target device:  xc7z020-clg400-1


================================================================
== Performance Estimates
================================================================
+ Timing: 
    * Summary: 
    +--------+----------+----------+------------+
    |  Clock |  Target  | Estimated| Uncertainty|
    +--------+----------+----------+------------+
    |ap_clk  | 10.00 ns | 7.268 ns |   1.25 ns  |
    +--------+----------+----------+------------+

+ Latency: 
    * Summary: 
    +---------+---------+----------+----------+-----+-----+---------+
    |  Latency (cycles) |  Latency (absolute) |  Interval | Pipeline|
    |   min   |   max   |    min   |    max   | min | max |   Type  |
    +---------+---------+----------+----------+-----+-----+---------+
    |      103|      103| 1.030 us | 1.030 us |  103|  103|   none  |
    +---------+---------+----------+----------+-----+-----+---------+

    + Detail: 
        * Instance: 
        N/A

        * Loop: 
        +------------------+---------+---------+----------+-----------+-----------+------+----------+
        |                  |  Latency (cycles) | Iteration|  Initiation Interval  | Trip |          |
        |     Loop Name    |   min   |   max   |  Latency |  achieved |   target  | Count| Pipelined|
        +------------------+---------+---------+----------+-----------+-----------+------+----------+
        |- PadTopWidth     |       10|       10|         1|          -|          -|    10|    no    |
        |- PadMain         |       80|       80|        10|          -|          -|     8|    no    |
        | + CopyMain       |        8|        8|         1|          -|          -|     8|    no    |
        |- PadBottomWidth  |       10|       10|         1|          -|          -|    10|    no    |
        +------------------+---------+---------+----------+-----------+-----------+------+----------+

============================================================
+ Verbose Summary: Synthesis Manager
============================================================
InlineROM: 1
ExposeGlobal: 0
============================================================
+ Verbose Summary: CDFG Model
============================================================
IsTopModel: 0
ResetActiveHigh: 1
IsCombinational: 2
IsDatapathOnly: 0
HasWiredReturn: 1
HasMFsm: 0
HasVarLatency: 1
IsPipeline: 0
IsRtlPipelined: 0
IsInstanceOverlapped: 0
IsDontTouch: 0
HasImplIP: 0
IsGatedGlobalClock: 0


============================================================
+ Verbose Summary: Schedule
============================================================
* Number of FSM states : 5
* Pipeline : 0
* Dataflow Pipeline: 0

* FSM state transitions: 
1 --> 2 
2 --> 2 3 
3 --> 4 5 
4 --> 4 3 
5 --> 5 

* FSM state operations: 

State 1 <SV = 0> <Delay = 1.76>
ST_1 : Operation 6 [1/1] (0.00ns)   --->   "call void (...)* @_ssdm_op_SpecInterface(i8* %res_V_data_31_V, [8 x i8]* @ap_fifo_str, i32 0, i32 0, [1 x i8]* @p_str, i32 0, i32 0, [1 x i8]* @p_str, [1 x i8]* @p_str, [1 x i8]* @p_str, i32 2, i32 2, i32 16, i32 16, [1 x i8]* @p_str, [1 x i8]* @p_str)"   --->   Operation 6 'specinterface' <Predicate = true> <Delay = 0.00>
ST_1 : Operation 7 [1/1] (0.00ns)   --->   "call void (...)* @_ssdm_op_SpecInterface(i8* %res_V_data_30_V, [8 x i8]* @ap_fifo_str, i32 0, i32 0, [1 x i8]* @p_str, i32 0, i32 0, [1 x i8]* @p_str, [1 x i8]* @p_str, [1 x i8]* @p_str, i32 2, i32 2, i32 16, i32 16, [1 x i8]* @p_str, [1 x i8]* @p_str)"   --->   Operation 7 'specinterface' <Predicate = true> <Delay = 0.00>
ST_1 : Operation 8 [1/1] (0.00ns)   --->   "call void (...)* @_ssdm_op_SpecInterface(i8* %res_V_data_29_V, [8 x i8]* @ap_fifo_str, i32 0, i32 0, [1 x i8]* @p_str, i32 0, i32 0, [1 x i8]* @p_str, [1 x i8]* @p_str, [1 x i8]* @p_str, i32 2, i32 2, i32 16, i32 16, [1 x i8]* @p_str, [1 x i8]* @p_str)"   --->   Operation 8 'specinterface' <Predicate = true> <Delay = 0.00>
ST_1 : Operation 9 [1/1] (0.00ns)   --->   "call void (...)* @_ssdm_op_SpecInterface(i8* %res_V_data_28_V, [8 x i8]* @ap_fifo_str, i32 0, i32 0, [1 x i8]* @p_str, i32 0, i32 0, [1 x i8]* @p_str, [1 x i8]* @p_str, [1 x i8]* @p_str, i32 2, i32 2, i32 16, i32 16, [1 x i8]* @p_str, [1 x i8]* @p_str)"   --->   Operation 9 'specinterface' <Predicate = true> <Delay = 0.00>
ST_1 : Operation 10 [1/1] (0.00ns)   --->   "call void (...)* @_ssdm_op_SpecInterface(i8* %res_V_data_27_V, [8 x i8]* @ap_fifo_str, i32 0, i32 0, [1 x i8]* @p_str, i32 0, i32 0, [1 x i8]* @p_str, [1 x i8]* @p_str, [1 x i8]* @p_str, i32 2, i32 2, i32 16, i32 16, [1 x i8]* @p_str, [1 x i8]* @p_str)"   --->   Operation 10 'specinterface' <Predicate = true> <Delay = 0.00>
ST_1 : Operation 11 [1/1] (0.00ns)   --->   "call void (...)* @_ssdm_op_SpecInterface(i8* %res_V_data_26_V, [8 x i8]* @ap_fifo_str, i32 0, i32 0, [1 x i8]* @p_str, i32 0, i32 0, [1 x i8]* @p_str, [1 x i8]* @p_str, [1 x i8]* @p_str, i32 2, i32 2, i32 16, i32 16, [1 x i8]* @p_str, [1 x i8]* @p_str)"   --->   Operation 11 'specinterface' <Predicate = true> <Delay = 0.00>
ST_1 : Operation 12 [1/1] (0.00ns)   --->   "call void (...)* @_ssdm_op_SpecInterface(i8* %res_V_data_25_V, [8 x i8]* @ap_fifo_str, i32 0, i32 0, [1 x i8]* @p_str, i32 0, i32 0, [1 x i8]* @p_str, [1 x i8]* @p_str, [1 x i8]* @p_str, i32 2, i32 2, i32 16, i32 16, [1 x i8]* @p_str, [1 x i8]* @p_str)"   --->   Operation 12 'specinterface' <Predicate = true> <Delay = 0.00>
ST_1 : Operation 13 [1/1] (0.00ns)   --->   "call void (...)* @_ssdm_op_SpecInterface(i8* %res_V_data_24_V, [8 x i8]* @ap_fifo_str, i32 0, i32 0, [1 x i8]* @p_str, i32 0, i32 0, [1 x i8]* @p_str, [1 x i8]* @p_str, [1 x i8]* @p_str, i32 2, i32 2, i32 16, i32 16, [1 x i8]* @p_str, [1 x i8]* @p_str)"   --->   Operation 13 'specinterface' <Predicate = true> <Delay = 0.00>
ST_1 : Operation 14 [1/1] (0.00ns)   --->   "call void (...)* @_ssdm_op_SpecInterface(i8* %res_V_data_23_V, [8 x i8]* @ap_fifo_str, i32 0, i32 0, [1 x i8]* @p_str, i32 0, i32 0, [1 x i8]* @p_str, [1 x i8]* @p_str, [1 x i8]* @p_str, i32 2, i32 2, i32 16, i32 16, [1 x i8]* @p_str, [1 x i8]* @p_str)"   --->   Operation 14 'specinterface' <Predicate = true> <Delay = 0.00>
ST_1 : Operation 15 [1/1] (0.00ns)   --->   "call void (...)* @_ssdm_op_SpecInterface(i8* %res_V_data_22_V, [8 x i8]* @ap_fifo_str, i32 0, i32 0, [1 x i8]* @p_str, i32 0, i32 0, [1 x i8]* @p_str, [1 x i8]* @p_str, [1 x i8]* @p_str, i32 2, i32 2, i32 16, i32 16, [1 x i8]* @p_str, [1 x i8]* @p_str)"   --->   Operation 15 'specinterface' <Predicate = true> <Delay = 0.00>
ST_1 : Operation 16 [1/1] (0.00ns)   --->   "call void (...)* @_ssdm_op_SpecInterface(i8* %res_V_data_21_V, [8 x i8]* @ap_fifo_str, i32 0, i32 0, [1 x i8]* @p_str, i32 0, i32 0, [1 x i8]* @p_str, [1 x i8]* @p_str, [1 x i8]* @p_str, i32 2, i32 2, i32 16, i32 16, [1 x i8]* @p_str, [1 x i8]* @p_str)"   --->   Operation 16 'specinterface' <Predicate = true> <Delay = 0.00>
ST_1 : Operation 17 [1/1] (0.00ns)   --->   "call void (...)* @_ssdm_op_SpecInterface(i8* %res_V_data_20_V, [8 x i8]* @ap_fifo_str, i32 0, i32 0, [1 x i8]* @p_str, i32 0, i32 0, [1 x i8]* @p_str, [1 x i8]* @p_str, [1 x i8]* @p_str, i32 2, i32 2, i32 16, i32 16, [1 x i8]* @p_str, [1 x i8]* @p_str)"   --->   Operation 17 'specinterface' <Predicate = true> <Delay = 0.00>
ST_1 : Operation 18 [1/1] (0.00ns)   --->   "call void (...)* @_ssdm_op_SpecInterface(i8* %res_V_data_19_V, [8 x i8]* @ap_fifo_str, i32 0, i32 0, [1 x i8]* @p_str, i32 0, i32 0, [1 x i8]* @p_str, [1 x i8]* @p_str, [1 x i8]* @p_str, i32 2, i32 2, i32 16, i32 16, [1 x i8]* @p_str, [1 x i8]* @p_str)"   --->   Operation 18 'specinterface' <Predicate = true> <Delay = 0.00>
ST_1 : Operation 19 [1/1] (0.00ns)   --->   "call void (...)* @_ssdm_op_SpecInterface(i8* %res_V_data_18_V, [8 x i8]* @ap_fifo_str, i32 0, i32 0, [1 x i8]* @p_str, i32 0, i32 0, [1 x i8]* @p_str, [1 x i8]* @p_str, [1 x i8]* @p_str, i32 2, i32 2, i32 16, i32 16, [1 x i8]* @p_str, [1 x i8]* @p_str)"   --->   Operation 19 'specinterface' <Predicate = true> <Delay = 0.00>
ST_1 : Operation 20 [1/1] (0.00ns)   --->   "call void (...)* @_ssdm_op_SpecInterface(i8* %res_V_data_17_V, [8 x i8]* @ap_fifo_str, i32 0, i32 0, [1 x i8]* @p_str, i32 0, i32 0, [1 x i8]* @p_str, [1 x i8]* @p_str, [1 x i8]* @p_str, i32 2, i32 2, i32 16, i32 16, [1 x i8]* @p_str, [1 x i8]* @p_str)"   --->   Operation 20 'specinterface' <Predicate = true> <Delay = 0.00>
ST_1 : Operation 21 [1/1] (0.00ns)   --->   "call void (...)* @_ssdm_op_SpecInterface(i8* %res_V_data_16_V, [8 x i8]* @ap_fifo_str, i32 0, i32 0, [1 x i8]* @p_str, i32 0, i32 0, [1 x i8]* @p_str, [1 x i8]* @p_str, [1 x i8]* @p_str, i32 2, i32 2, i32 16, i32 16, [1 x i8]* @p_str, [1 x i8]* @p_str)"   --->   Operation 21 'specinterface' <Predicate = true> <Delay = 0.00>
ST_1 : Operation 22 [1/1] (0.00ns)   --->   "call void (...)* @_ssdm_op_SpecInterface(i8* %res_V_data_15_V, [8 x i8]* @ap_fifo_str, i32 0, i32 0, [1 x i8]* @p_str, i32 0, i32 0, [1 x i8]* @p_str, [1 x i8]* @p_str, [1 x i8]* @p_str, i32 2, i32 2, i32 16, i32 16, [1 x i8]* @p_str, [1 x i8]* @p_str)"   --->   Operation 22 'specinterface' <Predicate = true> <Delay = 0.00>
ST_1 : Operation 23 [1/1] (0.00ns)   --->   "call void (...)* @_ssdm_op_SpecInterface(i8* %res_V_data_14_V, [8 x i8]* @ap_fifo_str, i32 0, i32 0, [1 x i8]* @p_str, i32 0, i32 0, [1 x i8]* @p_str, [1 x i8]* @p_str, [1 x i8]* @p_str, i32 2, i32 2, i32 16, i32 16, [1 x i8]* @p_str, [1 x i8]* @p_str)"   --->   Operation 23 'specinterface' <Predicate = true> <Delay = 0.00>
ST_1 : Operation 24 [1/1] (0.00ns)   --->   "call void (...)* @_ssdm_op_SpecInterface(i8* %res_V_data_13_V, [8 x i8]* @ap_fifo_str, i32 0, i32 0, [1 x i8]* @p_str, i32 0, i32 0, [1 x i8]* @p_str, [1 x i8]* @p_str, [1 x i8]* @p_str, i32 2, i32 2, i32 16, i32 16, [1 x i8]* @p_str, [1 x i8]* @p_str)"   --->   Operation 24 'specinterface' <Predicate = true> <Delay = 0.00>
ST_1 : Operation 25 [1/1] (0.00ns)   --->   "call void (...)* @_ssdm_op_SpecInterface(i8* %res_V_data_12_V, [8 x i8]* @ap_fifo_str, i32 0, i32 0, [1 x i8]* @p_str, i32 0, i32 0, [1 x i8]* @p_str, [1 x i8]* @p_str, [1 x i8]* @p_str, i32 2, i32 2, i32 16, i32 16, [1 x i8]* @p_str, [1 x i8]* @p_str)"   --->   Operation 25 'specinterface' <Predicate = true> <Delay = 0.00>
ST_1 : Operation 26 [1/1] (0.00ns)   --->   "call void (...)* @_ssdm_op_SpecInterface(i8* %res_V_data_11_V, [8 x i8]* @ap_fifo_str, i32 0, i32 0, [1 x i8]* @p_str, i32 0, i32 0, [1 x i8]* @p_str, [1 x i8]* @p_str, [1 x i8]* @p_str, i32 2, i32 2, i32 16, i32 16, [1 x i8]* @p_str, [1 x i8]* @p_str)"   --->   Operation 26 'specinterface' <Predicate = true> <Delay = 0.00>
ST_1 : Operation 27 [1/1] (0.00ns)   --->   "call void (...)* @_ssdm_op_SpecInterface(i8* %res_V_data_10_V, [8 x i8]* @ap_fifo_str, i32 0, i32 0, [1 x i8]* @p_str, i32 0, i32 0, [1 x i8]* @p_str, [1 x i8]* @p_str, [1 x i8]* @p_str, i32 2, i32 2, i32 16, i32 16, [1 x i8]* @p_str, [1 x i8]* @p_str)"   --->   Operation 27 'specinterface' <Predicate = true> <Delay = 0.00>
ST_1 : Operation 28 [1/1] (0.00ns)   --->   "call void (...)* @_ssdm_op_SpecInterface(i8* %res_V_data_9_V, [8 x i8]* @ap_fifo_str, i32 0, i32 0, [1 x i8]* @p_str, i32 0, i32 0, [1 x i8]* @p_str, [1 x i8]* @p_str, [1 x i8]* @p_str, i32 2, i32 2, i32 16, i32 16, [1 x i8]* @p_str, [1 x i8]* @p_str)"   --->   Operation 28 'specinterface' <Predicate = true> <Delay = 0.00>
ST_1 : Operation 29 [1/1] (0.00ns)   --->   "call void (...)* @_ssdm_op_SpecInterface(i8* %res_V_data_8_V, [8 x i8]* @ap_fifo_str, i32 0, i32 0, [1 x i8]* @p_str, i32 0, i32 0, [1 x i8]* @p_str, [1 x i8]* @p_str, [1 x i8]* @p_str, i32 2, i32 2, i32 16, i32 16, [1 x i8]* @p_str, [1 x i8]* @p_str)"   --->   Operation 29 'specinterface' <Predicate = true> <Delay = 0.00>
ST_1 : Operation 30 [1/1] (0.00ns)   --->   "call void (...)* @_ssdm_op_SpecInterface(i8* %res_V_data_7_V, [8 x i8]* @ap_fifo_str, i32 0, i32 0, [1 x i8]* @p_str, i32 0, i32 0, [1 x i8]* @p_str, [1 x i8]* @p_str, [1 x i8]* @p_str, i32 2, i32 2, i32 16, i32 16, [1 x i8]* @p_str, [1 x i8]* @p_str)"   --->   Operation 30 'specinterface' <Predicate = true> <Delay = 0.00>
ST_1 : Operation 31 [1/1] (0.00ns)   --->   "call void (...)* @_ssdm_op_SpecInterface(i8* %res_V_data_6_V, [8 x i8]* @ap_fifo_str, i32 0, i32 0, [1 x i8]* @p_str, i32 0, i32 0, [1 x i8]* @p_str, [1 x i8]* @p_str, [1 x i8]* @p_str, i32 2, i32 2, i32 16, i32 16, [1 x i8]* @p_str, [1 x i8]* @p_str)"   --->   Operation 31 'specinterface' <Predicate = true> <Delay = 0.00>
ST_1 : Operation 32 [1/1] (0.00ns)   --->   "call void (...)* @_ssdm_op_SpecInterface(i8* %res_V_data_5_V, [8 x i8]* @ap_fifo_str, i32 0, i32 0, [1 x i8]* @p_str, i32 0, i32 0, [1 x i8]* @p_str, [1 x i8]* @p_str, [1 x i8]* @p_str, i32 2, i32 2, i32 16, i32 16, [1 x i8]* @p_str, [1 x i8]* @p_str)"   --->   Operation 32 'specinterface' <Predicate = true> <Delay = 0.00>
ST_1 : Operation 33 [1/1] (0.00ns)   --->   "call void (...)* @_ssdm_op_SpecInterface(i8* %res_V_data_4_V, [8 x i8]* @ap_fifo_str, i32 0, i32 0, [1 x i8]* @p_str, i32 0, i32 0, [1 x i8]* @p_str, [1 x i8]* @p_str, [1 x i8]* @p_str, i32 2, i32 2, i32 16, i32 16, [1 x i8]* @p_str, [1 x i8]* @p_str)"   --->   Operation 33 'specinterface' <Predicate = true> <Delay = 0.00>
ST_1 : Operation 34 [1/1] (0.00ns)   --->   "call void (...)* @_ssdm_op_SpecInterface(i8* %res_V_data_3_V, [8 x i8]* @ap_fifo_str, i32 0, i32 0, [1 x i8]* @p_str, i32 0, i32 0, [1 x i8]* @p_str, [1 x i8]* @p_str, [1 x i8]* @p_str, i32 2, i32 2, i32 16, i32 16, [1 x i8]* @p_str, [1 x i8]* @p_str)"   --->   Operation 34 'specinterface' <Predicate = true> <Delay = 0.00>
ST_1 : Operation 35 [1/1] (0.00ns)   --->   "call void (...)* @_ssdm_op_SpecInterface(i8* %res_V_data_2_V, [8 x i8]* @ap_fifo_str, i32 0, i32 0, [1 x i8]* @p_str, i32 0, i32 0, [1 x i8]* @p_str, [1 x i8]* @p_str, [1 x i8]* @p_str, i32 2, i32 2, i32 16, i32 16, [1 x i8]* @p_str, [1 x i8]* @p_str)"   --->   Operation 35 'specinterface' <Predicate = true> <Delay = 0.00>
ST_1 : Operation 36 [1/1] (0.00ns)   --->   "call void (...)* @_ssdm_op_SpecInterface(i8* %res_V_data_1_V, [8 x i8]* @ap_fifo_str, i32 0, i32 0, [1 x i8]* @p_str, i32 0, i32 0, [1 x i8]* @p_str, [1 x i8]* @p_str, [1 x i8]* @p_str, i32 2, i32 2, i32 16, i32 16, [1 x i8]* @p_str, [1 x i8]* @p_str)"   --->   Operation 36 'specinterface' <Predicate = true> <Delay = 0.00>
ST_1 : Operation 37 [1/1] (0.00ns)   --->   "call void (...)* @_ssdm_op_SpecInterface(i8* %res_V_data_0_V, [8 x i8]* @ap_fifo_str, i32 0, i32 0, [1 x i8]* @p_str, i32 0, i32 0, [1 x i8]* @p_str, [1 x i8]* @p_str, [1 x i8]* @p_str, i32 2, i32 2, i32 16, i32 16, [1 x i8]* @p_str, [1 x i8]* @p_str)"   --->   Operation 37 'specinterface' <Predicate = true> <Delay = 0.00>
ST_1 : Operation 38 [1/1] (0.00ns)   --->   "call void (...)* @_ssdm_op_SpecInterface(i8* %data_V_data_31_V, [8 x i8]* @ap_fifo_str, i32 0, i32 0, [1 x i8]* @p_str, i32 0, i32 0, [1 x i8]* @p_str, [1 x i8]* @p_str, [1 x i8]* @p_str, i32 2, i32 2, i32 16, i32 16, [1 x i8]* @p_str, [1 x i8]* @p_str)"   --->   Operation 38 'specinterface' <Predicate = true> <Delay = 0.00>
ST_1 : Operation 39 [1/1] (0.00ns)   --->   "call void (...)* @_ssdm_op_SpecInterface(i8* %data_V_data_30_V, [8 x i8]* @ap_fifo_str, i32 0, i32 0, [1 x i8]* @p_str, i32 0, i32 0, [1 x i8]* @p_str, [1 x i8]* @p_str, [1 x i8]* @p_str, i32 2, i32 2, i32 16, i32 16, [1 x i8]* @p_str, [1 x i8]* @p_str)"   --->   Operation 39 'specinterface' <Predicate = true> <Delay = 0.00>
ST_1 : Operation 40 [1/1] (0.00ns)   --->   "call void (...)* @_ssdm_op_SpecInterface(i8* %data_V_data_29_V, [8 x i8]* @ap_fifo_str, i32 0, i32 0, [1 x i8]* @p_str, i32 0, i32 0, [1 x i8]* @p_str, [1 x i8]* @p_str, [1 x i8]* @p_str, i32 2, i32 2, i32 16, i32 16, [1 x i8]* @p_str, [1 x i8]* @p_str)"   --->   Operation 40 'specinterface' <Predicate = true> <Delay = 0.00>
ST_1 : Operation 41 [1/1] (0.00ns)   --->   "call void (...)* @_ssdm_op_SpecInterface(i8* %data_V_data_28_V, [8 x i8]* @ap_fifo_str, i32 0, i32 0, [1 x i8]* @p_str, i32 0, i32 0, [1 x i8]* @p_str, [1 x i8]* @p_str, [1 x i8]* @p_str, i32 2, i32 2, i32 16, i32 16, [1 x i8]* @p_str, [1 x i8]* @p_str)"   --->   Operation 41 'specinterface' <Predicate = true> <Delay = 0.00>
ST_1 : Operation 42 [1/1] (0.00ns)   --->   "call void (...)* @_ssdm_op_SpecInterface(i8* %data_V_data_27_V, [8 x i8]* @ap_fifo_str, i32 0, i32 0, [1 x i8]* @p_str, i32 0, i32 0, [1 x i8]* @p_str, [1 x i8]* @p_str, [1 x i8]* @p_str, i32 2, i32 2, i32 16, i32 16, [1 x i8]* @p_str, [1 x i8]* @p_str)"   --->   Operation 42 'specinterface' <Predicate = true> <Delay = 0.00>
ST_1 : Operation 43 [1/1] (0.00ns)   --->   "call void (...)* @_ssdm_op_SpecInterface(i8* %data_V_data_26_V, [8 x i8]* @ap_fifo_str, i32 0, i32 0, [1 x i8]* @p_str, i32 0, i32 0, [1 x i8]* @p_str, [1 x i8]* @p_str, [1 x i8]* @p_str, i32 2, i32 2, i32 16, i32 16, [1 x i8]* @p_str, [1 x i8]* @p_str)"   --->   Operation 43 'specinterface' <Predicate = true> <Delay = 0.00>
ST_1 : Operation 44 [1/1] (0.00ns)   --->   "call void (...)* @_ssdm_op_SpecInterface(i8* %data_V_data_25_V, [8 x i8]* @ap_fifo_str, i32 0, i32 0, [1 x i8]* @p_str, i32 0, i32 0, [1 x i8]* @p_str, [1 x i8]* @p_str, [1 x i8]* @p_str, i32 2, i32 2, i32 16, i32 16, [1 x i8]* @p_str, [1 x i8]* @p_str)"   --->   Operation 44 'specinterface' <Predicate = true> <Delay = 0.00>
ST_1 : Operation 45 [1/1] (0.00ns)   --->   "call void (...)* @_ssdm_op_SpecInterface(i8* %data_V_data_24_V, [8 x i8]* @ap_fifo_str, i32 0, i32 0, [1 x i8]* @p_str, i32 0, i32 0, [1 x i8]* @p_str, [1 x i8]* @p_str, [1 x i8]* @p_str, i32 2, i32 2, i32 16, i32 16, [1 x i8]* @p_str, [1 x i8]* @p_str)"   --->   Operation 45 'specinterface' <Predicate = true> <Delay = 0.00>
ST_1 : Operation 46 [1/1] (0.00ns)   --->   "call void (...)* @_ssdm_op_SpecInterface(i8* %data_V_data_23_V, [8 x i8]* @ap_fifo_str, i32 0, i32 0, [1 x i8]* @p_str, i32 0, i32 0, [1 x i8]* @p_str, [1 x i8]* @p_str, [1 x i8]* @p_str, i32 2, i32 2, i32 16, i32 16, [1 x i8]* @p_str, [1 x i8]* @p_str)"   --->   Operation 46 'specinterface' <Predicate = true> <Delay = 0.00>
ST_1 : Operation 47 [1/1] (0.00ns)   --->   "call void (...)* @_ssdm_op_SpecInterface(i8* %data_V_data_22_V, [8 x i8]* @ap_fifo_str, i32 0, i32 0, [1 x i8]* @p_str, i32 0, i32 0, [1 x i8]* @p_str, [1 x i8]* @p_str, [1 x i8]* @p_str, i32 2, i32 2, i32 16, i32 16, [1 x i8]* @p_str, [1 x i8]* @p_str)"   --->   Operation 47 'specinterface' <Predicate = true> <Delay = 0.00>
ST_1 : Operation 48 [1/1] (0.00ns)   --->   "call void (...)* @_ssdm_op_SpecInterface(i8* %data_V_data_21_V, [8 x i8]* @ap_fifo_str, i32 0, i32 0, [1 x i8]* @p_str, i32 0, i32 0, [1 x i8]* @p_str, [1 x i8]* @p_str, [1 x i8]* @p_str, i32 2, i32 2, i32 16, i32 16, [1 x i8]* @p_str, [1 x i8]* @p_str)"   --->   Operation 48 'specinterface' <Predicate = true> <Delay = 0.00>
ST_1 : Operation 49 [1/1] (0.00ns)   --->   "call void (...)* @_ssdm_op_SpecInterface(i8* %data_V_data_20_V, [8 x i8]* @ap_fifo_str, i32 0, i32 0, [1 x i8]* @p_str, i32 0, i32 0, [1 x i8]* @p_str, [1 x i8]* @p_str, [1 x i8]* @p_str, i32 2, i32 2, i32 16, i32 16, [1 x i8]* @p_str, [1 x i8]* @p_str)"   --->   Operation 49 'specinterface' <Predicate = true> <Delay = 0.00>
ST_1 : Operation 50 [1/1] (0.00ns)   --->   "call void (...)* @_ssdm_op_SpecInterface(i8* %data_V_data_19_V, [8 x i8]* @ap_fifo_str, i32 0, i32 0, [1 x i8]* @p_str, i32 0, i32 0, [1 x i8]* @p_str, [1 x i8]* @p_str, [1 x i8]* @p_str, i32 2, i32 2, i32 16, i32 16, [1 x i8]* @p_str, [1 x i8]* @p_str)"   --->   Operation 50 'specinterface' <Predicate = true> <Delay = 0.00>
ST_1 : Operation 51 [1/1] (0.00ns)   --->   "call void (...)* @_ssdm_op_SpecInterface(i8* %data_V_data_18_V, [8 x i8]* @ap_fifo_str, i32 0, i32 0, [1 x i8]* @p_str, i32 0, i32 0, [1 x i8]* @p_str, [1 x i8]* @p_str, [1 x i8]* @p_str, i32 2, i32 2, i32 16, i32 16, [1 x i8]* @p_str, [1 x i8]* @p_str)"   --->   Operation 51 'specinterface' <Predicate = true> <Delay = 0.00>
ST_1 : Operation 52 [1/1] (0.00ns)   --->   "call void (...)* @_ssdm_op_SpecInterface(i8* %data_V_data_17_V, [8 x i8]* @ap_fifo_str, i32 0, i32 0, [1 x i8]* @p_str, i32 0, i32 0, [1 x i8]* @p_str, [1 x i8]* @p_str, [1 x i8]* @p_str, i32 2, i32 2, i32 16, i32 16, [1 x i8]* @p_str, [1 x i8]* @p_str)"   --->   Operation 52 'specinterface' <Predicate = true> <Delay = 0.00>
ST_1 : Operation 53 [1/1] (0.00ns)   --->   "call void (...)* @_ssdm_op_SpecInterface(i8* %data_V_data_16_V, [8 x i8]* @ap_fifo_str, i32 0, i32 0, [1 x i8]* @p_str, i32 0, i32 0, [1 x i8]* @p_str, [1 x i8]* @p_str, [1 x i8]* @p_str, i32 2, i32 2, i32 16, i32 16, [1 x i8]* @p_str, [1 x i8]* @p_str)"   --->   Operation 53 'specinterface' <Predicate = true> <Delay = 0.00>
ST_1 : Operation 54 [1/1] (0.00ns)   --->   "call void (...)* @_ssdm_op_SpecInterface(i8* %data_V_data_15_V, [8 x i8]* @ap_fifo_str, i32 0, i32 0, [1 x i8]* @p_str, i32 0, i32 0, [1 x i8]* @p_str, [1 x i8]* @p_str, [1 x i8]* @p_str, i32 2, i32 2, i32 16, i32 16, [1 x i8]* @p_str, [1 x i8]* @p_str)"   --->   Operation 54 'specinterface' <Predicate = true> <Delay = 0.00>
ST_1 : Operation 55 [1/1] (0.00ns)   --->   "call void (...)* @_ssdm_op_SpecInterface(i8* %data_V_data_14_V, [8 x i8]* @ap_fifo_str, i32 0, i32 0, [1 x i8]* @p_str, i32 0, i32 0, [1 x i8]* @p_str, [1 x i8]* @p_str, [1 x i8]* @p_str, i32 2, i32 2, i32 16, i32 16, [1 x i8]* @p_str, [1 x i8]* @p_str)"   --->   Operation 55 'specinterface' <Predicate = true> <Delay = 0.00>
ST_1 : Operation 56 [1/1] (0.00ns)   --->   "call void (...)* @_ssdm_op_SpecInterface(i8* %data_V_data_13_V, [8 x i8]* @ap_fifo_str, i32 0, i32 0, [1 x i8]* @p_str, i32 0, i32 0, [1 x i8]* @p_str, [1 x i8]* @p_str, [1 x i8]* @p_str, i32 2, i32 2, i32 16, i32 16, [1 x i8]* @p_str, [1 x i8]* @p_str)"   --->   Operation 56 'specinterface' <Predicate = true> <Delay = 0.00>
ST_1 : Operation 57 [1/1] (0.00ns)   --->   "call void (...)* @_ssdm_op_SpecInterface(i8* %data_V_data_12_V, [8 x i8]* @ap_fifo_str, i32 0, i32 0, [1 x i8]* @p_str, i32 0, i32 0, [1 x i8]* @p_str, [1 x i8]* @p_str, [1 x i8]* @p_str, i32 2, i32 2, i32 16, i32 16, [1 x i8]* @p_str, [1 x i8]* @p_str)"   --->   Operation 57 'specinterface' <Predicate = true> <Delay = 0.00>
ST_1 : Operation 58 [1/1] (0.00ns)   --->   "call void (...)* @_ssdm_op_SpecInterface(i8* %data_V_data_11_V, [8 x i8]* @ap_fifo_str, i32 0, i32 0, [1 x i8]* @p_str, i32 0, i32 0, [1 x i8]* @p_str, [1 x i8]* @p_str, [1 x i8]* @p_str, i32 2, i32 2, i32 16, i32 16, [1 x i8]* @p_str, [1 x i8]* @p_str)"   --->   Operation 58 'specinterface' <Predicate = true> <Delay = 0.00>
ST_1 : Operation 59 [1/1] (0.00ns)   --->   "call void (...)* @_ssdm_op_SpecInterface(i8* %data_V_data_10_V, [8 x i8]* @ap_fifo_str, i32 0, i32 0, [1 x i8]* @p_str, i32 0, i32 0, [1 x i8]* @p_str, [1 x i8]* @p_str, [1 x i8]* @p_str, i32 2, i32 2, i32 16, i32 16, [1 x i8]* @p_str, [1 x i8]* @p_str)"   --->   Operation 59 'specinterface' <Predicate = true> <Delay = 0.00>
ST_1 : Operation 60 [1/1] (0.00ns)   --->   "call void (...)* @_ssdm_op_SpecInterface(i8* %data_V_data_9_V, [8 x i8]* @ap_fifo_str, i32 0, i32 0, [1 x i8]* @p_str, i32 0, i32 0, [1 x i8]* @p_str, [1 x i8]* @p_str, [1 x i8]* @p_str, i32 2, i32 2, i32 16, i32 16, [1 x i8]* @p_str, [1 x i8]* @p_str)"   --->   Operation 60 'specinterface' <Predicate = true> <Delay = 0.00>
ST_1 : Operation 61 [1/1] (0.00ns)   --->   "call void (...)* @_ssdm_op_SpecInterface(i8* %data_V_data_8_V, [8 x i8]* @ap_fifo_str, i32 0, i32 0, [1 x i8]* @p_str, i32 0, i32 0, [1 x i8]* @p_str, [1 x i8]* @p_str, [1 x i8]* @p_str, i32 2, i32 2, i32 16, i32 16, [1 x i8]* @p_str, [1 x i8]* @p_str)"   --->   Operation 61 'specinterface' <Predicate = true> <Delay = 0.00>
ST_1 : Operation 62 [1/1] (0.00ns)   --->   "call void (...)* @_ssdm_op_SpecInterface(i8* %data_V_data_7_V, [8 x i8]* @ap_fifo_str, i32 0, i32 0, [1 x i8]* @p_str, i32 0, i32 0, [1 x i8]* @p_str, [1 x i8]* @p_str, [1 x i8]* @p_str, i32 2, i32 2, i32 16, i32 16, [1 x i8]* @p_str, [1 x i8]* @p_str)"   --->   Operation 62 'specinterface' <Predicate = true> <Delay = 0.00>
ST_1 : Operation 63 [1/1] (0.00ns)   --->   "call void (...)* @_ssdm_op_SpecInterface(i8* %data_V_data_6_V, [8 x i8]* @ap_fifo_str, i32 0, i32 0, [1 x i8]* @p_str, i32 0, i32 0, [1 x i8]* @p_str, [1 x i8]* @p_str, [1 x i8]* @p_str, i32 2, i32 2, i32 16, i32 16, [1 x i8]* @p_str, [1 x i8]* @p_str)"   --->   Operation 63 'specinterface' <Predicate = true> <Delay = 0.00>
ST_1 : Operation 64 [1/1] (0.00ns)   --->   "call void (...)* @_ssdm_op_SpecInterface(i8* %data_V_data_5_V, [8 x i8]* @ap_fifo_str, i32 0, i32 0, [1 x i8]* @p_str, i32 0, i32 0, [1 x i8]* @p_str, [1 x i8]* @p_str, [1 x i8]* @p_str, i32 2, i32 2, i32 16, i32 16, [1 x i8]* @p_str, [1 x i8]* @p_str)"   --->   Operation 64 'specinterface' <Predicate = true> <Delay = 0.00>
ST_1 : Operation 65 [1/1] (0.00ns)   --->   "call void (...)* @_ssdm_op_SpecInterface(i8* %data_V_data_4_V, [8 x i8]* @ap_fifo_str, i32 0, i32 0, [1 x i8]* @p_str, i32 0, i32 0, [1 x i8]* @p_str, [1 x i8]* @p_str, [1 x i8]* @p_str, i32 2, i32 2, i32 16, i32 16, [1 x i8]* @p_str, [1 x i8]* @p_str)"   --->   Operation 65 'specinterface' <Predicate = true> <Delay = 0.00>
ST_1 : Operation 66 [1/1] (0.00ns)   --->   "call void (...)* @_ssdm_op_SpecInterface(i8* %data_V_data_3_V, [8 x i8]* @ap_fifo_str, i32 0, i32 0, [1 x i8]* @p_str, i32 0, i32 0, [1 x i8]* @p_str, [1 x i8]* @p_str, [1 x i8]* @p_str, i32 2, i32 2, i32 16, i32 16, [1 x i8]* @p_str, [1 x i8]* @p_str)"   --->   Operation 66 'specinterface' <Predicate = true> <Delay = 0.00>
ST_1 : Operation 67 [1/1] (0.00ns)   --->   "call void (...)* @_ssdm_op_SpecInterface(i8* %data_V_data_2_V, [8 x i8]* @ap_fifo_str, i32 0, i32 0, [1 x i8]* @p_str, i32 0, i32 0, [1 x i8]* @p_str, [1 x i8]* @p_str, [1 x i8]* @p_str, i32 2, i32 2, i32 16, i32 16, [1 x i8]* @p_str, [1 x i8]* @p_str)"   --->   Operation 67 'specinterface' <Predicate = true> <Delay = 0.00>
ST_1 : Operation 68 [1/1] (0.00ns)   --->   "call void (...)* @_ssdm_op_SpecInterface(i8* %data_V_data_1_V, [8 x i8]* @ap_fifo_str, i32 0, i32 0, [1 x i8]* @p_str, i32 0, i32 0, [1 x i8]* @p_str, [1 x i8]* @p_str, [1 x i8]* @p_str, i32 2, i32 2, i32 16, i32 16, [1 x i8]* @p_str, [1 x i8]* @p_str)"   --->   Operation 68 'specinterface' <Predicate = true> <Delay = 0.00>
ST_1 : Operation 69 [1/1] (0.00ns)   --->   "call void (...)* @_ssdm_op_SpecInterface(i8* %data_V_data_0_V, [8 x i8]* @ap_fifo_str, i32 0, i32 0, [1 x i8]* @p_str, i32 0, i32 0, [1 x i8]* @p_str, [1 x i8]* @p_str, [1 x i8]* @p_str, i32 2, i32 2, i32 16, i32 16, [1 x i8]* @p_str, [1 x i8]* @p_str)"   --->   Operation 69 'specinterface' <Predicate = true> <Delay = 0.00>
ST_1 : Operation 70 [1/1] (0.00ns)   --->   "call void (...)* @_ssdm_op_SpecLoopName([7 x i8]* @p_str51) nounwind" [firmware/nnet_utils/nnet_padding_stream.h:51]   --->   Operation 70 'specloopname' <Predicate = true> <Delay = 0.00>
ST_1 : Operation 71 [1/1] (0.00ns)   --->   "%tmp = call i32 (...)* @_ssdm_op_SpecRegionBegin([7 x i8]* @p_str51)" [firmware/nnet_utils/nnet_padding_stream.h:51]   --->   Operation 71 'specregionbegin' 'tmp' <Predicate = true> <Delay = 0.00>
ST_1 : Operation 72 [1/1] (1.76ns)   --->   "br label %0" [firmware/nnet_utils/nnet_padding_stream.h:53]   --->   Operation 72 'br' <Predicate = true> <Delay = 1.76>

State 2 <SV = 1> <Delay = 3.63>
ST_2 : Operation 73 [1/1] (0.00ns)   --->   "%j_0 = phi i4 [ 0, %PadTop_begin ], [ %j, %_ZrsILi32ELb0EEN11ap_int_baseIXT_EXT0_EE5RTypeIXT_EXT0_EE4arg1ERKS1_i.exit2.i.i.i.i.i49.0 ]"   --->   Operation 73 'phi' 'j_0' <Predicate = true> <Delay = 0.00>
ST_2 : Operation 74 [1/1] (1.30ns)   --->   "%icmp_ln53 = icmp eq i4 %j_0, -6" [firmware/nnet_utils/nnet_padding_stream.h:53]   --->   Operation 74 'icmp' 'icmp_ln53' <Predicate = true> <Delay = 1.30> <Core = "Cmp">   --->   Core 25 'Cmp' <Latency = 0> <II = 1> <Delay = 1.30> <FuncUnit> <Opcode : 'icmp'> <InPorts = 2> <OutPorts = 1>
ST_2 : Operation 75 [1/1] (0.00ns)   --->   "%empty = call i32 (...)* @_ssdm_op_SpecLoopTripCount(i64 10, i64 10, i64 10)"   --->   Operation 75 'speclooptripcount' 'empty' <Predicate = true> <Delay = 0.00>
ST_2 : Operation 76 [1/1] (1.73ns)   --->   "%j = add i4 %j_0, 1" [firmware/nnet_utils/nnet_padding_stream.h:53]   --->   Operation 76 'add' 'j' <Predicate = true> <Delay = 1.73> <Core = "AddSub">   --->   Core 14 'AddSub' <Latency = 0> <II = 1> <Delay = 1.73> <FuncUnit> <Opcode : 'add' 'sub'> <InPorts = 2> <OutPorts = 1>
ST_2 : Operation 77 [1/1] (0.00ns)   --->   "br i1 %icmp_ln53, label %PadTop_end, label %_ZrsILi32ELb0EEN11ap_int_baseIXT_EXT0_EE5RTypeIXT_EXT0_EE4arg1ERKS1_i.exit2.i.i.i.i.i49.0" [firmware/nnet_utils/nnet_padding_stream.h:53]   --->   Operation 77 'br' <Predicate = true> <Delay = 0.00>
ST_2 : Operation 78 [1/1] (0.00ns)   --->   "call void (...)* @_ssdm_op_SpecLoopName([12 x i8]* @p_str52) nounwind" [firmware/nnet_utils/nnet_padding_stream.h:53]   --->   Operation 78 'specloopname' <Predicate = (!icmp_ln53)> <Delay = 0.00>
ST_2 : Operation 79 [1/1] (3.63ns)   --->   "call void @_ssdm_op_Write.ap_fifo.volatile.i8P.i8P.i8P.i8P.i8P.i8P.i8P.i8P.i8P.i8P.i8P.i8P.i8P.i8P.i8P.i8P.i8P.i8P.i8P.i8P.i8P.i8P.i8P.i8P.i8P.i8P.i8P.i8P.i8P.i8P.i8P.i8P(i8* %res_V_data_0_V, i8* %res_V_data_1_V, i8* %res_V_data_2_V, i8* %res_V_data_3_V, i8* %res_V_data_4_V, i8* %res_V_data_5_V, i8* %res_V_data_6_V, i8* %res_V_data_7_V, i8* %res_V_data_8_V, i8* %res_V_data_9_V, i8* %res_V_data_10_V, i8* %res_V_data_11_V, i8* %res_V_data_12_V, i8* %res_V_data_13_V, i8* %res_V_data_14_V, i8* %res_V_data_15_V, i8* %res_V_data_16_V, i8* %res_V_data_17_V, i8* %res_V_data_18_V, i8* %res_V_data_19_V, i8* %res_V_data_20_V, i8* %res_V_data_21_V, i8* %res_V_data_22_V, i8* %res_V_data_23_V, i8* %res_V_data_24_V, i8* %res_V_data_25_V, i8* %res_V_data_26_V, i8* %res_V_data_27_V, i8* %res_V_data_28_V, i8* %res_V_data_29_V, i8* %res_V_data_30_V, i8* %res_V_data_31_V, i8 0, i8 0, i8 0, i8 0, i8 0, i8 0, i8 0, i8 0, i8 0, i8 0, i8 0, i8 0, i8 0, i8 0, i8 0, i8 0, i8 0, i8 0, i8 0, i8 0, i8 0, i8 0, i8 0, i8 0, i8 0, i8 0, i8 0, i8 0, i8 0, i8 0, i8 0, i8 0)" [firmware/nnet_utils/nnet_padding_stream.h:15->firmware/nnet_utils/nnet_padding_stream.h:54]   --->   Operation 79 'write' <Predicate = (!icmp_ln53)> <Delay = 3.63> <Core = "FIFO">   --->   Core 32 'FIFO' <Latency = 0> <II = 1> <Delay = 3.63> <Storage> <Opcode : 'read' 'write' 'nbread' 'nbwrite'> <Ports = 0> <Width = 8> <Depth = 1> <FIFO>
ST_2 : Operation 80 [1/1] (0.00ns)   --->   "br label %0" [firmware/nnet_utils/nnet_padding_stream.h:53]   --->   Operation 80 'br' <Predicate = (!icmp_ln53)> <Delay = 0.00>
ST_2 : Operation 81 [1/1] (0.00ns)   --->   "%empty_30 = call i32 (...)* @_ssdm_op_SpecRegionEnd([7 x i8]* @p_str51, i32 %tmp)" [firmware/nnet_utils/nnet_padding_stream.h:56]   --->   Operation 81 'specregionend' 'empty_30' <Predicate = (icmp_ln53)> <Delay = 0.00>
ST_2 : Operation 82 [1/1] (1.76ns)   --->   "br label %.preheader3" [firmware/nnet_utils/nnet_padding_stream.h:59]   --->   Operation 82 'br' <Predicate = (icmp_ln53)> <Delay = 1.76>

State 3 <SV = 2> <Delay = 3.63>
ST_3 : Operation 83 [1/1] (0.00ns)   --->   "%i1_0 = phi i4 [ %i, %PadMain_end ], [ 0, %PadTop_end ]"   --->   Operation 83 'phi' 'i1_0' <Predicate = true> <Delay = 0.00>
ST_3 : Operation 84 [1/1] (1.30ns)   --->   "%icmp_ln59 = icmp eq i4 %i1_0, -8" [firmware/nnet_utils/nnet_padding_stream.h:59]   --->   Operation 84 'icmp' 'icmp_ln59' <Predicate = true> <Delay = 1.30> <Core = "Cmp">   --->   Core 25 'Cmp' <Latency = 0> <II = 1> <Delay = 1.30> <FuncUnit> <Opcode : 'icmp'> <InPorts = 2> <OutPorts = 1>
ST_3 : Operation 85 [1/1] (0.00ns)   --->   "%empty_31 = call i32 (...)* @_ssdm_op_SpecLoopTripCount(i64 8, i64 8, i64 8)"   --->   Operation 85 'speclooptripcount' 'empty_31' <Predicate = true> <Delay = 0.00>
ST_3 : Operation 86 [1/1] (1.73ns)   --->   "%i = add i4 %i1_0, 1" [firmware/nnet_utils/nnet_padding_stream.h:59]   --->   Operation 86 'add' 'i' <Predicate = true> <Delay = 1.73> <Core = "AddSub">   --->   Core 14 'AddSub' <Latency = 0> <II = 1> <Delay = 1.73> <FuncUnit> <Opcode : 'add' 'sub'> <InPorts = 2> <OutPorts = 1>
ST_3 : Operation 87 [1/1] (0.00ns)   --->   "br i1 %icmp_ln59, label %PadBottom_begin, label %PadMain_begin" [firmware/nnet_utils/nnet_padding_stream.h:59]   --->   Operation 87 'br' <Predicate = true> <Delay = 0.00>
ST_3 : Operation 88 [1/1] (0.00ns)   --->   "call void (...)* @_ssdm_op_SpecLoopName([8 x i8]* @p_str53) nounwind" [firmware/nnet_utils/nnet_padding_stream.h:59]   --->   Operation 88 'specloopname' <Predicate = (!icmp_ln59)> <Delay = 0.00>
ST_3 : Operation 89 [1/1] (0.00ns)   --->   "%tmp_4 = call i32 (...)* @_ssdm_op_SpecRegionBegin([8 x i8]* @p_str53)" [firmware/nnet_utils/nnet_padding_stream.h:59]   --->   Operation 89 'specregionbegin' 'tmp_4' <Predicate = (!icmp_ln59)> <Delay = 0.00>
ST_3 : Operation 90 [1/1] (0.00ns)   --->   "call void (...)* @_ssdm_op_SpecLoopName([8 x i8]* @p_str54) nounwind" [firmware/nnet_utils/nnet_padding_stream.h:61]   --->   Operation 90 'specloopname' <Predicate = (!icmp_ln59)> <Delay = 0.00>
ST_3 : Operation 91 [1/1] (3.63ns)   --->   "call void @_ssdm_op_Write.ap_fifo.volatile.i8P.i8P.i8P.i8P.i8P.i8P.i8P.i8P.i8P.i8P.i8P.i8P.i8P.i8P.i8P.i8P.i8P.i8P.i8P.i8P.i8P.i8P.i8P.i8P.i8P.i8P.i8P.i8P.i8P.i8P.i8P.i8P(i8* %res_V_data_0_V, i8* %res_V_data_1_V, i8* %res_V_data_2_V, i8* %res_V_data_3_V, i8* %res_V_data_4_V, i8* %res_V_data_5_V, i8* %res_V_data_6_V, i8* %res_V_data_7_V, i8* %res_V_data_8_V, i8* %res_V_data_9_V, i8* %res_V_data_10_V, i8* %res_V_data_11_V, i8* %res_V_data_12_V, i8* %res_V_data_13_V, i8* %res_V_data_14_V, i8* %res_V_data_15_V, i8* %res_V_data_16_V, i8* %res_V_data_17_V, i8* %res_V_data_18_V, i8* %res_V_data_19_V, i8* %res_V_data_20_V, i8* %res_V_data_21_V, i8* %res_V_data_22_V, i8* %res_V_data_23_V, i8* %res_V_data_24_V, i8* %res_V_data_25_V, i8* %res_V_data_26_V, i8* %res_V_data_27_V, i8* %res_V_data_28_V, i8* %res_V_data_29_V, i8* %res_V_data_30_V, i8* %res_V_data_31_V, i8 0, i8 0, i8 0, i8 0, i8 0, i8 0, i8 0, i8 0, i8 0, i8 0, i8 0, i8 0, i8 0, i8 0, i8 0, i8 0, i8 0, i8 0, i8 0, i8 0, i8 0, i8 0, i8 0, i8 0, i8 0, i8 0, i8 0, i8 0, i8 0, i8 0, i8 0, i8 0)" [firmware/nnet_utils/nnet_padding_stream.h:15->firmware/nnet_utils/nnet_padding_stream.h:62]   --->   Operation 91 'write' <Predicate = (!icmp_ln59)> <Delay = 3.63> <Core = "FIFO">   --->   Core 32 'FIFO' <Latency = 0> <II = 1> <Delay = 3.63> <Storage> <Opcode : 'read' 'write' 'nbread' 'nbwrite'> <Ports = 0> <Width = 8> <Depth = 1> <FIFO>
ST_3 : Operation 92 [1/1] (1.76ns)   --->   "br label %.preheader2" [firmware/nnet_utils/nnet_padding_stream.h:65]   --->   Operation 92 'br' <Predicate = (!icmp_ln59)> <Delay = 1.76>
ST_3 : Operation 93 [1/1] (0.00ns)   --->   "call void (...)* @_ssdm_op_SpecLoopName([10 x i8]* @p_str57) nounwind" [firmware/nnet_utils/nnet_padding_stream.h:75]   --->   Operation 93 'specloopname' <Predicate = (icmp_ln59)> <Delay = 0.00>
ST_3 : Operation 94 [1/1] (0.00ns)   --->   "%tmp_3 = call i32 (...)* @_ssdm_op_SpecRegionBegin([10 x i8]* @p_str57)" [firmware/nnet_utils/nnet_padding_stream.h:75]   --->   Operation 94 'specregionbegin' 'tmp_3' <Predicate = (icmp_ln59)> <Delay = 0.00>
ST_3 : Operation 95 [1/1] (1.76ns)   --->   "br label %1" [firmware/nnet_utils/nnet_padding_stream.h:77]   --->   Operation 95 'br' <Predicate = (icmp_ln59)> <Delay = 1.76>

State 4 <SV = 3> <Delay = 7.26>
ST_4 : Operation 96 [1/1] (0.00ns)   --->   "%j3_0 = phi i4 [ %j_4, %"fill_data<array<ap_fixed<8, 4, 0, 0, 0>, 32u>, array<ap_fixed<8, 4, 0, 0, 0>, 32u>, config14>.exit" ], [ 0, %PadMain_begin ]"   --->   Operation 96 'phi' 'j3_0' <Predicate = true> <Delay = 0.00>
ST_4 : Operation 97 [1/1] (1.30ns)   --->   "%icmp_ln65 = icmp eq i4 %j3_0, -8" [firmware/nnet_utils/nnet_padding_stream.h:65]   --->   Operation 97 'icmp' 'icmp_ln65' <Predicate = true> <Delay = 1.30> <Core = "Cmp">   --->   Core 25 'Cmp' <Latency = 0> <II = 1> <Delay = 1.30> <FuncUnit> <Opcode : 'icmp'> <InPorts = 2> <OutPorts = 1>
ST_4 : Operation 98 [1/1] (0.00ns)   --->   "%empty_32 = call i32 (...)* @_ssdm_op_SpecLoopTripCount(i64 8, i64 8, i64 8)"   --->   Operation 98 'speclooptripcount' 'empty_32' <Predicate = true> <Delay = 0.00>
ST_4 : Operation 99 [1/1] (1.73ns)   --->   "%j_4 = add i4 %j3_0, 1" [firmware/nnet_utils/nnet_padding_stream.h:65]   --->   Operation 99 'add' 'j_4' <Predicate = true> <Delay = 1.73> <Core = "AddSub">   --->   Core 14 'AddSub' <Latency = 0> <II = 1> <Delay = 1.73> <FuncUnit> <Opcode : 'add' 'sub'> <InPorts = 2> <OutPorts = 1>
ST_4 : Operation 100 [1/1] (0.00ns)   --->   "br i1 %icmp_ln65, label %PadMain_end, label %"fill_data<array<ap_fixed<8, 4, 0, 0, 0>, 32u>, array<ap_fixed<8, 4, 0, 0, 0>, 32u>, config14>.exit"" [firmware/nnet_utils/nnet_padding_stream.h:65]   --->   Operation 100 'br' <Predicate = true> <Delay = 0.00>
ST_4 : Operation 101 [1/1] (0.00ns)   --->   "call void (...)* @_ssdm_op_SpecLoopName([9 x i8]* @p_str55) nounwind" [firmware/nnet_utils/nnet_padding_stream.h:65]   --->   Operation 101 'specloopname' <Predicate = (!icmp_ln65)> <Delay = 0.00>
ST_4 : Operation 102 [1/1] (3.63ns)   --->   "%empty_33 = call { i8, i8, i8, i8, i8, i8, i8, i8, i8, i8, i8, i8, i8, i8, i8, i8, i8, i8, i8, i8, i8, i8, i8, i8, i8, i8, i8, i8, i8, i8, i8, i8 } @_ssdm_op_Read.ap_fifo.volatile.i8P.i8P.i8P.i8P.i8P.i8P.i8P.i8P.i8P.i8P.i8P.i8P.i8P.i8P.i8P.i8P.i8P.i8P.i8P.i8P.i8P.i8P.i8P.i8P.i8P.i8P.i8P.i8P.i8P.i8P.i8P.i8P(i8* %data_V_data_0_V, i8* %data_V_data_1_V, i8* %data_V_data_2_V, i8* %data_V_data_3_V, i8* %data_V_data_4_V, i8* %data_V_data_5_V, i8* %data_V_data_6_V, i8* %data_V_data_7_V, i8* %data_V_data_8_V, i8* %data_V_data_9_V, i8* %data_V_data_10_V, i8* %data_V_data_11_V, i8* %data_V_data_12_V, i8* %data_V_data_13_V, i8* %data_V_data_14_V, i8* %data_V_data_15_V, i8* %data_V_data_16_V, i8* %data_V_data_17_V, i8* %data_V_data_18_V, i8* %data_V_data_19_V, i8* %data_V_data_20_V, i8* %data_V_data_21_V, i8* %data_V_data_22_V, i8* %data_V_data_23_V, i8* %data_V_data_24_V, i8* %data_V_data_25_V, i8* %data_V_data_26_V, i8* %data_V_data_27_V, i8* %data_V_data_28_V, i8* %data_V_data_29_V, i8* %data_V_data_30_V, i8* %data_V_data_31_V)" [firmware/nnet_utils/nnet_padding_stream.h:20->firmware/nnet_utils/nnet_padding_stream.h:66]   --->   Operation 102 'read' 'empty_33' <Predicate = (!icmp_ln65)> <Delay = 3.63> <Core = "FIFO">   --->   Core 32 'FIFO' <Latency = 0> <II = 1> <Delay = 3.63> <Storage> <Opcode : 'read' 'write' 'nbread' 'nbwrite'> <Ports = 0> <Width = 8> <Depth = 1> <FIFO>
ST_4 : Operation 103 [1/1] (0.00ns)   --->   "%tmp_data_0_V = extractvalue { i8, i8, i8, i8, i8, i8, i8, i8, i8, i8, i8, i8, i8, i8, i8, i8, i8, i8, i8, i8, i8, i8, i8, i8, i8, i8, i8, i8, i8, i8, i8, i8 } %empty_33, 0" [firmware/nnet_utils/nnet_padding_stream.h:20->firmware/nnet_utils/nnet_padding_stream.h:66]   --->   Operation 103 'extractvalue' 'tmp_data_0_V' <Predicate = (!icmp_ln65)> <Delay = 0.00>
ST_4 : Operation 104 [1/1] (0.00ns)   --->   "%tmp_data_1_V = extractvalue { i8, i8, i8, i8, i8, i8, i8, i8, i8, i8, i8, i8, i8, i8, i8, i8, i8, i8, i8, i8, i8, i8, i8, i8, i8, i8, i8, i8, i8, i8, i8, i8 } %empty_33, 1" [firmware/nnet_utils/nnet_padding_stream.h:20->firmware/nnet_utils/nnet_padding_stream.h:66]   --->   Operation 104 'extractvalue' 'tmp_data_1_V' <Predicate = (!icmp_ln65)> <Delay = 0.00>
ST_4 : Operation 105 [1/1] (0.00ns)   --->   "%tmp_data_2_V = extractvalue { i8, i8, i8, i8, i8, i8, i8, i8, i8, i8, i8, i8, i8, i8, i8, i8, i8, i8, i8, i8, i8, i8, i8, i8, i8, i8, i8, i8, i8, i8, i8, i8 } %empty_33, 2" [firmware/nnet_utils/nnet_padding_stream.h:20->firmware/nnet_utils/nnet_padding_stream.h:66]   --->   Operation 105 'extractvalue' 'tmp_data_2_V' <Predicate = (!icmp_ln65)> <Delay = 0.00>
ST_4 : Operation 106 [1/1] (0.00ns)   --->   "%tmp_data_3_V = extractvalue { i8, i8, i8, i8, i8, i8, i8, i8, i8, i8, i8, i8, i8, i8, i8, i8, i8, i8, i8, i8, i8, i8, i8, i8, i8, i8, i8, i8, i8, i8, i8, i8 } %empty_33, 3" [firmware/nnet_utils/nnet_padding_stream.h:20->firmware/nnet_utils/nnet_padding_stream.h:66]   --->   Operation 106 'extractvalue' 'tmp_data_3_V' <Predicate = (!icmp_ln65)> <Delay = 0.00>
ST_4 : Operation 107 [1/1] (0.00ns)   --->   "%tmp_data_4_V = extractvalue { i8, i8, i8, i8, i8, i8, i8, i8, i8, i8, i8, i8, i8, i8, i8, i8, i8, i8, i8, i8, i8, i8, i8, i8, i8, i8, i8, i8, i8, i8, i8, i8 } %empty_33, 4" [firmware/nnet_utils/nnet_padding_stream.h:20->firmware/nnet_utils/nnet_padding_stream.h:66]   --->   Operation 107 'extractvalue' 'tmp_data_4_V' <Predicate = (!icmp_ln65)> <Delay = 0.00>
ST_4 : Operation 108 [1/1] (0.00ns)   --->   "%tmp_data_5_V = extractvalue { i8, i8, i8, i8, i8, i8, i8, i8, i8, i8, i8, i8, i8, i8, i8, i8, i8, i8, i8, i8, i8, i8, i8, i8, i8, i8, i8, i8, i8, i8, i8, i8 } %empty_33, 5" [firmware/nnet_utils/nnet_padding_stream.h:20->firmware/nnet_utils/nnet_padding_stream.h:66]   --->   Operation 108 'extractvalue' 'tmp_data_5_V' <Predicate = (!icmp_ln65)> <Delay = 0.00>
ST_4 : Operation 109 [1/1] (0.00ns)   --->   "%tmp_data_6_V = extractvalue { i8, i8, i8, i8, i8, i8, i8, i8, i8, i8, i8, i8, i8, i8, i8, i8, i8, i8, i8, i8, i8, i8, i8, i8, i8, i8, i8, i8, i8, i8, i8, i8 } %empty_33, 6" [firmware/nnet_utils/nnet_padding_stream.h:20->firmware/nnet_utils/nnet_padding_stream.h:66]   --->   Operation 109 'extractvalue' 'tmp_data_6_V' <Predicate = (!icmp_ln65)> <Delay = 0.00>
ST_4 : Operation 110 [1/1] (0.00ns)   --->   "%tmp_data_7_V = extractvalue { i8, i8, i8, i8, i8, i8, i8, i8, i8, i8, i8, i8, i8, i8, i8, i8, i8, i8, i8, i8, i8, i8, i8, i8, i8, i8, i8, i8, i8, i8, i8, i8 } %empty_33, 7" [firmware/nnet_utils/nnet_padding_stream.h:20->firmware/nnet_utils/nnet_padding_stream.h:66]   --->   Operation 110 'extractvalue' 'tmp_data_7_V' <Predicate = (!icmp_ln65)> <Delay = 0.00>
ST_4 : Operation 111 [1/1] (0.00ns)   --->   "%tmp_data_8_V = extractvalue { i8, i8, i8, i8, i8, i8, i8, i8, i8, i8, i8, i8, i8, i8, i8, i8, i8, i8, i8, i8, i8, i8, i8, i8, i8, i8, i8, i8, i8, i8, i8, i8 } %empty_33, 8" [firmware/nnet_utils/nnet_padding_stream.h:20->firmware/nnet_utils/nnet_padding_stream.h:66]   --->   Operation 111 'extractvalue' 'tmp_data_8_V' <Predicate = (!icmp_ln65)> <Delay = 0.00>
ST_4 : Operation 112 [1/1] (0.00ns)   --->   "%tmp_data_9_V = extractvalue { i8, i8, i8, i8, i8, i8, i8, i8, i8, i8, i8, i8, i8, i8, i8, i8, i8, i8, i8, i8, i8, i8, i8, i8, i8, i8, i8, i8, i8, i8, i8, i8 } %empty_33, 9" [firmware/nnet_utils/nnet_padding_stream.h:20->firmware/nnet_utils/nnet_padding_stream.h:66]   --->   Operation 112 'extractvalue' 'tmp_data_9_V' <Predicate = (!icmp_ln65)> <Delay = 0.00>
ST_4 : Operation 113 [1/1] (0.00ns)   --->   "%tmp_data_10_V = extractvalue { i8, i8, i8, i8, i8, i8, i8, i8, i8, i8, i8, i8, i8, i8, i8, i8, i8, i8, i8, i8, i8, i8, i8, i8, i8, i8, i8, i8, i8, i8, i8, i8 } %empty_33, 10" [firmware/nnet_utils/nnet_padding_stream.h:20->firmware/nnet_utils/nnet_padding_stream.h:66]   --->   Operation 113 'extractvalue' 'tmp_data_10_V' <Predicate = (!icmp_ln65)> <Delay = 0.00>
ST_4 : Operation 114 [1/1] (0.00ns)   --->   "%tmp_data_11_V = extractvalue { i8, i8, i8, i8, i8, i8, i8, i8, i8, i8, i8, i8, i8, i8, i8, i8, i8, i8, i8, i8, i8, i8, i8, i8, i8, i8, i8, i8, i8, i8, i8, i8 } %empty_33, 11" [firmware/nnet_utils/nnet_padding_stream.h:20->firmware/nnet_utils/nnet_padding_stream.h:66]   --->   Operation 114 'extractvalue' 'tmp_data_11_V' <Predicate = (!icmp_ln65)> <Delay = 0.00>
ST_4 : Operation 115 [1/1] (0.00ns)   --->   "%tmp_data_12_V = extractvalue { i8, i8, i8, i8, i8, i8, i8, i8, i8, i8, i8, i8, i8, i8, i8, i8, i8, i8, i8, i8, i8, i8, i8, i8, i8, i8, i8, i8, i8, i8, i8, i8 } %empty_33, 12" [firmware/nnet_utils/nnet_padding_stream.h:20->firmware/nnet_utils/nnet_padding_stream.h:66]   --->   Operation 115 'extractvalue' 'tmp_data_12_V' <Predicate = (!icmp_ln65)> <Delay = 0.00>
ST_4 : Operation 116 [1/1] (0.00ns)   --->   "%tmp_data_13_V = extractvalue { i8, i8, i8, i8, i8, i8, i8, i8, i8, i8, i8, i8, i8, i8, i8, i8, i8, i8, i8, i8, i8, i8, i8, i8, i8, i8, i8, i8, i8, i8, i8, i8 } %empty_33, 13" [firmware/nnet_utils/nnet_padding_stream.h:20->firmware/nnet_utils/nnet_padding_stream.h:66]   --->   Operation 116 'extractvalue' 'tmp_data_13_V' <Predicate = (!icmp_ln65)> <Delay = 0.00>
ST_4 : Operation 117 [1/1] (0.00ns)   --->   "%tmp_data_14_V = extractvalue { i8, i8, i8, i8, i8, i8, i8, i8, i8, i8, i8, i8, i8, i8, i8, i8, i8, i8, i8, i8, i8, i8, i8, i8, i8, i8, i8, i8, i8, i8, i8, i8 } %empty_33, 14" [firmware/nnet_utils/nnet_padding_stream.h:20->firmware/nnet_utils/nnet_padding_stream.h:66]   --->   Operation 117 'extractvalue' 'tmp_data_14_V' <Predicate = (!icmp_ln65)> <Delay = 0.00>
ST_4 : Operation 118 [1/1] (0.00ns)   --->   "%tmp_data_15_V = extractvalue { i8, i8, i8, i8, i8, i8, i8, i8, i8, i8, i8, i8, i8, i8, i8, i8, i8, i8, i8, i8, i8, i8, i8, i8, i8, i8, i8, i8, i8, i8, i8, i8 } %empty_33, 15" [firmware/nnet_utils/nnet_padding_stream.h:20->firmware/nnet_utils/nnet_padding_stream.h:66]   --->   Operation 118 'extractvalue' 'tmp_data_15_V' <Predicate = (!icmp_ln65)> <Delay = 0.00>
ST_4 : Operation 119 [1/1] (0.00ns)   --->   "%tmp_data_16_V = extractvalue { i8, i8, i8, i8, i8, i8, i8, i8, i8, i8, i8, i8, i8, i8, i8, i8, i8, i8, i8, i8, i8, i8, i8, i8, i8, i8, i8, i8, i8, i8, i8, i8 } %empty_33, 16" [firmware/nnet_utils/nnet_padding_stream.h:20->firmware/nnet_utils/nnet_padding_stream.h:66]   --->   Operation 119 'extractvalue' 'tmp_data_16_V' <Predicate = (!icmp_ln65)> <Delay = 0.00>
ST_4 : Operation 120 [1/1] (0.00ns)   --->   "%tmp_data_17_V = extractvalue { i8, i8, i8, i8, i8, i8, i8, i8, i8, i8, i8, i8, i8, i8, i8, i8, i8, i8, i8, i8, i8, i8, i8, i8, i8, i8, i8, i8, i8, i8, i8, i8 } %empty_33, 17" [firmware/nnet_utils/nnet_padding_stream.h:20->firmware/nnet_utils/nnet_padding_stream.h:66]   --->   Operation 120 'extractvalue' 'tmp_data_17_V' <Predicate = (!icmp_ln65)> <Delay = 0.00>
ST_4 : Operation 121 [1/1] (0.00ns)   --->   "%tmp_data_18_V = extractvalue { i8, i8, i8, i8, i8, i8, i8, i8, i8, i8, i8, i8, i8, i8, i8, i8, i8, i8, i8, i8, i8, i8, i8, i8, i8, i8, i8, i8, i8, i8, i8, i8 } %empty_33, 18" [firmware/nnet_utils/nnet_padding_stream.h:20->firmware/nnet_utils/nnet_padding_stream.h:66]   --->   Operation 121 'extractvalue' 'tmp_data_18_V' <Predicate = (!icmp_ln65)> <Delay = 0.00>
ST_4 : Operation 122 [1/1] (0.00ns)   --->   "%tmp_data_19_V = extractvalue { i8, i8, i8, i8, i8, i8, i8, i8, i8, i8, i8, i8, i8, i8, i8, i8, i8, i8, i8, i8, i8, i8, i8, i8, i8, i8, i8, i8, i8, i8, i8, i8 } %empty_33, 19" [firmware/nnet_utils/nnet_padding_stream.h:20->firmware/nnet_utils/nnet_padding_stream.h:66]   --->   Operation 122 'extractvalue' 'tmp_data_19_V' <Predicate = (!icmp_ln65)> <Delay = 0.00>
ST_4 : Operation 123 [1/1] (0.00ns)   --->   "%tmp_data_20_V = extractvalue { i8, i8, i8, i8, i8, i8, i8, i8, i8, i8, i8, i8, i8, i8, i8, i8, i8, i8, i8, i8, i8, i8, i8, i8, i8, i8, i8, i8, i8, i8, i8, i8 } %empty_33, 20" [firmware/nnet_utils/nnet_padding_stream.h:20->firmware/nnet_utils/nnet_padding_stream.h:66]   --->   Operation 123 'extractvalue' 'tmp_data_20_V' <Predicate = (!icmp_ln65)> <Delay = 0.00>
ST_4 : Operation 124 [1/1] (0.00ns)   --->   "%tmp_data_21_V = extractvalue { i8, i8, i8, i8, i8, i8, i8, i8, i8, i8, i8, i8, i8, i8, i8, i8, i8, i8, i8, i8, i8, i8, i8, i8, i8, i8, i8, i8, i8, i8, i8, i8 } %empty_33, 21" [firmware/nnet_utils/nnet_padding_stream.h:20->firmware/nnet_utils/nnet_padding_stream.h:66]   --->   Operation 124 'extractvalue' 'tmp_data_21_V' <Predicate = (!icmp_ln65)> <Delay = 0.00>
ST_4 : Operation 125 [1/1] (0.00ns)   --->   "%tmp_data_22_V = extractvalue { i8, i8, i8, i8, i8, i8, i8, i8, i8, i8, i8, i8, i8, i8, i8, i8, i8, i8, i8, i8, i8, i8, i8, i8, i8, i8, i8, i8, i8, i8, i8, i8 } %empty_33, 22" [firmware/nnet_utils/nnet_padding_stream.h:20->firmware/nnet_utils/nnet_padding_stream.h:66]   --->   Operation 125 'extractvalue' 'tmp_data_22_V' <Predicate = (!icmp_ln65)> <Delay = 0.00>
ST_4 : Operation 126 [1/1] (0.00ns)   --->   "%tmp_data_23_V = extractvalue { i8, i8, i8, i8, i8, i8, i8, i8, i8, i8, i8, i8, i8, i8, i8, i8, i8, i8, i8, i8, i8, i8, i8, i8, i8, i8, i8, i8, i8, i8, i8, i8 } %empty_33, 23" [firmware/nnet_utils/nnet_padding_stream.h:20->firmware/nnet_utils/nnet_padding_stream.h:66]   --->   Operation 126 'extractvalue' 'tmp_data_23_V' <Predicate = (!icmp_ln65)> <Delay = 0.00>
ST_4 : Operation 127 [1/1] (0.00ns)   --->   "%tmp_data_24_V = extractvalue { i8, i8, i8, i8, i8, i8, i8, i8, i8, i8, i8, i8, i8, i8, i8, i8, i8, i8, i8, i8, i8, i8, i8, i8, i8, i8, i8, i8, i8, i8, i8, i8 } %empty_33, 24" [firmware/nnet_utils/nnet_padding_stream.h:20->firmware/nnet_utils/nnet_padding_stream.h:66]   --->   Operation 127 'extractvalue' 'tmp_data_24_V' <Predicate = (!icmp_ln65)> <Delay = 0.00>
ST_4 : Operation 128 [1/1] (0.00ns)   --->   "%tmp_data_25_V = extractvalue { i8, i8, i8, i8, i8, i8, i8, i8, i8, i8, i8, i8, i8, i8, i8, i8, i8, i8, i8, i8, i8, i8, i8, i8, i8, i8, i8, i8, i8, i8, i8, i8 } %empty_33, 25" [firmware/nnet_utils/nnet_padding_stream.h:20->firmware/nnet_utils/nnet_padding_stream.h:66]   --->   Operation 128 'extractvalue' 'tmp_data_25_V' <Predicate = (!icmp_ln65)> <Delay = 0.00>
ST_4 : Operation 129 [1/1] (0.00ns)   --->   "%tmp_data_26_V = extractvalue { i8, i8, i8, i8, i8, i8, i8, i8, i8, i8, i8, i8, i8, i8, i8, i8, i8, i8, i8, i8, i8, i8, i8, i8, i8, i8, i8, i8, i8, i8, i8, i8 } %empty_33, 26" [firmware/nnet_utils/nnet_padding_stream.h:20->firmware/nnet_utils/nnet_padding_stream.h:66]   --->   Operation 129 'extractvalue' 'tmp_data_26_V' <Predicate = (!icmp_ln65)> <Delay = 0.00>
ST_4 : Operation 130 [1/1] (0.00ns)   --->   "%tmp_data_27_V = extractvalue { i8, i8, i8, i8, i8, i8, i8, i8, i8, i8, i8, i8, i8, i8, i8, i8, i8, i8, i8, i8, i8, i8, i8, i8, i8, i8, i8, i8, i8, i8, i8, i8 } %empty_33, 27" [firmware/nnet_utils/nnet_padding_stream.h:20->firmware/nnet_utils/nnet_padding_stream.h:66]   --->   Operation 130 'extractvalue' 'tmp_data_27_V' <Predicate = (!icmp_ln65)> <Delay = 0.00>
ST_4 : Operation 131 [1/1] (0.00ns)   --->   "%tmp_data_28_V = extractvalue { i8, i8, i8, i8, i8, i8, i8, i8, i8, i8, i8, i8, i8, i8, i8, i8, i8, i8, i8, i8, i8, i8, i8, i8, i8, i8, i8, i8, i8, i8, i8, i8 } %empty_33, 28" [firmware/nnet_utils/nnet_padding_stream.h:20->firmware/nnet_utils/nnet_padding_stream.h:66]   --->   Operation 131 'extractvalue' 'tmp_data_28_V' <Predicate = (!icmp_ln65)> <Delay = 0.00>
ST_4 : Operation 132 [1/1] (0.00ns)   --->   "%tmp_data_29_V = extractvalue { i8, i8, i8, i8, i8, i8, i8, i8, i8, i8, i8, i8, i8, i8, i8, i8, i8, i8, i8, i8, i8, i8, i8, i8, i8, i8, i8, i8, i8, i8, i8, i8 } %empty_33, 29" [firmware/nnet_utils/nnet_padding_stream.h:20->firmware/nnet_utils/nnet_padding_stream.h:66]   --->   Operation 132 'extractvalue' 'tmp_data_29_V' <Predicate = (!icmp_ln65)> <Delay = 0.00>
ST_4 : Operation 133 [1/1] (0.00ns)   --->   "%tmp_data_30_V = extractvalue { i8, i8, i8, i8, i8, i8, i8, i8, i8, i8, i8, i8, i8, i8, i8, i8, i8, i8, i8, i8, i8, i8, i8, i8, i8, i8, i8, i8, i8, i8, i8, i8 } %empty_33, 30" [firmware/nnet_utils/nnet_padding_stream.h:20->firmware/nnet_utils/nnet_padding_stream.h:66]   --->   Operation 133 'extractvalue' 'tmp_data_30_V' <Predicate = (!icmp_ln65)> <Delay = 0.00>
ST_4 : Operation 134 [1/1] (0.00ns)   --->   "%tmp_data_31_V = extractvalue { i8, i8, i8, i8, i8, i8, i8, i8, i8, i8, i8, i8, i8, i8, i8, i8, i8, i8, i8, i8, i8, i8, i8, i8, i8, i8, i8, i8, i8, i8, i8, i8 } %empty_33, 31" [firmware/nnet_utils/nnet_padding_stream.h:20->firmware/nnet_utils/nnet_padding_stream.h:66]   --->   Operation 134 'extractvalue' 'tmp_data_31_V' <Predicate = (!icmp_ln65)> <Delay = 0.00>
ST_4 : Operation 135 [1/1] (3.63ns)   --->   "call void @_ssdm_op_Write.ap_fifo.volatile.i8P.i8P.i8P.i8P.i8P.i8P.i8P.i8P.i8P.i8P.i8P.i8P.i8P.i8P.i8P.i8P.i8P.i8P.i8P.i8P.i8P.i8P.i8P.i8P.i8P.i8P.i8P.i8P.i8P.i8P.i8P.i8P(i8* %res_V_data_0_V, i8* %res_V_data_1_V, i8* %res_V_data_2_V, i8* %res_V_data_3_V, i8* %res_V_data_4_V, i8* %res_V_data_5_V, i8* %res_V_data_6_V, i8* %res_V_data_7_V, i8* %res_V_data_8_V, i8* %res_V_data_9_V, i8* %res_V_data_10_V, i8* %res_V_data_11_V, i8* %res_V_data_12_V, i8* %res_V_data_13_V, i8* %res_V_data_14_V, i8* %res_V_data_15_V, i8* %res_V_data_16_V, i8* %res_V_data_17_V, i8* %res_V_data_18_V, i8* %res_V_data_19_V, i8* %res_V_data_20_V, i8* %res_V_data_21_V, i8* %res_V_data_22_V, i8* %res_V_data_23_V, i8* %res_V_data_24_V, i8* %res_V_data_25_V, i8* %res_V_data_26_V, i8* %res_V_data_27_V, i8* %res_V_data_28_V, i8* %res_V_data_29_V, i8* %res_V_data_30_V, i8* %res_V_data_31_V, i8 %tmp_data_0_V, i8 %tmp_data_1_V, i8 %tmp_data_2_V, i8 %tmp_data_3_V, i8 %tmp_data_4_V, i8 %tmp_data_5_V, i8 %tmp_data_6_V, i8 %tmp_data_7_V, i8 %tmp_data_8_V, i8 %tmp_data_9_V, i8 %tmp_data_10_V, i8 %tmp_data_11_V, i8 %tmp_data_12_V, i8 %tmp_data_13_V, i8 %tmp_data_14_V, i8 %tmp_data_15_V, i8 %tmp_data_16_V, i8 %tmp_data_17_V, i8 %tmp_data_18_V, i8 %tmp_data_19_V, i8 %tmp_data_20_V, i8 %tmp_data_21_V, i8 %tmp_data_22_V, i8 %tmp_data_23_V, i8 %tmp_data_24_V, i8 %tmp_data_25_V, i8 %tmp_data_26_V, i8 %tmp_data_27_V, i8 %tmp_data_28_V, i8 %tmp_data_29_V, i8 %tmp_data_30_V, i8 %tmp_data_31_V)" [firmware/nnet_utils/nnet_padding_stream.h:26->firmware/nnet_utils/nnet_padding_stream.h:66]   --->   Operation 135 'write' <Predicate = (!icmp_ln65)> <Delay = 3.63> <Core = "FIFO">   --->   Core 32 'FIFO' <Latency = 0> <II = 1> <Delay = 3.63> <Storage> <Opcode : 'read' 'write' 'nbread' 'nbwrite'> <Ports = 0> <Width = 8> <Depth = 1> <FIFO>
ST_4 : Operation 136 [1/1] (0.00ns)   --->   "br label %.preheader2" [firmware/nnet_utils/nnet_padding_stream.h:65]   --->   Operation 136 'br' <Predicate = (!icmp_ln65)> <Delay = 0.00>
ST_4 : Operation 137 [1/1] (0.00ns)   --->   "call void (...)* @_ssdm_op_SpecLoopName([9 x i8]* @p_str56) nounwind" [firmware/nnet_utils/nnet_padding_stream.h:69]   --->   Operation 137 'specloopname' <Predicate = (icmp_ln65)> <Delay = 0.00>
ST_4 : Operation 138 [1/1] (3.63ns)   --->   "call void @_ssdm_op_Write.ap_fifo.volatile.i8P.i8P.i8P.i8P.i8P.i8P.i8P.i8P.i8P.i8P.i8P.i8P.i8P.i8P.i8P.i8P.i8P.i8P.i8P.i8P.i8P.i8P.i8P.i8P.i8P.i8P.i8P.i8P.i8P.i8P.i8P.i8P(i8* %res_V_data_0_V, i8* %res_V_data_1_V, i8* %res_V_data_2_V, i8* %res_V_data_3_V, i8* %res_V_data_4_V, i8* %res_V_data_5_V, i8* %res_V_data_6_V, i8* %res_V_data_7_V, i8* %res_V_data_8_V, i8* %res_V_data_9_V, i8* %res_V_data_10_V, i8* %res_V_data_11_V, i8* %res_V_data_12_V, i8* %res_V_data_13_V, i8* %res_V_data_14_V, i8* %res_V_data_15_V, i8* %res_V_data_16_V, i8* %res_V_data_17_V, i8* %res_V_data_18_V, i8* %res_V_data_19_V, i8* %res_V_data_20_V, i8* %res_V_data_21_V, i8* %res_V_data_22_V, i8* %res_V_data_23_V, i8* %res_V_data_24_V, i8* %res_V_data_25_V, i8* %res_V_data_26_V, i8* %res_V_data_27_V, i8* %res_V_data_28_V, i8* %res_V_data_29_V, i8* %res_V_data_30_V, i8* %res_V_data_31_V, i8 0, i8 0, i8 0, i8 0, i8 0, i8 0, i8 0, i8 0, i8 0, i8 0, i8 0, i8 0, i8 0, i8 0, i8 0, i8 0, i8 0, i8 0, i8 0, i8 0, i8 0, i8 0, i8 0, i8 0, i8 0, i8 0, i8 0, i8 0, i8 0, i8 0, i8 0, i8 0)" [firmware/nnet_utils/nnet_padding_stream.h:15->firmware/nnet_utils/nnet_padding_stream.h:70]   --->   Operation 138 'write' <Predicate = (icmp_ln65)> <Delay = 3.63> <Core = "FIFO">   --->   Core 32 'FIFO' <Latency = 0> <II = 1> <Delay = 3.63> <Storage> <Opcode : 'read' 'write' 'nbread' 'nbwrite'> <Ports = 0> <Width = 8> <Depth = 1> <FIFO>
ST_4 : Operation 139 [1/1] (0.00ns)   --->   "%empty_34 = call i32 (...)* @_ssdm_op_SpecRegionEnd([8 x i8]* @p_str53, i32 %tmp_4)" [firmware/nnet_utils/nnet_padding_stream.h:72]   --->   Operation 139 'specregionend' 'empty_34' <Predicate = (icmp_ln65)> <Delay = 0.00>
ST_4 : Operation 140 [1/1] (0.00ns)   --->   "br label %.preheader3" [firmware/nnet_utils/nnet_padding_stream.h:59]   --->   Operation 140 'br' <Predicate = (icmp_ln65)> <Delay = 0.00>

State 5 <SV = 3> <Delay = 3.63>
ST_5 : Operation 141 [1/1] (0.00ns)   --->   "%j6_0 = phi i4 [ 0, %PadBottom_begin ], [ %j_3, %_ZrsILi32ELb0EEN11ap_int_baseIXT_EXT0_EE5RTypeIXT_EXT0_EE4arg1ERKS1_i.exit2.i.i.i.i.i.0 ]"   --->   Operation 141 'phi' 'j6_0' <Predicate = true> <Delay = 0.00>
ST_5 : Operation 142 [1/1] (1.30ns)   --->   "%icmp_ln77 = icmp eq i4 %j6_0, -6" [firmware/nnet_utils/nnet_padding_stream.h:77]   --->   Operation 142 'icmp' 'icmp_ln77' <Predicate = true> <Delay = 1.30> <Core = "Cmp">   --->   Core 25 'Cmp' <Latency = 0> <II = 1> <Delay = 1.30> <FuncUnit> <Opcode : 'icmp'> <InPorts = 2> <OutPorts = 1>
ST_5 : Operation 143 [1/1] (0.00ns)   --->   "%empty_35 = call i32 (...)* @_ssdm_op_SpecLoopTripCount(i64 10, i64 10, i64 10)"   --->   Operation 143 'speclooptripcount' 'empty_35' <Predicate = true> <Delay = 0.00>
ST_5 : Operation 144 [1/1] (1.73ns)   --->   "%j_3 = add i4 %j6_0, 1" [firmware/nnet_utils/nnet_padding_stream.h:77]   --->   Operation 144 'add' 'j_3' <Predicate = true> <Delay = 1.73> <Core = "AddSub">   --->   Core 14 'AddSub' <Latency = 0> <II = 1> <Delay = 1.73> <FuncUnit> <Opcode : 'add' 'sub'> <InPorts = 2> <OutPorts = 1>
ST_5 : Operation 145 [1/1] (0.00ns)   --->   "br i1 %icmp_ln77, label %PadBottom_end, label %_ZrsILi32ELb0EEN11ap_int_baseIXT_EXT0_EE5RTypeIXT_EXT0_EE4arg1ERKS1_i.exit2.i.i.i.i.i.0" [firmware/nnet_utils/nnet_padding_stream.h:77]   --->   Operation 145 'br' <Predicate = true> <Delay = 0.00>
ST_5 : Operation 146 [1/1] (0.00ns)   --->   "call void (...)* @_ssdm_op_SpecLoopName([15 x i8]* @p_str58) nounwind" [firmware/nnet_utils/nnet_padding_stream.h:77]   --->   Operation 146 'specloopname' <Predicate = (!icmp_ln77)> <Delay = 0.00>
ST_5 : Operation 147 [1/1] (3.63ns)   --->   "call void @_ssdm_op_Write.ap_fifo.volatile.i8P.i8P.i8P.i8P.i8P.i8P.i8P.i8P.i8P.i8P.i8P.i8P.i8P.i8P.i8P.i8P.i8P.i8P.i8P.i8P.i8P.i8P.i8P.i8P.i8P.i8P.i8P.i8P.i8P.i8P.i8P.i8P(i8* %res_V_data_0_V, i8* %res_V_data_1_V, i8* %res_V_data_2_V, i8* %res_V_data_3_V, i8* %res_V_data_4_V, i8* %res_V_data_5_V, i8* %res_V_data_6_V, i8* %res_V_data_7_V, i8* %res_V_data_8_V, i8* %res_V_data_9_V, i8* %res_V_data_10_V, i8* %res_V_data_11_V, i8* %res_V_data_12_V, i8* %res_V_data_13_V, i8* %res_V_data_14_V, i8* %res_V_data_15_V, i8* %res_V_data_16_V, i8* %res_V_data_17_V, i8* %res_V_data_18_V, i8* %res_V_data_19_V, i8* %res_V_data_20_V, i8* %res_V_data_21_V, i8* %res_V_data_22_V, i8* %res_V_data_23_V, i8* %res_V_data_24_V, i8* %res_V_data_25_V, i8* %res_V_data_26_V, i8* %res_V_data_27_V, i8* %res_V_data_28_V, i8* %res_V_data_29_V, i8* %res_V_data_30_V, i8* %res_V_data_31_V, i8 0, i8 0, i8 0, i8 0, i8 0, i8 0, i8 0, i8 0, i8 0, i8 0, i8 0, i8 0, i8 0, i8 0, i8 0, i8 0, i8 0, i8 0, i8 0, i8 0, i8 0, i8 0, i8 0, i8 0, i8 0, i8 0, i8 0, i8 0, i8 0, i8 0, i8 0, i8 0)" [firmware/nnet_utils/nnet_padding_stream.h:15->firmware/nnet_utils/nnet_padding_stream.h:78]   --->   Operation 147 'write' <Predicate = (!icmp_ln77)> <Delay = 3.63> <Core = "FIFO">   --->   Core 32 'FIFO' <Latency = 0> <II = 1> <Delay = 3.63> <Storage> <Opcode : 'read' 'write' 'nbread' 'nbwrite'> <Ports = 0> <Width = 8> <Depth = 1> <FIFO>
ST_5 : Operation 148 [1/1] (0.00ns)   --->   "br label %1" [firmware/nnet_utils/nnet_padding_stream.h:77]   --->   Operation 148 'br' <Predicate = (!icmp_ln77)> <Delay = 0.00>
ST_5 : Operation 149 [1/1] (0.00ns)   --->   "%empty_36 = call i32 (...)* @_ssdm_op_SpecRegionEnd([10 x i8]* @p_str57, i32 %tmp_3)" [firmware/nnet_utils/nnet_padding_stream.h:80]   --->   Operation 149 'specregionend' 'empty_36' <Predicate = (icmp_ln77)> <Delay = 0.00>
ST_5 : Operation 150 [1/1] (0.00ns)   --->   "ret void" [firmware/nnet_utils/nnet_padding_stream.h:81]   --->   Operation 150 'ret' <Predicate = (icmp_ln77)> <Delay = 0.00>


============================================================
+ Verbose Summary: Binding
============================================================
STG Binding: 
---------------- STG Properties BEGIN ----------------
- Is combinational: 0
- Is one-state seq: 0
- Is datapath-only: 0
- Is pipelined: 0
- Is top level: 0
Port [ Return ] is wired: 1; IO mode=ap_ctrl_hs:ce=0
Port [ data_V_data_0_V]:  wired=1; compound=1; hidden=0; nouse=0; global=0; static=0; extern=0; dir=0; type=3; pingpong=0; private_global=0; IO mode=ap_fifo:ce=0
Port [ data_V_data_1_V]:  wired=1; compound=1; hidden=0; nouse=0; global=0; static=0; extern=0; dir=0; type=3; pingpong=0; private_global=0; IO mode=ap_fifo:ce=0
Port [ data_V_data_2_V]:  wired=1; compound=1; hidden=0; nouse=0; global=0; static=0; extern=0; dir=0; type=3; pingpong=0; private_global=0; IO mode=ap_fifo:ce=0
Port [ data_V_data_3_V]:  wired=1; compound=1; hidden=0; nouse=0; global=0; static=0; extern=0; dir=0; type=3; pingpong=0; private_global=0; IO mode=ap_fifo:ce=0
Port [ data_V_data_4_V]:  wired=1; compound=1; hidden=0; nouse=0; global=0; static=0; extern=0; dir=0; type=3; pingpong=0; private_global=0; IO mode=ap_fifo:ce=0
Port [ data_V_data_5_V]:  wired=1; compound=1; hidden=0; nouse=0; global=0; static=0; extern=0; dir=0; type=3; pingpong=0; private_global=0; IO mode=ap_fifo:ce=0
Port [ data_V_data_6_V]:  wired=1; compound=1; hidden=0; nouse=0; global=0; static=0; extern=0; dir=0; type=3; pingpong=0; private_global=0; IO mode=ap_fifo:ce=0
Port [ data_V_data_7_V]:  wired=1; compound=1; hidden=0; nouse=0; global=0; static=0; extern=0; dir=0; type=3; pingpong=0; private_global=0; IO mode=ap_fifo:ce=0
Port [ data_V_data_8_V]:  wired=1; compound=1; hidden=0; nouse=0; global=0; static=0; extern=0; dir=0; type=3; pingpong=0; private_global=0; IO mode=ap_fifo:ce=0
Port [ data_V_data_9_V]:  wired=1; compound=1; hidden=0; nouse=0; global=0; static=0; extern=0; dir=0; type=3; pingpong=0; private_global=0; IO mode=ap_fifo:ce=0
Port [ data_V_data_10_V]:  wired=1; compound=1; hidden=0; nouse=0; global=0; static=0; extern=0; dir=0; type=3; pingpong=0; private_global=0; IO mode=ap_fifo:ce=0
Port [ data_V_data_11_V]:  wired=1; compound=1; hidden=0; nouse=0; global=0; static=0; extern=0; dir=0; type=3; pingpong=0; private_global=0; IO mode=ap_fifo:ce=0
Port [ data_V_data_12_V]:  wired=1; compound=1; hidden=0; nouse=0; global=0; static=0; extern=0; dir=0; type=3; pingpong=0; private_global=0; IO mode=ap_fifo:ce=0
Port [ data_V_data_13_V]:  wired=1; compound=1; hidden=0; nouse=0; global=0; static=0; extern=0; dir=0; type=3; pingpong=0; private_global=0; IO mode=ap_fifo:ce=0
Port [ data_V_data_14_V]:  wired=1; compound=1; hidden=0; nouse=0; global=0; static=0; extern=0; dir=0; type=3; pingpong=0; private_global=0; IO mode=ap_fifo:ce=0
Port [ data_V_data_15_V]:  wired=1; compound=1; hidden=0; nouse=0; global=0; static=0; extern=0; dir=0; type=3; pingpong=0; private_global=0; IO mode=ap_fifo:ce=0
Port [ data_V_data_16_V]:  wired=1; compound=1; hidden=0; nouse=0; global=0; static=0; extern=0; dir=0; type=3; pingpong=0; private_global=0; IO mode=ap_fifo:ce=0
Port [ data_V_data_17_V]:  wired=1; compound=1; hidden=0; nouse=0; global=0; static=0; extern=0; dir=0; type=3; pingpong=0; private_global=0; IO mode=ap_fifo:ce=0
Port [ data_V_data_18_V]:  wired=1; compound=1; hidden=0; nouse=0; global=0; static=0; extern=0; dir=0; type=3; pingpong=0; private_global=0; IO mode=ap_fifo:ce=0
Port [ data_V_data_19_V]:  wired=1; compound=1; hidden=0; nouse=0; global=0; static=0; extern=0; dir=0; type=3; pingpong=0; private_global=0; IO mode=ap_fifo:ce=0
Port [ data_V_data_20_V]:  wired=1; compound=1; hidden=0; nouse=0; global=0; static=0; extern=0; dir=0; type=3; pingpong=0; private_global=0; IO mode=ap_fifo:ce=0
Port [ data_V_data_21_V]:  wired=1; compound=1; hidden=0; nouse=0; global=0; static=0; extern=0; dir=0; type=3; pingpong=0; private_global=0; IO mode=ap_fifo:ce=0
Port [ data_V_data_22_V]:  wired=1; compound=1; hidden=0; nouse=0; global=0; static=0; extern=0; dir=0; type=3; pingpong=0; private_global=0; IO mode=ap_fifo:ce=0
Port [ data_V_data_23_V]:  wired=1; compound=1; hidden=0; nouse=0; global=0; static=0; extern=0; dir=0; type=3; pingpong=0; private_global=0; IO mode=ap_fifo:ce=0
Port [ data_V_data_24_V]:  wired=1; compound=1; hidden=0; nouse=0; global=0; static=0; extern=0; dir=0; type=3; pingpong=0; private_global=0; IO mode=ap_fifo:ce=0
Port [ data_V_data_25_V]:  wired=1; compound=1; hidden=0; nouse=0; global=0; static=0; extern=0; dir=0; type=3; pingpong=0; private_global=0; IO mode=ap_fifo:ce=0
Port [ data_V_data_26_V]:  wired=1; compound=1; hidden=0; nouse=0; global=0; static=0; extern=0; dir=0; type=3; pingpong=0; private_global=0; IO mode=ap_fifo:ce=0
Port [ data_V_data_27_V]:  wired=1; compound=1; hidden=0; nouse=0; global=0; static=0; extern=0; dir=0; type=3; pingpong=0; private_global=0; IO mode=ap_fifo:ce=0
Port [ data_V_data_28_V]:  wired=1; compound=1; hidden=0; nouse=0; global=0; static=0; extern=0; dir=0; type=3; pingpong=0; private_global=0; IO mode=ap_fifo:ce=0
Port [ data_V_data_29_V]:  wired=1; compound=1; hidden=0; nouse=0; global=0; static=0; extern=0; dir=0; type=3; pingpong=0; private_global=0; IO mode=ap_fifo:ce=0
Port [ data_V_data_30_V]:  wired=1; compound=1; hidden=0; nouse=0; global=0; static=0; extern=0; dir=0; type=3; pingpong=0; private_global=0; IO mode=ap_fifo:ce=0
Port [ data_V_data_31_V]:  wired=1; compound=1; hidden=0; nouse=0; global=0; static=0; extern=0; dir=0; type=3; pingpong=0; private_global=0; IO mode=ap_fifo:ce=0
Port [ res_V_data_0_V]:  wired=1; compound=1; hidden=0; nouse=0; global=0; static=0; extern=0; dir=1; type=3; pingpong=0; private_global=0; IO mode=ap_fifo:ce=0
Port [ res_V_data_1_V]:  wired=1; compound=1; hidden=0; nouse=0; global=0; static=0; extern=0; dir=1; type=3; pingpong=0; private_global=0; IO mode=ap_fifo:ce=0
Port [ res_V_data_2_V]:  wired=1; compound=1; hidden=0; nouse=0; global=0; static=0; extern=0; dir=1; type=3; pingpong=0; private_global=0; IO mode=ap_fifo:ce=0
Port [ res_V_data_3_V]:  wired=1; compound=1; hidden=0; nouse=0; global=0; static=0; extern=0; dir=1; type=3; pingpong=0; private_global=0; IO mode=ap_fifo:ce=0
Port [ res_V_data_4_V]:  wired=1; compound=1; hidden=0; nouse=0; global=0; static=0; extern=0; dir=1; type=3; pingpong=0; private_global=0; IO mode=ap_fifo:ce=0
Port [ res_V_data_5_V]:  wired=1; compound=1; hidden=0; nouse=0; global=0; static=0; extern=0; dir=1; type=3; pingpong=0; private_global=0; IO mode=ap_fifo:ce=0
Port [ res_V_data_6_V]:  wired=1; compound=1; hidden=0; nouse=0; global=0; static=0; extern=0; dir=1; type=3; pingpong=0; private_global=0; IO mode=ap_fifo:ce=0
Port [ res_V_data_7_V]:  wired=1; compound=1; hidden=0; nouse=0; global=0; static=0; extern=0; dir=1; type=3; pingpong=0; private_global=0; IO mode=ap_fifo:ce=0
Port [ res_V_data_8_V]:  wired=1; compound=1; hidden=0; nouse=0; global=0; static=0; extern=0; dir=1; type=3; pingpong=0; private_global=0; IO mode=ap_fifo:ce=0
Port [ res_V_data_9_V]:  wired=1; compound=1; hidden=0; nouse=0; global=0; static=0; extern=0; dir=1; type=3; pingpong=0; private_global=0; IO mode=ap_fifo:ce=0
Port [ res_V_data_10_V]:  wired=1; compound=1; hidden=0; nouse=0; global=0; static=0; extern=0; dir=1; type=3; pingpong=0; private_global=0; IO mode=ap_fifo:ce=0
Port [ res_V_data_11_V]:  wired=1; compound=1; hidden=0; nouse=0; global=0; static=0; extern=0; dir=1; type=3; pingpong=0; private_global=0; IO mode=ap_fifo:ce=0
Port [ res_V_data_12_V]:  wired=1; compound=1; hidden=0; nouse=0; global=0; static=0; extern=0; dir=1; type=3; pingpong=0; private_global=0; IO mode=ap_fifo:ce=0
Port [ res_V_data_13_V]:  wired=1; compound=1; hidden=0; nouse=0; global=0; static=0; extern=0; dir=1; type=3; pingpong=0; private_global=0; IO mode=ap_fifo:ce=0
Port [ res_V_data_14_V]:  wired=1; compound=1; hidden=0; nouse=0; global=0; static=0; extern=0; dir=1; type=3; pingpong=0; private_global=0; IO mode=ap_fifo:ce=0
Port [ res_V_data_15_V]:  wired=1; compound=1; hidden=0; nouse=0; global=0; static=0; extern=0; dir=1; type=3; pingpong=0; private_global=0; IO mode=ap_fifo:ce=0
Port [ res_V_data_16_V]:  wired=1; compound=1; hidden=0; nouse=0; global=0; static=0; extern=0; dir=1; type=3; pingpong=0; private_global=0; IO mode=ap_fifo:ce=0
Port [ res_V_data_17_V]:  wired=1; compound=1; hidden=0; nouse=0; global=0; static=0; extern=0; dir=1; type=3; pingpong=0; private_global=0; IO mode=ap_fifo:ce=0
Port [ res_V_data_18_V]:  wired=1; compound=1; hidden=0; nouse=0; global=0; static=0; extern=0; dir=1; type=3; pingpong=0; private_global=0; IO mode=ap_fifo:ce=0
Port [ res_V_data_19_V]:  wired=1; compound=1; hidden=0; nouse=0; global=0; static=0; extern=0; dir=1; type=3; pingpong=0; private_global=0; IO mode=ap_fifo:ce=0
Port [ res_V_data_20_V]:  wired=1; compound=1; hidden=0; nouse=0; global=0; static=0; extern=0; dir=1; type=3; pingpong=0; private_global=0; IO mode=ap_fifo:ce=0
Port [ res_V_data_21_V]:  wired=1; compound=1; hidden=0; nouse=0; global=0; static=0; extern=0; dir=1; type=3; pingpong=0; private_global=0; IO mode=ap_fifo:ce=0
Port [ res_V_data_22_V]:  wired=1; compound=1; hidden=0; nouse=0; global=0; static=0; extern=0; dir=1; type=3; pingpong=0; private_global=0; IO mode=ap_fifo:ce=0
Port [ res_V_data_23_V]:  wired=1; compound=1; hidden=0; nouse=0; global=0; static=0; extern=0; dir=1; type=3; pingpong=0; private_global=0; IO mode=ap_fifo:ce=0
Port [ res_V_data_24_V]:  wired=1; compound=1; hidden=0; nouse=0; global=0; static=0; extern=0; dir=1; type=3; pingpong=0; private_global=0; IO mode=ap_fifo:ce=0
Port [ res_V_data_25_V]:  wired=1; compound=1; hidden=0; nouse=0; global=0; static=0; extern=0; dir=1; type=3; pingpong=0; private_global=0; IO mode=ap_fifo:ce=0
Port [ res_V_data_26_V]:  wired=1; compound=1; hidden=0; nouse=0; global=0; static=0; extern=0; dir=1; type=3; pingpong=0; private_global=0; IO mode=ap_fifo:ce=0
Port [ res_V_data_27_V]:  wired=1; compound=1; hidden=0; nouse=0; global=0; static=0; extern=0; dir=1; type=3; pingpong=0; private_global=0; IO mode=ap_fifo:ce=0
Port [ res_V_data_28_V]:  wired=1; compound=1; hidden=0; nouse=0; global=0; static=0; extern=0; dir=1; type=3; pingpong=0; private_global=0; IO mode=ap_fifo:ce=0
Port [ res_V_data_29_V]:  wired=1; compound=1; hidden=0; nouse=0; global=0; static=0; extern=0; dir=1; type=3; pingpong=0; private_global=0; IO mode=ap_fifo:ce=0
Port [ res_V_data_30_V]:  wired=1; compound=1; hidden=0; nouse=0; global=0; static=0; extern=0; dir=1; type=3; pingpong=0; private_global=0; IO mode=ap_fifo:ce=0
Port [ res_V_data_31_V]:  wired=1; compound=1; hidden=0; nouse=0; global=0; static=0; extern=0; dir=1; type=3; pingpong=0; private_global=0; IO mode=ap_fifo:ce=0
---------------- STG Properties END ------------------

---------------- Datapath Model BEGIN ----------------

<LifeTime>
<method=bitvector/>
specinterface_ln0 (specinterface    ) [ 000000]
specinterface_ln0 (specinterface    ) [ 000000]
specinterface_ln0 (specinterface    ) [ 000000]
specinterface_ln0 (specinterface    ) [ 000000]
specinterface_ln0 (specinterface    ) [ 000000]
specinterface_ln0 (specinterface    ) [ 000000]
specinterface_ln0 (specinterface    ) [ 000000]
specinterface_ln0 (specinterface    ) [ 000000]
specinterface_ln0 (specinterface    ) [ 000000]
specinterface_ln0 (specinterface    ) [ 000000]
specinterface_ln0 (specinterface    ) [ 000000]
specinterface_ln0 (specinterface    ) [ 000000]
specinterface_ln0 (specinterface    ) [ 000000]
specinterface_ln0 (specinterface    ) [ 000000]
specinterface_ln0 (specinterface    ) [ 000000]
specinterface_ln0 (specinterface    ) [ 000000]
specinterface_ln0 (specinterface    ) [ 000000]
specinterface_ln0 (specinterface    ) [ 000000]
specinterface_ln0 (specinterface    ) [ 000000]
specinterface_ln0 (specinterface    ) [ 000000]
specinterface_ln0 (specinterface    ) [ 000000]
specinterface_ln0 (specinterface    ) [ 000000]
specinterface_ln0 (specinterface    ) [ 000000]
specinterface_ln0 (specinterface    ) [ 000000]
specinterface_ln0 (specinterface    ) [ 000000]
specinterface_ln0 (specinterface    ) [ 000000]
specinterface_ln0 (specinterface    ) [ 000000]
specinterface_ln0 (specinterface    ) [ 000000]
specinterface_ln0 (specinterface    ) [ 000000]
specinterface_ln0 (specinterface    ) [ 000000]
specinterface_ln0 (specinterface    ) [ 000000]
specinterface_ln0 (specinterface    ) [ 000000]
specinterface_ln0 (specinterface    ) [ 000000]
specinterface_ln0 (specinterface    ) [ 000000]
specinterface_ln0 (specinterface    ) [ 000000]
specinterface_ln0 (specinterface    ) [ 000000]
specinterface_ln0 (specinterface    ) [ 000000]
specinterface_ln0 (specinterface    ) [ 000000]
specinterface_ln0 (specinterface    ) [ 000000]
specinterface_ln0 (specinterface    ) [ 000000]
specinterface_ln0 (specinterface    ) [ 000000]
specinterface_ln0 (specinterface    ) [ 000000]
specinterface_ln0 (specinterface    ) [ 000000]
specinterface_ln0 (specinterface    ) [ 000000]
specinterface_ln0 (specinterface    ) [ 000000]
specinterface_ln0 (specinterface    ) [ 000000]
specinterface_ln0 (specinterface    ) [ 000000]
specinterface_ln0 (specinterface    ) [ 000000]
specinterface_ln0 (specinterface    ) [ 000000]
specinterface_ln0 (specinterface    ) [ 000000]
specinterface_ln0 (specinterface    ) [ 000000]
specinterface_ln0 (specinterface    ) [ 000000]
specinterface_ln0 (specinterface    ) [ 000000]
specinterface_ln0 (specinterface    ) [ 000000]
specinterface_ln0 (specinterface    ) [ 000000]
specinterface_ln0 (specinterface    ) [ 000000]
specinterface_ln0 (specinterface    ) [ 000000]
specinterface_ln0 (specinterface    ) [ 000000]
specinterface_ln0 (specinterface    ) [ 000000]
specinterface_ln0 (specinterface    ) [ 000000]
specinterface_ln0 (specinterface    ) [ 000000]
specinterface_ln0 (specinterface    ) [ 000000]
specinterface_ln0 (specinterface    ) [ 000000]
specinterface_ln0 (specinterface    ) [ 000000]
specloopname_ln51 (specloopname     ) [ 000000]
tmp               (specregionbegin  ) [ 001000]
br_ln53           (br               ) [ 011000]
j_0               (phi              ) [ 001000]
icmp_ln53         (icmp             ) [ 001000]
empty             (speclooptripcount) [ 000000]
j                 (add              ) [ 011000]
br_ln53           (br               ) [ 000000]
specloopname_ln53 (specloopname     ) [ 000000]
write_ln15        (write            ) [ 000000]
br_ln53           (br               ) [ 011000]
empty_30          (specregionend    ) [ 000000]
br_ln59           (br               ) [ 001110]
i1_0              (phi              ) [ 000100]
icmp_ln59         (icmp             ) [ 000110]
empty_31          (speclooptripcount) [ 000000]
i                 (add              ) [ 001110]
br_ln59           (br               ) [ 000000]
specloopname_ln59 (specloopname     ) [ 000000]
tmp_4             (specregionbegin  ) [ 000010]
specloopname_ln61 (specloopname     ) [ 000000]
write_ln15        (write            ) [ 000000]
br_ln65           (br               ) [ 000110]
specloopname_ln75 (specloopname     ) [ 000000]
tmp_3             (specregionbegin  ) [ 000001]
br_ln77           (br               ) [ 000111]
j3_0              (phi              ) [ 000010]
icmp_ln65         (icmp             ) [ 000110]
empty_32          (speclooptripcount) [ 000000]
j_4               (add              ) [ 000110]
br_ln65           (br               ) [ 000000]
specloopname_ln65 (specloopname     ) [ 000000]
empty_33          (read             ) [ 000000]
tmp_data_0_V      (extractvalue     ) [ 000000]
tmp_data_1_V      (extractvalue     ) [ 000000]
tmp_data_2_V      (extractvalue     ) [ 000000]
tmp_data_3_V      (extractvalue     ) [ 000000]
tmp_data_4_V      (extractvalue     ) [ 000000]
tmp_data_5_V      (extractvalue     ) [ 000000]
tmp_data_6_V      (extractvalue     ) [ 000000]
tmp_data_7_V      (extractvalue     ) [ 000000]
tmp_data_8_V      (extractvalue     ) [ 000000]
tmp_data_9_V      (extractvalue     ) [ 000000]
tmp_data_10_V     (extractvalue     ) [ 000000]
tmp_data_11_V     (extractvalue     ) [ 000000]
tmp_data_12_V     (extractvalue     ) [ 000000]
tmp_data_13_V     (extractvalue     ) [ 000000]
tmp_data_14_V     (extractvalue     ) [ 000000]
tmp_data_15_V     (extractvalue     ) [ 000000]
tmp_data_16_V     (extractvalue     ) [ 000000]
tmp_data_17_V     (extractvalue     ) [ 000000]
tmp_data_18_V     (extractvalue     ) [ 000000]
tmp_data_19_V     (extractvalue     ) [ 000000]
tmp_data_20_V     (extractvalue     ) [ 000000]
tmp_data_21_V     (extractvalue     ) [ 000000]
tmp_data_22_V     (extractvalue     ) [ 000000]
tmp_data_23_V     (extractvalue     ) [ 000000]
tmp_data_24_V     (extractvalue     ) [ 000000]
tmp_data_25_V     (extractvalue     ) [ 000000]
tmp_data_26_V     (extractvalue     ) [ 000000]
tmp_data_27_V     (extractvalue     ) [ 000000]
tmp_data_28_V     (extractvalue     ) [ 000000]
tmp_data_29_V     (extractvalue     ) [ 000000]
tmp_data_30_V     (extractvalue     ) [ 000000]
tmp_data_31_V     (extractvalue     ) [ 000000]
write_ln26        (write            ) [ 000000]
br_ln65           (br               ) [ 000110]
specloopname_ln69 (specloopname     ) [ 000000]
write_ln15        (write            ) [ 000000]
empty_34          (specregionend    ) [ 000000]
br_ln59           (br               ) [ 001110]
j6_0              (phi              ) [ 000001]
icmp_ln77         (icmp             ) [ 000001]
empty_35          (speclooptripcount) [ 000000]
j_3               (add              ) [ 000101]
br_ln77           (br               ) [ 000000]
specloopname_ln77 (specloopname     ) [ 000000]
write_ln15        (write            ) [ 000000]
br_ln77           (br               ) [ 000101]
empty_36          (specregionend    ) [ 000000]
ret_ln81          (ret              ) [ 000000]
</LifeTime>

<model>

<comp_list>
<comp id="0" class="1000" name="data_V_data_0_V">
<pin_list>
<pin id="1" dir="1" index="0" bw="1" slack="0"/>
</pin_list>
<bind>
<StgValue><ssdm name="data_V_data_0_V"/></StgValue>
</bind>
</comp>

<comp id="2" class="1000" name="data_V_data_1_V">
<pin_list>
<pin id="3" dir="1" index="0" bw="1" slack="0"/>
</pin_list>
<bind>
<StgValue><ssdm name="data_V_data_1_V"/></StgValue>
</bind>
</comp>

<comp id="4" class="1000" name="data_V_data_2_V">
<pin_list>
<pin id="5" dir="1" index="0" bw="1" slack="0"/>
</pin_list>
<bind>
<StgValue><ssdm name="data_V_data_2_V"/></StgValue>
</bind>
</comp>

<comp id="6" class="1000" name="data_V_data_3_V">
<pin_list>
<pin id="7" dir="1" index="0" bw="1" slack="0"/>
</pin_list>
<bind>
<StgValue><ssdm name="data_V_data_3_V"/></StgValue>
</bind>
</comp>

<comp id="8" class="1000" name="data_V_data_4_V">
<pin_list>
<pin id="9" dir="1" index="0" bw="1" slack="0"/>
</pin_list>
<bind>
<StgValue><ssdm name="data_V_data_4_V"/></StgValue>
</bind>
</comp>

<comp id="10" class="1000" name="data_V_data_5_V">
<pin_list>
<pin id="11" dir="1" index="0" bw="1" slack="0"/>
</pin_list>
<bind>
<StgValue><ssdm name="data_V_data_5_V"/></StgValue>
</bind>
</comp>

<comp id="12" class="1000" name="data_V_data_6_V">
<pin_list>
<pin id="13" dir="1" index="0" bw="1" slack="0"/>
</pin_list>
<bind>
<StgValue><ssdm name="data_V_data_6_V"/></StgValue>
</bind>
</comp>

<comp id="14" class="1000" name="data_V_data_7_V">
<pin_list>
<pin id="15" dir="1" index="0" bw="1" slack="0"/>
</pin_list>
<bind>
<StgValue><ssdm name="data_V_data_7_V"/></StgValue>
</bind>
</comp>

<comp id="16" class="1000" name="data_V_data_8_V">
<pin_list>
<pin id="17" dir="1" index="0" bw="1" slack="0"/>
</pin_list>
<bind>
<StgValue><ssdm name="data_V_data_8_V"/></StgValue>
</bind>
</comp>

<comp id="18" class="1000" name="data_V_data_9_V">
<pin_list>
<pin id="19" dir="1" index="0" bw="1" slack="0"/>
</pin_list>
<bind>
<StgValue><ssdm name="data_V_data_9_V"/></StgValue>
</bind>
</comp>

<comp id="20" class="1000" name="data_V_data_10_V">
<pin_list>
<pin id="21" dir="1" index="0" bw="1" slack="0"/>
</pin_list>
<bind>
<StgValue><ssdm name="data_V_data_10_V"/></StgValue>
</bind>
</comp>

<comp id="22" class="1000" name="data_V_data_11_V">
<pin_list>
<pin id="23" dir="1" index="0" bw="1" slack="0"/>
</pin_list>
<bind>
<StgValue><ssdm name="data_V_data_11_V"/></StgValue>
</bind>
</comp>

<comp id="24" class="1000" name="data_V_data_12_V">
<pin_list>
<pin id="25" dir="1" index="0" bw="1" slack="0"/>
</pin_list>
<bind>
<StgValue><ssdm name="data_V_data_12_V"/></StgValue>
</bind>
</comp>

<comp id="26" class="1000" name="data_V_data_13_V">
<pin_list>
<pin id="27" dir="1" index="0" bw="1" slack="0"/>
</pin_list>
<bind>
<StgValue><ssdm name="data_V_data_13_V"/></StgValue>
</bind>
</comp>

<comp id="28" class="1000" name="data_V_data_14_V">
<pin_list>
<pin id="29" dir="1" index="0" bw="1" slack="0"/>
</pin_list>
<bind>
<StgValue><ssdm name="data_V_data_14_V"/></StgValue>
</bind>
</comp>

<comp id="30" class="1000" name="data_V_data_15_V">
<pin_list>
<pin id="31" dir="1" index="0" bw="1" slack="0"/>
</pin_list>
<bind>
<StgValue><ssdm name="data_V_data_15_V"/></StgValue>
</bind>
</comp>

<comp id="32" class="1000" name="data_V_data_16_V">
<pin_list>
<pin id="33" dir="1" index="0" bw="1" slack="0"/>
</pin_list>
<bind>
<StgValue><ssdm name="data_V_data_16_V"/></StgValue>
</bind>
</comp>

<comp id="34" class="1000" name="data_V_data_17_V">
<pin_list>
<pin id="35" dir="1" index="0" bw="1" slack="0"/>
</pin_list>
<bind>
<StgValue><ssdm name="data_V_data_17_V"/></StgValue>
</bind>
</comp>

<comp id="36" class="1000" name="data_V_data_18_V">
<pin_list>
<pin id="37" dir="1" index="0" bw="1" slack="0"/>
</pin_list>
<bind>
<StgValue><ssdm name="data_V_data_18_V"/></StgValue>
</bind>
</comp>

<comp id="38" class="1000" name="data_V_data_19_V">
<pin_list>
<pin id="39" dir="1" index="0" bw="1" slack="0"/>
</pin_list>
<bind>
<StgValue><ssdm name="data_V_data_19_V"/></StgValue>
</bind>
</comp>

<comp id="40" class="1000" name="data_V_data_20_V">
<pin_list>
<pin id="41" dir="1" index="0" bw="1" slack="0"/>
</pin_list>
<bind>
<StgValue><ssdm name="data_V_data_20_V"/></StgValue>
</bind>
</comp>

<comp id="42" class="1000" name="data_V_data_21_V">
<pin_list>
<pin id="43" dir="1" index="0" bw="1" slack="0"/>
</pin_list>
<bind>
<StgValue><ssdm name="data_V_data_21_V"/></StgValue>
</bind>
</comp>

<comp id="44" class="1000" name="data_V_data_22_V">
<pin_list>
<pin id="45" dir="1" index="0" bw="1" slack="0"/>
</pin_list>
<bind>
<StgValue><ssdm name="data_V_data_22_V"/></StgValue>
</bind>
</comp>

<comp id="46" class="1000" name="data_V_data_23_V">
<pin_list>
<pin id="47" dir="1" index="0" bw="1" slack="0"/>
</pin_list>
<bind>
<StgValue><ssdm name="data_V_data_23_V"/></StgValue>
</bind>
</comp>

<comp id="48" class="1000" name="data_V_data_24_V">
<pin_list>
<pin id="49" dir="1" index="0" bw="1" slack="0"/>
</pin_list>
<bind>
<StgValue><ssdm name="data_V_data_24_V"/></StgValue>
</bind>
</comp>

<comp id="50" class="1000" name="data_V_data_25_V">
<pin_list>
<pin id="51" dir="1" index="0" bw="1" slack="0"/>
</pin_list>
<bind>
<StgValue><ssdm name="data_V_data_25_V"/></StgValue>
</bind>
</comp>

<comp id="52" class="1000" name="data_V_data_26_V">
<pin_list>
<pin id="53" dir="1" index="0" bw="1" slack="0"/>
</pin_list>
<bind>
<StgValue><ssdm name="data_V_data_26_V"/></StgValue>
</bind>
</comp>

<comp id="54" class="1000" name="data_V_data_27_V">
<pin_list>
<pin id="55" dir="1" index="0" bw="1" slack="0"/>
</pin_list>
<bind>
<StgValue><ssdm name="data_V_data_27_V"/></StgValue>
</bind>
</comp>

<comp id="56" class="1000" name="data_V_data_28_V">
<pin_list>
<pin id="57" dir="1" index="0" bw="1" slack="0"/>
</pin_list>
<bind>
<StgValue><ssdm name="data_V_data_28_V"/></StgValue>
</bind>
</comp>

<comp id="58" class="1000" name="data_V_data_29_V">
<pin_list>
<pin id="59" dir="1" index="0" bw="1" slack="0"/>
</pin_list>
<bind>
<StgValue><ssdm name="data_V_data_29_V"/></StgValue>
</bind>
</comp>

<comp id="60" class="1000" name="data_V_data_30_V">
<pin_list>
<pin id="61" dir="1" index="0" bw="1" slack="0"/>
</pin_list>
<bind>
<StgValue><ssdm name="data_V_data_30_V"/></StgValue>
</bind>
</comp>

<comp id="62" class="1000" name="data_V_data_31_V">
<pin_list>
<pin id="63" dir="1" index="0" bw="1" slack="0"/>
</pin_list>
<bind>
<StgValue><ssdm name="data_V_data_31_V"/></StgValue>
</bind>
</comp>

<comp id="64" class="1000" name="res_V_data_0_V">
<pin_list>
<pin id="65" dir="1" index="0" bw="1" slack="0"/>
</pin_list>
<bind>
<StgValue><ssdm name="res_V_data_0_V"/></StgValue>
</bind>
</comp>

<comp id="66" class="1000" name="res_V_data_1_V">
<pin_list>
<pin id="67" dir="1" index="0" bw="1" slack="0"/>
</pin_list>
<bind>
<StgValue><ssdm name="res_V_data_1_V"/></StgValue>
</bind>
</comp>

<comp id="68" class="1000" name="res_V_data_2_V">
<pin_list>
<pin id="69" dir="1" index="0" bw="1" slack="0"/>
</pin_list>
<bind>
<StgValue><ssdm name="res_V_data_2_V"/></StgValue>
</bind>
</comp>

<comp id="70" class="1000" name="res_V_data_3_V">
<pin_list>
<pin id="71" dir="1" index="0" bw="1" slack="0"/>
</pin_list>
<bind>
<StgValue><ssdm name="res_V_data_3_V"/></StgValue>
</bind>
</comp>

<comp id="72" class="1000" name="res_V_data_4_V">
<pin_list>
<pin id="73" dir="1" index="0" bw="1" slack="0"/>
</pin_list>
<bind>
<StgValue><ssdm name="res_V_data_4_V"/></StgValue>
</bind>
</comp>

<comp id="74" class="1000" name="res_V_data_5_V">
<pin_list>
<pin id="75" dir="1" index="0" bw="1" slack="0"/>
</pin_list>
<bind>
<StgValue><ssdm name="res_V_data_5_V"/></StgValue>
</bind>
</comp>

<comp id="76" class="1000" name="res_V_data_6_V">
<pin_list>
<pin id="77" dir="1" index="0" bw="1" slack="0"/>
</pin_list>
<bind>
<StgValue><ssdm name="res_V_data_6_V"/></StgValue>
</bind>
</comp>

<comp id="78" class="1000" name="res_V_data_7_V">
<pin_list>
<pin id="79" dir="1" index="0" bw="1" slack="0"/>
</pin_list>
<bind>
<StgValue><ssdm name="res_V_data_7_V"/></StgValue>
</bind>
</comp>

<comp id="80" class="1000" name="res_V_data_8_V">
<pin_list>
<pin id="81" dir="1" index="0" bw="1" slack="0"/>
</pin_list>
<bind>
<StgValue><ssdm name="res_V_data_8_V"/></StgValue>
</bind>
</comp>

<comp id="82" class="1000" name="res_V_data_9_V">
<pin_list>
<pin id="83" dir="1" index="0" bw="1" slack="0"/>
</pin_list>
<bind>
<StgValue><ssdm name="res_V_data_9_V"/></StgValue>
</bind>
</comp>

<comp id="84" class="1000" name="res_V_data_10_V">
<pin_list>
<pin id="85" dir="1" index="0" bw="1" slack="0"/>
</pin_list>
<bind>
<StgValue><ssdm name="res_V_data_10_V"/></StgValue>
</bind>
</comp>

<comp id="86" class="1000" name="res_V_data_11_V">
<pin_list>
<pin id="87" dir="1" index="0" bw="1" slack="0"/>
</pin_list>
<bind>
<StgValue><ssdm name="res_V_data_11_V"/></StgValue>
</bind>
</comp>

<comp id="88" class="1000" name="res_V_data_12_V">
<pin_list>
<pin id="89" dir="1" index="0" bw="1" slack="0"/>
</pin_list>
<bind>
<StgValue><ssdm name="res_V_data_12_V"/></StgValue>
</bind>
</comp>

<comp id="90" class="1000" name="res_V_data_13_V">
<pin_list>
<pin id="91" dir="1" index="0" bw="1" slack="0"/>
</pin_list>
<bind>
<StgValue><ssdm name="res_V_data_13_V"/></StgValue>
</bind>
</comp>

<comp id="92" class="1000" name="res_V_data_14_V">
<pin_list>
<pin id="93" dir="1" index="0" bw="1" slack="0"/>
</pin_list>
<bind>
<StgValue><ssdm name="res_V_data_14_V"/></StgValue>
</bind>
</comp>

<comp id="94" class="1000" name="res_V_data_15_V">
<pin_list>
<pin id="95" dir="1" index="0" bw="1" slack="0"/>
</pin_list>
<bind>
<StgValue><ssdm name="res_V_data_15_V"/></StgValue>
</bind>
</comp>

<comp id="96" class="1000" name="res_V_data_16_V">
<pin_list>
<pin id="97" dir="1" index="0" bw="1" slack="0"/>
</pin_list>
<bind>
<StgValue><ssdm name="res_V_data_16_V"/></StgValue>
</bind>
</comp>

<comp id="98" class="1000" name="res_V_data_17_V">
<pin_list>
<pin id="99" dir="1" index="0" bw="1" slack="0"/>
</pin_list>
<bind>
<StgValue><ssdm name="res_V_data_17_V"/></StgValue>
</bind>
</comp>

<comp id="100" class="1000" name="res_V_data_18_V">
<pin_list>
<pin id="101" dir="1" index="0" bw="1" slack="0"/>
</pin_list>
<bind>
<StgValue><ssdm name="res_V_data_18_V"/></StgValue>
</bind>
</comp>

<comp id="102" class="1000" name="res_V_data_19_V">
<pin_list>
<pin id="103" dir="1" index="0" bw="1" slack="0"/>
</pin_list>
<bind>
<StgValue><ssdm name="res_V_data_19_V"/></StgValue>
</bind>
</comp>

<comp id="104" class="1000" name="res_V_data_20_V">
<pin_list>
<pin id="105" dir="1" index="0" bw="1" slack="0"/>
</pin_list>
<bind>
<StgValue><ssdm name="res_V_data_20_V"/></StgValue>
</bind>
</comp>

<comp id="106" class="1000" name="res_V_data_21_V">
<pin_list>
<pin id="107" dir="1" index="0" bw="1" slack="0"/>
</pin_list>
<bind>
<StgValue><ssdm name="res_V_data_21_V"/></StgValue>
</bind>
</comp>

<comp id="108" class="1000" name="res_V_data_22_V">
<pin_list>
<pin id="109" dir="1" index="0" bw="1" slack="0"/>
</pin_list>
<bind>
<StgValue><ssdm name="res_V_data_22_V"/></StgValue>
</bind>
</comp>

<comp id="110" class="1000" name="res_V_data_23_V">
<pin_list>
<pin id="111" dir="1" index="0" bw="1" slack="0"/>
</pin_list>
<bind>
<StgValue><ssdm name="res_V_data_23_V"/></StgValue>
</bind>
</comp>

<comp id="112" class="1000" name="res_V_data_24_V">
<pin_list>
<pin id="113" dir="1" index="0" bw="1" slack="0"/>
</pin_list>
<bind>
<StgValue><ssdm name="res_V_data_24_V"/></StgValue>
</bind>
</comp>

<comp id="114" class="1000" name="res_V_data_25_V">
<pin_list>
<pin id="115" dir="1" index="0" bw="1" slack="0"/>
</pin_list>
<bind>
<StgValue><ssdm name="res_V_data_25_V"/></StgValue>
</bind>
</comp>

<comp id="116" class="1000" name="res_V_data_26_V">
<pin_list>
<pin id="117" dir="1" index="0" bw="1" slack="0"/>
</pin_list>
<bind>
<StgValue><ssdm name="res_V_data_26_V"/></StgValue>
</bind>
</comp>

<comp id="118" class="1000" name="res_V_data_27_V">
<pin_list>
<pin id="119" dir="1" index="0" bw="1" slack="0"/>
</pin_list>
<bind>
<StgValue><ssdm name="res_V_data_27_V"/></StgValue>
</bind>
</comp>

<comp id="120" class="1000" name="res_V_data_28_V">
<pin_list>
<pin id="121" dir="1" index="0" bw="1" slack="0"/>
</pin_list>
<bind>
<StgValue><ssdm name="res_V_data_28_V"/></StgValue>
</bind>
</comp>

<comp id="122" class="1000" name="res_V_data_29_V">
<pin_list>
<pin id="123" dir="1" index="0" bw="1" slack="0"/>
</pin_list>
<bind>
<StgValue><ssdm name="res_V_data_29_V"/></StgValue>
</bind>
</comp>

<comp id="124" class="1000" name="res_V_data_30_V">
<pin_list>
<pin id="125" dir="1" index="0" bw="1" slack="0"/>
</pin_list>
<bind>
<StgValue><ssdm name="res_V_data_30_V"/></StgValue>
</bind>
</comp>

<comp id="126" class="1000" name="res_V_data_31_V">
<pin_list>
<pin id="127" dir="1" index="0" bw="1" slack="0"/>
</pin_list>
<bind>
<StgValue><ssdm name="res_V_data_31_V"/></StgValue>
</bind>
</comp>

<comp id="128" class="1001" name="const_128">
<pin_list>
<pin id="129" dir="1" index="0" bw="1" slack="2147483647"/>
</pin_list>
<bind>
<StgValue><ssdm name="_ssdm_op_SpecInterface"/></StgValue>
</bind>
</comp>

<comp id="130" class="1001" name="const_130">
<pin_list>
<pin id="131" dir="1" index="0" bw="1" slack="2147483647"/>
</pin_list>
<bind>
<StgValue><ssdm name="ap_fifo_str"/></StgValue>
</bind>
</comp>

<comp id="132" class="1001" name="const_132">
<pin_list>
<pin id="133" dir="1" index="0" bw="1" slack="2147483647"/>
</pin_list>
<bind>
<StgValue><ssdm name=""/></StgValue>
</bind>
</comp>

<comp id="134" class="1001" name="const_134">
<pin_list>
<pin id="135" dir="1" index="0" bw="1" slack="2147483647"/>
</pin_list>
<bind>
<StgValue><ssdm name="p_str"/></StgValue>
</bind>
</comp>

<comp id="136" class="1001" name="const_136">
<pin_list>
<pin id="137" dir="1" index="0" bw="1" slack="2147483647"/>
</pin_list>
<bind>
<StgValue><ssdm name=""/></StgValue>
</bind>
</comp>

<comp id="138" class="1001" name="const_138">
<pin_list>
<pin id="139" dir="1" index="0" bw="1" slack="2147483647"/>
</pin_list>
<bind>
<StgValue><ssdm name=""/></StgValue>
</bind>
</comp>

<comp id="140" class="1001" name="const_140">
<pin_list>
<pin id="141" dir="1" index="0" bw="1" slack="2147483647"/>
</pin_list>
<bind>
<StgValue><ssdm name="_ssdm_op_SpecLoopName"/></StgValue>
</bind>
</comp>

<comp id="142" class="1001" name="const_142">
<pin_list>
<pin id="143" dir="1" index="0" bw="1" slack="2147483647"/>
</pin_list>
<bind>
<StgValue><ssdm name="p_str51"/></StgValue>
</bind>
</comp>

<comp id="144" class="1001" name="const_144">
<pin_list>
<pin id="145" dir="1" index="0" bw="1" slack="2147483647"/>
</pin_list>
<bind>
<StgValue><ssdm name="_ssdm_op_SpecRegionBegin"/></StgValue>
</bind>
</comp>

<comp id="146" class="1001" name="const_146">
<pin_list>
<pin id="147" dir="1" index="0" bw="1" slack="1"/>
</pin_list>
<bind>
<StgValue><ssdm name=""/></StgValue>
</bind>
</comp>

<comp id="148" class="1001" name="const_148">
<pin_list>
<pin id="149" dir="1" index="0" bw="1" slack="0"/>
</pin_list>
<bind>
<StgValue><ssdm name=""/></StgValue>
</bind>
</comp>

<comp id="150" class="1001" name="const_150">
<pin_list>
<pin id="151" dir="1" index="0" bw="1" slack="2147483647"/>
</pin_list>
<bind>
<StgValue><ssdm name="_ssdm_op_SpecLoopTripCount"/></StgValue>
</bind>
</comp>

<comp id="152" class="1001" name="const_152">
<pin_list>
<pin id="153" dir="1" index="0" bw="1" slack="2147483647"/>
</pin_list>
<bind>
<StgValue><ssdm name=""/></StgValue>
</bind>
</comp>

<comp id="154" class="1001" name="const_154">
<pin_list>
<pin id="155" dir="1" index="0" bw="1" slack="0"/>
</pin_list>
<bind>
<StgValue><ssdm name=""/></StgValue>
</bind>
</comp>

<comp id="156" class="1001" name="const_156">
<pin_list>
<pin id="157" dir="1" index="0" bw="1" slack="2147483647"/>
</pin_list>
<bind>
<StgValue><ssdm name="p_str52"/></StgValue>
</bind>
</comp>

<comp id="158" class="1001" name="const_158">
<pin_list>
<pin id="159" dir="1" index="0" bw="1" slack="0"/>
</pin_list>
<bind>
<StgValue><ssdm name="_ssdm_op_Write.ap_fifo.volatile.i8P.i8P.i8P.i8P.i8P.i8P.i8P.i8P.i8P.i8P.i8P.i8P.i8P.i8P.i8P.i8P.i8P.i8P.i8P.i8P.i8P.i8P.i8P.i8P.i8P.i8P.i8P.i8P.i8P.i8P.i8P.i8P"/></StgValue>
</bind>
</comp>

<comp id="160" class="1001" name="const_160">
<pin_list>
<pin id="161" dir="1" index="0" bw="1" slack="0"/>
</pin_list>
<bind>
<StgValue><ssdm name=""/></StgValue>
</bind>
</comp>

<comp id="162" class="1001" name="const_162">
<pin_list>
<pin id="163" dir="1" index="0" bw="1" slack="2147483647"/>
</pin_list>
<bind>
<StgValue><ssdm name="_ssdm_op_SpecRegionEnd"/></StgValue>
</bind>
</comp>

<comp id="164" class="1001" name="const_164">
<pin_list>
<pin id="165" dir="1" index="0" bw="1" slack="0"/>
</pin_list>
<bind>
<StgValue><ssdm name=""/></StgValue>
</bind>
</comp>

<comp id="166" class="1001" name="const_166">
<pin_list>
<pin id="167" dir="1" index="0" bw="1" slack="2147483647"/>
</pin_list>
<bind>
<StgValue><ssdm name=""/></StgValue>
</bind>
</comp>

<comp id="168" class="1001" name="const_168">
<pin_list>
<pin id="169" dir="1" index="0" bw="1" slack="2147483647"/>
</pin_list>
<bind>
<StgValue><ssdm name="p_str53"/></StgValue>
</bind>
</comp>

<comp id="170" class="1001" name="const_170">
<pin_list>
<pin id="171" dir="1" index="0" bw="1" slack="2147483647"/>
</pin_list>
<bind>
<StgValue><ssdm name="p_str54"/></StgValue>
</bind>
</comp>

<comp id="172" class="1001" name="const_172">
<pin_list>
<pin id="173" dir="1" index="0" bw="1" slack="2147483647"/>
</pin_list>
<bind>
<StgValue><ssdm name="p_str57"/></StgValue>
</bind>
</comp>

<comp id="174" class="1001" name="const_174">
<pin_list>
<pin id="175" dir="1" index="0" bw="1" slack="2147483647"/>
</pin_list>
<bind>
<StgValue><ssdm name="p_str55"/></StgValue>
</bind>
</comp>

<comp id="176" class="1001" name="const_176">
<pin_list>
<pin id="177" dir="1" index="0" bw="1" slack="0"/>
</pin_list>
<bind>
<StgValue><ssdm name="_ssdm_op_Read.ap_fifo.volatile.i8P.i8P.i8P.i8P.i8P.i8P.i8P.i8P.i8P.i8P.i8P.i8P.i8P.i8P.i8P.i8P.i8P.i8P.i8P.i8P.i8P.i8P.i8P.i8P.i8P.i8P.i8P.i8P.i8P.i8P.i8P.i8P"/></StgValue>
</bind>
</comp>

<comp id="178" class="1001" name="const_178">
<pin_list>
<pin id="179" dir="1" index="0" bw="1" slack="2147483647"/>
</pin_list>
<bind>
<StgValue><ssdm name="p_str56"/></StgValue>
</bind>
</comp>

<comp id="180" class="1001" name="const_180">
<pin_list>
<pin id="181" dir="1" index="0" bw="1" slack="2147483647"/>
</pin_list>
<bind>
<StgValue><ssdm name="p_str58"/></StgValue>
</bind>
</comp>

<comp id="182" class="1004" name="grp_write_fu_182">
<pin_list>
<pin id="183" dir="0" index="0" bw="0" slack="0"/>
<pin id="184" dir="0" index="1" bw="8" slack="0"/>
<pin id="185" dir="0" index="2" bw="8" slack="0"/>
<pin id="186" dir="0" index="3" bw="8" slack="0"/>
<pin id="187" dir="0" index="4" bw="8" slack="0"/>
<pin id="188" dir="0" index="5" bw="8" slack="0"/>
<pin id="189" dir="0" index="6" bw="8" slack="0"/>
<pin id="190" dir="0" index="7" bw="8" slack="0"/>
<pin id="191" dir="0" index="8" bw="8" slack="0"/>
<pin id="192" dir="0" index="9" bw="8" slack="0"/>
<pin id="193" dir="0" index="10" bw="8" slack="0"/>
<pin id="194" dir="0" index="11" bw="8" slack="0"/>
<pin id="195" dir="0" index="12" bw="8" slack="0"/>
<pin id="196" dir="0" index="13" bw="8" slack="0"/>
<pin id="197" dir="0" index="14" bw="8" slack="0"/>
<pin id="198" dir="0" index="15" bw="8" slack="0"/>
<pin id="199" dir="0" index="16" bw="8" slack="0"/>
<pin id="200" dir="0" index="17" bw="8" slack="0"/>
<pin id="201" dir="0" index="18" bw="8" slack="0"/>
<pin id="202" dir="0" index="19" bw="8" slack="0"/>
<pin id="203" dir="0" index="20" bw="8" slack="0"/>
<pin id="204" dir="0" index="21" bw="8" slack="0"/>
<pin id="205" dir="0" index="22" bw="8" slack="0"/>
<pin id="206" dir="0" index="23" bw="8" slack="0"/>
<pin id="207" dir="0" index="24" bw="8" slack="0"/>
<pin id="208" dir="0" index="25" bw="8" slack="0"/>
<pin id="209" dir="0" index="26" bw="8" slack="0"/>
<pin id="210" dir="0" index="27" bw="8" slack="0"/>
<pin id="211" dir="0" index="28" bw="8" slack="0"/>
<pin id="212" dir="0" index="29" bw="8" slack="0"/>
<pin id="213" dir="0" index="30" bw="8" slack="0"/>
<pin id="214" dir="0" index="31" bw="8" slack="0"/>
<pin id="215" dir="0" index="32" bw="8" slack="0"/>
<pin id="216" dir="0" index="33" bw="8" slack="0"/>
<pin id="217" dir="0" index="34" bw="8" slack="0"/>
<pin id="218" dir="0" index="35" bw="8" slack="0"/>
<pin id="219" dir="0" index="36" bw="8" slack="0"/>
<pin id="220" dir="0" index="37" bw="8" slack="0"/>
<pin id="221" dir="0" index="38" bw="8" slack="0"/>
<pin id="222" dir="0" index="39" bw="8" slack="0"/>
<pin id="223" dir="0" index="40" bw="8" slack="0"/>
<pin id="224" dir="0" index="41" bw="8" slack="0"/>
<pin id="225" dir="0" index="42" bw="8" slack="0"/>
<pin id="226" dir="0" index="43" bw="8" slack="0"/>
<pin id="227" dir="0" index="44" bw="8" slack="0"/>
<pin id="228" dir="0" index="45" bw="8" slack="0"/>
<pin id="229" dir="0" index="46" bw="8" slack="0"/>
<pin id="230" dir="0" index="47" bw="8" slack="0"/>
<pin id="231" dir="0" index="48" bw="8" slack="0"/>
<pin id="232" dir="0" index="49" bw="8" slack="0"/>
<pin id="233" dir="0" index="50" bw="8" slack="0"/>
<pin id="234" dir="0" index="51" bw="8" slack="0"/>
<pin id="235" dir="0" index="52" bw="8" slack="0"/>
<pin id="236" dir="0" index="53" bw="8" slack="0"/>
<pin id="237" dir="0" index="54" bw="8" slack="0"/>
<pin id="238" dir="0" index="55" bw="8" slack="0"/>
<pin id="239" dir="0" index="56" bw="8" slack="0"/>
<pin id="240" dir="0" index="57" bw="8" slack="0"/>
<pin id="241" dir="0" index="58" bw="8" slack="0"/>
<pin id="242" dir="0" index="59" bw="8" slack="0"/>
<pin id="243" dir="0" index="60" bw="8" slack="0"/>
<pin id="244" dir="0" index="61" bw="8" slack="0"/>
<pin id="245" dir="0" index="62" bw="8" slack="0"/>
<pin id="246" dir="0" index="63" bw="8" slack="0"/>
<pin id="247" dir="0" index="64" bw="8" slack="0"/>
<pin id="248" dir="1" index="65" bw="0" slack="2147483647"/>
</pin_list>
<bind>
<opcode="write(1151) " fcode="write"/>
<opset="write_ln15/2 write_ln15/3 write_ln26/4 write_ln15/4 write_ln15/5 "/>
</bind>
</comp>

<comp id="314" class="1004" name="empty_33_read_fu_314">
<pin_list>
<pin id="315" dir="0" index="0" bw="256" slack="0"/>
<pin id="316" dir="0" index="1" bw="8" slack="0"/>
<pin id="317" dir="0" index="2" bw="8" slack="0"/>
<pin id="318" dir="0" index="3" bw="8" slack="0"/>
<pin id="319" dir="0" index="4" bw="8" slack="0"/>
<pin id="320" dir="0" index="5" bw="8" slack="0"/>
<pin id="321" dir="0" index="6" bw="8" slack="0"/>
<pin id="322" dir="0" index="7" bw="8" slack="0"/>
<pin id="323" dir="0" index="8" bw="8" slack="0"/>
<pin id="324" dir="0" index="9" bw="8" slack="0"/>
<pin id="325" dir="0" index="10" bw="8" slack="0"/>
<pin id="326" dir="0" index="11" bw="8" slack="0"/>
<pin id="327" dir="0" index="12" bw="8" slack="0"/>
<pin id="328" dir="0" index="13" bw="8" slack="0"/>
<pin id="329" dir="0" index="14" bw="8" slack="0"/>
<pin id="330" dir="0" index="15" bw="8" slack="0"/>
<pin id="331" dir="0" index="16" bw="8" slack="0"/>
<pin id="332" dir="0" index="17" bw="8" slack="0"/>
<pin id="333" dir="0" index="18" bw="8" slack="0"/>
<pin id="334" dir="0" index="19" bw="8" slack="0"/>
<pin id="335" dir="0" index="20" bw="8" slack="0"/>
<pin id="336" dir="0" index="21" bw="8" slack="0"/>
<pin id="337" dir="0" index="22" bw="8" slack="0"/>
<pin id="338" dir="0" index="23" bw="8" slack="0"/>
<pin id="339" dir="0" index="24" bw="8" slack="0"/>
<pin id="340" dir="0" index="25" bw="8" slack="0"/>
<pin id="341" dir="0" index="26" bw="8" slack="0"/>
<pin id="342" dir="0" index="27" bw="8" slack="0"/>
<pin id="343" dir="0" index="28" bw="8" slack="0"/>
<pin id="344" dir="0" index="29" bw="8" slack="0"/>
<pin id="345" dir="0" index="30" bw="8" slack="0"/>
<pin id="346" dir="0" index="31" bw="8" slack="0"/>
<pin id="347" dir="0" index="32" bw="8" slack="0"/>
<pin id="348" dir="1" index="33" bw="256" slack="0"/>
</pin_list>
<bind>
<opcode="read(1150) " fcode="read"/>
<opset="empty_33/4 "/>
</bind>
</comp>

<comp id="382" class="1005" name="j_0_reg_382">
<pin_list>
<pin id="383" dir="0" index="0" bw="4" slack="1"/>
<pin id="384" dir="1" index="1" bw="4" slack="1"/>
</pin_list>
<bind>
<opset="j_0 (phireg) "/>
</bind>
</comp>

<comp id="386" class="1004" name="j_0_phi_fu_386">
<pin_list>
<pin id="387" dir="0" index="0" bw="1" slack="1"/>
<pin id="388" dir="0" index="1" bw="0" slack="2147483647"/>
<pin id="389" dir="0" index="2" bw="4" slack="0"/>
<pin id="390" dir="0" index="3" bw="0" slack="2147483647"/>
<pin id="391" dir="1" index="4" bw="4" slack="0"/>
</pin_list>
<bind>
<opcode="phi(47) " fcode="phi"/>
<opset="j_0/2 "/>
</bind>
</comp>

<comp id="393" class="1005" name="i1_0_reg_393">
<pin_list>
<pin id="394" dir="0" index="0" bw="4" slack="1"/>
<pin id="395" dir="1" index="1" bw="4" slack="1"/>
</pin_list>
<bind>
<opset="i1_0 (phireg) "/>
</bind>
</comp>

<comp id="397" class="1004" name="i1_0_phi_fu_397">
<pin_list>
<pin id="398" dir="0" index="0" bw="4" slack="0"/>
<pin id="399" dir="0" index="1" bw="0" slack="2147483647"/>
<pin id="400" dir="0" index="2" bw="1" slack="1"/>
<pin id="401" dir="0" index="3" bw="0" slack="2147483647"/>
<pin id="402" dir="1" index="4" bw="4" slack="0"/>
</pin_list>
<bind>
<opcode="phi(47) " fcode="phi"/>
<opset="i1_0/3 "/>
</bind>
</comp>

<comp id="404" class="1005" name="j3_0_reg_404">
<pin_list>
<pin id="405" dir="0" index="0" bw="4" slack="1"/>
<pin id="406" dir="1" index="1" bw="4" slack="1"/>
</pin_list>
<bind>
<opset="j3_0 (phireg) "/>
</bind>
</comp>

<comp id="408" class="1004" name="j3_0_phi_fu_408">
<pin_list>
<pin id="409" dir="0" index="0" bw="4" slack="0"/>
<pin id="410" dir="0" index="1" bw="0" slack="2147483647"/>
<pin id="411" dir="0" index="2" bw="1" slack="1"/>
<pin id="412" dir="0" index="3" bw="0" slack="2147483647"/>
<pin id="413" dir="1" index="4" bw="4" slack="0"/>
</pin_list>
<bind>
<opcode="phi(47) " fcode="phi"/>
<opset="j3_0/4 "/>
</bind>
</comp>

<comp id="415" class="1005" name="j6_0_reg_415">
<pin_list>
<pin id="416" dir="0" index="0" bw="4" slack="1"/>
<pin id="417" dir="1" index="1" bw="4" slack="1"/>
</pin_list>
<bind>
<opset="j6_0 (phireg) "/>
</bind>
</comp>

<comp id="419" class="1004" name="j6_0_phi_fu_419">
<pin_list>
<pin id="420" dir="0" index="0" bw="1" slack="1"/>
<pin id="421" dir="0" index="1" bw="0" slack="2147483647"/>
<pin id="422" dir="0" index="2" bw="4" slack="0"/>
<pin id="423" dir="0" index="3" bw="0" slack="2147483647"/>
<pin id="424" dir="1" index="4" bw="4" slack="0"/>
</pin_list>
<bind>
<opcode="phi(47) " fcode="phi"/>
<opset="j6_0/5 "/>
</bind>
</comp>

<comp id="426" class="1004" name="icmp_ln53_fu_426">
<pin_list>
<pin id="427" dir="0" index="0" bw="4" slack="0"/>
<pin id="428" dir="0" index="1" bw="4" slack="0"/>
<pin id="429" dir="1" index="2" bw="1" slack="2147483647"/>
</pin_list>
<bind>
<opcode="icmp(45) " fcode="icmp"/>
<opset="icmp_ln53/2 "/>
</bind>
</comp>

<comp id="432" class="1004" name="j_fu_432">
<pin_list>
<pin id="433" dir="0" index="0" bw="4" slack="0"/>
<pin id="434" dir="0" index="1" bw="1" slack="0"/>
<pin id="435" dir="1" index="2" bw="4" slack="0"/>
</pin_list>
<bind>
<opcode="add(8) " fcode="add"/>
<opset="j/2 "/>
</bind>
</comp>

<comp id="438" class="1004" name="icmp_ln59_fu_438">
<pin_list>
<pin id="439" dir="0" index="0" bw="4" slack="0"/>
<pin id="440" dir="0" index="1" bw="4" slack="0"/>
<pin id="441" dir="1" index="2" bw="1" slack="2147483647"/>
</pin_list>
<bind>
<opcode="icmp(45) " fcode="icmp"/>
<opset="icmp_ln59/3 "/>
</bind>
</comp>

<comp id="444" class="1004" name="i_fu_444">
<pin_list>
<pin id="445" dir="0" index="0" bw="4" slack="0"/>
<pin id="446" dir="0" index="1" bw="1" slack="0"/>
<pin id="447" dir="1" index="2" bw="4" slack="0"/>
</pin_list>
<bind>
<opcode="add(8) " fcode="add"/>
<opset="i/3 "/>
</bind>
</comp>

<comp id="450" class="1004" name="icmp_ln65_fu_450">
<pin_list>
<pin id="451" dir="0" index="0" bw="4" slack="0"/>
<pin id="452" dir="0" index="1" bw="4" slack="0"/>
<pin id="453" dir="1" index="2" bw="1" slack="2147483647"/>
</pin_list>
<bind>
<opcode="icmp(45) " fcode="icmp"/>
<opset="icmp_ln65/4 "/>
</bind>
</comp>

<comp id="456" class="1004" name="j_4_fu_456">
<pin_list>
<pin id="457" dir="0" index="0" bw="4" slack="0"/>
<pin id="458" dir="0" index="1" bw="1" slack="0"/>
<pin id="459" dir="1" index="2" bw="4" slack="0"/>
</pin_list>
<bind>
<opcode="add(8) " fcode="add"/>
<opset="j_4/4 "/>
</bind>
</comp>

<comp id="462" class="1004" name="tmp_data_0_V_fu_462">
<pin_list>
<pin id="463" dir="0" index="0" bw="256" slack="0"/>
<pin id="464" dir="1" index="1" bw="8" slack="0"/>
</pin_list>
<bind>
<opcode="extractvalue(56) " fcode="extractvalue"/>
<opset="tmp_data_0_V/4 "/>
</bind>
</comp>

<comp id="467" class="1004" name="tmp_data_1_V_fu_467">
<pin_list>
<pin id="468" dir="0" index="0" bw="256" slack="0"/>
<pin id="469" dir="1" index="1" bw="8" slack="0"/>
</pin_list>
<bind>
<opcode="extractvalue(56) " fcode="extractvalue"/>
<opset="tmp_data_1_V/4 "/>
</bind>
</comp>

<comp id="472" class="1004" name="tmp_data_2_V_fu_472">
<pin_list>
<pin id="473" dir="0" index="0" bw="256" slack="0"/>
<pin id="474" dir="1" index="1" bw="8" slack="0"/>
</pin_list>
<bind>
<opcode="extractvalue(56) " fcode="extractvalue"/>
<opset="tmp_data_2_V/4 "/>
</bind>
</comp>

<comp id="477" class="1004" name="tmp_data_3_V_fu_477">
<pin_list>
<pin id="478" dir="0" index="0" bw="256" slack="0"/>
<pin id="479" dir="1" index="1" bw="8" slack="0"/>
</pin_list>
<bind>
<opcode="extractvalue(56) " fcode="extractvalue"/>
<opset="tmp_data_3_V/4 "/>
</bind>
</comp>

<comp id="482" class="1004" name="tmp_data_4_V_fu_482">
<pin_list>
<pin id="483" dir="0" index="0" bw="256" slack="0"/>
<pin id="484" dir="1" index="1" bw="8" slack="0"/>
</pin_list>
<bind>
<opcode="extractvalue(56) " fcode="extractvalue"/>
<opset="tmp_data_4_V/4 "/>
</bind>
</comp>

<comp id="487" class="1004" name="tmp_data_5_V_fu_487">
<pin_list>
<pin id="488" dir="0" index="0" bw="256" slack="0"/>
<pin id="489" dir="1" index="1" bw="8" slack="0"/>
</pin_list>
<bind>
<opcode="extractvalue(56) " fcode="extractvalue"/>
<opset="tmp_data_5_V/4 "/>
</bind>
</comp>

<comp id="492" class="1004" name="tmp_data_6_V_fu_492">
<pin_list>
<pin id="493" dir="0" index="0" bw="256" slack="0"/>
<pin id="494" dir="1" index="1" bw="8" slack="0"/>
</pin_list>
<bind>
<opcode="extractvalue(56) " fcode="extractvalue"/>
<opset="tmp_data_6_V/4 "/>
</bind>
</comp>

<comp id="497" class="1004" name="tmp_data_7_V_fu_497">
<pin_list>
<pin id="498" dir="0" index="0" bw="256" slack="0"/>
<pin id="499" dir="1" index="1" bw="8" slack="0"/>
</pin_list>
<bind>
<opcode="extractvalue(56) " fcode="extractvalue"/>
<opset="tmp_data_7_V/4 "/>
</bind>
</comp>

<comp id="502" class="1004" name="tmp_data_8_V_fu_502">
<pin_list>
<pin id="503" dir="0" index="0" bw="256" slack="0"/>
<pin id="504" dir="1" index="1" bw="8" slack="0"/>
</pin_list>
<bind>
<opcode="extractvalue(56) " fcode="extractvalue"/>
<opset="tmp_data_8_V/4 "/>
</bind>
</comp>

<comp id="507" class="1004" name="tmp_data_9_V_fu_507">
<pin_list>
<pin id="508" dir="0" index="0" bw="256" slack="0"/>
<pin id="509" dir="1" index="1" bw="8" slack="0"/>
</pin_list>
<bind>
<opcode="extractvalue(56) " fcode="extractvalue"/>
<opset="tmp_data_9_V/4 "/>
</bind>
</comp>

<comp id="512" class="1004" name="tmp_data_10_V_fu_512">
<pin_list>
<pin id="513" dir="0" index="0" bw="256" slack="0"/>
<pin id="514" dir="1" index="1" bw="8" slack="0"/>
</pin_list>
<bind>
<opcode="extractvalue(56) " fcode="extractvalue"/>
<opset="tmp_data_10_V/4 "/>
</bind>
</comp>

<comp id="517" class="1004" name="tmp_data_11_V_fu_517">
<pin_list>
<pin id="518" dir="0" index="0" bw="256" slack="0"/>
<pin id="519" dir="1" index="1" bw="8" slack="0"/>
</pin_list>
<bind>
<opcode="extractvalue(56) " fcode="extractvalue"/>
<opset="tmp_data_11_V/4 "/>
</bind>
</comp>

<comp id="522" class="1004" name="tmp_data_12_V_fu_522">
<pin_list>
<pin id="523" dir="0" index="0" bw="256" slack="0"/>
<pin id="524" dir="1" index="1" bw="8" slack="0"/>
</pin_list>
<bind>
<opcode="extractvalue(56) " fcode="extractvalue"/>
<opset="tmp_data_12_V/4 "/>
</bind>
</comp>

<comp id="527" class="1004" name="tmp_data_13_V_fu_527">
<pin_list>
<pin id="528" dir="0" index="0" bw="256" slack="0"/>
<pin id="529" dir="1" index="1" bw="8" slack="0"/>
</pin_list>
<bind>
<opcode="extractvalue(56) " fcode="extractvalue"/>
<opset="tmp_data_13_V/4 "/>
</bind>
</comp>

<comp id="532" class="1004" name="tmp_data_14_V_fu_532">
<pin_list>
<pin id="533" dir="0" index="0" bw="256" slack="0"/>
<pin id="534" dir="1" index="1" bw="8" slack="0"/>
</pin_list>
<bind>
<opcode="extractvalue(56) " fcode="extractvalue"/>
<opset="tmp_data_14_V/4 "/>
</bind>
</comp>

<comp id="537" class="1004" name="tmp_data_15_V_fu_537">
<pin_list>
<pin id="538" dir="0" index="0" bw="256" slack="0"/>
<pin id="539" dir="1" index="1" bw="8" slack="0"/>
</pin_list>
<bind>
<opcode="extractvalue(56) " fcode="extractvalue"/>
<opset="tmp_data_15_V/4 "/>
</bind>
</comp>

<comp id="542" class="1004" name="tmp_data_16_V_fu_542">
<pin_list>
<pin id="543" dir="0" index="0" bw="256" slack="0"/>
<pin id="544" dir="1" index="1" bw="8" slack="0"/>
</pin_list>
<bind>
<opcode="extractvalue(56) " fcode="extractvalue"/>
<opset="tmp_data_16_V/4 "/>
</bind>
</comp>

<comp id="547" class="1004" name="tmp_data_17_V_fu_547">
<pin_list>
<pin id="548" dir="0" index="0" bw="256" slack="0"/>
<pin id="549" dir="1" index="1" bw="8" slack="0"/>
</pin_list>
<bind>
<opcode="extractvalue(56) " fcode="extractvalue"/>
<opset="tmp_data_17_V/4 "/>
</bind>
</comp>

<comp id="552" class="1004" name="tmp_data_18_V_fu_552">
<pin_list>
<pin id="553" dir="0" index="0" bw="256" slack="0"/>
<pin id="554" dir="1" index="1" bw="8" slack="0"/>
</pin_list>
<bind>
<opcode="extractvalue(56) " fcode="extractvalue"/>
<opset="tmp_data_18_V/4 "/>
</bind>
</comp>

<comp id="557" class="1004" name="tmp_data_19_V_fu_557">
<pin_list>
<pin id="558" dir="0" index="0" bw="256" slack="0"/>
<pin id="559" dir="1" index="1" bw="8" slack="0"/>
</pin_list>
<bind>
<opcode="extractvalue(56) " fcode="extractvalue"/>
<opset="tmp_data_19_V/4 "/>
</bind>
</comp>

<comp id="562" class="1004" name="tmp_data_20_V_fu_562">
<pin_list>
<pin id="563" dir="0" index="0" bw="256" slack="0"/>
<pin id="564" dir="1" index="1" bw="8" slack="0"/>
</pin_list>
<bind>
<opcode="extractvalue(56) " fcode="extractvalue"/>
<opset="tmp_data_20_V/4 "/>
</bind>
</comp>

<comp id="567" class="1004" name="tmp_data_21_V_fu_567">
<pin_list>
<pin id="568" dir="0" index="0" bw="256" slack="0"/>
<pin id="569" dir="1" index="1" bw="8" slack="0"/>
</pin_list>
<bind>
<opcode="extractvalue(56) " fcode="extractvalue"/>
<opset="tmp_data_21_V/4 "/>
</bind>
</comp>

<comp id="572" class="1004" name="tmp_data_22_V_fu_572">
<pin_list>
<pin id="573" dir="0" index="0" bw="256" slack="0"/>
<pin id="574" dir="1" index="1" bw="8" slack="0"/>
</pin_list>
<bind>
<opcode="extractvalue(56) " fcode="extractvalue"/>
<opset="tmp_data_22_V/4 "/>
</bind>
</comp>

<comp id="577" class="1004" name="tmp_data_23_V_fu_577">
<pin_list>
<pin id="578" dir="0" index="0" bw="256" slack="0"/>
<pin id="579" dir="1" index="1" bw="8" slack="0"/>
</pin_list>
<bind>
<opcode="extractvalue(56) " fcode="extractvalue"/>
<opset="tmp_data_23_V/4 "/>
</bind>
</comp>

<comp id="582" class="1004" name="tmp_data_24_V_fu_582">
<pin_list>
<pin id="583" dir="0" index="0" bw="256" slack="0"/>
<pin id="584" dir="1" index="1" bw="8" slack="0"/>
</pin_list>
<bind>
<opcode="extractvalue(56) " fcode="extractvalue"/>
<opset="tmp_data_24_V/4 "/>
</bind>
</comp>

<comp id="587" class="1004" name="tmp_data_25_V_fu_587">
<pin_list>
<pin id="588" dir="0" index="0" bw="256" slack="0"/>
<pin id="589" dir="1" index="1" bw="8" slack="0"/>
</pin_list>
<bind>
<opcode="extractvalue(56) " fcode="extractvalue"/>
<opset="tmp_data_25_V/4 "/>
</bind>
</comp>

<comp id="592" class="1004" name="tmp_data_26_V_fu_592">
<pin_list>
<pin id="593" dir="0" index="0" bw="256" slack="0"/>
<pin id="594" dir="1" index="1" bw="8" slack="0"/>
</pin_list>
<bind>
<opcode="extractvalue(56) " fcode="extractvalue"/>
<opset="tmp_data_26_V/4 "/>
</bind>
</comp>

<comp id="597" class="1004" name="tmp_data_27_V_fu_597">
<pin_list>
<pin id="598" dir="0" index="0" bw="256" slack="0"/>
<pin id="599" dir="1" index="1" bw="8" slack="0"/>
</pin_list>
<bind>
<opcode="extractvalue(56) " fcode="extractvalue"/>
<opset="tmp_data_27_V/4 "/>
</bind>
</comp>

<comp id="602" class="1004" name="tmp_data_28_V_fu_602">
<pin_list>
<pin id="603" dir="0" index="0" bw="256" slack="0"/>
<pin id="604" dir="1" index="1" bw="8" slack="0"/>
</pin_list>
<bind>
<opcode="extractvalue(56) " fcode="extractvalue"/>
<opset="tmp_data_28_V/4 "/>
</bind>
</comp>

<comp id="607" class="1004" name="tmp_data_29_V_fu_607">
<pin_list>
<pin id="608" dir="0" index="0" bw="256" slack="0"/>
<pin id="609" dir="1" index="1" bw="8" slack="0"/>
</pin_list>
<bind>
<opcode="extractvalue(56) " fcode="extractvalue"/>
<opset="tmp_data_29_V/4 "/>
</bind>
</comp>

<comp id="612" class="1004" name="tmp_data_30_V_fu_612">
<pin_list>
<pin id="613" dir="0" index="0" bw="256" slack="0"/>
<pin id="614" dir="1" index="1" bw="8" slack="0"/>
</pin_list>
<bind>
<opcode="extractvalue(56) " fcode="extractvalue"/>
<opset="tmp_data_30_V/4 "/>
</bind>
</comp>

<comp id="617" class="1004" name="tmp_data_31_V_fu_617">
<pin_list>
<pin id="618" dir="0" index="0" bw="256" slack="0"/>
<pin id="619" dir="1" index="1" bw="8" slack="0"/>
</pin_list>
<bind>
<opcode="extractvalue(56) " fcode="extractvalue"/>
<opset="tmp_data_31_V/4 "/>
</bind>
</comp>

<comp id="622" class="1004" name="icmp_ln77_fu_622">
<pin_list>
<pin id="623" dir="0" index="0" bw="4" slack="0"/>
<pin id="624" dir="0" index="1" bw="4" slack="0"/>
<pin id="625" dir="1" index="2" bw="1" slack="2147483647"/>
</pin_list>
<bind>
<opcode="icmp(45) " fcode="icmp"/>
<opset="icmp_ln77/5 "/>
</bind>
</comp>

<comp id="628" class="1004" name="j_3_fu_628">
<pin_list>
<pin id="629" dir="0" index="0" bw="4" slack="0"/>
<pin id="630" dir="0" index="1" bw="1" slack="0"/>
<pin id="631" dir="1" index="2" bw="4" slack="0"/>
</pin_list>
<bind>
<opcode="add(8) " fcode="add"/>
<opset="j_3/5 "/>
</bind>
</comp>

<comp id="637" class="1005" name="j_reg_637">
<pin_list>
<pin id="638" dir="0" index="0" bw="4" slack="0"/>
<pin id="639" dir="1" index="1" bw="4" slack="0"/>
</pin_list>
<bind>
<opset="j "/>
</bind>
</comp>

<comp id="645" class="1005" name="i_reg_645">
<pin_list>
<pin id="646" dir="0" index="0" bw="4" slack="0"/>
<pin id="647" dir="1" index="1" bw="4" slack="0"/>
</pin_list>
<bind>
<opset="i "/>
</bind>
</comp>

<comp id="653" class="1005" name="j_4_reg_653">
<pin_list>
<pin id="654" dir="0" index="0" bw="4" slack="0"/>
<pin id="655" dir="1" index="1" bw="4" slack="0"/>
</pin_list>
<bind>
<opset="j_4 "/>
</bind>
</comp>

<comp id="661" class="1005" name="j_3_reg_661">
<pin_list>
<pin id="662" dir="0" index="0" bw="4" slack="0"/>
<pin id="663" dir="1" index="1" bw="4" slack="0"/>
</pin_list>
<bind>
<opset="j_3 "/>
</bind>
</comp>

</comp_list>

<net_list>
<net id="249"><net_src comp="158" pin="0"/><net_sink comp="182" pin=0"/></net>

<net id="250"><net_src comp="64" pin="0"/><net_sink comp="182" pin=1"/></net>

<net id="251"><net_src comp="66" pin="0"/><net_sink comp="182" pin=2"/></net>

<net id="252"><net_src comp="68" pin="0"/><net_sink comp="182" pin=3"/></net>

<net id="253"><net_src comp="70" pin="0"/><net_sink comp="182" pin=4"/></net>

<net id="254"><net_src comp="72" pin="0"/><net_sink comp="182" pin=5"/></net>

<net id="255"><net_src comp="74" pin="0"/><net_sink comp="182" pin=6"/></net>

<net id="256"><net_src comp="76" pin="0"/><net_sink comp="182" pin=7"/></net>

<net id="257"><net_src comp="78" pin="0"/><net_sink comp="182" pin=8"/></net>

<net id="258"><net_src comp="80" pin="0"/><net_sink comp="182" pin=9"/></net>

<net id="259"><net_src comp="82" pin="0"/><net_sink comp="182" pin=10"/></net>

<net id="260"><net_src comp="84" pin="0"/><net_sink comp="182" pin=11"/></net>

<net id="261"><net_src comp="86" pin="0"/><net_sink comp="182" pin=12"/></net>

<net id="262"><net_src comp="88" pin="0"/><net_sink comp="182" pin=13"/></net>

<net id="263"><net_src comp="90" pin="0"/><net_sink comp="182" pin=14"/></net>

<net id="264"><net_src comp="92" pin="0"/><net_sink comp="182" pin=15"/></net>

<net id="265"><net_src comp="94" pin="0"/><net_sink comp="182" pin=16"/></net>

<net id="266"><net_src comp="96" pin="0"/><net_sink comp="182" pin=17"/></net>

<net id="267"><net_src comp="98" pin="0"/><net_sink comp="182" pin=18"/></net>

<net id="268"><net_src comp="100" pin="0"/><net_sink comp="182" pin=19"/></net>

<net id="269"><net_src comp="102" pin="0"/><net_sink comp="182" pin=20"/></net>

<net id="270"><net_src comp="104" pin="0"/><net_sink comp="182" pin=21"/></net>

<net id="271"><net_src comp="106" pin="0"/><net_sink comp="182" pin=22"/></net>

<net id="272"><net_src comp="108" pin="0"/><net_sink comp="182" pin=23"/></net>

<net id="273"><net_src comp="110" pin="0"/><net_sink comp="182" pin=24"/></net>

<net id="274"><net_src comp="112" pin="0"/><net_sink comp="182" pin=25"/></net>

<net id="275"><net_src comp="114" pin="0"/><net_sink comp="182" pin=26"/></net>

<net id="276"><net_src comp="116" pin="0"/><net_sink comp="182" pin=27"/></net>

<net id="277"><net_src comp="118" pin="0"/><net_sink comp="182" pin=28"/></net>

<net id="278"><net_src comp="120" pin="0"/><net_sink comp="182" pin=29"/></net>

<net id="279"><net_src comp="122" pin="0"/><net_sink comp="182" pin=30"/></net>

<net id="280"><net_src comp="124" pin="0"/><net_sink comp="182" pin=31"/></net>

<net id="281"><net_src comp="126" pin="0"/><net_sink comp="182" pin=32"/></net>

<net id="282"><net_src comp="160" pin="0"/><net_sink comp="182" pin=33"/></net>

<net id="283"><net_src comp="160" pin="0"/><net_sink comp="182" pin=34"/></net>

<net id="284"><net_src comp="160" pin="0"/><net_sink comp="182" pin=35"/></net>

<net id="285"><net_src comp="160" pin="0"/><net_sink comp="182" pin=36"/></net>

<net id="286"><net_src comp="160" pin="0"/><net_sink comp="182" pin=37"/></net>

<net id="287"><net_src comp="160" pin="0"/><net_sink comp="182" pin=38"/></net>

<net id="288"><net_src comp="160" pin="0"/><net_sink comp="182" pin=39"/></net>

<net id="289"><net_src comp="160" pin="0"/><net_sink comp="182" pin=40"/></net>

<net id="290"><net_src comp="160" pin="0"/><net_sink comp="182" pin=41"/></net>

<net id="291"><net_src comp="160" pin="0"/><net_sink comp="182" pin=42"/></net>

<net id="292"><net_src comp="160" pin="0"/><net_sink comp="182" pin=43"/></net>

<net id="293"><net_src comp="160" pin="0"/><net_sink comp="182" pin=44"/></net>

<net id="294"><net_src comp="160" pin="0"/><net_sink comp="182" pin=45"/></net>

<net id="295"><net_src comp="160" pin="0"/><net_sink comp="182" pin=46"/></net>

<net id="296"><net_src comp="160" pin="0"/><net_sink comp="182" pin=47"/></net>

<net id="297"><net_src comp="160" pin="0"/><net_sink comp="182" pin=48"/></net>

<net id="298"><net_src comp="160" pin="0"/><net_sink comp="182" pin=49"/></net>

<net id="299"><net_src comp="160" pin="0"/><net_sink comp="182" pin=50"/></net>

<net id="300"><net_src comp="160" pin="0"/><net_sink comp="182" pin=51"/></net>

<net id="301"><net_src comp="160" pin="0"/><net_sink comp="182" pin=52"/></net>

<net id="302"><net_src comp="160" pin="0"/><net_sink comp="182" pin=53"/></net>

<net id="303"><net_src comp="160" pin="0"/><net_sink comp="182" pin=54"/></net>

<net id="304"><net_src comp="160" pin="0"/><net_sink comp="182" pin=55"/></net>

<net id="305"><net_src comp="160" pin="0"/><net_sink comp="182" pin=56"/></net>

<net id="306"><net_src comp="160" pin="0"/><net_sink comp="182" pin=57"/></net>

<net id="307"><net_src comp="160" pin="0"/><net_sink comp="182" pin=58"/></net>

<net id="308"><net_src comp="160" pin="0"/><net_sink comp="182" pin=59"/></net>

<net id="309"><net_src comp="160" pin="0"/><net_sink comp="182" pin=60"/></net>

<net id="310"><net_src comp="160" pin="0"/><net_sink comp="182" pin=61"/></net>

<net id="311"><net_src comp="160" pin="0"/><net_sink comp="182" pin=62"/></net>

<net id="312"><net_src comp="160" pin="0"/><net_sink comp="182" pin=63"/></net>

<net id="313"><net_src comp="160" pin="0"/><net_sink comp="182" pin=64"/></net>

<net id="349"><net_src comp="176" pin="0"/><net_sink comp="314" pin=0"/></net>

<net id="350"><net_src comp="0" pin="0"/><net_sink comp="314" pin=1"/></net>

<net id="351"><net_src comp="2" pin="0"/><net_sink comp="314" pin=2"/></net>

<net id="352"><net_src comp="4" pin="0"/><net_sink comp="314" pin=3"/></net>

<net id="353"><net_src comp="6" pin="0"/><net_sink comp="314" pin=4"/></net>

<net id="354"><net_src comp="8" pin="0"/><net_sink comp="314" pin=5"/></net>

<net id="355"><net_src comp="10" pin="0"/><net_sink comp="314" pin=6"/></net>

<net id="356"><net_src comp="12" pin="0"/><net_sink comp="314" pin=7"/></net>

<net id="357"><net_src comp="14" pin="0"/><net_sink comp="314" pin=8"/></net>

<net id="358"><net_src comp="16" pin="0"/><net_sink comp="314" pin=9"/></net>

<net id="359"><net_src comp="18" pin="0"/><net_sink comp="314" pin=10"/></net>

<net id="360"><net_src comp="20" pin="0"/><net_sink comp="314" pin=11"/></net>

<net id="361"><net_src comp="22" pin="0"/><net_sink comp="314" pin=12"/></net>

<net id="362"><net_src comp="24" pin="0"/><net_sink comp="314" pin=13"/></net>

<net id="363"><net_src comp="26" pin="0"/><net_sink comp="314" pin=14"/></net>

<net id="364"><net_src comp="28" pin="0"/><net_sink comp="314" pin=15"/></net>

<net id="365"><net_src comp="30" pin="0"/><net_sink comp="314" pin=16"/></net>

<net id="366"><net_src comp="32" pin="0"/><net_sink comp="314" pin=17"/></net>

<net id="367"><net_src comp="34" pin="0"/><net_sink comp="314" pin=18"/></net>

<net id="368"><net_src comp="36" pin="0"/><net_sink comp="314" pin=19"/></net>

<net id="369"><net_src comp="38" pin="0"/><net_sink comp="314" pin=20"/></net>

<net id="370"><net_src comp="40" pin="0"/><net_sink comp="314" pin=21"/></net>

<net id="371"><net_src comp="42" pin="0"/><net_sink comp="314" pin=22"/></net>

<net id="372"><net_src comp="44" pin="0"/><net_sink comp="314" pin=23"/></net>

<net id="373"><net_src comp="46" pin="0"/><net_sink comp="314" pin=24"/></net>

<net id="374"><net_src comp="48" pin="0"/><net_sink comp="314" pin=25"/></net>

<net id="375"><net_src comp="50" pin="0"/><net_sink comp="314" pin=26"/></net>

<net id="376"><net_src comp="52" pin="0"/><net_sink comp="314" pin=27"/></net>

<net id="377"><net_src comp="54" pin="0"/><net_sink comp="314" pin=28"/></net>

<net id="378"><net_src comp="56" pin="0"/><net_sink comp="314" pin=29"/></net>

<net id="379"><net_src comp="58" pin="0"/><net_sink comp="314" pin=30"/></net>

<net id="380"><net_src comp="60" pin="0"/><net_sink comp="314" pin=31"/></net>

<net id="381"><net_src comp="62" pin="0"/><net_sink comp="314" pin=32"/></net>

<net id="385"><net_src comp="146" pin="0"/><net_sink comp="382" pin=0"/></net>

<net id="392"><net_src comp="382" pin="1"/><net_sink comp="386" pin=0"/></net>

<net id="396"><net_src comp="146" pin="0"/><net_sink comp="393" pin=0"/></net>

<net id="403"><net_src comp="393" pin="1"/><net_sink comp="397" pin=2"/></net>

<net id="407"><net_src comp="146" pin="0"/><net_sink comp="404" pin=0"/></net>

<net id="414"><net_src comp="404" pin="1"/><net_sink comp="408" pin=2"/></net>

<net id="418"><net_src comp="146" pin="0"/><net_sink comp="415" pin=0"/></net>

<net id="425"><net_src comp="415" pin="1"/><net_sink comp="419" pin=0"/></net>

<net id="430"><net_src comp="386" pin="4"/><net_sink comp="426" pin=0"/></net>

<net id="431"><net_src comp="148" pin="0"/><net_sink comp="426" pin=1"/></net>

<net id="436"><net_src comp="386" pin="4"/><net_sink comp="432" pin=0"/></net>

<net id="437"><net_src comp="154" pin="0"/><net_sink comp="432" pin=1"/></net>

<net id="442"><net_src comp="397" pin="4"/><net_sink comp="438" pin=0"/></net>

<net id="443"><net_src comp="164" pin="0"/><net_sink comp="438" pin=1"/></net>

<net id="448"><net_src comp="397" pin="4"/><net_sink comp="444" pin=0"/></net>

<net id="449"><net_src comp="154" pin="0"/><net_sink comp="444" pin=1"/></net>

<net id="454"><net_src comp="408" pin="4"/><net_sink comp="450" pin=0"/></net>

<net id="455"><net_src comp="164" pin="0"/><net_sink comp="450" pin=1"/></net>

<net id="460"><net_src comp="408" pin="4"/><net_sink comp="456" pin=0"/></net>

<net id="461"><net_src comp="154" pin="0"/><net_sink comp="456" pin=1"/></net>

<net id="465"><net_src comp="314" pin="33"/><net_sink comp="462" pin=0"/></net>

<net id="466"><net_src comp="462" pin="1"/><net_sink comp="182" pin=33"/></net>

<net id="470"><net_src comp="314" pin="33"/><net_sink comp="467" pin=0"/></net>

<net id="471"><net_src comp="467" pin="1"/><net_sink comp="182" pin=34"/></net>

<net id="475"><net_src comp="314" pin="33"/><net_sink comp="472" pin=0"/></net>

<net id="476"><net_src comp="472" pin="1"/><net_sink comp="182" pin=35"/></net>

<net id="480"><net_src comp="314" pin="33"/><net_sink comp="477" pin=0"/></net>

<net id="481"><net_src comp="477" pin="1"/><net_sink comp="182" pin=36"/></net>

<net id="485"><net_src comp="314" pin="33"/><net_sink comp="482" pin=0"/></net>

<net id="486"><net_src comp="482" pin="1"/><net_sink comp="182" pin=37"/></net>

<net id="490"><net_src comp="314" pin="33"/><net_sink comp="487" pin=0"/></net>

<net id="491"><net_src comp="487" pin="1"/><net_sink comp="182" pin=38"/></net>

<net id="495"><net_src comp="314" pin="33"/><net_sink comp="492" pin=0"/></net>

<net id="496"><net_src comp="492" pin="1"/><net_sink comp="182" pin=39"/></net>

<net id="500"><net_src comp="314" pin="33"/><net_sink comp="497" pin=0"/></net>

<net id="501"><net_src comp="497" pin="1"/><net_sink comp="182" pin=40"/></net>

<net id="505"><net_src comp="314" pin="33"/><net_sink comp="502" pin=0"/></net>

<net id="506"><net_src comp="502" pin="1"/><net_sink comp="182" pin=41"/></net>

<net id="510"><net_src comp="314" pin="33"/><net_sink comp="507" pin=0"/></net>

<net id="511"><net_src comp="507" pin="1"/><net_sink comp="182" pin=42"/></net>

<net id="515"><net_src comp="314" pin="33"/><net_sink comp="512" pin=0"/></net>

<net id="516"><net_src comp="512" pin="1"/><net_sink comp="182" pin=43"/></net>

<net id="520"><net_src comp="314" pin="33"/><net_sink comp="517" pin=0"/></net>

<net id="521"><net_src comp="517" pin="1"/><net_sink comp="182" pin=44"/></net>

<net id="525"><net_src comp="314" pin="33"/><net_sink comp="522" pin=0"/></net>

<net id="526"><net_src comp="522" pin="1"/><net_sink comp="182" pin=45"/></net>

<net id="530"><net_src comp="314" pin="33"/><net_sink comp="527" pin=0"/></net>

<net id="531"><net_src comp="527" pin="1"/><net_sink comp="182" pin=46"/></net>

<net id="535"><net_src comp="314" pin="33"/><net_sink comp="532" pin=0"/></net>

<net id="536"><net_src comp="532" pin="1"/><net_sink comp="182" pin=47"/></net>

<net id="540"><net_src comp="314" pin="33"/><net_sink comp="537" pin=0"/></net>

<net id="541"><net_src comp="537" pin="1"/><net_sink comp="182" pin=48"/></net>

<net id="545"><net_src comp="314" pin="33"/><net_sink comp="542" pin=0"/></net>

<net id="546"><net_src comp="542" pin="1"/><net_sink comp="182" pin=49"/></net>

<net id="550"><net_src comp="314" pin="33"/><net_sink comp="547" pin=0"/></net>

<net id="551"><net_src comp="547" pin="1"/><net_sink comp="182" pin=50"/></net>

<net id="555"><net_src comp="314" pin="33"/><net_sink comp="552" pin=0"/></net>

<net id="556"><net_src comp="552" pin="1"/><net_sink comp="182" pin=51"/></net>

<net id="560"><net_src comp="314" pin="33"/><net_sink comp="557" pin=0"/></net>

<net id="561"><net_src comp="557" pin="1"/><net_sink comp="182" pin=52"/></net>

<net id="565"><net_src comp="314" pin="33"/><net_sink comp="562" pin=0"/></net>

<net id="566"><net_src comp="562" pin="1"/><net_sink comp="182" pin=53"/></net>

<net id="570"><net_src comp="314" pin="33"/><net_sink comp="567" pin=0"/></net>

<net id="571"><net_src comp="567" pin="1"/><net_sink comp="182" pin=54"/></net>

<net id="575"><net_src comp="314" pin="33"/><net_sink comp="572" pin=0"/></net>

<net id="576"><net_src comp="572" pin="1"/><net_sink comp="182" pin=55"/></net>

<net id="580"><net_src comp="314" pin="33"/><net_sink comp="577" pin=0"/></net>

<net id="581"><net_src comp="577" pin="1"/><net_sink comp="182" pin=56"/></net>

<net id="585"><net_src comp="314" pin="33"/><net_sink comp="582" pin=0"/></net>

<net id="586"><net_src comp="582" pin="1"/><net_sink comp="182" pin=57"/></net>

<net id="590"><net_src comp="314" pin="33"/><net_sink comp="587" pin=0"/></net>

<net id="591"><net_src comp="587" pin="1"/><net_sink comp="182" pin=58"/></net>

<net id="595"><net_src comp="314" pin="33"/><net_sink comp="592" pin=0"/></net>

<net id="596"><net_src comp="592" pin="1"/><net_sink comp="182" pin=59"/></net>

<net id="600"><net_src comp="314" pin="33"/><net_sink comp="597" pin=0"/></net>

<net id="601"><net_src comp="597" pin="1"/><net_sink comp="182" pin=60"/></net>

<net id="605"><net_src comp="314" pin="33"/><net_sink comp="602" pin=0"/></net>

<net id="606"><net_src comp="602" pin="1"/><net_sink comp="182" pin=61"/></net>

<net id="610"><net_src comp="314" pin="33"/><net_sink comp="607" pin=0"/></net>

<net id="611"><net_src comp="607" pin="1"/><net_sink comp="182" pin=62"/></net>

<net id="615"><net_src comp="314" pin="33"/><net_sink comp="612" pin=0"/></net>

<net id="616"><net_src comp="612" pin="1"/><net_sink comp="182" pin=63"/></net>

<net id="620"><net_src comp="314" pin="33"/><net_sink comp="617" pin=0"/></net>

<net id="621"><net_src comp="617" pin="1"/><net_sink comp="182" pin=64"/></net>

<net id="626"><net_src comp="419" pin="4"/><net_sink comp="622" pin=0"/></net>

<net id="627"><net_src comp="148" pin="0"/><net_sink comp="622" pin=1"/></net>

<net id="632"><net_src comp="419" pin="4"/><net_sink comp="628" pin=0"/></net>

<net id="633"><net_src comp="154" pin="0"/><net_sink comp="628" pin=1"/></net>

<net id="640"><net_src comp="432" pin="2"/><net_sink comp="637" pin=0"/></net>

<net id="641"><net_src comp="637" pin="1"/><net_sink comp="386" pin=2"/></net>

<net id="648"><net_src comp="444" pin="2"/><net_sink comp="645" pin=0"/></net>

<net id="649"><net_src comp="645" pin="1"/><net_sink comp="397" pin=0"/></net>

<net id="656"><net_src comp="456" pin="2"/><net_sink comp="653" pin=0"/></net>

<net id="657"><net_src comp="653" pin="1"/><net_sink comp="408" pin=0"/></net>

<net id="664"><net_src comp="628" pin="2"/><net_sink comp="661" pin=0"/></net>

<net id="665"><net_src comp="661" pin="1"/><net_sink comp="419" pin=2"/></net>

</net_list>

</model> 
---------------- Datapath Model END ------------------

* FSMD analyzer results:
  - Output states:
	Port: res_V_data_0_V | {2 3 4 5 }
	Port: res_V_data_1_V | {2 3 4 5 }
	Port: res_V_data_2_V | {2 3 4 5 }
	Port: res_V_data_3_V | {2 3 4 5 }
	Port: res_V_data_4_V | {2 3 4 5 }
	Port: res_V_data_5_V | {2 3 4 5 }
	Port: res_V_data_6_V | {2 3 4 5 }
	Port: res_V_data_7_V | {2 3 4 5 }
	Port: res_V_data_8_V | {2 3 4 5 }
	Port: res_V_data_9_V | {2 3 4 5 }
	Port: res_V_data_10_V | {2 3 4 5 }
	Port: res_V_data_11_V | {2 3 4 5 }
	Port: res_V_data_12_V | {2 3 4 5 }
	Port: res_V_data_13_V | {2 3 4 5 }
	Port: res_V_data_14_V | {2 3 4 5 }
	Port: res_V_data_15_V | {2 3 4 5 }
	Port: res_V_data_16_V | {2 3 4 5 }
	Port: res_V_data_17_V | {2 3 4 5 }
	Port: res_V_data_18_V | {2 3 4 5 }
	Port: res_V_data_19_V | {2 3 4 5 }
	Port: res_V_data_20_V | {2 3 4 5 }
	Port: res_V_data_21_V | {2 3 4 5 }
	Port: res_V_data_22_V | {2 3 4 5 }
	Port: res_V_data_23_V | {2 3 4 5 }
	Port: res_V_data_24_V | {2 3 4 5 }
	Port: res_V_data_25_V | {2 3 4 5 }
	Port: res_V_data_26_V | {2 3 4 5 }
	Port: res_V_data_27_V | {2 3 4 5 }
	Port: res_V_data_28_V | {2 3 4 5 }
	Port: res_V_data_29_V | {2 3 4 5 }
	Port: res_V_data_30_V | {2 3 4 5 }
	Port: res_V_data_31_V | {2 3 4 5 }
 - Input state : 
	Port: zeropad2d_cl<array,array<ap_fixed<8,4,0,0,0>,32u>,config14> : data_V_data_0_V | {4 }
	Port: zeropad2d_cl<array,array<ap_fixed<8,4,0,0,0>,32u>,config14> : data_V_data_1_V | {4 }
	Port: zeropad2d_cl<array,array<ap_fixed<8,4,0,0,0>,32u>,config14> : data_V_data_2_V | {4 }
	Port: zeropad2d_cl<array,array<ap_fixed<8,4,0,0,0>,32u>,config14> : data_V_data_3_V | {4 }
	Port: zeropad2d_cl<array,array<ap_fixed<8,4,0,0,0>,32u>,config14> : data_V_data_4_V | {4 }
	Port: zeropad2d_cl<array,array<ap_fixed<8,4,0,0,0>,32u>,config14> : data_V_data_5_V | {4 }
	Port: zeropad2d_cl<array,array<ap_fixed<8,4,0,0,0>,32u>,config14> : data_V_data_6_V | {4 }
	Port: zeropad2d_cl<array,array<ap_fixed<8,4,0,0,0>,32u>,config14> : data_V_data_7_V | {4 }
	Port: zeropad2d_cl<array,array<ap_fixed<8,4,0,0,0>,32u>,config14> : data_V_data_8_V | {4 }
	Port: zeropad2d_cl<array,array<ap_fixed<8,4,0,0,0>,32u>,config14> : data_V_data_9_V | {4 }
	Port: zeropad2d_cl<array,array<ap_fixed<8,4,0,0,0>,32u>,config14> : data_V_data_10_V | {4 }
	Port: zeropad2d_cl<array,array<ap_fixed<8,4,0,0,0>,32u>,config14> : data_V_data_11_V | {4 }
	Port: zeropad2d_cl<array,array<ap_fixed<8,4,0,0,0>,32u>,config14> : data_V_data_12_V | {4 }
	Port: zeropad2d_cl<array,array<ap_fixed<8,4,0,0,0>,32u>,config14> : data_V_data_13_V | {4 }
	Port: zeropad2d_cl<array,array<ap_fixed<8,4,0,0,0>,32u>,config14> : data_V_data_14_V | {4 }
	Port: zeropad2d_cl<array,array<ap_fixed<8,4,0,0,0>,32u>,config14> : data_V_data_15_V | {4 }
	Port: zeropad2d_cl<array,array<ap_fixed<8,4,0,0,0>,32u>,config14> : data_V_data_16_V | {4 }
	Port: zeropad2d_cl<array,array<ap_fixed<8,4,0,0,0>,32u>,config14> : data_V_data_17_V | {4 }
	Port: zeropad2d_cl<array,array<ap_fixed<8,4,0,0,0>,32u>,config14> : data_V_data_18_V | {4 }
	Port: zeropad2d_cl<array,array<ap_fixed<8,4,0,0,0>,32u>,config14> : data_V_data_19_V | {4 }
	Port: zeropad2d_cl<array,array<ap_fixed<8,4,0,0,0>,32u>,config14> : data_V_data_20_V | {4 }
	Port: zeropad2d_cl<array,array<ap_fixed<8,4,0,0,0>,32u>,config14> : data_V_data_21_V | {4 }
	Port: zeropad2d_cl<array,array<ap_fixed<8,4,0,0,0>,32u>,config14> : data_V_data_22_V | {4 }
	Port: zeropad2d_cl<array,array<ap_fixed<8,4,0,0,0>,32u>,config14> : data_V_data_23_V | {4 }
	Port: zeropad2d_cl<array,array<ap_fixed<8,4,0,0,0>,32u>,config14> : data_V_data_24_V | {4 }
	Port: zeropad2d_cl<array,array<ap_fixed<8,4,0,0,0>,32u>,config14> : data_V_data_25_V | {4 }
	Port: zeropad2d_cl<array,array<ap_fixed<8,4,0,0,0>,32u>,config14> : data_V_data_26_V | {4 }
	Port: zeropad2d_cl<array,array<ap_fixed<8,4,0,0,0>,32u>,config14> : data_V_data_27_V | {4 }
	Port: zeropad2d_cl<array,array<ap_fixed<8,4,0,0,0>,32u>,config14> : data_V_data_28_V | {4 }
	Port: zeropad2d_cl<array,array<ap_fixed<8,4,0,0,0>,32u>,config14> : data_V_data_29_V | {4 }
	Port: zeropad2d_cl<array,array<ap_fixed<8,4,0,0,0>,32u>,config14> : data_V_data_30_V | {4 }
	Port: zeropad2d_cl<array,array<ap_fixed<8,4,0,0,0>,32u>,config14> : data_V_data_31_V | {4 }
  - Chain level:
	State 1
	State 2
		icmp_ln53 : 1
		j : 1
		br_ln53 : 2
	State 3
		icmp_ln59 : 1
		i : 1
		br_ln59 : 2
	State 4
		icmp_ln65 : 1
		j_4 : 1
		br_ln65 : 2
		write_ln26 : 1
	State 5
		icmp_ln77 : 1
		j_3 : 1
		br_ln77 : 2


============================================================
+ Verbose Summary: Datapath Resource usage 
============================================================

* Functional unit list:
|----------|----------------------|---------|---------|
| Operation|    Functional Unit   |    FF   |   LUT   |
|----------|----------------------|---------|---------|
|          |       j_fu_432       |    0    |    13   |
|    add   |       i_fu_444       |    0    |    13   |
|          |      j_4_fu_456      |    0    |    13   |
|          |      j_3_fu_628      |    0    |    13   |
|----------|----------------------|---------|---------|
|          |   icmp_ln53_fu_426   |    0    |    9    |
|   icmp   |   icmp_ln59_fu_438   |    0    |    9    |
|          |   icmp_ln65_fu_450   |    0    |    9    |
|          |   icmp_ln77_fu_622   |    0    |    9    |
|----------|----------------------|---------|---------|
|   write  |   grp_write_fu_182   |    0    |    0    |
|----------|----------------------|---------|---------|
|   read   | empty_33_read_fu_314 |    0    |    0    |
|----------|----------------------|---------|---------|
|          |  tmp_data_0_V_fu_462 |    0    |    0    |
|          |  tmp_data_1_V_fu_467 |    0    |    0    |
|          |  tmp_data_2_V_fu_472 |    0    |    0    |
|          |  tmp_data_3_V_fu_477 |    0    |    0    |
|          |  tmp_data_4_V_fu_482 |    0    |    0    |
|          |  tmp_data_5_V_fu_487 |    0    |    0    |
|          |  tmp_data_6_V_fu_492 |    0    |    0    |
|          |  tmp_data_7_V_fu_497 |    0    |    0    |
|          |  tmp_data_8_V_fu_502 |    0    |    0    |
|          |  tmp_data_9_V_fu_507 |    0    |    0    |
|          | tmp_data_10_V_fu_512 |    0    |    0    |
|          | tmp_data_11_V_fu_517 |    0    |    0    |
|          | tmp_data_12_V_fu_522 |    0    |    0    |
|          | tmp_data_13_V_fu_527 |    0    |    0    |
|          | tmp_data_14_V_fu_532 |    0    |    0    |
|extractvalue| tmp_data_15_V_fu_537 |    0    |    0    |
|          | tmp_data_16_V_fu_542 |    0    |    0    |
|          | tmp_data_17_V_fu_547 |    0    |    0    |
|          | tmp_data_18_V_fu_552 |    0    |    0    |
|          | tmp_data_19_V_fu_557 |    0    |    0    |
|          | tmp_data_20_V_fu_562 |    0    |    0    |
|          | tmp_data_21_V_fu_567 |    0    |    0    |
|          | tmp_data_22_V_fu_572 |    0    |    0    |
|          | tmp_data_23_V_fu_577 |    0    |    0    |
|          | tmp_data_24_V_fu_582 |    0    |    0    |
|          | tmp_data_25_V_fu_587 |    0    |    0    |
|          | tmp_data_26_V_fu_592 |    0    |    0    |
|          | tmp_data_27_V_fu_597 |    0    |    0    |
|          | tmp_data_28_V_fu_602 |    0    |    0    |
|          | tmp_data_29_V_fu_607 |    0    |    0    |
|          | tmp_data_30_V_fu_612 |    0    |    0    |
|          | tmp_data_31_V_fu_617 |    0    |    0    |
|----------|----------------------|---------|---------|
|   Total  |                      |    0    |    88   |
|----------|----------------------|---------|---------|

Memories:
N/A

* Register list:
+------------+--------+
|            |   FF   |
+------------+--------+
|i1_0_reg_393|    4   |
|  i_reg_645 |    4   |
|j3_0_reg_404|    4   |
|j6_0_reg_415|    4   |
| j_0_reg_382|    4   |
| j_3_reg_661|    4   |
| j_4_reg_653|    4   |
|  j_reg_637 |    4   |
+------------+--------+
|    Total   |   32   |
+------------+--------+

* Multiplexer (MUX) list: 
|------------------|------|------|------|--------||---------||---------|
|       Comp       |  Pin | Size |  BW  | S x BW ||  Delay  ||   LUT   |
|------------------|------|------|------|--------||---------||---------|
| grp_write_fu_182 |  p33 |   2  |   8  |   16   ||    9    |
| grp_write_fu_182 |  p34 |   2  |   8  |   16   ||    9    |
| grp_write_fu_182 |  p35 |   2  |   8  |   16   ||    9    |
| grp_write_fu_182 |  p36 |   2  |   8  |   16   ||    9    |
| grp_write_fu_182 |  p37 |   2  |   8  |   16   ||    9    |
| grp_write_fu_182 |  p38 |   2  |   8  |   16   ||    9    |
| grp_write_fu_182 |  p39 |   2  |   8  |   16   ||    9    |
| grp_write_fu_182 |  p40 |   2  |   8  |   16   ||    9    |
| grp_write_fu_182 |  p41 |   2  |   8  |   16   ||    9    |
| grp_write_fu_182 |  p42 |   2  |   8  |   16   ||    9    |
| grp_write_fu_182 |  p43 |   2  |   8  |   16   ||    9    |
| grp_write_fu_182 |  p44 |   2  |   8  |   16   ||    9    |
| grp_write_fu_182 |  p45 |   2  |   8  |   16   ||    9    |
| grp_write_fu_182 |  p46 |   2  |   8  |   16   ||    9    |
| grp_write_fu_182 |  p47 |   2  |   8  |   16   ||    9    |
| grp_write_fu_182 |  p48 |   2  |   8  |   16   ||    9    |
| grp_write_fu_182 |  p49 |   2  |   8  |   16   ||    9    |
| grp_write_fu_182 |  p50 |   2  |   8  |   16   ||    9    |
| grp_write_fu_182 |  p51 |   2  |   8  |   16   ||    9    |
| grp_write_fu_182 |  p52 |   2  |   8  |   16   ||    9    |
| grp_write_fu_182 |  p53 |   2  |   8  |   16   ||    9    |
| grp_write_fu_182 |  p54 |   2  |   8  |   16   ||    9    |
| grp_write_fu_182 |  p55 |   2  |   8  |   16   ||    9    |
| grp_write_fu_182 |  p56 |   2  |   8  |   16   ||    9    |
| grp_write_fu_182 |  p57 |   2  |   8  |   16   ||    9    |
| grp_write_fu_182 |  p58 |   2  |   8  |   16   ||    9    |
| grp_write_fu_182 |  p59 |   2  |   8  |   16   ||    9    |
| grp_write_fu_182 |  p60 |   2  |   8  |   16   ||    9    |
| grp_write_fu_182 |  p61 |   2  |   8  |   16   ||    9    |
| grp_write_fu_182 |  p62 |   2  |   8  |   16   ||    9    |
| grp_write_fu_182 |  p63 |   2  |   8  |   16   ||    9    |
| grp_write_fu_182 |  p64 |   2  |   8  |   16   ||    9    |
|------------------|------|------|------|--------||---------||---------|
|       Total      |      |      |      |   512  ||  56.608 ||   288   |
|------------------|------|------|------|--------||---------||---------|



* Summary:
+-----------+--------+--------+--------+
|           |  Delay |   FF   |   LUT  |
+-----------+--------+--------+--------+
|  Function |    -   |    0   |   88   |
|   Memory  |    -   |    -   |    -   |
|Multiplexer|   56   |    -   |   288  |
|  Register |    -   |   32   |    -   |
+-----------+--------+--------+--------+
|   Total   |   56   |   32   |   376  |
+-----------+--------+--------+--------+
