
****** Vivado(TM) HLS - High-Level Synthesis from C, C++ and SystemC v2020.1 (64-bit)
  **** SW Build 2902540 on Wed May 27 19:54:35 MDT 2020
  **** IP Build 2902112 on Wed May 27 22:43:36 MDT 2020
    ** Copyright 1986-2020 Xilinx, Inc. All Rights Reserved.

source /data/Xilinx/Vivado/2020.1/scripts/vivado_hls/hls.tcl -notrace
INFO: Applying HLS Y2K22 patch v1.2 for IP revision
INFO: [HLS 200-10] Running '/data/Xilinx/Vivado/2020.1/bin/unwrapped/lnx64.o/vivado_hls'
INFO: [HLS 200-10] For user 'jcampos' on host 'correlator4.fnal.gov' (Linux_x86_64 version 3.10.0-1160.105.1.el7.x86_64) on Thu Jul 11 16:53:52 CDT 2024
INFO: [HLS 200-10] On os "Scientific Linux release 7.9 (Nitrogen)"
INFO: [HLS 200-10] In directory '/data/jcampos/projects/pokemon/inference/2020.1/pynqz2_resnet_m_axi_8_serial_05302024_aug_LBW_prj'
Sourcing Tcl script 'build_prj.tcl'
INFO: [HLS 200-10] Opening project '/data/jcampos/projects/pokemon/inference/2020.1/pynqz2_resnet_m_axi_8_serial_05302024_aug_LBW_prj/myproject_prj'.
INFO: [HLS 200-10] Adding design file 'firmware/myproject_axi.cpp' to the project
INFO: [HLS 200-10] Adding design file 'firmware/myproject.cpp' to the project
INFO: [HLS 200-10] Adding test bench file 'myproject_test.cpp' to the project
INFO: [HLS 200-10] Adding test bench file 'firmware/weights' to the project
INFO: [HLS 200-10] Adding test bench file 'tb_data' to the project
INFO: [HLS 200-10] Opening solution '/data/jcampos/projects/pokemon/inference/2020.1/pynqz2_resnet_m_axi_8_serial_05302024_aug_LBW_prj/myproject_prj/solution1'.
INFO: [SYN 201-201] Setting up clock 'default' with a period of 10ns.
INFO: [SYN 201-201] Setting up clock 'default' with an uncertainty of 1.25ns.
INFO: [HLS 200-10] Setting target device to 'xc7z020-clg400-1'
INFO: [XFORM 203-101] Allowed max sub elements number after partition is 4096.
INFO: [XFORM 203-1161] The maximum of name length is set into 80.
INFO: [XFORM 203-101] Allowed max sub elements number after partition is 4096.
INFO: [XFORM 203-1161] The maximum of name length is set into 80.
***** C SIMULATION *****
INFO: [SIM 211-2] *************** CSIM start ***************
INFO: [SIM 211-4] CSIM will launch GCC as the compiler.
   Compiling ../../../../myproject_test.cpp in debug mode
   Compiling ../../../../firmware/myproject.cpp in debug mode
   Compiling ../../../../firmware/myproject_axi.cpp in debug mode
   Generating csim.exe
Processing input 0
Predictions
1 0 0 0 0 0 0 0 0 0 
Quantized predictions
{ data: -30.4062, last: 0 }
 { data: -27.7812, last: 0 }
 { data: 9.10938, last: 0 }
 { data: 23.75, last: 0 }
 { data: -25.0938, last: 0 }
 { data: 31.7656, last: 0 }
 { data: -31.1875, last: 0 }
 { data: -3.73438, last: 0 }
 { data: -5.1875, last: 0 }
 { data: 0.015625, last: 1 }
 
INFO: Saved inference results to file: tb_data/csim_results.log
INFO: [SIM 211-1] CSim done with 0 errors.
INFO: [SIM 211-3] *************** CSIM finish ***************
***** C SIMULATION COMPLETED IN 0h1m15s *****
***** C/RTL SYNTHESIS *****
INFO: [SCHED 204-61] Option 'relax_ii_for_timing' is enabled, will increase II to preserve clock frequency constraints.
INFO: [HLS 200-10] Analyzing design file 'firmware/myproject.cpp' ... 
WARNING: [HLS 214-113] Either use an argument of the function or declare the variable inside the dataflow loop body: firmware/myproject.cpp:39:68
WARNING: [HLS 214-113] Either use an argument of the function or declare the variable inside the dataflow loop body: firmware/myproject.cpp:39:72
WARNING: [HLS 214-113] Either use an argument of the function or declare the variable inside the dataflow loop body: firmware/myproject.cpp:57:74
WARNING: [HLS 214-113] Either use an argument of the function or declare the variable inside the dataflow loop body: firmware/myproject.cpp:57:78
WARNING: [HLS 214-113] Either use an argument of the function or declare the variable inside the dataflow loop body: firmware/myproject.cpp:75:74
WARNING: [HLS 214-113] Either use an argument of the function or declare the variable inside the dataflow loop body: firmware/myproject.cpp:75:78
WARNING: [HLS 214-113] Either use an argument of the function or declare the variable inside the dataflow loop body: firmware/myproject.cpp:90:72
WARNING: [HLS 214-113] Either use an argument of the function or declare the variable inside the dataflow loop body: firmware/myproject.cpp:90:77
WARNING: [HLS 200-471] Dataflow form checks found 8 issue(s) in file firmware/myproject.cpp
INFO: [HLS 200-10] Analyzing design file 'firmware/myproject_axi.cpp' ... 
WARNING: [HLS 214-114] Since the only kind of statements allowed in a canonical dataflow region are variable declarations and function calls, the compiler may not be able to correctly handle the region: firmware/myproject_axi.cpp:17:2
WARNING: [HLS 214-114] Since the only kind of statements allowed in a canonical dataflow region are variable declarations and function calls, the compiler may not be able to correctly handle the region: firmware/myproject_axi.cpp:29:5
WARNING: [HLS 200-471] Dataflow form checks found 2 issue(s) in file firmware/myproject_axi.cpp
INFO: [HLS 200-111] Finished Linking Time (s): cpu = 00:01:58 ; elapsed = 00:02:01 . Memory (MB): peak = 1758.242 ; gain = 1231.883 ; free physical = 17407 ; free virtual = 155532
INFO: [HLS 200-111] Finished Checking Pragmas Time (s): cpu = 00:01:58 ; elapsed = 00:02:01 . Memory (MB): peak = 1758.242 ; gain = 1231.883 ; free physical = 17407 ; free virtual = 155532
INFO: [HLS 200-10] Starting code transformations ...
INFO: [HLS 200-489] Unrolling loop 'MultLoop' (firmware/nnet_utils/nnet_dense_resource.h:136) in function 'void nnet::dense_resource_rf_gt_nin_rem0<ap_fixed<8, 4, (ap_q_mode)0, (ap_o_mode)0, 0>, ap_fixed<14, 8, (ap_q_mode)5, (ap_o_mode)3, 0>, config12>(FORWARD_REFERENCE*, FORWARD_REFERENCE*, FORWARD_REFERENCE::weight_t*, FORWARD_REFERENCE::bias_t*)' completely with a factor of 1.
INFO: [HLS 200-489] Unrolling loop 'MultLoop' (firmware/nnet_utils/nnet_dense_resource.h:136) in function 'void nnet::dense_resource_rf_gt_nin_rem0<ap_fixed<8, 4, (ap_q_mode)0, (ap_o_mode)0, 0>, ap_fixed<14, 8, (ap_q_mode)5, (ap_o_mode)3, 0>, config8_mult>(FORWARD_REFERENCE*, FORWARD_REFERENCE*, FORWARD_REFERENCE::weight_t*, FORWARD_REFERENCE::bias_t*)' completely with a factor of 1.
INFO: [HLS 200-489] Unrolling loop 'MultLoop' (firmware/nnet_utils/nnet_dense_resource.h:136) in function 'void nnet::dense_resource_rf_gt_nin_rem0<ap_fixed<8, 4, (ap_q_mode)0, (ap_o_mode)0, 0>, ap_fixed<14, 8, (ap_q_mode)5, (ap_o_mode)3, 0>, config5_mult>(FORWARD_REFERENCE*, FORWARD_REFERENCE*, FORWARD_REFERENCE::weight_t*, FORWARD_REFERENCE::bias_t*)' completely with a factor of 1.
INFO: [HLS 200-489] Unrolling loop 'MultLoop' (firmware/nnet_utils/nnet_dense_resource.h:136) in function 'void nnet::dense_resource_rf_gt_nin_rem0<ap_ufixed<8, 0, (ap_q_mode)5, (ap_o_mode)3, 0>, ap_fixed<14, 8, (ap_q_mode)5, (ap_o_mode)3, 0>, config2_mult>(FORWARD_REFERENCE*, FORWARD_REFERENCE*, FORWARD_REFERENCE::weight_t*, FORWARD_REFERENCE::bias_t*)' completely with a factor of 1.
INFO: [XFORM 203-603] Inlining function 'nnet::array<ap_ufixed<8, 0, (ap_q_mode)5, (ap_o_mode)3, 0>, 3u>::operator[].1' into 'myproject_axi' (firmware/myproject_axi.cpp:21).
INFO: [XFORM 203-603] Inlining function 'nnet::array<ap_ufixed<8, 0, (ap_q_mode)5, (ap_o_mode)3, 0>, 3u>::operator[]' into 'nnet::shift_line_buffer<nnet::array<ap_ufixed<8, 0, (ap_q_mode)5, (ap_o_mode)3, 0>, 3u>, config2>' (firmware/nnet_utils/nnet_conv_stream.h:237).
INFO: [XFORM 203-603] Inlining function 'nnet::kernel_shift_2d<nnet::array<ap_ufixed<8, 0, (ap_q_mode)5, (ap_o_mode)3, 0>, 3u>, config2>' into 'nnet::shift_line_buffer<nnet::array<ap_ufixed<8, 0, (ap_q_mode)5, (ap_o_mode)3, 0>, 3u>, config2>' (firmware/nnet_utils/nnet_conv_stream.h:252).
INFO: [XFORM 203-603] Inlining function 'nnet::product::mult<ap_ufixed<8, 0, (ap_q_mode)5, (ap_o_mode)3, 0>, ap_fixed<8, 3, (ap_q_mode)5, (ap_o_mode)3, 0> >::product' into 'nnet::dense_resource_rf_gt_nin_rem0<ap_ufixed<8, 0, (ap_q_mode)5, (ap_o_mode)3, 0>, ap_fixed<14, 8, (ap_q_mode)5, (ap_o_mode)3, 0>, config2_mult>' (firmware/nnet_utils/nnet_dense_resource.h:139).
INFO: [XFORM 203-603] Inlining function 'nnet::dense_resource_rf_gt_nin_rem0<ap_ufixed<8, 0, (ap_q_mode)5, (ap_o_mode)3, 0>, ap_fixed<14, 8, (ap_q_mode)5, (ap_o_mode)3, 0>, config2_mult>' into 'nnet::dense_resource<ap_ufixed<8, 0, (ap_q_mode)5, (ap_o_mode)3, 0>, ap_fixed<14, 8, (ap_q_mode)5, (ap_o_mode)3, 0>, config2_mult>' (firmware/nnet_utils/nnet_dense_resource.h:255).
INFO: [XFORM 203-603] Inlining function 'nnet::cast<ap_ufixed<8, 0, (ap_q_mode)5, (ap_o_mode)3, 0>, ap_fixed<14, 8, (ap_q_mode)5, (ap_o_mode)3, 0>, config2_mult>' into 'nnet::dense_resource<ap_ufixed<8, 0, (ap_q_mode)5, (ap_o_mode)3, 0>, ap_fixed<14, 8, (ap_q_mode)5, (ap_o_mode)3, 0>, config2_mult>' (firmware/nnet_utils/nnet_dense_resource.h:158->firmware/nnet_utils/nnet_dense_resource.h:255).
INFO: [XFORM 203-603] Inlining function 'nnet::array<ap_fixed<14, 8, (ap_q_mode)5, (ap_o_mode)3, 0>, 32u>::operator[]' into 'nnet::compute_output_buffer_2d<nnet::array<ap_ufixed<8, 0, (ap_q_mode)5, (ap_o_mode)3, 0>, 3u>, nnet::array<ap_fixed<14, 8, (ap_q_mode)5, (ap_o_mode)3, 0>, 32u>, config2>' (firmware/nnet_utils/nnet_conv_stream.h:305).
INFO: [XFORM 203-603] Inlining function 'nnet::array<ap_fixed<14, 8, (ap_q_mode)5, (ap_o_mode)3, 0>, 32u>::operator[]' into 'nnet::compute_output_buffer_2d<nnet::array<ap_fixed<8, 4, (ap_q_mode)0, (ap_o_mode)0, 0>, 32u>, nnet::array<ap_fixed<14, 8, (ap_q_mode)5, (ap_o_mode)3, 0>, 32u>, config5>' (firmware/nnet_utils/nnet_conv_stream.h:305).
INFO: [XFORM 203-603] Inlining function 'nnet::array<ap_fixed<14, 8, (ap_q_mode)5, (ap_o_mode)3, 0>, 32u>::operator[]' into 'nnet::compute_output_buffer_2d<nnet::array<ap_fixed<8, 4, (ap_q_mode)0, (ap_o_mode)0, 0>, 32u>, nnet::array<ap_fixed<14, 8, (ap_q_mode)5, (ap_o_mode)3, 0>, 32u>, config8>' (firmware/nnet_utils/nnet_conv_stream.h:305).
INFO: [XFORM 203-603] Inlining function 'nnet::array<ap_fixed<14, 8, (ap_q_mode)5, (ap_o_mode)3, 0>, 32u>::operator[]' into 'nnet::relu<nnet::array<ap_fixed<14, 8, (ap_q_mode)5, (ap_o_mode)3, 0>, 32u>, nnet::array<ap_fixed<8, 4, (ap_q_mode)0, (ap_o_mode)0, 0>, 32u>, relu_config10>' (firmware/nnet_utils/nnet_activation_stream.h:52).
INFO: [XFORM 203-603] Inlining function 'nnet::array<ap_fixed<14, 8, (ap_q_mode)5, (ap_o_mode)3, 0>, 32u>::operator[]' into 'nnet::relu<nnet::array<ap_fixed<14, 8, (ap_q_mode)5, (ap_o_mode)3, 0>, 32u>, nnet::array<ap_fixed<8, 4, (ap_q_mode)0, (ap_o_mode)0, 0>, 32u>, relu_config10>' (firmware/nnet_utils/nnet_activation_stream.h:51).
INFO: [XFORM 203-603] Inlining function 'nnet::array<ap_fixed<14, 8, (ap_q_mode)5, (ap_o_mode)3, 0>, 32u>::operator[]' into 'nnet::relu<nnet::array<ap_fixed<14, 8, (ap_q_mode)5, (ap_o_mode)3, 0>, 32u>, nnet::array<ap_fixed<8, 4, (ap_q_mode)0, (ap_o_mode)0, 0>, 32u>, relu_config7>' (firmware/nnet_utils/nnet_activation_stream.h:52).
INFO: [XFORM 203-603] Inlining function 'nnet::array<ap_fixed<14, 8, (ap_q_mode)5, (ap_o_mode)3, 0>, 32u>::operator[]' into 'nnet::relu<nnet::array<ap_fixed<14, 8, (ap_q_mode)5, (ap_o_mode)3, 0>, 32u>, nnet::array<ap_fixed<8, 4, (ap_q_mode)0, (ap_o_mode)0, 0>, 32u>, relu_config7>' (firmware/nnet_utils/nnet_activation_stream.h:51).
INFO: [XFORM 203-603] Inlining function 'nnet::array<ap_fixed<14, 8, (ap_q_mode)5, (ap_o_mode)3, 0>, 32u>::operator[]' into 'nnet::relu<nnet::array<ap_fixed<14, 8, (ap_q_mode)5, (ap_o_mode)3, 0>, 32u>, nnet::array<ap_fixed<8, 4, (ap_q_mode)0, (ap_o_mode)0, 0>, 32u>, relu_config4>' (firmware/nnet_utils/nnet_activation_stream.h:52).
INFO: [XFORM 203-603] Inlining function 'nnet::array<ap_fixed<14, 8, (ap_q_mode)5, (ap_o_mode)3, 0>, 32u>::operator[]' into 'nnet::relu<nnet::array<ap_fixed<14, 8, (ap_q_mode)5, (ap_o_mode)3, 0>, 32u>, nnet::array<ap_fixed<8, 4, (ap_q_mode)0, (ap_o_mode)0, 0>, 32u>, relu_config4>' (firmware/nnet_utils/nnet_activation_stream.h:51).
INFO: [XFORM 203-603] Inlining function 'nnet::shift_line_buffer<nnet::array<ap_ufixed<8, 0, (ap_q_mode)5, (ap_o_mode)3, 0>, 3u>, config2>' into 'nnet::compute_output_buffer_2d<nnet::array<ap_ufixed<8, 0, (ap_q_mode)5, (ap_o_mode)3, 0>, 3u>, nnet::array<ap_fixed<14, 8, (ap_q_mode)5, (ap_o_mode)3, 0>, 32u>, config2>' (firmware/nnet_utils/nnet_conv_stream.h:286).
INFO: [XFORM 203-603] Inlining function 'nnet::dense_resource<ap_ufixed<8, 0, (ap_q_mode)5, (ap_o_mode)3, 0>, ap_fixed<14, 8, (ap_q_mode)5, (ap_o_mode)3, 0>, config2_mult>' into 'nnet::compute_output_buffer_2d<nnet::array<ap_ufixed<8, 0, (ap_q_mode)5, (ap_o_mode)3, 0>, 3u>, nnet::array<ap_fixed<14, 8, (ap_q_mode)5, (ap_o_mode)3, 0>, 32u>, config2>' (firmware/nnet_utils/nnet_conv_stream.h:297).
INFO: [XFORM 203-603] Inlining function 'nnet::compute_output_buffer_2d<nnet::array<ap_ufixed<8, 0, (ap_q_mode)5, (ap_o_mode)3, 0>, 3u>, nnet::array<ap_fixed<14, 8, (ap_q_mode)5, (ap_o_mode)3, 0>, 32u>, config2>' into 'nnet::conv_2d_buffer_cl<nnet::array<ap_ufixed<8, 0, (ap_q_mode)5, (ap_o_mode)3, 0>, 3u>, nnet::array<ap_fixed<14, 8, (ap_q_mode)5, (ap_o_mode)3, 0>, 32u>, config2>' (firmware/nnet_utils/nnet_conv2d_stream.h:87).
INFO: [XFORM 203-603] Inlining function 'nnet::conv_2d_buffer_cl<nnet::array<ap_ufixed<8, 0, (ap_q_mode)5, (ap_o_mode)3, 0>, 3u>, nnet::array<ap_fixed<14, 8, (ap_q_mode)5, (ap_o_mode)3, 0>, 32u>, config2>' into 'nnet::conv_2d_cl<nnet::array<ap_ufixed<8, 0, (ap_q_mode)5, (ap_o_mode)3, 0>, 3u>, nnet::array<ap_fixed<14, 8, (ap_q_mode)5, (ap_o_mode)3, 0>, 32u>, config2>' (firmware/nnet_utils/nnet_conv2d_stream.h:103).
INFO: [XFORM 203-603] Inlining function 'nnet::array<ap_fixed<8, 4, (ap_q_mode)0, (ap_o_mode)0, 0>, 32u>::operator[]' into 'nnet::fill_data<nnet::array<ap_fixed<8, 4, (ap_q_mode)0, (ap_o_mode)0, 0>, 32u>, nnet::array<ap_fixed<8, 4, (ap_q_mode)0, (ap_o_mode)0, 0>, 32u>, config14>' (firmware/nnet_utils/nnet_padding_stream.h:24).
INFO: [XFORM 203-603] Inlining function 'nnet::array<ap_fixed<8, 4, (ap_q_mode)0, (ap_o_mode)0, 0>, 32u>::operator[]' into 'nnet::fill_data<nnet::array<ap_fixed<8, 4, (ap_q_mode)0, (ap_o_mode)0, 0>, 32u>, nnet::array<ap_fixed<8, 4, (ap_q_mode)0, (ap_o_mode)0, 0>, 32u>, config14>' (firmware/nnet_utils/nnet_padding_stream.h:24).
INFO: [XFORM 203-603] Inlining function 'nnet::array<ap_fixed<8, 4, (ap_q_mode)0, (ap_o_mode)0, 0>, 32u>::operator[]' into 'nnet::fill_zero<nnet::array<ap_fixed<8, 4, (ap_q_mode)0, (ap_o_mode)0, 0>, 32u>, config14>' (firmware/nnet_utils/nnet_padding_stream.h:13).
INFO: [XFORM 203-603] Inlining function 'nnet::array<ap_fixed<8, 4, (ap_q_mode)0, (ap_o_mode)0, 0>, 32u>::operator[]' into 'nnet::fill_data<nnet::array<ap_fixed<8, 4, (ap_q_mode)0, (ap_o_mode)0, 0>, 32u>, nnet::array<ap_fixed<8, 4, (ap_q_mode)0, (ap_o_mode)0, 0>, 32u>, config15>' (firmware/nnet_utils/nnet_padding_stream.h:24).
INFO: [XFORM 203-603] Inlining function 'nnet::array<ap_fixed<8, 4, (ap_q_mode)0, (ap_o_mode)0, 0>, 32u>::operator[]' into 'nnet::fill_data<nnet::array<ap_fixed<8, 4, (ap_q_mode)0, (ap_o_mode)0, 0>, 32u>, nnet::array<ap_fixed<8, 4, (ap_q_mode)0, (ap_o_mode)0, 0>, 32u>, config15>' (firmware/nnet_utils/nnet_padding_stream.h:24).
INFO: [XFORM 203-603] Inlining function 'nnet::array<ap_fixed<8, 4, (ap_q_mode)0, (ap_o_mode)0, 0>, 32u>::operator[]' into 'nnet::fill_zero<nnet::array<ap_fixed<8, 4, (ap_q_mode)0, (ap_o_mode)0, 0>, 32u>, config15>' (firmware/nnet_utils/nnet_padding_stream.h:13).
INFO: [XFORM 203-603] Inlining function 'nnet::array<ap_fixed<8, 4, (ap_q_mode)0, (ap_o_mode)0, 0>, 32u>::operator[]' into 'nnet::dense<nnet::array<ap_fixed<8, 4, (ap_q_mode)0, (ap_o_mode)0, 0>, 32u>, nnet::array<ap_fixed<14, 8, (ap_q_mode)5, (ap_o_mode)3, 0>, 10u>, config12>' (firmware/nnet_utils/nnet_dense_stream.h:44).
INFO: [XFORM 203-603] Inlining function 'nnet::array<ap_fixed<8, 4, (ap_q_mode)0, (ap_o_mode)0, 0>, 32u>::operator[]' into 'nnet::relu<nnet::array<ap_fixed<14, 8, (ap_q_mode)5, (ap_o_mode)3, 0>, 32u>, nnet::array<ap_fixed<8, 4, (ap_q_mode)0, (ap_o_mode)0, 0>, 32u>, relu_config10>' (firmware/nnet_utils/nnet_activation_stream.h:54).
INFO: [XFORM 203-603] Inlining function 'nnet::array<ap_fixed<8, 4, (ap_q_mode)0, (ap_o_mode)0, 0>, 32u>::operator[]' into 'nnet::relu<nnet::array<ap_fixed<14, 8, (ap_q_mode)5, (ap_o_mode)3, 0>, 32u>, nnet::array<ap_fixed<8, 4, (ap_q_mode)0, (ap_o_mode)0, 0>, 32u>, relu_config10>' (firmware/nnet_utils/nnet_activation_stream.h:52).
INFO: [XFORM 203-603] Inlining function 'nnet::array<ap_fixed<8, 4, (ap_q_mode)0, (ap_o_mode)0, 0>, 32u>::operator[]' into 'nnet::relu<nnet::array<ap_fixed<14, 8, (ap_q_mode)5, (ap_o_mode)3, 0>, 32u>, nnet::array<ap_fixed<8, 4, (ap_q_mode)0, (ap_o_mode)0, 0>, 32u>, relu_config7>' (firmware/nnet_utils/nnet_activation_stream.h:54).
INFO: [XFORM 203-603] Inlining function 'nnet::array<ap_fixed<8, 4, (ap_q_mode)0, (ap_o_mode)0, 0>, 32u>::operator[]' into 'nnet::relu<nnet::array<ap_fixed<14, 8, (ap_q_mode)5, (ap_o_mode)3, 0>, 32u>, nnet::array<ap_fixed<8, 4, (ap_q_mode)0, (ap_o_mode)0, 0>, 32u>, relu_config7>' (firmware/nnet_utils/nnet_activation_stream.h:52).
INFO: [XFORM 203-603] Inlining function 'nnet::array<ap_fixed<8, 4, (ap_q_mode)0, (ap_o_mode)0, 0>, 32u>::operator[]' into 'nnet::relu<nnet::array<ap_fixed<14, 8, (ap_q_mode)5, (ap_o_mode)3, 0>, 32u>, nnet::array<ap_fixed<8, 4, (ap_q_mode)0, (ap_o_mode)0, 0>, 32u>, relu_config4>' (firmware/nnet_utils/nnet_activation_stream.h:54).
INFO: [XFORM 203-603] Inlining function 'nnet::array<ap_fixed<8, 4, (ap_q_mode)0, (ap_o_mode)0, 0>, 32u>::operator[]' into 'nnet::relu<nnet::array<ap_fixed<14, 8, (ap_q_mode)5, (ap_o_mode)3, 0>, 32u>, nnet::array<ap_fixed<8, 4, (ap_q_mode)0, (ap_o_mode)0, 0>, 32u>, relu_config4>' (firmware/nnet_utils/nnet_activation_stream.h:52).
INFO: [XFORM 203-603] Inlining function 'nnet::fill_zero<nnet::array<ap_fixed<8, 4, (ap_q_mode)0, (ap_o_mode)0, 0>, 32u>, config14>' into 'nnet::zeropad2d_cl<nnet::array<ap_fixed<8, 4, (ap_q_mode)0, (ap_o_mode)0, 0>, 32u>, nnet::array<ap_fixed<8, 4, (ap_q_mode)0, (ap_o_mode)0, 0>, 32u>, config14>' (firmware/nnet_utils/nnet_padding_stream.h:78).
INFO: [XFORM 203-603] Inlining function 'nnet::fill_zero<nnet::array<ap_fixed<8, 4, (ap_q_mode)0, (ap_o_mode)0, 0>, 32u>, config14>' into 'nnet::zeropad2d_cl<nnet::array<ap_fixed<8, 4, (ap_q_mode)0, (ap_o_mode)0, 0>, 32u>, nnet::array<ap_fixed<8, 4, (ap_q_mode)0, (ap_o_mode)0, 0>, 32u>, config14>' (firmware/nnet_utils/nnet_padding_stream.h:70).
INFO: [XFORM 203-603] Inlining function 'nnet::fill_zero<nnet::array<ap_fixed<8, 4, (ap_q_mode)0, (ap_o_mode)0, 0>, 32u>, config14>' into 'nnet::zeropad2d_cl<nnet::array<ap_fixed<8, 4, (ap_q_mode)0, (ap_o_mode)0, 0>, 32u>, nnet::array<ap_fixed<8, 4, (ap_q_mode)0, (ap_o_mode)0, 0>, 32u>, config14>' (firmware/nnet_utils/nnet_padding_stream.h:62).
INFO: [XFORM 203-603] Inlining function 'nnet::fill_zero<nnet::array<ap_fixed<8, 4, (ap_q_mode)0, (ap_o_mode)0, 0>, 32u>, config14>' into 'nnet::zeropad2d_cl<nnet::array<ap_fixed<8, 4, (ap_q_mode)0, (ap_o_mode)0, 0>, 32u>, nnet::array<ap_fixed<8, 4, (ap_q_mode)0, (ap_o_mode)0, 0>, 32u>, config14>' (firmware/nnet_utils/nnet_padding_stream.h:54).
INFO: [XFORM 203-603] Inlining function 'nnet::fill_data<nnet::array<ap_fixed<8, 4, (ap_q_mode)0, (ap_o_mode)0, 0>, 32u>, nnet::array<ap_fixed<8, 4, (ap_q_mode)0, (ap_o_mode)0, 0>, 32u>, config14>' into 'nnet::zeropad2d_cl<nnet::array<ap_fixed<8, 4, (ap_q_mode)0, (ap_o_mode)0, 0>, 32u>, nnet::array<ap_fixed<8, 4, (ap_q_mode)0, (ap_o_mode)0, 0>, 32u>, config14>' (firmware/nnet_utils/nnet_padding_stream.h:66).
INFO: [XFORM 203-603] Inlining function 'nnet::array<ap_fixed<8, 4, (ap_q_mode)0, (ap_o_mode)0, 0>, 32u>::operator[].1' into 'nnet::shift_line_buffer<nnet::array<ap_fixed<8, 4, (ap_q_mode)0, (ap_o_mode)0, 0>, 32u>, config5>' (firmware/nnet_utils/nnet_conv_stream.h:237).
INFO: [XFORM 203-603] Inlining function 'nnet::array<ap_fixed<8, 4, (ap_q_mode)0, (ap_o_mode)0, 0>, 32u>::operator[].1' into 'nnet::shift_line_buffer<nnet::array<ap_fixed<8, 4, (ap_q_mode)0, (ap_o_mode)0, 0>, 32u>, config8>' (firmware/nnet_utils/nnet_conv_stream.h:237).
INFO: [XFORM 203-603] Inlining function 'nnet::kernel_shift_2d<nnet::array<ap_fixed<8, 4, (ap_q_mode)0, (ap_o_mode)0, 0>, 32u>, config5>' into 'nnet::shift_line_buffer<nnet::array<ap_fixed<8, 4, (ap_q_mode)0, (ap_o_mode)0, 0>, 32u>, config5>' (firmware/nnet_utils/nnet_conv_stream.h:252).
INFO: [XFORM 203-603] Inlining function 'nnet::product::mult<ap_fixed<8, 4, (ap_q_mode)0, (ap_o_mode)0, 0>, ap_fixed<8, 3, (ap_q_mode)5, (ap_o_mode)3, 0> >::product' into 'nnet::dense_resource_rf_gt_nin_rem0<ap_fixed<8, 4, (ap_q_mode)0, (ap_o_mode)0, 0>, ap_fixed<14, 8, (ap_q_mode)5, (ap_o_mode)3, 0>, config5_mult>' (firmware/nnet_utils/nnet_dense_resource.h:139).
INFO: [XFORM 203-603] Inlining function 'nnet::product::mult<ap_fixed<8, 4, (ap_q_mode)0, (ap_o_mode)0, 0>, ap_fixed<8, 3, (ap_q_mode)5, (ap_o_mode)3, 0> >::product' into 'nnet::dense_resource_rf_gt_nin_rem0<ap_fixed<8, 4, (ap_q_mode)0, (ap_o_mode)0, 0>, ap_fixed<14, 8, (ap_q_mode)5, (ap_o_mode)3, 0>, config8_mult>' (firmware/nnet_utils/nnet_dense_resource.h:139).
INFO: [XFORM 203-603] Inlining function 'nnet::product::mult<ap_fixed<8, 4, (ap_q_mode)0, (ap_o_mode)0, 0>, ap_fixed<8, 3, (ap_q_mode)5, (ap_o_mode)3, 0> >::product' into 'nnet::dense_resource_rf_gt_nin_rem0<ap_fixed<8, 4, (ap_q_mode)0, (ap_o_mode)0, 0>, ap_fixed<14, 8, (ap_q_mode)5, (ap_o_mode)3, 0>, config12>' (firmware/nnet_utils/nnet_dense_resource.h:139).
INFO: [XFORM 203-603] Inlining function 'nnet::dense_resource_rf_gt_nin_rem0<ap_fixed<8, 4, (ap_q_mode)0, (ap_o_mode)0, 0>, ap_fixed<14, 8, (ap_q_mode)5, (ap_o_mode)3, 0>, config5_mult>' into 'nnet::dense_resource<ap_fixed<8, 4, (ap_q_mode)0, (ap_o_mode)0, 0>, ap_fixed<14, 8, (ap_q_mode)5, (ap_o_mode)3, 0>, config5_mult>' (firmware/nnet_utils/nnet_dense_resource.h:255).
INFO: [XFORM 203-603] Inlining function 'nnet::cast<ap_fixed<8, 4, (ap_q_mode)0, (ap_o_mode)0, 0>, ap_fixed<14, 8, (ap_q_mode)5, (ap_o_mode)3, 0>, config5_mult>' into 'nnet::dense_resource<ap_fixed<8, 4, (ap_q_mode)0, (ap_o_mode)0, 0>, ap_fixed<14, 8, (ap_q_mode)5, (ap_o_mode)3, 0>, config5_mult>' (firmware/nnet_utils/nnet_dense_resource.h:158->firmware/nnet_utils/nnet_dense_resource.h:255).
INFO: [XFORM 203-603] Inlining function 'nnet::shift_line_buffer<nnet::array<ap_fixed<8, 4, (ap_q_mode)0, (ap_o_mode)0, 0>, 32u>, config5>' into 'nnet::compute_output_buffer_2d<nnet::array<ap_fixed<8, 4, (ap_q_mode)0, (ap_o_mode)0, 0>, 32u>, nnet::array<ap_fixed<14, 8, (ap_q_mode)5, (ap_o_mode)3, 0>, 32u>, config5>' (firmware/nnet_utils/nnet_conv_stream.h:286).
INFO: [XFORM 203-603] Inlining function 'nnet::dense_resource<ap_fixed<8, 4, (ap_q_mode)0, (ap_o_mode)0, 0>, ap_fixed<14, 8, (ap_q_mode)5, (ap_o_mode)3, 0>, config5_mult>' into 'nnet::compute_output_buffer_2d<nnet::array<ap_fixed<8, 4, (ap_q_mode)0, (ap_o_mode)0, 0>, 32u>, nnet::array<ap_fixed<14, 8, (ap_q_mode)5, (ap_o_mode)3, 0>, 32u>, config5>' (firmware/nnet_utils/nnet_conv_stream.h:297).
INFO: [XFORM 203-603] Inlining function 'nnet::compute_output_buffer_2d<nnet::array<ap_fixed<8, 4, (ap_q_mode)0, (ap_o_mode)0, 0>, 32u>, nnet::array<ap_fixed<14, 8, (ap_q_mode)5, (ap_o_mode)3, 0>, 32u>, config5>' into 'nnet::conv_2d_buffer_cl<nnet::array<ap_fixed<8, 4, (ap_q_mode)0, (ap_o_mode)0, 0>, 32u>, nnet::array<ap_fixed<14, 8, (ap_q_mode)5, (ap_o_mode)3, 0>, 32u>, config5>' (firmware/nnet_utils/nnet_conv2d_stream.h:87).
INFO: [XFORM 203-603] Inlining function 'nnet::conv_2d_buffer_cl<nnet::array<ap_fixed<8, 4, (ap_q_mode)0, (ap_o_mode)0, 0>, 32u>, nnet::array<ap_fixed<14, 8, (ap_q_mode)5, (ap_o_mode)3, 0>, 32u>, config5>' into 'nnet::conv_2d_cl<nnet::array<ap_fixed<8, 4, (ap_q_mode)0, (ap_o_mode)0, 0>, 32u>, nnet::array<ap_fixed<14, 8, (ap_q_mode)5, (ap_o_mode)3, 0>, 32u>, config5>' (firmware/nnet_utils/nnet_conv2d_stream.h:103).
INFO: [XFORM 203-603] Inlining function 'nnet::fill_zero<nnet::array<ap_fixed<8, 4, (ap_q_mode)0, (ap_o_mode)0, 0>, 32u>, config15>' into 'nnet::zeropad2d_cl<nnet::array<ap_fixed<8, 4, (ap_q_mode)0, (ap_o_mode)0, 0>, 32u>, nnet::array<ap_fixed<8, 4, (ap_q_mode)0, (ap_o_mode)0, 0>, 32u>, config15>' (firmware/nnet_utils/nnet_padding_stream.h:78).
INFO: [XFORM 203-603] Inlining function 'nnet::fill_zero<nnet::array<ap_fixed<8, 4, (ap_q_mode)0, (ap_o_mode)0, 0>, 32u>, config15>' into 'nnet::zeropad2d_cl<nnet::array<ap_fixed<8, 4, (ap_q_mode)0, (ap_o_mode)0, 0>, 32u>, nnet::array<ap_fixed<8, 4, (ap_q_mode)0, (ap_o_mode)0, 0>, 32u>, config15>' (firmware/nnet_utils/nnet_padding_stream.h:70).
INFO: [XFORM 203-603] Inlining function 'nnet::fill_zero<nnet::array<ap_fixed<8, 4, (ap_q_mode)0, (ap_o_mode)0, 0>, 32u>, config15>' into 'nnet::zeropad2d_cl<nnet::array<ap_fixed<8, 4, (ap_q_mode)0, (ap_o_mode)0, 0>, 32u>, nnet::array<ap_fixed<8, 4, (ap_q_mode)0, (ap_o_mode)0, 0>, 32u>, config15>' (firmware/nnet_utils/nnet_padding_stream.h:62).
INFO: [XFORM 203-603] Inlining function 'nnet::fill_zero<nnet::array<ap_fixed<8, 4, (ap_q_mode)0, (ap_o_mode)0, 0>, 32u>, config15>' into 'nnet::zeropad2d_cl<nnet::array<ap_fixed<8, 4, (ap_q_mode)0, (ap_o_mode)0, 0>, 32u>, nnet::array<ap_fixed<8, 4, (ap_q_mode)0, (ap_o_mode)0, 0>, 32u>, config15>' (firmware/nnet_utils/nnet_padding_stream.h:54).
INFO: [XFORM 203-603] Inlining function 'nnet::fill_data<nnet::array<ap_fixed<8, 4, (ap_q_mode)0, (ap_o_mode)0, 0>, 32u>, nnet::array<ap_fixed<8, 4, (ap_q_mode)0, (ap_o_mode)0, 0>, 32u>, config15>' into 'nnet::zeropad2d_cl<nnet::array<ap_fixed<8, 4, (ap_q_mode)0, (ap_o_mode)0, 0>, 32u>, nnet::array<ap_fixed<8, 4, (ap_q_mode)0, (ap_o_mode)0, 0>, 32u>, config15>' (firmware/nnet_utils/nnet_padding_stream.h:66).
INFO: [XFORM 203-603] Inlining function 'nnet::kernel_shift_2d<nnet::array<ap_fixed<8, 4, (ap_q_mode)0, (ap_o_mode)0, 0>, 32u>, config8>' into 'nnet::shift_line_buffer<nnet::array<ap_fixed<8, 4, (ap_q_mode)0, (ap_o_mode)0, 0>, 32u>, config8>' (firmware/nnet_utils/nnet_conv_stream.h:252).
INFO: [XFORM 203-603] Inlining function 'nnet::dense_resource_rf_gt_nin_rem0<ap_fixed<8, 4, (ap_q_mode)0, (ap_o_mode)0, 0>, ap_fixed<14, 8, (ap_q_mode)5, (ap_o_mode)3, 0>, config8_mult>' into 'nnet::dense_resource<ap_fixed<8, 4, (ap_q_mode)0, (ap_o_mode)0, 0>, ap_fixed<14, 8, (ap_q_mode)5, (ap_o_mode)3, 0>, config8_mult>' (firmware/nnet_utils/nnet_dense_resource.h:255).
INFO: [XFORM 203-603] Inlining function 'nnet::cast<ap_fixed<8, 4, (ap_q_mode)0, (ap_o_mode)0, 0>, ap_fixed<14, 8, (ap_q_mode)5, (ap_o_mode)3, 0>, config8_mult>' into 'nnet::dense_resource<ap_fixed<8, 4, (ap_q_mode)0, (ap_o_mode)0, 0>, ap_fixed<14, 8, (ap_q_mode)5, (ap_o_mode)3, 0>, config8_mult>' (firmware/nnet_utils/nnet_dense_resource.h:158->firmware/nnet_utils/nnet_dense_resource.h:255).
INFO: [XFORM 203-603] Inlining function 'nnet::shift_line_buffer<nnet::array<ap_fixed<8, 4, (ap_q_mode)0, (ap_o_mode)0, 0>, 32u>, config8>' into 'nnet::compute_output_buffer_2d<nnet::array<ap_fixed<8, 4, (ap_q_mode)0, (ap_o_mode)0, 0>, 32u>, nnet::array<ap_fixed<14, 8, (ap_q_mode)5, (ap_o_mode)3, 0>, 32u>, config8>' (firmware/nnet_utils/nnet_conv_stream.h:286).
INFO: [XFORM 203-603] Inlining function 'nnet::dense_resource<ap_fixed<8, 4, (ap_q_mode)0, (ap_o_mode)0, 0>, ap_fixed<14, 8, (ap_q_mode)5, (ap_o_mode)3, 0>, config8_mult>' into 'nnet::compute_output_buffer_2d<nnet::array<ap_fixed<8, 4, (ap_q_mode)0, (ap_o_mode)0, 0>, 32u>, nnet::array<ap_fixed<14, 8, (ap_q_mode)5, (ap_o_mode)3, 0>, 32u>, config8>' (firmware/nnet_utils/nnet_conv_stream.h:297).
INFO: [XFORM 203-603] Inlining function 'nnet::compute_output_buffer_2d<nnet::array<ap_fixed<8, 4, (ap_q_mode)0, (ap_o_mode)0, 0>, 32u>, nnet::array<ap_fixed<14, 8, (ap_q_mode)5, (ap_o_mode)3, 0>, 32u>, config8>' into 'nnet::conv_2d_buffer_cl<nnet::array<ap_fixed<8, 4, (ap_q_mode)0, (ap_o_mode)0, 0>, 32u>, nnet::array<ap_fixed<14, 8, (ap_q_mode)5, (ap_o_mode)3, 0>, 32u>, config8>' (firmware/nnet_utils/nnet_conv2d_stream.h:87).
INFO: [XFORM 203-603] Inlining function 'nnet::conv_2d_buffer_cl<nnet::array<ap_fixed<8, 4, (ap_q_mode)0, (ap_o_mode)0, 0>, 32u>, nnet::array<ap_fixed<14, 8, (ap_q_mode)5, (ap_o_mode)3, 0>, 32u>, config8>' into 'nnet::conv_2d_cl<nnet::array<ap_fixed<8, 4, (ap_q_mode)0, (ap_o_mode)0, 0>, 32u>, nnet::array<ap_fixed<14, 8, (ap_q_mode)5, (ap_o_mode)3, 0>, 32u>, config8>' (firmware/nnet_utils/nnet_conv2d_stream.h:103).
INFO: [XFORM 203-603] Inlining function 'nnet::dense_resource_rf_gt_nin_rem0<ap_fixed<8, 4, (ap_q_mode)0, (ap_o_mode)0, 0>, ap_fixed<14, 8, (ap_q_mode)5, (ap_o_mode)3, 0>, config12>' into 'nnet::dense_resource<ap_fixed<8, 4, (ap_q_mode)0, (ap_o_mode)0, 0>, ap_fixed<14, 8, (ap_q_mode)5, (ap_o_mode)3, 0>, config12>' (firmware/nnet_utils/nnet_dense_resource.h:255).
INFO: [XFORM 203-603] Inlining function 'nnet::cast<ap_fixed<8, 4, (ap_q_mode)0, (ap_o_mode)0, 0>, ap_fixed<14, 8, (ap_q_mode)5, (ap_o_mode)3, 0>, config12>' into 'nnet::dense_resource<ap_fixed<8, 4, (ap_q_mode)0, (ap_o_mode)0, 0>, ap_fixed<14, 8, (ap_q_mode)5, (ap_o_mode)3, 0>, config12>' (firmware/nnet_utils/nnet_dense_resource.h:158->firmware/nnet_utils/nnet_dense_resource.h:255).
INFO: [XFORM 203-603] Inlining function 'nnet::dense_resource<ap_fixed<8, 4, (ap_q_mode)0, (ap_o_mode)0, 0>, ap_fixed<14, 8, (ap_q_mode)5, (ap_o_mode)3, 0>, config12>' into 'nnet::dense_wrapper<ap_fixed<8, 4, (ap_q_mode)0, (ap_o_mode)0, 0>, ap_fixed<14, 8, (ap_q_mode)5, (ap_o_mode)3, 0>, config12>' (firmware/nnet_utils/nnet_dense_stream.h:21).
INFO: [XFORM 203-603] Inlining function 'nnet::array<ap_fixed<14, 8, (ap_q_mode)5, (ap_o_mode)3, 0>, 10u>::operator[]' into 'nnet::linear<nnet::array<ap_fixed<14, 8, (ap_q_mode)5, (ap_o_mode)3, 0>, 10u>, nnet::array<ap_fixed<14, 6, (ap_q_mode)5, (ap_o_mode)3, 0>, 10u>, linear_config13>' (firmware/nnet_utils/nnet_activation_stream.h:29).
INFO: [XFORM 203-603] Inlining function 'nnet::array<ap_fixed<14, 8, (ap_q_mode)5, (ap_o_mode)3, 0>, 10u>::operator[]' into 'nnet::dense<nnet::array<ap_fixed<8, 4, (ap_q_mode)0, (ap_o_mode)0, 0>, 32u>, nnet::array<ap_fixed<14, 8, (ap_q_mode)5, (ap_o_mode)3, 0>, 10u>, config12>' (firmware/nnet_utils/nnet_dense_stream.h:60).
INFO: [XFORM 203-603] Inlining function 'nnet::array<ap_fixed<14, 6, (ap_q_mode)5, (ap_o_mode)3, 0>, 10u>::operator[]' into 'myproject_axi' (firmware/myproject_axi.cpp:33).
INFO: [XFORM 203-603] Inlining function 'nnet::array<ap_fixed<14, 6, (ap_q_mode)5, (ap_o_mode)3, 0>, 10u>::operator[]' into 'nnet::linear<nnet::array<ap_fixed<14, 8, (ap_q_mode)5, (ap_o_mode)3, 0>, 10u>, nnet::array<ap_fixed<14, 6, (ap_q_mode)5, (ap_o_mode)3, 0>, 10u>, linear_config13>' (firmware/nnet_utils/nnet_activation_stream.h:29).
INFO: [HLS 200-111] Finished Standard Transforms Time (s): cpu = 00:02:33 ; elapsed = 00:02:37 . Memory (MB): peak = 3419.078 ; gain = 2892.719 ; free physical = 15906 ; free virtual = 154030
INFO: [HLS 200-10] Checking synthesizability ...
WARNING: [SYNCHK 200-23] firmware/myproject_axi.cpp:33: variable-indexed range selection may cause suboptimal QoR.
INFO: [SYNCHK 200-10] 0 error(s), 1 warning(s).
INFO: [HLS 200-111] Finished Checking Synthesizability Time (s): cpu = 00:02:40 ; elapsed = 00:02:43 . Memory (MB): peak = 3420.344 ; gain = 2893.984 ; free physical = 15906 ; free virtual = 154030
WARNING: [XFORM 203-803] Cannot specify interface mode 'axis' on argument 'res.V.data.V' . This interface directive will be discarded. Please apply it on an argument of top module.
WARNING: [XFORM 203-803] Cannot specify interface mode 'axis' on argument 'data.V.data.V' . This interface directive will be discarded. Please apply it on an argument of top module.
WARNING: [XFORM 203-803] Cannot specify interface mode 'axis' (firmware/myproject.cpp:12:1) on argument 'input_1.V.data.V' (firmware/myproject.cpp:7). This interface directive will be discarded. Please apply it on an argument of top module.
WARNING: [XFORM 203-803] Cannot specify interface mode 'axis' (firmware/myproject.cpp:12:94) on argument 'layer13_out.V.data.V' (firmware/myproject.cpp:8). This interface directive will be discarded. Please apply it on an argument of top module.
WARNING: [XFORM 203-1103] Ignored data pack directive on non-struct variable 'out.data' (firmware/myproject_axi.cpp:3).
WARNING: [XFORM 203-1103] Ignored data pack directive on non-struct variable 'in.data' (firmware/myproject_axi.cpp:3).
INFO: [XFORM 203-1101] Packing variable 'out_data.data.V' (firmware/nnet_utils/nnet_activation_stream.h:45) into a 256-bit variable.
INFO: [XFORM 203-1101] Packing variable 'out_data.data.V' (firmware/nnet_utils/nnet_activation_stream.h:45) into a 256-bit variable.
INFO: [XFORM 203-1101] Packing variable 'out_data.data.V' (firmware/nnet_utils/nnet_activation_stream.h:45) into a 256-bit variable.
INFO: [XFORM 203-1101] Packing variable 'out_data.data.V' (firmware/nnet_utils/nnet_activation_stream.h:23) into a 140-bit variable.
INFO: [XFORM 203-1101] Packing variable 'res_pack.data.V' (firmware/nnet_utils/nnet_dense_stream.h:55) into a 140-bit variable.
INFO: [XFORM 203-1101] Packing variable 'res_pack.data.V' (firmware/nnet_utils/nnet_conv_stream.h:282) into a 448-bit variable.
INFO: [XFORM 203-1101] Packing variable 'res_pack.data.V' (firmware/nnet_utils/nnet_conv_stream.h:282) into a 448-bit variable.
INFO: [XFORM 203-1101] Packing variable 'res_pack.data.V' (firmware/nnet_utils/nnet_conv_stream.h:282) into a 448-bit variable.
INFO: [XFORM 203-1101] Packing variable 'ctype.data.V' (firmware/myproject_axi.cpp:18) into a 24-bit variable.
INFO: [XFORM 203-502] Unrolling all sub-loops inside loop 'ReLUActLoop' (firmware/nnet_utils/nnet_activation_stream.h:41) in function 'nnet::relu<nnet::array<ap_fixed<14, 8, (ap_q_mode)5, (ap_o_mode)3, 0>, 32u>, nnet::array<ap_fixed<8, 4, (ap_q_mode)0, (ap_o_mode)0, 0>, 32u>, relu_config7>' for pipelining.
INFO: [XFORM 203-502] Unrolling all sub-loops inside loop 'ReLUActLoop' (firmware/nnet_utils/nnet_activation_stream.h:41) in function 'nnet::relu<nnet::array<ap_fixed<14, 8, (ap_q_mode)5, (ap_o_mode)3, 0>, 32u>, nnet::array<ap_fixed<8, 4, (ap_q_mode)0, (ap_o_mode)0, 0>, 32u>, relu_config4>' for pipelining.
INFO: [XFORM 203-502] Unrolling all sub-loops inside loop 'ReLUActLoop' (firmware/nnet_utils/nnet_activation_stream.h:41) in function 'nnet::relu<nnet::array<ap_fixed<14, 8, (ap_q_mode)5, (ap_o_mode)3, 0>, 32u>, nnet::array<ap_fixed<8, 4, (ap_q_mode)0, (ap_o_mode)0, 0>, 32u>, relu_config10>' for pipelining.
INFO: [XFORM 203-502] Unrolling all loops for pipelining in function 'nnet::linear<nnet::array<ap_fixed<14, 8, (ap_q_mode)5, (ap_o_mode)3, 0>, 10u>, nnet::array<ap_fixed<14, 6, (ap_q_mode)5, (ap_o_mode)3, 0>, 10u>, linear_config13>' (firmware/nnet_utils/nnet_activation_stream.h:19:42).
INFO: [XFORM 203-502] Unrolling all sub-loops inside loop 'DataPrepare' (firmware/nnet_utils/nnet_dense_stream.h:36) in function 'nnet::dense<nnet::array<ap_fixed<8, 4, (ap_q_mode)0, (ap_o_mode)0, 0>, 32u>, nnet::array<ap_fixed<14, 8, (ap_q_mode)5, (ap_o_mode)3, 0>, 10u>, config12>' for pipelining.
INFO: [XFORM 203-502] Unrolling all sub-loops inside loop 'KernelShiftWidth' (firmware/nnet_utils/nnet_conv_stream.h:194) in function 'nnet::conv_2d_cl<nnet::array<ap_ufixed<8, 0, (ap_q_mode)5, (ap_o_mode)3, 0>, 3u>, nnet::array<ap_fixed<14, 8, (ap_q_mode)5, (ap_o_mode)3, 0>, 32u>, config2>' for pipelining.
INFO: [XFORM 203-502] Unrolling all sub-loops inside loop 'KernelShiftWidth' (firmware/nnet_utils/nnet_conv_stream.h:194) in function 'nnet::conv_2d_cl<nnet::array<ap_fixed<8, 4, (ap_q_mode)0, (ap_o_mode)0, 0>, 32u>, nnet::array<ap_fixed<14, 8, (ap_q_mode)5, (ap_o_mode)3, 0>, 32u>, config8>' for pipelining.
INFO: [XFORM 203-502] Unrolling all sub-loops inside loop 'KernelShiftWidth' (firmware/nnet_utils/nnet_conv_stream.h:194) in function 'nnet::conv_2d_cl<nnet::array<ap_fixed<8, 4, (ap_q_mode)0, (ap_o_mode)0, 0>, 32u>, nnet::array<ap_fixed<14, 8, (ap_q_mode)5, (ap_o_mode)3, 0>, 32u>, config5>' for pipelining.
INFO: [HLS 200-489] Unrolling loop 'Loop-1.1' (firmware/nnet_utils/nnet_padding_stream.h:11) in function 'nnet::zeropad2d_cl<nnet::array<ap_fixed<8, 4, (ap_q_mode)0, (ap_o_mode)0, 0>, 32u>, nnet::array<ap_fixed<8, 4, (ap_q_mode)0, (ap_o_mode)0, 0>, 32u>, config15>' completely with a factor of 32.
INFO: [HLS 200-489] Unrolling loop 'Loop-2.1' (firmware/nnet_utils/nnet_padding_stream.h:11) in function 'nnet::zeropad2d_cl<nnet::array<ap_fixed<8, 4, (ap_q_mode)0, (ap_o_mode)0, 0>, 32u>, nnet::array<ap_fixed<8, 4, (ap_q_mode)0, (ap_o_mode)0, 0>, 32u>, config15>' completely with a factor of 32.
INFO: [HLS 200-489] Unrolling loop 'Loop-2.2.1' (firmware/nnet_utils/nnet_padding_stream.h:22) in function 'nnet::zeropad2d_cl<nnet::array<ap_fixed<8, 4, (ap_q_mode)0, (ap_o_mode)0, 0>, 32u>, nnet::array<ap_fixed<8, 4, (ap_q_mode)0, (ap_o_mode)0, 0>, 32u>, config15>' completely with a factor of 32.
INFO: [HLS 200-489] Unrolling loop 'Loop-2.3' (firmware/nnet_utils/nnet_padding_stream.h:11) in function 'nnet::zeropad2d_cl<nnet::array<ap_fixed<8, 4, (ap_q_mode)0, (ap_o_mode)0, 0>, 32u>, nnet::array<ap_fixed<8, 4, (ap_q_mode)0, (ap_o_mode)0, 0>, 32u>, config15>' completely with a factor of 32.
INFO: [HLS 200-489] Unrolling loop 'Loop-3.1' (firmware/nnet_utils/nnet_padding_stream.h:11) in function 'nnet::zeropad2d_cl<nnet::array<ap_fixed<8, 4, (ap_q_mode)0, (ap_o_mode)0, 0>, 32u>, nnet::array<ap_fixed<8, 4, (ap_q_mode)0, (ap_o_mode)0, 0>, 32u>, config15>' completely with a factor of 32.
INFO: [HLS 200-489] Unrolling loop 'Loop-1.1' (firmware/nnet_utils/nnet_padding_stream.h:11) in function 'nnet::zeropad2d_cl<nnet::array<ap_fixed<8, 4, (ap_q_mode)0, (ap_o_mode)0, 0>, 32u>, nnet::array<ap_fixed<8, 4, (ap_q_mode)0, (ap_o_mode)0, 0>, 32u>, config14>' completely with a factor of 32.
INFO: [HLS 200-489] Unrolling loop 'Loop-2.1' (firmware/nnet_utils/nnet_padding_stream.h:11) in function 'nnet::zeropad2d_cl<nnet::array<ap_fixed<8, 4, (ap_q_mode)0, (ap_o_mode)0, 0>, 32u>, nnet::array<ap_fixed<8, 4, (ap_q_mode)0, (ap_o_mode)0, 0>, 32u>, config14>' completely with a factor of 32.
INFO: [HLS 200-489] Unrolling loop 'Loop-2.2.1' (firmware/nnet_utils/nnet_padding_stream.h:22) in function 'nnet::zeropad2d_cl<nnet::array<ap_fixed<8, 4, (ap_q_mode)0, (ap_o_mode)0, 0>, 32u>, nnet::array<ap_fixed<8, 4, (ap_q_mode)0, (ap_o_mode)0, 0>, 32u>, config14>' completely with a factor of 32.
INFO: [HLS 200-489] Unrolling loop 'Loop-2.3' (firmware/nnet_utils/nnet_padding_stream.h:11) in function 'nnet::zeropad2d_cl<nnet::array<ap_fixed<8, 4, (ap_q_mode)0, (ap_o_mode)0, 0>, 32u>, nnet::array<ap_fixed<8, 4, (ap_q_mode)0, (ap_o_mode)0, 0>, 32u>, config14>' completely with a factor of 32.
INFO: [HLS 200-489] Unrolling loop 'Loop-3.1' (firmware/nnet_utils/nnet_padding_stream.h:11) in function 'nnet::zeropad2d_cl<nnet::array<ap_fixed<8, 4, (ap_q_mode)0, (ap_o_mode)0, 0>, 32u>, nnet::array<ap_fixed<8, 4, (ap_q_mode)0, (ap_o_mode)0, 0>, 32u>, config14>' completely with a factor of 32.
INFO: [HLS 200-489] Unrolling loop 'ReLUPackLoop' (firmware/nnet_utils/nnet_activation_stream.h:49) in function 'nnet::relu<nnet::array<ap_fixed<14, 8, (ap_q_mode)5, (ap_o_mode)3, 0>, 32u>, nnet::array<ap_fixed<8, 4, (ap_q_mode)0, (ap_o_mode)0, 0>, 32u>, relu_config7>' completely with a factor of 32.
INFO: [HLS 200-489] Unrolling loop 'ReLUPackLoop' (firmware/nnet_utils/nnet_activation_stream.h:49) in function 'nnet::relu<nnet::array<ap_fixed<14, 8, (ap_q_mode)5, (ap_o_mode)3, 0>, 32u>, nnet::array<ap_fixed<8, 4, (ap_q_mode)0, (ap_o_mode)0, 0>, 32u>, relu_config4>' completely with a factor of 32.
INFO: [HLS 200-489] Unrolling loop 'ReLUPackLoop' (firmware/nnet_utils/nnet_activation_stream.h:49) in function 'nnet::relu<nnet::array<ap_fixed<14, 8, (ap_q_mode)5, (ap_o_mode)3, 0>, 32u>, nnet::array<ap_fixed<8, 4, (ap_q_mode)0, (ap_o_mode)0, 0>, 32u>, relu_config10>' completely with a factor of 32.
INFO: [HLS 200-489] Unrolling loop 'LinearPackLoop' (firmware/nnet_utils/nnet_activation_stream.h:27) in function 'nnet::linear<nnet::array<ap_fixed<14, 8, (ap_q_mode)5, (ap_o_mode)3, 0>, 10u>, nnet::array<ap_fixed<14, 6, (ap_q_mode)5, (ap_o_mode)3, 0>, 10u>, linear_config13>' completely with a factor of 10.
INFO: [HLS 200-489] Unrolling loop 'DataPack' (firmware/nnet_utils/nnet_dense_stream.h:42) in function 'nnet::dense<nnet::array<ap_fixed<8, 4, (ap_q_mode)0, (ap_o_mode)0, 0>, 32u>, nnet::array<ap_fixed<14, 8, (ap_q_mode)5, (ap_o_mode)3, 0>, 10u>, config12>' completely with a factor of 32.
INFO: [HLS 200-489] Unrolling loop 'ResPack' (firmware/nnet_utils/nnet_dense_stream.h:58) in function 'nnet::dense<nnet::array<ap_fixed<8, 4, (ap_q_mode)0, (ap_o_mode)0, 0>, 32u>, nnet::array<ap_fixed<14, 8, (ap_q_mode)5, (ap_o_mode)3, 0>, 10u>, config12>' completely with a factor of 10.
INFO: [HLS 200-489] Unrolling loop 'UpdateBuffer' (firmware/nnet_utils/nnet_conv_stream.h:233) in function 'nnet::conv_2d_cl<nnet::array<ap_ufixed<8, 0, (ap_q_mode)5, (ap_o_mode)3, 0>, 3u>, nnet::array<ap_fixed<14, 8, (ap_q_mode)5, (ap_o_mode)3, 0>, 32u>, config2>' completely with a factor of 3.
INFO: [HLS 200-489] Unrolling loop 'LineBufferShift' (firmware/nnet_utils/nnet_conv_stream.h:244) in function 'nnet::conv_2d_cl<nnet::array<ap_ufixed<8, 0, (ap_q_mode)5, (ap_o_mode)3, 0>, 3u>, nnet::array<ap_fixed<14, 8, (ap_q_mode)5, (ap_o_mode)3, 0>, 32u>, config2>' completely with a factor of 2.
INFO: [HLS 200-489] Unrolling loop 'KernelShiftHeight' (firmware/nnet_utils/nnet_conv_stream.h:197) in function 'nnet::conv_2d_cl<nnet::array<ap_ufixed<8, 0, (ap_q_mode)5, (ap_o_mode)3, 0>, 3u>, nnet::array<ap_fixed<14, 8, (ap_q_mode)5, (ap_o_mode)3, 0>, 32u>, config2>' completely with a factor of 3.
INFO: [HLS 200-489] Unrolling loop 'KernelShiftChannel' (firmware/nnet_utils/nnet_conv_stream.h:199) in function 'nnet::conv_2d_cl<nnet::array<ap_ufixed<8, 0, (ap_q_mode)5, (ap_o_mode)3, 0>, 3u>, nnet::array<ap_fixed<14, 8, (ap_q_mode)5, (ap_o_mode)3, 0>, 32u>, config2>' completely with a factor of 3.
INFO: [HLS 200-489] Unrolling loop 'KernelPushHeight' (firmware/nnet_utils/nnet_conv_stream.h:210) in function 'nnet::conv_2d_cl<nnet::array<ap_ufixed<8, 0, (ap_q_mode)5, (ap_o_mode)3, 0>, 3u>, nnet::array<ap_fixed<14, 8, (ap_q_mode)5, (ap_o_mode)3, 0>, 32u>, config2>' completely with a factor of 3.
INFO: [HLS 200-489] Unrolling loop 'InitAccum' (firmware/nnet_utils/nnet_dense_resource.h:108) in function 'nnet::conv_2d_cl<nnet::array<ap_ufixed<8, 0, (ap_q_mode)5, (ap_o_mode)3, 0>, 3u>, nnet::array<ap_fixed<14, 8, (ap_q_mode)5, (ap_o_mode)3, 0>, 32u>, config2>' completely with a factor of 32.
INFO: [HLS 200-489] Unrolling loop 'Result' (firmware/nnet_utils/nnet_dense_resource.h:156) in function 'nnet::conv_2d_cl<nnet::array<ap_ufixed<8, 0, (ap_q_mode)5, (ap_o_mode)3, 0>, 3u>, nnet::array<ap_fixed<14, 8, (ap_q_mode)5, (ap_o_mode)3, 0>, 32u>, config2>' completely with a factor of 32.
INFO: [HLS 200-489] Unrolling loop 'CastLoop' (firmware/nnet_utils/nnet_conv_stream.h:303) in function 'nnet::conv_2d_cl<nnet::array<ap_ufixed<8, 0, (ap_q_mode)5, (ap_o_mode)3, 0>, 3u>, nnet::array<ap_fixed<14, 8, (ap_q_mode)5, (ap_o_mode)3, 0>, 32u>, config2>' completely with a factor of 32.
INFO: [HLS 200-489] Unrolling loop 'UpdateBuffer' (firmware/nnet_utils/nnet_conv_stream.h:233) in function 'nnet::conv_2d_cl<nnet::array<ap_fixed<8, 4, (ap_q_mode)0, (ap_o_mode)0, 0>, 32u>, nnet::array<ap_fixed<14, 8, (ap_q_mode)5, (ap_o_mode)3, 0>, 32u>, config8>' completely with a factor of 32.
INFO: [HLS 200-489] Unrolling loop 'LineBufferShift' (firmware/nnet_utils/nnet_conv_stream.h:244) in function 'nnet::conv_2d_cl<nnet::array<ap_fixed<8, 4, (ap_q_mode)0, (ap_o_mode)0, 0>, 32u>, nnet::array<ap_fixed<14, 8, (ap_q_mode)5, (ap_o_mode)3, 0>, 32u>, config8>' completely with a factor of 2.
INFO: [HLS 200-489] Unrolling loop 'KernelShiftHeight' (firmware/nnet_utils/nnet_conv_stream.h:197) in function 'nnet::conv_2d_cl<nnet::array<ap_fixed<8, 4, (ap_q_mode)0, (ap_o_mode)0, 0>, 32u>, nnet::array<ap_fixed<14, 8, (ap_q_mode)5, (ap_o_mode)3, 0>, 32u>, config8>' completely with a factor of 3.
INFO: [HLS 200-489] Unrolling loop 'KernelShiftChannel' (firmware/nnet_utils/nnet_conv_stream.h:199) in function 'nnet::conv_2d_cl<nnet::array<ap_fixed<8, 4, (ap_q_mode)0, (ap_o_mode)0, 0>, 32u>, nnet::array<ap_fixed<14, 8, (ap_q_mode)5, (ap_o_mode)3, 0>, 32u>, config8>' completely with a factor of 32.
INFO: [HLS 200-489] Unrolling loop 'KernelPushHeight' (firmware/nnet_utils/nnet_conv_stream.h:210) in function 'nnet::conv_2d_cl<nnet::array<ap_fixed<8, 4, (ap_q_mode)0, (ap_o_mode)0, 0>, 32u>, nnet::array<ap_fixed<14, 8, (ap_q_mode)5, (ap_o_mode)3, 0>, 32u>, config8>' completely with a factor of 3.
INFO: [HLS 200-489] Unrolling loop 'InitAccum' (firmware/nnet_utils/nnet_dense_resource.h:108) in function 'nnet::conv_2d_cl<nnet::array<ap_fixed<8, 4, (ap_q_mode)0, (ap_o_mode)0, 0>, 32u>, nnet::array<ap_fixed<14, 8, (ap_q_mode)5, (ap_o_mode)3, 0>, 32u>, config8>' completely with a factor of 32.
INFO: [HLS 200-489] Unrolling loop 'Result' (firmware/nnet_utils/nnet_dense_resource.h:156) in function 'nnet::conv_2d_cl<nnet::array<ap_fixed<8, 4, (ap_q_mode)0, (ap_o_mode)0, 0>, 32u>, nnet::array<ap_fixed<14, 8, (ap_q_mode)5, (ap_o_mode)3, 0>, 32u>, config8>' completely with a factor of 32.
INFO: [HLS 200-489] Unrolling loop 'CastLoop' (firmware/nnet_utils/nnet_conv_stream.h:303) in function 'nnet::conv_2d_cl<nnet::array<ap_fixed<8, 4, (ap_q_mode)0, (ap_o_mode)0, 0>, 32u>, nnet::array<ap_fixed<14, 8, (ap_q_mode)5, (ap_o_mode)3, 0>, 32u>, config8>' completely with a factor of 32.
INFO: [HLS 200-489] Unrolling loop 'UpdateBuffer' (firmware/nnet_utils/nnet_conv_stream.h:233) in function 'nnet::conv_2d_cl<nnet::array<ap_fixed<8, 4, (ap_q_mode)0, (ap_o_mode)0, 0>, 32u>, nnet::array<ap_fixed<14, 8, (ap_q_mode)5, (ap_o_mode)3, 0>, 32u>, config5>' completely with a factor of 32.
INFO: [HLS 200-489] Unrolling loop 'LineBufferShift' (firmware/nnet_utils/nnet_conv_stream.h:244) in function 'nnet::conv_2d_cl<nnet::array<ap_fixed<8, 4, (ap_q_mode)0, (ap_o_mode)0, 0>, 32u>, nnet::array<ap_fixed<14, 8, (ap_q_mode)5, (ap_o_mode)3, 0>, 32u>, config5>' completely with a factor of 2.
INFO: [HLS 200-489] Unrolling loop 'KernelShiftHeight' (firmware/nnet_utils/nnet_conv_stream.h:197) in function 'nnet::conv_2d_cl<nnet::array<ap_fixed<8, 4, (ap_q_mode)0, (ap_o_mode)0, 0>, 32u>, nnet::array<ap_fixed<14, 8, (ap_q_mode)5, (ap_o_mode)3, 0>, 32u>, config5>' completely with a factor of 3.
INFO: [HLS 200-489] Unrolling loop 'KernelShiftChannel' (firmware/nnet_utils/nnet_conv_stream.h:199) in function 'nnet::conv_2d_cl<nnet::array<ap_fixed<8, 4, (ap_q_mode)0, (ap_o_mode)0, 0>, 32u>, nnet::array<ap_fixed<14, 8, (ap_q_mode)5, (ap_o_mode)3, 0>, 32u>, config5>' completely with a factor of 32.
INFO: [HLS 200-489] Unrolling loop 'KernelPushHeight' (firmware/nnet_utils/nnet_conv_stream.h:210) in function 'nnet::conv_2d_cl<nnet::array<ap_fixed<8, 4, (ap_q_mode)0, (ap_o_mode)0, 0>, 32u>, nnet::array<ap_fixed<14, 8, (ap_q_mode)5, (ap_o_mode)3, 0>, 32u>, config5>' completely with a factor of 3.
INFO: [HLS 200-489] Unrolling loop 'InitAccum' (firmware/nnet_utils/nnet_dense_resource.h:108) in function 'nnet::conv_2d_cl<nnet::array<ap_fixed<8, 4, (ap_q_mode)0, (ap_o_mode)0, 0>, 32u>, nnet::array<ap_fixed<14, 8, (ap_q_mode)5, (ap_o_mode)3, 0>, 32u>, config5>' completely with a factor of 32.
INFO: [HLS 200-489] Unrolling loop 'Result' (firmware/nnet_utils/nnet_dense_resource.h:156) in function 'nnet::conv_2d_cl<nnet::array<ap_fixed<8, 4, (ap_q_mode)0, (ap_o_mode)0, 0>, 32u>, nnet::array<ap_fixed<14, 8, (ap_q_mode)5, (ap_o_mode)3, 0>, 32u>, config5>' completely with a factor of 32.
INFO: [HLS 200-489] Unrolling loop 'CastLoop' (firmware/nnet_utils/nnet_conv_stream.h:303) in function 'nnet::conv_2d_cl<nnet::array<ap_fixed<8, 4, (ap_q_mode)0, (ap_o_mode)0, 0>, 32u>, nnet::array<ap_fixed<14, 8, (ap_q_mode)5, (ap_o_mode)3, 0>, 32u>, config5>' completely with a factor of 32.
INFO: [HLS 200-489] Unrolling loop 'InitAccum' (firmware/nnet_utils/nnet_dense_resource.h:108) in function 'nnet::dense_wrapper<ap_fixed<8, 4, (ap_q_mode)0, (ap_o_mode)0, 0>, ap_fixed<14, 8, (ap_q_mode)5, (ap_o_mode)3, 0>, config12>' completely with a factor of 10.
INFO: [HLS 200-489] Unrolling loop 'Result' (firmware/nnet_utils/nnet_dense_resource.h:156) in function 'nnet::dense_wrapper<ap_fixed<8, 4, (ap_q_mode)0, (ap_o_mode)0, 0>, ap_fixed<14, 8, (ap_q_mode)5, (ap_o_mode)3, 0>, config12>' completely with a factor of 10.
INFO: [XFORM 203-102] Partitioning array 'res_part.data.V.10' (firmware/nnet_utils/nnet_padding_stream.h:21) automatically.
INFO: [XFORM 203-102] Partitioning array 'res_part.data.V.4' (firmware/nnet_utils/nnet_padding_stream.h:21) automatically.
WARNING: [XFORM 203-135] Cannot reshape array 'w2.V' : incorrect reshape factor 1.
WARNING: [XFORM 203-135] Cannot reshape array 'w8.V' : incorrect reshape factor 1.
WARNING: [XFORM 203-135] Cannot reshape array 'w5.V' : incorrect reshape factor 1.
WARNING: [XFORM 203-135] Cannot reshape array 'w12.V' : incorrect reshape factor 1.
WARNING: [XFORM 203-135] Cannot reshape array 'w2.V' : incorrect reshape factor 1.
WARNING: [XFORM 203-135] Cannot reshape array 'w8.V' : incorrect reshape factor 1.
WARNING: [XFORM 203-135] Cannot reshape array 'w5.V' : incorrect reshape factor 1.
WARNING: [XFORM 203-135] Cannot reshape array 'w12.V' : incorrect reshape factor 1.
INFO: [XFORM 203-102] Automatically partitioning shift register array 'line_buffer.Array.V.2' .
INFO: [XFORM 203-102] Automatically partitioning shift register array 'line_buffer.Array.V.1' .
INFO: [XFORM 203-102] Automatically partitioning shift register array 'line_buffer.Array.V' .
INFO: [XFORM 203-102] Automatically partitioning streamed array 'layer7_out.V.data.V' (firmware/myproject.cpp:62) .
INFO: [XFORM 203-102] Automatically partitioning streamed array 'layer15_out.V.data.V' (firmware/myproject.cpp:69) .
INFO: [XFORM 203-102] Automatically partitioning streamed array 'layer4_out.V.data.V' (firmware/myproject.cpp:44) .
INFO: [XFORM 203-102] Automatically partitioning streamed array 'layer14_out.V.data.V' (firmware/myproject.cpp:51) .
INFO: [XFORM 203-102] Automatically partitioning streamed array 'layer5_out.V.data.V' (firmware/myproject.cpp:55) .
INFO: [XFORM 203-102] Automatically partitioning streamed array 'layer2_out.V.data.V' (firmware/myproject.cpp:37) .
INFO: [XFORM 203-102] Automatically partitioning streamed array 'layer8_out.V.data.V' (firmware/myproject.cpp:73) .
INFO: [XFORM 203-102] Automatically partitioning streamed array 'layer10_out.V.data.V' (firmware/myproject.cpp:80) .
INFO: [XFORM 203-102] Automatically partitioning streamed array 'layer12_out.V.data.V' (firmware/myproject.cpp:88) .
INFO: [XFORM 203-102] Automatically partitioning streamed array 'out_local.V.data.V' (firmware/myproject_axi.cpp:12) .
INFO: [XFORM 203-102] Automatically partitioning streamed array 'in_local.V.data.V' (firmware/myproject_axi.cpp:11) .
INFO: [XFORM 203-101] Partitioning array 'tmp.data.V.3' in dimension 1 completely.
INFO: [XFORM 203-101] Partitioning array 'tmp.data.V.8' in dimension 1 completely.
INFO: [XFORM 203-101] Partitioning array 'tmp.data.V' in dimension 1 completely.
INFO: [XFORM 203-101] Partitioning array 'tmp.data.V' in dimension 1 completely.
INFO: [XFORM 203-101] Partitioning array 'tmp.data.V' in dimension 1 completely.
INFO: [XFORM 203-101] Partitioning array 'tmp.data.V' in dimension 1 completely.
WARNING: [XFORM 203-104] Completely partitioning array 'data.V' (firmware/nnet_utils/nnet_dense_stream.h:29) accessed through non-constant indices on dimension 1 (firmware/nnet_utils/nnet_dense_stream.h:44:39), which may result in long runtime and suboptimal QoR due to large multiplexers. Please consider wrapping the array access into a function or using a register file core instead.
INFO: [XFORM 203-101] Partitioning array 'data.V' (firmware/nnet_utils/nnet_dense_stream.h:29) in dimension 1 completely.
INFO: [XFORM 203-101] Partitioning array 'res'  in dimension 1 completely.
INFO: [XFORM 203-101] Partitioning array 'tmp.data.V' in dimension 1 completely.
INFO: [XFORM 203-101] Partitioning array 'line_buffer.Array.V.2' in dimension 1 completely.
INFO: [XFORM 203-101] Partitioning array 'kernel_data.V.2'  in dimension 1 completely.
INFO: [XFORM 203-101] Partitioning array 'res_out.i.i'  in dimension 1 completely.
INFO: [XFORM 203-101] Partitioning array 'shift_buffer.V' (firmware/nnet_utils/nnet_conv_stream.h:229) in dimension 1 completely.
INFO: [XFORM 203-101] Partitioning array 'b2.V'  in dimension 1 completely.
INFO: [XFORM 203-101] Partitioning array 'acc.V' (firmware/nnet_utils/nnet_dense_resource.h:104) in dimension 1 completely.
INFO: [XFORM 203-101] Partitioning array 'line_buffer.Array.V.1' in dimension 1 completely.
INFO: [XFORM 203-101] Partitioning array 'tmp.data.V.17' in dimension 1 completely.
WARNING: [XFORM 203-104] Completely partitioning array 'kernel_data.V.1'  accessed through non-constant indices on dimension 1 (firmware/nnet_utils/nnet_conv_stream.h:214:13), which may result in long runtime and suboptimal QoR due to large multiplexers. Please consider wrapping the array access into a function or using a register file core instead.
INFO: [XFORM 203-101] Partitioning array 'kernel_data.V.1'  in dimension 1 completely.
INFO: [XFORM 203-101] Partitioning array 'res_out.i.i'  in dimension 1 completely.
INFO: [XFORM 203-101] Partitioning array 'shift_buffer.V' (firmware/nnet_utils/nnet_conv_stream.h:229) in dimension 1 completely.
INFO: [XFORM 203-101] Partitioning array 'b8.V'  in dimension 1 completely.
INFO: [XFORM 203-101] Partitioning array 'acc.V' (firmware/nnet_utils/nnet_dense_resource.h:104) in dimension 1 completely.
INFO: [XFORM 203-101] Partitioning array 'line_buffer.Array.V' in dimension 1 completely.
INFO: [XFORM 203-101] Partitioning array 'tmp.data.V.18' in dimension 1 completely.
WARNING: [XFORM 203-104] Completely partitioning array 'kernel_data.V'  accessed through non-constant indices on dimension 1 (firmware/nnet_utils/nnet_conv_stream.h:214:13), which may result in long runtime and suboptimal QoR due to large multiplexers. Please consider wrapping the array access into a function or using a register file core instead.
INFO: [XFORM 203-101] Partitioning array 'kernel_data.V'  in dimension 1 completely.
INFO: [XFORM 203-101] Partitioning array 'res_out.i.i'  in dimension 1 completely.
INFO: [XFORM 203-101] Partitioning array 'shift_buffer.V' (firmware/nnet_utils/nnet_conv_stream.h:229) in dimension 1 completely.
INFO: [XFORM 203-101] Partitioning array 'b5.V'  in dimension 1 completely.
INFO: [XFORM 203-101] Partitioning array 'acc.V' (firmware/nnet_utils/nnet_dense_resource.h:104) in dimension 1 completely.
INFO: [XFORM 203-101] Partitioning array 'tmp.data.V' in dimension 1 completely.
INFO: [XFORM 203-101] Partitioning array 'b12.V'  in dimension 1 completely.
INFO: [XFORM 203-101] Partitioning array 'acc.V' (firmware/nnet_utils/nnet_dense_resource.h:104) in dimension 1 completely.
INFO: [XFORM 203-101] Partitioning array 'layer7_out.V.data.V' (firmware/myproject.cpp:62) in dimension 1 completely.
INFO: [XFORM 203-101] Partitioning array 'layer15_out.V.data.V' (firmware/myproject.cpp:69) in dimension 1 completely.
INFO: [XFORM 203-101] Partitioning array 'layer4_out.V.data.V' (firmware/myproject.cpp:44) in dimension 1 completely.
INFO: [XFORM 203-101] Partitioning array 'layer14_out.V.data.V' (firmware/myproject.cpp:51) in dimension 1 completely.
INFO: [XFORM 203-101] Partitioning array 'layer5_out.V.data.V' (firmware/myproject.cpp:55) in dimension 1 completely.
INFO: [XFORM 203-101] Partitioning array 'layer2_out.V.data.V' (firmware/myproject.cpp:37) in dimension 1 completely.
INFO: [XFORM 203-101] Partitioning array 'layer8_out.V.data.V' (firmware/myproject.cpp:73) in dimension 1 completely.
INFO: [XFORM 203-101] Partitioning array 'layer10_out.V.data.V' (firmware/myproject.cpp:80) in dimension 1 completely.
INFO: [XFORM 203-101] Partitioning array 'layer12_out.V.data.V' (firmware/myproject.cpp:88) in dimension 1 completely.
INFO: [XFORM 203-101] Partitioning array 'out_local.V.data.V' (firmware/myproject_axi.cpp:12) in dimension 1 completely.
INFO: [XFORM 203-101] Partitioning array 'in_local.V.data.V' (firmware/myproject_axi.cpp:11) in dimension 1 completely.
INFO: [XFORM 203-101] Partitioning array 'line_buffer.Array.V.2'  in dimension 2 completely.
INFO: [XFORM 203-101] Partitioning array 'shift_buffer.V' (firmware/nnet_utils/nnet_conv_stream.h:229) in dimension 2 completely.
INFO: [XFORM 203-101] Partitioning array 'line_buffer.Array.V.1'  in dimension 2 completely.
INFO: [XFORM 203-101] Partitioning array 'shift_buffer.V' (firmware/nnet_utils/nnet_conv_stream.h:229) in dimension 2 completely.
INFO: [XFORM 203-101] Partitioning array 'line_buffer.Array.V'  in dimension 2 completely.
INFO: [XFORM 203-101] Partitioning array 'shift_buffer.V' (firmware/nnet_utils/nnet_conv_stream.h:229) in dimension 2 completely.
WARNING: [XFORM 203-104] Completely partitioning array 'data.V' (firmware/nnet_utils/nnet_dense_stream.h:29) accessed through non-constant indices on dimension 1 (firmware/nnet_utils/nnet_dense_resource.h:139:17), which may result in long runtime and suboptimal QoR due to large multiplexers. Please consider wrapping the array access into a function or using a register file core instead.
INFO: [XFORM 203-721] Changing loop 'Loop_1_proc' (firmware/myproject_axi.cpp:17) to a process function for dataflow in function 'myproject_axi'.
INFO: [XFORM 203-721] Changing loop 'Loop_2_proc' (firmware/myproject_axi.cpp:31) to a process function for dataflow in function 'myproject_axi'.
INFO: [XFORM 203-712] Applying dataflow to function 'myproject', detected/extracted 10 process function(s): 
	 'nnet::conv_2d_cl<nnet::array<ap_ufixed<8, 0, (ap_q_mode)5, (ap_o_mode)3, 0>, 3u>, nnet::array<ap_fixed<14, 8, (ap_q_mode)5, (ap_o_mode)3, 0>, 32u>, config2>'
	 'nnet::relu<nnet::array<ap_fixed<14, 8, (ap_q_mode)5, (ap_o_mode)3, 0>, 32u>, nnet::array<ap_fixed<8, 4, (ap_q_mode)0, (ap_o_mode)0, 0>, 32u>, relu_config4>'
	 'nnet::zeropad2d_cl<nnet::array<ap_fixed<8, 4, (ap_q_mode)0, (ap_o_mode)0, 0>, 32u>, nnet::array<ap_fixed<8, 4, (ap_q_mode)0, (ap_o_mode)0, 0>, 32u>, config14>'
	 'nnet::conv_2d_cl<nnet::array<ap_fixed<8, 4, (ap_q_mode)0, (ap_o_mode)0, 0>, 32u>, nnet::array<ap_fixed<14, 8, (ap_q_mode)5, (ap_o_mode)3, 0>, 32u>, config5>'
	 'nnet::relu<nnet::array<ap_fixed<14, 8, (ap_q_mode)5, (ap_o_mode)3, 0>, 32u>, nnet::array<ap_fixed<8, 4, (ap_q_mode)0, (ap_o_mode)0, 0>, 32u>, relu_config7>'
	 'nnet::zeropad2d_cl<nnet::array<ap_fixed<8, 4, (ap_q_mode)0, (ap_o_mode)0, 0>, 32u>, nnet::array<ap_fixed<8, 4, (ap_q_mode)0, (ap_o_mode)0, 0>, 32u>, config15>'
	 'nnet::conv_2d_cl<nnet::array<ap_fixed<8, 4, (ap_q_mode)0, (ap_o_mode)0, 0>, 32u>, nnet::array<ap_fixed<14, 8, (ap_q_mode)5, (ap_o_mode)3, 0>, 32u>, config8>'
	 'nnet::relu<nnet::array<ap_fixed<14, 8, (ap_q_mode)5, (ap_o_mode)3, 0>, 32u>, nnet::array<ap_fixed<8, 4, (ap_q_mode)0, (ap_o_mode)0, 0>, 32u>, relu_config10>'
	 'nnet::dense<nnet::array<ap_fixed<8, 4, (ap_q_mode)0, (ap_o_mode)0, 0>, 32u>, nnet::array<ap_fixed<14, 8, (ap_q_mode)5, (ap_o_mode)3, 0>, 10u>, config12>'
	 'nnet::linear<nnet::array<ap_fixed<14, 8, (ap_q_mode)5, (ap_o_mode)3, 0>, 10u>, nnet::array<ap_fixed<14, 6, (ap_q_mode)5, (ap_o_mode)3, 0>, 10u>, linear_config13>'.
INFO: [XFORM 203-712] Applying dataflow to function 'myproject_axi', detected/extracted 4 process function(s): 
	 'Loop_1_proc195'
	 'myproject'
	 'Block_myproject_axi_.exit50_proc'
	 'Loop_2_proc'.
INFO: [XFORM 203-401] Performing if-conversion on hyperblock from (firmware/nnet_utils/nnet_activation_stream.h:41:61) to (firmware/nnet_utils/nnet_activation_stream.h:41:55) in function 'nnet::relu<nnet::array<ap_fixed<14, 8, (ap_q_mode)5, (ap_o_mode)3, 0>, 32u>, nnet::array<ap_fixed<8, 4, (ap_q_mode)0, (ap_o_mode)0, 0>, 32u>, relu_config7>'... converting 97 basic blocks.
INFO: [XFORM 203-401] Performing if-conversion on hyperblock from (firmware/nnet_utils/nnet_activation_stream.h:41:61) to (firmware/nnet_utils/nnet_activation_stream.h:41:55) in function 'nnet::relu<nnet::array<ap_fixed<14, 8, (ap_q_mode)5, (ap_o_mode)3, 0>, 32u>, nnet::array<ap_fixed<8, 4, (ap_q_mode)0, (ap_o_mode)0, 0>, 32u>, relu_config4>'... converting 97 basic blocks.
INFO: [XFORM 203-401] Performing if-conversion on hyperblock from (firmware/nnet_utils/nnet_activation_stream.h:41:61) to (firmware/nnet_utils/nnet_activation_stream.h:41:55) in function 'nnet::relu<nnet::array<ap_fixed<14, 8, (ap_q_mode)5, (ap_o_mode)3, 0>, 32u>, nnet::array<ap_fixed<8, 4, (ap_q_mode)0, (ap_o_mode)0, 0>, 32u>, relu_config10>'... converting 97 basic blocks.
INFO: [XFORM 203-401] Performing if-conversion on hyperblock from (firmware/myproject_axi.cpp:32:90) to (firmware/myproject_axi.cpp:31:49) in function 'Loop_2_proc'... converting 10 basic blocks.
INFO: [XFORM 203-401] Performing if-conversion on hyperblock from (firmware/myproject_axi.cpp:22:25) to (firmware/myproject_axi.cpp:20:41) in function 'Loop_1_proc195'... converting 10 basic blocks.
INFO: [XFORM 203-603] Inlining function 'aesl_mux_load.27i8P.i5' into 'nnet::conv_2d_cl<nnet::array<ap_ufixed<8, 0, (ap_q_mode)5, (ap_o_mode)3, 0>, 3u>, nnet::array<ap_fixed<14, 8, (ap_q_mode)5, (ap_o_mode)3, 0>, 32u>, config2>' (firmware/nnet_utils/nnet_dense_resource.h:139->firmware/nnet_utils/nnet_dense_resource.h:255->firmware/nnet_utils/nnet_conv_stream.h:297->firmware/nnet_utils/nnet_conv2d_stream.h:87->firmware/nnet_utils/nnet_conv2d_stream.h:103).
INFO: [XFORM 203-11] Balancing expressions in function 'nnet::conv_2d_cl<nnet::array<ap_ufixed<8, 0, (ap_q_mode)5, (ap_o_mode)3, 0>, 3u>, nnet::array<ap_fixed<14, 8, (ap_q_mode)5, (ap_o_mode)3, 0>, 32u>, config2>' (firmware/nnet_utils/nnet_conv_stream.h:1:43)...3 expression(s) balanced.
INFO: [XFORM 203-11] Balancing expressions in function 'nnet::conv_2d_cl<nnet::array<ap_fixed<8, 4, (ap_q_mode)0, (ap_o_mode)0, 0>, 32u>, nnet::array<ap_fixed<14, 8, (ap_q_mode)5, (ap_o_mode)3, 0>, 32u>, config8>' (firmware/nnet_utils/nnet_conv_stream.h:73:17)...3 expression(s) balanced.
INFO: [XFORM 203-11] Balancing expressions in function 'nnet::conv_2d_cl<nnet::array<ap_fixed<8, 4, (ap_q_mode)0, (ap_o_mode)0, 0>, 32u>, nnet::array<ap_fixed<14, 8, (ap_q_mode)5, (ap_o_mode)3, 0>, 32u>, config5>' (firmware/nnet_utils/nnet_conv_stream.h:73:17)...3 expression(s) balanced.
INFO: [HLS 200-111] Finished Pre-synthesis Time (s): cpu = 00:04:54 ; elapsed = 00:04:57 . Memory (MB): peak = 3483.082 ; gain = 2956.723 ; free physical = 15814 ; free virtual = 153936
WARNING: [XFORM 203-542] Cannot flatten a loop nest 'ReadInputWidth' (firmware/nnet_utils/nnet_conv2d_stream.h:81:69) in function 'nnet::conv_2d_cl<nnet::array<ap_ufixed<8, 0, (ap_q_mode)5, (ap_o_mode)3, 0>, 3u>, nnet::array<ap_fixed<14, 8, (ap_q_mode)5, (ap_o_mode)3, 0>, 32u>, config2>' : 

more than one sub loop.
INFO: [XFORM 203-541] Flattening a loop nest 'ReadInputHeight' (firmware/nnet_utils/nnet_conv2d_stream.h:79:66) in function 'nnet::conv_2d_cl<nnet::array<ap_ufixed<8, 0, (ap_q_mode)5, (ap_o_mode)3, 0>, 3u>, nnet::array<ap_fixed<14, 8, (ap_q_mode)5, (ap_o_mode)3, 0>, 32u>, config2>'.
WARNING: [XFORM 203-542] Cannot flatten a loop nest 'ReadInputWidth' (firmware/nnet_utils/nnet_conv2d_stream.h:81:69) in function 'nnet::conv_2d_cl<nnet::array<ap_fixed<8, 4, (ap_q_mode)0, (ap_o_mode)0, 0>, 32u>, nnet::array<ap_fixed<14, 8, (ap_q_mode)5, (ap_o_mode)3, 0>, 32u>, config8>' : 

more than one sub loop.
INFO: [XFORM 203-541] Flattening a loop nest 'ReadInputHeight' (firmware/nnet_utils/nnet_conv2d_stream.h:79:66) in function 'nnet::conv_2d_cl<nnet::array<ap_fixed<8, 4, (ap_q_mode)0, (ap_o_mode)0, 0>, 32u>, nnet::array<ap_fixed<14, 8, (ap_q_mode)5, (ap_o_mode)3, 0>, 32u>, config8>'.
WARNING: [XFORM 203-542] Cannot flatten a loop nest 'ReadInputWidth' (firmware/nnet_utils/nnet_conv2d_stream.h:81:69) in function 'nnet::conv_2d_cl<nnet::array<ap_fixed<8, 4, (ap_q_mode)0, (ap_o_mode)0, 0>, 32u>, nnet::array<ap_fixed<14, 8, (ap_q_mode)5, (ap_o_mode)3, 0>, 32u>, config5>' : 

more than one sub loop.
INFO: [XFORM 203-541] Flattening a loop nest 'ReadInputHeight' (firmware/nnet_utils/nnet_conv2d_stream.h:79:66) in function 'nnet::conv_2d_cl<nnet::array<ap_fixed<8, 4, (ap_q_mode)0, (ap_o_mode)0, 0>, 32u>, nnet::array<ap_fixed<14, 8, (ap_q_mode)5, (ap_o_mode)3, 0>, 32u>, config5>'.
WARNING: [XFORM 203-631] Renaming function 'nnet::zeropad2d_cl<nnet::array<ap_fixed<8, 4, (ap_q_mode)0, (ap_o_mode)0, 0>, 32u>, nnet::array<ap_fixed<8, 4, (ap_q_mode)0, (ap_o_mode)0, 0>, 32u>, config15>' to 'zeropad2d_cl<array,array<ap_fixed<8,4,0,0,0>,32u>,config15>' (firmware/nnet_utils/nnet_padding_stream.h:15:49)
WARNING: [XFORM 203-631] Renaming function 'nnet::zeropad2d_cl<nnet::array<ap_fixed<8, 4, (ap_q_mode)0, (ap_o_mode)0, 0>, 32u>, nnet::array<ap_fixed<8, 4, (ap_q_mode)0, (ap_o_mode)0, 0>, 32u>, config14>' to 'zeropad2d_cl<array,array<ap_fixed<8,4,0,0,0>,32u>,config14>' (firmware/nnet_utils/nnet_padding_stream.h:15:49)
WARNING: [XFORM 203-631] Renaming function 'nnet::relu<nnet::array<ap_fixed<14, 8, (ap_q_mode)5, (ap_o_mode)3, 0>, 32u>, nnet::array<ap_fixed<8, 4, (ap_q_mode)0, (ap_o_mode)0, 0>, 32u>, relu_config7>' to 'relu<array<ap_fixed,32u>,array<ap_fixed<8,4,0,0,0>,32u>,relu_config7>' (firmware/nnet_utils/nnet_activation_stream.h:41:31)
WARNING: [XFORM 203-631] Renaming function 'nnet::relu<nnet::array<ap_fixed<14, 8, (ap_q_mode)5, (ap_o_mode)3, 0>, 32u>, nnet::array<ap_fixed<8, 4, (ap_q_mode)0, (ap_o_mode)0, 0>, 32u>, relu_config4>' to 'relu<array<ap_fixed,32u>,array<ap_fixed<8,4,0,0,0>,32u>,relu_config4>' (firmware/nnet_utils/nnet_activation_stream.h:41:31)
WARNING: [XFORM 203-631] Renaming function 'nnet::relu<nnet::array<ap_fixed<14, 8, (ap_q_mode)5, (ap_o_mode)3, 0>, 32u>, nnet::array<ap_fixed<8, 4, (ap_q_mode)0, (ap_o_mode)0, 0>, 32u>, relu_config10>' to 'relu<array<ap_fixed,32u>,array<ap_fixed<8,4,0,0,0>,32u>,relu_config10>' (firmware/nnet_utils/nnet_activation_stream.h:41:31)
WARNING: [XFORM 203-631] Renaming function 'nnet::linear<nnet::array<ap_fixed<14, 8, (ap_q_mode)5, (ap_o_mode)3, 0>, 10u>, nnet::array<ap_fixed<14, 6, (ap_q_mode)5, (ap_o_mode)3, 0>, 10u>, linear_config13>' to 'linear<array,array<ap_fixed<14,6,5,3,0>,10u>,linear_config13>' (firmware/nnet_utils/nnet_activation_stream.h:19:1)
WARNING: [XFORM 203-631] Renaming function 'nnet::dense_wrapper<ap_fixed<8, 4, (ap_q_mode)0, (ap_o_mode)0, 0>, ap_fixed<14, 8, (ap_q_mode)5, (ap_o_mode)3, 0>, config12>' to 'dense_wrapper<ap_fixed<8, 4, 0, 0, 0>, ap_fixed<14, 8, 5, 3, 0>, config12>' (firmware/nnet_utils/nnet_dense_stream.h:13)
WARNING: [XFORM 203-631] Renaming function 'nnet::dense<nnet::array<ap_fixed<8, 4, (ap_q_mode)0, (ap_o_mode)0, 0>, 32u>, nnet::array<ap_fixed<14, 8, (ap_q_mode)5, (ap_o_mode)3, 0>, 10u>, config12>' to 'dense<array<ap_fixed,32u>,array<ap_fixed<14,8,5,3,0>,10u>,config12>' (firmware/nnet_utils/nnet_dense_stream.h:36:39)
WARNING: [XFORM 203-631] Renaming function 'nnet::conv_2d_cl<nnet::array<ap_ufixed<8, 0, (ap_q_mode)5, (ap_o_mode)3, 0>, 3u>, nnet::array<ap_fixed<14, 8, (ap_q_mode)5, (ap_o_mode)3, 0>, 32u>, config2>' to 'conv_2d_cl<array<ap_ufixed,3u>,array<ap_fixed<14,8,5,3,0>,32u>,config2>' (firmware/nnet_utils/nnet_conv_stream.h:1:43)
WARNING: [XFORM 203-631] Renaming function 'nnet::conv_2d_cl<nnet::array<ap_fixed<8, 4, (ap_q_mode)0, (ap_o_mode)0, 0>, 32u>, nnet::array<ap_fixed<14, 8, (ap_q_mode)5, (ap_o_mode)3, 0>, 32u>, config8>' to 'conv_2d_cl<array<ap_fixed,32u>,array<ap_fixed<14,8,5,3,0>,32u>,config8>' (firmware/nnet_utils/nnet_conv_stream.h:73:17)
WARNING: [XFORM 203-631] Renaming function 'nnet::conv_2d_cl<nnet::array<ap_fixed<8, 4, (ap_q_mode)0, (ap_o_mode)0, 0>, 32u>, nnet::array<ap_fixed<14, 8, (ap_q_mode)5, (ap_o_mode)3, 0>, 32u>, config5>' to 'conv_2d_cl<array<ap_fixed,32u>,array<ap_fixed<14,8,5,3,0>,32u>,config5>' (firmware/nnet_utils/nnet_conv_stream.h:73:17)
WARNING: [XFORM 203-561] Ignored multiple trip count directives for loop 'ReadInputHeight_ReadInputWidth' in function 'conv_2d_cl<array<ap_ufixed,3u>,array<ap_fixed<14,8,5,3,0>,32u>,config2>'.
WARNING: [XFORM 203-561] Ignored multiple trip count directives for loop 'ReadInputHeight_ReadInputWidth' in function 'conv_2d_cl<array<ap_fixed,32u>,array<ap_fixed<14,8,5,3,0>,32u>,config8>'.
WARNING: [XFORM 203-561] Ignored multiple trip count directives for loop 'ReadInputHeight_ReadInputWidth' in function 'conv_2d_cl<array<ap_fixed,32u>,array<ap_fixed<14,8,5,3,0>,32u>,config5>'.
INFO: [HLS 200-472] Inferring partial write operation for 'outidx.1' (firmware/nnet_utils/nnet_dense_resource.h:122:9)
WARNING: [XFORM 203-532] Unable to perform loop rewinding: Function 'dense_wrapper<ap_fixed<8, 4, 0, 0, 0>, ap_fixed<14, 8, 5, 3, 0>, config12>' (firmware/nnet_utils/nnet_dense_stream.h:13) contains multiple loops.
WARNING: [XFORM 203-532] Unable to rewind loop 'ReadInputHeight_ReadInputWidth' in function 'conv_2d_cl<array<ap_ufixed,3u>,array<ap_fixed<14,8,5,3,0>,32u>,config2>': loop nest is not flattened.
WARNING: [XFORM 203-532] Unable to rewind loop 'ReadInputHeight_ReadInputWidth' in function 'conv_2d_cl<array<ap_fixed,32u>,array<ap_fixed<14,8,5,3,0>,32u>,config8>': loop nest is not flattened.
WARNING: [XFORM 203-532] Unable to rewind loop 'ReadInputHeight_ReadInputWidth' in function 'conv_2d_cl<array<ap_fixed,32u>,array<ap_fixed<14,8,5,3,0>,32u>,config5>': loop nest is not flattened.
INFO: [HLS 200-111] Finished Architecture Synthesis Time (s): cpu = 00:07:13 ; elapsed = 00:07:16 . Memory (MB): peak = 3483.082 ; gain = 2956.723 ; free physical = 15777 ; free virtual = 153900
INFO: [HLS 200-10] Starting hardware synthesis ...
INFO: [HLS 200-10] Synthesizing 'myproject_axi' ...
WARNING: [SYN 201-103] Legalizing function name 'conv_2d_cl<array<ap_ufixed,3u>,array<ap_fixed<14,8,5,3,0>,32u>,config2>' to 'conv_2d_cl_array_ap_ufixed_3u_array_ap_fixed_14_8_5_3_0_32u_config2_s'.
WARNING: [SYN 201-103] Legalizing function name 'relu<array<ap_fixed,32u>,array<ap_fixed<8,4,0,0,0>,32u>,relu_config4>' to 'relu_array_ap_fixed_32u_array_ap_fixed_8_4_0_0_0_32u_relu_config4_s'.
WARNING: [SYN 201-103] Legalizing function name 'zeropad2d_cl<array,array<ap_fixed<8,4,0,0,0>,32u>,config14>' to 'zeropad2d_cl_array_array_ap_fixed_8_4_0_0_0_32u_config14_s'.
WARNING: [SYN 201-103] Legalizing function name 'conv_2d_cl<array<ap_fixed,32u>,array<ap_fixed<14,8,5,3,0>,32u>,config5>' to 'conv_2d_cl_array_ap_fixed_32u_array_ap_fixed_14_8_5_3_0_32u_config5_s'.
WARNING: [SYN 201-103] Legalizing function name 'relu<array<ap_fixed,32u>,array<ap_fixed<8,4,0,0,0>,32u>,relu_config7>' to 'relu_array_ap_fixed_32u_array_ap_fixed_8_4_0_0_0_32u_relu_config7_s'.
WARNING: [SYN 201-103] Legalizing function name 'zeropad2d_cl<array,array<ap_fixed<8,4,0,0,0>,32u>,config15>' to 'zeropad2d_cl_array_array_ap_fixed_8_4_0_0_0_32u_config15_s'.
WARNING: [SYN 201-103] Legalizing function name 'conv_2d_cl<array<ap_fixed,32u>,array<ap_fixed<14,8,5,3,0>,32u>,config8>' to 'conv_2d_cl_array_ap_fixed_32u_array_ap_fixed_14_8_5_3_0_32u_config8_s'.
WARNING: [SYN 201-103] Legalizing function name 'relu<array<ap_fixed,32u>,array<ap_fixed<8,4,0,0,0>,32u>,relu_config10>' to 'relu_array_ap_fixed_32u_array_ap_fixed_8_4_0_0_0_32u_relu_config10_s'.
WARNING: [SYN 201-103] Legalizing function name 'dense_wrapper<ap_fixed<8, 4, 0, 0, 0>, ap_fixed<14, 8, 5, 3, 0>, config12>' to 'dense_wrapper_ap_fixed_8_4_0_0_0_ap_fixed_14_8_5_3_0_config12_s'.
WARNING: [SYN 201-103] Legalizing function name 'dense<array<ap_fixed,32u>,array<ap_fixed<14,8,5,3,0>,10u>,config12>' to 'dense_array_ap_fixed_32u_array_ap_fixed_14_8_5_3_0_10u_config12_s'.
WARNING: [SYN 201-103] Legalizing function name 'linear<array,array<ap_fixed<14,6,5,3,0>,10u>,linear_config13>' to 'linear_array_array_ap_fixed_14_6_5_3_0_10u_linear_config13_s'.
WARNING: [SYN 201-103] Legalizing function name 'Block_myproject_axi_.exit50_proc' to 'Block_myproject_axi_exit50_proc'.
INFO: [HLS 200-10] ----------------------------------------------------------------
INFO: [HLS 200-42] -- Implementing module 'Loop_1_proc195' 
INFO: [HLS 200-10] ----------------------------------------------------------------
INFO: [SCHED 204-11] Starting scheduling ...
INFO: [SCHED 204-11] Finished scheduling.
INFO: [HLS 200-111]  Elapsed time: 440.93 seconds; current allocated memory: 602.884 MB.
INFO: [BIND 205-100] Starting micro-architecture generation ...
INFO: [BIND 205-101] Performing variable lifetime analysis.
INFO: [BIND 205-101] Exploring resource sharing.
INFO: [BIND 205-101] Binding ...
INFO: [BIND 205-100] Finished micro-architecture generation.
INFO: [HLS 200-111]  Elapsed time: 0.38 seconds; current allocated memory: 603.369 MB.
INFO: [HLS 200-10] ----------------------------------------------------------------
INFO: [HLS 200-42] -- Implementing module 'conv_2d_cl_array_ap_ufixed_3u_array_ap_fixed_14_8_5_3_0_32u_config2_s' 
INFO: [HLS 200-10] ----------------------------------------------------------------
INFO: [SCHED 204-11] Starting scheduling ...
INFO: [SCHED 204-61] Pipelining loop 'KernelShiftWidth'.
INFO: [SCHED 204-61] Pipelining result : Target II = 1, Final II = 1, Depth = 2.
INFO: [SCHED 204-61] Pipelining loop 'ReuseLoop'.
INFO: [SCHED 204-61] Pipelining result : Target II = 1, Final II = 1, Depth = 3.
INFO: [SCHED 204-11] Finished scheduling.
INFO: [HLS 200-111]  Elapsed time: 1.84 seconds; current allocated memory: 605.624 MB.
INFO: [BIND 205-100] Starting micro-architecture generation ...
INFO: [BIND 205-101] Performing variable lifetime analysis.
INFO: [BIND 205-101] Exploring resource sharing.
INFO: [BIND 205-101] Binding ...
INFO: [BIND 205-100] Finished micro-architecture generation.
INFO: [HLS 200-111]  Elapsed time: 1.58 seconds; current allocated memory: 610.815 MB.
INFO: [HLS 200-10] ----------------------------------------------------------------
INFO: [HLS 200-42] -- Implementing module 'relu_array_ap_fixed_32u_array_ap_fixed_8_4_0_0_0_32u_relu_config4_s' 
INFO: [HLS 200-10] ----------------------------------------------------------------
INFO: [SCHED 204-11] Starting scheduling ...
INFO: [SCHED 204-61] Pipelining loop 'ReLUActLoop'.
INFO: [SCHED 204-61] Pipelining result : Target II = 1, Final II = 1, Depth = 3.
INFO: [SCHED 204-11] Finished scheduling.
INFO: [HLS 200-111]  Elapsed time: 1.78 seconds; current allocated memory: 613.437 MB.
INFO: [BIND 205-100] Starting micro-architecture generation ...
INFO: [BIND 205-101] Performing variable lifetime analysis.
INFO: [BIND 205-101] Exploring resource sharing.
INFO: [BIND 205-101] Binding ...
INFO: [BIND 205-100] Finished micro-architecture generation.
INFO: [HLS 200-111]  Elapsed time: 2.61 seconds; current allocated memory: 616.920 MB.
INFO: [HLS 200-10] ----------------------------------------------------------------
INFO: [HLS 200-42] -- Implementing module 'zeropad2d_cl_array_array_ap_fixed_8_4_0_0_0_32u_config14_s' 
INFO: [HLS 200-10] ----------------------------------------------------------------
INFO: [SCHED 204-11] Starting scheduling ...
INFO: [SCHED 204-11] Finished scheduling.
INFO: [HLS 200-111]  Elapsed time: 2.96 seconds; current allocated memory: 617.753 MB.
INFO: [BIND 205-100] Starting micro-architecture generation ...
INFO: [BIND 205-101] Performing variable lifetime analysis.
INFO: [BIND 205-101] Exploring resource sharing.
INFO: [BIND 205-101] Binding ...
INFO: [BIND 205-100] Finished micro-architecture generation.
INFO: [HLS 200-111]  Elapsed time: 0.46 seconds; current allocated memory: 618.722 MB.
INFO: [HLS 200-10] ----------------------------------------------------------------
INFO: [HLS 200-42] -- Implementing module 'conv_2d_cl_array_ap_fixed_32u_array_ap_fixed_14_8_5_3_0_32u_config5_s' 
INFO: [HLS 200-10] ----------------------------------------------------------------
INFO: [SCHED 204-11] Starting scheduling ...
INFO: [SCHED 204-61] Pipelining loop 'KernelShiftWidth'.
INFO: [SCHED 204-61] Pipelining result : Target II = 1, Final II = 1, Depth = 1.
INFO: [SCHED 204-61] Pipelining loop 'ReuseLoop'.
INFO: [SCHED 204-61] Pipelining result : Target II = 1, Final II = 1, Depth = 3.
INFO: [SCHED 204-11] Finished scheduling.
INFO: [HLS 200-111]  Elapsed time: 6.06 seconds; current allocated memory: 628.869 MB.
INFO: [BIND 205-100] Starting micro-architecture generation ...
INFO: [BIND 205-101] Performing variable lifetime analysis.
INFO: [BIND 205-101] Exploring resource sharing.
INFO: [BIND 205-101] Binding ...
INFO: [BIND 205-100] Finished micro-architecture generation.
INFO: [HLS 200-111]  Elapsed time: 6.78 seconds; current allocated memory: 653.642 MB.
INFO: [HLS 200-10] ----------------------------------------------------------------
INFO: [HLS 200-42] -- Implementing module 'relu_array_ap_fixed_32u_array_ap_fixed_8_4_0_0_0_32u_relu_config7_s' 
INFO: [HLS 200-10] ----------------------------------------------------------------
INFO: [SCHED 204-11] Starting scheduling ...
INFO: [SCHED 204-61] Pipelining loop 'ReLUActLoop'.
INFO: [SCHED 204-61] Pipelining result : Target II = 1, Final II = 1, Depth = 3.
INFO: [SCHED 204-11] Finished scheduling.
INFO: [HLS 200-111]  Elapsed time: 6.67 seconds; current allocated memory: 656.525 MB.
INFO: [BIND 205-100] Starting micro-architecture generation ...
INFO: [BIND 205-101] Performing variable lifetime analysis.
INFO: [BIND 205-101] Exploring resource sharing.
INFO: [BIND 205-101] Binding ...
INFO: [BIND 205-100] Finished micro-architecture generation.
INFO: [HLS 200-111]  Elapsed time: 2.61 seconds; current allocated memory: 659.973 MB.
INFO: [HLS 200-10] ----------------------------------------------------------------
INFO: [HLS 200-42] -- Implementing module 'zeropad2d_cl_array_array_ap_fixed_8_4_0_0_0_32u_config15_s' 
INFO: [HLS 200-10] ----------------------------------------------------------------
INFO: [SCHED 204-11] Starting scheduling ...
INFO: [SCHED 204-11] Finished scheduling.
INFO: [HLS 200-111]  Elapsed time: 2.95 seconds; current allocated memory: 660.843 MB.
INFO: [BIND 205-100] Starting micro-architecture generation ...
INFO: [BIND 205-101] Performing variable lifetime analysis.
INFO: [BIND 205-101] Exploring resource sharing.
INFO: [BIND 205-101] Binding ...
INFO: [BIND 205-100] Finished micro-architecture generation.
INFO: [HLS 200-111]  Elapsed time: 0.46 seconds; current allocated memory: 661.775 MB.
INFO: [HLS 200-10] ----------------------------------------------------------------
INFO: [HLS 200-42] -- Implementing module 'conv_2d_cl_array_ap_fixed_32u_array_ap_fixed_14_8_5_3_0_32u_config8_s' 
INFO: [HLS 200-10] ----------------------------------------------------------------
INFO: [SCHED 204-11] Starting scheduling ...
INFO: [SCHED 204-61] Pipelining loop 'KernelShiftWidth'.
INFO: [SCHED 204-61] Pipelining result : Target II = 1, Final II = 1, Depth = 1.
INFO: [SCHED 204-61] Pipelining loop 'ReuseLoop'.
INFO: [SCHED 204-61] Pipelining result : Target II = 1, Final II = 1, Depth = 3.
INFO: [SCHED 204-11] Finished scheduling.
INFO: [HLS 200-111]  Elapsed time: 5.8 seconds; current allocated memory: 671.938 MB.
INFO: [BIND 205-100] Starting micro-architecture generation ...
INFO: [BIND 205-101] Performing variable lifetime analysis.
INFO: [BIND 205-101] Exploring resource sharing.
INFO: [BIND 205-101] Binding ...
INFO: [BIND 205-100] Finished micro-architecture generation.
INFO: [HLS 200-111]  Elapsed time: 6.76 seconds; current allocated memory: 696.685 MB.
INFO: [HLS 200-10] ----------------------------------------------------------------
INFO: [HLS 200-42] -- Implementing module 'relu_array_ap_fixed_32u_array_ap_fixed_8_4_0_0_0_32u_relu_config10_s' 
INFO: [HLS 200-10] ----------------------------------------------------------------
INFO: [SCHED 204-11] Starting scheduling ...
INFO: [SCHED 204-61] Pipelining loop 'ReLUActLoop'.
INFO: [SCHED 204-61] Pipelining result : Target II = 1, Final II = 1, Depth = 3.
INFO: [SCHED 204-11] Finished scheduling.
INFO: [HLS 200-111]  Elapsed time: 6.66 seconds; current allocated memory: 699.522 MB.
INFO: [BIND 205-100] Starting micro-architecture generation ...
INFO: [BIND 205-101] Performing variable lifetime analysis.
INFO: [BIND 205-101] Exploring resource sharing.
INFO: [BIND 205-101] Binding ...
INFO: [BIND 205-100] Finished micro-architecture generation.
INFO: [HLS 200-111]  Elapsed time: 2.61 seconds; current allocated memory: 702.971 MB.
INFO: [HLS 200-10] ----------------------------------------------------------------
INFO: [HLS 200-42] -- Implementing module 'dense_wrapper_ap_fixed_8_4_0_0_0_ap_fixed_14_8_5_3_0_config12_s' 
INFO: [HLS 200-10] ----------------------------------------------------------------
INFO: [SCHED 204-11] Starting scheduling ...
INFO: [SCHED 204-61] Pipelining loop 'ReuseLoop'.
INFO: [SCHED 204-61] Pipelining result : Target II = 1, Final II = 1, Depth = 3.
INFO: [SCHED 204-11] Finished scheduling.
INFO: [HLS 200-111]  Elapsed time: 3.85 seconds; current allocated memory: 708.655 MB.
INFO: [BIND 205-100] Starting micro-architecture generation ...
INFO: [BIND 205-101] Performing variable lifetime analysis.
INFO: [BIND 205-101] Exploring resource sharing.
INFO: [BIND 205-101] Binding ...
INFO: [BIND 205-100] Finished micro-architecture generation.
INFO: [HLS 200-111]  Elapsed time: 6.82 seconds; current allocated memory: 722.247 MB.
INFO: [HLS 200-10] ----------------------------------------------------------------
INFO: [HLS 200-42] -- Implementing module 'dense_array_ap_fixed_32u_array_ap_fixed_14_8_5_3_0_10u_config12_s' 
INFO: [HLS 200-10] ----------------------------------------------------------------
INFO: [SCHED 204-11] Starting scheduling ...
INFO: [SCHED 204-61] Pipelining loop 'DataPrepare'.
INFO: [SCHED 204-61] Pipelining result : Target II = 1, Final II = 1, Depth = 2.
INFO: [SCHED 204-11] Finished scheduling.
INFO: [HLS 200-111]  Elapsed time: 250.56 seconds; current allocated memory: 748.349 MB.
INFO: [BIND 205-100] Starting micro-architecture generation ...
INFO: [BIND 205-101] Performing variable lifetime analysis.
INFO: [BIND 205-101] Exploring resource sharing.
INFO: [BIND 205-101] Binding ...
INFO: [BIND 205-100] Finished micro-architecture generation.
INFO: [HLS 200-111]  Elapsed time: 29.22 seconds; current allocated memory: 774.152 MB.
INFO: [HLS 200-10] ----------------------------------------------------------------
INFO: [HLS 200-42] -- Implementing module 'linear_array_array_ap_fixed_14_6_5_3_0_10u_linear_config13_s' 
INFO: [HLS 200-10] ----------------------------------------------------------------
INFO: [SCHED 204-11] Starting scheduling ...
INFO: [SCHED 204-61] Pipelining function 'linear<array,array<ap_fixed<14,6,5,3,0>,10u>,linear_config13>'.
INFO: [SCHED 204-61] Pipelining result : Target II = 1, Final II = 1, Depth = 1.
INFO: [SCHED 204-11] Finished scheduling.
INFO: [HLS 200-111]  Elapsed time: 25.24 seconds; current allocated memory: 774.264 MB.
INFO: [BIND 205-100] Starting micro-architecture generation ...
INFO: [BIND 205-101] Performing variable lifetime analysis.
INFO: [BIND 205-101] Exploring resource sharing.
INFO: [BIND 205-101] Binding ...
INFO: [BIND 205-100] Finished micro-architecture generation.
INFO: [HLS 200-111]  Elapsed time: 0.17 seconds; current allocated memory: 774.528 MB.
INFO: [HLS 200-10] ----------------------------------------------------------------
INFO: [HLS 200-42] -- Implementing module 'myproject' 
INFO: [HLS 200-10] ----------------------------------------------------------------
INFO: [SCHED 204-11] Starting scheduling ...
INFO: [SCHED 204-11] Finished scheduling.
INFO: [HLS 200-111]  Elapsed time: 0.43 seconds; current allocated memory: 776.215 MB.
INFO: [BIND 205-100] Starting micro-architecture generation ...
INFO: [BIND 205-101] Performing variable lifetime analysis.
INFO: [BIND 205-101] Exploring resource sharing.
INFO: [BIND 205-101] Binding ...
INFO: [BIND 205-100] Finished micro-architecture generation.
INFO: [HLS 200-111]  Elapsed time: 8.38 seconds; current allocated memory: 786.487 MB.
INFO: [HLS 200-10] ----------------------------------------------------------------
INFO: [HLS 200-42] -- Implementing module 'Block_myproject_axi_exit50_proc' 
INFO: [HLS 200-10] ----------------------------------------------------------------
INFO: [SCHED 204-11] Starting scheduling ...
INFO: [SCHED 204-11] Finished scheduling.
INFO: [HLS 200-111]  Elapsed time: 5.92 seconds; current allocated memory: 788.234 MB.
INFO: [BIND 205-100] Starting micro-architecture generation ...
INFO: [BIND 205-101] Performing variable lifetime analysis.
INFO: [BIND 205-101] Exploring resource sharing.
INFO: [BIND 205-101] Binding ...
INFO: [BIND 205-100] Finished micro-architecture generation.
INFO: [HLS 200-111]  Elapsed time: 0.12 seconds; current allocated memory: 788.407 MB.
INFO: [HLS 200-10] ----------------------------------------------------------------
INFO: [HLS 200-42] -- Implementing module 'Loop_2_proc' 
INFO: [HLS 200-10] ----------------------------------------------------------------
INFO: [SCHED 204-11] Starting scheduling ...
INFO: [SCHED 204-11] Finished scheduling.
INFO: [HLS 200-111]  Elapsed time: 0.14 seconds; current allocated memory: 788.619 MB.
INFO: [BIND 205-100] Starting micro-architecture generation ...
INFO: [BIND 205-101] Performing variable lifetime analysis.
INFO: [BIND 205-101] Exploring resource sharing.
INFO: [BIND 205-101] Binding ...
INFO: [BIND 205-100] Finished micro-architecture generation.
INFO: [HLS 200-111]  Elapsed time: 0.27 seconds; current allocated memory: 788.964 MB.
INFO: [HLS 200-10] ----------------------------------------------------------------
INFO: [HLS 200-42] -- Implementing module 'myproject_axi' 
INFO: [HLS 200-10] ----------------------------------------------------------------
INFO: [SCHED 204-11] Starting scheduling ...
INFO: [SCHED 204-11] Finished scheduling.
INFO: [HLS 200-111]  Elapsed time: 0.32 seconds; current allocated memory: 789.320 MB.
INFO: [BIND 205-100] Starting micro-architecture generation ...
INFO: [BIND 205-101] Performing variable lifetime analysis.
INFO: [BIND 205-101] Exploring resource sharing.
INFO: [BIND 205-101] Binding ...
INFO: [BIND 205-100] Finished micro-architecture generation.
INFO: [HLS 200-111]  Elapsed time: 3.9 seconds; current allocated memory: 793.119 MB.
INFO: [HLS 200-10] ----------------------------------------------------------------
INFO: [HLS 200-10] -- Generating RTL for module 'Loop_1_proc195' 
INFO: [HLS 200-10] ----------------------------------------------------------------
INFO: [RTGEN 206-100] Generating core module 'myproject_axi_fpext_32ns_64_2_1': 1 instance(s).
INFO: [RTGEN 206-100] Finished creating RTL model for 'Loop_1_proc195'.
INFO: [HLS 200-111]  Elapsed time: 3.92 seconds; current allocated memory: 795.667 MB.
INFO: [HLS 200-10] ----------------------------------------------------------------
INFO: [HLS 200-10] -- Generating RTL for module 'conv_2d_cl_array_ap_ufixed_3u_array_ap_fixed_14_8_5_3_0_32u_config2_s' 
INFO: [HLS 200-10] ----------------------------------------------------------------
WARNING: [RTGEN 206-101] Register 'kernel_data_V_2_7' is power-on initialization.
WARNING: [RTGEN 206-101] Register 'kernel_data_V_2_8' is power-on initialization.
WARNING: [RTGEN 206-101] Register 'kernel_data_V_2_16' is power-on initialization.
WARNING: [RTGEN 206-101] Register 'kernel_data_V_2_17' is power-on initialization.
WARNING: [RTGEN 206-101] Register 'kernel_data_V_2_25' is power-on initialization.
WARNING: [RTGEN 206-101] Register 'kernel_data_V_2_26' is power-on initialization.
WARNING: [RTGEN 206-101] Register 'kernel_data_V_2_15' is power-on initialization.
WARNING: [RTGEN 206-101] Register 'kernel_data_V_2_3' is power-on initialization.
WARNING: [RTGEN 206-101] Register 'kernel_data_V_2_6' is power-on initialization.
WARNING: [RTGEN 206-101] Register 'kernel_data_V_2_4' is power-on initialization.
WARNING: [RTGEN 206-101] Register 'kernel_data_V_2_5' is power-on initialization.
WARNING: [RTGEN 206-101] Register 'kernel_data_V_2_12' is power-on initialization.
WARNING: [RTGEN 206-101] Register 'kernel_data_V_2_13' is power-on initialization.
WARNING: [RTGEN 206-101] Register 'kernel_data_V_2_14' is power-on initialization.
WARNING: [RTGEN 206-101] Register 'kernel_data_V_2_21' is power-on initialization.
WARNING: [RTGEN 206-101] Register 'kernel_data_V_2_24' is power-on initialization.
WARNING: [RTGEN 206-101] Register 'kernel_data_V_2_22' is power-on initialization.
WARNING: [RTGEN 206-101] Register 'kernel_data_V_2_23' is power-on initialization.
WARNING: [RTGEN 206-101] Register 'sX' is power-on initialization.
WARNING: [RTGEN 206-101] Register 'sY' is power-on initialization.
WARNING: [RTGEN 206-101] Register 'pY' is power-on initialization.
WARNING: [RTGEN 206-101] Register 'pX' is power-on initialization.
WARNING: [RTGEN 206-101] Register 'kernel_data_V_2_0' is power-on initialization.
WARNING: [RTGEN 206-101] Register 'kernel_data_V_2_1' is power-on initialization.
WARNING: [RTGEN 206-101] Register 'kernel_data_V_2_2' is power-on initialization.
WARNING: [RTGEN 206-101] Register 'kernel_data_V_2_9' is power-on initialization.
WARNING: [RTGEN 206-101] Register 'kernel_data_V_2_10' is power-on initialization.
WARNING: [RTGEN 206-101] Register 'kernel_data_V_2_11' is power-on initialization.
WARNING: [RTGEN 206-101] Register 'kernel_data_V_2_18' is power-on initialization.
WARNING: [RTGEN 206-101] Register 'kernel_data_V_2_19' is power-on initialization.
WARNING: [RTGEN 206-101] Register 'kernel_data_V_2_20' is power-on initialization.
INFO: [SYN 201-210] Renamed object name 'conv_2d_cl_array_ap_ufixed_3u_array_ap_fixed_14_8_5_3_0_32u_config2_s_line_buffer_Array_V_2_0_0' to 'conv_2d_cl_array_ap_ufixed_3u_array_ap_fixed_14_8_5_3_0_32u_config2_s_line_bubkb' due to the length limit 80
INFO: [SYN 201-210] Renamed object name 'conv_2d_cl_array_ap_ufixed_3u_array_ap_fixed_14_8_5_3_0_32u_config2_s_line_buffer_Array_V_2_0_1' to 'conv_2d_cl_array_ap_ufixed_3u_array_ap_fixed_14_8_5_3_0_32u_config2_s_line_bucud' due to the length limit 80
INFO: [SYN 201-210] Renamed object name 'conv_2d_cl_array_ap_ufixed_3u_array_ap_fixed_14_8_5_3_0_32u_config2_s_line_buffer_Array_V_2_0_2' to 'conv_2d_cl_array_ap_ufixed_3u_array_ap_fixed_14_8_5_3_0_32u_config2_s_line_budEe' due to the length limit 80
INFO: [SYN 201-210] Renamed object name 'conv_2d_cl_array_ap_ufixed_3u_array_ap_fixed_14_8_5_3_0_32u_config2_s_line_buffer_Array_V_2_1_0' to 'conv_2d_cl_array_ap_ufixed_3u_array_ap_fixed_14_8_5_3_0_32u_config2_s_line_bueOg' due to the length limit 80
INFO: [SYN 201-210] Renamed object name 'conv_2d_cl_array_ap_ufixed_3u_array_ap_fixed_14_8_5_3_0_32u_config2_s_line_buffer_Array_V_2_1_1' to 'conv_2d_cl_array_ap_ufixed_3u_array_ap_fixed_14_8_5_3_0_32u_config2_s_line_bufYi' due to the length limit 80
INFO: [SYN 201-210] Renamed object name 'conv_2d_cl_array_ap_ufixed_3u_array_ap_fixed_14_8_5_3_0_32u_config2_s_line_buffer_Array_V_2_1_2' to 'conv_2d_cl_array_ap_ufixed_3u_array_ap_fixed_14_8_5_3_0_32u_config2_s_line_bug8j' due to the length limit 80
INFO: [RTGEN 206-100] Generating core module 'myproject_axi_mux_325_14_1_1': 1 instance(s).
INFO: [RTGEN 206-100] Generating core module 'myproject_axi_mux_32_8_1_1': 4 instance(s).
INFO: [RTGEN 206-100] Finished creating RTL model for 'conv_2d_cl_array_ap_ufixed_3u_array_ap_fixed_14_8_5_3_0_32u_config2_s'.
INFO: [HLS 200-111]  Elapsed time: 0.97 seconds; current allocated memory: 802.405 MB.
INFO: [HLS 200-10] ----------------------------------------------------------------
INFO: [HLS 200-10] -- Generating RTL for module 'relu_array_ap_fixed_32u_array_ap_fixed_8_4_0_0_0_32u_relu_config4_s' 
INFO: [HLS 200-10] ----------------------------------------------------------------
INFO: [RTGEN 206-100] Finished creating RTL model for 'relu_array_ap_fixed_32u_array_ap_fixed_8_4_0_0_0_32u_relu_config4_s'.
INFO: [HLS 200-111]  Elapsed time: 2.13 seconds; current allocated memory: 819.728 MB.
INFO: [HLS 200-10] ----------------------------------------------------------------
INFO: [HLS 200-10] -- Generating RTL for module 'zeropad2d_cl_array_array_ap_fixed_8_4_0_0_0_32u_config14_s' 
INFO: [HLS 200-10] ----------------------------------------------------------------
INFO: [RTGEN 206-100] Finished creating RTL model for 'zeropad2d_cl_array_array_ap_fixed_8_4_0_0_0_32u_config14_s'.
INFO: [HLS 200-111]  Elapsed time: 4 seconds; current allocated memory: 834.490 MB.
INFO: [HLS 200-10] ----------------------------------------------------------------
INFO: [HLS 200-10] -- Generating RTL for module 'conv_2d_cl_array_ap_fixed_32u_array_ap_fixed_14_8_5_3_0_32u_config5_s' 
INFO: [HLS 200-10] ----------------------------------------------------------------
WARNING: [RTGEN 206-101] Register 'kernel_data_V_64' is power-on initialization.
WARNING: [RTGEN 206-101] Register 'kernel_data_V_65' is power-on initialization.
WARNING: [RTGEN 206-101] Register 'kernel_data_V_66' is power-on initialization.
WARNING: [RTGEN 206-101] Register 'kernel_data_V_67' is power-on initialization.
WARNING: [RTGEN 206-101] Register 'kernel_data_V_68' is power-on initialization.
WARNING: [RTGEN 206-101] Register 'kernel_data_V_69' is power-on initialization.
WARNING: [RTGEN 206-101] Register 'kernel_data_V_70' is power-on initialization.
WARNING: [RTGEN 206-101] Register 'kernel_data_V_71' is power-on initialization.
WARNING: [RTGEN 206-101] Register 'kernel_data_V_72' is power-on initialization.
WARNING: [RTGEN 206-101] Register 'kernel_data_V_73' is power-on initialization.
WARNING: [RTGEN 206-101] Register 'kernel_data_V_74' is power-on initialization.
WARNING: [RTGEN 206-101] Register 'kernel_data_V_75' is power-on initialization.
WARNING: [RTGEN 206-101] Register 'kernel_data_V_76' is power-on initialization.
WARNING: [RTGEN 206-101] Register 'kernel_data_V_77' is power-on initialization.
WARNING: [RTGEN 206-101] Register 'kernel_data_V_78' is power-on initialization.
WARNING: [RTGEN 206-101] Register 'kernel_data_V_79' is power-on initialization.
WARNING: [RTGEN 206-101] Register 'kernel_data_V_80' is power-on initialization.
WARNING: [RTGEN 206-101] Register 'kernel_data_V_81' is power-on initialization.
WARNING: [RTGEN 206-101] Register 'kernel_data_V_82' is power-on initialization.
WARNING: [RTGEN 206-101] Register 'kernel_data_V_83' is power-on initialization.
WARNING: [RTGEN 206-101] Register 'kernel_data_V_84' is power-on initialization.
WARNING: [RTGEN 206-101] Register 'kernel_data_V_85' is power-on initialization.
WARNING: [RTGEN 206-101] Register 'kernel_data_V_86' is power-on initialization.
WARNING: [RTGEN 206-101] Register 'kernel_data_V_87' is power-on initialization.
WARNING: [RTGEN 206-101] Register 'kernel_data_V_88' is power-on initialization.
WARNING: [RTGEN 206-101] Register 'kernel_data_V_89' is power-on initialization.
WARNING: [RTGEN 206-101] Register 'kernel_data_V_90' is power-on initialization.
WARNING: [RTGEN 206-101] Register 'kernel_data_V_91' is power-on initialization.
WARNING: [RTGEN 206-101] Register 'kernel_data_V_92' is power-on initialization.
WARNING: [RTGEN 206-101] Register 'kernel_data_V_93' is power-on initialization.
WARNING: [RTGEN 206-101] Register 'kernel_data_V_94' is power-on initialization.
WARNING: [RTGEN 206-101] Register 'kernel_data_V_95' is power-on initialization.
WARNING: [RTGEN 206-101] Register 'kernel_data_V_160' is power-on initialization.
WARNING: [RTGEN 206-101] Register 'kernel_data_V_161' is power-on initialization.
WARNING: [RTGEN 206-101] Register 'kernel_data_V_162' is power-on initialization.
WARNING: [RTGEN 206-101] Register 'kernel_data_V_163' is power-on initialization.
WARNING: [RTGEN 206-101] Register 'kernel_data_V_164' is power-on initialization.
WARNING: [RTGEN 206-101] Register 'kernel_data_V_165' is power-on initialization.
WARNING: [RTGEN 206-101] Register 'kernel_data_V_166' is power-on initialization.
WARNING: [RTGEN 206-101] Register 'kernel_data_V_167' is power-on initialization.
WARNING: [RTGEN 206-101] Register 'kernel_data_V_168' is power-on initialization.
WARNING: [RTGEN 206-101] Register 'kernel_data_V_169' is power-on initialization.
WARNING: [RTGEN 206-101] Register 'kernel_data_V_170' is power-on initialization.
WARNING: [RTGEN 206-101] Register 'kernel_data_V_171' is power-on initialization.
WARNING: [RTGEN 206-101] Register 'kernel_data_V_172' is power-on initialization.
WARNING: [RTGEN 206-101] Register 'kernel_data_V_173' is power-on initialization.
WARNING: [RTGEN 206-101] Register 'kernel_data_V_174' is power-on initialization.
WARNING: [RTGEN 206-101] Register 'kernel_data_V_175' is power-on initialization.
WARNING: [RTGEN 206-101] Register 'kernel_data_V_176' is power-on initialization.
WARNING: [RTGEN 206-101] Register 'kernel_data_V_177' is power-on initialization.
WARNING: [RTGEN 206-101] Register 'kernel_data_V_178' is power-on initialization.
WARNING: [RTGEN 206-101] Register 'kernel_data_V_179' is power-on initialization.
WARNING: [RTGEN 206-101] Register 'kernel_data_V_180' is power-on initialization.
WARNING: [RTGEN 206-101] Register 'kernel_data_V_181' is power-on initialization.
WARNING: [RTGEN 206-101] Register 'kernel_data_V_182' is power-on initialization.
WARNING: [RTGEN 206-101] Register 'kernel_data_V_183' is power-on initialization.
WARNING: [RTGEN 206-101] Register 'kernel_data_V_184' is power-on initialization.
WARNING: [RTGEN 206-101] Register 'kernel_data_V_185' is power-on initialization.
WARNING: [RTGEN 206-101] Register 'kernel_data_V_186' is power-on initialization.
WARNING: [RTGEN 206-101] Register 'kernel_data_V_187' is power-on initialization.
WARNING: [RTGEN 206-101] Register 'kernel_data_V_188' is power-on initialization.
WARNING: [RTGEN 206-101] Register 'kernel_data_V_189' is power-on initialization.
WARNING: [RTGEN 206-101] Register 'kernel_data_V_190' is power-on initialization.
WARNING: [RTGEN 206-101] Register 'kernel_data_V_191' is power-on initialization.
WARNING: [RTGEN 206-101] Register 'kernel_data_V_256' is power-on initialization.
WARNING: [RTGEN 206-101] Register 'kernel_data_V_257' is power-on initialization.
WARNING: [RTGEN 206-101] Register 'kernel_data_V_258' is power-on initialization.
WARNING: [RTGEN 206-101] Register 'kernel_data_V_259' is power-on initialization.
WARNING: [RTGEN 206-101] Register 'kernel_data_V_260' is power-on initialization.
WARNING: [RTGEN 206-101] Register 'kernel_data_V_261' is power-on initialization.
WARNING: [RTGEN 206-101] Register 'kernel_data_V_262' is power-on initialization.
WARNING: [RTGEN 206-101] Register 'kernel_data_V_263' is power-on initialization.
WARNING: [RTGEN 206-101] Register 'kernel_data_V_264' is power-on initialization.
WARNING: [RTGEN 206-101] Register 'kernel_data_V_265' is power-on initialization.
WARNING: [RTGEN 206-101] Register 'kernel_data_V_266' is power-on initialization.
WARNING: [RTGEN 206-101] Register 'kernel_data_V_267' is power-on initialization.
WARNING: [RTGEN 206-101] Register 'kernel_data_V_268' is power-on initialization.
WARNING: [RTGEN 206-101] Register 'kernel_data_V_269' is power-on initialization.
WARNING: [RTGEN 206-101] Register 'kernel_data_V_270' is power-on initialization.
WARNING: [RTGEN 206-101] Register 'kernel_data_V_271' is power-on initialization.
WARNING: [RTGEN 206-101] Register 'kernel_data_V_272' is power-on initialization.
WARNING: [RTGEN 206-101] Register 'kernel_data_V_273' is power-on initialization.
WARNING: [RTGEN 206-101] Register 'kernel_data_V_274' is power-on initialization.
WARNING: [RTGEN 206-101] Register 'kernel_data_V_275' is power-on initialization.
WARNING: [RTGEN 206-101] Register 'kernel_data_V_276' is power-on initialization.
WARNING: [RTGEN 206-101] Register 'kernel_data_V_277' is power-on initialization.
WARNING: [RTGEN 206-101] Register 'kernel_data_V_278' is power-on initialization.
WARNING: [RTGEN 206-101] Register 'kernel_data_V_279' is power-on initialization.
WARNING: [RTGEN 206-101] Register 'kernel_data_V_280' is power-on initialization.
WARNING: [RTGEN 206-101] Register 'kernel_data_V_281' is power-on initialization.
WARNING: [RTGEN 206-101] Register 'kernel_data_V_282' is power-on initialization.
WARNING: [RTGEN 206-101] Register 'kernel_data_V_283' is power-on initialization.
WARNING: [RTGEN 206-101] Register 'kernel_data_V_284' is power-on initialization.
WARNING: [RTGEN 206-101] Register 'kernel_data_V_285' is power-on initialization.
WARNING: [RTGEN 206-101] Register 'kernel_data_V_286' is power-on initialization.
WARNING: [RTGEN 206-101] Register 'kernel_data_V_287' is power-on initialization.
WARNING: [RTGEN 206-101] Register 'kernel_data_V_32' is power-on initialization.
WARNING: [RTGEN 206-101] Register 'kernel_data_V_33' is power-on initialization.
WARNING: [RTGEN 206-101] Register 'kernel_data_V_34' is power-on initialization.
WARNING: [RTGEN 206-101] Register 'kernel_data_V_35' is power-on initialization.
WARNING: [RTGEN 206-101] Register 'kernel_data_V_36' is power-on initialization.
WARNING: [RTGEN 206-101] Register 'kernel_data_V_37' is power-on initialization.
WARNING: [RTGEN 206-101] Register 'kernel_data_V_38' is power-on initialization.
WARNING: [RTGEN 206-101] Register 'kernel_data_V_39' is power-on initialization.
WARNING: [RTGEN 206-101] Register 'kernel_data_V_40' is power-on initialization.
WARNING: [RTGEN 206-101] Register 'kernel_data_V_41' is power-on initialization.
WARNING: [RTGEN 206-101] Register 'kernel_data_V_42' is power-on initialization.
WARNING: [RTGEN 206-101] Register 'kernel_data_V_43' is power-on initialization.
WARNING: [RTGEN 206-101] Register 'kernel_data_V_44' is power-on initialization.
WARNING: [RTGEN 206-101] Register 'kernel_data_V_45' is power-on initialization.
WARNING: [RTGEN 206-101] Register 'kernel_data_V_46' is power-on initialization.
WARNING: [RTGEN 206-101] Register 'kernel_data_V_47' is power-on initialization.
WARNING: [RTGEN 206-101] Register 'kernel_data_V_48' is power-on initialization.
WARNING: [RTGEN 206-101] Register 'kernel_data_V_49' is power-on initialization.
WARNING: [RTGEN 206-101] Register 'kernel_data_V_50' is power-on initialization.
WARNING: [RTGEN 206-101] Register 'kernel_data_V_51' is power-on initialization.
WARNING: [RTGEN 206-101] Register 'kernel_data_V_52' is power-on initialization.
WARNING: [RTGEN 206-101] Register 'kernel_data_V_53' is power-on initialization.
WARNING: [RTGEN 206-101] Register 'kernel_data_V_54' is power-on initialization.
WARNING: [RTGEN 206-101] Register 'kernel_data_V_55' is power-on initialization.
WARNING: [RTGEN 206-101] Register 'kernel_data_V_56' is power-on initialization.
WARNING: [RTGEN 206-101] Register 'kernel_data_V_57' is power-on initialization.
WARNING: [RTGEN 206-101] Register 'kernel_data_V_58' is power-on initialization.
WARNING: [RTGEN 206-101] Register 'kernel_data_V_59' is power-on initialization.
WARNING: [RTGEN 206-101] Register 'kernel_data_V_60' is power-on initialization.
WARNING: [RTGEN 206-101] Register 'kernel_data_V_61' is power-on initialization.
WARNING: [RTGEN 206-101] Register 'kernel_data_V_62' is power-on initialization.
WARNING: [RTGEN 206-101] Register 'kernel_data_V_63' is power-on initialization.
WARNING: [RTGEN 206-101] Register 'kernel_data_V_128' is power-on initialization.
WARNING: [RTGEN 206-101] Register 'kernel_data_V_129' is power-on initialization.
WARNING: [RTGEN 206-101] Register 'kernel_data_V_130' is power-on initialization.
WARNING: [RTGEN 206-101] Register 'kernel_data_V_131' is power-on initialization.
WARNING: [RTGEN 206-101] Register 'kernel_data_V_132' is power-on initialization.
WARNING: [RTGEN 206-101] Register 'kernel_data_V_133' is power-on initialization.
WARNING: [RTGEN 206-101] Register 'kernel_data_V_134' is power-on initialization.
WARNING: [RTGEN 206-101] Register 'kernel_data_V_135' is power-on initialization.
WARNING: [RTGEN 206-101] Register 'kernel_data_V_136' is power-on initialization.
WARNING: [RTGEN 206-101] Register 'kernel_data_V_137' is power-on initialization.
WARNING: [RTGEN 206-101] Register 'kernel_data_V_138' is power-on initialization.
WARNING: [RTGEN 206-101] Register 'kernel_data_V_139' is power-on initialization.
WARNING: [RTGEN 206-101] Register 'kernel_data_V_140' is power-on initialization.
WARNING: [RTGEN 206-101] Register 'kernel_data_V_141' is power-on initialization.
WARNING: [RTGEN 206-101] Register 'kernel_data_V_142' is power-on initialization.
WARNING: [RTGEN 206-101] Register 'kernel_data_V_143' is power-on initialization.
WARNING: [RTGEN 206-101] Register 'kernel_data_V_144' is power-on initialization.
WARNING: [RTGEN 206-101] Register 'kernel_data_V_145' is power-on initialization.
WARNING: [RTGEN 206-101] Register 'kernel_data_V_146' is power-on initialization.
WARNING: [RTGEN 206-101] Register 'kernel_data_V_147' is power-on initialization.
WARNING: [RTGEN 206-101] Register 'kernel_data_V_148' is power-on initialization.
WARNING: [RTGEN 206-101] Register 'kernel_data_V_149' is power-on initialization.
WARNING: [RTGEN 206-101] Register 'kernel_data_V_150' is power-on initialization.
WARNING: [RTGEN 206-101] Register 'kernel_data_V_151' is power-on initialization.
WARNING: [RTGEN 206-101] Register 'kernel_data_V_152' is power-on initialization.
WARNING: [RTGEN 206-101] Register 'kernel_data_V_153' is power-on initialization.
WARNING: [RTGEN 206-101] Register 'kernel_data_V_154' is power-on initialization.
WARNING: [RTGEN 206-101] Register 'kernel_data_V_155' is power-on initialization.
WARNING: [RTGEN 206-101] Register 'kernel_data_V_156' is power-on initialization.
WARNING: [RTGEN 206-101] Register 'kernel_data_V_157' is power-on initialization.
WARNING: [RTGEN 206-101] Register 'kernel_data_V_158' is power-on initialization.
WARNING: [RTGEN 206-101] Register 'kernel_data_V_159' is power-on initialization.
WARNING: [RTGEN 206-101] Register 'kernel_data_V_224' is power-on initialization.
WARNING: [RTGEN 206-101] Register 'kernel_data_V_225' is power-on initialization.
WARNING: [RTGEN 206-101] Register 'kernel_data_V_226' is power-on initialization.
WARNING: [RTGEN 206-101] Register 'kernel_data_V_227' is power-on initialization.
WARNING: [RTGEN 206-101] Register 'kernel_data_V_228' is power-on initialization.
WARNING: [RTGEN 206-101] Register 'kernel_data_V_229' is power-on initialization.
WARNING: [RTGEN 206-101] Register 'kernel_data_V_230' is power-on initialization.
WARNING: [RTGEN 206-101] Register 'kernel_data_V_231' is power-on initialization.
WARNING: [RTGEN 206-101] Register 'kernel_data_V_232' is power-on initialization.
WARNING: [RTGEN 206-101] Register 'kernel_data_V_233' is power-on initialization.
WARNING: [RTGEN 206-101] Register 'kernel_data_V_234' is power-on initialization.
WARNING: [RTGEN 206-101] Register 'kernel_data_V_235' is power-on initialization.
WARNING: [RTGEN 206-101] Register 'kernel_data_V_236' is power-on initialization.
WARNING: [RTGEN 206-101] Register 'kernel_data_V_237' is power-on initialization.
WARNING: [RTGEN 206-101] Register 'kernel_data_V_238' is power-on initialization.
WARNING: [RTGEN 206-101] Register 'kernel_data_V_239' is power-on initialization.
WARNING: [RTGEN 206-101] Register 'kernel_data_V_240' is power-on initialization.
WARNING: [RTGEN 206-101] Register 'kernel_data_V_241' is power-on initialization.
WARNING: [RTGEN 206-101] Register 'kernel_data_V_242' is power-on initialization.
WARNING: [RTGEN 206-101] Register 'kernel_data_V_243' is power-on initialization.
WARNING: [RTGEN 206-101] Register 'kernel_data_V_244' is power-on initialization.
WARNING: [RTGEN 206-101] Register 'kernel_data_V_245' is power-on initialization.
WARNING: [RTGEN 206-101] Register 'kernel_data_V_246' is power-on initialization.
WARNING: [RTGEN 206-101] Register 'kernel_data_V_247' is power-on initialization.
WARNING: [RTGEN 206-101] Register 'kernel_data_V_248' is power-on initialization.
WARNING: [RTGEN 206-101] Register 'kernel_data_V_249' is power-on initialization.
WARNING: [RTGEN 206-101] Register 'kernel_data_V_250' is power-on initialization.
WARNING: [RTGEN 206-101] Register 'kernel_data_V_251' is power-on initialization.
WARNING: [RTGEN 206-101] Register 'kernel_data_V_252' is power-on initialization.
WARNING: [RTGEN 206-101] Register 'kernel_data_V_253' is power-on initialization.
WARNING: [RTGEN 206-101] Register 'kernel_data_V_254' is power-on initialization.
WARNING: [RTGEN 206-101] Register 'kernel_data_V_255' is power-on initialization.
WARNING: [RTGEN 206-101] Register 'sX_2' is power-on initialization.
WARNING: [RTGEN 206-101] Register 'sY_2' is power-on initialization.
WARNING: [RTGEN 206-101] Register 'pY_2' is power-on initialization.
WARNING: [RTGEN 206-101] Register 'pX_2' is power-on initialization.
WARNING: [RTGEN 206-101] Register 'kernel_data_V_0' is power-on initialization.
WARNING: [RTGEN 206-101] Register 'kernel_data_V_1169' is power-on initialization.
WARNING: [RTGEN 206-101] Register 'kernel_data_V_2170' is power-on initialization.
WARNING: [RTGEN 206-101] Register 'kernel_data_V_3' is power-on initialization.
WARNING: [RTGEN 206-101] Register 'kernel_data_V_4' is power-on initialization.
WARNING: [RTGEN 206-101] Register 'kernel_data_V_5' is power-on initialization.
WARNING: [RTGEN 206-101] Register 'kernel_data_V_6' is power-on initialization.
WARNING: [RTGEN 206-101] Register 'kernel_data_V_7' is power-on initialization.
WARNING: [RTGEN 206-101] Register 'kernel_data_V_8' is power-on initialization.
WARNING: [RTGEN 206-101] Register 'kernel_data_V_9' is power-on initialization.
WARNING: [RTGEN 206-101] Register 'kernel_data_V_10' is power-on initialization.
WARNING: [RTGEN 206-101] Register 'kernel_data_V_11' is power-on initialization.
WARNING: [RTGEN 206-101] Register 'kernel_data_V_12' is power-on initialization.
WARNING: [RTGEN 206-101] Register 'kernel_data_V_13' is power-on initialization.
WARNING: [RTGEN 206-101] Register 'kernel_data_V_14' is power-on initialization.
WARNING: [RTGEN 206-101] Register 'kernel_data_V_15' is power-on initialization.
WARNING: [RTGEN 206-101] Register 'kernel_data_V_16' is power-on initialization.
WARNING: [RTGEN 206-101] Register 'kernel_data_V_17' is power-on initialization.
WARNING: [RTGEN 206-101] Register 'kernel_data_V_18' is power-on initialization.
WARNING: [RTGEN 206-101] Register 'kernel_data_V_19' is power-on initialization.
WARNING: [RTGEN 206-101] Register 'kernel_data_V_20' is power-on initialization.
WARNING: [RTGEN 206-101] Register 'kernel_data_V_21' is power-on initialization.
WARNING: [RTGEN 206-101] Register 'kernel_data_V_22' is power-on initialization.
WARNING: [RTGEN 206-101] Register 'kernel_data_V_23' is power-on initialization.
WARNING: [RTGEN 206-101] Register 'kernel_data_V_24' is power-on initialization.
WARNING: [RTGEN 206-101] Register 'kernel_data_V_25' is power-on initialization.
WARNING: [RTGEN 206-101] Register 'kernel_data_V_26' is power-on initialization.
WARNING: [RTGEN 206-101] Register 'kernel_data_V_27' is power-on initialization.
WARNING: [RTGEN 206-101] Register 'kernel_data_V_28' is power-on initialization.
WARNING: [RTGEN 206-101] Register 'kernel_data_V_29' is power-on initialization.
WARNING: [RTGEN 206-101] Register 'kernel_data_V_30' is power-on initialization.
WARNING: [RTGEN 206-101] Register 'kernel_data_V_31' is power-on initialization.
WARNING: [RTGEN 206-101] Register 'kernel_data_V_96' is power-on initialization.
WARNING: [RTGEN 206-101] Register 'kernel_data_V_97' is power-on initialization.
WARNING: [RTGEN 206-101] Register 'kernel_data_V_98' is power-on initialization.
WARNING: [RTGEN 206-101] Register 'kernel_data_V_99' is power-on initialization.
WARNING: [RTGEN 206-101] Register 'kernel_data_V_100' is power-on initialization.
WARNING: [RTGEN 206-101] Register 'kernel_data_V_101' is power-on initialization.
WARNING: [RTGEN 206-101] Register 'kernel_data_V_102' is power-on initialization.
WARNING: [RTGEN 206-101] Register 'kernel_data_V_103' is power-on initialization.
WARNING: [RTGEN 206-101] Register 'kernel_data_V_104' is power-on initialization.
WARNING: [RTGEN 206-101] Register 'kernel_data_V_105' is power-on initialization.
WARNING: [RTGEN 206-101] Register 'kernel_data_V_106' is power-on initialization.
WARNING: [RTGEN 206-101] Register 'kernel_data_V_107' is power-on initialization.
WARNING: [RTGEN 206-101] Register 'kernel_data_V_108' is power-on initialization.
WARNING: [RTGEN 206-101] Register 'kernel_data_V_109' is power-on initialization.
WARNING: [RTGEN 206-101] Register 'kernel_data_V_110' is power-on initialization.
WARNING: [RTGEN 206-101] Register 'kernel_data_V_111' is power-on initialization.
WARNING: [RTGEN 206-101] Register 'kernel_data_V_112' is power-on initialization.
WARNING: [RTGEN 206-101] Register 'kernel_data_V_113' is power-on initialization.
WARNING: [RTGEN 206-101] Register 'kernel_data_V_114' is power-on initialization.
WARNING: [RTGEN 206-101] Register 'kernel_data_V_115' is power-on initialization.
WARNING: [RTGEN 206-101] Register 'kernel_data_V_116' is power-on initialization.
WARNING: [RTGEN 206-101] Register 'kernel_data_V_117' is power-on initialization.
WARNING: [RTGEN 206-101] Register 'kernel_data_V_118' is power-on initialization.
WARNING: [RTGEN 206-101] Register 'kernel_data_V_119' is power-on initialization.
WARNING: [RTGEN 206-101] Register 'kernel_data_V_120' is power-on initialization.
WARNING: [RTGEN 206-101] Register 'kernel_data_V_121' is power-on initialization.
WARNING: [RTGEN 206-101] Register 'kernel_data_V_122' is power-on initialization.
WARNING: [RTGEN 206-101] Register 'kernel_data_V_123' is power-on initialization.
WARNING: [RTGEN 206-101] Register 'kernel_data_V_124' is power-on initialization.
WARNING: [RTGEN 206-101] Register 'kernel_data_V_125' is power-on initialization.
WARNING: [RTGEN 206-101] Register 'kernel_data_V_126' is power-on initialization.
WARNING: [RTGEN 206-101] Register 'kernel_data_V_127' is power-on initialization.
WARNING: [RTGEN 206-101] Register 'kernel_data_V_192' is power-on initialization.
WARNING: [RTGEN 206-101] Register 'kernel_data_V_193' is power-on initialization.
WARNING: [RTGEN 206-101] Register 'kernel_data_V_194' is power-on initialization.
WARNING: [RTGEN 206-101] Register 'kernel_data_V_195' is power-on initialization.
WARNING: [RTGEN 206-101] Register 'kernel_data_V_196' is power-on initialization.
WARNING: [RTGEN 206-101] Register 'kernel_data_V_197' is power-on initialization.
WARNING: [RTGEN 206-101] Register 'kernel_data_V_198' is power-on initialization.
WARNING: [RTGEN 206-101] Register 'kernel_data_V_199' is power-on initialization.
WARNING: [RTGEN 206-101] Register 'kernel_data_V_200' is power-on initialization.
WARNING: [RTGEN 206-101] Register 'kernel_data_V_201' is power-on initialization.
WARNING: [RTGEN 206-101] Register 'kernel_data_V_202' is power-on initialization.
WARNING: [RTGEN 206-101] Register 'kernel_data_V_203' is power-on initialization.
WARNING: [RTGEN 206-101] Register 'kernel_data_V_204' is power-on initialization.
WARNING: [RTGEN 206-101] Register 'kernel_data_V_205' is power-on initialization.
WARNING: [RTGEN 206-101] Register 'kernel_data_V_206' is power-on initialization.
WARNING: [RTGEN 206-101] Register 'kernel_data_V_207' is power-on initialization.
WARNING: [RTGEN 206-101] Register 'kernel_data_V_208' is power-on initialization.
WARNING: [RTGEN 206-101] Register 'kernel_data_V_209' is power-on initialization.
WARNING: [RTGEN 206-101] Register 'kernel_data_V_210' is power-on initialization.
WARNING: [RTGEN 206-101] Register 'kernel_data_V_211' is power-on initialization.
WARNING: [RTGEN 206-101] Register 'kernel_data_V_212' is power-on initialization.
WARNING: [RTGEN 206-101] Register 'kernel_data_V_213' is power-on initialization.
WARNING: [RTGEN 206-101] Register 'kernel_data_V_214' is power-on initialization.
WARNING: [RTGEN 206-101] Register 'kernel_data_V_215' is power-on initialization.
WARNING: [RTGEN 206-101] Register 'kernel_data_V_216' is power-on initialization.
WARNING: [RTGEN 206-101] Register 'kernel_data_V_217' is power-on initialization.
WARNING: [RTGEN 206-101] Register 'kernel_data_V_218' is power-on initialization.
WARNING: [RTGEN 206-101] Register 'kernel_data_V_219' is power-on initialization.
WARNING: [RTGEN 206-101] Register 'kernel_data_V_220' is power-on initialization.
WARNING: [RTGEN 206-101] Register 'kernel_data_V_221' is power-on initialization.
WARNING: [RTGEN 206-101] Register 'kernel_data_V_222' is power-on initialization.
WARNING: [RTGEN 206-101] Register 'kernel_data_V_223' is power-on initialization.
INFO: [SYN 201-210] Renamed object name 'conv_2d_cl_array_ap_fixed_32u_array_ap_fixed_14_8_5_3_0_32u_config5_s_line_buffer_Array_V_0_0' to 'conv_2d_cl_array_ap_fixed_32u_array_ap_fixed_14_8_5_3_0_32u_config5_s_line_buhbi' due to the length limit 80
INFO: [SYN 201-210] Renamed object name 'conv_2d_cl_array_ap_fixed_32u_array_ap_fixed_14_8_5_3_0_32u_config5_s_line_buffer_Array_V_0_1' to 'conv_2d_cl_array_ap_fixed_32u_array_ap_fixed_14_8_5_3_0_32u_config5_s_line_buibs' due to the length limit 80
INFO: [SYN 201-210] Renamed object name 'conv_2d_cl_array_ap_fixed_32u_array_ap_fixed_14_8_5_3_0_32u_config5_s_line_buffer_Array_V_0_2' to 'conv_2d_cl_array_ap_fixed_32u_array_ap_fixed_14_8_5_3_0_32u_config5_s_line_bujbC' due to the length limit 80
INFO: [SYN 201-210] Renamed object name 'conv_2d_cl_array_ap_fixed_32u_array_ap_fixed_14_8_5_3_0_32u_config5_s_line_buffer_Array_V_0_3' to 'conv_2d_cl_array_ap_fixed_32u_array_ap_fixed_14_8_5_3_0_32u_config5_s_line_bukbM' due to the length limit 80
INFO: [SYN 201-210] Renamed object name 'conv_2d_cl_array_ap_fixed_32u_array_ap_fixed_14_8_5_3_0_32u_config5_s_line_buffer_Array_V_0_4' to 'conv_2d_cl_array_ap_fixed_32u_array_ap_fixed_14_8_5_3_0_32u_config5_s_line_bulbW' due to the length limit 80
INFO: [SYN 201-210] Renamed object name 'conv_2d_cl_array_ap_fixed_32u_array_ap_fixed_14_8_5_3_0_32u_config5_s_line_buffer_Array_V_0_5' to 'conv_2d_cl_array_ap_fixed_32u_array_ap_fixed_14_8_5_3_0_32u_config5_s_line_bumb6' due to the length limit 80
INFO: [SYN 201-210] Renamed object name 'conv_2d_cl_array_ap_fixed_32u_array_ap_fixed_14_8_5_3_0_32u_config5_s_line_buffer_Array_V_0_6' to 'conv_2d_cl_array_ap_fixed_32u_array_ap_fixed_14_8_5_3_0_32u_config5_s_line_buncg' due to the length limit 80
INFO: [SYN 201-210] Renamed object name 'conv_2d_cl_array_ap_fixed_32u_array_ap_fixed_14_8_5_3_0_32u_config5_s_line_buffer_Array_V_0_7' to 'conv_2d_cl_array_ap_fixed_32u_array_ap_fixed_14_8_5_3_0_32u_config5_s_line_buocq' due to the length limit 80
INFO: [SYN 201-210] Renamed object name 'conv_2d_cl_array_ap_fixed_32u_array_ap_fixed_14_8_5_3_0_32u_config5_s_line_buffer_Array_V_0_8' to 'conv_2d_cl_array_ap_fixed_32u_array_ap_fixed_14_8_5_3_0_32u_config5_s_line_bupcA' due to the length limit 80
INFO: [SYN 201-210] Renamed object name 'conv_2d_cl_array_ap_fixed_32u_array_ap_fixed_14_8_5_3_0_32u_config5_s_line_buffer_Array_V_0_9' to 'conv_2d_cl_array_ap_fixed_32u_array_ap_fixed_14_8_5_3_0_32u_config5_s_line_buqcK' due to the length limit 80
INFO: [SYN 201-210] Renamed object name 'conv_2d_cl_array_ap_fixed_32u_array_ap_fixed_14_8_5_3_0_32u_config5_s_line_buffer_Array_V_0_10' to 'conv_2d_cl_array_ap_fixed_32u_array_ap_fixed_14_8_5_3_0_32u_config5_s_line_burcU' due to the length limit 80
INFO: [SYN 201-210] Renamed object name 'conv_2d_cl_array_ap_fixed_32u_array_ap_fixed_14_8_5_3_0_32u_config5_s_line_buffer_Array_V_0_11' to 'conv_2d_cl_array_ap_fixed_32u_array_ap_fixed_14_8_5_3_0_32u_config5_s_line_busc4' due to the length limit 80
INFO: [SYN 201-210] Renamed object name 'conv_2d_cl_array_ap_fixed_32u_array_ap_fixed_14_8_5_3_0_32u_config5_s_line_buffer_Array_V_0_12' to 'conv_2d_cl_array_ap_fixed_32u_array_ap_fixed_14_8_5_3_0_32u_config5_s_line_butde' due to the length limit 80
INFO: [SYN 201-210] Renamed object name 'conv_2d_cl_array_ap_fixed_32u_array_ap_fixed_14_8_5_3_0_32u_config5_s_line_buffer_Array_V_0_13' to 'conv_2d_cl_array_ap_fixed_32u_array_ap_fixed_14_8_5_3_0_32u_config5_s_line_buudo' due to the length limit 80
INFO: [SYN 201-210] Renamed object name 'conv_2d_cl_array_ap_fixed_32u_array_ap_fixed_14_8_5_3_0_32u_config5_s_line_buffer_Array_V_0_14' to 'conv_2d_cl_array_ap_fixed_32u_array_ap_fixed_14_8_5_3_0_32u_config5_s_line_buvdy' due to the length limit 80
INFO: [SYN 201-210] Renamed object name 'conv_2d_cl_array_ap_fixed_32u_array_ap_fixed_14_8_5_3_0_32u_config5_s_line_buffer_Array_V_0_15' to 'conv_2d_cl_array_ap_fixed_32u_array_ap_fixed_14_8_5_3_0_32u_config5_s_line_buwdI' due to the length limit 80
INFO: [SYN 201-210] Renamed object name 'conv_2d_cl_array_ap_fixed_32u_array_ap_fixed_14_8_5_3_0_32u_config5_s_line_buffer_Array_V_0_16' to 'conv_2d_cl_array_ap_fixed_32u_array_ap_fixed_14_8_5_3_0_32u_config5_s_line_buxdS' due to the length limit 80
INFO: [SYN 201-210] Renamed object name 'conv_2d_cl_array_ap_fixed_32u_array_ap_fixed_14_8_5_3_0_32u_config5_s_line_buffer_Array_V_0_17' to 'conv_2d_cl_array_ap_fixed_32u_array_ap_fixed_14_8_5_3_0_32u_config5_s_line_buyd2' due to the length limit 80
INFO: [SYN 201-210] Renamed object name 'conv_2d_cl_array_ap_fixed_32u_array_ap_fixed_14_8_5_3_0_32u_config5_s_line_buffer_Array_V_0_18' to 'conv_2d_cl_array_ap_fixed_32u_array_ap_fixed_14_8_5_3_0_32u_config5_s_line_buzec' due to the length limit 80
INFO: [SYN 201-210] Renamed object name 'conv_2d_cl_array_ap_fixed_32u_array_ap_fixed_14_8_5_3_0_32u_config5_s_line_buffer_Array_V_0_19' to 'conv_2d_cl_array_ap_fixed_32u_array_ap_fixed_14_8_5_3_0_32u_config5_s_line_buAem' due to the length limit 80
INFO: [SYN 201-210] Renamed object name 'conv_2d_cl_array_ap_fixed_32u_array_ap_fixed_14_8_5_3_0_32u_config5_s_line_buffer_Array_V_0_20' to 'conv_2d_cl_array_ap_fixed_32u_array_ap_fixed_14_8_5_3_0_32u_config5_s_line_buBew' due to the length limit 80
INFO: [SYN 201-210] Renamed object name 'conv_2d_cl_array_ap_fixed_32u_array_ap_fixed_14_8_5_3_0_32u_config5_s_line_buffer_Array_V_0_21' to 'conv_2d_cl_array_ap_fixed_32u_array_ap_fixed_14_8_5_3_0_32u_config5_s_line_buCeG' due to the length limit 80
INFO: [SYN 201-210] Renamed object name 'conv_2d_cl_array_ap_fixed_32u_array_ap_fixed_14_8_5_3_0_32u_config5_s_line_buffer_Array_V_0_22' to 'conv_2d_cl_array_ap_fixed_32u_array_ap_fixed_14_8_5_3_0_32u_config5_s_line_buDeQ' due to the length limit 80
INFO: [SYN 201-210] Renamed object name 'conv_2d_cl_array_ap_fixed_32u_array_ap_fixed_14_8_5_3_0_32u_config5_s_line_buffer_Array_V_0_23' to 'conv_2d_cl_array_ap_fixed_32u_array_ap_fixed_14_8_5_3_0_32u_config5_s_line_buEe0' due to the length limit 80
INFO: [SYN 201-210] Renamed object name 'conv_2d_cl_array_ap_fixed_32u_array_ap_fixed_14_8_5_3_0_32u_config5_s_line_buffer_Array_V_0_24' to 'conv_2d_cl_array_ap_fixed_32u_array_ap_fixed_14_8_5_3_0_32u_config5_s_line_buFfa' due to the length limit 80
INFO: [SYN 201-210] Renamed object name 'conv_2d_cl_array_ap_fixed_32u_array_ap_fixed_14_8_5_3_0_32u_config5_s_line_buffer_Array_V_0_25' to 'conv_2d_cl_array_ap_fixed_32u_array_ap_fixed_14_8_5_3_0_32u_config5_s_line_buGfk' due to the length limit 80
INFO: [SYN 201-210] Renamed object name 'conv_2d_cl_array_ap_fixed_32u_array_ap_fixed_14_8_5_3_0_32u_config5_s_line_buffer_Array_V_0_26' to 'conv_2d_cl_array_ap_fixed_32u_array_ap_fixed_14_8_5_3_0_32u_config5_s_line_buHfu' due to the length limit 80
INFO: [SYN 201-210] Renamed object name 'conv_2d_cl_array_ap_fixed_32u_array_ap_fixed_14_8_5_3_0_32u_config5_s_line_buffer_Array_V_0_27' to 'conv_2d_cl_array_ap_fixed_32u_array_ap_fixed_14_8_5_3_0_32u_config5_s_line_buIfE' due to the length limit 80
INFO: [SYN 201-210] Renamed object name 'conv_2d_cl_array_ap_fixed_32u_array_ap_fixed_14_8_5_3_0_32u_config5_s_line_buffer_Array_V_0_28' to 'conv_2d_cl_array_ap_fixed_32u_array_ap_fixed_14_8_5_3_0_32u_config5_s_line_buJfO' due to the length limit 80
INFO: [SYN 201-210] Renamed object name 'conv_2d_cl_array_ap_fixed_32u_array_ap_fixed_14_8_5_3_0_32u_config5_s_line_buffer_Array_V_0_29' to 'conv_2d_cl_array_ap_fixed_32u_array_ap_fixed_14_8_5_3_0_32u_config5_s_line_buKfY' due to the length limit 80
INFO: [SYN 201-210] Renamed object name 'conv_2d_cl_array_ap_fixed_32u_array_ap_fixed_14_8_5_3_0_32u_config5_s_line_buffer_Array_V_0_30' to 'conv_2d_cl_array_ap_fixed_32u_array_ap_fixed_14_8_5_3_0_32u_config5_s_line_buLf8' due to the length limit 80
INFO: [SYN 201-210] Renamed object name 'conv_2d_cl_array_ap_fixed_32u_array_ap_fixed_14_8_5_3_0_32u_config5_s_line_buffer_Array_V_0_31' to 'conv_2d_cl_array_ap_fixed_32u_array_ap_fixed_14_8_5_3_0_32u_config5_s_line_buMgi' due to the length limit 80
INFO: [SYN 201-210] Renamed object name 'conv_2d_cl_array_ap_fixed_32u_array_ap_fixed_14_8_5_3_0_32u_config5_s_line_buffer_Array_V_1168_0' to 'conv_2d_cl_array_ap_fixed_32u_array_ap_fixed_14_8_5_3_0_32u_config5_s_line_buNgs' due to the length limit 80
INFO: [SYN 201-210] Renamed object name 'conv_2d_cl_array_ap_fixed_32u_array_ap_fixed_14_8_5_3_0_32u_config5_s_line_buffer_Array_V_1168_1' to 'conv_2d_cl_array_ap_fixed_32u_array_ap_fixed_14_8_5_3_0_32u_config5_s_line_buOgC' due to the length limit 80
INFO: [SYN 201-210] Renamed object name 'conv_2d_cl_array_ap_fixed_32u_array_ap_fixed_14_8_5_3_0_32u_config5_s_line_buffer_Array_V_1168_2' to 'conv_2d_cl_array_ap_fixed_32u_array_ap_fixed_14_8_5_3_0_32u_config5_s_line_buPgM' due to the length limit 80
INFO: [SYN 201-210] Renamed object name 'conv_2d_cl_array_ap_fixed_32u_array_ap_fixed_14_8_5_3_0_32u_config5_s_line_buffer_Array_V_1168_3' to 'conv_2d_cl_array_ap_fixed_32u_array_ap_fixed_14_8_5_3_0_32u_config5_s_line_buQgW' due to the length limit 80
INFO: [SYN 201-210] Renamed object name 'conv_2d_cl_array_ap_fixed_32u_array_ap_fixed_14_8_5_3_0_32u_config5_s_line_buffer_Array_V_1168_4' to 'conv_2d_cl_array_ap_fixed_32u_array_ap_fixed_14_8_5_3_0_32u_config5_s_line_buRg6' due to the length limit 80
INFO: [SYN 201-210] Renamed object name 'conv_2d_cl_array_ap_fixed_32u_array_ap_fixed_14_8_5_3_0_32u_config5_s_line_buffer_Array_V_1168_5' to 'conv_2d_cl_array_ap_fixed_32u_array_ap_fixed_14_8_5_3_0_32u_config5_s_line_buShg' due to the length limit 80
INFO: [SYN 201-210] Renamed object name 'conv_2d_cl_array_ap_fixed_32u_array_ap_fixed_14_8_5_3_0_32u_config5_s_line_buffer_Array_V_1168_6' to 'conv_2d_cl_array_ap_fixed_32u_array_ap_fixed_14_8_5_3_0_32u_config5_s_line_buThq' due to the length limit 80
INFO: [SYN 201-210] Renamed object name 'conv_2d_cl_array_ap_fixed_32u_array_ap_fixed_14_8_5_3_0_32u_config5_s_line_buffer_Array_V_1168_7' to 'conv_2d_cl_array_ap_fixed_32u_array_ap_fixed_14_8_5_3_0_32u_config5_s_line_buUhA' due to the length limit 80
INFO: [SYN 201-210] Renamed object name 'conv_2d_cl_array_ap_fixed_32u_array_ap_fixed_14_8_5_3_0_32u_config5_s_line_buffer_Array_V_1168_8' to 'conv_2d_cl_array_ap_fixed_32u_array_ap_fixed_14_8_5_3_0_32u_config5_s_line_buVhK' due to the length limit 80
INFO: [SYN 201-210] Renamed object name 'conv_2d_cl_array_ap_fixed_32u_array_ap_fixed_14_8_5_3_0_32u_config5_s_line_buffer_Array_V_1168_9' to 'conv_2d_cl_array_ap_fixed_32u_array_ap_fixed_14_8_5_3_0_32u_config5_s_line_buWhU' due to the length limit 80
INFO: [SYN 201-210] Renamed object name 'conv_2d_cl_array_ap_fixed_32u_array_ap_fixed_14_8_5_3_0_32u_config5_s_line_buffer_Array_V_1168_10' to 'conv_2d_cl_array_ap_fixed_32u_array_ap_fixed_14_8_5_3_0_32u_config5_s_line_buXh4' due to the length limit 80
INFO: [SYN 201-210] Renamed object name 'conv_2d_cl_array_ap_fixed_32u_array_ap_fixed_14_8_5_3_0_32u_config5_s_line_buffer_Array_V_1168_11' to 'conv_2d_cl_array_ap_fixed_32u_array_ap_fixed_14_8_5_3_0_32u_config5_s_line_buYie' due to the length limit 80
INFO: [SYN 201-210] Renamed object name 'conv_2d_cl_array_ap_fixed_32u_array_ap_fixed_14_8_5_3_0_32u_config5_s_line_buffer_Array_V_1168_12' to 'conv_2d_cl_array_ap_fixed_32u_array_ap_fixed_14_8_5_3_0_32u_config5_s_line_buZio' due to the length limit 80
INFO: [SYN 201-210] Renamed object name 'conv_2d_cl_array_ap_fixed_32u_array_ap_fixed_14_8_5_3_0_32u_config5_s_line_buffer_Array_V_1168_13' to 'conv_2d_cl_array_ap_fixed_32u_array_ap_fixed_14_8_5_3_0_32u_config5_s_line_bu0iy' due to the length limit 80
INFO: [SYN 201-210] Renamed object name 'conv_2d_cl_array_ap_fixed_32u_array_ap_fixed_14_8_5_3_0_32u_config5_s_line_buffer_Array_V_1168_14' to 'conv_2d_cl_array_ap_fixed_32u_array_ap_fixed_14_8_5_3_0_32u_config5_s_line_bu1iI' due to the length limit 80
INFO: [SYN 201-210] Renamed object name 'conv_2d_cl_array_ap_fixed_32u_array_ap_fixed_14_8_5_3_0_32u_config5_s_line_buffer_Array_V_1168_15' to 'conv_2d_cl_array_ap_fixed_32u_array_ap_fixed_14_8_5_3_0_32u_config5_s_line_bu2iS' due to the length limit 80
INFO: [SYN 201-210] Renamed object name 'conv_2d_cl_array_ap_fixed_32u_array_ap_fixed_14_8_5_3_0_32u_config5_s_line_buffer_Array_V_1168_16' to 'conv_2d_cl_array_ap_fixed_32u_array_ap_fixed_14_8_5_3_0_32u_config5_s_line_bu3i2' due to the length limit 80
INFO: [SYN 201-210] Renamed object name 'conv_2d_cl_array_ap_fixed_32u_array_ap_fixed_14_8_5_3_0_32u_config5_s_line_buffer_Array_V_1168_17' to 'conv_2d_cl_array_ap_fixed_32u_array_ap_fixed_14_8_5_3_0_32u_config5_s_line_bu4jc' due to the length limit 80
INFO: [SYN 201-210] Renamed object name 'conv_2d_cl_array_ap_fixed_32u_array_ap_fixed_14_8_5_3_0_32u_config5_s_line_buffer_Array_V_1168_18' to 'conv_2d_cl_array_ap_fixed_32u_array_ap_fixed_14_8_5_3_0_32u_config5_s_line_bu5jm' due to the length limit 80
INFO: [SYN 201-210] Renamed object name 'conv_2d_cl_array_ap_fixed_32u_array_ap_fixed_14_8_5_3_0_32u_config5_s_line_buffer_Array_V_1168_19' to 'conv_2d_cl_array_ap_fixed_32u_array_ap_fixed_14_8_5_3_0_32u_config5_s_line_bu6jw' due to the length limit 80
INFO: [SYN 201-210] Renamed object name 'conv_2d_cl_array_ap_fixed_32u_array_ap_fixed_14_8_5_3_0_32u_config5_s_line_buffer_Array_V_1168_20' to 'conv_2d_cl_array_ap_fixed_32u_array_ap_fixed_14_8_5_3_0_32u_config5_s_line_bu7jG' due to the length limit 80
INFO: [SYN 201-210] Renamed object name 'conv_2d_cl_array_ap_fixed_32u_array_ap_fixed_14_8_5_3_0_32u_config5_s_line_buffer_Array_V_1168_21' to 'conv_2d_cl_array_ap_fixed_32u_array_ap_fixed_14_8_5_3_0_32u_config5_s_line_bu8jQ' due to the length limit 80
INFO: [SYN 201-210] Renamed object name 'conv_2d_cl_array_ap_fixed_32u_array_ap_fixed_14_8_5_3_0_32u_config5_s_line_buffer_Array_V_1168_22' to 'conv_2d_cl_array_ap_fixed_32u_array_ap_fixed_14_8_5_3_0_32u_config5_s_line_bu9j0' due to the length limit 80
INFO: [SYN 201-210] Renamed object name 'conv_2d_cl_array_ap_fixed_32u_array_ap_fixed_14_8_5_3_0_32u_config5_s_line_buffer_Array_V_1168_23' to 'conv_2d_cl_array_ap_fixed_32u_array_ap_fixed_14_8_5_3_0_32u_config5_s_line_bubak' due to the length limit 80
INFO: [SYN 201-210] Renamed object name 'conv_2d_cl_array_ap_fixed_32u_array_ap_fixed_14_8_5_3_0_32u_config5_s_line_buffer_Array_V_1168_24' to 'conv_2d_cl_array_ap_fixed_32u_array_ap_fixed_14_8_5_3_0_32u_config5_s_line_bubbk' due to the length limit 80
INFO: [SYN 201-210] Renamed object name 'conv_2d_cl_array_ap_fixed_32u_array_ap_fixed_14_8_5_3_0_32u_config5_s_line_buffer_Array_V_1168_25' to 'conv_2d_cl_array_ap_fixed_32u_array_ap_fixed_14_8_5_3_0_32u_config5_s_line_bubck' due to the length limit 80
INFO: [SYN 201-210] Renamed object name 'conv_2d_cl_array_ap_fixed_32u_array_ap_fixed_14_8_5_3_0_32u_config5_s_line_buffer_Array_V_1168_26' to 'conv_2d_cl_array_ap_fixed_32u_array_ap_fixed_14_8_5_3_0_32u_config5_s_line_bubdk' due to the length limit 80
INFO: [SYN 201-210] Renamed object name 'conv_2d_cl_array_ap_fixed_32u_array_ap_fixed_14_8_5_3_0_32u_config5_s_line_buffer_Array_V_1168_27' to 'conv_2d_cl_array_ap_fixed_32u_array_ap_fixed_14_8_5_3_0_32u_config5_s_line_bubek' due to the length limit 80
INFO: [SYN 201-210] Renamed object name 'conv_2d_cl_array_ap_fixed_32u_array_ap_fixed_14_8_5_3_0_32u_config5_s_line_buffer_Array_V_1168_28' to 'conv_2d_cl_array_ap_fixed_32u_array_ap_fixed_14_8_5_3_0_32u_config5_s_line_bubfk' due to the length limit 80
INFO: [SYN 201-210] Renamed object name 'conv_2d_cl_array_ap_fixed_32u_array_ap_fixed_14_8_5_3_0_32u_config5_s_line_buffer_Array_V_1168_29' to 'conv_2d_cl_array_ap_fixed_32u_array_ap_fixed_14_8_5_3_0_32u_config5_s_line_bubgk' due to the length limit 80
INFO: [SYN 201-210] Renamed object name 'conv_2d_cl_array_ap_fixed_32u_array_ap_fixed_14_8_5_3_0_32u_config5_s_line_buffer_Array_V_1168_30' to 'conv_2d_cl_array_ap_fixed_32u_array_ap_fixed_14_8_5_3_0_32u_config5_s_line_bubhl' due to the length limit 80
INFO: [SYN 201-210] Renamed object name 'conv_2d_cl_array_ap_fixed_32u_array_ap_fixed_14_8_5_3_0_32u_config5_s_line_buffer_Array_V_1168_31' to 'conv_2d_cl_array_ap_fixed_32u_array_ap_fixed_14_8_5_3_0_32u_config5_s_line_bubil' due to the length limit 80
INFO: [RTGEN 206-100] Generating core module 'myproject_axi_mux_2889_8_1_1': 1 instance(s).
INFO: [RTGEN 206-100] Generating core module 'myproject_axi_mux_325_14_1_1': 1 instance(s).
INFO: [RTGEN 206-100] Generating core module 'myproject_axi_mux_325_8_1_1': 4 instance(s).
INFO: [RTGEN 206-100] Finished creating RTL model for 'conv_2d_cl_array_ap_fixed_32u_array_ap_fixed_14_8_5_3_0_32u_config5_s'.
INFO: [HLS 200-111]  Elapsed time: 3.49 seconds; current allocated memory: 850.989 MB.
INFO: [HLS 200-10] ----------------------------------------------------------------
INFO: [HLS 200-10] -- Generating RTL for module 'relu_array_ap_fixed_32u_array_ap_fixed_8_4_0_0_0_32u_relu_config7_s' 
INFO: [HLS 200-10] ----------------------------------------------------------------
INFO: [RTGEN 206-100] Finished creating RTL model for 'relu_array_ap_fixed_32u_array_ap_fixed_8_4_0_0_0_32u_relu_config7_s'.
INFO: [HLS 200-111]  Elapsed time: 8.18 seconds; current allocated memory: 895.275 MB.
INFO: [HLS 200-10] ----------------------------------------------------------------
INFO: [HLS 200-10] -- Generating RTL for module 'zeropad2d_cl_array_array_ap_fixed_8_4_0_0_0_32u_config15_s' 
INFO: [HLS 200-10] ----------------------------------------------------------------
INFO: [RTGEN 206-100] Finished creating RTL model for 'zeropad2d_cl_array_array_ap_fixed_8_4_0_0_0_32u_config15_s'.
INFO: [HLS 200-111]  Elapsed time: 4.24 seconds; current allocated memory: 909.972 MB.
INFO: [HLS 200-10] ----------------------------------------------------------------
INFO: [HLS 200-10] -- Generating RTL for module 'conv_2d_cl_array_ap_fixed_32u_array_ap_fixed_14_8_5_3_0_32u_config8_s' 
INFO: [HLS 200-10] ----------------------------------------------------------------
WARNING: [RTGEN 206-101] Register 'kernel_data_V_1_64' is power-on initialization.
WARNING: [RTGEN 206-101] Register 'kernel_data_V_1_65' is power-on initialization.
WARNING: [RTGEN 206-101] Register 'kernel_data_V_1_66' is power-on initialization.
WARNING: [RTGEN 206-101] Register 'kernel_data_V_1_67' is power-on initialization.
WARNING: [RTGEN 206-101] Register 'kernel_data_V_1_68' is power-on initialization.
WARNING: [RTGEN 206-101] Register 'kernel_data_V_1_69' is power-on initialization.
WARNING: [RTGEN 206-101] Register 'kernel_data_V_1_70' is power-on initialization.
WARNING: [RTGEN 206-101] Register 'kernel_data_V_1_71' is power-on initialization.
WARNING: [RTGEN 206-101] Register 'kernel_data_V_1_72' is power-on initialization.
WARNING: [RTGEN 206-101] Register 'kernel_data_V_1_73' is power-on initialization.
WARNING: [RTGEN 206-101] Register 'kernel_data_V_1_74' is power-on initialization.
WARNING: [RTGEN 206-101] Register 'kernel_data_V_1_75' is power-on initialization.
WARNING: [RTGEN 206-101] Register 'kernel_data_V_1_76' is power-on initialization.
WARNING: [RTGEN 206-101] Register 'kernel_data_V_1_77' is power-on initialization.
WARNING: [RTGEN 206-101] Register 'kernel_data_V_1_78' is power-on initialization.
WARNING: [RTGEN 206-101] Register 'kernel_data_V_1_79' is power-on initialization.
WARNING: [RTGEN 206-101] Register 'kernel_data_V_1_80' is power-on initialization.
WARNING: [RTGEN 206-101] Register 'kernel_data_V_1_81' is power-on initialization.
WARNING: [RTGEN 206-101] Register 'kernel_data_V_1_82' is power-on initialization.
WARNING: [RTGEN 206-101] Register 'kernel_data_V_1_83' is power-on initialization.
WARNING: [RTGEN 206-101] Register 'kernel_data_V_1_84' is power-on initialization.
WARNING: [RTGEN 206-101] Register 'kernel_data_V_1_85' is power-on initialization.
WARNING: [RTGEN 206-101] Register 'kernel_data_V_1_86' is power-on initialization.
WARNING: [RTGEN 206-101] Register 'kernel_data_V_1_87' is power-on initialization.
WARNING: [RTGEN 206-101] Register 'kernel_data_V_1_88' is power-on initialization.
WARNING: [RTGEN 206-101] Register 'kernel_data_V_1_89' is power-on initialization.
WARNING: [RTGEN 206-101] Register 'kernel_data_V_1_90' is power-on initialization.
WARNING: [RTGEN 206-101] Register 'kernel_data_V_1_91' is power-on initialization.
WARNING: [RTGEN 206-101] Register 'kernel_data_V_1_92' is power-on initialization.
WARNING: [RTGEN 206-101] Register 'kernel_data_V_1_93' is power-on initialization.
WARNING: [RTGEN 206-101] Register 'kernel_data_V_1_94' is power-on initialization.
WARNING: [RTGEN 206-101] Register 'kernel_data_V_1_95' is power-on initialization.
WARNING: [RTGEN 206-101] Register 'kernel_data_V_1_160' is power-on initialization.
WARNING: [RTGEN 206-101] Register 'kernel_data_V_1_161' is power-on initialization.
WARNING: [RTGEN 206-101] Register 'kernel_data_V_1_162' is power-on initialization.
WARNING: [RTGEN 206-101] Register 'kernel_data_V_1_163' is power-on initialization.
WARNING: [RTGEN 206-101] Register 'kernel_data_V_1_164' is power-on initialization.
WARNING: [RTGEN 206-101] Register 'kernel_data_V_1_165' is power-on initialization.
WARNING: [RTGEN 206-101] Register 'kernel_data_V_1_166' is power-on initialization.
WARNING: [RTGEN 206-101] Register 'kernel_data_V_1_167' is power-on initialization.
WARNING: [RTGEN 206-101] Register 'kernel_data_V_1_168' is power-on initialization.
WARNING: [RTGEN 206-101] Register 'kernel_data_V_1_169' is power-on initialization.
WARNING: [RTGEN 206-101] Register 'kernel_data_V_1_170' is power-on initialization.
WARNING: [RTGEN 206-101] Register 'kernel_data_V_1_171' is power-on initialization.
WARNING: [RTGEN 206-101] Register 'kernel_data_V_1_172' is power-on initialization.
WARNING: [RTGEN 206-101] Register 'kernel_data_V_1_173' is power-on initialization.
WARNING: [RTGEN 206-101] Register 'kernel_data_V_1_174' is power-on initialization.
WARNING: [RTGEN 206-101] Register 'kernel_data_V_1_175' is power-on initialization.
WARNING: [RTGEN 206-101] Register 'kernel_data_V_1_176' is power-on initialization.
WARNING: [RTGEN 206-101] Register 'kernel_data_V_1_177' is power-on initialization.
WARNING: [RTGEN 206-101] Register 'kernel_data_V_1_178' is power-on initialization.
WARNING: [RTGEN 206-101] Register 'kernel_data_V_1_179' is power-on initialization.
WARNING: [RTGEN 206-101] Register 'kernel_data_V_1_180' is power-on initialization.
WARNING: [RTGEN 206-101] Register 'kernel_data_V_1_181' is power-on initialization.
WARNING: [RTGEN 206-101] Register 'kernel_data_V_1_182' is power-on initialization.
WARNING: [RTGEN 206-101] Register 'kernel_data_V_1_183' is power-on initialization.
WARNING: [RTGEN 206-101] Register 'kernel_data_V_1_184' is power-on initialization.
WARNING: [RTGEN 206-101] Register 'kernel_data_V_1_185' is power-on initialization.
WARNING: [RTGEN 206-101] Register 'kernel_data_V_1_186' is power-on initialization.
WARNING: [RTGEN 206-101] Register 'kernel_data_V_1_187' is power-on initialization.
WARNING: [RTGEN 206-101] Register 'kernel_data_V_1_188' is power-on initialization.
WARNING: [RTGEN 206-101] Register 'kernel_data_V_1_189' is power-on initialization.
WARNING: [RTGEN 206-101] Register 'kernel_data_V_1_190' is power-on initialization.
WARNING: [RTGEN 206-101] Register 'kernel_data_V_1_191' is power-on initialization.
WARNING: [RTGEN 206-101] Register 'kernel_data_V_1_256' is power-on initialization.
WARNING: [RTGEN 206-101] Register 'kernel_data_V_1_257' is power-on initialization.
WARNING: [RTGEN 206-101] Register 'kernel_data_V_1_258' is power-on initialization.
WARNING: [RTGEN 206-101] Register 'kernel_data_V_1_259' is power-on initialization.
WARNING: [RTGEN 206-101] Register 'kernel_data_V_1_260' is power-on initialization.
WARNING: [RTGEN 206-101] Register 'kernel_data_V_1_261' is power-on initialization.
WARNING: [RTGEN 206-101] Register 'kernel_data_V_1_262' is power-on initialization.
WARNING: [RTGEN 206-101] Register 'kernel_data_V_1_263' is power-on initialization.
WARNING: [RTGEN 206-101] Register 'kernel_data_V_1_264' is power-on initialization.
WARNING: [RTGEN 206-101] Register 'kernel_data_V_1_265' is power-on initialization.
WARNING: [RTGEN 206-101] Register 'kernel_data_V_1_266' is power-on initialization.
WARNING: [RTGEN 206-101] Register 'kernel_data_V_1_267' is power-on initialization.
WARNING: [RTGEN 206-101] Register 'kernel_data_V_1_268' is power-on initialization.
WARNING: [RTGEN 206-101] Register 'kernel_data_V_1_269' is power-on initialization.
WARNING: [RTGEN 206-101] Register 'kernel_data_V_1_270' is power-on initialization.
WARNING: [RTGEN 206-101] Register 'kernel_data_V_1_271' is power-on initialization.
WARNING: [RTGEN 206-101] Register 'kernel_data_V_1_272' is power-on initialization.
WARNING: [RTGEN 206-101] Register 'kernel_data_V_1_273' is power-on initialization.
WARNING: [RTGEN 206-101] Register 'kernel_data_V_1_274' is power-on initialization.
WARNING: [RTGEN 206-101] Register 'kernel_data_V_1_275' is power-on initialization.
WARNING: [RTGEN 206-101] Register 'kernel_data_V_1_276' is power-on initialization.
WARNING: [RTGEN 206-101] Register 'kernel_data_V_1_277' is power-on initialization.
WARNING: [RTGEN 206-101] Register 'kernel_data_V_1_278' is power-on initialization.
WARNING: [RTGEN 206-101] Register 'kernel_data_V_1_279' is power-on initialization.
WARNING: [RTGEN 206-101] Register 'kernel_data_V_1_280' is power-on initialization.
WARNING: [RTGEN 206-101] Register 'kernel_data_V_1_281' is power-on initialization.
WARNING: [RTGEN 206-101] Register 'kernel_data_V_1_282' is power-on initialization.
WARNING: [RTGEN 206-101] Register 'kernel_data_V_1_283' is power-on initialization.
WARNING: [RTGEN 206-101] Register 'kernel_data_V_1_284' is power-on initialization.
WARNING: [RTGEN 206-101] Register 'kernel_data_V_1_285' is power-on initialization.
WARNING: [RTGEN 206-101] Register 'kernel_data_V_1_286' is power-on initialization.
WARNING: [RTGEN 206-101] Register 'kernel_data_V_1_287' is power-on initialization.
WARNING: [RTGEN 206-101] Register 'kernel_data_V_1_32' is power-on initialization.
WARNING: [RTGEN 206-101] Register 'kernel_data_V_1_33' is power-on initialization.
WARNING: [RTGEN 206-101] Register 'kernel_data_V_1_34' is power-on initialization.
WARNING: [RTGEN 206-101] Register 'kernel_data_V_1_35' is power-on initialization.
WARNING: [RTGEN 206-101] Register 'kernel_data_V_1_36' is power-on initialization.
WARNING: [RTGEN 206-101] Register 'kernel_data_V_1_37' is power-on initialization.
WARNING: [RTGEN 206-101] Register 'kernel_data_V_1_38' is power-on initialization.
WARNING: [RTGEN 206-101] Register 'kernel_data_V_1_39' is power-on initialization.
WARNING: [RTGEN 206-101] Register 'kernel_data_V_1_40' is power-on initialization.
WARNING: [RTGEN 206-101] Register 'kernel_data_V_1_41' is power-on initialization.
WARNING: [RTGEN 206-101] Register 'kernel_data_V_1_42' is power-on initialization.
WARNING: [RTGEN 206-101] Register 'kernel_data_V_1_43' is power-on initialization.
WARNING: [RTGEN 206-101] Register 'kernel_data_V_1_44' is power-on initialization.
WARNING: [RTGEN 206-101] Register 'kernel_data_V_1_45' is power-on initialization.
WARNING: [RTGEN 206-101] Register 'kernel_data_V_1_46' is power-on initialization.
WARNING: [RTGEN 206-101] Register 'kernel_data_V_1_47' is power-on initialization.
WARNING: [RTGEN 206-101] Register 'kernel_data_V_1_48' is power-on initialization.
WARNING: [RTGEN 206-101] Register 'kernel_data_V_1_49' is power-on initialization.
WARNING: [RTGEN 206-101] Register 'kernel_data_V_1_50' is power-on initialization.
WARNING: [RTGEN 206-101] Register 'kernel_data_V_1_51' is power-on initialization.
WARNING: [RTGEN 206-101] Register 'kernel_data_V_1_52' is power-on initialization.
WARNING: [RTGEN 206-101] Register 'kernel_data_V_1_53' is power-on initialization.
WARNING: [RTGEN 206-101] Register 'kernel_data_V_1_54' is power-on initialization.
WARNING: [RTGEN 206-101] Register 'kernel_data_V_1_55' is power-on initialization.
WARNING: [RTGEN 206-101] Register 'kernel_data_V_1_56' is power-on initialization.
WARNING: [RTGEN 206-101] Register 'kernel_data_V_1_57' is power-on initialization.
WARNING: [RTGEN 206-101] Register 'kernel_data_V_1_58' is power-on initialization.
WARNING: [RTGEN 206-101] Register 'kernel_data_V_1_59' is power-on initialization.
WARNING: [RTGEN 206-101] Register 'kernel_data_V_1_60' is power-on initialization.
WARNING: [RTGEN 206-101] Register 'kernel_data_V_1_61' is power-on initialization.
WARNING: [RTGEN 206-101] Register 'kernel_data_V_1_62' is power-on initialization.
WARNING: [RTGEN 206-101] Register 'kernel_data_V_1_63' is power-on initialization.
WARNING: [RTGEN 206-101] Register 'kernel_data_V_1_128' is power-on initialization.
WARNING: [RTGEN 206-101] Register 'kernel_data_V_1_129' is power-on initialization.
WARNING: [RTGEN 206-101] Register 'kernel_data_V_1_130' is power-on initialization.
WARNING: [RTGEN 206-101] Register 'kernel_data_V_1_131' is power-on initialization.
WARNING: [RTGEN 206-101] Register 'kernel_data_V_1_132' is power-on initialization.
WARNING: [RTGEN 206-101] Register 'kernel_data_V_1_133' is power-on initialization.
WARNING: [RTGEN 206-101] Register 'kernel_data_V_1_134' is power-on initialization.
WARNING: [RTGEN 206-101] Register 'kernel_data_V_1_135' is power-on initialization.
WARNING: [RTGEN 206-101] Register 'kernel_data_V_1_136' is power-on initialization.
WARNING: [RTGEN 206-101] Register 'kernel_data_V_1_137' is power-on initialization.
WARNING: [RTGEN 206-101] Register 'kernel_data_V_1_138' is power-on initialization.
WARNING: [RTGEN 206-101] Register 'kernel_data_V_1_139' is power-on initialization.
WARNING: [RTGEN 206-101] Register 'kernel_data_V_1_140' is power-on initialization.
WARNING: [RTGEN 206-101] Register 'kernel_data_V_1_141' is power-on initialization.
WARNING: [RTGEN 206-101] Register 'kernel_data_V_1_142' is power-on initialization.
WARNING: [RTGEN 206-101] Register 'kernel_data_V_1_143' is power-on initialization.
WARNING: [RTGEN 206-101] Register 'kernel_data_V_1_144' is power-on initialization.
WARNING: [RTGEN 206-101] Register 'kernel_data_V_1_145' is power-on initialization.
WARNING: [RTGEN 206-101] Register 'kernel_data_V_1_146' is power-on initialization.
WARNING: [RTGEN 206-101] Register 'kernel_data_V_1_147' is power-on initialization.
WARNING: [RTGEN 206-101] Register 'kernel_data_V_1_148' is power-on initialization.
WARNING: [RTGEN 206-101] Register 'kernel_data_V_1_149' is power-on initialization.
WARNING: [RTGEN 206-101] Register 'kernel_data_V_1_150' is power-on initialization.
WARNING: [RTGEN 206-101] Register 'kernel_data_V_1_151' is power-on initialization.
WARNING: [RTGEN 206-101] Register 'kernel_data_V_1_152' is power-on initialization.
WARNING: [RTGEN 206-101] Register 'kernel_data_V_1_153' is power-on initialization.
WARNING: [RTGEN 206-101] Register 'kernel_data_V_1_154' is power-on initialization.
WARNING: [RTGEN 206-101] Register 'kernel_data_V_1_155' is power-on initialization.
WARNING: [RTGEN 206-101] Register 'kernel_data_V_1_156' is power-on initialization.
WARNING: [RTGEN 206-101] Register 'kernel_data_V_1_157' is power-on initialization.
WARNING: [RTGEN 206-101] Register 'kernel_data_V_1_158' is power-on initialization.
WARNING: [RTGEN 206-101] Register 'kernel_data_V_1_159' is power-on initialization.
WARNING: [RTGEN 206-101] Register 'kernel_data_V_1_224' is power-on initialization.
WARNING: [RTGEN 206-101] Register 'kernel_data_V_1_225' is power-on initialization.
WARNING: [RTGEN 206-101] Register 'kernel_data_V_1_226' is power-on initialization.
WARNING: [RTGEN 206-101] Register 'kernel_data_V_1_227' is power-on initialization.
WARNING: [RTGEN 206-101] Register 'kernel_data_V_1_228' is power-on initialization.
WARNING: [RTGEN 206-101] Register 'kernel_data_V_1_229' is power-on initialization.
WARNING: [RTGEN 206-101] Register 'kernel_data_V_1_230' is power-on initialization.
WARNING: [RTGEN 206-101] Register 'kernel_data_V_1_231' is power-on initialization.
WARNING: [RTGEN 206-101] Register 'kernel_data_V_1_232' is power-on initialization.
WARNING: [RTGEN 206-101] Register 'kernel_data_V_1_233' is power-on initialization.
WARNING: [RTGEN 206-101] Register 'kernel_data_V_1_234' is power-on initialization.
WARNING: [RTGEN 206-101] Register 'kernel_data_V_1_235' is power-on initialization.
WARNING: [RTGEN 206-101] Register 'kernel_data_V_1_236' is power-on initialization.
WARNING: [RTGEN 206-101] Register 'kernel_data_V_1_237' is power-on initialization.
WARNING: [RTGEN 206-101] Register 'kernel_data_V_1_238' is power-on initialization.
WARNING: [RTGEN 206-101] Register 'kernel_data_V_1_239' is power-on initialization.
WARNING: [RTGEN 206-101] Register 'kernel_data_V_1_240' is power-on initialization.
WARNING: [RTGEN 206-101] Register 'kernel_data_V_1_241' is power-on initialization.
WARNING: [RTGEN 206-101] Register 'kernel_data_V_1_242' is power-on initialization.
WARNING: [RTGEN 206-101] Register 'kernel_data_V_1_243' is power-on initialization.
WARNING: [RTGEN 206-101] Register 'kernel_data_V_1_244' is power-on initialization.
WARNING: [RTGEN 206-101] Register 'kernel_data_V_1_245' is power-on initialization.
WARNING: [RTGEN 206-101] Register 'kernel_data_V_1_246' is power-on initialization.
WARNING: [RTGEN 206-101] Register 'kernel_data_V_1_247' is power-on initialization.
WARNING: [RTGEN 206-101] Register 'kernel_data_V_1_248' is power-on initialization.
WARNING: [RTGEN 206-101] Register 'kernel_data_V_1_249' is power-on initialization.
WARNING: [RTGEN 206-101] Register 'kernel_data_V_1_250' is power-on initialization.
WARNING: [RTGEN 206-101] Register 'kernel_data_V_1_251' is power-on initialization.
WARNING: [RTGEN 206-101] Register 'kernel_data_V_1_252' is power-on initialization.
WARNING: [RTGEN 206-101] Register 'kernel_data_V_1_253' is power-on initialization.
WARNING: [RTGEN 206-101] Register 'kernel_data_V_1_254' is power-on initialization.
WARNING: [RTGEN 206-101] Register 'kernel_data_V_1_255' is power-on initialization.
WARNING: [RTGEN 206-101] Register 'sX_1' is power-on initialization.
WARNING: [RTGEN 206-101] Register 'sY_1' is power-on initialization.
WARNING: [RTGEN 206-101] Register 'pY_1' is power-on initialization.
WARNING: [RTGEN 206-101] Register 'pX_1' is power-on initialization.
WARNING: [RTGEN 206-101] Register 'kernel_data_V_1_0' is power-on initialization.
WARNING: [RTGEN 206-101] Register 'kernel_data_V_1_1' is power-on initialization.
WARNING: [RTGEN 206-101] Register 'kernel_data_V_1_2' is power-on initialization.
WARNING: [RTGEN 206-101] Register 'kernel_data_V_1_3' is power-on initialization.
WARNING: [RTGEN 206-101] Register 'kernel_data_V_1_4' is power-on initialization.
WARNING: [RTGEN 206-101] Register 'kernel_data_V_1_5' is power-on initialization.
WARNING: [RTGEN 206-101] Register 'kernel_data_V_1_6' is power-on initialization.
WARNING: [RTGEN 206-101] Register 'kernel_data_V_1_7' is power-on initialization.
WARNING: [RTGEN 206-101] Register 'kernel_data_V_1_8' is power-on initialization.
WARNING: [RTGEN 206-101] Register 'kernel_data_V_1_9' is power-on initialization.
WARNING: [RTGEN 206-101] Register 'kernel_data_V_1_10' is power-on initialization.
WARNING: [RTGEN 206-101] Register 'kernel_data_V_1_11' is power-on initialization.
WARNING: [RTGEN 206-101] Register 'kernel_data_V_1_12' is power-on initialization.
WARNING: [RTGEN 206-101] Register 'kernel_data_V_1_13' is power-on initialization.
WARNING: [RTGEN 206-101] Register 'kernel_data_V_1_14' is power-on initialization.
WARNING: [RTGEN 206-101] Register 'kernel_data_V_1_15' is power-on initialization.
WARNING: [RTGEN 206-101] Register 'kernel_data_V_1_16' is power-on initialization.
WARNING: [RTGEN 206-101] Register 'kernel_data_V_1_17' is power-on initialization.
WARNING: [RTGEN 206-101] Register 'kernel_data_V_1_18' is power-on initialization.
WARNING: [RTGEN 206-101] Register 'kernel_data_V_1_19' is power-on initialization.
WARNING: [RTGEN 206-101] Register 'kernel_data_V_1_20' is power-on initialization.
WARNING: [RTGEN 206-101] Register 'kernel_data_V_1_21' is power-on initialization.
WARNING: [RTGEN 206-101] Register 'kernel_data_V_1_22' is power-on initialization.
WARNING: [RTGEN 206-101] Register 'kernel_data_V_1_23' is power-on initialization.
WARNING: [RTGEN 206-101] Register 'kernel_data_V_1_24' is power-on initialization.
WARNING: [RTGEN 206-101] Register 'kernel_data_V_1_25' is power-on initialization.
WARNING: [RTGEN 206-101] Register 'kernel_data_V_1_26' is power-on initialization.
WARNING: [RTGEN 206-101] Register 'kernel_data_V_1_27' is power-on initialization.
WARNING: [RTGEN 206-101] Register 'kernel_data_V_1_28' is power-on initialization.
WARNING: [RTGEN 206-101] Register 'kernel_data_V_1_29' is power-on initialization.
WARNING: [RTGEN 206-101] Register 'kernel_data_V_1_30' is power-on initialization.
WARNING: [RTGEN 206-101] Register 'kernel_data_V_1_31' is power-on initialization.
WARNING: [RTGEN 206-101] Register 'kernel_data_V_1_96' is power-on initialization.
WARNING: [RTGEN 206-101] Register 'kernel_data_V_1_97' is power-on initialization.
WARNING: [RTGEN 206-101] Register 'kernel_data_V_1_98' is power-on initialization.
WARNING: [RTGEN 206-101] Register 'kernel_data_V_1_99' is power-on initialization.
WARNING: [RTGEN 206-101] Register 'kernel_data_V_1_100' is power-on initialization.
WARNING: [RTGEN 206-101] Register 'kernel_data_V_1_101' is power-on initialization.
WARNING: [RTGEN 206-101] Register 'kernel_data_V_1_102' is power-on initialization.
WARNING: [RTGEN 206-101] Register 'kernel_data_V_1_103' is power-on initialization.
WARNING: [RTGEN 206-101] Register 'kernel_data_V_1_104' is power-on initialization.
WARNING: [RTGEN 206-101] Register 'kernel_data_V_1_105' is power-on initialization.
WARNING: [RTGEN 206-101] Register 'kernel_data_V_1_106' is power-on initialization.
WARNING: [RTGEN 206-101] Register 'kernel_data_V_1_107' is power-on initialization.
WARNING: [RTGEN 206-101] Register 'kernel_data_V_1_108' is power-on initialization.
WARNING: [RTGEN 206-101] Register 'kernel_data_V_1_109' is power-on initialization.
WARNING: [RTGEN 206-101] Register 'kernel_data_V_1_110' is power-on initialization.
WARNING: [RTGEN 206-101] Register 'kernel_data_V_1_111' is power-on initialization.
WARNING: [RTGEN 206-101] Register 'kernel_data_V_1_112' is power-on initialization.
WARNING: [RTGEN 206-101] Register 'kernel_data_V_1_113' is power-on initialization.
WARNING: [RTGEN 206-101] Register 'kernel_data_V_1_114' is power-on initialization.
WARNING: [RTGEN 206-101] Register 'kernel_data_V_1_115' is power-on initialization.
WARNING: [RTGEN 206-101] Register 'kernel_data_V_1_116' is power-on initialization.
WARNING: [RTGEN 206-101] Register 'kernel_data_V_1_117' is power-on initialization.
WARNING: [RTGEN 206-101] Register 'kernel_data_V_1_118' is power-on initialization.
WARNING: [RTGEN 206-101] Register 'kernel_data_V_1_119' is power-on initialization.
WARNING: [RTGEN 206-101] Register 'kernel_data_V_1_120' is power-on initialization.
WARNING: [RTGEN 206-101] Register 'kernel_data_V_1_121' is power-on initialization.
WARNING: [RTGEN 206-101] Register 'kernel_data_V_1_122' is power-on initialization.
WARNING: [RTGEN 206-101] Register 'kernel_data_V_1_123' is power-on initialization.
WARNING: [RTGEN 206-101] Register 'kernel_data_V_1_124' is power-on initialization.
WARNING: [RTGEN 206-101] Register 'kernel_data_V_1_125' is power-on initialization.
WARNING: [RTGEN 206-101] Register 'kernel_data_V_1_126' is power-on initialization.
WARNING: [RTGEN 206-101] Register 'kernel_data_V_1_127' is power-on initialization.
WARNING: [RTGEN 206-101] Register 'kernel_data_V_1_192' is power-on initialization.
WARNING: [RTGEN 206-101] Register 'kernel_data_V_1_193' is power-on initialization.
WARNING: [RTGEN 206-101] Register 'kernel_data_V_1_194' is power-on initialization.
WARNING: [RTGEN 206-101] Register 'kernel_data_V_1_195' is power-on initialization.
WARNING: [RTGEN 206-101] Register 'kernel_data_V_1_196' is power-on initialization.
WARNING: [RTGEN 206-101] Register 'kernel_data_V_1_197' is power-on initialization.
WARNING: [RTGEN 206-101] Register 'kernel_data_V_1_198' is power-on initialization.
WARNING: [RTGEN 206-101] Register 'kernel_data_V_1_199' is power-on initialization.
WARNING: [RTGEN 206-101] Register 'kernel_data_V_1_200' is power-on initialization.
WARNING: [RTGEN 206-101] Register 'kernel_data_V_1_201' is power-on initialization.
WARNING: [RTGEN 206-101] Register 'kernel_data_V_1_202' is power-on initialization.
WARNING: [RTGEN 206-101] Register 'kernel_data_V_1_203' is power-on initialization.
WARNING: [RTGEN 206-101] Register 'kernel_data_V_1_204' is power-on initialization.
WARNING: [RTGEN 206-101] Register 'kernel_data_V_1_205' is power-on initialization.
WARNING: [RTGEN 206-101] Register 'kernel_data_V_1_206' is power-on initialization.
WARNING: [RTGEN 206-101] Register 'kernel_data_V_1_207' is power-on initialization.
WARNING: [RTGEN 206-101] Register 'kernel_data_V_1_208' is power-on initialization.
WARNING: [RTGEN 206-101] Register 'kernel_data_V_1_209' is power-on initialization.
WARNING: [RTGEN 206-101] Register 'kernel_data_V_1_210' is power-on initialization.
WARNING: [RTGEN 206-101] Register 'kernel_data_V_1_211' is power-on initialization.
WARNING: [RTGEN 206-101] Register 'kernel_data_V_1_212' is power-on initialization.
WARNING: [RTGEN 206-101] Register 'kernel_data_V_1_213' is power-on initialization.
WARNING: [RTGEN 206-101] Register 'kernel_data_V_1_214' is power-on initialization.
WARNING: [RTGEN 206-101] Register 'kernel_data_V_1_215' is power-on initialization.
WARNING: [RTGEN 206-101] Register 'kernel_data_V_1_216' is power-on initialization.
WARNING: [RTGEN 206-101] Register 'kernel_data_V_1_217' is power-on initialization.
WARNING: [RTGEN 206-101] Register 'kernel_data_V_1_218' is power-on initialization.
WARNING: [RTGEN 206-101] Register 'kernel_data_V_1_219' is power-on initialization.
WARNING: [RTGEN 206-101] Register 'kernel_data_V_1_220' is power-on initialization.
WARNING: [RTGEN 206-101] Register 'kernel_data_V_1_221' is power-on initialization.
WARNING: [RTGEN 206-101] Register 'kernel_data_V_1_222' is power-on initialization.
WARNING: [RTGEN 206-101] Register 'kernel_data_V_1_223' is power-on initialization.
INFO: [SYN 201-210] Renamed object name 'conv_2d_cl_array_ap_fixed_32u_array_ap_fixed_14_8_5_3_0_32u_config8_s_line_buffer_Array_V_1_0_0' to 'conv_2d_cl_array_ap_fixed_32u_array_ap_fixed_14_8_5_3_0_32u_config8_s_line_bubjl' due to the length limit 80
INFO: [SYN 201-210] Renamed object name 'conv_2d_cl_array_ap_fixed_32u_array_ap_fixed_14_8_5_3_0_32u_config8_s_line_buffer_Array_V_1_0_1' to 'conv_2d_cl_array_ap_fixed_32u_array_ap_fixed_14_8_5_3_0_32u_config8_s_line_bubkl' due to the length limit 80
INFO: [SYN 201-210] Renamed object name 'conv_2d_cl_array_ap_fixed_32u_array_ap_fixed_14_8_5_3_0_32u_config8_s_line_buffer_Array_V_1_0_2' to 'conv_2d_cl_array_ap_fixed_32u_array_ap_fixed_14_8_5_3_0_32u_config8_s_line_bubll' due to the length limit 80
INFO: [SYN 201-210] Renamed object name 'conv_2d_cl_array_ap_fixed_32u_array_ap_fixed_14_8_5_3_0_32u_config8_s_line_buffer_Array_V_1_0_3' to 'conv_2d_cl_array_ap_fixed_32u_array_ap_fixed_14_8_5_3_0_32u_config8_s_line_bubml' due to the length limit 80
INFO: [SYN 201-210] Renamed object name 'conv_2d_cl_array_ap_fixed_32u_array_ap_fixed_14_8_5_3_0_32u_config8_s_line_buffer_Array_V_1_0_4' to 'conv_2d_cl_array_ap_fixed_32u_array_ap_fixed_14_8_5_3_0_32u_config8_s_line_bubnm' due to the length limit 80
INFO: [SYN 201-210] Renamed object name 'conv_2d_cl_array_ap_fixed_32u_array_ap_fixed_14_8_5_3_0_32u_config8_s_line_buffer_Array_V_1_0_5' to 'conv_2d_cl_array_ap_fixed_32u_array_ap_fixed_14_8_5_3_0_32u_config8_s_line_bubom' due to the length limit 80
INFO: [SYN 201-210] Renamed object name 'conv_2d_cl_array_ap_fixed_32u_array_ap_fixed_14_8_5_3_0_32u_config8_s_line_buffer_Array_V_1_0_6' to 'conv_2d_cl_array_ap_fixed_32u_array_ap_fixed_14_8_5_3_0_32u_config8_s_line_bubpm' due to the length limit 80
INFO: [SYN 201-210] Renamed object name 'conv_2d_cl_array_ap_fixed_32u_array_ap_fixed_14_8_5_3_0_32u_config8_s_line_buffer_Array_V_1_0_7' to 'conv_2d_cl_array_ap_fixed_32u_array_ap_fixed_14_8_5_3_0_32u_config8_s_line_bubqm' due to the length limit 80
INFO: [SYN 201-210] Renamed object name 'conv_2d_cl_array_ap_fixed_32u_array_ap_fixed_14_8_5_3_0_32u_config8_s_line_buffer_Array_V_1_0_8' to 'conv_2d_cl_array_ap_fixed_32u_array_ap_fixed_14_8_5_3_0_32u_config8_s_line_bubrm' due to the length limit 80
INFO: [SYN 201-210] Renamed object name 'conv_2d_cl_array_ap_fixed_32u_array_ap_fixed_14_8_5_3_0_32u_config8_s_line_buffer_Array_V_1_0_9' to 'conv_2d_cl_array_ap_fixed_32u_array_ap_fixed_14_8_5_3_0_32u_config8_s_line_bubsm' due to the length limit 80
INFO: [SYN 201-210] Renamed object name 'conv_2d_cl_array_ap_fixed_32u_array_ap_fixed_14_8_5_3_0_32u_config8_s_line_buffer_Array_V_1_0_10' to 'conv_2d_cl_array_ap_fixed_32u_array_ap_fixed_14_8_5_3_0_32u_config8_s_line_bubtn' due to the length limit 80
INFO: [SYN 201-210] Renamed object name 'conv_2d_cl_array_ap_fixed_32u_array_ap_fixed_14_8_5_3_0_32u_config8_s_line_buffer_Array_V_1_0_11' to 'conv_2d_cl_array_ap_fixed_32u_array_ap_fixed_14_8_5_3_0_32u_config8_s_line_bubun' due to the length limit 80
INFO: [SYN 201-210] Renamed object name 'conv_2d_cl_array_ap_fixed_32u_array_ap_fixed_14_8_5_3_0_32u_config8_s_line_buffer_Array_V_1_0_12' to 'conv_2d_cl_array_ap_fixed_32u_array_ap_fixed_14_8_5_3_0_32u_config8_s_line_bubvn' due to the length limit 80
INFO: [SYN 201-210] Renamed object name 'conv_2d_cl_array_ap_fixed_32u_array_ap_fixed_14_8_5_3_0_32u_config8_s_line_buffer_Array_V_1_0_13' to 'conv_2d_cl_array_ap_fixed_32u_array_ap_fixed_14_8_5_3_0_32u_config8_s_line_bubwn' due to the length limit 80
INFO: [SYN 201-210] Renamed object name 'conv_2d_cl_array_ap_fixed_32u_array_ap_fixed_14_8_5_3_0_32u_config8_s_line_buffer_Array_V_1_0_14' to 'conv_2d_cl_array_ap_fixed_32u_array_ap_fixed_14_8_5_3_0_32u_config8_s_line_bubxn' due to the length limit 80
INFO: [SYN 201-210] Renamed object name 'conv_2d_cl_array_ap_fixed_32u_array_ap_fixed_14_8_5_3_0_32u_config8_s_line_buffer_Array_V_1_0_15' to 'conv_2d_cl_array_ap_fixed_32u_array_ap_fixed_14_8_5_3_0_32u_config8_s_line_bubyn' due to the length limit 80
INFO: [SYN 201-210] Renamed object name 'conv_2d_cl_array_ap_fixed_32u_array_ap_fixed_14_8_5_3_0_32u_config8_s_line_buffer_Array_V_1_0_16' to 'conv_2d_cl_array_ap_fixed_32u_array_ap_fixed_14_8_5_3_0_32u_config8_s_line_bubzo' due to the length limit 80
INFO: [SYN 201-210] Renamed object name 'conv_2d_cl_array_ap_fixed_32u_array_ap_fixed_14_8_5_3_0_32u_config8_s_line_buffer_Array_V_1_0_17' to 'conv_2d_cl_array_ap_fixed_32u_array_ap_fixed_14_8_5_3_0_32u_config8_s_line_bubAo' due to the length limit 80
INFO: [SYN 201-210] Renamed object name 'conv_2d_cl_array_ap_fixed_32u_array_ap_fixed_14_8_5_3_0_32u_config8_s_line_buffer_Array_V_1_0_18' to 'conv_2d_cl_array_ap_fixed_32u_array_ap_fixed_14_8_5_3_0_32u_config8_s_line_bubBo' due to the length limit 80
INFO: [SYN 201-210] Renamed object name 'conv_2d_cl_array_ap_fixed_32u_array_ap_fixed_14_8_5_3_0_32u_config8_s_line_buffer_Array_V_1_0_19' to 'conv_2d_cl_array_ap_fixed_32u_array_ap_fixed_14_8_5_3_0_32u_config8_s_line_bubCo' due to the length limit 80
INFO: [SYN 201-210] Renamed object name 'conv_2d_cl_array_ap_fixed_32u_array_ap_fixed_14_8_5_3_0_32u_config8_s_line_buffer_Array_V_1_0_20' to 'conv_2d_cl_array_ap_fixed_32u_array_ap_fixed_14_8_5_3_0_32u_config8_s_line_bubDo' due to the length limit 80
INFO: [SYN 201-210] Renamed object name 'conv_2d_cl_array_ap_fixed_32u_array_ap_fixed_14_8_5_3_0_32u_config8_s_line_buffer_Array_V_1_0_21' to 'conv_2d_cl_array_ap_fixed_32u_array_ap_fixed_14_8_5_3_0_32u_config8_s_line_bubEo' due to the length limit 80
INFO: [SYN 201-210] Renamed object name 'conv_2d_cl_array_ap_fixed_32u_array_ap_fixed_14_8_5_3_0_32u_config8_s_line_buffer_Array_V_1_0_22' to 'conv_2d_cl_array_ap_fixed_32u_array_ap_fixed_14_8_5_3_0_32u_config8_s_line_bubFp' due to the length limit 80
INFO: [SYN 201-210] Renamed object name 'conv_2d_cl_array_ap_fixed_32u_array_ap_fixed_14_8_5_3_0_32u_config8_s_line_buffer_Array_V_1_0_23' to 'conv_2d_cl_array_ap_fixed_32u_array_ap_fixed_14_8_5_3_0_32u_config8_s_line_bubGp' due to the length limit 80
INFO: [SYN 201-210] Renamed object name 'conv_2d_cl_array_ap_fixed_32u_array_ap_fixed_14_8_5_3_0_32u_config8_s_line_buffer_Array_V_1_0_24' to 'conv_2d_cl_array_ap_fixed_32u_array_ap_fixed_14_8_5_3_0_32u_config8_s_line_bubHp' due to the length limit 80
INFO: [SYN 201-210] Renamed object name 'conv_2d_cl_array_ap_fixed_32u_array_ap_fixed_14_8_5_3_0_32u_config8_s_line_buffer_Array_V_1_0_25' to 'conv_2d_cl_array_ap_fixed_32u_array_ap_fixed_14_8_5_3_0_32u_config8_s_line_bubIp' due to the length limit 80
INFO: [SYN 201-210] Renamed object name 'conv_2d_cl_array_ap_fixed_32u_array_ap_fixed_14_8_5_3_0_32u_config8_s_line_buffer_Array_V_1_0_26' to 'conv_2d_cl_array_ap_fixed_32u_array_ap_fixed_14_8_5_3_0_32u_config8_s_line_bubJp' due to the length limit 80
INFO: [SYN 201-210] Renamed object name 'conv_2d_cl_array_ap_fixed_32u_array_ap_fixed_14_8_5_3_0_32u_config8_s_line_buffer_Array_V_1_0_27' to 'conv_2d_cl_array_ap_fixed_32u_array_ap_fixed_14_8_5_3_0_32u_config8_s_line_bubKp' due to the length limit 80
INFO: [SYN 201-210] Renamed object name 'conv_2d_cl_array_ap_fixed_32u_array_ap_fixed_14_8_5_3_0_32u_config8_s_line_buffer_Array_V_1_0_28' to 'conv_2d_cl_array_ap_fixed_32u_array_ap_fixed_14_8_5_3_0_32u_config8_s_line_bubLp' due to the length limit 80
INFO: [SYN 201-210] Renamed object name 'conv_2d_cl_array_ap_fixed_32u_array_ap_fixed_14_8_5_3_0_32u_config8_s_line_buffer_Array_V_1_0_29' to 'conv_2d_cl_array_ap_fixed_32u_array_ap_fixed_14_8_5_3_0_32u_config8_s_line_bubMq' due to the length limit 80
INFO: [SYN 201-210] Renamed object name 'conv_2d_cl_array_ap_fixed_32u_array_ap_fixed_14_8_5_3_0_32u_config8_s_line_buffer_Array_V_1_0_30' to 'conv_2d_cl_array_ap_fixed_32u_array_ap_fixed_14_8_5_3_0_32u_config8_s_line_bubNq' due to the length limit 80
INFO: [SYN 201-210] Renamed object name 'conv_2d_cl_array_ap_fixed_32u_array_ap_fixed_14_8_5_3_0_32u_config8_s_line_buffer_Array_V_1_0_31' to 'conv_2d_cl_array_ap_fixed_32u_array_ap_fixed_14_8_5_3_0_32u_config8_s_line_bubOq' due to the length limit 80
INFO: [SYN 201-210] Renamed object name 'conv_2d_cl_array_ap_fixed_32u_array_ap_fixed_14_8_5_3_0_32u_config8_s_line_buffer_Array_V_1_1_0' to 'conv_2d_cl_array_ap_fixed_32u_array_ap_fixed_14_8_5_3_0_32u_config8_s_line_bubPq' due to the length limit 80
INFO: [SYN 201-210] Renamed object name 'conv_2d_cl_array_ap_fixed_32u_array_ap_fixed_14_8_5_3_0_32u_config8_s_line_buffer_Array_V_1_1_1' to 'conv_2d_cl_array_ap_fixed_32u_array_ap_fixed_14_8_5_3_0_32u_config8_s_line_bubQq' due to the length limit 80
INFO: [SYN 201-210] Renamed object name 'conv_2d_cl_array_ap_fixed_32u_array_ap_fixed_14_8_5_3_0_32u_config8_s_line_buffer_Array_V_1_1_2' to 'conv_2d_cl_array_ap_fixed_32u_array_ap_fixed_14_8_5_3_0_32u_config8_s_line_bubRq' due to the length limit 80
INFO: [SYN 201-210] Renamed object name 'conv_2d_cl_array_ap_fixed_32u_array_ap_fixed_14_8_5_3_0_32u_config8_s_line_buffer_Array_V_1_1_3' to 'conv_2d_cl_array_ap_fixed_32u_array_ap_fixed_14_8_5_3_0_32u_config8_s_line_bubSr' due to the length limit 80
INFO: [SYN 201-210] Renamed object name 'conv_2d_cl_array_ap_fixed_32u_array_ap_fixed_14_8_5_3_0_32u_config8_s_line_buffer_Array_V_1_1_4' to 'conv_2d_cl_array_ap_fixed_32u_array_ap_fixed_14_8_5_3_0_32u_config8_s_line_bubTr' due to the length limit 80
INFO: [SYN 201-210] Renamed object name 'conv_2d_cl_array_ap_fixed_32u_array_ap_fixed_14_8_5_3_0_32u_config8_s_line_buffer_Array_V_1_1_5' to 'conv_2d_cl_array_ap_fixed_32u_array_ap_fixed_14_8_5_3_0_32u_config8_s_line_bubUr' due to the length limit 80
INFO: [SYN 201-210] Renamed object name 'conv_2d_cl_array_ap_fixed_32u_array_ap_fixed_14_8_5_3_0_32u_config8_s_line_buffer_Array_V_1_1_6' to 'conv_2d_cl_array_ap_fixed_32u_array_ap_fixed_14_8_5_3_0_32u_config8_s_line_bubVr' due to the length limit 80
INFO: [SYN 201-210] Renamed object name 'conv_2d_cl_array_ap_fixed_32u_array_ap_fixed_14_8_5_3_0_32u_config8_s_line_buffer_Array_V_1_1_7' to 'conv_2d_cl_array_ap_fixed_32u_array_ap_fixed_14_8_5_3_0_32u_config8_s_line_bubWr' due to the length limit 80
INFO: [SYN 201-210] Renamed object name 'conv_2d_cl_array_ap_fixed_32u_array_ap_fixed_14_8_5_3_0_32u_config8_s_line_buffer_Array_V_1_1_8' to 'conv_2d_cl_array_ap_fixed_32u_array_ap_fixed_14_8_5_3_0_32u_config8_s_line_bubXr' due to the length limit 80
INFO: [SYN 201-210] Renamed object name 'conv_2d_cl_array_ap_fixed_32u_array_ap_fixed_14_8_5_3_0_32u_config8_s_line_buffer_Array_V_1_1_9' to 'conv_2d_cl_array_ap_fixed_32u_array_ap_fixed_14_8_5_3_0_32u_config8_s_line_bubYs' due to the length limit 80
INFO: [SYN 201-210] Renamed object name 'conv_2d_cl_array_ap_fixed_32u_array_ap_fixed_14_8_5_3_0_32u_config8_s_line_buffer_Array_V_1_1_10' to 'conv_2d_cl_array_ap_fixed_32u_array_ap_fixed_14_8_5_3_0_32u_config8_s_line_bubZs' due to the length limit 80
INFO: [SYN 201-210] Renamed object name 'conv_2d_cl_array_ap_fixed_32u_array_ap_fixed_14_8_5_3_0_32u_config8_s_line_buffer_Array_V_1_1_11' to 'conv_2d_cl_array_ap_fixed_32u_array_ap_fixed_14_8_5_3_0_32u_config8_s_line_bub0s' due to the length limit 80
INFO: [SYN 201-210] Renamed object name 'conv_2d_cl_array_ap_fixed_32u_array_ap_fixed_14_8_5_3_0_32u_config8_s_line_buffer_Array_V_1_1_12' to 'conv_2d_cl_array_ap_fixed_32u_array_ap_fixed_14_8_5_3_0_32u_config8_s_line_bub1s' due to the length limit 80
INFO: [SYN 201-210] Renamed object name 'conv_2d_cl_array_ap_fixed_32u_array_ap_fixed_14_8_5_3_0_32u_config8_s_line_buffer_Array_V_1_1_13' to 'conv_2d_cl_array_ap_fixed_32u_array_ap_fixed_14_8_5_3_0_32u_config8_s_line_bub2s' due to the length limit 80
INFO: [SYN 201-210] Renamed object name 'conv_2d_cl_array_ap_fixed_32u_array_ap_fixed_14_8_5_3_0_32u_config8_s_line_buffer_Array_V_1_1_14' to 'conv_2d_cl_array_ap_fixed_32u_array_ap_fixed_14_8_5_3_0_32u_config8_s_line_bub3s' due to the length limit 80
INFO: [SYN 201-210] Renamed object name 'conv_2d_cl_array_ap_fixed_32u_array_ap_fixed_14_8_5_3_0_32u_config8_s_line_buffer_Array_V_1_1_15' to 'conv_2d_cl_array_ap_fixed_32u_array_ap_fixed_14_8_5_3_0_32u_config8_s_line_bub4t' due to the length limit 80
INFO: [SYN 201-210] Renamed object name 'conv_2d_cl_array_ap_fixed_32u_array_ap_fixed_14_8_5_3_0_32u_config8_s_line_buffer_Array_V_1_1_16' to 'conv_2d_cl_array_ap_fixed_32u_array_ap_fixed_14_8_5_3_0_32u_config8_s_line_bub5t' due to the length limit 80
INFO: [SYN 201-210] Renamed object name 'conv_2d_cl_array_ap_fixed_32u_array_ap_fixed_14_8_5_3_0_32u_config8_s_line_buffer_Array_V_1_1_17' to 'conv_2d_cl_array_ap_fixed_32u_array_ap_fixed_14_8_5_3_0_32u_config8_s_line_bub6t' due to the length limit 80
INFO: [SYN 201-210] Renamed object name 'conv_2d_cl_array_ap_fixed_32u_array_ap_fixed_14_8_5_3_0_32u_config8_s_line_buffer_Array_V_1_1_18' to 'conv_2d_cl_array_ap_fixed_32u_array_ap_fixed_14_8_5_3_0_32u_config8_s_line_bub7t' due to the length limit 80
INFO: [SYN 201-210] Renamed object name 'conv_2d_cl_array_ap_fixed_32u_array_ap_fixed_14_8_5_3_0_32u_config8_s_line_buffer_Array_V_1_1_19' to 'conv_2d_cl_array_ap_fixed_32u_array_ap_fixed_14_8_5_3_0_32u_config8_s_line_bub8t' due to the length limit 80
INFO: [SYN 201-210] Renamed object name 'conv_2d_cl_array_ap_fixed_32u_array_ap_fixed_14_8_5_3_0_32u_config8_s_line_buffer_Array_V_1_1_20' to 'conv_2d_cl_array_ap_fixed_32u_array_ap_fixed_14_8_5_3_0_32u_config8_s_line_bub9t' due to the length limit 80
INFO: [SYN 201-210] Renamed object name 'conv_2d_cl_array_ap_fixed_32u_array_ap_fixed_14_8_5_3_0_32u_config8_s_line_buffer_Array_V_1_1_21' to 'conv_2d_cl_array_ap_fixed_32u_array_ap_fixed_14_8_5_3_0_32u_config8_s_line_bucau' due to the length limit 80
INFO: [SYN 201-210] Renamed object name 'conv_2d_cl_array_ap_fixed_32u_array_ap_fixed_14_8_5_3_0_32u_config8_s_line_buffer_Array_V_1_1_22' to 'conv_2d_cl_array_ap_fixed_32u_array_ap_fixed_14_8_5_3_0_32u_config8_s_line_bucbu' due to the length limit 80
INFO: [SYN 201-210] Renamed object name 'conv_2d_cl_array_ap_fixed_32u_array_ap_fixed_14_8_5_3_0_32u_config8_s_line_buffer_Array_V_1_1_23' to 'conv_2d_cl_array_ap_fixed_32u_array_ap_fixed_14_8_5_3_0_32u_config8_s_line_buccu' due to the length limit 80
INFO: [SYN 201-210] Renamed object name 'conv_2d_cl_array_ap_fixed_32u_array_ap_fixed_14_8_5_3_0_32u_config8_s_line_buffer_Array_V_1_1_24' to 'conv_2d_cl_array_ap_fixed_32u_array_ap_fixed_14_8_5_3_0_32u_config8_s_line_bucdu' due to the length limit 80
INFO: [SYN 201-210] Renamed object name 'conv_2d_cl_array_ap_fixed_32u_array_ap_fixed_14_8_5_3_0_32u_config8_s_line_buffer_Array_V_1_1_25' to 'conv_2d_cl_array_ap_fixed_32u_array_ap_fixed_14_8_5_3_0_32u_config8_s_line_buceu' due to the length limit 80
INFO: [SYN 201-210] Renamed object name 'conv_2d_cl_array_ap_fixed_32u_array_ap_fixed_14_8_5_3_0_32u_config8_s_line_buffer_Array_V_1_1_26' to 'conv_2d_cl_array_ap_fixed_32u_array_ap_fixed_14_8_5_3_0_32u_config8_s_line_bucfu' due to the length limit 80
INFO: [SYN 201-210] Renamed object name 'conv_2d_cl_array_ap_fixed_32u_array_ap_fixed_14_8_5_3_0_32u_config8_s_line_buffer_Array_V_1_1_27' to 'conv_2d_cl_array_ap_fixed_32u_array_ap_fixed_14_8_5_3_0_32u_config8_s_line_bucgu' due to the length limit 80
INFO: [SYN 201-210] Renamed object name 'conv_2d_cl_array_ap_fixed_32u_array_ap_fixed_14_8_5_3_0_32u_config8_s_line_buffer_Array_V_1_1_28' to 'conv_2d_cl_array_ap_fixed_32u_array_ap_fixed_14_8_5_3_0_32u_config8_s_line_buchv' due to the length limit 80
INFO: [SYN 201-210] Renamed object name 'conv_2d_cl_array_ap_fixed_32u_array_ap_fixed_14_8_5_3_0_32u_config8_s_line_buffer_Array_V_1_1_29' to 'conv_2d_cl_array_ap_fixed_32u_array_ap_fixed_14_8_5_3_0_32u_config8_s_line_buciv' due to the length limit 80
INFO: [SYN 201-210] Renamed object name 'conv_2d_cl_array_ap_fixed_32u_array_ap_fixed_14_8_5_3_0_32u_config8_s_line_buffer_Array_V_1_1_30' to 'conv_2d_cl_array_ap_fixed_32u_array_ap_fixed_14_8_5_3_0_32u_config8_s_line_bucjv' due to the length limit 80
INFO: [SYN 201-210] Renamed object name 'conv_2d_cl_array_ap_fixed_32u_array_ap_fixed_14_8_5_3_0_32u_config8_s_line_buffer_Array_V_1_1_31' to 'conv_2d_cl_array_ap_fixed_32u_array_ap_fixed_14_8_5_3_0_32u_config8_s_line_buckv' due to the length limit 80
INFO: [RTGEN 206-100] Generating core module 'myproject_axi_mux_2889_8_1_1': 1 instance(s).
INFO: [RTGEN 206-100] Generating core module 'myproject_axi_mux_325_14_1_1': 1 instance(s).
INFO: [RTGEN 206-100] Generating core module 'myproject_axi_mux_325_8_1_1': 4 instance(s).
INFO: [RTGEN 206-100] Finished creating RTL model for 'conv_2d_cl_array_ap_fixed_32u_array_ap_fixed_14_8_5_3_0_32u_config8_s'.
INFO: [HLS 200-111]  Elapsed time: 4.41 seconds; current allocated memory: 926.467 MB.
INFO: [HLS 200-10] ----------------------------------------------------------------
INFO: [HLS 200-10] -- Generating RTL for module 'relu_array_ap_fixed_32u_array_ap_fixed_8_4_0_0_0_32u_relu_config10_s' 
INFO: [HLS 200-10] ----------------------------------------------------------------
INFO: [RTGEN 206-100] Finished creating RTL model for 'relu_array_ap_fixed_32u_array_ap_fixed_8_4_0_0_0_32u_relu_config10_s'.
INFO: [HLS 200-111]  Elapsed time: 8.37 seconds; current allocated memory: 970.596 MB.
INFO: [HLS 200-10] ----------------------------------------------------------------
INFO: [HLS 200-10] -- Generating RTL for module 'dense_wrapper_ap_fixed_8_4_0_0_0_ap_fixed_14_8_5_3_0_config12_s' 
INFO: [HLS 200-10] ----------------------------------------------------------------
INFO: [RTGEN 206-100] Generating core module 'myproject_axi_mux_104_14_1_1': 1 instance(s).
INFO: [RTGEN 206-100] Generating core module 'myproject_axi_mux_204811_8_1_1': 1 instance(s).
INFO: [RTGEN 206-100] Finished creating RTL model for 'dense_wrapper_ap_fixed_8_4_0_0_0_ap_fixed_14_8_5_3_0_config12_s'.
INFO: [HLS 200-111]  Elapsed time: 4.91 seconds; current allocated memory: 1000.654 MB.
INFO: [HLS 200-10] ----------------------------------------------------------------
INFO: [HLS 200-10] -- Generating RTL for module 'dense_array_ap_fixed_32u_array_ap_fixed_14_8_5_3_0_10u_config12_s' 
INFO: [HLS 200-10] ----------------------------------------------------------------
INFO: [RTGEN 206-100] Finished creating RTL model for 'dense_array_ap_fixed_32u_array_ap_fixed_14_8_5_3_0_10u_config12_s'.
INFO: [HLS 200-111]  Elapsed time: 16.5 seconds; current allocated memory: 1.043 GB.
INFO: [HLS 200-10] ----------------------------------------------------------------
INFO: [HLS 200-10] -- Generating RTL for module 'linear_array_array_ap_fixed_14_6_5_3_0_10u_linear_config13_s' 
INFO: [HLS 200-10] ----------------------------------------------------------------
INFO: [RTGEN 206-100] Finished creating RTL model for 'linear_array_array_ap_fixed_14_6_5_3_0_10u_linear_config13_s'.
INFO: [HLS 200-111]  Elapsed time: 27.93 seconds; current allocated memory: 1.153 GB.
INFO: [HLS 200-10] ----------------------------------------------------------------
INFO: [HLS 200-10] -- Generating RTL for module 'myproject' 
INFO: [HLS 200-10] ----------------------------------------------------------------
INFO: [SYN 201-210] Renamed object name 'start_for_conv_2d_cl_array_ap_fixed_32u_array_ap_fixed_14_8_5_3_0_32u_config5_U0' to 'start_for_conv_2d_cl_array_ap_fixed_32u_array_ap_fixed_14_8_5_3_0_32u_config5clv' due to the length limit 80
INFO: [SYN 201-210] Renamed object name 'start_for_conv_2d_cl_array_ap_fixed_32u_array_ap_fixed_14_8_5_3_0_32u_config8_U0' to 'start_for_conv_2d_cl_array_ap_fixed_32u_array_ap_fixed_14_8_5_3_0_32u_config8cmv' due to the length limit 80
INFO: [RTGEN 206-100] Finished creating RTL model for 'myproject'.
INFO: [HLS 200-111]  Elapsed time: 1.92 seconds; current allocated memory: 1.164 GB.
INFO: [HLS 200-10] ----------------------------------------------------------------
INFO: [HLS 200-10] -- Generating RTL for module 'Block_myproject_axi_exit50_proc' 
INFO: [HLS 200-10] ----------------------------------------------------------------
INFO: [RTGEN 206-100] Finished creating RTL model for 'Block_myproject_axi_exit50_proc'.
INFO: [HLS 200-111]  Elapsed time: 8.35 seconds; current allocated memory: 1.175 GB.
INFO: [HLS 200-10] ----------------------------------------------------------------
INFO: [HLS 200-10] -- Generating RTL for module 'Loop_2_proc' 
INFO: [HLS 200-10] ----------------------------------------------------------------
INFO: [RTGEN 206-100] Generating core module 'myproject_axi_mux_104_14_1_1': 1 instance(s).
INFO: [RTGEN 206-100] Finished creating RTL model for 'Loop_2_proc'.
INFO: [HLS 200-111]  Elapsed time: 0.94 seconds; current allocated memory: 1.176 GB.
INFO: [HLS 200-10] ----------------------------------------------------------------
INFO: [HLS 200-10] -- Generating RTL for module 'myproject_axi' 
INFO: [HLS 200-10] ----------------------------------------------------------------
INFO: [RTGEN 206-500] Setting interface mode on port 'myproject_axi/in_data' to 'axis' (register, both mode).
INFO: [RTGEN 206-500] Setting interface mode on port 'myproject_axi/in_last_V' to 'axis' (register, both mode).
INFO: [RTGEN 206-500] Setting interface mode on port 'myproject_axi/out_data' to 'axis' (register, both mode).
INFO: [RTGEN 206-500] Setting interface mode on port 'myproject_axi/out_last_V' to 'axis' (register, both mode).
INFO: [RTGEN 206-500] Setting interface mode on function 'myproject_axi' to 'ap_ctrl_none'.
WARNING: [RTGEN 206-101] RTL name 'fifo_w14_d1_A' is changed to 'fifo_w14_d1_A_x' due to conflict.
WARNING: [HLS 200-631] Ignoring ap_ctrl_none interface for myproject_axi due to Block_myproject_axi_.exit50_proc with non-FIFO I/O
INFO: [RTGEN 206-100] Finished creating RTL model for 'myproject_axi'.
INFO: [HLS 200-111]  Elapsed time: 1.23 seconds; current allocated memory: 1.178 GB.
INFO: [HLS 200-790] **** Loop Constraint Status: All loop constraints were satisfied.
INFO: [HLS 200-789] **** Estimated Fmax: 116.00 MHz
INFO: [RTMG 210-279] Implementing memory 'conv_2d_cl_array_ap_ufixed_3u_array_ap_fixed_14_8_5_3_0_32u_config2_s_outidx4_rom' using auto ROMs.
INFO: [RTMG 210-279] Implementing memory 'conv_2d_cl_array_ap_ufixed_3u_array_ap_fixed_14_8_5_3_0_32u_config2_s_w2_V_rom' using auto ROMs.
INFO: [RTMG 210-279] Implementing memory 'conv_2d_cl_array_ap_fixed_32u_array_ap_fixed_14_8_5_3_0_32u_config5_s_outidx2_rom' using auto ROMs.
INFO: [RTMG 210-279] Implementing memory 'conv_2d_cl_array_ap_fixed_32u_array_ap_fixed_14_8_5_3_0_32u_config5_s_w5_V_rom' using auto ROMs.
INFO: [RTMG 210-279] Implementing memory 'conv_2d_cl_array_ap_fixed_32u_array_ap_fixed_14_8_5_3_0_32u_config8_s_w8_V_rom' using auto ROMs.
INFO: [RTMG 210-279] Implementing memory 'dense_wrapper_ap_fixed_8_4_0_0_0_ap_fixed_14_8_5_3_0_config12_s_w12_V_rom' using auto ROMs.
INFO: [RTMG 210-278] Implementing memory 'dense_wrapper_ap_fixed_8_4_0_0_0_ap_fixed_14_8_5_3_0_config12_s_outidx_1_ram (RAM)' using block RAMs.
INFO: [RTMG 210-285] Implementing FIFO 'layer2_out_V_data_0_V_U(fifo_w14_d64_A)' using Shift Registers.
INFO: [RTMG 210-285] Implementing FIFO 'layer2_out_V_data_1_V_U(fifo_w14_d64_A)' using Shift Registers.
INFO: [RTMG 210-285] Implementing FIFO 'layer2_out_V_data_2_V_U(fifo_w14_d64_A)' using Shift Registers.
INFO: [RTMG 210-285] Implementing FIFO 'layer2_out_V_data_3_V_U(fifo_w14_d64_A)' using Shift Registers.
INFO: [RTMG 210-285] Implementing FIFO 'layer2_out_V_data_4_V_U(fifo_w14_d64_A)' using Shift Registers.
INFO: [RTMG 210-285] Implementing FIFO 'layer2_out_V_data_5_V_U(fifo_w14_d64_A)' using Shift Registers.
INFO: [RTMG 210-285] Implementing FIFO 'layer2_out_V_data_6_V_U(fifo_w14_d64_A)' using Shift Registers.
INFO: [RTMG 210-285] Implementing FIFO 'layer2_out_V_data_7_V_U(fifo_w14_d64_A)' using Shift Registers.
INFO: [RTMG 210-285] Implementing FIFO 'layer2_out_V_data_8_V_U(fifo_w14_d64_A)' using Shift Registers.
INFO: [RTMG 210-285] Implementing FIFO 'layer2_out_V_data_9_V_U(fifo_w14_d64_A)' using Shift Registers.
INFO: [RTMG 210-285] Implementing FIFO 'layer2_out_V_data_10_V_U(fifo_w14_d64_A)' using Shift Registers.
INFO: [RTMG 210-285] Implementing FIFO 'layer2_out_V_data_11_V_U(fifo_w14_d64_A)' using Shift Registers.
INFO: [RTMG 210-285] Implementing FIFO 'layer2_out_V_data_12_V_U(fifo_w14_d64_A)' using Shift Registers.
INFO: [RTMG 210-285] Implementing FIFO 'layer2_out_V_data_13_V_U(fifo_w14_d64_A)' using Shift Registers.
INFO: [RTMG 210-285] Implementing FIFO 'layer2_out_V_data_14_V_U(fifo_w14_d64_A)' using Shift Registers.
INFO: [RTMG 210-285] Implementing FIFO 'layer2_out_V_data_15_V_U(fifo_w14_d64_A)' using Shift Registers.
INFO: [RTMG 210-285] Implementing FIFO 'layer2_out_V_data_16_V_U(fifo_w14_d64_A)' using Shift Registers.
INFO: [RTMG 210-285] Implementing FIFO 'layer2_out_V_data_17_V_U(fifo_w14_d64_A)' using Shift Registers.
INFO: [RTMG 210-285] Implementing FIFO 'layer2_out_V_data_18_V_U(fifo_w14_d64_A)' using Shift Registers.
INFO: [RTMG 210-285] Implementing FIFO 'layer2_out_V_data_19_V_U(fifo_w14_d64_A)' using Shift Registers.
INFO: [RTMG 210-285] Implementing FIFO 'layer2_out_V_data_20_V_U(fifo_w14_d64_A)' using Shift Registers.
INFO: [RTMG 210-285] Implementing FIFO 'layer2_out_V_data_21_V_U(fifo_w14_d64_A)' using Shift Registers.
INFO: [RTMG 210-285] Implementing FIFO 'layer2_out_V_data_22_V_U(fifo_w14_d64_A)' using Shift Registers.
INFO: [RTMG 210-285] Implementing FIFO 'layer2_out_V_data_23_V_U(fifo_w14_d64_A)' using Shift Registers.
INFO: [RTMG 210-285] Implementing FIFO 'layer2_out_V_data_24_V_U(fifo_w14_d64_A)' using Shift Registers.
INFO: [RTMG 210-285] Implementing FIFO 'layer2_out_V_data_25_V_U(fifo_w14_d64_A)' using Shift Registers.
INFO: [RTMG 210-285] Implementing FIFO 'layer2_out_V_data_26_V_U(fifo_w14_d64_A)' using Shift Registers.
INFO: [RTMG 210-285] Implementing FIFO 'layer2_out_V_data_27_V_U(fifo_w14_d64_A)' using Shift Registers.
INFO: [RTMG 210-285] Implementing FIFO 'layer2_out_V_data_28_V_U(fifo_w14_d64_A)' using Shift Registers.
INFO: [RTMG 210-285] Implementing FIFO 'layer2_out_V_data_29_V_U(fifo_w14_d64_A)' using Shift Registers.
INFO: [RTMG 210-285] Implementing FIFO 'layer2_out_V_data_30_V_U(fifo_w14_d64_A)' using Shift Registers.
INFO: [RTMG 210-285] Implementing FIFO 'layer2_out_V_data_31_V_U(fifo_w14_d64_A)' using Shift Registers.
INFO: [RTMG 210-285] Implementing FIFO 'layer4_out_V_data_0_V_U(fifo_w8_d64_A)' using Shift Registers.
INFO: [RTMG 210-285] Implementing FIFO 'layer4_out_V_data_1_V_U(fifo_w8_d64_A)' using Shift Registers.
INFO: [RTMG 210-285] Implementing FIFO 'layer4_out_V_data_2_V_U(fifo_w8_d64_A)' using Shift Registers.
INFO: [RTMG 210-285] Implementing FIFO 'layer4_out_V_data_3_V_U(fifo_w8_d64_A)' using Shift Registers.
INFO: [RTMG 210-285] Implementing FIFO 'layer4_out_V_data_4_V_U(fifo_w8_d64_A)' using Shift Registers.
INFO: [RTMG 210-285] Implementing FIFO 'layer4_out_V_data_5_V_U(fifo_w8_d64_A)' using Shift Registers.
INFO: [RTMG 210-285] Implementing FIFO 'layer4_out_V_data_6_V_U(fifo_w8_d64_A)' using Shift Registers.
INFO: [RTMG 210-285] Implementing FIFO 'layer4_out_V_data_7_V_U(fifo_w8_d64_A)' using Shift Registers.
INFO: [RTMG 210-285] Implementing FIFO 'layer4_out_V_data_8_V_U(fifo_w8_d64_A)' using Shift Registers.
INFO: [RTMG 210-285] Implementing FIFO 'layer4_out_V_data_9_V_U(fifo_w8_d64_A)' using Shift Registers.
INFO: [RTMG 210-285] Implementing FIFO 'layer4_out_V_data_10_V_U(fifo_w8_d64_A)' using Shift Registers.
INFO: [RTMG 210-285] Implementing FIFO 'layer4_out_V_data_11_V_U(fifo_w8_d64_A)' using Shift Registers.
INFO: [RTMG 210-285] Implementing FIFO 'layer4_out_V_data_12_V_U(fifo_w8_d64_A)' using Shift Registers.
INFO: [RTMG 210-285] Implementing FIFO 'layer4_out_V_data_13_V_U(fifo_w8_d64_A)' using Shift Registers.
INFO: [RTMG 210-285] Implementing FIFO 'layer4_out_V_data_14_V_U(fifo_w8_d64_A)' using Shift Registers.
INFO: [RTMG 210-285] Implementing FIFO 'layer4_out_V_data_15_V_U(fifo_w8_d64_A)' using Shift Registers.
INFO: [RTMG 210-285] Implementing FIFO 'layer4_out_V_data_16_V_U(fifo_w8_d64_A)' using Shift Registers.
INFO: [RTMG 210-285] Implementing FIFO 'layer4_out_V_data_17_V_U(fifo_w8_d64_A)' using Shift Registers.
INFO: [RTMG 210-285] Implementing FIFO 'layer4_out_V_data_18_V_U(fifo_w8_d64_A)' using Shift Registers.
INFO: [RTMG 210-285] Implementing FIFO 'layer4_out_V_data_19_V_U(fifo_w8_d64_A)' using Shift Registers.
INFO: [RTMG 210-285] Implementing FIFO 'layer4_out_V_data_20_V_U(fifo_w8_d64_A)' using Shift Registers.
INFO: [RTMG 210-285] Implementing FIFO 'layer4_out_V_data_21_V_U(fifo_w8_d64_A)' using Shift Registers.
INFO: [RTMG 210-285] Implementing FIFO 'layer4_out_V_data_22_V_U(fifo_w8_d64_A)' using Shift Registers.
INFO: [RTMG 210-285] Implementing FIFO 'layer4_out_V_data_23_V_U(fifo_w8_d64_A)' using Shift Registers.
INFO: [RTMG 210-285] Implementing FIFO 'layer4_out_V_data_24_V_U(fifo_w8_d64_A)' using Shift Registers.
INFO: [RTMG 210-285] Implementing FIFO 'layer4_out_V_data_25_V_U(fifo_w8_d64_A)' using Shift Registers.
INFO: [RTMG 210-285] Implementing FIFO 'layer4_out_V_data_26_V_U(fifo_w8_d64_A)' using Shift Registers.
INFO: [RTMG 210-285] Implementing FIFO 'layer4_out_V_data_27_V_U(fifo_w8_d64_A)' using Shift Registers.
INFO: [RTMG 210-285] Implementing FIFO 'layer4_out_V_data_28_V_U(fifo_w8_d64_A)' using Shift Registers.
INFO: [RTMG 210-285] Implementing FIFO 'layer4_out_V_data_29_V_U(fifo_w8_d64_A)' using Shift Registers.
INFO: [RTMG 210-285] Implementing FIFO 'layer4_out_V_data_30_V_U(fifo_w8_d64_A)' using Shift Registers.
INFO: [RTMG 210-285] Implementing FIFO 'layer4_out_V_data_31_V_U(fifo_w8_d64_A)' using Shift Registers.
INFO: [RTMG 210-285] Implementing FIFO 'layer14_out_V_data_0_V_U(fifo_w8_d100_A)' using Shift Registers.
INFO: [RTMG 210-285] Implementing FIFO 'layer14_out_V_data_1_V_U(fifo_w8_d100_A)' using Shift Registers.
INFO: [RTMG 210-285] Implementing FIFO 'layer14_out_V_data_2_V_U(fifo_w8_d100_A)' using Shift Registers.
INFO: [RTMG 210-285] Implementing FIFO 'layer14_out_V_data_3_V_U(fifo_w8_d100_A)' using Shift Registers.
INFO: [RTMG 210-285] Implementing FIFO 'layer14_out_V_data_4_V_U(fifo_w8_d100_A)' using Shift Registers.
INFO: [RTMG 210-285] Implementing FIFO 'layer14_out_V_data_5_V_U(fifo_w8_d100_A)' using Shift Registers.
INFO: [RTMG 210-285] Implementing FIFO 'layer14_out_V_data_6_V_U(fifo_w8_d100_A)' using Shift Registers.
INFO: [RTMG 210-285] Implementing FIFO 'layer14_out_V_data_7_V_U(fifo_w8_d100_A)' using Shift Registers.
INFO: [RTMG 210-285] Implementing FIFO 'layer14_out_V_data_8_V_U(fifo_w8_d100_A)' using Shift Registers.
INFO: [RTMG 210-285] Implementing FIFO 'layer14_out_V_data_9_V_U(fifo_w8_d100_A)' using Shift Registers.
INFO: [RTMG 210-285] Implementing FIFO 'layer14_out_V_data_10_V_U(fifo_w8_d100_A)' using Shift Registers.
INFO: [RTMG 210-285] Implementing FIFO 'layer14_out_V_data_11_V_U(fifo_w8_d100_A)' using Shift Registers.
INFO: [RTMG 210-285] Implementing FIFO 'layer14_out_V_data_12_V_U(fifo_w8_d100_A)' using Shift Registers.
INFO: [RTMG 210-285] Implementing FIFO 'layer14_out_V_data_13_V_U(fifo_w8_d100_A)' using Shift Registers.
INFO: [RTMG 210-285] Implementing FIFO 'layer14_out_V_data_14_V_U(fifo_w8_d100_A)' using Shift Registers.
INFO: [RTMG 210-285] Implementing FIFO 'layer14_out_V_data_15_V_U(fifo_w8_d100_A)' using Shift Registers.
INFO: [RTMG 210-285] Implementing FIFO 'layer14_out_V_data_16_V_U(fifo_w8_d100_A)' using Shift Registers.
INFO: [RTMG 210-285] Implementing FIFO 'layer14_out_V_data_17_V_U(fifo_w8_d100_A)' using Shift Registers.
INFO: [RTMG 210-285] Implementing FIFO 'layer14_out_V_data_18_V_U(fifo_w8_d100_A)' using Shift Registers.
INFO: [RTMG 210-285] Implementing FIFO 'layer14_out_V_data_19_V_U(fifo_w8_d100_A)' using Shift Registers.
INFO: [RTMG 210-285] Implementing FIFO 'layer14_out_V_data_20_V_U(fifo_w8_d100_A)' using Shift Registers.
INFO: [RTMG 210-285] Implementing FIFO 'layer14_out_V_data_21_V_U(fifo_w8_d100_A)' using Shift Registers.
INFO: [RTMG 210-285] Implementing FIFO 'layer14_out_V_data_22_V_U(fifo_w8_d100_A)' using Shift Registers.
INFO: [RTMG 210-285] Implementing FIFO 'layer14_out_V_data_23_V_U(fifo_w8_d100_A)' using Shift Registers.
INFO: [RTMG 210-285] Implementing FIFO 'layer14_out_V_data_24_V_U(fifo_w8_d100_A)' using Shift Registers.
INFO: [RTMG 210-285] Implementing FIFO 'layer14_out_V_data_25_V_U(fifo_w8_d100_A)' using Shift Registers.
INFO: [RTMG 210-285] Implementing FIFO 'layer14_out_V_data_26_V_U(fifo_w8_d100_A)' using Shift Registers.
INFO: [RTMG 210-285] Implementing FIFO 'layer14_out_V_data_27_V_U(fifo_w8_d100_A)' using Shift Registers.
INFO: [RTMG 210-285] Implementing FIFO 'layer14_out_V_data_28_V_U(fifo_w8_d100_A)' using Shift Registers.
INFO: [RTMG 210-285] Implementing FIFO 'layer14_out_V_data_29_V_U(fifo_w8_d100_A)' using Shift Registers.
INFO: [RTMG 210-285] Implementing FIFO 'layer14_out_V_data_30_V_U(fifo_w8_d100_A)' using Shift Registers.
INFO: [RTMG 210-285] Implementing FIFO 'layer14_out_V_data_31_V_U(fifo_w8_d100_A)' using Shift Registers.
INFO: [RTMG 210-285] Implementing FIFO 'layer5_out_V_data_0_V_U(fifo_w14_d64_A)' using Shift Registers.
INFO: [RTMG 210-285] Implementing FIFO 'layer5_out_V_data_1_V_U(fifo_w14_d64_A)' using Shift Registers.
INFO: [RTMG 210-285] Implementing FIFO 'layer5_out_V_data_2_V_U(fifo_w14_d64_A)' using Shift Registers.
INFO: [RTMG 210-285] Implementing FIFO 'layer5_out_V_data_3_V_U(fifo_w14_d64_A)' using Shift Registers.
INFO: [RTMG 210-285] Implementing FIFO 'layer5_out_V_data_4_V_U(fifo_w14_d64_A)' using Shift Registers.
INFO: [RTMG 210-285] Implementing FIFO 'layer5_out_V_data_5_V_U(fifo_w14_d64_A)' using Shift Registers.
INFO: [RTMG 210-285] Implementing FIFO 'layer5_out_V_data_6_V_U(fifo_w14_d64_A)' using Shift Registers.
INFO: [RTMG 210-285] Implementing FIFO 'layer5_out_V_data_7_V_U(fifo_w14_d64_A)' using Shift Registers.
INFO: [RTMG 210-285] Implementing FIFO 'layer5_out_V_data_8_V_U(fifo_w14_d64_A)' using Shift Registers.
INFO: [RTMG 210-285] Implementing FIFO 'layer5_out_V_data_9_V_U(fifo_w14_d64_A)' using Shift Registers.
INFO: [RTMG 210-285] Implementing FIFO 'layer5_out_V_data_10_V_U(fifo_w14_d64_A)' using Shift Registers.
INFO: [RTMG 210-285] Implementing FIFO 'layer5_out_V_data_11_V_U(fifo_w14_d64_A)' using Shift Registers.
INFO: [RTMG 210-285] Implementing FIFO 'layer5_out_V_data_12_V_U(fifo_w14_d64_A)' using Shift Registers.
INFO: [RTMG 210-285] Implementing FIFO 'layer5_out_V_data_13_V_U(fifo_w14_d64_A)' using Shift Registers.
INFO: [RTMG 210-285] Implementing FIFO 'layer5_out_V_data_14_V_U(fifo_w14_d64_A)' using Shift Registers.
INFO: [RTMG 210-285] Implementing FIFO 'layer5_out_V_data_15_V_U(fifo_w14_d64_A)' using Shift Registers.
INFO: [RTMG 210-285] Implementing FIFO 'layer5_out_V_data_16_V_U(fifo_w14_d64_A)' using Shift Registers.
INFO: [RTMG 210-285] Implementing FIFO 'layer5_out_V_data_17_V_U(fifo_w14_d64_A)' using Shift Registers.
INFO: [RTMG 210-285] Implementing FIFO 'layer5_out_V_data_18_V_U(fifo_w14_d64_A)' using Shift Registers.
INFO: [RTMG 210-285] Implementing FIFO 'layer5_out_V_data_19_V_U(fifo_w14_d64_A)' using Shift Registers.
INFO: [RTMG 210-285] Implementing FIFO 'layer5_out_V_data_20_V_U(fifo_w14_d64_A)' using Shift Registers.
INFO: [RTMG 210-285] Implementing FIFO 'layer5_out_V_data_21_V_U(fifo_w14_d64_A)' using Shift Registers.
INFO: [RTMG 210-285] Implementing FIFO 'layer5_out_V_data_22_V_U(fifo_w14_d64_A)' using Shift Registers.
INFO: [RTMG 210-285] Implementing FIFO 'layer5_out_V_data_23_V_U(fifo_w14_d64_A)' using Shift Registers.
INFO: [RTMG 210-285] Implementing FIFO 'layer5_out_V_data_24_V_U(fifo_w14_d64_A)' using Shift Registers.
INFO: [RTMG 210-285] Implementing FIFO 'layer5_out_V_data_25_V_U(fifo_w14_d64_A)' using Shift Registers.
INFO: [RTMG 210-285] Implementing FIFO 'layer5_out_V_data_26_V_U(fifo_w14_d64_A)' using Shift Registers.
INFO: [RTMG 210-285] Implementing FIFO 'layer5_out_V_data_27_V_U(fifo_w14_d64_A)' using Shift Registers.
INFO: [RTMG 210-285] Implementing FIFO 'layer5_out_V_data_28_V_U(fifo_w14_d64_A)' using Shift Registers.
INFO: [RTMG 210-285] Implementing FIFO 'layer5_out_V_data_29_V_U(fifo_w14_d64_A)' using Shift Registers.
INFO: [RTMG 210-285] Implementing FIFO 'layer5_out_V_data_30_V_U(fifo_w14_d64_A)' using Shift Registers.
INFO: [RTMG 210-285] Implementing FIFO 'layer5_out_V_data_31_V_U(fifo_w14_d64_A)' using Shift Registers.
INFO: [RTMG 210-285] Implementing FIFO 'layer7_out_V_data_0_V_U(fifo_w8_d64_A)' using Shift Registers.
INFO: [RTMG 210-285] Implementing FIFO 'layer7_out_V_data_1_V_U(fifo_w8_d64_A)' using Shift Registers.
INFO: [RTMG 210-285] Implementing FIFO 'layer7_out_V_data_2_V_U(fifo_w8_d64_A)' using Shift Registers.
INFO: [RTMG 210-285] Implementing FIFO 'layer7_out_V_data_3_V_U(fifo_w8_d64_A)' using Shift Registers.
INFO: [RTMG 210-285] Implementing FIFO 'layer7_out_V_data_4_V_U(fifo_w8_d64_A)' using Shift Registers.
INFO: [RTMG 210-285] Implementing FIFO 'layer7_out_V_data_5_V_U(fifo_w8_d64_A)' using Shift Registers.
INFO: [RTMG 210-285] Implementing FIFO 'layer7_out_V_data_6_V_U(fifo_w8_d64_A)' using Shift Registers.
INFO: [RTMG 210-285] Implementing FIFO 'layer7_out_V_data_7_V_U(fifo_w8_d64_A)' using Shift Registers.
INFO: [RTMG 210-285] Implementing FIFO 'layer7_out_V_data_8_V_U(fifo_w8_d64_A)' using Shift Registers.
INFO: [RTMG 210-285] Implementing FIFO 'layer7_out_V_data_9_V_U(fifo_w8_d64_A)' using Shift Registers.
INFO: [RTMG 210-285] Implementing FIFO 'layer7_out_V_data_10_V_U(fifo_w8_d64_A)' using Shift Registers.
INFO: [RTMG 210-285] Implementing FIFO 'layer7_out_V_data_11_V_U(fifo_w8_d64_A)' using Shift Registers.
INFO: [RTMG 210-285] Implementing FIFO 'layer7_out_V_data_12_V_U(fifo_w8_d64_A)' using Shift Registers.
INFO: [RTMG 210-285] Implementing FIFO 'layer7_out_V_data_13_V_U(fifo_w8_d64_A)' using Shift Registers.
INFO: [RTMG 210-285] Implementing FIFO 'layer7_out_V_data_14_V_U(fifo_w8_d64_A)' using Shift Registers.
INFO: [RTMG 210-285] Implementing FIFO 'layer7_out_V_data_15_V_U(fifo_w8_d64_A)' using Shift Registers.
INFO: [RTMG 210-285] Implementing FIFO 'layer7_out_V_data_16_V_U(fifo_w8_d64_A)' using Shift Registers.
INFO: [RTMG 210-285] Implementing FIFO 'layer7_out_V_data_17_V_U(fifo_w8_d64_A)' using Shift Registers.
INFO: [RTMG 210-285] Implementing FIFO 'layer7_out_V_data_18_V_U(fifo_w8_d64_A)' using Shift Registers.
INFO: [RTMG 210-285] Implementing FIFO 'layer7_out_V_data_19_V_U(fifo_w8_d64_A)' using Shift Registers.
INFO: [RTMG 210-285] Implementing FIFO 'layer7_out_V_data_20_V_U(fifo_w8_d64_A)' using Shift Registers.
INFO: [RTMG 210-285] Implementing FIFO 'layer7_out_V_data_21_V_U(fifo_w8_d64_A)' using Shift Registers.
INFO: [RTMG 210-285] Implementing FIFO 'layer7_out_V_data_22_V_U(fifo_w8_d64_A)' using Shift Registers.
INFO: [RTMG 210-285] Implementing FIFO 'layer7_out_V_data_23_V_U(fifo_w8_d64_A)' using Shift Registers.
INFO: [RTMG 210-285] Implementing FIFO 'layer7_out_V_data_24_V_U(fifo_w8_d64_A)' using Shift Registers.
INFO: [RTMG 210-285] Implementing FIFO 'layer7_out_V_data_25_V_U(fifo_w8_d64_A)' using Shift Registers.
INFO: [RTMG 210-285] Implementing FIFO 'layer7_out_V_data_26_V_U(fifo_w8_d64_A)' using Shift Registers.
INFO: [RTMG 210-285] Implementing FIFO 'layer7_out_V_data_27_V_U(fifo_w8_d64_A)' using Shift Registers.
INFO: [RTMG 210-285] Implementing FIFO 'layer7_out_V_data_28_V_U(fifo_w8_d64_A)' using Shift Registers.
INFO: [RTMG 210-285] Implementing FIFO 'layer7_out_V_data_29_V_U(fifo_w8_d64_A)' using Shift Registers.
INFO: [RTMG 210-285] Implementing FIFO 'layer7_out_V_data_30_V_U(fifo_w8_d64_A)' using Shift Registers.
INFO: [RTMG 210-285] Implementing FIFO 'layer7_out_V_data_31_V_U(fifo_w8_d64_A)' using Shift Registers.
INFO: [RTMG 210-285] Implementing FIFO 'layer15_out_V_data_0_V_U(fifo_w8_d100_A)' using Shift Registers.
INFO: [RTMG 210-285] Implementing FIFO 'layer15_out_V_data_1_V_U(fifo_w8_d100_A)' using Shift Registers.
INFO: [RTMG 210-285] Implementing FIFO 'layer15_out_V_data_2_V_U(fifo_w8_d100_A)' using Shift Registers.
INFO: [RTMG 210-285] Implementing FIFO 'layer15_out_V_data_3_V_U(fifo_w8_d100_A)' using Shift Registers.
INFO: [RTMG 210-285] Implementing FIFO 'layer15_out_V_data_4_V_U(fifo_w8_d100_A)' using Shift Registers.
INFO: [RTMG 210-285] Implementing FIFO 'layer15_out_V_data_5_V_U(fifo_w8_d100_A)' using Shift Registers.
INFO: [RTMG 210-285] Implementing FIFO 'layer15_out_V_data_6_V_U(fifo_w8_d100_A)' using Shift Registers.
INFO: [RTMG 210-285] Implementing FIFO 'layer15_out_V_data_7_V_U(fifo_w8_d100_A)' using Shift Registers.
INFO: [RTMG 210-285] Implementing FIFO 'layer15_out_V_data_8_V_U(fifo_w8_d100_A)' using Shift Registers.
INFO: [RTMG 210-285] Implementing FIFO 'layer15_out_V_data_9_V_U(fifo_w8_d100_A)' using Shift Registers.
INFO: [RTMG 210-285] Implementing FIFO 'layer15_out_V_data_10_V_U(fifo_w8_d100_A)' using Shift Registers.
INFO: [RTMG 210-285] Implementing FIFO 'layer15_out_V_data_11_V_U(fifo_w8_d100_A)' using Shift Registers.
INFO: [RTMG 210-285] Implementing FIFO 'layer15_out_V_data_12_V_U(fifo_w8_d100_A)' using Shift Registers.
INFO: [RTMG 210-285] Implementing FIFO 'layer15_out_V_data_13_V_U(fifo_w8_d100_A)' using Shift Registers.
INFO: [RTMG 210-285] Implementing FIFO 'layer15_out_V_data_14_V_U(fifo_w8_d100_A)' using Shift Registers.
INFO: [RTMG 210-285] Implementing FIFO 'layer15_out_V_data_15_V_U(fifo_w8_d100_A)' using Shift Registers.
INFO: [RTMG 210-285] Implementing FIFO 'layer15_out_V_data_16_V_U(fifo_w8_d100_A)' using Shift Registers.
INFO: [RTMG 210-285] Implementing FIFO 'layer15_out_V_data_17_V_U(fifo_w8_d100_A)' using Shift Registers.
INFO: [RTMG 210-285] Implementing FIFO 'layer15_out_V_data_18_V_U(fifo_w8_d100_A)' using Shift Registers.
INFO: [RTMG 210-285] Implementing FIFO 'layer15_out_V_data_19_V_U(fifo_w8_d100_A)' using Shift Registers.
INFO: [RTMG 210-285] Implementing FIFO 'layer15_out_V_data_20_V_U(fifo_w8_d100_A)' using Shift Registers.
INFO: [RTMG 210-285] Implementing FIFO 'layer15_out_V_data_21_V_U(fifo_w8_d100_A)' using Shift Registers.
INFO: [RTMG 210-285] Implementing FIFO 'layer15_out_V_data_22_V_U(fifo_w8_d100_A)' using Shift Registers.
INFO: [RTMG 210-285] Implementing FIFO 'layer15_out_V_data_23_V_U(fifo_w8_d100_A)' using Shift Registers.
INFO: [RTMG 210-285] Implementing FIFO 'layer15_out_V_data_24_V_U(fifo_w8_d100_A)' using Shift Registers.
INFO: [RTMG 210-285] Implementing FIFO 'layer15_out_V_data_25_V_U(fifo_w8_d100_A)' using Shift Registers.
INFO: [RTMG 210-285] Implementing FIFO 'layer15_out_V_data_26_V_U(fifo_w8_d100_A)' using Shift Registers.
INFO: [RTMG 210-285] Implementing FIFO 'layer15_out_V_data_27_V_U(fifo_w8_d100_A)' using Shift Registers.
INFO: [RTMG 210-285] Implementing FIFO 'layer15_out_V_data_28_V_U(fifo_w8_d100_A)' using Shift Registers.
INFO: [RTMG 210-285] Implementing FIFO 'layer15_out_V_data_29_V_U(fifo_w8_d100_A)' using Shift Registers.
INFO: [RTMG 210-285] Implementing FIFO 'layer15_out_V_data_30_V_U(fifo_w8_d100_A)' using Shift Registers.
INFO: [RTMG 210-285] Implementing FIFO 'layer15_out_V_data_31_V_U(fifo_w8_d100_A)' using Shift Registers.
INFO: [RTMG 210-285] Implementing FIFO 'layer8_out_V_data_0_V_U(fifo_w14_d64_A)' using Shift Registers.
INFO: [RTMG 210-285] Implementing FIFO 'layer8_out_V_data_1_V_U(fifo_w14_d64_A)' using Shift Registers.
INFO: [RTMG 210-285] Implementing FIFO 'layer8_out_V_data_2_V_U(fifo_w14_d64_A)' using Shift Registers.
INFO: [RTMG 210-285] Implementing FIFO 'layer8_out_V_data_3_V_U(fifo_w14_d64_A)' using Shift Registers.
INFO: [RTMG 210-285] Implementing FIFO 'layer8_out_V_data_4_V_U(fifo_w14_d64_A)' using Shift Registers.
INFO: [RTMG 210-285] Implementing FIFO 'layer8_out_V_data_5_V_U(fifo_w14_d64_A)' using Shift Registers.
INFO: [RTMG 210-285] Implementing FIFO 'layer8_out_V_data_6_V_U(fifo_w14_d64_A)' using Shift Registers.
INFO: [RTMG 210-285] Implementing FIFO 'layer8_out_V_data_7_V_U(fifo_w14_d64_A)' using Shift Registers.
INFO: [RTMG 210-285] Implementing FIFO 'layer8_out_V_data_8_V_U(fifo_w14_d64_A)' using Shift Registers.
INFO: [RTMG 210-285] Implementing FIFO 'layer8_out_V_data_9_V_U(fifo_w14_d64_A)' using Shift Registers.
INFO: [RTMG 210-285] Implementing FIFO 'layer8_out_V_data_10_V_U(fifo_w14_d64_A)' using Shift Registers.
INFO: [RTMG 210-285] Implementing FIFO 'layer8_out_V_data_11_V_U(fifo_w14_d64_A)' using Shift Registers.
INFO: [RTMG 210-285] Implementing FIFO 'layer8_out_V_data_12_V_U(fifo_w14_d64_A)' using Shift Registers.
INFO: [RTMG 210-285] Implementing FIFO 'layer8_out_V_data_13_V_U(fifo_w14_d64_A)' using Shift Registers.
INFO: [RTMG 210-285] Implementing FIFO 'layer8_out_V_data_14_V_U(fifo_w14_d64_A)' using Shift Registers.
INFO: [RTMG 210-285] Implementing FIFO 'layer8_out_V_data_15_V_U(fifo_w14_d64_A)' using Shift Registers.
INFO: [RTMG 210-285] Implementing FIFO 'layer8_out_V_data_16_V_U(fifo_w14_d64_A)' using Shift Registers.
INFO: [RTMG 210-285] Implementing FIFO 'layer8_out_V_data_17_V_U(fifo_w14_d64_A)' using Shift Registers.
INFO: [RTMG 210-285] Implementing FIFO 'layer8_out_V_data_18_V_U(fifo_w14_d64_A)' using Shift Registers.
INFO: [RTMG 210-285] Implementing FIFO 'layer8_out_V_data_19_V_U(fifo_w14_d64_A)' using Shift Registers.
INFO: [RTMG 210-285] Implementing FIFO 'layer8_out_V_data_20_V_U(fifo_w14_d64_A)' using Shift Registers.
INFO: [RTMG 210-285] Implementing FIFO 'layer8_out_V_data_21_V_U(fifo_w14_d64_A)' using Shift Registers.
INFO: [RTMG 210-285] Implementing FIFO 'layer8_out_V_data_22_V_U(fifo_w14_d64_A)' using Shift Registers.
INFO: [RTMG 210-285] Implementing FIFO 'layer8_out_V_data_23_V_U(fifo_w14_d64_A)' using Shift Registers.
INFO: [RTMG 210-285] Implementing FIFO 'layer8_out_V_data_24_V_U(fifo_w14_d64_A)' using Shift Registers.
INFO: [RTMG 210-285] Implementing FIFO 'layer8_out_V_data_25_V_U(fifo_w14_d64_A)' using Shift Registers.
INFO: [RTMG 210-285] Implementing FIFO 'layer8_out_V_data_26_V_U(fifo_w14_d64_A)' using Shift Registers.
INFO: [RTMG 210-285] Implementing FIFO 'layer8_out_V_data_27_V_U(fifo_w14_d64_A)' using Shift Registers.
INFO: [RTMG 210-285] Implementing FIFO 'layer8_out_V_data_28_V_U(fifo_w14_d64_A)' using Shift Registers.
INFO: [RTMG 210-285] Implementing FIFO 'layer8_out_V_data_29_V_U(fifo_w14_d64_A)' using Shift Registers.
INFO: [RTMG 210-285] Implementing FIFO 'layer8_out_V_data_30_V_U(fifo_w14_d64_A)' using Shift Registers.
INFO: [RTMG 210-285] Implementing FIFO 'layer8_out_V_data_31_V_U(fifo_w14_d64_A)' using Shift Registers.
INFO: [RTMG 210-285] Implementing FIFO 'layer10_out_V_data_0_V_U(fifo_w8_d64_A)' using Shift Registers.
INFO: [RTMG 210-285] Implementing FIFO 'layer10_out_V_data_1_V_U(fifo_w8_d64_A)' using Shift Registers.
INFO: [RTMG 210-285] Implementing FIFO 'layer10_out_V_data_2_V_U(fifo_w8_d64_A)' using Shift Registers.
INFO: [RTMG 210-285] Implementing FIFO 'layer10_out_V_data_3_V_U(fifo_w8_d64_A)' using Shift Registers.
INFO: [RTMG 210-285] Implementing FIFO 'layer10_out_V_data_4_V_U(fifo_w8_d64_A)' using Shift Registers.
INFO: [RTMG 210-285] Implementing FIFO 'layer10_out_V_data_5_V_U(fifo_w8_d64_A)' using Shift Registers.
INFO: [RTMG 210-285] Implementing FIFO 'layer10_out_V_data_6_V_U(fifo_w8_d64_A)' using Shift Registers.
INFO: [RTMG 210-285] Implementing FIFO 'layer10_out_V_data_7_V_U(fifo_w8_d64_A)' using Shift Registers.
INFO: [RTMG 210-285] Implementing FIFO 'layer10_out_V_data_8_V_U(fifo_w8_d64_A)' using Shift Registers.
INFO: [RTMG 210-285] Implementing FIFO 'layer10_out_V_data_9_V_U(fifo_w8_d64_A)' using Shift Registers.
INFO: [RTMG 210-285] Implementing FIFO 'layer10_out_V_data_10_V_U(fifo_w8_d64_A)' using Shift Registers.
INFO: [RTMG 210-285] Implementing FIFO 'layer10_out_V_data_11_V_U(fifo_w8_d64_A)' using Shift Registers.
INFO: [RTMG 210-285] Implementing FIFO 'layer10_out_V_data_12_V_U(fifo_w8_d64_A)' using Shift Registers.
INFO: [RTMG 210-285] Implementing FIFO 'layer10_out_V_data_13_V_U(fifo_w8_d64_A)' using Shift Registers.
INFO: [RTMG 210-285] Implementing FIFO 'layer10_out_V_data_14_V_U(fifo_w8_d64_A)' using Shift Registers.
INFO: [RTMG 210-285] Implementing FIFO 'layer10_out_V_data_15_V_U(fifo_w8_d64_A)' using Shift Registers.
INFO: [RTMG 210-285] Implementing FIFO 'layer10_out_V_data_16_V_U(fifo_w8_d64_A)' using Shift Registers.
INFO: [RTMG 210-285] Implementing FIFO 'layer10_out_V_data_17_V_U(fifo_w8_d64_A)' using Shift Registers.
INFO: [RTMG 210-285] Implementing FIFO 'layer10_out_V_data_18_V_U(fifo_w8_d64_A)' using Shift Registers.
INFO: [RTMG 210-285] Implementing FIFO 'layer10_out_V_data_19_V_U(fifo_w8_d64_A)' using Shift Registers.
INFO: [RTMG 210-285] Implementing FIFO 'layer10_out_V_data_20_V_U(fifo_w8_d64_A)' using Shift Registers.
INFO: [RTMG 210-285] Implementing FIFO 'layer10_out_V_data_21_V_U(fifo_w8_d64_A)' using Shift Registers.
INFO: [RTMG 210-285] Implementing FIFO 'layer10_out_V_data_22_V_U(fifo_w8_d64_A)' using Shift Registers.
INFO: [RTMG 210-285] Implementing FIFO 'layer10_out_V_data_23_V_U(fifo_w8_d64_A)' using Shift Registers.
INFO: [RTMG 210-285] Implementing FIFO 'layer10_out_V_data_24_V_U(fifo_w8_d64_A)' using Shift Registers.
INFO: [RTMG 210-285] Implementing FIFO 'layer10_out_V_data_25_V_U(fifo_w8_d64_A)' using Shift Registers.
INFO: [RTMG 210-285] Implementing FIFO 'layer10_out_V_data_26_V_U(fifo_w8_d64_A)' using Shift Registers.
INFO: [RTMG 210-285] Implementing FIFO 'layer10_out_V_data_27_V_U(fifo_w8_d64_A)' using Shift Registers.
INFO: [RTMG 210-285] Implementing FIFO 'layer10_out_V_data_28_V_U(fifo_w8_d64_A)' using Shift Registers.
INFO: [RTMG 210-285] Implementing FIFO 'layer10_out_V_data_29_V_U(fifo_w8_d64_A)' using Shift Registers.
INFO: [RTMG 210-285] Implementing FIFO 'layer10_out_V_data_30_V_U(fifo_w8_d64_A)' using Shift Registers.
INFO: [RTMG 210-285] Implementing FIFO 'layer10_out_V_data_31_V_U(fifo_w8_d64_A)' using Shift Registers.
INFO: [RTMG 210-285] Implementing FIFO 'start_for_relu_array_ap_fixed_32u_array_ap_fixed_8_4_0_0_0_32u_relu_config4_U0_U(start_for_relu_array_ap_fixed_32u_array_ap_fixed_8_4_0_0_0_32u_relu_config4_U0)' using Shift Registers.
INFO: [RTMG 210-285] Implementing FIFO 'start_for_zeropad2d_cl_array_array_ap_fixed_8_4_0_0_0_32u_config14_U0_U(start_for_zeropad2d_cl_array_array_ap_fixed_8_4_0_0_0_32u_config14_U0)' using Shift Registers.
INFO: [RTMG 210-285] Implementing FIFO 'start_for_conv_2d_cl_array_ap_fixed_32u_array_ap_fixed_14_8_5_3_0_32u_config5clv_U(start_for_conv_2d_cl_array_ap_fixed_32u_array_ap_fixed_14_8_5_3_0_32u_config5clv)' using Shift Registers.
INFO: [RTMG 210-285] Implementing FIFO 'start_for_relu_array_ap_fixed_32u_array_ap_fixed_8_4_0_0_0_32u_relu_config7_U0_U(start_for_relu_array_ap_fixed_32u_array_ap_fixed_8_4_0_0_0_32u_relu_config7_U0)' using Shift Registers.
INFO: [RTMG 210-285] Implementing FIFO 'start_for_zeropad2d_cl_array_array_ap_fixed_8_4_0_0_0_32u_config15_U0_U(start_for_zeropad2d_cl_array_array_ap_fixed_8_4_0_0_0_32u_config15_U0)' using Shift Registers.
INFO: [RTMG 210-285] Implementing FIFO 'start_for_conv_2d_cl_array_ap_fixed_32u_array_ap_fixed_14_8_5_3_0_32u_config8cmv_U(start_for_conv_2d_cl_array_ap_fixed_32u_array_ap_fixed_14_8_5_3_0_32u_config8cmv)' using Shift Registers.
INFO: [RTMG 210-285] Implementing FIFO 'start_for_relu_array_ap_fixed_32u_array_ap_fixed_8_4_0_0_0_32u_relu_config10_U0_U(start_for_relu_array_ap_fixed_32u_array_ap_fixed_8_4_0_0_0_32u_relu_config10_U0)' using Shift Registers.
INFO: [RTMG 210-285] Implementing FIFO 'start_for_dense_array_ap_fixed_32u_array_ap_fixed_14_8_5_3_0_10u_config12_U0_U(start_for_dense_array_ap_fixed_32u_array_ap_fixed_14_8_5_3_0_10u_config12_U0)' using Shift Registers.
INFO: [RTMG 210-285] Implementing FIFO 'start_for_linear_array_array_ap_fixed_14_6_5_3_0_10u_linear_config13_U0_U(start_for_linear_array_array_ap_fixed_14_6_5_3_0_10u_linear_config13_U0)' using Shift Registers.
INFO: [RTMG 210-285] Implementing FIFO 'in_local_V_data_0_V_U(fifo_w8_d1024_A)' using Block RAMs.
INFO: [RTMG 210-285] Implementing FIFO 'in_local_V_data_1_V_U(fifo_w8_d1024_A)' using Block RAMs.
INFO: [RTMG 210-285] Implementing FIFO 'in_local_V_data_2_V_U(fifo_w8_d1024_A)' using Block RAMs.
INFO: [RTMG 210-285] Implementing FIFO 'is_last_0_i_loc_channel_U(fifo_w1_d2_A)' using Shift Registers.
INFO: [RTMG 210-285] Implementing FIFO 'tmp_data_V_0_U(fifo_w14_d2_A)' using Shift Registers.
INFO: [RTMG 210-285] Implementing FIFO 'tmp_data_V_1_U(fifo_w14_d2_A)' using Shift Registers.
INFO: [RTMG 210-285] Implementing FIFO 'tmp_data_V_2_U(fifo_w14_d2_A)' using Shift Registers.
INFO: [RTMG 210-285] Implementing FIFO 'tmp_data_V_3_U(fifo_w14_d2_A)' using Shift Registers.
INFO: [RTMG 210-285] Implementing FIFO 'tmp_data_V_4_U(fifo_w14_d2_A)' using Shift Registers.
INFO: [RTMG 210-285] Implementing FIFO 'tmp_data_V_5_U(fifo_w14_d2_A)' using Shift Registers.
INFO: [RTMG 210-285] Implementing FIFO 'tmp_data_V_6_U(fifo_w14_d2_A)' using Shift Registers.
INFO: [RTMG 210-285] Implementing FIFO 'tmp_data_V_7_U(fifo_w14_d2_A)' using Shift Registers.
INFO: [RTMG 210-285] Implementing FIFO 'tmp_data_V_8_U(fifo_w14_d2_A)' using Shift Registers.
INFO: [RTMG 210-285] Implementing FIFO 'tmp_data_V_9_U(fifo_w14_d2_A)' using Shift Registers.
INFO: [RTMG 210-285] Implementing FIFO 'start_for_myproject_U0_U(start_for_myproject_U0)' using Shift Registers.
INFO: [RTMG 210-285] Implementing FIFO 'start_for_Block_myproject_axi_exit50_proc_U0_U(start_for_Block_myproject_axi_exit50_proc_U0)' using Shift Registers.
INFO: [HLS 200-111] Finished generating all RTL models Time (s): cpu = 00:15:29 ; elapsed = 00:16:00 . Memory (MB): peak = 3483.082 ; gain = 2956.723 ; free physical = 15354 ; free virtual = 153627
INFO: [VHDL 208-304] Generating VHDL RTL for myproject_axi.
INFO: [VLOG 209-307] Generating Verilog RTL for myproject_axi.
***** C/RTL SYNTHESIS COMPLETED IN 0h14m42s *****
***** EXPORT IP *****
INFO: [IMPL 213-8] Exporting RTL as a Vivado IP.

****** Vivado v2020.1 (64-bit)
  **** SW Build 2902540 on Wed May 27 19:54:35 MDT 2020
  **** IP Build 2902112 on Wed May 27 22:43:36 MDT 2020
    ** Copyright 1986-2020 Xilinx, Inc. All Rights Reserved.

source run_ippack.tcl -notrace
INFO: [IP_Flow 19-234] Refreshing IP repositories
INFO: [IP_Flow 19-1704] No user IP repositories specified
INFO: [IP_Flow 19-2313] Loaded Vivado IP repository '/data/Xilinx/Vivado/2020.1/data/ip'.
WARNING: [IP_Flow 19-4832] The IP name 'myproject_axi_ap_fpext_0_no_dsp_32' you have specified is long. The Windows operating system has path length limitations. It is recommended you use shorter names to reduce the likelihood of issues.
INFO: [IP_Flow 19-1686] Generating 'Synthesis' target for IP 'myproject_axi_ap_fpext_0_no_dsp_32'...
INFO: [IP_Flow 19-1686] Generating 'Simulation' target for IP 'myproject_axi_ap_fpext_0_no_dsp_32'...
INFO: [IP_Flow 19-234] Refreshing IP repositories
INFO: [IP_Flow 19-1704] No user IP repositories specified
INFO: [IP_Flow 19-2313] Loaded Vivado IP repository '/data/Xilinx/Vivado/2020.1/data/ip'.
INFO: [Common 17-206] Exiting Vivado at Thu Jul 11 17:10:08 2024...
***** EXPORT IP COMPLETED IN 0h0m26s *****
INFO: [HLS 200-112] Total elapsed time: 987.67 seconds; peak allocated memory: 1.178 GB.
INFO: [Common 17-206] Exiting vivado_hls at Thu Jul 11 17:10:19 2024...
